time,latitude,longitude,depth,mag,magType,nst,gap,dmin,rms,net,id,updated,place,type,horizontalError,depthError,magError,magNst,status,locationSource,magSource
2003-12-27T23:58:37.000Z,35.6125,-120.982,1.413,1.74,md,11,142,0.0982,0.04,nc,nc21325716,2017-01-04T23:03:38.679Z,"10 km ENE of Cambria, California",earthquake,0.31,1.47,0.05,3,reviewed,nc,nc
2003-12-27T23:53:19.810Z,35.6413333,-120.9371667,6.372,2.09,md,25,62,0.1099,0.13,nc,nc21325715,2017-01-04T23:03:34.965Z,"10 km SSW of Lake Nacimiento, California",earthquake,0.27,0.84,0.17,15,reviewed,nc,nc
2003-12-27T23:42:19.950Z,35.6601667,-121.1038333,5.413,1.35,md,14,170,0.04595,0.04,nc,nc21325708,2017-01-04T23:03:31.136Z,"8 km ENE of San Simeon, California",earthquake,0.64,0.3,0.16,6,reviewed,nc,nc
2003-12-27T23:39:42.660Z,35.5991667,-120.8856667,5.395,1.13,md,15,164,0.04505,0.06,nc,nc21325704,2017-01-04T23:03:27.563Z,"14 km S of Lake Nacimiento, California",earthquake,0.44,0.31,0.17,2,reviewed,nc,nc
2003-12-27T23:37:10.950Z,35.7133333,-121.083,7.213,1.36,md,5,130,0.06577,0.03,nc,nc30227381,2017-01-04T23:03:24.161Z,"11 km WSW of Oak Shores, California",earthquake,0.44,0.98,,1,reviewed,nc,nc
2003-12-27T23:36:52.390Z,35.7156667,-121.0818333,5.473,1.32,md,9,129,0.06757,0.03,nc,nc21325701,2017-01-04T23:03:20.674Z,"11 km WSW of Oak Shores, California",earthquake,0.31,0.63,0.11,5,reviewed,nc,nc
2003-12-27T23:30:47.860Z,35.6473333,-121.092,5.137,1.5,md,5,257,0.06126,0.07,nc,nc21325685,2017-01-04T23:03:17.186Z,"8 km E of San Simeon, California",earthquake,1.41,0.86,0.12,2,reviewed,nc,nc
2003-12-27T23:25:17.990Z,35.6896667,-121.1086667,4.703,1.55,md,12,127,0.03784,0.05,nc,nc21325675,2017-01-04T23:03:14.042Z,"9 km NE of San Simeon, California",earthquake,0.42,0.75,0.06,6,reviewed,nc,nc
2003-12-27T22:59:47.920Z,35.6451667,-120.9621667,2.823,1.65,md,15,115,0.07838,0.04,nc,nc21325683,2017-01-04T23:03:07.437Z,"11 km SW of Lake Nacimiento, California",earthquake,0.4,0.59,0.13,4,reviewed,nc,nc
2003-12-27T22:53:18.750Z,35.6596667,-121.0953333,4.823,1.49,md,6,245,0.05225,0.02,nc,nc21325682,2017-01-04T23:03:03.854Z,"8 km ENE of San Simeon, California",earthquake,1.17,0.51,0.16,3,reviewed,nc,nc
2003-12-27T22:49:17.460Z,35.7313333,-121.0853333,4.662,2.26,md,17,56,0.07477,0.06,nc,nc21325681,2017-01-04T23:03:00.744Z,"Near the coast of Central California",earthquake,0.19,0.51,0.23,18,reviewed,nc,nc
2003-12-27T22:47:17.710Z,35.6051667,-120.9418333,5.183,2.27,md,7,227,0.07658,0.06,nc,nc68007244,2017-01-04T23:02:57.458Z,"13 km ENE of Cambria, California",earthquake,0.78,0.71,0.15,8,reviewed,nc,nc
2003-12-27T22:44:05.910Z,35.547,-120.8635,3.12,2.05,md,37,39,0.03784,0.18,nc,nc21325677,2017-01-04T23:02:53.890Z,"11 km NNE of Cayucos, California",earthquake,0.24,0.59,0.12,15,reviewed,nc,nc
2003-12-27T22:30:32.840Z,35.6706667,-121.1053333,5.476,2.26,md,6,186,0.07117,0.02,nc,nc68007242,2017-01-04T23:02:50.304Z,"8 km ENE of San Simeon, California",earthquake,1.02,1,0.09,5,reviewed,nc,nc
2003-12-27T22:30:14.120Z,35.6645,-121.1108333,6.056,2.08,md,13,182,0.06577,0.05,nc,nc68007241,2017-01-04T23:02:47.247Z,"7 km ENE of San Simeon, California",earthquake,0.78,0.52,0.07,2,reviewed,nc,nc
2003-12-27T22:26:33.950Z,35.6455,-121.0913333,3.908,2.81,md,50,111,0.04505,0.08,nc,nc21325631,2017-01-04T23:02:42.740Z,"9 km E of San Simeon, California",earthquake,0.14,0.32,0.11,54,reviewed,nc,nc
2003-12-27T22:16:40.200Z,35.6645,-121.1278333,4.476,2.09,md,8,177,0.06937,0.09,nc,nc68007239,2017-01-04T23:02:35.988Z,"6 km ENE of San Simeon, California",earthquake,1.35,0.93,0.09,4,reviewed,nc,nc
2003-12-27T22:15:53.730Z,35.664,-121.1023333,5.428,2.59,md,45,116,0.04595,0.07,nc,nc21325621,2017-01-04T23:02:31.520Z,"8 km ENE of San Simeon, California",earthquake,0.16,0.53,0.11,48,reviewed,nc,nc
2003-12-27T22:09:24.110Z,35.664,-121.1083333,6.156,2.11,md,10,182,0.06486,0.03,nc,nc68007237,2017-01-04T23:02:24.696Z,"7 km ENE of San Simeon, California",earthquake,0.91,0.65,0.14,7,reviewed,nc,nc
2003-12-27T22:01:27.040Z,35.5461667,-120.8205,5.61,1.32,md,13,177,0.1018,0.02,nc,nc21325617,2017-01-04T23:02:21.521Z,"10 km W of Templeton, California",earthquake,0.81,0.72,,1,reviewed,nc,nc
2003-12-27T21:55:22.330Z,35.5696667,-120.8251667,3.513,1.99,md,13,204,0.07568,0.24,nc,nc68007236,2017-01-04T23:02:18.013Z,"11 km WNW of Templeton, California",earthquake,0.82,1.5,0.15,7,reviewed,nc,nc
2003-12-27T21:50:57.710Z,35.627,-121.0393333,9.426,2.33,md,29,77,0.05225,0.25,nc,nc21325625,2017-01-04T23:02:11.398Z,"7 km NNE of Cambria, California",earthquake,0.43,1.03,0.26,23,reviewed,nc,nc
2003-12-27T21:45:27.600Z,35.6705,-121.0993333,4.953,1.44,md,17,117,0.04595,0.04,nc,nc21325623,2017-01-04T23:02:03.937Z,"8 km ENE of San Simeon, California",earthquake,0.47,0.76,0.08,6,reviewed,nc,nc
2003-12-27T21:39:44.430Z,35.6556667,-121.1025,3.734,1.99,md,24,120,0.04955,0.05,nc,nc21325622,2017-01-04T23:01:57.215Z,"8 km E of San Simeon, California",earthquake,0.17,0.37,0.13,13,reviewed,nc,nc
2003-12-27T21:36:11.890Z,35.6636667,-121.1036667,6.826,2.19,md,11,183,0.06396,0.06,nc,nc68007233,2017-01-04T23:01:53.670Z,"8 km ENE of San Simeon, California",earthquake,1.05,0.69,0.21,9,reviewed,nc,nc
2003-12-27T21:29:39.090Z,35.6605,-121.1136667,6.346,3.87,md,15,179,0.06216,0.08,nc,nc68007232,2017-01-04T23:01:50.496Z,"7 km ENE of San Simeon, California",earthquake,1,0.56,0.04,3,reviewed,nc,nc
2003-12-27T21:15:21.980Z,35.6015,-120.9451667,3.673,1.71,md,8,171,0.07568,0.08,nc,nc21325657,2017-01-04T23:01:46.881Z,"12 km ENE of Cambria, California",earthquake,0.71,1.13,0.11,2,reviewed,nc,nc
2003-12-27T21:05:40.830Z,35.6525,-121.142,4.976,2.43,md,14,167,0.06486,0.08,nc,nc68007231,2017-01-04T23:01:43.793Z,"4 km ENE of San Simeon, California",earthquake,1.05,0.55,0.09,9,reviewed,nc,nc
2003-12-27T21:03:16.030Z,35.6631667,-121.1293333,4.836,2.53,md,10,176,0.06937,0.05,nc,nc68007230,2017-01-04T23:01:40.500Z,"5 km ENE of San Simeon, California",earthquake,0.93,0.53,0.03,7,reviewed,nc,nc
2003-12-27T21:02:54.160Z,35.5391667,-120.8486667,5.228,2.38,md,35,63,0.04775,0.09,nc,nc21325656,2017-01-04T23:01:36.030Z,"11 km NNE of Cayucos, California",earthquake,0.21,0.59,0.12,34,reviewed,nc,nc
2003-12-27T21:00:27.070Z,35.6583333,-121.1353333,5.319,3.55,md,13,176,0.06667,0.08,nc,nc68007228,2017-01-04T23:01:30.030Z,"5 km ENE of San Simeon, California",earthquake,1.39,0.68,0.11,13,reviewed,nc,nc
2003-12-27T20:42:52.280Z,35.5721667,-120.828,2.517,2.01,md,7,212,0.07477,0.19,nc,nc68007227,2017-01-04T23:01:26.380Z,"11 km WNW of Templeton, California",earthquake,1.08,2.94,0.1,6,reviewed,nc,nc
2003-12-27T20:36:40.930Z,35.647,-120.95,4.413,1.45,md,13,74,0.06847,0.03,nc,nc30227402,2017-01-04T23:01:22.848Z,"11 km SW of Lake Nacimiento, California",earthquake,0.4,0.49,0.36,2,reviewed,nc,nc
2003-12-27T20:36:06.350Z,35.5693333,-120.8296667,-0.27,1.86,md,32,66,0.07207,0.07,nc,nc21325641,2017-01-04T23:01:19.090Z,"11 km W of Templeton, California",earthquake,0.19,1.17,0.11,10,reviewed,nc,nc
2003-12-27T20:34:26.380Z,35.6686667,-121.1063333,5.9,1.81,md,14,116,0.06847,0.05,nc,nc21325640,2017-01-04T23:01:13.275Z,"8 km ENE of San Simeon, California",earthquake,0.23,0.77,0.12,10,reviewed,nc,nc
2003-12-27T20:26:08.870Z,35.639,-120.9416667,5.443,3.39,ml,66,66,0.06126,0.08,nc,nc21325638,2017-01-04T23:01:09.020Z,"11 km SSW of Lake Nacimiento, California",earthquake,0.13,0.67,,1,reviewed,nc,nc
2003-12-27T20:16:51.930Z,35.6551667,-121.0743333,8.647,2.27,md,22,92,0.05676,0.11,nc,nc21325636,2017-01-04T23:00:56.913Z,"10 km N of Cambria, California",earthquake,0.22,0.62,0.27,18,reviewed,nc,nc
2003-12-27T20:14:51.330Z,35.5255,-120.8313333,4.56,1.92,md,21,60,0.06216,0.07,nc,nc21325635,2017-01-04T23:00:53.126Z,"10 km NNE of Cayucos, California",earthquake,0.3,0.84,0.05,5,reviewed,nc,nc
2003-12-27T20:05:28.480Z,35.5441667,-120.8706667,5.255,1.6,md,16,267,0.0973,0.04,nc,nc21325632,2017-01-04T23:00:43.163Z,"11 km N of Cayucos, California",earthquake,0.85,0.58,0.02,3,reviewed,nc,nc
2003-12-27T20:01:37.490Z,35.6408333,-121.085,3.393,3.48,ml,52,104,0.04144,0.1,nc,nc21325629,2017-01-04T23:00:38.410Z,"8 km N of Cambria, California",earthquake,0.13,0.39,,2,reviewed,nc,nc
2003-12-27T19:58:45.290Z,35.7111667,-121.0741667,6.779,1.35,md,7,113,0.07117,0.05,nc,nc21325628,2017-01-04T23:00:30.720Z,"10 km SW of Oak Shores, California",earthquake,0.48,0.99,0.1,4,reviewed,nc,nc
2003-12-27T19:33:47.530Z,35.5466667,-120.856,6.743,1.6,md,23,120,0.09459,0.04,nc,nc21326105,2017-01-04T23:00:27.238Z,"11 km NNE of Cayucos, California",earthquake,0.64,0.51,0.08,3,reviewed,nc,nc
2003-12-27T19:16:11.700Z,35.6713333,-121.1168333,4.456,1.94,md,10,183,0.07297,0.06,nc,nc68007220,2017-01-04T23:00:23.524Z,"7 km ENE of San Simeon, California",earthquake,1.6,0.82,0.15,7,reviewed,nc,nc
2003-12-27T19:02:52.140Z,35.6255,-120.8906667,7.772,2.17,md,30,61,0.09279,0.16,nc,nc21326101,2017-01-04T23:00:19.841Z,"11 km S of Lake Nacimiento, California",earthquake,0.27,0.83,0.17,24,reviewed,nc,nc
2003-12-27T18:48:24.390Z,35.6908333,-121.144,11.606,1.82,md,9,184,0.0991,0.06,nc,nc68007218,2017-01-04T23:00:15.874Z,"6 km NE of San Simeon, California",earthquake,1.51,1.08,0.19,5,reviewed,nc,nc
2003-12-27T18:14:40.520Z,35.5561667,-120.8581667,7.963,2.08,md,10,257,0.04595,0.14,nc,nc68007217,2017-01-04T23:00:04.322Z,"12 km NNE of Cayucos, California",earthquake,1.54,1.68,0.17,5,reviewed,nc,nc
2003-12-27T18:13:13.740Z,35.6338333,-121.1423333,16.466,2.06,md,4,176,0.05135,0.05,nc,nc68007216,2017-01-04T23:00:00.908Z,"4 km ESE of San Simeon, California",earthquake,6.22,2.73,0.06,4,reviewed,nc,nc
2003-12-27T18:10:07.640Z,35.5886667,-120.8951667,4.572,2.05,md,45,34,0.05586,0.14,nc,nc21326093,2017-01-04T22:59:57.080Z,"15 km S of Lake Nacimiento, California",earthquake,0.19,0.41,0.19,29,reviewed,nc,nc
2003-12-27T18:06:39.030Z,35.6155,-120.926,4.033,1.59,md,11,228,0.05495,0.03,nc,nc21326092,2017-01-04T22:59:50.941Z,"13 km SSW of Lake Nacimiento, California",earthquake,1.14,0.38,,1,reviewed,nc,nc
2003-12-27T18:02:51.510Z,35.7215,-121.0996667,6.983,1.33,md,4,209,0.05946,0.01,nc,nc21325776,2017-01-04T22:59:47.530Z,"11 km NE of San Simeon, California",earthquake,4.73,4.21,0.08,4,reviewed,nc,nc
2003-12-27T18:00:06.480Z,35.7051667,-121.053,5.503,1.19,md,10,73,0.08559,0.02,nc,nc21325775,2017-01-04T22:59:43.802Z,"9 km SW of Oak Shores, California",earthquake,0.29,0.7,0.13,3,reviewed,nc,nc
2003-12-27T17:58:01.810Z,35.714,-121.061,3.493,1.36,md,8,69,0.08198,0.03,nc,nc21325774,2017-01-04T22:59:40.360Z,"9 km SW of Oak Shores, California",earthquake,0.46,1.06,0.15,2,reviewed,nc,nc
2003-12-27T17:50:52.800Z,35.6811667,-121.0941667,5.827,1.38,md,5,268,0.1468,0.05,nc,nc21325773,2017-01-04T22:59:36.943Z,"9 km ENE of San Simeon, California",earthquake,0.9,3.26,0.06,3,reviewed,nc,nc
2003-12-27T17:48:14.510Z,35.6625,-121.019,6.553,1.45,md,21,95,0.1117,0.03,nc,nc21325772,2017-01-04T22:59:33.709Z,"12 km NNE of Cambria, California",earthquake,0.27,0.61,0.07,5,reviewed,nc,nc
2003-12-27T17:46:55.120Z,35.6238333,-120.9455,3.832,0.86,md,8,216,0.06667,0.02,nc,nc21325771,2017-01-04T22:59:30.573Z,"13 km SSW of Lake Nacimiento, California",earthquake,3.48,1.94,,1,reviewed,nc,nc
2003-12-27T17:44:25.920Z,35.638,-121.0798333,4.146,2,md,34,97,0.03964,0.05,nc,nc21325770,2017-01-04T22:59:26.881Z,"8 km N of Cambria, California",earthquake,0.14,0.28,0.13,11,reviewed,nc,nc
2003-12-27T17:41:41.960Z,35.5911667,-120.9433333,5.303,2.01,md,42,61,0.06486,0.09,nc,nc21325769,2017-01-04T22:59:22.200Z,"12 km ENE of Cambria, California",earthquake,0.2,0.41,0.16,22,reviewed,nc,nc
2003-12-27T17:36:37.640Z,35.6681667,-121.059,4.053,1.74,md,13,100,0.07838,0.05,nc,nc21325768,2017-01-04T22:59:15.677Z,"11 km N of Cambria, California",earthquake,0.35,0.81,0.18,6,reviewed,nc,nc
2003-12-27T17:31:25.550Z,35.576,-120.7871667,-0.611,1.58,md,9,156,0.09189,0.23,nc,nc21325767,2017-01-04T22:59:12.303Z,"7 km WNW of Templeton, California",earthquake,1.75,2.67,0.21,2,reviewed,nc,nc
2003-12-27T17:23:28.590Z,35.533,-120.8746667,1.232,2.12,md,40,56,0.02613,0.06,nc,nc21325766,2017-01-04T22:59:08.210Z,"10 km N of Cayucos, California",earthquake,0.14,0.39,0.19,19,reviewed,nc,nc
2003-12-27T17:20:37.880Z,35.5858333,-120.9528333,3.293,1.71,md,15,160,0.08919,0.07,nc,nc21325765,2017-01-04T22:59:01.422Z,"11 km ENE of Cambria, California",earthquake,0.42,0.65,0.16,4,reviewed,nc,nc
2003-12-27T16:40:27.310Z,35.538,-120.8026667,3.8,1.52,md,18,192,0.1153,0.07,nc,nc21325673,2017-01-04T22:58:40.478Z,"8 km W of Templeton, California",earthquake,0.57,1.02,0.04,2,reviewed,nc,nc
2003-12-27T16:31:47.520Z,35.5533333,-120.8628333,1.562,1.95,md,39,51,0.04054,0.08,nc,nc21325671,2017-01-04T22:58:36.794Z,"12 km NNE of Cayucos, California",earthquake,0.16,0.71,0.16,19,reviewed,nc,nc
2003-12-27T16:22:39.290Z,35.667,-121.1076667,5.223,1.56,md,6,128,0.04054,0.05,nc,nc21325670,2017-01-04T22:58:33.093Z,"7 km ENE of San Simeon, California",earthquake,0.46,1.64,0.21,3,reviewed,nc,nc
2003-12-27T16:17:58.670Z,35.5433333,-120.8371667,10.433,2.07,md,12,196,0.05766,0.15,nc,nc68007210,2017-01-04T22:58:29.784Z,"11 km W of Templeton, California",earthquake,1.34,1.45,0.19,6,reviewed,nc,nc
2003-12-27T16:00:11.530Z,35.6628333,-121.1293333,4.707,3.51,ml,54,137,0.06847,0.06,nc,nc21325667,2017-01-04T22:58:25.110Z,"5 km ENE of San Simeon, California",earthquake,0.15,0.48,,1,reviewed,nc,nc
2003-12-27T15:51:03.160Z,35.551,-120.8228333,-0.037,2.09,md,10,207,0.07027,0.32,nc,nc68007208,2017-01-04T22:58:17.460Z,"10 km W of Templeton, California",earthquake,1.49,4.32,0.12,7,reviewed,nc,nc
2003-12-27T15:32:50.440Z,35.5845,-120.9838333,4.818,2.66,md,38,104,0.08108,0.14,nc,nc30500524,2017-01-04T22:58:13.759Z,"9 km ENE of Cambria, California",earthquake,0.22,0.52,0.1,36,reviewed,nc,nc
2003-12-27T15:31:54.450Z,35.6598333,-121.1055,4.214,2.94,md,52,121,0.04505,0.08,nc,nc21325615,2017-01-04T22:58:08.290Z,"7 km ENE of San Simeon, California",earthquake,0.15,0.34,0.1,63,reviewed,nc,nc
2003-12-27T15:29:36.440Z,35.6595,-121.1303333,5.256,2.69,md,14,174,0.06577,0.08,nc,nc68007205,2017-01-04T22:57:56.976Z,"5 km ENE of San Simeon, California",earthquake,0.84,0.46,0.17,9,reviewed,nc,nc
2003-12-27T15:21:27.780Z,35.7175,-121.1153333,6.331,2.12,md,19,96,0.1126,0.08,nc,nc21325512,2017-01-04T22:57:53.457Z,"10 km NE of San Simeon, California",earthquake,0.25,0.75,0.08,18,reviewed,nc,nc
2003-12-27T15:19:06.200Z,35.6876667,-121.0465,5.333,1.36,md,8,298,0.136,0.02,nc,nc21326136,2017-01-04T22:57:50.117Z,"10 km SW of Oak Shores, California",earthquake,1.62,0.97,0.17,3,reviewed,nc,nc
2003-12-27T15:09:17.130Z,35.6628333,-121.1273333,4.391,2.13,md,20,136,0.06757,0.06,nc,nc21326134,2017-01-04T22:57:46.722Z,"6 km ENE of San Simeon, California",earthquake,0.21,0.54,0.11,12,reviewed,nc,nc
2003-12-27T15:06:14.760Z,35.5768333,-120.928,4.891,2.42,md,22,80,0.04595,0.19,nc,nc21325490,2017-01-04T22:57:43.314Z,"13 km E of Cambria, California",earthquake,0.38,0.66,0.11,19,reviewed,nc,nc
2003-12-27T15:01:32.260Z,35.597,-120.8776667,4.875,1.52,md,8,287,0.04505,0.02,nc,nc21326454,2017-01-04T22:57:39.517Z,"14 km S of Lake Nacimiento, California",earthquake,6.37,0.31,,1,reviewed,nc,nc
2003-12-27T14:58:29.530Z,35.5373333,-120.8533333,6.45,2.13,md,49,49,0.04324,0.06,nc,nc21326452,2017-01-04T22:57:35.390Z,"11 km NNE of Cayucos, California",earthquake,0.13,0.38,0.28,36,reviewed,nc,nc
2003-12-27T14:47:55.510Z,35.5728333,-120.9335,3.825,1.98,md,36,54,0.04505,0.08,nc,nc21326449,2017-01-04T22:57:28.667Z,"13 km E of Cambria, California",earthquake,0.15,0.26,0.14,15,reviewed,nc,nc
2003-12-27T14:46:26.590Z,35.6666667,-120.9875,4.906,1.15,md,6,173,0.1018,0.02,nc,nc21326447,2017-01-04T22:57:25.307Z,"11 km S of Oak Shores, California",earthquake,0.64,1.12,0.02,2,reviewed,nc,nc
2003-12-27T14:40:57.360Z,35.6825,-121.0501667,11.684,3.11,md,10,170,0.05045,0.19,nc,nc68007199,2017-01-04T22:57:21.787Z,"11 km SW of Oak Shores, California",earthquake,1.62,1.19,0.04,3,reviewed,nc,nc
2003-12-27T14:36:35.670Z,35.6681667,-121.1171667,4.926,2.52,md,10,189,0.07027,0.04,nc,nc68007198,2017-01-04T22:57:18.625Z,"7 km ENE of San Simeon, California",earthquake,0.76,0.4,0.03,7,reviewed,nc,nc
2003-12-27T14:35:41.390Z,35.6613333,-121.1273333,5.035,3.49,ml,53,138,0.02973,0.06,nc,nc21325485,2017-01-04T22:57:14.190Z,"6 km ENE of San Simeon, California",earthquake,0.14,0.32,,6,reviewed,nc,nc
2003-12-27T14:29:05.990Z,35.6711667,-121.1258333,4.473,1.27,md,5,199,0.02523,0.03,nc,nc21325483,2017-01-04T22:57:03.454Z,"6 km ENE of San Simeon, California",earthquake,0.75,1.05,0.09,2,reviewed,nc,nc
2003-12-27T14:25:37.840Z,35.527,-120.8143333,4.22,2.23,md,29,59,0.07568,0.07,nc,nc30500540,2017-01-04T22:56:59.972Z,"10 km WSW of Templeton, California",earthquake,0.19,0.64,0.17,18,reviewed,nc,nc
2003-12-27T14:23:00.040Z,35.6605,-121.126,4.603,3.56,ml,53,137,0.03153,0.07,nc,nc21326359,2017-01-04T22:56:55.520Z,"6 km ENE of San Simeon, California",earthquake,0.18,0.65,,4,reviewed,nc,nc
2003-12-27T14:16:11.830Z,35.6468333,-120.9378333,3.866,2.09,md,50,63,0.05856,0.06,nc,nc21326282,2017-01-04T22:56:45.170Z,"10 km SSW of Lake Nacimiento, California",earthquake,0.14,0.33,0.14,39,reviewed,nc,nc
2003-12-27T14:03:37.480Z,35.7143333,-121.0925,8.663,1.33,md,9,72,0.05946,0.01,nc,nc21325472,2017-01-04T22:56:32.704Z,"11 km NE of San Simeon, California",earthquake,0.79,1.42,0.02,4,reviewed,nc,nc
2003-12-27T13:54:36.240Z,35.525,-120.9231667,2.591,1.57,md,13,215,0.1252,0.02,nc,nc21325466,2017-01-04T22:56:29.506Z,"9 km NNW of Cayucos, California",earthquake,0.95,0.68,0.13,3,reviewed,nc,nc
2003-12-27T13:41:14.140Z,35.6618333,-121.0616667,5.113,1.38,md,12,154,0.07748,0.01,nc,nc30227290,2017-01-04T22:56:26.053Z,"10 km N of Cambria, California",earthquake,0.52,1.19,0.04,4,reviewed,nc,nc
2003-12-27T13:40:07.500Z,35.5621667,-120.8821667,7.012,1.87,md,29,51,0.03423,0.09,nc,nc21325457,2017-01-04T22:56:22.599Z,"13 km N of Cayucos, California",earthquake,0.25,0.55,0.11,9,reviewed,nc,nc
2003-12-27T13:15:54.840Z,35.8133333,-120.635,10.696,1.15,md,19,85,0.1,0.03,nc,nc21326278,2017-01-04T22:56:15.465Z,"8 km NE of San Miguel, California",earthquake,0.28,1.11,0.02,2,reviewed,nc,nc
2003-12-27T13:04:49.590Z,35.6661667,-121.1021667,5.426,3.48,ml,55,114,0.06577,0.07,nc,nc30500539,2017-01-04T22:56:07.630Z,"8 km ENE of San Simeon, California",earthquake,0.14,0.47,,1,reviewed,nc,nc
2003-12-27T13:03:25.090Z,35.7175,-121.1165,6.881,2.13,md,21,96,0.1135,0.07,nc,nc21326273,2017-01-04T22:55:59.503Z,"10 km NE of San Simeon, California",earthquake,0.2,0.76,0.16,18,reviewed,nc,nc
2003-12-27T12:49:00.930Z,35.6566667,-121.0928333,4.038,3.45,ml,50,109,0.05586,0.07,nc,nc30500538,2017-01-04T22:55:55.170Z,"8 km E of San Simeon, California",earthquake,0.13,0.42,,1,reviewed,nc,nc
2003-12-27T12:47:31.060Z,35.6665,-121.1025,5.088,3,md,51,115,0.06667,0.07,nc,nc21326259,2017-01-04T22:55:46.420Z,"8 km ENE of San Simeon, California",earthquake,0.16,0.54,0.1,73,reviewed,nc,nc
2003-12-27T12:41:40.740Z,35.5463333,-120.923,3.582,1.96,md,33,48,0.01802,0.16,nc,nc21326256,2017-01-04T22:55:39.730Z,"11 km NNW of Cayucos, California",earthquake,0.22,0.36,0.09,14,reviewed,nc,nc
2003-12-27T12:38:56.920Z,35.6045,-120.909,3.315,1.68,md,24,190,0.05045,0.06,nc,nc21326255,2017-01-04T22:55:36.173Z,"13 km S of Lake Nacimiento, California",earthquake,0.45,0.32,0.2,3,reviewed,nc,nc
2003-12-27T12:35:39.170Z,35.7135,-121.085,5.533,1.47,md,15,129,0.06396,0.02,nc,nc21326254,2017-01-04T22:55:32.825Z,"11 km WSW of Oak Shores, California",earthquake,0.24,0.45,0.12,5,reviewed,nc,nc
2003-12-27T12:25:55.480Z,35.5463333,-120.844,5.68,2.24,md,32,46,0.05225,0.07,nc,nc21326252,2017-01-04T22:55:25.910Z,"12 km NNE of Cayucos, California",earthquake,0.23,0.54,0.23,22,reviewed,nc,nc
2003-12-27T12:23:30.430Z,35.5635,-120.8188333,4.357,1.47,md,7,301,0.08649,0.03,nc,nc21326249,2017-01-04T22:55:21.648Z,"10 km W of Templeton, California",earthquake,4.22,2.66,,1,reviewed,nc,nc
2003-12-27T12:17:07.510Z,35.5875,-120.8571667,3.695,1.65,md,23,160,0.05405,0.04,nc,nc21325453,2017-01-04T22:55:18.144Z,"14 km WNW of Templeton, California",earthquake,0.46,0.24,0.09,5,reviewed,nc,nc
2003-12-27T12:09:06.290Z,35.671,-121.1065,7.12,2.21,md,9,186,0.07117,0.07,nc,nc68007186,2017-01-04T22:55:14.418Z,"8 km ENE of San Simeon, California",earthquake,1.06,0.85,0.29,9,reviewed,nc,nc
2003-12-27T12:02:49.420Z,35.528,-121.3681667,2.155,1.74,md,12,312,0.2333,0.09,nc,nc21325451,2017-01-04T22:55:10.939Z,"20 km SW of San Simeon, California",earthquake,5.14,10.4,,1,reviewed,nc,nc
2003-12-27T11:56:43.660Z,35.5706667,-120.8211667,2.1,2.35,md,51,27,0.07928,0.15,nc,nc21325450,2017-01-04T22:55:06.090Z,"10 km WNW of Templeton, California",earthquake,0.19,1.09,0.15,47,reviewed,nc,nc
2003-12-27T11:49:53.010Z,35.725,-121.0771667,5.343,1.2,md,7,121,0.07568,0.04,nc,nc21325448,2017-01-04T22:54:59.157Z,"10 km WSW of Oak Shores, California",earthquake,0.37,0.9,,3,reviewed,nc,nc
2003-12-27T11:48:46.520Z,35.5121667,-120.8526667,9.167,1.03,md,7,279,0.1297,0.03,nc,nc21325447,2017-01-04T22:54:55.713Z,"8 km NNE of Cayucos, California",earthquake,1.59,1.44,,1,reviewed,nc,nc
2003-12-27T11:46:24.720Z,35.5905,-121.147,7.142,1.38,md,4,285,0.09189,0.07,nc,nc21325446,2017-01-04T22:54:52.515Z,"6 km WNW of Cambria, California",earthquake,3.5,6.63,,1,reviewed,nc,nc
2003-12-27T11:42:30.300Z,35.6665,-121.0675,6.908,2.39,md,35,84,0.06937,0.1,nc,nc21325445,2017-01-04T22:54:49.419Z,"11 km N of Cambria, California",earthquake,0.19,0.54,0.13,31,reviewed,nc,nc
2003-12-27T11:33:12.400Z,35.6701667,-121.0578333,4.133,1.28,md,8,179,0.07928,0.02,nc,nc21325443,2017-01-04T22:54:45.371Z,"11 km N of Cambria, California",earthquake,0.43,1,0.16,4,reviewed,nc,nc
2003-12-27T11:27:26.780Z,35.668,-121.0935,4.073,1.39,md,7,189,0.05135,0.06,nc,nc21325442,2017-01-04T22:54:41.809Z,"9 km ENE of San Simeon, California",earthquake,0.79,1.83,0.09,3,reviewed,nc,nc
2003-12-27T11:23:25.960Z,35.6691667,-121.1043333,5.152,2.68,md,40,114,0.04234,0.06,nc,nc21325441,2017-01-04T22:54:37.610Z,"8 km ENE of San Simeon, California",earthquake,0.18,0.39,0.07,50,reviewed,nc,nc
2003-12-27T11:17:45.750Z,35.5428333,-120.8175,6.563,1.13,md,8,257,0.1063,0.01,nc,nc21325440,2017-01-04T22:54:29.562Z,"Central California",earthquake,1.09,1.78,,1,reviewed,nc,nc
2003-12-27T11:13:10.210Z,35.7106667,-121.1176667,6.773,1.34,md,7,118,0.04054,0.03,nc,nc21325439,2017-01-04T22:54:26.479Z,"9 km NE of San Simeon, California",earthquake,0.62,0.82,0.01,4,reviewed,nc,nc
2003-12-27T11:05:51.400Z,35.6668333,-121.0668333,7.624,2.19,md,18,86,0.07027,0.08,nc,nc21326131,2017-01-04T22:54:22.987Z,"11 km N of Cambria, California",earthquake,0.27,1.08,0.22,14,reviewed,nc,nc
2003-12-27T11:01:25.770Z,35.5548333,-120.8531667,9.478,1.88,md,14,80,0.04865,0.12,nc,nc21326130,2017-01-04T22:54:19.583Z,"12 km NNE of Cayucos, California",earthquake,0.42,1.64,0.15,8,reviewed,nc,nc
2003-12-27T10:59:18.020Z,35.7263333,-121.081,5.274,2,md,15,79,0.1,0.21,nc,nc21326129,2017-01-04T22:54:16.232Z,"10 km WSW of Oak Shores, California",earthquake,0.33,1.08,0.15,10,reviewed,nc,nc
2003-12-27T10:56:51.240Z,35.6513333,-121.0755,8.831,2.41,md,40,93,0.05315,0.16,nc,nc21326127,2017-01-04T22:54:12.450Z,"9 km N of Cambria, California",earthquake,0.24,0.64,0.13,30,reviewed,nc,nc
2003-12-27T10:55:11.200Z,35.5801667,-120.9333333,4.853,2.48,md,12,189,0.05135,0.18,nc,nc68007178,2017-01-04T22:54:08.796Z,"13 km E of Cambria, California",earthquake,0.59,0.74,0.06,9,reviewed,nc,nc
2003-12-27T10:54:24.840Z,35.6373333,-121.0676667,9.1,2.09,md,9,182,0.04234,0.07,nc,nc68007177,2017-01-04T22:54:05.547Z,"8 km N of Cambria, California",earthquake,1.08,0.76,0.06,6,reviewed,nc,nc
2003-12-27T10:51:36.560Z,35.6615,-121.0921667,4.823,1.35,md,8,233,0.05405,0.02,nc,nc21326125,2017-01-04T22:54:02.364Z,"9 km ENE of San Simeon, California",earthquake,0.85,1.75,0.01,2,reviewed,nc,nc
2003-12-27T10:42:10.940Z,35.5881667,-120.8891667,2.665,1.49,md,25,152,0.1928,0.05,nc,nc21326123,2017-01-04T22:53:59.123Z,"15 km S of Lake Nacimiento, California",earthquake,0.44,1.38,0.15,2,reviewed,nc,nc
2003-12-27T10:40:13.240Z,35.665,-121.1395,-0.275,2.22,md,22,142,0.02072,0.54,nc,nc21326121,2017-01-04T22:53:55.354Z,"5 km ENE of San Simeon, California",earthquake,1.07,2.66,0.18,13,reviewed,nc,nc
2003-12-27T10:33:21.080Z,35.6751667,-121.126,4.365,1.94,md,16,126,0.02342,0.04,nc,nc21326119,2017-01-04T22:53:51.615Z,"6 km ENE of San Simeon, California",earthquake,0.19,0.26,0.06,11,reviewed,nc,nc
2003-12-27T10:27:07.940Z,35.6345,-120.9065,7.592,2.74,md,52,85,0.1009,0.06,nc,nc21326117,2017-01-04T22:53:47.030Z,"10 km SSW of Lake Nacimiento, California",earthquake,0.13,0.83,0.11,63,reviewed,nc,nc
2003-12-27T10:21:20.750Z,35.5253333,-120.8056667,5.788,2.14,md,18,78,0.09099,0.11,nc,nc21326116,2017-01-04T22:53:40.115Z,"9 km WSW of Templeton, California",earthquake,0.32,1.03,0.14,10,reviewed,nc,nc
2003-12-27T09:55:19.990Z,35.6528333,-121.0515,8.88,1.73,md,10,189,0.06306,0.08,nc,nc68007172,2017-01-04T22:53:32.638Z,"10 km NNE of Cambria, California",earthquake,1.41,1.14,0.1,5,reviewed,nc,nc
2003-12-27T09:42:32.600Z,35.5438333,-120.8546667,5.99,2.35,md,39,48,0.04414,0.06,nc,nc21326107,2017-01-04T22:53:29.186Z,"11 km NNE of Cayucos, California",earthquake,0.17,0.44,0.13,38,reviewed,nc,nc
2003-12-27T09:28:10.340Z,35.7038333,-121.0495,6.94,1.9,md,26,56,0.08739,0.11,nc,nc21325454,2017-01-04T22:53:24.986Z,"9 km SW of Oak Shores, California",earthquake,0.22,0.69,0.16,13,reviewed,nc,nc
2003-12-27T09:21:48.900Z,35.6696667,-121.1016667,4.633,2.16,md,25,112,0.04414,0.06,nc,nc30500513,2017-01-04T22:53:21.390Z,"8 km ENE of San Simeon, California",earthquake,0.17,0.55,0.11,18,reviewed,nc,nc
2003-12-27T09:19:44.930Z,35.6691667,-121.1231667,3.79,3.35,ml,46,129,0.07297,0.06,nc,nc21325438,2017-01-04T22:53:16.290Z,"6 km ENE of San Simeon, California",earthquake,0.15,0.52,,1,reviewed,nc,nc
2003-12-27T09:04:42.840Z,35.564,-120.8295,4.961,1.47,md,21,176,0.08288,0.04,nc,nc21325455,2017-01-04T22:53:09.112Z,"11 km W of Templeton, California",earthquake,0.51,0.41,0.02,3,reviewed,nc,nc
2003-12-27T09:02:17.120Z,35.5515,-120.8103333,5.278,2.22,md,33,35,0.08108,0.12,nc,nc21326080,2017-01-04T22:53:05.240Z,"9 km W of Templeton, California",earthquake,0.21,0.68,0.15,27,reviewed,nc,nc
2003-12-27T08:57:33.150Z,35.6701667,-121.0535,4.343,1.44,md,21,179,0.08288,0.03,nc,nc21325389,2017-01-04T22:53:01.881Z,"12 km NNE of Cambria, California",earthquake,0.31,0.5,0.06,5,reviewed,nc,nc
2003-12-27T08:55:50.970Z,35.6625,-121.0683333,6.153,1.58,md,14,189,0.07207,0.04,nc,nc21325388,2017-01-04T22:52:58.711Z,"Near the coast of Central California",earthquake,0.51,0.92,0.23,5,reviewed,nc,nc
2003-12-27T08:55:08.210Z,35.5838333,-120.8725,6.727,1.55,md,11,263,0.05766,0.04,nc,nc30227289,2017-01-04T22:52:55.651Z,"15 km WNW of Templeton, California",earthquake,1.5,1.04,0.18,2,reviewed,nc,nc
2003-12-27T08:54:04.000Z,35.7426667,-121.0533333,4.143,1.41,md,6,111,0.08108,0.02,nc,nc21325390,2017-01-04T22:52:51.783Z,"7 km WSW of Oak Shores, California",earthquake,0.55,1.24,0.05,4,reviewed,nc,nc
2003-12-27T08:24:53.400Z,35.5431667,-120.8436667,5.2,2.32,md,32,47,0.05225,0.07,nc,nc21325378,2017-01-04T22:52:48.755Z,"11 km NNE of Cayucos, California",earthquake,0.2,0.63,0.11,32,reviewed,nc,nc
2003-12-27T08:21:10.100Z,35.6955,-121.1188333,21.912,1.76,md,3,182,0.03153,0,nc,nc21325370,2017-01-04T22:52:41.471Z,"8 km NE of San Simeon, California",earthquake,1.74,3.22,,1,reviewed,nc,nc
2003-12-27T08:18:38.240Z,35.638,-120.9221667,6.553,1.86,md,27,126,0.04505,0.05,nc,nc21325369,2017-01-04T22:52:37.320Z,"10 km SSW of Lake Nacimiento, California",earthquake,0.29,1.07,0.16,11,reviewed,nc,nc
2003-12-27T08:18:14.420Z,35.6515,-120.9501667,3.595,1.19,md,18,139,0.06937,0.04,nc,nc30226755,2017-01-04T22:52:31.538Z,"10 km SW of Lake Nacimiento, California",earthquake,0.23,1.4,,1,reviewed,nc,nc
2003-12-27T08:12:36.520Z,35.6801667,-121.108,5.083,1.39,md,10,143,0.03694,0.06,nc,nc21325363,2017-01-04T22:52:27.989Z,"8 km ENE of San Simeon, California",earthquake,0.41,0.65,0.05,5,reviewed,nc,nc
2003-12-27T08:07:49.550Z,35.545,-120.8405,6.965,1.48,md,20,166,0.0982,0.04,nc,nc30226933,2017-01-04T22:52:24.611Z,"12 km W of Templeton, California",earthquake,0.47,1.31,0.1,4,reviewed,nc,nc
2003-12-27T08:07:29.530Z,35.6143333,-120.9016667,7.105,1.46,md,17,186,0.03964,0.03,nc,nc21325355,2017-01-04T22:52:21.061Z,"12 km S of Lake Nacimiento, California",earthquake,0.42,1.1,0.25,2,reviewed,nc,nc
2003-12-27T08:05:42.730Z,35.7211667,-121.0996667,5.233,1.36,md,6,160,0.05856,0.03,nc,nc21325351,2017-01-04T22:52:17.770Z,"11 km NE of San Simeon, California",earthquake,0.73,1.08,0.14,5,reviewed,nc,nc
2003-12-27T07:55:13.010Z,35.6678333,-121.0393333,3.653,1.41,md,19,179,0.09459,0.03,nc,nc21325334,2017-01-04T22:52:10.896Z,"12 km NNE of Cambria, California",earthquake,0.31,0.57,0.15,5,reviewed,nc,nc
2003-12-27T07:46:10.520Z,35.7096667,-121.0558333,6.48,1.96,md,29,56,0.08468,0.09,nc,nc21325329,2017-01-04T22:52:07.480Z,"9 km SW of Oak Shores, California",earthquake,0.2,0.69,0.14,21,reviewed,nc,nc
2003-12-27T07:32:27.590Z,35.7178333,-121.0833333,5.103,1.45,md,18,126,0.06757,0.02,nc,nc21325326,2017-01-04T22:52:04.209Z,"11 km WSW of Oak Shores, California",earthquake,0.29,0.48,0.09,5,reviewed,nc,nc
2003-12-27T07:28:17.340Z,35.7225,-121.1058333,6.363,1.55,md,12,113,0.05586,0.05,nc,nc21325340,2017-01-04T22:51:56.805Z,"11 km NE of San Simeon, California",earthquake,0.27,0.47,0.03,5,reviewed,nc,nc
2003-12-27T07:26:06.840Z,35.583,-120.9,4.46,1.72,md,8,219,0.06396,0.01,nc,nc21325339,2017-01-04T22:51:53.598Z,"15 km N of Cayucos, California",earthquake,1.2,0.65,,1,reviewed,nc,nc
2003-12-27T07:23:22.130Z,35.702,-121.0503333,5.213,1.17,md,9,145,0.08649,0.05,nc,nc21325338,2017-01-04T22:51:50.164Z,"9 km SW of Oak Shores, California",earthquake,0.31,0.96,0.11,3,reviewed,nc,nc
2003-12-27T07:05:59.790Z,35.7213333,-121.0918333,6.513,1.27,md,9,120,0.06396,0.01,nc,nc21325336,2017-01-04T22:51:46.897Z,"11 km WSW of Oak Shores, California",earthquake,0.58,0.68,0.08,6,reviewed,nc,nc
2003-12-27T06:58:12.680Z,35.6466667,-120.938,3.719,2.68,md,47,93,0.05856,0.07,nc,nc30500503,2017-01-04T22:51:38.940Z,"10 km SSW of Lake Nacimiento, California",earthquake,0.15,0.39,0.12,54,reviewed,nc,nc
2003-12-27T06:57:34.170Z,35.7063333,-121.089,8.439,2.67,md,46,89,0.1054,0.07,nc,nc30500502,2017-01-04T22:51:31.050Z,"11 km NE of San Simeon, California",earthquake,0.15,0.85,0.11,42,reviewed,nc,nc
2003-12-27T06:55:57.430Z,35.7135,-121.0525,5.134,2.7,md,42,72,0.1099,0.09,nc,nc21325333,2017-01-04T22:51:23.060Z,"9 km SW of Oak Shores, California",earthquake,0.15,0.56,0.1,53,reviewed,nc,nc
2003-12-27T06:52:39.660Z,35.7023333,-121.0541667,5.88,2.07,md,22,59,0.08378,0.13,nc,nc21325343,2017-01-04T22:51:16.259Z,"10 km SW of Oak Shores, California",earthquake,0.28,0.72,0.07,17,reviewed,nc,nc
2003-12-27T06:48:08.460Z,35.5665,-120.8175,2.118,2.67,md,46,46,0.08018,0.06,nc,nc21325348,2017-01-04T22:51:11.540Z,"Central California",earthquake,0.16,0.77,0.07,50,reviewed,nc,nc
2003-12-27T06:38:23.760Z,35.6366667,-121.0761667,5.03,2.2,md,20,93,0.03874,0.08,nc,nc21325294,2017-01-04T22:51:01.259Z,"8 km N of Cambria, California",earthquake,0.22,0.47,0.17,16,reviewed,nc,nc
2003-12-27T06:34:17.620Z,35.541,-120.8385,3.88,1.74,md,10,204,0.1027,0.03,nc,nc21325288,2017-01-04T22:50:57.680Z,"11 km NNE of Cayucos, California",earthquake,1.58,1.42,,1,reviewed,nc,nc
2003-12-27T06:28:57.970Z,35.585,-120.8198333,2.632,1.27,md,18,172,0.06757,0.03,nc,nc21325275,2017-01-04T22:50:54.215Z,"11 km WNW of Templeton, California",earthquake,1.25,1.21,0.2,2,reviewed,nc,nc
2003-12-27T06:19:03.120Z,35.6655,-121.0626667,6.964,1.97,md,29,81,0.05856,0.1,nc,nc21325273,2017-01-04T22:50:51.215Z,"11 km N of Cambria, California",earthquake,0.22,0.54,0.09,15,reviewed,nc,nc
2003-12-27T06:13:47.960Z,35.5928333,-120.8645,3.398,1.8,md,39,74,0.04865,0.14,nc,nc21325276,2017-01-04T22:50:47.497Z,"15 km S of Lake Nacimiento, California",earthquake,0.19,0.57,0.14,10,reviewed,nc,nc
2003-12-27T06:06:08.460Z,35.5101667,-120.8256667,2.356,1.35,md,7,291,0.1523,0.01,nc,nc21325267,2017-01-04T22:50:43.678Z,"9 km NE of Cayucos, California",earthquake,2.58,5.26,,1,reviewed,nc,nc
2003-12-27T06:01:39.270Z,35.716,-121.0373333,4.724,2.39,md,32,66,0.109,0.09,nc,nc21325266,2017-01-04T22:50:40.062Z,"Near the coast of Central California",earthquake,0.18,0.61,0.07,33,reviewed,nc,nc
2003-12-27T05:47:47.360Z,35.7168333,-121.0321667,6.07,2.01,md,15,67,0.1054,0.09,nc,nc21325263,2017-01-04T22:50:32.455Z,"7 km SW of Oak Shores, California",earthquake,0.29,0.83,0.11,13,reviewed,nc,nc
2003-12-27T05:42:08.350Z,35.6133333,-120.9908333,6.461,2.18,md,36,51,0.08559,0.1,nc,nc21325260,2017-01-04T22:50:28.999Z,"9 km NE of Cambria, California",earthquake,0.19,0.46,0.11,29,reviewed,nc,nc
2003-12-27T05:37:00.050Z,35.5361667,-121.0391667,2.793,1.31,md,5,271,0.173,0.02,nc,nc21325255,2017-01-04T22:50:24.417Z,"4 km SE of Cambria, California",earthquake,1.73,3.73,0.13,2,reviewed,nc,nc
2003-12-27T05:31:20.540Z,35.5645,-120.903,3.603,1.74,md,22,163,0.08198,0.04,nc,nc30227243,2017-01-04T22:50:20.926Z,"13 km N of Cayucos, California",earthquake,0.48,0.46,0.21,4,reviewed,nc,nc
2003-12-27T05:30:54.270Z,35.5923333,-120.8718333,7.535,1.6,md,15,215,0.04865,0.05,nc,nc21325256,2017-01-04T22:50:17.147Z,"15 km S of Lake Nacimiento, California",earthquake,0.57,0.58,0.13,3,reviewed,nc,nc
2003-12-27T05:21:40.900Z,35.5723333,-120.823,0.32,1.8,md,39,50,0.07748,0.06,nc,nc21325254,2017-01-04T22:50:13.376Z,"10 km WNW of Templeton, California",earthquake,0.16,0.59,0.18,12,reviewed,nc,nc
2003-12-27T05:14:19.280Z,35.632,-121.1143333,11.396,1.88,md,10,166,0.03514,0.06,nc,nc68007152,2017-01-04T22:50:09.625Z,"7 km E of San Simeon, California",earthquake,1.6,0.55,0.17,5,reviewed,nc,nc
2003-12-27T05:04:34.180Z,35.6595,-121.0636667,6.43,2.39,md,34,84,0.06396,0.1,nc,nc21325246,2017-01-04T22:50:05.903Z,"10 km N of Cambria, California",earthquake,0.19,0.59,0.07,34,reviewed,nc,nc
2003-12-27T05:01:41.570Z,35.5353333,-120.84,8.111,2.21,md,31,59,0.08378,0.09,nc,nc21325241,2017-01-04T22:50:02.025Z,"11 km NNE of Cayucos, California",earthquake,0.25,0.96,0.18,21,reviewed,nc,nc
2003-12-27T04:59:01.090Z,35.5311667,-120.8136667,4.678,2.21,md,36,32,0.07568,0.14,nc,nc21325236,2017-01-04T22:49:57.973Z,"9 km WSW of Templeton, California",earthquake,0.22,0.86,0.14,27,reviewed,nc,nc
2003-12-27T04:54:35.500Z,35.6641667,-121.074,4.683,1.36,md,13,189,0.06757,0.03,nc,nc21325226,2017-01-04T22:49:53.807Z,"10 km ENE of San Simeon, California",earthquake,0.35,0.69,0.06,6,reviewed,nc,nc
2003-12-27T04:42:23.420Z,35.6125,-120.8798333,7.131,1.38,md,12,253,0.03063,0.03,nc,nc21325207,2017-01-04T22:49:50.164Z,"12 km S of Lake Nacimiento, California",earthquake,0.94,0.44,0.15,2,reviewed,nc,nc
2003-12-27T04:40:53.730Z,35.6436667,-120.9045,8.897,1.36,md,5,266,0.03153,0,nc,nc21325203,2017-01-04T22:49:46.718Z,"9 km SSW of Lake Nacimiento, California",earthquake,3.49,2.56,0.06,3,reviewed,nc,nc
2003-12-27T04:40:06.460Z,35.6065,-120.959,3.723,1.68,md,13,159,0.08288,0.04,nc,nc21325205,2017-01-04T22:49:43.566Z,"11 km ENE of Cambria, California",earthquake,0.38,0.75,0.24,3,reviewed,nc,nc
2003-12-27T04:36:24.990Z,35.564,-120.8016667,2.388,2.23,md,32,28,0.09099,0.17,nc,nc21325204,2017-01-04T22:49:39.855Z,"8 km W of Templeton, California",earthquake,0.26,1.44,0.16,19,reviewed,nc,nc
2003-12-27T04:33:44.450Z,35.7076667,-121.057,5.573,1.84,md,5,140,0.08288,0.03,nc,nc21325206,2017-01-04T22:49:36.109Z,"9 km SW of Oak Shores, California",earthquake,0.84,1.66,,1,reviewed,nc,nc
2003-12-27T04:16:37.880Z,35.5193333,-120.8191667,5.1,2.47,md,44,54,0.07297,0.08,nc,nc21325195,2017-01-04T22:49:29.011Z,"10 km NE of Cayucos, California",earthquake,0.17,0.65,0.12,41,reviewed,nc,nc
2003-12-27T04:08:53.470Z,35.6565,-121.0658333,3.143,1.75,md,18,112,0.07568,0.03,nc,nc21325189,2017-01-04T22:49:21.611Z,"10 km N of Cambria, California",earthquake,0.31,0.61,0.15,8,reviewed,nc,nc
2003-12-27T04:04:52.810Z,35.642,-120.9516667,4.115,1.34,md,13,246,0.06937,0.02,nc,nc21325185,2017-01-04T22:49:18.139Z,"11 km SW of Lake Nacimiento, California",earthquake,1.68,0.44,0.13,2,reviewed,nc,nc
2003-12-27T04:01:53.140Z,35.6481667,-120.948,3.865,2.09,md,20,96,0.04054,0.07,nc,nc21326939,2017-01-04T22:49:14.286Z,"10 km SW of Lake Nacimiento, California",earthquake,0.2,0.65,0.14,12,reviewed,nc,nc
2003-12-27T04:01:06.130Z,35.5831667,-120.8655,7.253,2.23,md,12,201,0.05946,0.14,nc,nc68007145,2017-01-04T22:49:09.853Z,"14 km WNW of Templeton, California",earthquake,0.62,0.79,0.13,7,reviewed,nc,nc
2003-12-27T03:52:48.030Z,35.6666667,-121.0878333,3.963,1.33,md,7,190,0.05586,0.05,nc,nc21325172,2017-01-04T22:49:06.444Z,"9 km ENE of San Simeon, California",earthquake,0.56,1.25,0.15,4,reviewed,nc,nc
2003-12-27T03:51:54.190Z,35.6978333,-121.037,9.213,0.77,md,5,149,0.0964,0.01,nc,nc21325170,2017-01-04T22:49:02.924Z,"9 km SSW of Oak Shores, California",earthquake,0.56,1.45,,1,reviewed,nc,nc
2003-12-27T03:29:55.550Z,35.6845,-120.8068333,1.678,1.18,md,12,164,0.06486,0.13,nc,nc21325160,2017-01-04T22:48:59.742Z,"8 km SE of Lake Nacimiento, California",earthquake,0.68,3.04,,1,reviewed,nc,nc
2003-12-27T03:01:35.850Z,35.7115,-121.0443333,2.913,1.26,md,10,89,0.09369,0.06,nc,nc21325165,2017-01-04T22:48:55.866Z,"8 km SW of Oak Shores, California",earthquake,0.26,0.7,0.09,4,reviewed,nc,nc
2003-12-27T02:41:15.060Z,35.6286667,-120.8933333,6.357,1.29,md,8,279,0.02523,0.03,nc,nc21325178,2017-01-04T22:48:48.310Z,"11 km S of Lake Nacimiento, California",earthquake,1.73,0.7,0.07,2,reviewed,nc,nc
2003-12-27T02:36:48.460Z,35.709,-121.0825,9.083,1.35,md,14,72,0.06396,0.05,nc,nc21325173,2017-01-04T22:48:44.833Z,"11 km SW of Oak Shores, California",earthquake,0.34,0.69,0.08,6,reviewed,nc,nc
2003-12-27T02:31:09.460Z,35.6686667,-121.1096667,3.623,1.65,md,16,126,0.03874,0.04,nc,nc21325152,2017-01-04T22:48:41.262Z,"7 km ENE of San Simeon, California",earthquake,0.53,0.7,0.17,6,reviewed,nc,nc
2003-12-27T02:27:18.370Z,35.6983333,-121.1048333,6.303,1.55,md,16,142,0.04324,0.04,nc,nc21325149,2017-01-04T22:48:37.502Z,"9 km NE of San Simeon, California",earthquake,0.32,0.61,0.05,6,reviewed,nc,nc
2003-12-27T02:25:53.960Z,35.6618333,-121.0845,3.203,1.74,md,15,118,0.06036,0.05,nc,nc21325144,2017-01-04T22:48:34.179Z,"9 km ENE of San Simeon, California",earthquake,0.33,0.96,0.07,6,reviewed,nc,nc
2003-12-27T02:07:46.100Z,35.7068333,-121.1111667,7.572,1.53,md,6,169,0.04234,0.01,nc,nc21326078,2017-01-04T22:48:23.252Z,"10 km NE of San Simeon, California",earthquake,1.11,1.32,0.15,2,reviewed,nc,nc
2003-12-27T02:00:05.940Z,35.5601667,-120.8565,5.003,1.94,md,5,293,0.04865,0.24,nc,nc68007144,2017-01-04T22:48:19.451Z,"13 km NNE of Cayucos, California",earthquake,2.11,3.28,0.08,4,reviewed,nc,nc
2003-12-27T01:59:25.580Z,35.6696667,-121.1016667,4.91,2.7,md,46,112,0.06937,0.07,nc,nc21325175,2017-01-04T22:48:15.010Z,"8 km ENE of San Simeon, California",earthquake,0.14,0.51,0.06,54,reviewed,nc,nc
2003-12-27T01:51:23.120Z,35.5646667,-120.892,2.523,1.96,md,10,192,0.03333,0.23,nc,nc68007142,2017-01-04T22:48:07.230Z,"13 km N of Cayucos, California",earthquake,1.29,1.45,0.11,8,reviewed,nc,nc
2003-12-27T01:50:34.920Z,35.6591667,-121.0285,6.779,2.13,md,31,60,0.07928,0.1,nc,nc21325159,2017-01-04T22:48:03.603Z,"11 km NNE of Cambria, California",earthquake,0.2,0.72,0.15,23,reviewed,nc,nc
2003-12-27T01:29:19.770Z,35.6763333,-121.092,6.6,2.18,md,11,154,0.07568,0.05,nc,nc68007140,2017-01-04T22:47:56.639Z,"9 km ENE of San Simeon, California",earthquake,0.37,0.51,0.16,10,reviewed,nc,nc
2003-12-27T01:19:20.810Z,35.5303333,-120.9148333,6.992,1.66,md,9,269,0.118,0.02,nc,nc21325155,2017-01-04T22:47:50.162Z,"9 km NNW of Cayucos, California",earthquake,2.59,0.65,0.17,3,reviewed,nc,nc
2003-12-27T01:17:19.010Z,35.6391667,-121.0568333,5.36,2.17,md,21,73,0.04955,0.11,nc,nc21325154,2017-01-04T22:47:46.789Z,"8 km NNE of Cambria, California",earthquake,0.32,0.7,0.09,18,reviewed,nc,nc
2003-12-27T01:15:54.220Z,35.6643333,-121.0903333,3.623,1.51,md,15,120,0.05495,0.05,nc,nc30226852,2017-01-04T22:47:43.201Z,"9 km ENE of San Simeon, California",earthquake,0.33,0.72,0.17,5,reviewed,nc,nc
2003-12-27T01:03:17.210Z,35.5098333,-120.8935,4.797,1.04,md,6,322,0.1333,0.03,nc,nc21325177,2017-01-04T22:47:31.278Z,"7 km N of Cayucos, California",earthquake,1.6,1.5,,1,reviewed,nc,nc
2003-12-27T01:01:47.930Z,35.6668333,-121.1111667,5.27,1.8,md,20,197,0.03784,0.02,nc,nc21325176,2017-01-04T22:47:26.530Z,"7 km ENE of San Simeon, California",earthquake,0.46,0.52,0.161,29,reviewed,nc,nc
2003-12-27T01:00:44.800Z,35.6161667,-121.0065,8.25,2.29,md,11,187,0.07297,0.1,nc,nc68007136,2017-01-04T22:47:19.839Z,"8 km NE of Cambria, California",earthquake,0.74,0.9,0.17,9,reviewed,nc,nc
2003-12-27T00:43:39.360Z,35.6503333,-121.095,3.958,2.01,md,18,114,0.04955,0.07,nc,nc21326075,2017-01-04T22:47:13.221Z,"8 km E of San Simeon, California",earthquake,0.23,0.5,0.15,14,reviewed,nc,nc
2003-12-27T00:20:19.360Z,35.6486667,-121.0891667,3.915,2.08,md,20,108,0.04865,0.1,nc,nc30500486,2017-01-04T22:47:09.843Z,"9 km E of San Simeon, California",earthquake,0.22,0.53,0.19,14,reviewed,nc,nc
2003-12-27T00:17:02.740Z,35.6623333,-121.098,4.053,1.2,md,6,198,0.04955,0.02,nc,nc30226853,2017-01-04T22:47:03.018Z,"8 km ENE of San Simeon, California",earthquake,0.65,1.08,,1,reviewed,nc,nc
2003-12-27T00:16:31.890Z,35.6761667,-121.0883333,5.403,1.35,md,9,177,0.05405,0.03,nc,nc21325180,2017-01-04T22:46:59.847Z,"9 km ENE of San Simeon, California",earthquake,0.54,0.67,0.04,5,reviewed,nc,nc
2003-12-27T00:13:51.390Z,35.6536667,-121.0968333,5.091,1.34,md,6,259,0.1739,0.03,nc,nc21325179,2017-01-04T22:46:56.591Z,"8 km E of San Simeon, California",earthquake,1.53,2.2,,1,reviewed,nc,nc
2003-12-26T23:49:22.560Z,35.682,-121.0651667,13.306,1.92,md,14,197,0.08468,0.09,nc,nc68007133,2017-01-04T22:46:53.254Z,"12 km ENE of San Simeon, California",earthquake,1.08,1.23,0.03,2,reviewed,nc,nc
2003-12-26T23:47:56.100Z,35.663,-121.1046667,5.773,1.7,md,16,130,0.04414,0.04,nc,nc21325137,2017-01-04T22:46:50.042Z,"8 km ENE of San Simeon, California",earthquake,0.39,0.33,0.07,6,reviewed,nc,nc
2003-12-26T23:45:19.250Z,35.714,-121.1083333,7.593,1.49,md,9,81,0.04865,0.02,nc,nc21325133,2017-01-04T22:46:46.498Z,"10 km NE of San Simeon, California",earthquake,0.39,0.61,0.15,6,reviewed,nc,nc
2003-12-26T23:42:40.390Z,35.5355,-120.8143333,4.792,1.43,md,10,178,0.1135,0.03,nc,nc21325132,2017-01-04T22:46:43.452Z,"9 km W of Templeton, California",earthquake,1.21,2.05,0.06,2,reviewed,nc,nc
2003-12-26T23:33:50.370Z,35.583,-120.8568333,9.092,2.13,md,30,71,0.06396,0.1,nc,nc21325131,2017-01-04T22:46:40.228Z,"14 km WNW of Templeton, California",earthquake,0.2,1.33,0.13,20,reviewed,nc,nc
2003-12-26T23:30:01.090Z,35.5948333,-120.8461667,6.905,1.48,md,13,140,0.04955,0.04,nc,nc21325130,2017-01-04T22:46:36.526Z,"13 km WNW of Templeton, California",earthquake,0.63,0.58,0.12,2,reviewed,nc,nc
2003-12-26T23:24:55.280Z,35.6106667,-120.9011667,7.232,2.18,md,30,85,0.07658,0.11,nc,nc21325126,2017-01-04T22:46:33.278Z,"13 km S of Lake Nacimiento, California",earthquake,0.2,0.76,0.18,18,reviewed,nc,nc
2003-12-26T23:21:21.460Z,35.6713333,-121.1166667,5.126,2.09,md,11,183,0.07297,0.04,nc,nc68007130,2017-01-04T22:46:29.496Z,"7 km ENE of San Simeon, California",earthquake,0.82,0.67,0.16,7,reviewed,nc,nc
2003-12-26T23:19:45.660Z,35.5325,-120.856,4.765,1.69,md,12,183,0.109,0.03,nc,nc21325120,2017-01-04T22:46:26.059Z,"10 km NNE of Cayucos, California",earthquake,0.51,0.88,0.21,4,reviewed,nc,nc
2003-12-26T23:17:12.140Z,35.5701667,-120.9003333,1.458,2.27,md,23,70,0.03694,0.19,nc,nc21325119,2017-01-04T22:46:22.736Z,"14 km N of Cayucos, California",earthquake,0.35,0.94,0.15,15,reviewed,nc,nc
2003-12-26T23:12:28.170Z,35.6456667,-121.0671667,2.153,1.5,md,6,207,0.07928,0.03,nc,nc21325113,2017-01-04T22:46:15.779Z,"9 km N of Cambria, California",earthquake,0.61,2.04,0.23,3,reviewed,nc,nc
2003-12-26T23:08:28.850Z,35.6738333,-121.0821667,3.869,1.47,md,13,106,0.05856,0.05,nc,nc21325109,2017-01-04T22:46:12.714Z,"10 km ENE of San Simeon, California",earthquake,0.31,0.67,0.14,4,reviewed,nc,nc
2003-12-26T23:04:18.600Z,35.675,-121.0906667,6.102,2.72,md,50,101,0.07477,0.07,nc,nc21325108,2017-01-04T22:46:08.120Z,"9 km ENE of San Simeon, California",earthquake,0.15,0.54,0.1,53,reviewed,nc,nc
2003-12-26T23:00:52.710Z,35.5538333,-120.8313333,4.98,1.35,md,15,113,0.06486,0.18,nc,nc21325104,2017-01-04T22:45:58.187Z,"11 km W of Templeton, California",earthquake,0.54,1.3,0.18,6,reviewed,nc,nc
2003-12-26T22:24:54.630Z,35.5753333,-120.8238333,1.403,2.08,md,27,57,0.07928,0.07,nc,nc21326132,2017-01-04T22:45:54.873Z,"11 km WNW of Templeton, California",earthquake,0.2,1.03,0.16,18,reviewed,nc,nc
2003-12-26T22:20:51.720Z,35.5436667,-120.8153333,3.917,2.01,md,10,206,0.07568,0.18,nc,nc68007125,2017-01-04T22:45:50.882Z,"9 km W of Templeton, California",earthquake,0.85,1.23,0.23,6,reviewed,nc,nc
2003-12-26T22:07:23.860Z,35.5346667,-120.8208333,6.327,1.48,md,11,195,0.1126,0.02,nc,nc21325077,2017-01-04T22:45:47.299Z,"10 km W of Templeton, California",earthquake,0.9,1.07,0.12,3,reviewed,nc,nc
2003-12-26T22:01:53.310Z,35.6385,-121.0873333,11.636,1.96,md,9,177,0.03874,0.09,nc,nc68007124,2017-01-04T22:45:43.930Z,"8 km N of Cambria, California",earthquake,1.39,0.73,0.08,7,reviewed,nc,nc
2003-12-26T21:54:03.650Z,35.647,-121.0783333,7.517,3.42,ml,69,135,0.04775,0.08,nc,nc21326026,2017-01-04T22:45:39.100Z,"9 km N of Cambria, California",earthquake,0.16,0.69,,3,reviewed,nc,nc
2003-12-26T21:49:21.960Z,35.747,-121.0545,4.793,1.55,md,12,108,0.07658,0.02,nc,nc21325070,2017-01-04T22:45:32.126Z,"7 km WSW of Oak Shores, California",earthquake,0.3,0.55,0.06,7,reviewed,nc,nc
2003-12-26T21:36:51.630Z,35.5435,-120.8681667,6.94,2.65,md,43,45,0.03333,0.06,nc,nc21325069,2017-01-04T22:45:27.500Z,"11 km N of Cayucos, California",earthquake,0.15,0.41,0.11,58,reviewed,nc,nc
2003-12-26T21:27:50.510Z,35.8771667,-120.6063333,9.009,2.14,md,6,306,0.07297,0.03,nc,nc21325056,2017-01-04T22:45:20.551Z,"15 km W of Parkfield, California",earthquake,7.1,3.44,,1,reviewed,nc,nc
2003-12-26T21:23:54.580Z,35.5458333,-120.8473333,6.893,1.27,md,12,267,0.0964,0.04,nc,nc30226847,2017-01-04T22:45:17.120Z,"12 km NNE of Cayucos, California",earthquake,1.03,1.01,0.17,2,reviewed,nc,nc
2003-12-26T21:23:33.720Z,35.6456667,-120.9383333,3.352,1.4,md,14,223,0.05856,0.05,nc,nc21325055,2017-01-04T22:45:13.506Z,"10 km SSW of Lake Nacimiento, California",earthquake,2.16,0.52,,1,reviewed,nc,nc
2003-12-26T21:10:11.610Z,35.6723333,-121.1063333,4.175,2.47,md,33,113,0.03964,0.07,nc,nc30500462,2017-01-04T22:45:09.766Z,"8 km ENE of San Simeon, California",earthquake,0.17,0.4,0.13,31,reviewed,nc,nc
2003-12-26T21:08:36.610Z,35.6176667,-120.8976667,7.091,2.21,md,25,83,0.03423,0.1,nc,nc21325052,2017-01-04T22:45:05.882Z,"12 km S of Lake Nacimiento, California",earthquake,0.25,0.44,0.14,16,reviewed,nc,nc
2003-12-26T21:07:58.930Z,35.5191667,-120.8536667,4.295,1.39,md,14,254,0.1225,0.04,nc,nc21325050,2017-01-04T22:45:02.156Z,"9 km NNE of Cayucos, California",earthquake,2.96,1.08,0.07,2,reviewed,nc,nc
2003-12-26T21:07:33.900Z,35.5226667,-120.908,12.575,1.66,md,6,262,0.1234,0.04,nc,nc30226863,2017-01-04T22:44:58.356Z,"8 km N of Cayucos, California",earthquake,1.9,1.06,0.2,2,reviewed,nc,nc
2003-12-26T20:52:57.650Z,35.6013333,-120.9008333,8.703,1.92,md,11,199,0.06757,0.19,nc,nc68007119,2017-01-04T22:44:55.046Z,"14 km S of Lake Nacimiento, California",earthquake,0.9,1.44,0.21,8,reviewed,nc,nc
2003-12-26T20:48:47.550Z,35.6688333,-121.1025,4.553,1.57,md,12,227,0.04414,0.09,nc,nc21325040,2017-01-04T22:44:51.579Z,"8 km ENE of San Simeon, California",earthquake,0.92,0.83,0.09,6,reviewed,nc,nc
2003-12-26T20:47:55.240Z,35.5751667,-120.8338333,4.728,2.85,md,6,231,0.2099,0.11,nc,nc21325041,2017-01-04T22:44:47.873Z,"11 km WNW of Templeton, California",earthquake,3.62,7.99,,1,reviewed,nc,nc
2003-12-26T20:38:19.410Z,35.549,-120.86,6.69,1.53,md,52,37,0.04054,0.07,nc,nc68007117,2017-01-04T22:44:42.820Z,"12 km NNE of Cayucos, California",earthquake,0.15,0.45,0.304,41,reviewed,nc,nc
2003-12-26T20:31:14.290Z,35.6491667,-120.9325,4.299,2.27,md,37,58,0.05405,0.12,nc,nc21326013,2017-01-04T22:44:35.913Z,"10 km SSW of Lake Nacimiento, California",earthquake,0.23,0.48,0.12,31,reviewed,nc,nc
2003-12-26T20:15:12.940Z,35.5365,-120.8473333,7.37,2.09,md,27,73,0.04865,0.12,nc,nc21326009,2017-01-04T22:44:28.147Z,"11 km NNE of Cayucos, California",earthquake,0.26,0.65,0.14,12,reviewed,nc,nc
2003-12-26T20:13:54.160Z,35.6481667,-121.1093333,8.456,1.92,md,9,175,0.04955,0.08,nc,nc68007114,2017-01-04T22:44:24.697Z,"7 km E of San Simeon, California",earthquake,1.55,0.63,0.14,4,reviewed,nc,nc
2003-12-26T20:00:57.460Z,35.5663333,-120.8876667,11.688,1.93,md,16,79,0.03604,0.09,nc,nc21326007,2017-01-04T22:44:21.293Z,"13 km N of Cayucos, California",earthquake,0.41,1.3,0.11,7,reviewed,nc,nc
2003-12-26T19:59:00.500Z,35.7131667,-121.0601667,4.909,1.35,md,8,120,0.08198,0.04,nc,nc21326006,2017-01-04T22:44:17.659Z,"9 km SW of Oak Shores, California",earthquake,0.43,0.78,0.16,5,reviewed,nc,nc
2003-12-26T19:44:06.940Z,35.6496667,-120.9463333,3.846,2.03,md,38,65,0.06577,0.07,nc,nc21326005,2017-01-04T22:44:13.120Z,"10 km SW of Lake Nacimiento, California",earthquake,0.14,0.42,0.11,25,reviewed,nc,nc
2003-12-26T19:39:47.790Z,35.716,-121.1136667,6.415,2.95,md,56,52,0.04685,0.07,nc,nc21326001,2017-01-04T22:44:04.670Z,"10 km NE of San Simeon, California",earthquake,0.13,0.52,0.09,74,reviewed,nc,nc
2003-12-26T19:07:01.930Z,35.6685,-121.0856667,4.148,1.36,md,6,224,0.05676,0.01,nc,nc21326000,2017-01-04T22:43:48.379Z,"9 km ENE of San Simeon, California",earthquake,0.74,1.55,0.11,4,reviewed,nc,nc
2003-12-26T18:58:42.010Z,35.7218333,-121.0491667,4.633,1.64,md,14,65,0.09369,0.02,nc,nc21325996,2017-01-04T22:43:41.783Z,"8 km SW of Oak Shores, California",earthquake,0.25,0.54,0.08,6,reviewed,nc,nc
2003-12-26T18:04:34.260Z,35.708,-121.0391667,4.703,1.38,md,7,140,0.0964,0.03,nc,nc21325981,2017-01-04T22:43:15.760Z,"8 km SW of Oak Shores, California",earthquake,0.45,0.92,0.21,5,reviewed,nc,nc
2003-12-26T17:59:53.710Z,35.6423333,-121.067,2.243,1.76,md,15,123,0.08108,0.05,nc,nc21325980,2017-01-04T22:43:12.486Z,"8 km N of Cambria, California",earthquake,0.27,0.92,0.16,5,reviewed,nc,nc
2003-12-26T17:56:15.200Z,35.5873333,-120.8841667,5.552,1.61,md,10,289,0.1937,0.03,nc,nc21325978,2017-01-04T22:43:05.791Z,"15 km S of Lake Nacimiento, California",earthquake,3.77,2.45,0.27,2,reviewed,nc,nc
2003-12-26T17:49:03.470Z,35.627,-120.9488333,4.003,2.04,md,26,193,0.06847,0.06,nc,nc21325975,2017-01-04T22:43:01.190Z,"12 km SSW of Lake Nacimiento, California",earthquake,0.52,0.8,0.14,23,reviewed,nc,nc
2003-12-26T17:29:02.700Z,35.5111667,-120.8591667,2.792,1.3,md,6,225,0.1297,0.01,nc,nc21325970,2017-01-04T22:42:43.996Z,"8 km NNE of Cayucos, California",earthquake,5.15,3.44,0.05,2,reviewed,nc,nc
2003-12-26T17:22:50.850Z,35.6613333,-121.0878333,3.233,2.18,md,34,121,0.05766,0.05,nc,nc21325969,2017-01-04T22:42:39.540Z,"9 km ENE of San Simeon, California",earthquake,0.2,0.57,0.12,26,reviewed,nc,nc
2003-12-26T16:55:45.520Z,35.5383333,-120.8613333,7.401,1.49,md,16,193,0.1027,0.02,nc,nc21325966,2017-01-04T22:42:25.344Z,"10 km NNE of Cayucos, California",earthquake,0.48,0.74,0.08,3,reviewed,nc,nc
2003-12-26T16:42:05.260Z,35.6968333,-121.047,8.493,1.35,md,8,77,0.08829,0.02,nc,nc21325964,2017-01-04T22:42:22.157Z,"10 km SW of Oak Shores, California",earthquake,0.32,1.03,0.18,5,reviewed,nc,nc
2003-12-26T16:32:38.000Z,35.7021667,-121.035,4.353,1.88,md,17,74,0.0991,0.03,nc,nc21325961,2017-01-04T22:42:18.695Z,"8 km SW of Oak Shores, California",earthquake,0.18,0.51,0.11,7,reviewed,nc,nc
2003-12-26T16:24:02.890Z,35.6756667,-121.0951667,4.503,2.1,md,30,109,0.04775,0.03,nc,nc21325959,2017-01-04T22:42:13.940Z,"Near the coast of Central California",earthquake,0.27,0.48,0.12,23,reviewed,nc,nc
2003-12-26T15:38:45.900Z,35.6506667,-121.1213333,8.006,3.76,md,14,172,0.05495,0.08,nc,nc68007098,2017-01-04T22:41:53.318Z,"6 km E of San Simeon, California",earthquake,1.14,0.78,0.02,2,reviewed,nc,nc
2003-12-26T15:25:32.600Z,35.5198333,-120.8116667,6.327,1.49,md,12,194,0.1288,0.02,nc,nc21325033,2017-01-04T22:41:46.004Z,"10 km WSW of Templeton, California",earthquake,0.68,2.78,0.07,3,reviewed,nc,nc
2003-12-26T15:04:49.000Z,35.617,-120.8465,1.656,1.75,md,9,232,0.02883,0.05,nc,nc21325023,2017-01-04T22:41:31.948Z,"12 km SSE of Lake Nacimiento, California",earthquake,2.53,1.46,,1,reviewed,nc,nc
2003-12-26T14:54:25.400Z,35.5451667,-120.8611667,6.667,1.48,md,18,211,0.0964,0.03,nc,nc21325949,2017-01-04T22:41:28.422Z,"11 km NNE of Cayucos, California",earthquake,1.06,0.72,0.04,4,reviewed,nc,nc
2003-12-26T14:44:39.070Z,35.5973333,-120.8188333,1.587,1.65,md,8,271,0.05856,0.07,nc,nc21325948,2017-01-04T22:41:24.946Z,"11 km WNW of Templeton, California",earthquake,6.93,6.77,,1,reviewed,nc,nc
2003-12-26T14:29:48.530Z,35.6158333,-120.8931667,8.486,0.93,md,4,195,0.03333,0.05,nc,nc30226845,2017-01-04T22:41:21.569Z,"12 km S of Lake Nacimiento, California",earthquake,0.63,1.69,,1,reviewed,nc,nc
2003-12-26T14:29:33.370Z,35.7305,-121.0698333,2.281,1.63,md,15,72,0.08378,0.05,nc,nc30226844,2017-01-04T22:41:18.181Z,"Near the coast of Central California",earthquake,0.24,0.98,0.32,7,reviewed,nc,nc
2003-12-26T14:29:25.000Z,35.7101667,-121.0535,4.681,0.91,md,6,106,0.08649,0.06,nc,nc21325015,2017-01-04T22:41:14.920Z,"9 km SW of Oak Shores, California",earthquake,0.92,1.28,,1,reviewed,nc,nc
2003-12-26T14:25:44.180Z,35.5641667,-120.838,4.737,1.51,md,12,196,0.08018,0.04,nc,nc21325008,2017-01-04T22:41:11.525Z,"Central California",earthquake,1.33,2.4,0.09,4,reviewed,nc,nc
2003-12-26T14:10:34.260Z,35.6946667,-121.0103333,4.533,2.22,md,32,75,0.118,0.03,nc,nc21324992,2017-01-04T22:41:07.580Z,"8 km SSW of Oak Shores, California",earthquake,0.2,0.46,0.13,31,reviewed,nc,nc
2003-12-26T13:54:15.500Z,35.5366667,-120.8505,7.109,1.56,md,9,210,0.1054,0.03,nc,nc21324988,2017-01-04T22:40:57.421Z,"11 km NNE of Cayucos, California",earthquake,0.81,1.5,0.07,2,reviewed,nc,nc
2003-12-26T13:52:18.310Z,35.567,-120.8511667,7.426,1.42,md,11,262,0.07477,0.02,nc,nc21324987,2017-01-04T22:40:54.093Z,"13 km W of Templeton, California",earthquake,1.37,0.55,0.05,2,reviewed,nc,nc
2003-12-26T13:23:57.000Z,35.6348333,-121.0106667,2.953,1.75,md,11,105,0.118,0.02,nc,nc21324972,2017-01-04T22:40:47.196Z,"10 km NE of Cambria, California",earthquake,0.36,0.86,0.07,3,reviewed,nc,nc
2003-12-26T13:16:59.770Z,35.6956667,-121.0201667,8.823,1.24,md,10,78,0.1099,0.03,nc,nc21324976,2017-01-04T22:40:40.655Z,"Near the coast of Central California",earthquake,0.63,0.76,0.05,3,reviewed,nc,nc
2003-12-26T13:08:50.360Z,35.6361667,-120.9368333,4.082,1.76,md,13,143,0.05766,0.02,nc,nc21324968,2017-01-04T22:40:36.941Z,"11 km SSW of Lake Nacimiento, California",earthquake,0.31,0.35,0.15,4,reviewed,nc,nc
2003-12-26T12:58:03.170Z,35.554,-120.8686667,4.66,1.55,md,16,159,0.08739,0.04,nc,nc21324963,2017-01-04T22:40:20.531Z,"12 km N of Cayucos, California",earthquake,0.61,0.72,0.2,3,reviewed,nc,nc
2003-12-26T12:45:15.230Z,35.5825,-120.9005,4.935,2.1,md,19,165,0.06486,0.04,nc,nc21326487,2017-01-04T22:40:06.513Z,"15 km N of Cayucos, California",earthquake,0.71,0.45,0.14,18,reviewed,nc,nc
2003-12-26T12:36:25.800Z,35.6493333,-121.0896667,3.681,2.19,md,26,134,0.06126,0.02,nc,nc21326486,2017-01-04T22:40:02.962Z,"9 km E of San Simeon, California",earthquake,0.22,0.5,0.12,19,reviewed,nc,nc
2003-12-26T12:23:35.040Z,35.5296667,-120.9205,3.423,2.17,md,23,124,0.1153,0.04,nc,nc21326483,2017-01-04T22:39:59.323Z,"9 km NNW of Cayucos, California",earthquake,0.26,0.51,0.13,21,reviewed,nc,nc
2003-12-26T12:19:41.260Z,35.5268333,-120.839,4.095,1.81,md,19,160,0.1162,0.05,nc,nc21326482,2017-01-04T22:39:55.701Z,"10 km NNE of Cayucos, California",earthquake,0.51,1.06,0.2,5,reviewed,nc,nc
2003-12-26T12:14:38.580Z,35.681,-121.092,4.741,2.51,md,41,101,0.05045,0.04,nc,nc21326481,2017-01-04T22:39:51.050Z,"9 km ENE of San Simeon, California",earthquake,0.12,0.32,0.1,39,reviewed,nc,nc
2003-12-26T12:11:59.540Z,35.6315,-120.925,7.695,2.02,md,30,136,0.04865,0.04,nc,nc21326479,2017-01-04T22:39:42.439Z,"11 km SSW of Lake Nacimiento, California",earthquake,0.3,0.62,0.13,20,reviewed,nc,nc
2003-12-26T12:07:38.300Z,35.699,-121.0431667,8.882,3.53,ml,53,71,0.1072,0.1,nc,nc21326472,2017-01-04T22:39:33.940Z,"Near the coast of Central California",earthquake,0.18,0.71,,3,reviewed,nc,nc
2003-12-26T12:01:26.220Z,35.6775,-121.1076667,4.651,2.05,md,19,112,0.03784,0.03,nc,nc21326470,2017-01-04T22:39:24.207Z,"8 km ENE of San Simeon, California",earthquake,0.25,0.29,0.15,17,reviewed,nc,nc
2003-12-26T11:53:43.850Z,35.6795,-121.0975,4.241,2.52,md,31,105,0.04595,0.04,nc,nc21326467,2017-01-04T22:39:19.000Z,"9 km ENE of San Simeon, California",earthquake,0.17,0.42,0.12,30,reviewed,nc,nc
2003-12-26T11:51:10.840Z,35.576,-120.8408333,3.96,1.8,md,23,158,0.06847,0.04,nc,nc21326466,2017-01-04T22:39:12.097Z,"12 km WNW of Templeton, California",earthquake,0.62,0.33,0.12,12,reviewed,nc,nc
2003-12-26T11:39:25.490Z,35.5351667,-120.8511667,7.162,2.17,md,34,115,0.1063,0.04,nc,nc30226729,2017-01-04T22:39:03.860Z,"10 km NNE of Cayucos, California",earthquake,0.2,0.88,0.09,28,reviewed,nc,nc
2003-12-26T11:37:00.340Z,35.6435,-121.0716667,3.071,2.81,md,39,125,0.07748,0.04,nc,nc21326461,2017-01-04T22:38:55.870Z,"8 km N of Cambria, California",earthquake,0.19,0.57,0.11,60,reviewed,nc,nc
2003-12-26T11:18:24.410Z,35.5498333,-120.8166667,5.217,1.66,md,18,186,0.1,0.03,nc,nc21326509,2017-01-04T22:38:41.010Z,"10 km W of Templeton, California",earthquake,0.99,0.83,0.14,6,reviewed,nc,nc
2003-12-26T11:14:17.600Z,35.5811667,-120.8226667,3.755,1.77,md,23,164,0.06937,0.04,nc,nc21326507,2017-01-04T22:38:37.140Z,"11 km WNW of Templeton, California",earthquake,0.87,0.61,0.17,13,reviewed,nc,nc
2003-12-26T11:02:51.360Z,35.5396667,-120.8513333,6.212,2.82,md,48,101,0.1018,0.06,nc,nc21326505,2017-01-04T22:38:32.150Z,"11 km NNE of Cayucos, California",earthquake,0.18,0.73,0.07,59,reviewed,nc,nc
2003-12-26T10:50:21.820Z,35.562,-120.8168333,3.805,2.04,md,16,137,0.08919,0.06,nc,nc21326502,2017-01-04T22:38:19.035Z,"10 km W of Templeton, California",earthquake,0.29,0.76,0.19,16,reviewed,nc,nc
2003-12-26T10:44:00.080Z,35.6538333,-120.8493333,3.947,1.19,md,6,296,0.1342,0.02,nc,nc21326501,2017-01-04T22:38:15.256Z,"8 km SSE of Lake Nacimiento, California",earthquake,3.6,5.5,,1,reviewed,nc,nc
2003-12-26T10:37:31.010Z,35.6611667,-121.122,4.84,3.38,ml,46,133,0.03333,0.07,nc,nc30500543,2017-01-04T22:38:11.050Z,"6 km ENE of San Simeon, California",earthquake,0.15,0.37,,3,reviewed,nc,nc
2003-12-26T10:11:07.390Z,35.6276667,-120.7375,5.024,1.02,md,9,180,0.1063,0.03,nc,nc21324958,2017-01-04T22:38:00.450Z,"4 km W of Paso Robles, California",earthquake,2.1,4.66,,1,reviewed,nc,nc
2003-12-26T09:53:59.980Z,35.5683333,-120.809,4.857,1.81,md,15,174,0.08649,0.04,nc,nc21324960,2017-01-04T22:37:56.985Z,"9 km WNW of Templeton, California",earthquake,0.69,0.71,0.25,4,reviewed,nc,nc
2003-12-26T09:01:04.840Z,35.6888333,-121.0745,11.076,2.01,md,10,197,0.09009,0.09,nc,nc68007070,2017-01-04T22:37:41.263Z,"11 km ENE of San Simeon, California",earthquake,1.53,1.39,0.28,7,reviewed,nc,nc
2003-12-26T08:55:35.440Z,35.5831667,-120.9321667,3.601,2.22,md,21,80,0.05315,0.15,nc,nc21324941,2017-01-04T22:37:37.939Z,"13 km E of Cambria, California",earthquake,0.28,0.66,0.26,2,reviewed,nc,nc
2003-12-26T08:29:40.310Z,35.6313333,-120.9188333,8.622,2.05,md,28,61,0.0982,0.14,nc,nc21324934,2017-01-04T22:37:34.369Z,"11 km SSW of Lake Nacimiento, California",earthquake,0.24,1.04,0.13,20,reviewed,nc,nc
2003-12-26T08:26:08.520Z,35.5863333,-120.8398333,0.513,1.96,md,16,71,0.07568,0.06,nc,nc21324931,2017-01-04T22:37:30.837Z,"12 km WNW of Templeton, California",earthquake,0.23,0.99,0.26,6,reviewed,nc,nc
2003-12-26T08:22:18.600Z,35.645,-120.9166667,6.731,1.55,md,11,268,0.04144,0.02,nc,nc21325003,2017-01-04T22:37:27.528Z,"9 km SSW of Lake Nacimiento, California",earthquake,4.31,2.66,0.15,2,reviewed,nc,nc
2003-12-26T08:09:37.100Z,35.532,-120.8376667,6.87,1.56,md,14,206,0.1117,0.04,nc,nc21325002,2017-01-04T22:37:24.082Z,"11 km NNE of Cayucos, California",earthquake,0.52,1.07,0.2,2,reviewed,nc,nc
2003-12-26T08:04:49.660Z,35.5226667,-120.8145,4.03,2.43,md,35,61,0.07568,0.09,nc,nc21325001,2017-01-04T22:37:20.567Z,"10 km WSW of Templeton, California",earthquake,0.18,0.7,0.13,35,reviewed,nc,nc
2003-12-26T08:02:54.160Z,35.7181667,-121.089,5.44,2.1,md,24,53,0.06396,0.09,nc,nc21325000,2017-01-04T22:37:16.967Z,"11 km WSW of Oak Shores, California",earthquake,0.2,0.76,0.12,17,reviewed,nc,nc
2003-12-26T07:55:27.680Z,35.5611667,-120.8721667,6.59,2.11,md,22,57,0.03964,0.18,nc,nc21324999,2017-01-04T22:37:13.455Z,"13 km N of Cayucos, California",earthquake,0.41,0.81,0.21,12,reviewed,nc,nc
2003-12-26T07:50:55.750Z,35.5446667,-120.8608333,7.01,1.67,md,21,209,0.0964,0.04,nc,nc21324998,2017-01-04T22:37:10.041Z,"11 km NNE of Cayucos, California",earthquake,0.83,0.63,0.22,6,reviewed,nc,nc
2003-12-26T07:46:18.910Z,35.5406667,-120.814,3.888,2.11,md,23,61,0.07568,0.08,nc,nc21324925,2017-01-04T22:37:06.676Z,"9 km W of Templeton, California",earthquake,0.26,0.79,0.13,16,reviewed,nc,nc
2003-12-26T07:31:22.680Z,35.5255,-120.8698333,0.55,1.9,md,25,61,0.03153,0.07,nc,nc21324923,2017-01-04T22:37:03.176Z,"9 km NNE of Cayucos, California",earthquake,0.2,0.59,0.12,11,reviewed,nc,nc
2003-12-26T07:21:45.970Z,35.6368333,-120.9263333,6.145,2.12,md,29,90,0.06126,0.08,nc,nc21324917,2017-01-04T22:36:59.665Z,"10 km SSW of Lake Nacimiento, California",earthquake,0.18,0.93,0.1,26,reviewed,nc,nc
2003-12-26T07:16:11.190Z,35.6553333,-121.082,8.146,2.05,md,11,186,0.05586,0.08,nc,nc68007060,2017-01-04T22:36:56.034Z,"9 km E of San Simeon, California",earthquake,1.02,1.24,0.12,7,reviewed,nc,nc
2003-12-26T07:15:34.340Z,35.6123333,-120.8148333,2.677,1.29,md,8,268,0.05135,0.02,nc,nc21324918,2017-01-04T22:36:52.619Z,"11 km W of Paso Robles, California",earthquake,6.05,5.95,,1,reviewed,nc,nc
2003-12-26T07:10:48.830Z,35.7205,-121.0866667,4.678,2.37,md,37,53,0.06667,0.08,nc,nc21324920,2017-01-04T22:36:49.686Z,"11 km WSW of Oak Shores, California",earthquake,0.16,0.59,0.08,31,reviewed,nc,nc
2003-12-26T06:43:52.450Z,35.5748333,-120.8636667,3.95,2.18,md,19,72,0.05405,0.08,nc,nc21324912,2017-01-04T22:36:46.074Z,"14 km W of Templeton, California",earthquake,0.24,0.46,0.18,14,reviewed,nc,nc
2003-12-26T06:38:35.710Z,35.7265,-121.0898333,6.836,3.01,md,13,208,0.1261,0.08,nc,nc68007057,2017-01-04T22:36:38.979Z,"11 km WSW of Oak Shores, California",earthquake,0.57,1.27,0.07,9,reviewed,nc,nc
2003-12-26T06:22:03.750Z,35.6616667,-121.0158333,7.121,2.57,md,41,56,0.08829,0.11,nc,nc21324886,2017-01-04T22:36:35.320Z,"12 km NNE of Cambria, California",earthquake,0.2,0.6,0.07,42,reviewed,nc,nc
2003-12-26T06:08:48.390Z,35.6823333,-121.1115,3.16,2.06,md,17,100,0.03423,0.05,nc,nc21324907,2017-01-04T22:36:28.375Z,"8 km ENE of San Simeon, California",earthquake,0.18,0.76,0.11,14,reviewed,nc,nc
2003-12-26T06:04:56.480Z,35.6048333,-120.9056667,7.253,1.83,md,7,208,0.07117,0.07,nc,nc68007054,2017-01-04T22:36:25.146Z,"13 km S of Lake Nacimiento, California",earthquake,0.53,0.82,0.21,6,reviewed,nc,nc
2003-12-26T05:32:19.790Z,35.632,-120.9938333,4.233,1.76,md,8,122,0.1045,0.03,nc,nc21326932,2017-01-04T22:36:18.085Z,"10 km NE of Cambria, California",earthquake,0.44,1.11,0.01,3,reviewed,nc,nc
2003-12-26T05:25:48.240Z,35.6543333,-121.0711667,9.006,2.36,md,12,187,0.05676,0.09,nc,nc68007053,2017-01-04T22:36:14.392Z,"10 km N of Cambria, California",earthquake,1.13,0.9,0.12,9,reviewed,nc,nc
2003-12-26T05:24:08.190Z,35.5628333,-120.9005,6.223,2,md,13,198,0.02973,0.16,nc,nc68007052,2017-01-04T22:36:10.995Z,"13 km N of Cayucos, California",earthquake,0.78,0.62,0.15,5,reviewed,nc,nc
2003-12-26T05:19:38.980Z,35.6911667,-121.1081667,6.71,2.47,md,37,85,0.03784,0.08,nc,nc21326928,2017-01-04T22:36:07.511Z,"9 km NE of San Simeon, California",earthquake,0.16,0.46,0.08,34,reviewed,nc,nc
2003-12-26T05:05:25.270Z,35.7051667,-121.0878333,11.61,2.25,md,9,221,0.1045,0.06,nc,nc68007050,2017-01-04T22:36:03.166Z,"11 km NE of San Simeon, California",earthquake,1.22,1.2,0.18,7,reviewed,nc,nc
2003-12-26T04:56:34.650Z,35.595,-120.8776667,6.925,3.04,md,44,78,0.04685,0.07,nc,nc21324885,2017-01-04T22:35:58.590Z,"14 km S of Lake Nacimiento, California",earthquake,0.17,0.45,0.08,63,reviewed,nc,nc
2003-12-26T04:54:13.200Z,35.5656667,-120.8231667,6.345,2.47,md,38,48,0.07568,0.11,nc,nc21324897,2017-01-04T22:35:51.639Z,"10 km W of Templeton, California",earthquake,0.2,1.3,0.13,34,reviewed,nc,nc
2003-12-26T04:52:36.110Z,35.6551667,-121.0138333,8.829,2.05,md,21,64,0.08559,0.11,nc,nc21324896,2017-01-04T22:35:47.890Z,"11 km NNE of Cambria, California",earthquake,0.28,0.91,0.16,12,reviewed,nc,nc
2003-12-26T04:50:46.820Z,35.5255,-120.8178333,3.26,2.2,md,30,60,0.07297,0.1,nc,nc21324895,2017-01-04T22:35:43.971Z,"10 km WSW of Templeton, California",earthquake,0.22,0.94,0.12,17,reviewed,nc,nc
2003-12-26T04:42:14.320Z,35.5411667,-120.886,2.97,2.51,md,36,48,0.01802,0.16,nc,nc21324894,2017-01-04T22:35:40.198Z,"10 km N of Cayucos, California",earthquake,0.23,0.54,0.12,32,reviewed,nc,nc
2003-12-26T04:39:18.270Z,35.5815,-120.8755,2.422,2.56,md,36,76,0.05405,0.06,nc,nc21324893,2017-01-04T22:35:36.280Z,"15 km N of Cayucos, California",earthquake,0.17,0.68,0.09,38,reviewed,nc,nc
2003-12-26T04:18:45.760Z,35.591,-120.8735,5.441,2.24,md,32,77,0.05045,0.08,nc,nc21325009,2017-01-04T22:35:29.187Z,"15 km S of Lake Nacimiento, California",earthquake,0.18,0.53,0.14,22,reviewed,nc,nc
2003-12-26T04:14:48.980Z,35.5728333,-120.9045,5.601,2.8,md,47,86,0.03874,0.07,nc,nc21324892,2017-01-04T22:35:24.040Z,"14 km N of Cayucos, California",earthquake,0.19,0.37,0.12,57,reviewed,nc,nc
2003-12-26T04:12:31.960Z,35.6451667,-121.0875,4.385,2.23,md,19,107,0.04505,0.06,nc,nc21324891,2017-01-04T22:35:17.135Z,"9 km N of Cambria, California",earthquake,0.18,0.41,0.07,10,reviewed,nc,nc
2003-12-26T04:01:44.150Z,35.6585,-121.084,3.136,2.12,md,13,186,0.05856,0.04,nc,nc68007040,2017-01-04T22:35:09.895Z,"9 km E of San Simeon, California",earthquake,0.34,0.57,0.18,6,reviewed,nc,nc
2003-12-26T03:59:56.690Z,35.6538333,-121.0888333,2.314,2.87,md,46,106,0.05315,0.06,nc,nc21324884,2017-01-04T22:35:05.340Z,"9 km E of San Simeon, California",earthquake,0.13,0.59,0.09,54,reviewed,nc,nc
2003-12-26T03:55:07.590Z,35.5506667,-120.8396667,1.227,1.69,md,11,226,0.09279,0.05,nc,nc21324883,2017-01-04T22:34:55.741Z,"12 km W of Templeton, California",earthquake,0.69,2,0.04,2,reviewed,nc,nc
2003-12-26T03:45:33.470Z,35.6446667,-121.0835,3.68,3.6,ml,49,102,0.04505,0.07,nc,nc30500416,2017-01-04T22:34:50.870Z,"8 km N of Cambria, California",earthquake,0.14,0.4,,0,reviewed,nc,nc
2003-12-26T03:45:05.520Z,35.5423333,-120.8655,8.28,2.24,md,29,67,0.03423,0.08,nc,nc30500415,2017-01-04T22:34:43.756Z,"11 km NNE of Cayucos, California",earthquake,0.24,0.72,0.11,20,reviewed,nc,nc
2003-12-26T03:43:56.560Z,35.5388333,-120.8515,5.545,2.92,md,48,56,0.04505,0.07,nc,nc21324882,2017-01-04T22:34:38.790Z,"11 km NNE of Cayucos, California",earthquake,0.16,0.5,0.1,58,reviewed,nc,nc
2003-12-26T03:39:11.650Z,35.6645,-121.099,7.71,2.46,md,12,185,0.06396,0.07,nc,nc68007035,2017-01-04T22:34:29.511Z,"8 km ENE of San Simeon, California",earthquake,0.97,0.8,0.14,10,reviewed,nc,nc
2003-12-26T03:37:54.950Z,35.6561667,-121.0865,3.905,2.37,md,17,103,0.05586,0.07,nc,nc21324875,2017-01-04T22:34:26.237Z,"9 km E of San Simeon, California",earthquake,0.27,0.43,0.06,13,reviewed,nc,nc
2003-12-26T03:32:01.500Z,35.6516667,-121.0901667,4.125,2.6,md,40,108,0.05135,0.09,nc,nc21326925,2017-01-04T22:34:01.568Z,"9 km E of San Simeon, California",earthquake,0.15,0.32,0.07,39,reviewed,nc,nc
2003-12-26T03:12:57.720Z,35.5951667,-121.1626667,5.363,2.38,md,14,176,0.05676,0.1,nc,nc68007032,2017-01-04T22:33:52.468Z,"5 km SSE of San Simeon, California",earthquake,1.16,0.8,0.16,9,reviewed,nc,nc
2003-12-26T03:08:03.430Z,35.6326667,-121.0536667,9.18,1.92,md,9,183,0.04595,0.05,nc,nc68007031,2017-01-04T22:33:48.963Z,"7 km NNE of Cambria, California",earthquake,0.9,0.56,0.04,8,reviewed,nc,nc
2003-12-26T03:05:29.930Z,35.66,-121.1138333,5.46,3.66,ml,37,127,0.03964,0.28,nc,nc30500418,2017-01-04T22:33:44.510Z,"7 km ENE of San Simeon, California",earthquake,0.33,0.75,,16,reviewed,nc,nc
2003-12-26T03:05:10.350Z,35.6448333,-121.0846667,4.034,3.65,ml,31,103,0.04505,0.09,nc,nc21324914,2017-01-04T22:33:33.408Z,"8 km N of Cambria, California",earthquake,0.18,0.45,,16,reviewed,nc,nc
2003-12-26T02:53:36.910Z,35.5163333,-120.8393333,7.037,1.53,md,14,272,0.127,0.02,nc,nc21324913,2017-01-04T22:33:29.416Z,"9 km NNE of Cayucos, California",earthquake,1.45,1.49,0.05,2,reviewed,nc,nc
2003-12-26T02:45:17.830Z,35.5333333,-120.8258333,8.909,1.48,md,7,198,0.1126,0.02,nc,nc21324881,2017-01-04T22:33:25.815Z,"11 km W of Templeton, California",earthquake,1.89,3.38,0.01,3,reviewed,nc,nc
2003-12-26T02:35:32.100Z,35.6343333,-120.928,7.305,3.41,ml,51,92,0.06126,0.06,nc,nc21324879,2017-01-04T22:33:20.740Z,"11 km SSW of Lake Nacimiento, California",earthquake,0.17,0.73,,5,reviewed,nc,nc
2003-12-26T02:22:20.320Z,35.639,-121.013,2.775,1.56,md,11,196,0.1198,0.03,nc,nc21324906,2017-01-04T22:33:09.508Z,"10 km NE of Cambria, California",earthquake,0.45,0.85,0.14,2,reviewed,nc,nc
2003-12-26T02:20:34.490Z,35.5415,-120.8536667,6.327,2.07,md,10,236,0.04414,0.16,nc,nc68007027,2017-01-04T22:33:06.131Z,"11 km NNE of Cayucos, California",earthquake,0.87,1.32,0.28,6,reviewed,nc,nc
2003-12-26T02:13:36.920Z,35.6251667,-120.8408333,3.767,1.38,md,9,254,0.02613,0.07,nc,nc21324908,2017-01-04T22:32:59.529Z,"11 km SSE of Lake Nacimiento, California",earthquake,7.86,5.2,0.14,2,reviewed,nc,nc
2003-12-26T02:04:05.160Z,35.6726667,-121.1125,4.02,2.03,md,26,118,0.03514,0.06,nc,nc21324877,2017-01-04T22:32:52.628Z,"7 km ENE of San Simeon, California",earthquake,0.16,0.44,0.08,12,reviewed,nc,nc
2003-12-26T02:01:59.870Z,35.7025,-121.0501667,9.603,1.86,md,24,57,0.08649,0.1,nc,nc21324903,2017-01-04T22:32:49.385Z,"9 km SW of Oak Shores, California",earthquake,0.27,0.89,0.14,13,reviewed,nc,nc
2003-12-26T01:58:24.510Z,35.5733333,-120.8856667,5.796,1.62,md,9,269,0.06937,0.03,nc,nc21324899,2017-01-04T22:32:46.067Z,"14 km N of Cayucos, California",earthquake,1.61,0.47,0.24,2,reviewed,nc,nc
2003-12-26T01:54:49.830Z,35.5358333,-120.819,5.25,1.93,md,15,71,0.07207,0.14,nc,nc21324889,2017-01-04T22:32:42.927Z,"10 km W of Templeton, California",earthquake,0.51,1.31,0.17,8,reviewed,nc,nc
2003-12-26T01:47:39.650Z,35.6621667,-121.1051667,5.2,2.71,md,34,119,0.04414,0.08,nc,nc21324898,2017-01-04T22:32:38.300Z,"8 km ENE of San Simeon, California",earthquake,0.2,0.43,0.12,36,reviewed,nc,nc
2003-12-26T01:38:23.350Z,35.5658333,-120.8281667,6.457,1.31,md,11,242,0.08108,0.05,nc,nc21324997,2017-01-04T22:32:29.935Z,"11 km W of Templeton, California",earthquake,1.55,0.76,,1,reviewed,nc,nc
2003-12-26T01:27:33.850Z,35.5136667,-120.8315,2.49,1.71,md,25,92,0.06486,0.16,nc,nc21324878,2017-01-04T22:32:20.267Z,"9 km NE of Cayucos, California",earthquake,0.33,1.22,0.04,7,reviewed,nc,nc
2003-12-26T01:23:20.620Z,35.6633333,-121.1046667,10.561,3.24,md,9,191,0.1432,0.08,nc,nc68007021,2017-01-04T22:32:17.030Z,"8 km ENE of San Simeon, California",earthquake,1.81,2.3,0.05,6,reviewed,nc,nc
2003-12-26T01:22:37.880Z,35.6681667,-121.1183333,3.69,3.51,ml,52,126,0.03243,0.06,nc,nc21324909,2017-01-04T22:32:12.000Z,"7 km ENE of San Simeon, California",earthquake,0.16,0.45,,14,reviewed,nc,nc
2003-12-26T01:15:23.030Z,35.5885,-120.9986667,3.729,1.86,md,4,287,0.1198,0.02,nc,nc21324868,2017-01-04T22:32:04.708Z,"7 km ENE of Cambria, California",earthquake,8.24,1.62,0.16,2,reviewed,nc,nc
2003-12-26T01:11:29.000Z,35.6908333,-121.1201667,6.573,1.44,md,8,89,0.02883,0.01,nc,nc21324866,2017-01-04T22:32:01.655Z,"8 km NE of San Simeon, California",earthquake,0.87,1.24,0.15,6,reviewed,nc,nc
2003-12-26T01:07:21.770Z,35.7915,-121.1381667,-0.476,1.39,md,4,207,0.07568,0.28,nc,nc21324855,2017-01-04T22:31:58.346Z,"14 km W of Oak Shores, California",earthquake,2.16,3.89,0.05,2,reviewed,nc,nc
2003-12-26T01:03:20.340Z,35.5408333,-120.8476667,6.665,2.24,md,31,36,0.04865,0.14,nc,nc21324854,2017-01-04T22:31:55.296Z,"11 km NNE of Cayucos, California",earthquake,0.24,0.69,0.19,13,reviewed,nc,nc
2003-12-26T01:00:12.220Z,35.5543333,-120.869,7.083,1.48,md,10,118,0.08649,0.07,nc,nc21324857,2017-01-04T22:31:51.459Z,"12 km N of Cayucos, California",earthquake,0.48,0.77,0.01,2,reviewed,nc,nc
2003-12-26T00:54:06.500Z,35.5866667,-120.8853333,6.791,1.48,md,15,237,0.05676,0.03,nc,nc21324856,2017-01-04T22:31:47.903Z,"15 km S of Lake Nacimiento, California",earthquake,0.78,0.56,0.12,2,reviewed,nc,nc
2003-12-26T00:52:03.790Z,35.6711667,-121.111,4.942,1.34,md,6,227,0.03604,0.02,nc,nc21324859,2017-01-04T22:31:41.555Z,"7 km ENE of San Simeon, California",earthquake,0.91,0.6,0.13,5,reviewed,nc,nc
2003-12-26T00:45:48.570Z,35.5303333,-120.9143333,2.481,2.03,md,32,78,0.007207,0.2,nc,nc21324862,2017-01-04T22:31:38.193Z,"9 km NNW of Cayucos, California",earthquake,0.28,0.38,0.1,13,reviewed,nc,nc
2003-12-26T00:44:32.650Z,35.6725,-121.0835,0.706,1.98,md,9,197,0.07207,0.03,nc,nc68007017,2017-01-04T22:31:34.430Z,"10 km ENE of San Simeon, California",earthquake,0.53,0.62,0.01,5,reviewed,nc,nc
2003-12-26T00:42:03.110Z,35.6375,-120.9181667,2.997,1.19,md,7,279,0.04234,0.02,nc,nc21324860,2017-01-04T22:31:31.066Z,"10 km SSW of Lake Nacimiento, California",earthquake,8.07,1.98,,1,reviewed,nc,nc
2003-12-26T00:33:56.470Z,35.6553333,-121.0745,2.503,1.21,md,5,199,0.07027,0.02,nc,nc21324852,2017-01-04T22:31:27.426Z,"10 km N of Cambria, California",earthquake,0.52,2.06,0.15,2,reviewed,nc,nc
2003-12-26T00:24:58.640Z,35.6613333,-121.0643333,2.583,2.37,md,9,204,0.06036,0.05,nc,nc68007016,2017-01-04T22:31:23.360Z,"10 km N of Cambria, California",earthquake,0.72,1.05,0.12,7,reviewed,nc,nc
2003-12-26T00:22:49.050Z,35.7168333,-121.0668333,5.123,1.54,md,12,172,0.07928,0.03,nc,nc21324845,2017-01-04T22:31:20.180Z,"9 km SW of Oak Shores, California",earthquake,0.33,0.42,0.11,5,reviewed,nc,nc
2003-12-26T00:09:38.000Z,35.6728333,-121.1111667,4.496,2.67,md,10,197,0.07387,0.03,nc,nc68007015,2017-01-04T22:31:16.977Z,"7 km ENE of San Simeon, California",earthquake,0.77,0.51,0.1,6,reviewed,nc,nc
2003-12-26T00:00:59.980Z,35.6045,-120.9001667,4.616,1.37,md,13,188,0.04595,0.02,nc,nc21324844,2017-01-04T22:31:09.929Z,"13 km S of Lake Nacimiento, California",earthquake,1.33,0.45,0.14,3,reviewed,nc,nc
2003-12-25T23:53:13.100Z,35.5453333,-120.8288333,3.47,2.24,md,31,58,0.06486,0.07,nc,nc30500405,2017-01-04T22:31:03.312Z,"11 km W of Templeton, California",earthquake,0.18,0.7,0.15,22,reviewed,nc,nc
2003-12-25T23:51:29.400Z,35.6921667,-121.1156667,6.98,2.4,md,30,109,0.09369,0.08,nc,nc21324837,2017-01-04T22:30:59.728Z,"8 km NE of San Simeon, California",earthquake,0.21,0.68,0.13,22,reviewed,nc,nc
2003-12-25T23:32:19.940Z,35.6476667,-121.0955,3.743,1.85,md,11,248,0.05856,0.02,nc,nc21325944,2017-01-04T22:30:56.041Z,"8 km E of San Simeon, California",earthquake,0.84,0.47,0.12,7,reviewed,nc,nc
2003-12-25T23:31:04.350Z,35.5875,-120.891,3.594,1.53,md,11,278,0.05766,0.01,nc,nc21324829,2017-01-04T22:30:52.614Z,"15 km S of Lake Nacimiento, California",earthquake,4.2,2.07,,1,reviewed,nc,nc
2003-12-25T23:25:34.650Z,35.6445,-120.9478333,3.349,3.15,ml,53,95,0.06667,0.08,nc,nc21324827,2017-01-04T22:30:47.990Z,"11 km SSW of Lake Nacimiento, California",earthquake,0.15,0.5,,1,reviewed,nc,nc
2003-12-25T23:21:01.930Z,35.7203333,-121.0258333,4.966,1.39,md,12,129,0.1063,0.04,nc,nc21324825,2017-01-04T22:30:40.525Z,"6 km SW of Oak Shores, California",earthquake,0.28,0.66,0.09,4,reviewed,nc,nc
2003-12-25T23:13:20.630Z,35.6603333,-121.0938333,4.136,1.83,md,29,108,0.05315,0.03,nc,nc21324824,2017-01-04T22:30:36.899Z,"8 km ENE of San Simeon, California",earthquake,0.2,0.41,0.1,10,reviewed,nc,nc
2003-12-25T23:09:20.250Z,35.6558333,-121.0081667,7.439,2.62,md,46,60,0.08919,0.1,nc,nc21324823,2017-01-04T22:30:32.540Z,"12 km NNE of Cambria, California",earthquake,0.15,0.58,0.1,55,reviewed,nc,nc
2003-12-25T23:04:44.640Z,35.5356667,-120.8495,6.761,2.96,md,7,275,0.1279,0.02,nc,nc68007009,2017-01-04T22:30:26.426Z,"11 km NNE of Cayucos, California",earthquake,0.56,1.02,0.1,4,reviewed,nc,nc
2003-12-25T23:04:15.720Z,35.5721667,-120.8973333,4.463,3.51,md,14,193,0.03874,0.09,nc,nc68007008,2017-01-04T22:30:22.918Z,"14 km N of Cayucos, California",earthquake,0.68,0.46,0.06,12,reviewed,nc,nc
2003-12-25T22:56:12.610Z,35.6298333,-120.9511667,4.139,1.56,md,14,139,0.07027,0.02,nc,nc21324818,2017-01-04T22:30:11.677Z,"12 km SSW of Lake Nacimiento, California",earthquake,0.55,0.6,0.08,3,reviewed,nc,nc
2003-12-25T22:53:04.770Z,35.5603333,-120.8388333,6.15,1.12,md,9,250,0.08378,0.05,nc,nc21324813,2017-01-04T22:30:08.338Z,"12 km W of Templeton, California",earthquake,1.91,1.04,,1,reviewed,nc,nc
2003-12-25T22:48:08.710Z,35.6716667,-121.093,3.644,1.72,md,13,184,0.05045,0.05,nc,nc21325503,2017-01-04T22:30:04.930Z,"9 km ENE of San Simeon, California",earthquake,0.61,1.05,0.07,6,reviewed,nc,nc
2003-12-25T22:29:06.840Z,35.6218333,-120.8033333,-0.548,1.52,md,9,130,0.05495,0.2,nc,nc21325502,2017-01-04T22:29:57.780Z,"10 km W of Paso Robles, California",earthquake,3.4,9.21,,1,reviewed,nc,nc
2003-12-25T22:21:42.670Z,35.5298333,-120.8475,1.4,2.2,md,35,52,0.04865,0.1,nc,nc21325500,2017-01-04T22:29:50.931Z,"10 km NNE of Cayucos, California",earthquake,0.15,0.67,0.15,22,reviewed,nc,nc
2003-12-25T22:16:31.580Z,35.542,-120.8105,4.67,2.07,md,26,44,0.07928,0.16,nc,nc21325499,2017-01-04T22:29:47.168Z,"9 km W of Templeton, California",earthquake,0.29,1.14,0.16,16,reviewed,nc,nc
2003-12-25T22:13:17.320Z,35.6706667,-121.0936667,7.4,2.17,md,18,103,0.05045,0.09,nc,nc21324795,2017-01-04T22:29:43.586Z,"9 km ENE of San Simeon, California",earthquake,0.28,0.73,0.05,12,reviewed,nc,nc
2003-12-25T22:12:53.420Z,35.7066667,-121.1098333,10.096,2.12,md,10,202,0.1072,0.06,nc,nc68007004,2017-01-04T22:29:40.124Z,"10 km NE of San Simeon, California",earthquake,1.26,1.21,0.08,6,reviewed,nc,nc
2003-12-25T22:06:33.650Z,35.5843333,-120.9336667,3.064,1.77,md,12,176,0.07928,0.02,nc,nc21324789,2017-01-04T22:29:36.483Z,"13 km E of Cambria, California",earthquake,0.84,0.45,0.08,4,reviewed,nc,nc
2003-12-25T22:00:48.350Z,35.5943333,-120.8348333,0.769,1.91,md,8,242,0.05315,0.03,nc,nc21324785,2017-01-04T22:29:32.881Z,"12 km WNW of Templeton, California",earthquake,4.43,4.55,,1,reviewed,nc,nc
2003-12-25T21:55:23.330Z,35.7186667,-121.0615,6.202,3.49,ml,53,74,0.1207,0.08,nc,nc21324801,2017-01-04T22:29:25.490Z,"9 km SW of Oak Shores, California",earthquake,0.15,0.8,,2,reviewed,nc,nc
2003-12-25T21:54:25.640Z,35.5525,-120.8308333,5.407,1.47,md,12,195,0.09369,0.02,nc,nc30226759,2017-01-04T22:29:18.000Z,"11 km W of Templeton, California",earthquake,0.8,0.93,0.02,3,reviewed,nc,nc
2003-12-25T21:53:58.020Z,35.5421667,-120.8433333,4.8,1.75,md,29,62,0.05225,0.09,nc,nc21324780,2017-01-04T22:29:14.842Z,"11 km NNE of Cayucos, California",earthquake,0.18,0.53,0.18,8,reviewed,nc,nc
2003-12-25T21:06:52.610Z,35.5831667,-120.862,4.76,1.71,md,13,299,0.05856,0.03,nc,nc21324796,2017-01-04T22:29:07.894Z,"14 km WNW of Templeton, California",earthquake,1.38,0.61,,1,reviewed,nc,nc
2003-12-25T20:57:02.200Z,35.7035,-121.0495,5.963,2.34,md,31,56,0.08739,0.1,nc,nc21324794,2017-01-04T22:29:04.260Z,"9 km SW of Oak Shores, California",earthquake,0.19,0.73,0.11,30,reviewed,nc,nc
2003-12-25T20:49:03.870Z,35.5708333,-120.8256667,1.64,2.55,md,46,37,0.07568,0.08,nc,nc21324792,2017-01-04T22:29:00.587Z,"11 km WNW of Templeton, California",earthquake,0.15,1.14,0.1,36,reviewed,nc,nc
2003-12-25T20:38:29.320Z,35.6643333,-121.0608333,4.324,1.33,md,12,186,0.07748,0.02,nc,nc21324791,2017-01-04T22:28:56.454Z,"11 km N of Cambria, California",earthquake,0.45,0.68,0.09,4,reviewed,nc,nc
2003-12-25T20:33:18.830Z,35.5788333,-120.8806667,3.798,2.88,md,41,78,0.04955,0.06,nc,nc21324790,2017-01-04T22:28:51.570Z,"15 km N of Cayucos, California",earthquake,0.16,0.38,0.09,58,reviewed,nc,nc
2003-12-25T20:32:26.340Z,35.5605,-120.8353333,6.132,1.55,md,13,251,0.08468,0.05,nc,nc21324788,2017-01-04T22:28:44.824Z,"11 km W of Templeton, California",earthquake,1.53,0.63,0.1,4,reviewed,nc,nc
2003-12-25T20:20:14.780Z,35.65,-121.079,3.887,2.84,md,45,97,0.05135,0.06,nc,nc21324787,2017-01-04T22:28:39.960Z,"9 km N of Cambria, California",earthquake,0.13,0.37,0.08,62,reviewed,nc,nc
2003-12-25T20:17:14.670Z,35.5575,-120.8981667,4.527,1.61,md,13,269,0.08739,0.07,nc,nc21324786,2017-01-04T22:28:31.201Z,"12 km N of Cayucos, California",earthquake,1.84,1.12,,2,reviewed,nc,nc
2003-12-25T20:12:28.680Z,35.7196667,-121.0881667,6.002,2.21,md,27,55,0.06486,0.08,nc,nc21324784,2017-01-04T22:28:27.973Z,"11 km WSW of Oak Shores, California",earthquake,0.17,0.6,0.11,24,reviewed,nc,nc
2003-12-25T20:04:19.200Z,35.5781667,-120.8591667,2.803,2.47,md,40,70,0.05856,0.08,nc,nc21324783,2017-01-04T22:28:24.500Z,"14 km WNW of Templeton, California",earthquake,0.16,0.59,0.11,37,reviewed,nc,nc
2003-12-25T20:03:23.150Z,35.6181667,-121.0051667,8.01,2.33,md,10,187,0.07477,0.12,nc,nc68006995,2017-01-04T22:28:20.570Z,"9 km NE of Cambria, California",earthquake,1.02,1.18,0.07,7,reviewed,nc,nc
2003-12-25T19:49:50.100Z,35.5565,-120.7986667,1.739,0.88,md,7,252,0.1009,0.01,nc,nc21324782,2017-01-04T22:28:16.890Z,"8 km W of Templeton, California",earthquake,2.63,3,,1,reviewed,nc,nc
2003-12-25T19:47:22.550Z,35.5316667,-120.8293333,6.717,2.11,md,13,195,0.06306,0.16,nc,nc68006994,2017-01-04T22:28:13.692Z,"11 km W of Templeton, California",earthquake,0.75,1.06,0.04,5,reviewed,nc,nc
2003-12-25T19:41:46.230Z,35.5358333,-120.837,5.87,3.36,ml,51,56,0.05676,0.07,nc,nc21324779,2017-01-04T22:28:09.030Z,"11 km NNE of Cayucos, California",earthquake,0.16,0.58,,3,reviewed,nc,nc
2003-12-25T19:39:12.310Z,35.6415,-121.0873333,11.026,2.18,md,12,178,0.04144,0.07,nc,nc68006992,2017-01-04T22:27:59.206Z,"8 km N of Cambria, California",earthquake,1.19,0.62,0.1,8,reviewed,nc,nc
2003-12-25T19:36:25.110Z,35.5261667,-120.8468333,4.97,1.58,md,15,211,0.1162,0.03,nc,nc21325083,2017-01-04T22:27:55.612Z,"10 km NNE of Cayucos, California",earthquake,0.95,0.61,0.08,4,reviewed,nc,nc
2003-12-25T19:26:19.800Z,35.6568333,-121.0511667,3.043,1.56,md,17,154,0.08739,0.04,nc,nc21325082,2017-01-04T22:27:52.081Z,"10 km NNE of Cambria, California",earthquake,0.34,0.58,0.16,4,reviewed,nc,nc
2003-12-25T19:24:03.060Z,35.7148333,-121.1208333,7.274,1.34,md,12,93,0.04234,0.04,nc,nc21325081,2017-01-04T22:27:48.268Z,"10 km NE of San Simeon, California",earthquake,0.84,1.2,0.06,4,reviewed,nc,nc
2003-12-25T19:21:47.940Z,35.5363333,-120.8361667,0.53,1.89,md,23,57,0.05766,0.17,nc,nc21325080,2017-01-04T22:27:44.881Z,"11 km NNE of Cayucos, California",earthquake,0.3,1.84,0.13,7,reviewed,nc,nc
2003-12-25T19:18:58.150Z,35.5711667,-120.804,1.358,2.19,md,26,55,0.09189,0.06,nc,nc21325079,2017-01-04T22:27:41.156Z,"9 km WNW of Templeton, California",earthquake,0.21,1.21,0.11,19,reviewed,nc,nc
2003-12-25T19:16:30.660Z,35.676,-121.1148333,6.12,1.98,md,26,115,0.03243,0.08,nc,nc21325078,2017-01-04T22:27:37.474Z,"7 km ENE of San Simeon, California",earthquake,0.2,0.33,0.18,12,reviewed,nc,nc
2003-12-25T19:06:59.300Z,35.6656667,-121.0955,4.756,2.4,md,12,186,0.06486,0.06,nc,nc68006988,2017-01-04T22:27:33.453Z,"8 km ENE of San Simeon, California",earthquake,0.62,0.56,0.15,8,reviewed,nc,nc
2003-12-25T19:02:58.270Z,35.6655,-121.1025,8.186,2.16,md,9,184,0.06577,0.08,nc,nc68006987,2017-01-04T22:27:29.599Z,"8 km ENE of San Simeon, California",earthquake,1.49,1.06,0.09,7,reviewed,nc,nc
2003-12-25T18:57:21.810Z,35.6748333,-120.9418333,1.869,1.24,md,10,257,0.07027,0.02,nc,nc21325074,2017-01-04T22:27:24.262Z,"8 km SW of Lake Nacimiento, California",earthquake,6.43,3.78,0.07,2,reviewed,nc,nc
2003-12-25T18:53:21.900Z,35.718,-121.0913333,6.064,1.81,md,5,123,0.06216,0.06,nc,nc21325073,2017-01-04T22:27:20.984Z,"11 km WSW of Oak Shores, California",earthquake,0.5,1.22,0.04,4,reviewed,nc,nc
2003-12-25T18:50:38.470Z,35.596,-120.9005,4.246,1.39,md,10,265,0.05315,0.03,nc,nc21325072,2017-01-04T22:27:17.355Z,"14 km S of Lake Nacimiento, California",earthquake,1.54,0.4,0.15,2,reviewed,nc,nc
2003-12-25T18:49:10.130Z,35.6291667,-120.9373333,3.191,1.7,md,12,192,0.05946,0.02,nc,nc21325071,2017-01-04T22:27:14.086Z,"12 km SSW of Lake Nacimiento, California",earthquake,0.31,0.48,0.12,3,reviewed,nc,nc
2003-12-25T18:42:43.700Z,35.6571667,-120.8865,4.307,1.07,md,9,219,0.02252,0.02,nc,nc21325787,2017-01-04T22:27:10.530Z,"7 km S of Lake Nacimiento, California",earthquake,6.41,4.39,0.11,2,reviewed,nc,nc
2003-12-25T18:42:08.390Z,35.6196667,-120.9581667,3.726,1.57,md,9,281,0.07748,0.01,nc,nc21325943,2017-01-04T22:27:06.989Z,"12 km ENE of Cambria, California",earthquake,3.57,0.62,0.36,2,reviewed,nc,nc
2003-12-25T18:38:24.900Z,35.716,-121.0836667,5.774,1.8,md,10,128,0.06667,0.02,nc,nc21325942,2017-01-04T22:27:02.688Z,"11 km WSW of Oak Shores, California",earthquake,0.44,0.85,0.06,6,reviewed,nc,nc
2003-12-25T18:31:19.820Z,35.612,-120.9658333,5.478,3.31,ml,52,108,0.08649,0.1,nc,nc21325938,2017-01-04T22:26:54.940Z,"11 km ENE of Cambria, California",earthquake,0.18,0.6,,3,reviewed,nc,nc
2003-12-25T18:23:31.530Z,35.7171667,-121.085,5.248,3.85,ml,55,54,0.06577,0.08,nc,nc21325935,2017-01-04T22:26:44.600Z,"11 km WSW of Oak Shores, California",earthquake,0.15,0.57,,12,reviewed,nc,nc
2003-12-25T18:20:26.280Z,35.5483333,-120.8388333,7.39,1.97,md,29,39,0.05766,0.11,nc,nc21325928,2017-01-04T22:26:37.319Z,"12 km W of Templeton, California",earthquake,0.22,0.6,0.17,14,reviewed,nc,nc
2003-12-25T18:13:06.070Z,35.6231667,-120.9478333,4.431,2.53,md,39,100,0.06847,0.08,nc,nc21325925,2017-01-04T22:26:33.668Z,"13 km SSW of Lake Nacimiento, California",earthquake,0.17,0.53,0.11,35,reviewed,nc,nc
2003-12-25T18:10:02.230Z,35.7155,-121.0855,4.726,2.11,md,28,108,0.1514,0.07,nc,nc21325923,2017-01-04T22:26:29.580Z,"11 km WSW of Oak Shores, California",earthquake,0.18,0.85,0.07,16,reviewed,nc,nc
2003-12-25T18:03:46.530Z,35.5698333,-120.8393333,7.9,2.17,md,17,157,0.06577,0.14,nc,nc30500533,2017-01-04T22:26:25.901Z,"12 km W of Templeton, California",earthquake,0.51,2.17,0.05,7,reviewed,nc,nc
2003-12-25T18:03:16.380Z,35.6001667,-120.8653333,7.151,2.06,md,25,74,0.04144,0.12,nc,nc21325922,2017-01-04T22:26:22.522Z,"14 km S of Lake Nacimiento, California",earthquake,0.31,0.93,0.12,18,reviewed,nc,nc
2003-12-25T17:58:48.850Z,35.6698333,-121.112,5.504,1.59,md,12,193,0.03604,0.02,nc,nc21325920,2017-01-04T22:26:17.336Z,"7 km ENE of San Simeon, California",earthquake,1.01,1.16,0.08,4,reviewed,nc,nc
2003-12-25T17:46:14.510Z,35.665,-120.9928333,4.674,1.26,md,12,213,0.1054,0.03,nc,nc21325918,2017-01-04T22:26:12.722Z,"11 km S of Oak Shores, California",earthquake,0.79,0.81,0.06,2,reviewed,nc,nc
2003-12-25T17:39:23.520Z,35.5236667,-120.8208333,4.26,2.3,md,30,60,0.07117,0.07,nc,nc21325916,2017-01-04T22:26:09.225Z,"10 km WSW of Templeton, California",earthquake,0.22,0.77,0.14,25,reviewed,nc,nc
2003-12-25T17:31:31.370Z,35.6641667,-121.116,7.506,2.2,md,11,180,0.06577,0.05,nc,nc68006978,2017-01-04T22:26:01.361Z,"7 km ENE of San Simeon, California",earthquake,0.93,0.68,0.27,6,reviewed,nc,nc
2003-12-25T17:24:56.850Z,35.5948333,-120.8995,3.523,2.33,md,34,84,0.06126,0.06,nc,nc21325912,2017-01-04T22:25:57.684Z,"14 km S of Lake Nacimiento, California",earthquake,0.16,0.56,0.1,31,reviewed,nc,nc
2003-12-25T17:22:42.600Z,35.526,-120.8261667,4.55,2.11,md,38,60,0.06667,0.06,nc,nc30227366,2017-01-04T22:25:52.440Z,"11 km NNE of Cayucos, California",earthquake,0.2,0.63,0.13,18,reviewed,nc,nc
2003-12-25T17:22:01.120Z,35.6503333,-120.9403333,4.109,2.02,md,38,91,0.06126,0.07,nc,nc21325910,2017-01-04T22:25:44.970Z,"10 km SSW of Lake Nacimiento, California",earthquake,0.16,0.36,0.16,24,reviewed,nc,nc
2003-12-25T17:20:42.040Z,35.5455,-120.8341667,6.77,1.28,md,18,200,0.0991,0.04,nc,nc21325908,2017-01-04T22:25:38.706Z,"11 km W of Templeton, California",earthquake,0.8,1.29,0.2,3,reviewed,nc,nc
2003-12-25T17:15:34.910Z,35.5373333,-120.8403333,4.473,2.29,md,18,74,0.05405,0.07,nc,nc21325907,2017-01-04T22:25:35.510Z,"11 km NNE of Cayucos, California",earthquake,0.25,0.9,0.1,14,reviewed,nc,nc
2003-12-25T17:06:08.950Z,35.5708333,-120.8443333,3.57,0.99,md,5,310,0.07297,0.01,nc,nc21324806,2017-01-04T22:25:24.040Z,"12 km W of Templeton, California",earthquake,7.91,3.08,,1,reviewed,nc,nc
2003-12-25T17:03:32.820Z,35.6383333,-121.0943333,4.847,2.7,md,40,118,0.03784,0.06,nc,nc21324805,2017-01-04T22:25:20.941Z,"8 km N of Cambria, California",earthquake,0.13,0.28,0.12,46,reviewed,nc,nc
2003-12-25T17:01:31.070Z,35.5418333,-120.8103333,3.408,2.12,md,18,61,0.07928,0.07,nc,nc21325904,2017-01-04T22:25:16.988Z,"9 km W of Templeton, California",earthquake,0.27,0.99,0.15,11,reviewed,nc,nc
2003-12-25T16:58:55.820Z,35.6576667,-121.021,5.771,1.69,md,14,300,0.127,0.03,nc,nc21325902,2017-01-04T22:25:13.628Z,"11 km NNE of Cambria, California",earthquake,1.06,0.69,0.09,3,reviewed,nc,nc
2003-12-25T16:57:23.790Z,35.695,-121.0415,8.262,1.38,md,11,153,0.09279,0.01,nc,nc21325901,2017-01-04T22:25:10.528Z,"9 km SW of Oak Shores, California",earthquake,0.56,0.93,0.19,3,reviewed,nc,nc
2003-12-25T16:53:08.900Z,35.5393333,-120.8113333,6.01,1.23,md,10,187,0.1117,0.03,nc,nc21324804,2017-01-04T22:25:06.989Z,"9 km W of Templeton, California",earthquake,0.72,3.6,0.11,2,reviewed,nc,nc
2003-12-25T16:45:19.890Z,35.5971667,-120.9598333,4.229,2.35,md,30,107,0.07658,0.08,nc,nc21324776,2017-01-04T22:25:03.667Z,"11 km ENE of Cambria, California",earthquake,0.2,0.49,0.11,27,reviewed,nc,nc
2003-12-25T16:37:47.300Z,35.5891667,-120.8935,1.46,1.2,md,7,316,0.05676,0.02,nc,nc21324773,2017-01-04T22:25:00.078Z,"15 km S of Lake Nacimiento, California",earthquake,4.76,4.5,,1,reviewed,nc,nc
2003-12-25T16:30:15.500Z,35.641,-121.0786667,9.096,2.22,md,11,182,0.04234,0.09,nc,nc68006970,2017-01-04T22:24:56.803Z,"8 km N of Cambria, California",earthquake,1.6,0.76,0.21,9,reviewed,nc,nc
2003-12-25T16:13:37.980Z,35.6088333,-120.8313333,2.78,1.19,md,7,281,0.04324,0.05,nc,nc21324770,2017-01-04T22:24:52.665Z,"12 km W of Paso Robles, California",earthquake,7.62,5.19,,1,reviewed,nc,nc
2003-12-25T16:05:28.300Z,35.6548333,-120.984,4.715,1.55,md,11,286,0.0973,0.01,nc,nc21324764,2017-01-04T22:24:47.652Z,"12 km SW of Lake Nacimiento, California",earthquake,2.15,0.68,,1,reviewed,nc,nc
2003-12-25T15:59:28.280Z,35.6285,-120.8971667,7.375,2.02,md,29,59,0.02793,0.14,nc,nc21324761,2017-01-04T22:24:43.791Z,"11 km S of Lake Nacimiento, California",earthquake,0.28,0.47,0.29,20,reviewed,nc,nc
2003-12-25T15:48:03.320Z,35.5836667,-120.882,6.244,1.4,md,9,306,0.05856,0.04,nc,nc21324757,2017-01-04T22:24:40.189Z,"15 km N of Cayucos, California",earthquake,1.54,0.5,0.05,2,reviewed,nc,nc
2003-12-25T15:45:34.530Z,35.5348333,-120.8611667,3.67,2.33,md,31,41,0.03694,0.16,nc,nc21324756,2017-01-04T22:24:36.779Z,"10 km NNE of Cayucos, California",earthquake,0.26,0.74,0.08,25,reviewed,nc,nc
2003-12-25T15:42:17.960Z,35.6565,-120.9283333,2.791,1.45,md,10,261,0.05315,0.04,nc,nc30226741,2017-01-04T22:24:32.360Z,"9 km SSW of Lake Nacimiento, California",earthquake,6.85,2.67,0.27,2,reviewed,nc,nc
2003-12-25T15:41:39.940Z,35.5926667,-120.8705,-0.493,1.44,md,9,318,0.04865,0.07,nc,nc21324751,2017-01-04T22:24:27.347Z,"15 km S of Lake Nacimiento, California",earthquake,1.37,2.02,,1,reviewed,nc,nc
2003-12-25T15:33:14.170Z,35.58,-120.9678333,-0.438,1.88,md,18,174,0.1027,0.22,nc,nc21324748,2017-01-04T22:24:23.532Z,"10 km E of Cambria, California",earthquake,1.4,11.79,0.02,3,reviewed,nc,nc
2003-12-25T15:30:09.990Z,35.5583333,-120.8538333,6.299,1.47,md,13,205,0.08378,0.02,nc,nc21324739,2017-01-04T22:24:19.960Z,"13 km NNE of Cayucos, California",earthquake,0.81,1.43,,1,reviewed,nc,nc
2003-12-25T15:25:08.150Z,35.5398333,-120.835,5.623,2.13,md,26,55,0.05856,0.06,nc,nc30500391,2017-01-04T22:24:16.712Z,"11 km W of Templeton, California",earthquake,0.2,0.66,0.14,13,reviewed,nc,nc
2003-12-25T15:23:34.240Z,35.5913333,-120.899,5.128,2.38,md,35,85,0.05676,0.08,nc,nc21324734,2017-01-04T22:24:12.919Z,"15 km S of Lake Nacimiento, California",earthquake,0.19,0.54,0.14,35,reviewed,nc,nc
2003-12-25T15:21:02.820Z,35.6758333,-121.1085,3.824,1.56,md,18,150,0.03784,0.03,nc,nc21324726,2017-01-04T22:24:09.152Z,"8 km ENE of San Simeon, California",earthquake,0.48,0.44,0.09,5,reviewed,nc,nc
2003-12-25T15:17:21.630Z,35.5421667,-120.8496667,7.83,1.89,md,38,51,0.04685,0.1,nc,nc21324727,2017-01-04T22:24:03.410Z,"11 km NNE of Cayucos, California",earthquake,0.28,0.73,0.13,21,reviewed,nc,nc
2003-12-25T15:15:51.900Z,35.6948333,-121.0231667,5.051,1.78,md,9,78,0.1072,0.03,nc,nc30226739,2017-01-04T22:23:54.059Z,"9 km SSW of Oak Shores, California",earthquake,0.38,0.91,0.21,5,reviewed,nc,nc
2003-12-25T15:13:02.980Z,35.5985,-120.8955,4.377,1.37,md,8,315,0.04865,0.01,nc,nc21324720,2017-01-04T22:23:45.610Z,"14 km S of Lake Nacimiento, California",earthquake,1.67,0.33,,1,reviewed,nc,nc
2003-12-25T15:07:39.440Z,35.55,-120.846,-0.167,2.1,md,11,203,0.05225,0.22,nc,nc68006964,2017-01-04T22:23:42.029Z,"12 km NNE of Cayucos, California",earthquake,0.71,1.05,0.04,6,reviewed,nc,nc
2003-12-25T14:59:46.430Z,35.5446667,-120.8555,6.161,2.37,md,34,54,0.04324,0.07,nc,nc21324705,2017-01-04T22:23:31.599Z,"11 km NNE of Cayucos, California",earthquake,0.21,0.54,0.15,33,reviewed,nc,nc
2003-12-25T14:55:47.270Z,35.6435,-121.0678333,11.441,1.72,md,7,122,0.08018,0.06,nc,nc30226750,2017-01-04T22:23:27.522Z,"8 km N of Cambria, California",earthquake,0.39,1.47,0.02,3,reviewed,nc,nc
2003-12-25T14:55:34.280Z,35.6366667,-120.953,4.513,1.07,md,14,120,0.07117,0.03,nc,nc21324698,2017-01-04T22:23:23.849Z,"12 km SSW of Lake Nacimiento, California",earthquake,0.29,0.52,,1,reviewed,nc,nc
2003-12-25T14:50:12.240Z,35.6643333,-121.09,2.91,2.28,md,25,104,0.06396,0.05,nc,nc21324692,2017-01-04T22:23:20.503Z,"9 km ENE of San Simeon, California",earthquake,0.17,0.57,0.13,15,reviewed,nc,nc
2003-12-25T14:45:49.740Z,35.6638333,-121.0835,3.45,2.57,md,14,143,0.06396,0.05,nc,nc68006961,2017-01-04T22:23:16.571Z,"9 km ENE of San Simeon, California",earthquake,0.36,0.53,0.06,11,reviewed,nc,nc
2003-12-25T14:39:14.500Z,35.6615,-121.0918333,3.687,2.93,md,44,106,0.06126,0.06,nc,nc21324694,2017-01-04T22:23:08.880Z,"9 km ENE of San Simeon, California",earthquake,0.13,0.46,0.09,48,reviewed,nc,nc
2003-12-25T14:35:45.090Z,35.6598333,-121.0633333,5.874,3.03,md,10,140,0.06036,0.09,nc,nc68006959,2017-01-04T22:23:01.864Z,"10 km N of Cambria, California",earthquake,1.1,0.98,0.03,11,reviewed,nc,nc
2003-12-25T14:35:23.410Z,35.7113333,-121.1005,6.748,1.99,md,22,60,0.05225,0.08,nc,nc21324690,2017-01-04T22:22:58.777Z,"11 km NE of San Simeon, California",earthquake,0.2,0.71,0.13,12,reviewed,nc,nc
2003-12-25T14:34:34.200Z,35.676,-121.108,5.53,2.31,md,11,151,0.07658,0.06,nc,nc68006957,2017-01-04T22:22:55.051Z,"8 km ENE of San Simeon, California",earthquake,0.33,0.59,0.07,4,reviewed,nc,nc
2003-12-25T14:28:56.180Z,35.6233333,-120.8615,7.826,1.19,md,16,250,0.01802,0.03,nc,nc21324679,2017-01-04T22:22:51.583Z,"11 km S of Lake Nacimiento, California",earthquake,1.2,0.9,0.23,2,reviewed,nc,nc
2003-12-25T14:21:21.360Z,35.591,-120.8855,4.665,1.63,md,26,204,0.05225,0.05,nc,nc21324706,2017-01-04T22:22:48.157Z,"15 km S of Lake Nacimiento, California",earthquake,0.59,0.37,0.28,5,reviewed,nc,nc
2003-12-25T14:18:55.600Z,35.672,-121.0863333,4.744,1.68,md,23,150,0.05586,0.04,nc,nc21324674,2017-01-04T22:22:45.091Z,"9 km ENE of San Simeon, California",earthquake,0.26,0.53,0.02,6,reviewed,nc,nc
2003-12-25T14:14:41.510Z,35.6726667,-121.1075,6.127,3.65,ml,43,119,0.03874,0.07,nc,nc21324702,2017-01-04T22:22:40.600Z,"8 km ENE of San Simeon, California",earthquake,0.2,0.98,,7,reviewed,nc,nc
2003-12-25T14:07:07.750Z,35.5348333,-120.8288333,4.477,1.84,md,11,211,0.06396,0.17,nc,nc68006955,2017-01-04T22:22:32.847Z,"11 km W of Templeton, California",earthquake,1.02,1.12,0.14,5,reviewed,nc,nc
2003-12-25T14:05:46.670Z,35.5651667,-120.9081667,3.421,2.56,md,21,74,0.03153,0.2,nc,nc21324672,2017-01-04T22:22:25.658Z,"13 km N of Cayucos, California",earthquake,0.42,0.71,0.06,16,reviewed,nc,nc
2003-12-25T14:01:41.950Z,35.6933333,-120.842,2.136,1.16,md,5,281,0.1018,0.06,nc,nc21324666,2017-01-04T22:22:21.375Z,"5 km SE of Lake Nacimiento, California",earthquake,5.3,7.13,,1,reviewed,nc,nc
2003-12-25T13:56:33.230Z,35.5833333,-120.8833333,5.218,2.28,md,28,63,0.05315,0.16,nc,nc21326513,2017-01-04T22:22:17.990Z,"15 km N of Cayucos, California",earthquake,0.24,0.74,0.09,12,reviewed,nc,nc
2003-12-25T13:44:33.320Z,35.579,-120.8831667,3.494,1.49,md,11,213,0.06396,0.04,nc,nc21324662,2017-01-04T22:22:07.550Z,"15 km N of Cayucos, California",earthquake,1.08,0.31,0.12,2,reviewed,nc,nc
2003-12-25T13:38:33.490Z,35.5291667,-120.8193333,6.95,1.59,md,15,196,0.118,0.04,nc,nc21324718,2017-01-04T22:22:04.140Z,"10 km WSW of Templeton, California",earthquake,0.61,1.35,0.23,2,reviewed,nc,nc
2003-12-25T13:23:11.740Z,35.5901667,-120.9218333,2.013,1.72,md,7,273,0.06847,0.05,nc,nc21324716,2017-01-04T22:22:00.583Z,"14 km ENE of Cambria, California",earthquake,2.01,1.71,,1,reviewed,nc,nc
2003-12-25T13:19:23.170Z,35.5603333,-120.8813333,6.56,1.22,md,9,216,0.08198,0.02,nc,nc21324675,2017-01-04T22:21:48.186Z,"13 km N of Cayucos, California",earthquake,0.99,0.68,0.12,2,reviewed,nc,nc
2003-12-25T13:17:38.470Z,35.5663333,-120.8153333,1.39,1.73,md,17,148,0.08559,0.08,nc,nc21324714,2017-01-04T22:21:44.749Z,"10 km W of Templeton, California",earthquake,0.48,2.26,,1,reviewed,nc,nc
2003-12-25T13:10:41.890Z,35.5445,-120.851,-0.157,2.14,md,12,211,0.04685,0.31,nc,nc68006952,2017-01-04T22:21:41.376Z,"11 km NNE of Cayucos, California",earthquake,1,1.9,0.1,5,reviewed,nc,nc
2003-12-25T13:05:43.960Z,35.579,-120.8305,3.56,1.21,md,9,141,0.06847,0.21,nc,nc30226753,2017-01-04T22:21:37.512Z,"11 km WNW of Templeton, California",earthquake,0.79,2.2,0.12,2,reviewed,nc,nc
2003-12-25T13:04:50.580Z,35.5833333,-120.9398333,5.452,1.96,md,17,83,0.05676,0.16,nc,nc21324709,2017-01-04T22:21:32.955Z,"12 km E of Cambria, California",earthquake,0.51,0.77,0.04,5,reviewed,nc,nc
2003-12-25T12:55:16.900Z,35.6268333,-120.8961667,7.615,2.2,md,32,83,0.02793,0.1,nc,nc21324700,2017-01-04T22:21:26.145Z,"11 km S of Lake Nacimiento, California",earthquake,0.22,0.37,0.18,25,reviewed,nc,nc
2003-12-25T12:50:22.140Z,35.717,-121.025,4.862,1.42,md,13,183,0.1144,0.03,nc,nc21324699,2017-01-04T22:21:22.298Z,"7 km SW of Oak Shores, California",earthquake,0.91,0.56,0.03,2,reviewed,nc,nc
2003-12-25T12:41:00.020Z,35.7183333,-121.0535,5.952,2.27,md,24,72,0.1225,0.1,nc,nc21324697,2017-01-04T22:21:16.965Z,"8 km SW of Oak Shores, California",earthquake,0.21,0.76,0.05,15,reviewed,nc,nc
2003-12-25T12:35:38.570Z,35.5406667,-120.8525,5.6,2.94,md,50,56,0.04505,0.08,nc,nc21324689,2017-01-04T22:21:10.100Z,"11 km NNE of Cayucos, California",earthquake,0.16,0.49,0.11,71,reviewed,nc,nc
2003-12-25T12:28:13.110Z,35.5455,-120.8916667,2.506,1.49,md,14,237,0.0982,0.04,nc,nc21324687,2017-01-04T22:21:02.522Z,"11 km N of Cayucos, California",earthquake,1.75,1.31,0.01,2,reviewed,nc,nc
2003-12-25T12:22:30.430Z,35.7173333,-121.119,8.05,2.48,md,9,182,0.1153,0.05,nc,nc68006947,2017-01-04T22:20:58.905Z,"10 km NE of San Simeon, California",earthquake,0.66,1.18,0.13,8,reviewed,nc,nc
2003-12-25T12:22:05.000Z,35.578,-120.9516667,3.518,2.96,md,41,106,0.05766,0.11,nc,nc21324686,2017-01-04T22:20:55.421Z,"11 km E of Cambria, California",earthquake,0.2,0.47,0.22,33,reviewed,nc,nc
2003-12-25T12:18:12.660Z,35.5186667,-120.855,1.413,2.21,md,12,187,0.04505,0.18,nc,nc68006945,2017-01-04T22:20:51.392Z,"9 km NNE of Cayucos, California",earthquake,0.7,1.44,0.08,5,reviewed,nc,nc
2003-12-25T12:13:02.950Z,35.544,-120.8386667,6.275,1.56,md,21,203,0.1,0.04,nc,nc30226749,2017-01-04T22:20:48.059Z,"12 km W of Templeton, California",earthquake,0.5,2.37,0.07,2,reviewed,nc,nc
2003-12-25T12:10:23.280Z,35.676,-121.0883333,6.002,2.53,md,45,99,0.07568,0.07,nc,nc21324682,2017-01-04T22:20:41.473Z,"9 km ENE of San Simeon, California",earthquake,0.15,0.6,0.12,38,reviewed,nc,nc
2003-12-25T12:08:59.490Z,35.6628333,-121.0861667,3.64,2.44,md,11,142,0.06306,0.05,nc,nc68006943,2017-01-04T22:20:37.686Z,"9 km ENE of San Simeon, California",earthquake,0.35,0.52,0.04,8,reviewed,nc,nc
2003-12-25T12:06:55.110Z,35.5836667,-120.8241667,2.84,1.35,md,21,138,0.06667,0.04,nc,nc21324681,2017-01-04T22:20:34.291Z,"11 km WNW of Templeton, California",earthquake,0.69,2.28,,1,reviewed,nc,nc
2003-12-25T12:04:40.380Z,35.5546667,-120.8513333,7.183,2.91,md,13,196,0.04955,0.13,nc,nc68006942,2017-01-04T22:20:30.448Z,"12 km NNE of Cayucos, California",earthquake,0.92,0.62,0.09,11,reviewed,nc,nc
2003-12-25T12:04:20.950Z,35.5488333,-120.8398333,6.79,1.98,md,22,94,0.05676,0.16,nc,nc21324680,2017-01-04T22:20:27.051Z,"12 km W of Templeton, California",earthquake,0.33,0.89,0.16,8,reviewed,nc,nc
2003-12-25T12:00:17.010Z,35.5378333,-120.8476667,5.833,2.58,md,15,193,0.04865,0.17,nc,nc68006940,2017-01-04T22:20:23.696Z,"11 km NNE of Cayucos, California",earthquake,0.74,0.7,0.05,7,reviewed,nc,nc
2003-12-25T11:57:53.380Z,35.5816667,-120.8941667,4.738,2.29,md,29,66,0.04865,0.15,nc,nc21324677,2017-01-04T22:20:19.822Z,"15 km N of Cayucos, California",earthquake,0.28,0.51,0.21,23,reviewed,nc,nc
2003-12-25T11:50:02.560Z,35.5476667,-120.8286667,4.591,4.41,ml,12,215,0.27,0.25,ci,ci9968977,2022-06-18T07:47:52.871Z,"11km W of Templeton, CA",earthquake,2.18,6.69,0.205,131,reviewed,ci,ci
2003-12-25T11:47:13.000Z,35.5321667,-120.8226667,7.57,2.07,md,24,66,0.06847,0.1,nc,nc21325879,2017-01-04T22:19:59.341Z,"10 km W of Templeton, California",earthquake,0.29,1.04,0.26,13,reviewed,nc,nc
2003-12-25T11:41:06.740Z,35.5953333,-120.8983333,4.638,2.35,md,36,84,0.05315,0.08,nc,nc21325873,2017-01-04T22:19:52.132Z,"14 km S of Lake Nacimiento, California",earthquake,0.18,0.39,0.14,35,reviewed,nc,nc
2003-12-25T11:39:53.350Z,35.6558333,-121.0853333,4.226,2.29,md,13,184,0.05586,0.07,nc,nc68006935,2017-01-04T22:19:48.011Z,"9 km E of San Simeon, California",earthquake,0.79,0.49,0.12,6,reviewed,nc,nc
2003-12-25T11:27:08.760Z,35.7221667,-121.094,7.146,2.85,md,37,51,0.06306,0.08,nc,nc30500532,2017-01-04T22:19:43.350Z,"11 km WSW of Oak Shores, California",earthquake,0.17,0.72,0.07,56,reviewed,nc,nc
2003-12-25T11:26:22.680Z,35.5778333,-120.9293333,4.713,2.13,md,12,189,0.04775,0.16,nc,nc68006933,2017-01-04T22:19:30.193Z,"13 km E of Cambria, California",earthquake,0.72,0.75,0.03,6,reviewed,nc,nc
2003-12-25T11:24:06.750Z,35.6693333,-121.0768333,3.246,2.2,md,9,193,0.07027,0.02,nc,nc68006932,2017-01-04T22:19:26.735Z,"10 km ENE of San Simeon, California",earthquake,0.7,1.2,0.18,5,reviewed,nc,nc
2003-12-25T11:14:52.180Z,35.5735,-120.9253333,4.313,3.06,md,16,162,0.04234,0.18,nc,nc68006931,2017-01-04T22:19:22.811Z,"14 km E of Cambria, California",earthquake,0.56,0.68,0.05,11,reviewed,nc,nc
2003-12-25T11:14:11.840Z,35.5421667,-120.8661667,4.183,2.17,md,14,191,0.03423,0.2,nc,nc68006930,2017-01-04T22:19:18.761Z,"11 km NNE of Cayucos, California",earthquake,0.78,0.7,0.05,7,reviewed,nc,nc
2003-12-25T11:08:30.540Z,35.5228333,-120.841,5.01,1.42,md,12,209,0.1198,0.03,nc,nc21325865,2017-01-04T22:19:11.419Z,"10 km NNE of Cayucos, California",earthquake,0.83,1.18,0.05,3,reviewed,nc,nc
2003-12-25T10:51:56.170Z,35.7058333,-121.0518333,6.803,2.22,md,25,75,0.08649,0.11,nc,nc21324738,2017-01-04T22:19:04.736Z,"9 km SW of Oak Shores, California",earthquake,0.24,0.78,0.13,20,reviewed,nc,nc
2003-12-25T10:47:23.090Z,35.5793333,-120.8885,4.048,2.71,md,49,80,0.04775,0.07,nc,nc21324736,2017-01-04T22:18:59.880Z,"15 km N of Cayucos, California",earthquake,0.16,0.35,0.08,57,reviewed,nc,nc
2003-12-25T10:42:45.150Z,35.7088333,-121.048,5.96,2.45,md,30,54,0.09009,0.1,nc,nc21324735,2017-01-04T22:18:52.538Z,"9 km SW of Oak Shores, California",earthquake,0.19,0.75,0.1,32,reviewed,nc,nc
2003-12-25T10:40:33.220Z,35.5713333,-120.8305,2.145,2.6,md,35,53,0.07297,0.07,nc,nc21324733,2017-01-04T22:18:48.000Z,"11 km WNW of Templeton, California",earthquake,0.17,1,0.17,36,reviewed,nc,nc
2003-12-25T10:38:46.650Z,35.5516667,-120.8466667,3.288,1.47,md,14,166,0.09099,0.04,nc,nc21324732,2017-01-04T22:18:44.138Z,"12 km W of Templeton, California",earthquake,0.82,0.86,,1,reviewed,nc,nc
2003-12-25T10:26:43.180Z,35.5681667,-120.939,3.458,2.79,md,44,100,0.04324,0.08,nc,nc21324731,2017-01-04T22:18:39.510Z,"12 km E of Cambria, California",earthquake,0.16,0.4,0.09,50,reviewed,nc,nc
2003-12-25T10:25:18.750Z,35.531,-120.8326667,3.84,1.13,md,15,168,0.1135,0.05,nc,nc21324730,2017-01-04T22:18:32.113Z,"11 km NNE of Cayucos, California",earthquake,0.53,0.87,0.24,2,reviewed,nc,nc
2003-12-25T10:18:07.200Z,35.6691667,-121.094,3.123,2.12,md,11,147,0.06847,0.04,nc,nc68006924,2017-01-04T22:18:28.068Z,"9 km ENE of San Simeon, California",earthquake,0.36,0.56,0.08,6,reviewed,nc,nc
2003-12-25T10:14:22.760Z,35.6556667,-121.0975,5.66,3.53,md,13,181,0.05495,0.07,nc,nc68006923,2017-01-04T22:18:24.602Z,"8 km E of San Simeon, California",earthquake,1.04,0.67,0.05,10,reviewed,nc,nc
2003-12-25T10:09:07.750Z,35.6758333,-121.108,4.646,2.3,md,9,187,0.07658,0.02,nc,nc68006922,2017-01-04T22:18:17.172Z,"8 km ENE of San Simeon, California",earthquake,0.91,0.82,0.09,3,reviewed,nc,nc
2003-12-25T10:05:22.750Z,35.6751667,-120.8986667,5.688,1.28,md,6,215,0.04324,0.02,nc,nc21324722,2017-01-04T22:18:13.625Z,"6 km SSW of Lake Nacimiento, California",earthquake,6.44,5.53,0.24,2,reviewed,nc,nc
2003-12-25T09:56:49.950Z,35.6581667,-121.0986667,5.069,2.69,md,40,114,0.05045,0.09,nc,nc21324719,2017-01-04T22:18:10.275Z,"8 km E of San Simeon, California",earthquake,0.16,0.42,0.09,46,reviewed,nc,nc
2003-12-25T09:52:53.070Z,35.6591667,-121.0896667,4.723,2.11,md,21,105,0.05676,0.07,nc,nc30226756,2017-01-04T22:18:06.500Z,"9 km E of San Simeon, California",earthquake,0.28,0.47,0.12,14,reviewed,nc,nc
2003-12-25T09:52:06.470Z,35.587,-120.894,6.488,1.34,md,13,155,0.05856,0.04,nc,nc21324758,2017-01-04T22:18:02.931Z,"15 km S of Lake Nacimiento, California",earthquake,0.51,0.56,,1,reviewed,nc,nc
2003-12-25T09:45:55.540Z,35.6578333,-121.0941667,2.446,3.82,mw,52,111,0.05405,0.13,nc,nc21324755,2017-01-04T22:17:58.640Z,"8 km E of San Simeon, California",earthquake,0.18,0.63,,2,reviewed,nc,nc
2003-12-25T09:34:34.570Z,35.6543333,-121.099,5.519,3.35,ml,45,117,0.05405,0.09,nc,nc21324750,2017-01-04T22:17:41.150Z,"8 km E of San Simeon, California",earthquake,0.16,0.49,,4,reviewed,nc,nc
2003-12-25T09:29:44.660Z,35.542,-120.8543333,8.508,2.31,md,31,64,0.04324,0.06,nc,nc21324749,2017-01-04T22:17:31.836Z,"11 km NNE of Cayucos, California",earthquake,0.21,0.84,0.18,27,reviewed,nc,nc
2003-12-25T09:23:32.490Z,35.6681667,-121.0648333,3.806,1.6,md,15,149,0.07387,0.02,nc,nc21324747,2017-01-04T22:17:28.200Z,"11 km N of Cambria, California",earthquake,0.64,1.04,0.07,4,reviewed,nc,nc
2003-12-25T09:16:59.140Z,35.7023333,-121.0358333,12.048,2.1,md,26,71,0.04955,0.09,nc,nc21324745,2017-01-04T22:17:24.252Z,"9 km SW of Oak Shores, California",earthquake,0.26,0.93,0.08,21,reviewed,nc,nc
2003-12-25T09:14:42.510Z,35.6433333,-120.9863333,-0.266,1.4,md,8,219,0.0982,0.06,nc,nc21324744,2017-01-04T22:17:21.143Z,"12 km NE of Cambria, California",earthquake,1.47,3.91,0.09,2,reviewed,nc,nc
2003-12-25T09:06:52.540Z,35.7115,-121.06,7.071,2.62,md,39,55,0.07117,0.09,nc,nc21324743,2017-01-04T22:17:17.510Z,"9 km SW of Oak Shores, California",earthquake,0.19,0.82,0.08,49,reviewed,nc,nc
2003-12-25T08:52:32.030Z,35.6651667,-121.0473333,8.369,2.29,md,29,71,0.07477,0.08,nc,nc21326767,2017-01-04T22:17:09.226Z,"11 km NNE of Cambria, California",earthquake,0.19,0.76,0.11,24,reviewed,nc,nc
2003-12-25T08:50:48.240Z,35.6246667,-121.0405,8.12,2.59,md,10,183,0.04955,0.04,nc,nc68006913,2017-01-04T22:17:05.466Z,"7 km NNE of Cambria, California",earthquake,0.9,0.51,0.06,8,reviewed,nc,nc
2003-12-25T08:50:21.200Z,35.578,-120.882,4.411,2.5,md,40,78,0.04865,0.12,nc,nc21326765,2017-01-04T22:17:01.866Z,"15 km N of Cayucos, California",earthquake,0.23,0.57,0.11,31,reviewed,nc,nc
2003-12-25T08:32:44.390Z,35.5588333,-120.8143333,4.28,2.06,md,34,41,0.07928,0.15,nc,nc21326761,2017-01-04T22:16:58.175Z,"9 km W of Templeton, California",earthquake,0.29,0.71,0.12,13,reviewed,nc,nc
2003-12-25T08:29:40.290Z,35.5778333,-120.8,3.058,1.61,md,9,163,0.08378,0.02,nc,nc21326760,2017-01-04T22:16:54.630Z,"9 km WNW of Templeton, California",earthquake,1.89,3.21,,1,reviewed,nc,nc
2003-12-25T08:22:34.740Z,35.696,-121.0693333,10.02,3.23,md,14,201,0.06937,0.08,nc,nc68006910,2017-01-04T22:16:48.046Z,"Near the coast of Central California",earthquake,1.08,1.31,0.06,9,reviewed,nc,nc
2003-12-25T08:11:23.350Z,35.7175,-121.065,5.38,3.72,ml,50,76,0.07748,0.09,nc,nc21324654,2017-01-04T22:16:36.550Z,"9 km SW of Oak Shores, California",earthquake,0.19,0.55,,8,reviewed,nc,nc
2003-12-25T08:06:47.800Z,35.5913333,-120.9001667,4.497,1.63,md,20,218,0.05676,0.04,nc,nc21324653,2017-01-04T22:16:29.583Z,"15 km S of Lake Nacimiento, California",earthquake,0.74,0.4,0.29,3,reviewed,nc,nc
2003-12-25T07:54:21.340Z,35.5778333,-120.8846667,3.863,2.66,md,37,79,0.04775,0.06,nc,nc21324659,2017-01-04T22:16:26.127Z,"15 km N of Cayucos, California",earthquake,0.17,0.47,0.06,44,reviewed,nc,nc
2003-12-25T07:40:23.960Z,35.5383333,-120.8603333,1.193,2.67,md,8,212,0.03784,0.2,nc,nc68006907,2017-01-04T22:16:22.493Z,"Central California",earthquake,0.61,1.16,0.03,4,reviewed,nc,nc
2003-12-25T07:39:58.860Z,35.656,-121.0996667,4.87,3.04,md,47,116,0.05135,0.07,nc,nc30500387,2017-01-04T22:16:17.780Z,"8 km E of San Simeon, California",earthquake,0.14,0.4,0.08,64,reviewed,nc,nc
2003-12-25T07:39:15.830Z,35.666,-120.9823333,6.466,1.97,md,21,95,0.007207,0.13,nc,nc21324658,2017-01-04T22:16:11.352Z,"11 km S of Oak Shores, California",earthquake,0.26,0.63,0.08,13,reviewed,nc,nc
2003-12-25T07:36:48.410Z,35.5258333,-120.8178333,4.84,2.7,md,43,59,0.07297,0.08,nc,nc21324657,2017-01-04T22:16:08.085Z,"10 km WSW of Templeton, California",earthquake,0.16,0.7,0.08,53,reviewed,nc,nc
2003-12-25T07:32:33.550Z,35.7058333,-121.0918333,8.893,2.79,md,37,64,0.05586,0.09,nc,nc21324661,2017-01-04T22:16:03.140Z,"11 km NE of San Simeon, California",earthquake,0.26,1.28,0.1,53,reviewed,nc,nc
2003-12-25T07:15:48.620Z,35.6548333,-121.0928333,3.307,2.92,md,42,109,0.05405,0.07,nc,nc21324671,2017-01-04T22:15:49.240Z,"8 km E of San Simeon, California",earthquake,0.14,0.56,0.08,54,reviewed,nc,nc
2003-12-25T07:13:00.550Z,35.6618333,-121.0941667,3.166,2.32,md,25,110,0.05225,0.06,nc,nc30226747,2017-01-04T22:15:42.786Z,"8 km ENE of San Simeon, California",earthquake,0.18,0.44,0.18,17,reviewed,nc,nc
2003-12-25T07:12:35.020Z,35.667,-121.0796667,5.11,2.21,md,33,95,0.06216,0.05,nc,nc21324670,2017-01-04T22:15:39.263Z,"10 km ENE of San Simeon, California",earthquake,0.13,0.36,0.1,15,reviewed,nc,nc
2003-12-25T07:05:16.320Z,35.709,-121.097,6.11,2.79,md,37,62,0.05315,0.08,nc,nc21324760,2017-01-04T22:15:35.915Z,"11 km NE of San Simeon, California",earthquake,0.16,0.79,0.11,44,reviewed,nc,nc
2003-12-25T07:03:51.140Z,35.6683333,-121.0691667,1.804,2.48,md,13,192,0.06396,0.09,nc,nc68006897,2017-01-04T22:15:32.465Z,"11 km ENE of San Simeon, California",earthquake,0.5,1.09,0.12,8,reviewed,nc,nc
2003-12-25T06:55:48.840Z,35.6563333,-121.0881667,8.594,3.44,md,14,184,0.05586,0.08,nc,nc68006896,2017-01-04T22:15:28.830Z,"9 km E of San Simeon, California",earthquake,0.9,0.65,0.1,9,reviewed,nc,nc
2003-12-25T06:55:12.280Z,35.634,-121.0475,5.282,2.74,md,40,68,0.05045,0.15,nc,nc30500389,2017-01-04T22:15:25.432Z,"8 km NNE of Cambria, California",earthquake,0.19,0.5,0.1,40,reviewed,nc,nc
2003-12-25T06:53:55.440Z,35.6545,-121.0946667,3.745,2.43,md,28,112,0.05405,0.06,nc,nc21324668,2017-01-04T22:15:21.459Z,"8 km E of San Simeon, California",earthquake,0.17,0.42,0.1,22,reviewed,nc,nc
2003-12-25T06:52:56.810Z,35.594,-120.9065,4,1.22,md,13,270,0.05766,0.04,nc,nc21324667,2017-01-04T22:15:18.062Z,"15 km S of Lake Nacimiento, California",earthquake,1.07,0.67,0.12,2,reviewed,nc,nc
2003-12-25T06:44:19.890Z,35.6631667,-121.104,3.06,3.11,ml,45,117,0.04505,0.06,nc,nc30500388,2017-01-04T22:15:13.430Z,"Near the coast of Central California",earthquake,0.12,0.49,,2,reviewed,nc,nc
2003-12-25T06:43:23.970Z,35.652,-121.0898333,4.624,2.47,md,14,132,0.05135,0.08,nc,nc68006892,2017-01-04T22:15:07.172Z,"9 km E of San Simeon, California",earthquake,0.47,0.46,0.08,8,reviewed,nc,nc
2003-12-25T06:41:53.200Z,35.6571667,-121.0961667,4.078,2.1,md,23,112,0.05315,0.06,nc,nc21324649,2017-01-04T22:15:00.581Z,"8 km E of San Simeon, California",earthquake,0.13,0.37,0.11,7,reviewed,nc,nc
2003-12-25T06:37:45.120Z,35.6411667,-121.041,5.418,3.13,md,40,127,0.1009,0.1,nc,nc30500385,2017-01-04T22:14:57.156Z,"9 km NNE of Cambria, California",earthquake,0.21,0.7,0.12,40,reviewed,nc,nc
2003-12-25T06:35:30.740Z,35.6528333,-121.09,3.78,3.84,md,20,122,0.05957,0.08,nc,nc68006889,2019-06-14T01:53:36.814Z,"9km E of San Simeon, CA",earthquake,0.23,0.63,0.111,13,reviewed,nc,nc
2003-12-25T06:34:50.040Z,35.6535,-121.099,4.253,3.9,mw,37,117,0.05315,0.07,nc,nc30500384,2017-01-04T22:14:47.840Z,"8 km E of San Simeon, California",earthquake,0.18,0.36,,2,reviewed,nc,nc
2003-12-25T06:33:56.070Z,35.6486667,-121.0898333,3.377,3.41,ml,45,108,0.04865,0.07,nc,nc21324651,2017-01-04T22:14:33.280Z,"9 km E of San Simeon, California",earthquake,0.14,0.48,,3,reviewed,nc,nc
2003-12-25T06:29:42.160Z,35.6785,-121.0778333,4.361,1.77,md,18,99,0.06216,0.11,nc,nc21324759,2017-01-04T22:14:26.428Z,"10 km ENE of San Simeon, California",earthquake,0.49,0.85,0.11,6,reviewed,nc,nc
2003-12-25T06:28:01.680Z,35.6023333,-120.8148333,2.1,1.29,md,6,277,0.05766,0.01,nc,nc21324647,2017-01-04T22:14:23.211Z,"11 km WNW of Templeton, California",earthquake,5.6,6.21,,1,reviewed,nc,nc
2003-12-25T06:25:00.710Z,35.717,-121.0271667,2.916,1.99,md,20,62,0.05676,0.1,nc,nc21324646,2017-01-04T22:14:20.082Z,"7 km SW of Oak Shores, California",earthquake,0.23,0.85,0.09,11,reviewed,nc,nc
2003-12-25T06:22:22.620Z,35.6385,-120.9448333,5.139,2.67,md,46,96,0.06396,0.07,nc,nc21324645,2017-01-04T22:14:15.180Z,"11 km SSW of Lake Nacimiento, California",earthquake,0.17,0.73,0.06,47,reviewed,nc,nc
2003-12-25T06:19:20.870Z,35.7345,-121.009,4.116,2.02,md,20,78,0.06757,0.13,nc,nc21326919,2017-01-04T22:14:08.600Z,"4 km SW of Oak Shores, California",earthquake,0.26,0.57,0.16,10,reviewed,nc,nc
2003-12-25T06:15:39.530Z,35.6575,-121.0938333,3.295,2.04,md,22,136,0.08468,0.06,nc,nc21326918,2017-01-04T22:14:04.731Z,"8 km E of San Simeon, California",earthquake,0.23,0.74,0.12,10,reviewed,nc,nc
2003-12-25T06:12:00.100Z,35.5388333,-120.8588333,6.825,2.58,md,36,56,0.03964,0.06,nc,nc30500587,2017-01-04T22:14:00.230Z,"11 km NNE of Cayucos, California",earthquake,0.2,0.61,0.11,39,reviewed,nc,nc
2003-12-25T06:10:31.040Z,35.6551667,-121.0891667,3.818,2.3,md,21,105,0.05495,0.07,nc,nc21326917,2017-01-04T22:13:52.941Z,"9 km E of San Simeon, California",earthquake,0.23,0.46,0.09,12,reviewed,nc,nc
2003-12-25T06:06:36.730Z,35.6535,-121.0925,4.422,3.32,ml,49,109,0.05315,0.08,nc,nc30500377,2017-01-04T22:13:47.950Z,"8 km E of San Simeon, California",earthquake,0.15,0.47,,2,reviewed,nc,nc
2003-12-25T06:05:23.840Z,35.6548333,-121.0975,4.632,2.77,md,38,115,0.05405,0.09,nc,nc21324642,2017-01-04T22:13:38.970Z,"8 km E of San Simeon, California",earthquake,0.17,0.46,0.11,28,reviewed,nc,nc
2003-12-25T05:47:22.370Z,35.6601667,-121.0938333,4.766,2.75,md,11,184,0.05946,0.06,nc,nc68006878,2017-01-04T22:13:35.072Z,"8 km ENE of San Simeon, California",earthquake,0.91,0.6,0.1,7,reviewed,nc,nc
2003-12-25T05:47:04.000Z,35.652,-121.0905,3.084,3.15,md,37,108,0.05135,0.06,nc,nc21324638,2017-01-04T22:13:31.526Z,"9 km E of San Simeon, California",earthquake,0.15,0.42,0.07,33,reviewed,nc,nc
2003-12-25T05:26:44.330Z,35.5858333,-120.9363333,4.923,2.31,md,8,212,0.05766,0.05,nc,nc68006876,2017-01-04T22:13:27.763Z,"13 km E of Cambria, California",earthquake,0.39,0.51,0.04,4,reviewed,nc,nc
2003-12-25T05:26:08.640Z,35.544,-120.8476667,5.637,2.46,md,8,217,0.04955,0.08,nc,nc68006875,2017-01-04T22:13:23.255Z,"11 km NNE of Cayucos, California",earthquake,0.93,0.73,0.04,6,reviewed,nc,nc
2003-12-25T05:25:51.320Z,35.6613333,-121.0881667,4.13,2.77,md,13,140,0.06126,0.04,nc,nc68006874,2017-01-04T22:13:18.759Z,"9 km ENE of San Simeon, CA",earthquake,0.29,0.46,0.14,2,reviewed,nc,nc
2003-12-25T05:24:34.240Z,35.592,-120.8975,4.288,2.47,md,28,84,0.05495,0.08,nc,nc30500584,2017-01-04T22:13:15.297Z,"15 km S of Lake Nacimiento, California",earthquake,0.2,0.39,0.14,25,reviewed,nc,nc
2003-12-25T05:21:59.310Z,35.6483333,-121.0968333,5.283,4,mw,27,117,0.04775,0.06,nc,nc30500583,2017-03-17T19:47:14.735Z,"8 km E of San Simeon, California",earthquake,0.19,0.58,,5,reviewed,nc,nc
2003-12-25T05:20:13.360Z,35.6543333,-121.0956667,2.856,3.84,mw,54,123,0.1387,0.08,nc,nc30500582,2017-01-04T22:13:01.720Z,"8 km E of San Simeon, California",earthquake,0.16,0.67,,2,reviewed,nc,nc
2003-12-25T05:17:55.690Z,35.6393333,-121.05,5.809,3.02,md,47,69,0.05315,0.09,nc,nc21326839,2017-01-04T22:12:46.830Z,"8 km NNE of Cambria, California",earthquake,0.15,0.64,0.06,54,reviewed,nc,nc
2003-12-25T05:15:19.250Z,35.5416667,-120.8485,4.958,2.76,md,38,57,0.04865,0.09,nc,nc21326779,2017-01-04T22:12:38.690Z,"11 km NNE of Cayucos, California",earthquake,0.19,0.66,0.1,43,reviewed,nc,nc
2003-12-25T05:12:30.480Z,35.7076667,-121.0853333,8.473,2.26,md,25,62,0.06126,0.08,nc,nc21326776,2017-01-04T22:12:32.065Z,"11 km SW of Oak Shores, California",earthquake,0.21,1.03,0.15,21,reviewed,nc,nc
2003-12-25T05:11:23.140Z,35.6693333,-121.0695,0.236,2.03,md,8,143,0.07207,0.06,nc,nc21326775,2017-01-04T22:12:28.262Z,"11 km ENE of San Simeon, California",earthquake,0.35,0.88,0.11,6,reviewed,nc,nc
2003-12-25T05:04:44.540Z,35.698,-121.105,8.07,2.69,md,39,75,0.04234,0.08,nc,nc21324621,2017-01-04T22:12:24.030Z,"9 km NE of San Simeon, California",earthquake,0.18,0.61,0.11,45,reviewed,nc,nc
2003-12-25T05:02:59.390Z,35.6901667,-121.0886667,3.854,1.86,md,13,230,0.173,0.03,nc,nc21324614,2017-01-04T22:12:17.399Z,"10 km ENE of San Simeon, California",earthquake,0.88,0.91,0.17,6,reviewed,nc,nc
2003-12-25T04:55:51.670Z,35.5901667,-120.8948333,6.471,1.35,md,13,267,0.05586,0.02,nc,nc21324608,2017-01-04T22:12:13.752Z,"15 km S of Lake Nacimiento, California",earthquake,1.05,0.76,0.11,2,reviewed,nc,nc
2003-12-25T04:52:31.650Z,35.576,-120.8815,4.538,2.48,md,18,86,0.1171,0.07,nc,nc21324606,2017-01-04T22:12:10.516Z,"14 km N of Cayucos, California",earthquake,0.26,1.07,0.17,12,reviewed,nc,nc
2003-12-25T04:36:56.380Z,35.7138333,-121.0413333,5.406,1.85,md,14,131,0.06126,0.11,nc,nc21326774,2017-01-04T22:12:07.160Z,"8 km SW of Oak Shores, California",earthquake,0.31,0.72,0.11,10,reviewed,nc,nc
2003-12-25T04:33:17.360Z,35.5433333,-120.8473333,4.86,2.63,md,41,55,0.04955,0.07,nc,nc21324594,2017-01-04T22:12:03.407Z,"11 km NNE of Cayucos, California",earthquake,0.16,0.54,0.09,44,reviewed,nc,nc
2003-12-25T04:30:29.950Z,35.7058333,-121.0586667,6.703,2.29,md,37,58,0.08108,0.1,nc,nc21324592,2017-01-04T22:11:59.456Z,"10 km SW of Oak Shores, California",earthquake,0.15,0.62,0.19,28,reviewed,nc,nc
2003-12-25T04:28:09.370Z,35.6455,-121.078,9.326,2.46,md,12,182,0.04685,0.07,nc,nc68006861,2017-01-04T22:11:55.610Z,"9 km N of Cambria, California",earthquake,1.14,0.66,0.15,8,reviewed,nc,nc
2003-12-25T04:16:45.880Z,35.5476667,-120.8746667,4.033,1.99,md,9,222,0.02973,0.21,nc,nc68006860,2017-01-04T22:11:52.031Z,"11 km N of Cayucos, California",earthquake,1.08,1.09,0.04,5,reviewed,nc,nc
2003-12-25T04:06:03.850Z,35.6805,-121.0411667,5.124,1.59,md,17,136,0.09189,0.03,nc,nc30226746,2017-01-04T22:11:37.618Z,"11 km SSW of Oak Shores, California",earthquake,0.38,0.71,0.07,5,reviewed,nc,nc
2003-12-25T04:05:06.300Z,35.6363333,-120.979,3.783,1.67,md,21,115,0.09189,0.05,nc,nc21324570,2017-01-04T22:11:33.905Z,"12 km NE of Cambria, California",earthquake,0.19,0.42,0.09,2,reviewed,nc,nc
2003-12-25T04:01:59.800Z,35.5391667,-120.8276667,4.128,2.29,md,32,56,0.06486,0.07,nc,nc21324567,2017-01-04T22:11:30.411Z,"11 km W of Templeton, California",earthquake,0.18,0.69,0.17,26,reviewed,nc,nc
2003-12-25T03:59:15.610Z,35.5673333,-120.8595,-0.306,2.13,md,13,161,0.05135,0.35,nc,nc21324559,2017-01-04T22:11:26.313Z,"14 km W of Templeton, California",earthquake,1.2,2.57,0.1,7,reviewed,nc,nc
2003-12-25T03:53:33.120Z,35.6938333,-121.0591667,14.186,2.51,md,9,201,0.0973,0.08,nc,nc68006857,2017-01-04T22:11:23.113Z,"11 km SW of Oak Shores, California",earthquake,1.68,1.36,0.1,7,reviewed,nc,nc
2003-12-25T03:49:10.280Z,35.556,-120.8431667,7.437,1.87,md,9,252,0.05676,0.14,nc,nc68006856,2017-01-04T22:11:19.890Z,"12 km W of Templeton, California",earthquake,1.63,1.84,0.17,5,reviewed,nc,nc
2003-12-25T03:46:31.330Z,35.7086667,-121.0435,6.363,2.14,md,16,75,0.09369,0.11,nc,nc30500358,2017-01-04T22:11:16.344Z,"8 km SW of Oak Shores, California",earthquake,0.29,1.02,0.21,12,reviewed,nc,nc
2003-12-25T03:45:21.000Z,35.6366667,-121.0506667,5.661,2.64,md,38,67,0.05045,0.09,nc,nc30500357,2017-01-04T22:11:12.957Z,"8 km NNE of Cambria, California",earthquake,0.17,0.48,0.08,46,reviewed,nc,nc
2003-12-25T03:44:23.450Z,35.675,-121.0895,6.038,2.15,md,29,95,0.05315,0.1,nc,nc21324537,2017-01-04T22:11:08.975Z,"9 km ENE of San Simeon, California",earthquake,0.24,0.48,0.08,17,reviewed,nc,nc
2003-12-25T03:39:16.410Z,35.5691667,-120.9426667,3.631,1.57,md,7,311,0.0955,0.01,nc,nc21324525,2017-01-04T22:11:01.495Z,"12 km E of Cambria, California",earthquake,5.79,1.27,0.19,2,reviewed,nc,nc
2003-12-25T03:35:51.570Z,35.671,-121.1113333,4.71,2.67,md,37,119,0.03604,0.06,nc,nc21324524,2017-01-04T22:10:58.017Z,"7 km ENE of San Simeon, California",earthquake,0.2,0.58,0.12,43,reviewed,nc,nc
2003-12-25T03:33:31.280Z,35.6153333,-120.898,7.497,1.81,md,18,265,0.03604,0.02,nc,nc21324516,2017-01-04T22:10:54.361Z,"12 km S of Lake Nacimiento, California",earthquake,1.14,0.4,0.13,7,reviewed,nc,nc
2003-12-25T03:32:54.750Z,35.7078333,-121.065,7.574,1.4,md,12,139,0.07658,0.04,nc,nc21324514,2017-01-04T22:10:51.120Z,"10 km SW of Oak Shores, California",earthquake,0.65,1.12,0.17,5,reviewed,nc,nc
2003-12-25T03:31:23.220Z,35.6836667,-121.0623333,6.131,1.69,md,16,90,0.07477,0.04,nc,nc21324512,2017-01-04T22:10:47.528Z,"12 km SW of Oak Shores, California",earthquake,0.38,0.6,0.1,6,reviewed,nc,nc
2003-12-25T03:28:38.460Z,35.5508333,-120.7968333,2.125,0.89,md,6,287,0.1063,0.02,nc,nc21324511,2017-01-04T22:10:44.092Z,"8 km W of Templeton, California",earthquake,6.67,5.12,,1,reviewed,nc,nc
2003-12-25T03:24:54.220Z,35.5931667,-121.0283333,7.02,2.07,md,31,116,0.05405,0.11,nc,nc30500354,2017-01-04T22:10:40.648Z,"5 km NE of Cambria, California",earthquake,0.26,0.61,0.11,17,reviewed,nc,nc
2003-12-25T03:20:11.130Z,35.7071667,-121.0375,6.642,2.82,md,43,103,0.1162,0.09,nc,nc21324509,2017-01-04T22:10:32.030Z,"8 km SW of Oak Shores, California",earthquake,0.17,1.21,0.09,53,reviewed,nc,nc
2003-12-25T02:59:24.290Z,35.5288333,-120.8456667,6.61,2.37,md,33,60,0.05045,0.07,nc,nc21324497,2017-01-04T22:10:17.335Z,"10 km NNE of Cayucos, California",earthquake,0.2,0.6,0.13,33,reviewed,nc,nc
2003-12-25T02:54:19.750Z,35.5905,-120.9576667,-0.13,1.76,md,4,227,0.07027,0.08,nc,nc68006847,2017-01-04T22:10:13.263Z,"11 km ENE of Cambria, California",earthquake,1.59,2.4,0.07,4,reviewed,nc,nc
2003-12-25T02:45:28.980Z,35.5901667,-120.8758333,3.118,2.35,md,31,77,0.05135,0.08,nc,nc21326912,2017-01-04T22:10:09.876Z,"15 km S of Lake Nacimiento, California",earthquake,0.2,0.44,0.13,29,reviewed,nc,nc
2003-12-25T02:44:18.230Z,35.5928333,-120.8753333,2.953,2.07,md,9,223,0.06396,0.18,nc,nc68006845,2017-01-04T22:10:06.072Z,"15 km S of Lake Nacimiento, California",earthquake,0.76,1.35,0.06,3,reviewed,nc,nc
2003-12-25T02:36:02.650Z,35.645,-121.097,5.156,2.85,md,12,177,0.04414,0.08,nc,nc68006844,2017-01-04T22:10:02.310Z,"8 km E of San Simeon, California",earthquake,1.08,0.53,0.1,11,reviewed,nc,nc
2003-12-25T02:34:01.000Z,35.5861667,-120.981,5.308,2.6,md,35,101,0.08018,0.13,nc,nc21324491,2017-01-04T22:09:59.002Z,"9 km ENE of Cambria, California",earthquake,0.23,0.48,0.08,33,reviewed,nc,nc
2003-12-25T02:30:05.470Z,35.6245,-120.8768333,3.887,1.29,md,8,308,0.01892,0.01,nc,nc21324487,2017-01-04T22:09:54.803Z,"11 km S of Lake Nacimiento, California",earthquake,7.72,2.38,0.07,2,reviewed,nc,nc
2003-12-25T02:27:46.530Z,35.6521667,-121.0691667,2.876,2.41,md,12,187,0.05586,0.07,nc,nc68006842,2017-01-04T22:09:51.575Z,"9 km N of Cambria, California",earthquake,0.87,1.19,0.07,5,reviewed,nc,nc
2003-12-25T02:18:48.780Z,35.6955,-121.0355,7.914,1.41,md,13,152,0.0973,0.03,nc,nc21324470,2017-01-04T22:09:47.676Z,"9 km SSW of Oak Shores, California",earthquake,0.58,0.78,0.03,3,reviewed,nc,nc
2003-12-25T02:09:43.410Z,35.6641667,-121.0865,3.786,2.27,md,10,187,0.06396,0.05,nc,nc68006841,2017-01-04T22:09:43.458Z,"9 km ENE of San Simeon, California",earthquake,0.77,0.74,0.11,7,reviewed,nc,nc
2003-12-25T02:08:51.210Z,35.532,-120.8273333,5.14,2.14,md,25,58,0.06486,0.07,nc,nc21324460,2017-01-04T22:09:40.173Z,"11 km W of Templeton, California",earthquake,0.23,0.74,0.12,10,reviewed,nc,nc
2003-12-25T02:06:36.500Z,35.66,-120.9461667,3.575,1.94,md,37,48,0.03694,0.15,nc,nc21324456,2017-01-04T22:09:36.580Z,"9 km SW of Lake Nacimiento, California",earthquake,0.22,0.54,0.07,13,reviewed,nc,nc
2003-12-25T01:55:44.150Z,35.5206667,-121.1426667,4.485,1.75,md,6,296,0.1622,0.2,nc,nc21324449,2017-01-04T22:09:33.142Z,"7 km SW of Cambria, California",earthquake,17.28,6.42,0.04,2,reviewed,nc,nc
2003-12-25T01:55:28.450Z,35.6971667,-121.0298333,8.115,1.18,md,7,150,0.1018,0.01,nc,nc30226732,2017-01-04T22:09:29.725Z,"9 km SSW of Oak Shores, California",earthquake,1.37,1.19,,1,reviewed,nc,nc
2003-12-25T01:48:11.200Z,35.5798333,-120.895,4.132,2.37,md,26,82,0.04685,0.07,nc,nc21326921,2017-01-04T22:09:26.408Z,"15 km N of Cayucos, California",earthquake,0.21,0.48,0.14,17,reviewed,nc,nc
2003-12-25T01:46:12.250Z,35.6186667,-120.897,7.452,2.37,md,36,60,0.08559,0.17,nc,nc21324444,2017-01-04T22:09:22.838Z,"12 km S of Lake Nacimiento, California",earthquake,0.22,0.83,0.12,32,reviewed,nc,nc
2003-12-25T01:29:22.690Z,35.651,-121.0373333,8.399,2.15,md,27,64,0.06847,0.1,nc,nc21326759,2017-01-04T22:09:18.669Z,"10 km NNE of Cambria, California",earthquake,0.23,0.86,0.08,22,reviewed,nc,nc
2003-12-25T01:28:29.070Z,35.7405,-120.8858333,2.786,1.12,md,6,280,0.04324,0.03,nc,nc21324446,2017-01-04T22:09:14.938Z,"1 km NNW of Lake Nacimiento, California",earthquake,6.4,4.23,,1,reviewed,nc,nc
2003-12-25T01:19:01.470Z,35.7138333,-121.0388333,6.006,1.96,md,19,76,0.05946,0.1,nc,nc21324445,2017-01-04T22:09:11.683Z,"8 km SW of Oak Shores, California",earthquake,0.24,0.68,0.08,10,reviewed,nc,nc
2003-12-25T01:06:29.050Z,35.662,-121.015,6.064,1.4,md,13,182,0.1144,0.02,nc,nc21324448,2017-01-04T22:09:08.074Z,"12 km SSW of Oak Shores, California",earthquake,0.7,0.96,0.01,3,reviewed,nc,nc
2003-12-25T01:03:33.190Z,35.5418333,-120.8556667,5.191,1.48,md,15,201,0.1,0.03,nc,nc21325006,2017-01-04T22:09:04.403Z,"11 km NNE of Cayucos, California",earthquake,0.52,1.47,0.02,4,reviewed,nc,nc
2003-12-25T00:56:54.190Z,35.7043333,-121.0303333,6.613,1.85,md,19,67,0.1027,0.11,nc,nc21326769,2017-01-04T22:09:01.077Z,"8 km SSW of Oak Shores, California",earthquake,0.26,0.9,0.17,13,reviewed,nc,nc
2003-12-25T00:46:25.430Z,35.5425,-120.8403333,3.988,2.03,md,19,94,0.05495,0.1,nc,nc21325859,2017-01-04T22:08:57.490Z,"12 km NNE of Cayucos, California",earthquake,0.27,0.83,0.11,8,reviewed,nc,nc
2003-12-25T00:43:42.200Z,35.5801667,-120.8445,0.57,2.49,md,38,63,0.06396,0.06,nc,nc21325858,2017-01-04T22:08:54.064Z,"13 km WNW of Templeton, California",earthquake,0.16,0.73,0.15,33,reviewed,nc,nc
2003-12-25T00:39:54.300Z,35.6745,-121.1051667,4.79,1.96,md,28,115,0.04054,0.04,nc,nc21325855,2017-01-04T22:08:48.970Z,"8 km ENE of San Simeon, California",earthquake,0.21,0.49,0.133,30,reviewed,nc,nc
2003-12-25T00:36:30.080Z,35.595,-120.8988333,4.568,2.27,md,33,84,0.05315,0.09,nc,nc30500531,2017-01-04T22:08:40.366Z,"14 km S of Lake Nacimiento, California",earthquake,0.21,0.43,0.08,28,reviewed,nc,nc
2003-12-25T00:33:37.600Z,35.6498333,-121.0953333,4.385,2.39,md,31,115,0.04955,0.08,nc,nc21325850,2017-01-04T22:08:32.695Z,"8 km E of San Simeon, California",earthquake,0.2,0.39,0.13,26,reviewed,nc,nc
2003-12-25T00:29:28.830Z,35.653,-121.084,4.034,2.56,md,14,133,0.05315,0.09,nc,nc68006828,2017-01-04T22:08:28.872Z,"9 km E of San Simeon, California",earthquake,0.44,0.53,0.1,8,reviewed,nc,nc
2003-12-25T00:28:09.140Z,35.5883333,-120.9798333,6.403,2.27,md,12,184,0.08108,0.14,nc,nc68006827,2017-01-04T22:08:24.991Z,"9 km ENE of Cambria, California",earthquake,0.85,0.65,0.08,6,reviewed,nc,nc
2003-12-25T00:24:18.710Z,35.7355,-121.0118333,4.426,2.07,md,21,79,0.06847,0.08,nc,nc21325847,2017-01-04T22:08:21.102Z,"4 km SW of Oak Shores, California",earthquake,0.21,0.63,0.13,12,reviewed,nc,nc
2003-12-25T00:20:14.560Z,35.6586667,-121.0783333,3.376,3.05,md,9,188,0.05946,0.06,nc,nc68006825,2017-01-04T22:08:16.769Z,"10 km E of San Simeon, California",earthquake,0.86,0.81,0.03,5,reviewed,nc,nc
2003-12-25T00:20:01.200Z,35.6518333,-121.0885,3.387,3.2,md,17,107,0.05135,0.07,nc,nc68006824,2017-01-04T22:08:12.688Z,"9 km E of San Simeon, California",earthquake,0.22,0.59,0.05,5,reviewed,nc,nc
2003-12-25T00:17:35.940Z,35.6531667,-121.0861667,4.464,2.84,md,14,133,0.05315,0.1,nc,nc68006823,2017-01-04T22:08:09.094Z,"9 km E of San Simeon, California",earthquake,0.81,0.6,0.11,10,reviewed,nc,nc
2003-12-25T00:13:08.300Z,35.7188333,-121.091,6.722,2.48,md,37,53,0.06306,0.07,nc,nc30500529,2017-01-04T22:08:04.280Z,"11 km WSW of Oak Shores, California",earthquake,0.16,0.54,0.08,42,reviewed,nc,nc
2003-12-24T23:59:43.370Z,35.6428333,-121.0846667,3.146,3.56,ml,45,103,0.04324,0.07,nc,nc21325812,2017-01-04T22:07:50.590Z,"8 km N of Cambria, California",earthquake,0.18,0.57,,1,reviewed,nc,nc
2003-12-24T23:59:27.900Z,35.6651667,-121.1093333,5.56,1.97,md,11,141,0.06577,0.1,nc,nc68006820,2017-01-04T22:07:43.287Z,"7 km ENE of San Simeon, California",earthquake,0.74,0.67,0.06,3,reviewed,nc,nc
2003-12-24T23:56:20.490Z,35.6843333,-121.0986667,6.241,1.93,md,14,206,0.04505,0.2,nc,nc21325790,2017-01-04T22:07:40.175Z,"9 km ENE of San Simeon, California",earthquake,1.79,1.75,0.19,10,reviewed,nc,nc
2003-12-24T23:50:05.350Z,35.5441667,-120.8763333,1.641,2.26,md,37,52,0.02703,0.13,nc,nc21324500,2017-01-04T22:07:36.577Z,"11 km N of Cayucos, California",earthquake,0.21,0.61,0.13,30,reviewed,nc,nc
2003-12-24T23:30:34.450Z,35.6868333,-120.5833333,6.235,1.82,md,9,143,0.1604,0.23,nc,nc21324494,2017-01-04T22:07:22.041Z,"7 km WNW of Whitley Gardens, California",earthquake,2.69,16.21,,1,reviewed,nc,nc
2003-12-24T23:28:55.780Z,35.5466667,-120.8493333,3.798,1.99,md,25,55,0.04865,0.07,nc,nc21324493,2017-01-04T22:07:18.958Z,"12 km NNE of Cayucos, California",earthquake,0.2,0.61,0.15,13,reviewed,nc,nc
2003-12-24T23:24:48.340Z,35.735,-121.006,3.88,2.93,md,55,48,0.09189,0.07,nc,nc68006817,2017-01-04T22:07:13.940Z,"4 km SSW of Oak Shores, California",earthquake,0.15,0.45,0.1,54,reviewed,nc,nc
2003-12-24T23:22:07.610Z,35.5836667,-120.8655,7.082,2.03,md,41,47,0.05766,0.08,nc,nc21324486,2017-01-04T22:06:56.350Z,"14 km WNW of Templeton, California",earthquake,0.18,0.43,0.2,18,reviewed,nc,nc
2003-12-24T23:13:46.700Z,35.5353333,-120.8386667,5.57,2.4,md,39,57,0.05586,0.08,nc,nc21324485,2017-01-04T22:06:49.648Z,"11 km NNE of Cayucos, California",earthquake,0.17,0.58,0.12,33,reviewed,nc,nc
2003-12-24T23:12:59.500Z,35.6863333,-121.0773333,5.843,1.36,md,8,92,0.06216,0.03,nc,nc21324484,2017-01-04T22:06:45.531Z,"11 km ENE of San Simeon, California",earthquake,0.4,1.3,0.09,4,reviewed,nc,nc
2003-12-24T23:05:51.820Z,35.6516667,-120.9128333,9.492,1.58,md,17,222,0.03964,0.02,nc,nc21324483,2017-01-04T22:06:42.202Z,"9 km SSW of Lake Nacimiento, California",earthquake,1.35,1.08,0.01,2,reviewed,nc,nc
2003-12-24T23:05:00.610Z,35.5306667,-120.8585,6.691,1.63,md,13,282,0.1108,0.02,nc,nc21324481,2017-01-04T22:06:38.972Z,"10 km NNE of Cayucos, California",earthquake,2.35,0.79,0.21,3,reviewed,nc,nc
2003-12-24T22:50:17.440Z,35.6546667,-121.0345,6.099,2.55,md,41,120,0.07297,0.07,nc,nc30500359,2017-01-04T22:06:31.100Z,"10 km NNE of Cambria, California",earthquake,0.16,0.64,0.11,46,reviewed,nc,nc
2003-12-24T22:49:12.450Z,35.6785,-121.0905,5.994,2.33,md,28,99,0.07838,0.06,nc,nc21324564,2017-01-04T22:06:24.274Z,"9 km ENE of San Simeon, California",earthquake,0.15,0.56,0.07,23,reviewed,nc,nc
2003-12-24T22:47:12.870Z,35.658,-121.0896667,9.718,1.96,md,21,106,0.05766,0.08,nc,nc21324563,2017-01-04T22:06:20.308Z,"9 km E of San Simeon, California",earthquake,0.23,0.66,0.11,15,reviewed,nc,nc
2003-12-24T22:45:29.720Z,35.6746667,-121.0545,7.893,1.18,md,7,94,0.08108,0.05,nc,nc21324562,2017-01-04T22:06:16.516Z,"12 km N of Cambria, California",earthquake,0.39,1.62,0.2,4,reviewed,nc,nc
2003-12-24T22:35:35.190Z,35.6778333,-120.971,2.943,1.81,md,7,159,0.09279,0.28,nc,nc21324560,2017-01-04T22:06:13.066Z,"9 km SW of Lake Nacimiento, California",earthquake,1.29,3.65,0.04,4,reviewed,nc,nc
2003-12-24T22:31:49.430Z,35.7073333,-121.1185,6.723,2.05,md,25,96,0.03784,0.03,nc,nc21324558,2017-01-04T22:06:09.660Z,"9 km NE of San Simeon, California",earthquake,0.23,0.38,0.07,23,reviewed,nc,nc
2003-12-24T22:26:17.420Z,35.6241667,-120.8891667,3.035,1.68,md,15,139,0.02523,0.05,nc,nc21324557,2017-01-04T22:06:05.978Z,"11 km S of Lake Nacimiento, California",earthquake,0.5,0.19,0.06,6,reviewed,nc,nc
2003-12-24T22:17:39.590Z,35.5933333,-120.8875,5.99,1.65,md,37,58,0.05045,0.06,nc,nc68006808,2017-01-04T22:06:01.650Z,"14 km S of Lake Nacimiento, California",earthquake,0.17,0.34,0.288,35,reviewed,nc,nc
2003-12-24T22:12:30.080Z,35.6046667,-120.938,6.853,1.7,md,15,89,0.06847,0.14,nc,nc21324553,2017-01-04T22:05:55.601Z,"13 km ENE of Cambria, California",earthquake,0.59,0.73,0.11,7,reviewed,nc,nc
2003-12-24T22:10:39.950Z,35.6496667,-120.908,8.171,2.02,md,23,84,0.03514,0.04,nc,nc21324552,2017-01-04T22:05:51.657Z,"9 km SSW of Lake Nacimiento, California",earthquake,0.19,0.39,0.1,20,reviewed,nc,nc
2003-12-24T22:09:08.780Z,35.5965,-120.9013333,3.842,1.93,md,27,51,0.05315,0.05,nc,nc21324551,2017-01-04T22:05:46.706Z,"14 km S of Lake Nacimiento, California",earthquake,0.22,0.43,0.28,9,reviewed,nc,nc
2003-12-24T22:01:12.390Z,35.5521667,-120.8433333,2.953,1.88,md,7,230,0.05495,0.2,nc,nc68006804,2017-01-04T22:05:43.433Z,"Central California",earthquake,1.45,2.79,0.08,4,reviewed,nc,nc
2003-12-24T21:59:21.220Z,35.651,-121.068,8.229,1.35,md,6,132,0.07658,0.02,nc,nc21324549,2017-01-04T22:05:39.956Z,"9 km N of Cambria, California",earthquake,0.61,1.27,0.02,2,reviewed,nc,nc
2003-12-24T21:53:26.440Z,35.4135,-120.94,7.46,1.68,md,19,178,0.05856,0.06,nc,nc21324548,2017-01-04T22:05:36.300Z,"5 km SW of Cayucos, California",earthquake,0.31,0.37,0.28,7,reviewed,nc,nc
2003-12-24T21:49:16.320Z,35.5346667,-120.8786667,12.955,1.86,md,7,215,0.07568,0.1,nc,nc68006802,2017-01-04T22:05:32.719Z,"10 km N of Cayucos, California",earthquake,1.45,1.12,0.03,4,reviewed,nc,nc
2003-12-24T21:48:43.360Z,35.714,-121.0965,8.15,2.36,md,36,91,0.1135,0.09,nc,nc21324545,2017-01-04T22:05:28.320Z,"11 km NE of San Simeon, California",earthquake,0.18,0.7,0.09,39,reviewed,nc,nc
2003-12-24T21:39:05.230Z,35.6598333,-121.055,4.153,1.61,md,9,104,0.08378,0.03,nc,nc21324544,2017-01-04T22:05:17.983Z,"11 km NNE of Cambria, CA",earthquake,0.31,1.46,0.12,6,reviewed,nc,nc
2003-12-24T21:35:43.970Z,35.6553333,-121.0921667,4.206,2.28,md,13,182,0.05495,0.05,nc,nc68006800,2017-01-04T22:05:14.585Z,"9 km E of San Simeon, California",earthquake,0.62,0.42,0.15,7,reviewed,nc,nc
2003-12-24T21:32:50.530Z,35.5841667,-120.9441667,6.146,2.28,md,28,85,0.05856,0.13,nc,nc21324542,2017-01-04T22:05:10.999Z,"Central California",earthquake,0.24,0.94,0.08,26,reviewed,nc,nc
2003-12-24T21:30:26.340Z,35.5883333,-120.8681667,3.083,1.7,md,11,216,0.06306,0.17,nc,nc68006798,2017-01-04T22:05:07.054Z,"15 km WNW of Templeton, California",earthquake,0.77,1.16,0.1,4,reviewed,nc,nc
2003-12-24T21:24:57.760Z,35.5478333,-120.8538333,7.24,1.61,md,14,271,0.09369,0.03,nc,nc21324539,2017-01-04T22:05:03.425Z,"12 km NNE of Cayucos, California",earthquake,1.22,0.88,,1,reviewed,nc,nc
2003-12-24T21:14:36.850Z,35.6346667,-120.9751667,3.711,1.3,md,10,245,0.08919,0.03,nc,nc21324535,2017-01-04T22:04:59.503Z,"12 km NE of Cambria, California",earthquake,0.89,0.56,0.1,2,reviewed,nc,nc
2003-12-24T21:05:11.630Z,35.646,-121.0406667,6.249,2.08,md,22,65,0.06306,0.11,nc,nc21324534,2017-01-04T22:04:56.331Z,"9 km NNE of Cambria, California",earthquake,0.24,0.77,0.1,14,reviewed,nc,nc
2003-12-24T21:04:21.780Z,35.6036667,-120.9595,6.223,1.96,md,11,200,0.08198,0.12,nc,nc68006796,2017-01-04T22:04:52.482Z,"11 km ENE of Cambria, California",earthquake,1.06,0.87,0.05,6,reviewed,nc,nc
2003-12-24T20:55:46.170Z,35.6056667,-120.962,5.702,2.01,md,8,210,0.08468,0.12,nc,nc68006795,2017-01-04T22:04:49.013Z,"11 km ENE of Cambria, California",earthquake,0.89,0.92,0.09,4,reviewed,nc,nc
2003-12-24T20:52:54.180Z,35.6563333,-121.0308333,6.283,1.92,md,17,187,0.1036,0.41,nc,nc21324532,2017-01-04T22:04:45.237Z,"11 km NNE of Cambria, California",earthquake,1.69,2.94,0.15,12,reviewed,nc,nc
2003-12-24T20:46:08.270Z,35.6575,-121.0621667,6.91,2.22,md,18,82,0.06216,0.09,nc,nc30500356,2017-01-04T22:04:41.297Z,"10 km N of Cambria, California",earthquake,0.25,0.7,0.08,15,reviewed,nc,nc
2003-12-24T20:45:35.590Z,35.5413333,-120.8386667,5.648,2.22,md,31,48,0.05586,0.06,nc,nc30500355,2017-01-04T22:04:37.631Z,"11 km NNE of Cayucos, California",earthquake,0.17,0.56,0.12,21,reviewed,nc,nc
2003-12-24T20:45:06.070Z,35.5855,-120.8798333,4.008,2.14,md,25,61,0.05586,0.18,nc,nc21324523,2017-01-04T22:04:33.507Z,"15 km S of Lake Nacimiento, California",earthquake,0.32,0.6,0.13,13,reviewed,nc,nc
2003-12-24T20:43:24.660Z,35.5421667,-120.8926667,4.078,2,md,22,83,0.01441,0.2,nc,nc21324519,2017-01-04T22:04:29.611Z,"11 km N of Cayucos, California",earthquake,0.32,0.57,0.07,8,reviewed,nc,nc
2003-12-24T20:35:27.780Z,35.5385,-120.8343333,6.01,1.96,md,22,74,0.05946,0.12,nc,nc21324518,2017-01-04T22:04:26.205Z,"11 km W of Templeton, California",earthquake,0.28,0.71,0.16,12,reviewed,nc,nc
2003-12-24T20:27:28.670Z,35.695,-121.0401667,1.516,1.79,md,7,214,0.1045,0.27,nc,nc68006789,2017-01-04T22:04:22.399Z,"Near the coast of Central California",earthquake,1.33,2.58,0.05,4,reviewed,nc,nc
2003-12-24T20:19:14.760Z,35.6333333,-120.9393333,5.161,1.98,md,21,65,0.06036,0.15,nc,nc21324515,2017-01-04T22:04:19.035Z,"Central California",earthquake,0.3,0.66,0.16,8,reviewed,nc,nc
2003-12-24T20:17:46.790Z,35.6506667,-120.9516667,4.936,2.04,md,24,60,0.07027,0.13,nc,nc21324513,2017-01-04T22:04:15.425Z,"10 km SW of Lake Nacimiento, California",earthquake,0.25,0.62,0.19,12,reviewed,nc,nc
2003-12-24T20:15:47.340Z,35.5725,-120.8293333,3.14,2.14,md,23,80,0.07387,0.07,nc,nc30506038,2017-01-04T22:04:12.104Z,"11 km WNW of Templeton, California",earthquake,0.21,0.61,0.07,10,reviewed,nc,nc
2003-12-24T20:14:20.180Z,35.6618333,-121.09,4.004,3.48,ml,60,104,0.05586,0.05,nc,nc21324508,2017-01-04T22:04:07.060Z,"9 km ENE of San Simeon, California",earthquake,0.1,0.33,,1,reviewed,nc,nc
2003-12-24T20:10:49.800Z,35.655,-121.0841667,5.278,2.7,md,42,101,0.05495,0.09,nc,nc21324505,2017-01-04T22:03:58.030Z,"9 km E of San Simeon, California",earthquake,0.15,0.45,0.11,47,reviewed,nc,nc
2003-12-24T20:06:22.280Z,35.533,-120.8983333,7.123,2.82,md,14,183,0.007207,0.15,nc,nc68006783,2017-01-04T22:03:51.005Z,"10 km N of Cayucos, California",earthquake,0.81,0.93,0.09,10,reviewed,nc,nc
2003-12-24T20:06:14.540Z,35.6556667,-121.0781667,8.406,1.61,md,10,186,0.05676,0.08,nc,nc68006782,2017-01-04T22:03:47.611Z,"10 km N of Cambria, California",earthquake,1.23,0.94,,1,reviewed,nc,nc
2003-12-24T20:04:14.140Z,35.6246667,-120.9305,3.516,1.94,md,16,167,0.09279,0.18,nc,nc21324503,2017-01-04T22:03:43.873Z,"12 km SSW of Lake Nacimiento, California",earthquake,0.84,1.5,0.09,10,reviewed,nc,nc
2003-12-24T19:59:25.210Z,35.5696667,-120.855,5.55,2.64,md,46,63,0.05495,0.07,nc,nc30500353,2017-01-04T22:03:39.490Z,"13 km W of Templeton, California",earthquake,0.18,0.52,0.1,49,reviewed,nc,nc
2003-12-24T19:58:26.850Z,35.537,-120.843,3.81,2.22,md,22,56,0.05225,0.16,nc,nc21324502,2017-01-04T22:03:32.191Z,"11 km NNE of Cayucos, California",earthquake,0.29,0.93,0.1,8,reviewed,nc,nc
2003-12-24T19:56:15.910Z,35.5368333,-120.8066667,7.308,2.09,md,17,110,0.08198,0.12,nc,nc21324501,2017-01-04T22:03:28.651Z,"9 km W of Templeton, California",earthquake,0.41,1.42,0.11,11,reviewed,nc,nc
2003-12-24T19:52:22.250Z,35.6678333,-121.0843333,1.023,1.21,md,5,113,0.05856,0.03,nc,nc21325507,2017-01-04T22:03:24.791Z,"9 km ENE of San Simeon, California",earthquake,0.39,2.12,,1,reviewed,nc,nc
2003-12-24T19:46:18.250Z,35.6355,-121.0921667,4.317,2.26,md,19,114,0.03514,0.08,nc,nc21325506,2017-01-04T22:03:21.438Z,"7 km N of Cambria, California",earthquake,0.29,0.48,0.14,19,reviewed,nc,nc
2003-12-24T19:17:36.160Z,35.6226667,-120.8741667,6.871,2.61,md,50,49,0.01982,0.06,nc,nc21325784,2017-01-04T22:03:16.340Z,"11 km S of Lake Nacimiento, California",earthquake,0.14,0.59,0.08,56,reviewed,nc,nc
2003-12-24T19:14:53.060Z,35.536,-120.8753333,3.168,1.56,md,13,183,0.1054,0.04,nc,nc21325783,2017-01-04T22:03:09.457Z,"10 km N of Cayucos, California",earthquake,0.98,1.59,0.07,2,reviewed,nc,nc
2003-12-24T19:13:37.110Z,35.6211667,-121.1045,-0.568,1.42,md,8,230,0.07297,0.08,nc,nc21325782,2017-01-04T22:03:06.244Z,"6 km NNW of Cambria, California",earthquake,1.63,5.11,0.05,2,reviewed,nc,nc
2003-12-24T19:09:35.830Z,35.5748333,-120.8276667,4.123,1.77,md,10,265,0.07658,0.19,nc,nc68006775,2017-01-04T22:03:03.001Z,"11 km WNW of Templeton, California",earthquake,1.4,2.47,0.08,4,reviewed,nc,nc
2003-12-24T19:07:17.790Z,35.631,-120.9026667,7.019,0.92,md,9,282,0.1486,0.05,nc,nc21325779,2017-01-04T22:02:59.869Z,"10 km S of Lake Nacimiento, California",earthquake,0.7,2.08,,1,reviewed,nc,nc
2003-12-24T19:02:27.870Z,35.612,-120.9005,6.434,1.63,md,26,56,0.07838,0.11,nc,nc21325778,2017-01-04T22:02:56.322Z,"13 km S of Lake Nacimiento, California",earthquake,0.27,0.77,0.1,6,reviewed,nc,nc
2003-12-24T18:58:35.420Z,35.5388333,-120.8451667,5.74,1.77,md,34,65,0.05045,0.06,nc,nc21325777,2017-01-04T22:02:52.709Z,"11 km NNE of Cayucos, California",earthquake,0.18,0.51,0.1,16,reviewed,nc,nc
2003-12-24T18:23:04.150Z,35.6596667,-121.0936667,3.972,2.5,md,37,108,0.05405,0.07,nc,nc30500352,2017-01-04T22:02:41.622Z,"8 km ENE of San Simeon, California",earthquake,0.14,0.41,0.09,33,reviewed,nc,nc
2003-12-24T18:22:33.450Z,35.6896667,-121.0578333,1.956,2.3,md,10,207,0.09369,0.2,nc,nc68006768,2017-01-04T22:02:37.902Z,"11 km SW of Oak Shores, California",earthquake,0.93,2.51,0.06,2,reviewed,nc,nc
2003-12-24T18:21:23.730Z,35.6668333,-121.1053333,5.428,2.29,md,32,116,0.04234,0.08,nc,nc30500351,2017-01-04T22:02:34.325Z,"8 km ENE of San Simeon, California",earthquake,0.17,0.52,0.1,25,reviewed,nc,nc
2003-12-24T18:20:04.900Z,35.533,-120.8203333,3.908,2.13,md,20,78,0.07027,0.19,nc,nc21324469,2017-01-04T22:02:30.371Z,"10 km W of Templeton, California",earthquake,0.36,0.86,0.08,9,reviewed,nc,nc
2003-12-24T18:12:00.340Z,35.6165,-120.994,6.541,2.04,md,34,83,0.08288,0.09,nc,nc30226737,2017-01-04T22:02:24.051Z,"9 km NE of Cambria, California",earthquake,0.21,0.57,0.09,12,reviewed,nc,nc
2003-12-24T18:11:26.350Z,35.5915,-120.7806667,0.977,1.46,md,11,197,0.08559,0.05,nc,nc21324466,2017-01-04T22:02:20.064Z,"8 km NW of Templeton, California",earthquake,0.78,3.07,,1,reviewed,nc,nc
2003-12-24T18:08:24.800Z,35.6436667,-121.0505,12.06,2.07,md,8,190,0.05586,0.07,nc,nc68006763,2017-01-04T22:02:16.305Z,"9 km NNE of Cambria, California",earthquake,0.98,0.82,0.15,6,reviewed,nc,nc
2003-12-24T18:05:17.400Z,35.6161667,-121.0041667,8.591,2.13,md,27,52,0.07477,0.08,nc,nc30226736,2017-01-04T22:02:12.738Z,"9 km NE of Cambria, California",earthquake,0.24,0.59,0.2,19,reviewed,nc,nc
2003-12-24T18:04:40.740Z,35.6381667,-120.9985,3.383,1.32,md,13,108,0.1081,0.07,nc,nc21324464,2017-01-04T22:02:08.935Z,"11 km NE of Cambria, California",earthquake,0.38,0.96,,1,reviewed,nc,nc
2003-12-24T18:03:35.910Z,35.5543333,-120.833,4.13,0.55,md,6,297,0.09099,0.02,nc,nc30226742,2017-01-04T22:02:05.703Z,"11 km W of Templeton, California",earthquake,6.73,0.96,,1,reviewed,nc,nc
2003-12-24T17:54:40.310Z,35.6496667,-121.0008333,5.083,1.71,md,21,104,0.1099,0.03,nc,nc21324461,2017-01-04T22:01:59.138Z,"11 km NE of Cambria, California",earthquake,0.27,0.6,0.18,8,reviewed,nc,nc
2003-12-24T17:52:58.480Z,35.714,-121.084,7.942,2.13,md,23,63,0.06486,0.06,nc,nc21324459,2017-01-04T22:01:55.438Z,"11 km WSW of Oak Shores, California",earthquake,0.19,0.61,0.14,17,reviewed,nc,nc
2003-12-24T17:45:27.430Z,35.5551667,-120.9048333,2.173,1.9,md,11,200,0.02162,0.18,nc,nc68006758,2017-01-04T22:01:52.020Z,"12 km N of Cayucos, California",earthquake,0.81,0.49,0.11,5,reviewed,nc,nc
2003-12-24T17:41:05.300Z,35.6598333,-121.0888333,3.773,1.44,md,10,123,0.05766,0.03,nc,nc21324450,2017-01-04T22:01:48.331Z,"9 km E of San Simeon, California",earthquake,0.33,1.07,0.08,4,reviewed,nc,nc
2003-12-24T17:40:33.700Z,35.5313333,-120.8355,5.57,1.78,md,27,67,0.05856,0.06,nc,nc30226734,2017-01-04T22:01:44.769Z,"11 km NNE of Cayucos, California",earthquake,0.23,0.59,0.29,8,reviewed,nc,nc
2003-12-24T17:30:59.330Z,35.6121667,-120.969,5.746,1.94,md,23,109,0.09369,0.09,nc,nc21324530,2017-01-04T22:01:41.111Z,"11 km ENE of Cambria, California",earthquake,0.4,0.65,0.07,10,reviewed,nc,nc
2003-12-24T17:29:03.610Z,35.7215,-121.0051667,5.029,2.09,md,27,56,0.0991,0.1,nc,nc21324529,2017-01-04T22:01:37.324Z,"5 km SSW of Oak Shores, California",earthquake,0.17,0.55,0.14,22,reviewed,nc,nc
2003-12-24T17:27:44.140Z,35.5401667,-120.8383333,4.727,1.78,md,8,196,0.05586,0.19,nc,nc68006753,2017-01-04T22:01:33.604Z,"11 km NNE of Cayucos, California",earthquake,1.48,2.09,0.07,4,reviewed,nc,nc
2003-12-24T17:21:41.700Z,35.5766667,-120.8758333,3.74,2.17,md,24,76,0.04955,0.07,nc,nc21324527,2017-01-04T22:01:30.427Z,"14 km N of Cayucos, California",earthquake,0.22,0.45,0.09,15,reviewed,nc,nc
2003-12-24T17:19:19.750Z,35.6083333,-120.9651667,3.851,1.28,md,10,301,0.08649,0.03,nc,nc21324477,2017-01-04T22:01:26.828Z,"11 km ENE of Cambria, California",earthquake,4.9,1.66,0.04,2,reviewed,nc,nc
2003-12-24T17:12:37.350Z,35.6081667,-120.9825,8.02,1.91,md,9,197,0.09099,0.13,nc,nc68006751,2017-01-04T22:01:23.436Z,"10 km ENE of Cambria, California",earthquake,1.04,1.24,0.1,6,reviewed,nc,nc
2003-12-24T17:09:47.070Z,35.5465,-120.8605,6.17,2.08,md,26,57,0.03964,0.07,nc,nc21324566,2017-01-04T22:01:20.103Z,"11 km NNE of Cayucos, California",earthquake,0.24,0.5,0.13,17,reviewed,nc,nc
2003-12-24T17:08:53.710Z,35.622,-121.264,4.463,1.63,md,9,258,0.2865,0.06,nc,nc21324565,2017-01-04T22:01:16.489Z,"7 km WSW of San Simeon, California",earthquake,1.74,8.93,0.16,3,reviewed,nc,nc
2003-12-24T17:06:06.970Z,35.694,-120.9991667,5.409,2.23,md,27,70,0.1144,0.15,nc,nc21324602,2017-01-04T22:01:13.305Z,"8 km SSW of Oak Shores, California",earthquake,0.25,0.74,0.08,17,reviewed,nc,nc
2003-12-24T16:59:06.750Z,35.5346667,-120.8895,1.66,3.09,ml,45,54,0.01441,0.06,nc,nc21324600,2017-01-04T22:01:04.630Z,"10 km N of Cayucos, California",earthquake,0.16,0.37,,2,reviewed,nc,nc
2003-12-24T16:54:11.070Z,35.5891667,-120.8828333,1.193,2.57,md,34,79,0.05856,0.08,nc,nc21324599,2017-01-04T22:00:58.181Z,"15 km S of Lake Nacimiento, California",earthquake,0.17,1.01,0.12,39,reviewed,nc,nc
2003-12-24T16:49:44.990Z,35.6396667,-121.0205,9.16,2.07,md,7,197,0.07207,0.1,nc,nc68006745,2017-01-04T22:00:54.117Z,"10 km NNE of Cambria, California",earthquake,1.25,1.67,0.11,7,reviewed,nc,nc
2003-12-24T16:49:26.980Z,35.6393333,-121.0001667,6.191,1.87,md,30,62,0.08559,0.14,nc,nc30227225,2017-01-04T22:00:47.388Z,"11 km NE of Cambria, California",earthquake,0.24,0.7,0.08,15,reviewed,nc,nc
2003-12-24T16:47:00.530Z,35.6221667,-120.9523333,4.253,2.28,md,40,68,0.07297,0.08,nc,nc21324597,2017-01-04T22:00:43.050Z,"13 km ENE of Cambria, California",earthquake,0.16,0.53,0.09,34,reviewed,nc,nc
2003-12-24T16:39:20.680Z,35.5915,-120.962,3.678,2.49,md,30,110,0.07297,0.09,nc,nc21324596,2017-01-04T22:00:36.317Z,"11 km ENE of Cambria, California",earthquake,0.24,0.56,0.12,30,reviewed,nc,nc
2003-12-24T16:37:55.660Z,35.5833333,-120.8026667,0.704,0.87,md,8,274,0.07748,0.03,nc,nc21324571,2017-01-04T22:00:32.229Z,"9 km WNW of Templeton, California",earthquake,5.07,6.89,,1,reviewed,nc,nc
2003-12-24T16:33:23.910Z,35.5566667,-120.8473333,7.797,1.93,md,8,269,0.05405,0.14,nc,nc68006741,2017-01-04T22:00:28.950Z,"12 km W of Templeton, California",earthquake,1.77,2.09,0.16,5,reviewed,nc,nc
2003-12-24T16:31:33.170Z,35.656,-121.0941667,4.207,1.88,md,25,112,0.05495,0.06,nc,nc30226715,2017-01-04T22:00:25.041Z,"8 km E of San Simeon, California",earthquake,0.17,0.37,0.16,9,reviewed,nc,nc
2003-12-24T16:31:02.070Z,35.6351667,-121.0151667,8.699,2.09,md,34,72,0.07297,0.08,nc,nc21324568,2017-01-04T22:00:21.308Z,"9 km NE of Cambria, California",earthquake,0.24,0.77,0.09,22,reviewed,nc,nc
2003-12-24T16:22:40.590Z,35.5425,-120.8498333,5.098,2.1,md,20,97,0.04685,0.07,nc,nc21324371,2017-01-04T22:00:13.919Z,"11 km NNE of Cayucos, California",earthquake,0.25,0.64,0.13,12,reviewed,nc,nc
2003-12-24T16:16:33.230Z,35.6545,-121.072,6.284,2.44,md,26,90,0.05676,0.1,nc,nc30500360,2017-01-04T22:00:10.263Z,"10 km N of Cambria, California",earthquake,0.2,0.66,0.09,31,reviewed,nc,nc
2003-12-24T16:15:29.160Z,35.661,-121.1021667,5.186,2.91,md,46,117,0.04685,0.07,nc,nc21324572,2017-01-04T22:00:04.300Z,"8 km ENE of San Simeon, California",earthquake,0.15,0.42,0.09,48,reviewed,nc,nc
2003-12-24T16:09:20.650Z,35.6483333,-121.0703333,3.536,2.05,md,11,186,0.05135,0.05,nc,nc68006735,2017-01-04T21:59:51.398Z,"9 km N of Cambria, California",earthquake,0.8,0.83,0.14,5,reviewed,nc,nc
2003-12-24T16:00:31.390Z,35.6738333,-121.0978333,6.15,1.95,md,32,104,0.04595,0.06,nc,nc21324378,2017-01-04T21:59:43.987Z,"9 km ENE of San Simeon, California",earthquake,0.16,0.38,0.12,20,reviewed,nc,nc
2003-12-24T15:52:29.380Z,35.5281667,-120.8271667,4.85,2.29,md,29,59,0.06486,0.07,nc,nc21324376,2017-01-04T21:59:39.918Z,"11 km NNE of Cayucos, California",earthquake,0.22,0.77,0.13,25,reviewed,nc,nc
2003-12-24T15:43:17.670Z,35.5928333,-120.8898333,5.208,1.82,md,18,63,0.05225,0.18,nc,nc21324593,2017-01-04T21:59:35.767Z,"15 km S of Lake Nacimiento, California",earthquake,0.44,0.97,0.07,9,reviewed,nc,nc
2003-12-24T15:41:07.080Z,35.596,-120.9238333,20.882,2.34,md,14,82,0.06396,0.16,nc,nc21324591,2017-01-04T21:59:32.105Z,"14 km ENE of Cambria, California",earthquake,1,1.45,0.18,8,reviewed,nc,nc
2003-12-24T15:36:18.400Z,35.6575,-121.0981667,6.803,2.37,md,26,115,0.05135,0.08,nc,nc21324590,2017-01-04T21:59:28.291Z,"8 km E of San Simeon, California",earthquake,0.24,0.56,0.09,26,reviewed,nc,nc
2003-12-24T15:33:42.570Z,35.5165,-120.8758333,8.473,1.6,md,8,208,0.03063,0.1,nc,nc68006729,2017-01-04T21:59:24.657Z,"8 km N of Cayucos, California",earthquake,1.17,0.69,0.04,5,reviewed,nc,nc
2003-12-24T15:32:13.910Z,35.7145,-121.103,5.514,1.43,md,13,156,0.05225,0.03,nc,nc21324587,2017-01-04T21:59:21.174Z,"11 km NE of San Simeon, California",earthquake,0.56,0.88,0.04,3,reviewed,nc,nc
2003-12-24T15:27:06.460Z,35.5648333,-120.822,3.52,3.13,ml,45,34,0.07568,0.11,nc,nc21324585,2017-01-04T21:59:16.590Z,"10 km W of Templeton, California",earthquake,0.19,0.66,,2,reviewed,nc,nc
2003-12-24T15:24:07.560Z,35.6378333,-120.9576667,4.869,2.66,md,44,100,0.07477,0.09,nc,nc21324580,2017-01-04T21:59:08.680Z,"12 km SW of Lake Nacimiento, California",earthquake,0.17,0.5,0.1,50,reviewed,nc,nc
2003-12-24T15:23:30.210Z,35.581,-120.953,5.953,2.02,md,6,221,0.06036,0.03,nc,nc68006726,2017-01-04T21:58:59.948Z,"11 km E of Cambria, California",earthquake,0.82,1.09,0.1,5,reviewed,nc,nc
2003-12-24T15:20:09.030Z,35.5898333,-120.931,3.86,2.04,md,10,200,0.05946,0.13,nc,nc68006725,2017-01-04T21:58:56.428Z,"13 km ENE of Cambria, California",earthquake,0.57,0.89,0.03,4,reviewed,nc,nc
2003-12-24T15:00:17.020Z,35.665,-121.0865,4.821,1.62,md,15,117,0.05766,0.04,nc,nc21324578,2017-01-04T21:58:52.955Z,"9 km ENE of San Simeon, California",earthquake,0.44,0.85,0.09,4,reviewed,nc,nc
2003-12-24T14:56:07.880Z,35.5981667,-120.9005,4.252,2.35,md,48,52,0.05135,0.08,nc,nc21324577,2017-01-04T21:58:48.590Z,"14 km S of Lake Nacimiento, California",earthquake,0.14,0.35,0.11,43,reviewed,nc,nc
2003-12-24T14:55:22.050Z,35.647,-121.0146667,2.24,1.53,md,9,196,0.1189,0.04,nc,nc21324576,2017-01-04T21:58:42.039Z,"10 km NNE of Cambria, California",earthquake,0.76,1.31,0.05,3,reviewed,nc,nc
2003-12-24T14:49:51.340Z,35.5143333,-120.8331667,6.165,1.57,md,11,197,0.1297,0.04,nc,nc21324362,2017-01-04T21:58:38.296Z,"9 km NE of Cayucos, California",earthquake,1.02,2.77,,3,reviewed,nc,nc
2003-12-24T14:46:37.960Z,35.6645,-121.052,-0.138,1.16,md,6,304,0.1532,0.01,nc,nc21324363,2017-01-04T21:58:34.694Z,"11 km NNE of Cambria, California",earthquake,4.93,6.77,,1,reviewed,nc,nc
2003-12-24T14:39:44.390Z,35.6943333,-121.041,9.231,1.39,md,7,77,0.09279,0.06,nc,nc21324351,2017-01-04T21:58:31.061Z,"10 km SW of Oak Shores, California",earthquake,0.54,0.92,0.18,4,reviewed,nc,nc
2003-12-24T14:32:51.890Z,35.524,-120.9321667,5.218,3.46,ml,46,92,0.02252,0.09,nc,nc30500347,2017-01-04T21:58:15.070Z,"9 km NNW of Cayucos, California",earthquake,0.22,0.5,,7,reviewed,nc,nc
2003-12-24T14:27:04.970Z,35.5418333,-120.851,6.957,1.62,md,12,218,0.1,0.02,nc,nc21324342,2017-01-04T21:58:03.559Z,"11 km NNE of Cayucos, California",earthquake,1.8,0.96,,1,reviewed,nc,nc
2003-12-24T14:20:17.700Z,35.7225,-121.099,5.344,1.6,md,12,115,0.06036,0.03,nc,nc21324335,2017-01-04T21:57:56.328Z,"12 km WSW of Oak Shores, California",earthquake,0.57,0.72,0.09,4,reviewed,nc,nc
2003-12-24T13:53:57.100Z,35.6621667,-121.0973333,20.102,1.89,md,4,198,0.05045,0,nc,nc21324573,2017-01-04T21:57:31.427Z,"Near the coast of Central California",earthquake,1.25,1.02,,1,reviewed,nc,nc
2003-12-24T13:52:01.480Z,35.648,-120.9358333,4.033,1.81,md,14,121,0.05676,0.02,nc,nc21324307,2017-01-04T21:57:28.066Z,"10 km SSW of Lake Nacimiento, California",earthquake,0.54,0.33,0.09,3,reviewed,nc,nc
2003-12-24T13:37:09.480Z,35.553,-120.8595,6.479,1.61,md,12,267,0.08829,0.01,nc,nc21324295,2017-01-04T21:57:14.622Z,"12 km NNE of Cayucos, California",earthquake,1.64,0.73,,1,reviewed,nc,nc
2003-12-24T13:00:50.840Z,35.5655,-120.8768333,1.763,1.96,md,17,133,0.07568,0.04,nc,nc21324331,2017-01-04T21:57:01.154Z,"13 km N of Cayucos, California",earthquake,0.36,1.85,0.17,17,reviewed,nc,nc
2003-12-24T12:15:39.520Z,35.7066667,-121.0896667,5.201,1.73,md,15,73,0.05766,0.03,nc,nc21324319,2017-01-04T21:56:25.999Z,"11 km NE of San Simeon, California",earthquake,0.45,0.66,0.31,7,reviewed,nc,nc
2003-12-24T12:14:27.660Z,35.6718333,-121.0585,14.346,1.73,md,12,255,0.164,0.07,nc,nc21324318,2017-01-04T21:56:22.796Z,"12 km N of Cambria, California",earthquake,2.82,1.67,0.34,2,reviewed,nc,nc
2003-12-24T12:10:07.670Z,35.5291667,-120.93,3.557,1.91,md,9,282,0.1234,0.02,nc,nc21324316,2017-01-04T21:56:15.734Z,"10 km NNW of Cayucos, California",earthquake,1.82,1.01,0.03,3,reviewed,nc,nc
2003-12-24T11:56:11.150Z,35.6318333,-120.986,3.523,1.77,md,17,114,0.0982,0.03,nc,nc21324249,2017-01-04T21:56:04.734Z,"11 km NE of Cambria, California",earthquake,0.26,0.88,0.05,4,reviewed,nc,nc
2003-12-24T11:44:01.950Z,35.53,-120.8243333,2.747,1.69,md,11,264,0.1162,0.06,nc,nc21324227,2017-01-04T21:55:47.680Z,"10 km WSW of Templeton, California",earthquake,3.37,2.21,0.15,3,reviewed,nc,nc
2003-12-24T11:39:35.900Z,35.597,-120.9486667,3.543,2.62,md,18,85,0.08018,0.05,nc,nc21324226,2017-01-04T21:55:44.540Z,"12 km ENE of Cambria, California",earthquake,0.28,0.69,0.09,19,reviewed,nc,nc
2003-12-24T11:38:34.290Z,35.384,-120.9358333,0.123,1.79,md,6,204,0.2631,0.05,nc,nc21324219,2017-01-04T21:55:40.738Z,"7 km SSW of Cayucos, California",earthquake,1.94,6.64,,1,reviewed,nc,nc
2003-12-24T11:32:01.570Z,35.5826667,-120.9651667,3.437,1.32,md,7,319,0.0991,0.02,nc,nc21325764,2017-01-04T21:55:37.477Z,"10 km E of Cambria, California",earthquake,1.42,0.69,,1,reviewed,nc,nc
2003-12-24T11:31:12.830Z,35.6083333,-120.9491667,2.921,1.68,md,16,200,0.07477,0.06,nc,nc21325763,2017-01-04T21:55:33.931Z,"12 km ENE of Cambria, California",earthquake,0.43,0.78,0.16,2,reviewed,nc,nc
2003-12-24T11:24:33.610Z,35.6361667,-121.0315,2.839,1.7,md,13,199,0.1099,0.03,nc,nc21325761,2017-01-04T21:55:30.532Z,"9 km NNE of Cambria, California",earthquake,0.59,1.78,0.18,2,reviewed,nc,nc
2003-12-24T11:23:25.060Z,35.5461667,-120.8563333,5.63,1.56,md,17,209,0.0955,0.04,nc,nc21325760,2017-01-04T21:55:26.959Z,"11 km NNE of Cayucos, California",earthquake,1.07,0.85,0.07,2,reviewed,nc,nc
2003-12-24T11:20:29.970Z,35.6665,-121.0725,2.046,1.91,md,9,197,0.06847,0.03,nc,nc68006702,2017-01-04T21:55:23.678Z,"10 km ENE of San Simeon, California",earthquake,0.51,1.1,0.04,4,reviewed,nc,nc
2003-12-24T11:18:28.130Z,35.6528333,-121.0901667,3.852,3.04,md,50,107,0.05225,0.06,nc,nc21325759,2017-01-04T21:55:18.890Z,"Near the coast of Central California",earthquake,0.13,0.43,0.1,50,reviewed,nc,nc
2003-12-24T11:12:21.400Z,35.5678333,-120.8361667,1.967,1.72,md,9,259,0.07748,0.03,nc,nc21324202,2017-01-04T21:55:07.370Z,"11 km W of Templeton, California",earthquake,2.14,6.86,,1,reviewed,nc,nc
2003-12-24T11:09:58.180Z,35.6443333,-121.1063333,10.443,2.18,md,18,164,0.05405,0.16,nc,nc21324204,2017-01-04T21:55:03.867Z,"7 km E of San Simeon, California",earthquake,0.68,0.72,0.13,13,reviewed,nc,nc
2003-12-24T10:58:45.890Z,35.715,-121.1035,6.641,2.08,md,24,79,0.05225,0.04,nc,nc30226708,2017-01-04T21:54:56.501Z,"11 km NE of San Simeon, California",earthquake,0.37,0.61,0.15,19,reviewed,nc,nc
2003-12-24T10:57:42.330Z,35.647,-121.1008333,3.031,1.35,md,16,145,0.05586,0.04,nc,nc21324193,2017-01-04T21:54:52.681Z,"8 km E of San Simeon, California",earthquake,0.31,0.86,,1,reviewed,nc,nc
2003-12-24T10:55:06.570Z,35.6201667,-120.9411667,3.893,1.78,md,20,85,0.06396,0.04,nc,nc21325758,2017-01-04T21:54:49.342Z,"13 km SSW of Lake Nacimiento, California",earthquake,0.29,0.7,0.15,9,reviewed,nc,nc
2003-12-24T10:39:13.290Z,35.652,-120.8666667,4.071,0.98,md,8,167,0.01081,0.04,nc,nc21324178,2017-01-04T21:54:38.914Z,"8 km S of Lake Nacimiento, California",earthquake,0.68,0.35,0.24,2,reviewed,nc,nc
2003-12-24T10:37:45.290Z,35.6235,-120.8186667,3.277,0.7,md,7,257,0.04324,0.04,nc,nc30226707,2017-01-04T21:54:35.642Z,"11 km W of Paso Robles, California",earthquake,6.17,6.34,,1,reviewed,nc,nc
2003-12-24T10:37:16.530Z,35.5225,-120.8276667,7.407,1.49,md,8,204,0.1225,0.02,nc,nc30226706,2017-01-04T21:54:32.304Z,"10 km NNE of Cayucos, California",earthquake,0.85,2.62,,1,reviewed,nc,nc
2003-12-24T10:20:31.640Z,35.7131667,-121.0648333,5.693,3,md,45,55,0.07838,0.09,nc,nc21324164,2017-01-04T21:54:20.770Z,"9 km SW of Oak Shores, California",earthquake,0.15,0.59,0.1,63,reviewed,nc,nc
2003-12-24T10:06:29.420Z,35.5646667,-120.8381667,3.853,2.48,md,38,102,0.08018,0.04,nc,nc21324153,2017-01-04T21:54:00.010Z,"12 km W of Templeton, California",earthquake,0.32,0.76,0.09,43,reviewed,nc,nc
2003-12-24T09:56:27.610Z,35.6548333,-121.0903333,3.075,1.28,md,6,239,0.05856,0.01,nc,nc30226704,2017-01-04T21:53:53.121Z,"9 km E of San Simeon, California",earthquake,5.65,2.47,0.07,2,reviewed,nc,nc
2003-12-24T09:51:42.050Z,35.7298333,-121.0873333,5.154,2.04,md,21,104,0.07207,0.04,nc,nc21324133,2017-01-04T21:53:46.146Z,"10 km WSW of Oak Shores, California",earthquake,0.36,0.83,0.1,15,reviewed,nc,nc
2003-12-24T09:49:01.240Z,35.6715,-121.0976667,3.504,1.52,md,15,185,0.04685,0.03,nc,nc21324127,2017-01-04T21:53:42.745Z,"8 km ENE of San Simeon, California",earthquake,0.66,0.67,0.07,4,reviewed,nc,nc
2003-12-24T09:36:08.690Z,35.5388333,-120.8426667,5.96,3.74,ml,49,55,0.05225,0.07,nc,nc21326523,2017-01-04T21:53:38.040Z,"11 km NNE of Cayucos, California",earthquake,0.17,0.59,,7,reviewed,nc,nc
2003-12-24T09:33:32.380Z,35.633,-121.0456667,2.343,1.99,md,26,113,0.1009,0.04,nc,nc21326521,2017-01-04T21:53:30.786Z,"8 km NNE of Cambria, California",earthquake,0.28,0.53,0.1,15,reviewed,nc,nc
2003-12-24T09:29:34.580Z,35.6981667,-121.0651667,7.244,2.08,md,24,134,0.07387,0.02,nc,nc21326520,2017-01-04T21:53:25.960Z,"11 km SW of Oak Shores, California",earthquake,0.45,0.87,0.15,20,reviewed,nc,nc
2003-12-24T09:19:49.840Z,35.5756667,-120.823,3.5,1.85,md,24,149,0.07477,0.04,nc,nc21324122,2017-01-04T21:53:11.766Z,"10 km WNW of Templeton, California",earthquake,0.57,1.02,0.21,15,reviewed,nc,nc
2003-12-24T09:16:44.480Z,35.633,-120.947,4.142,1.6,md,12,168,0.06577,0.02,nc,nc21324121,2017-01-04T21:53:08.491Z,"12 km SSW of Lake Nacimiento, California",earthquake,0.83,0.61,,1,reviewed,nc,nc
2003-12-24T09:13:03.840Z,35.527,-120.8686667,3.363,2.74,md,35,115,0.1144,0.06,nc,nc21324120,2017-01-04T21:53:03.890Z,"9 km NNE of Cayucos, California",earthquake,0.24,0.55,0.09,43,reviewed,nc,nc
2003-12-24T09:09:16.490Z,35.64,-121.039,3.171,2,md,24,106,0.1027,0.05,nc,nc21326533,2017-01-04T21:52:57.263Z,"9 km NNE of Cambria, California",earthquake,0.31,0.69,0.12,17,reviewed,nc,nc
2003-12-24T08:52:35.000Z,35.6843333,-121.0098333,7.903,2.73,md,39,75,0.1171,0.04,nc,nc21324123,2017-01-04T21:52:45.120Z,"9 km SSW of Oak Shores, California",earthquake,0.16,0.49,0.07,57,reviewed,nc,nc
2003-12-24T08:48:37.800Z,35.5351667,-120.8661667,0.303,2.84,md,38,150,0.1063,0.05,nc,nc21324117,2017-01-04T21:52:35.370Z,"10 km NNE of Cayucos, California",earthquake,0.27,0.94,0.05,47,reviewed,nc,nc
2003-12-24T08:47:21.840Z,35.4511667,-120.8311667,7.117,1.91,md,10,283,0.1171,0.05,nc,nc21324115,2017-01-04T21:52:28.333Z,"5 km E of Cayucos, California",earthquake,6.8,8.24,,1,reviewed,nc,nc
2003-12-24T08:35:22.650Z,35.5728333,-120.8203333,3.321,1.72,md,28,150,0.07838,0.04,nc,nc21326530,2017-01-04T21:52:21.397Z,"10 km WNW of Templeton, California",earthquake,0.42,0.81,0.13,11,reviewed,nc,nc
2003-12-24T08:27:29.110Z,35.7193333,-121.0818333,5.941,2.15,md,28,70,0.06937,0.05,nc,nc21326528,2017-01-04T21:52:18.166Z,"10 km WSW of Oak Shores, California",earthquake,0.3,0.59,0.15,27,reviewed,nc,nc
2003-12-24T08:22:11.890Z,35.6566667,-121.0588333,4.031,2.2,md,28,108,0.08108,0.03,nc,nc21324110,2017-01-04T21:52:13.590Z,"10 km N of Cambria, California",earthquake,0.21,0.47,0.11,30,reviewed,nc,nc
2003-12-24T08:21:23.950Z,35.7026667,-121.0671667,6.674,1.89,md,11,144,0.07297,0.05,nc,nc30226837,2017-01-04T21:52:05.483Z,"10 km SW of Oak Shores, California",earthquake,0.66,1.66,0.07,7,reviewed,nc,nc
2003-12-24T08:20:35.520Z,35.7178333,-121.0676667,4.774,1.99,md,19,106,0.07838,0.02,nc,nc21324109,2017-01-04T21:52:02.333Z,"9 km SW of Oak Shores, California",earthquake,0.37,0.69,0.09,11,reviewed,nc,nc
2003-12-24T08:16:58.250Z,35.5848333,-120.8365,4.039,0.86,md,4,248,0.06126,0,nc,nc30226702,2017-01-04T21:51:55.801Z,"12 km WNW of Templeton, California",earthquake,3.84,0.92,,1,reviewed,nc,nc
2003-12-24T08:13:48.790Z,35.7146667,-121.1015,-0.489,1.32,md,9,156,0.05315,0.17,nc,nc30226836,2017-01-04T21:51:49.270Z,"11 km NE of San Simeon, California",earthquake,1.44,1.19,0.02,3,reviewed,nc,nc
2003-12-24T08:13:08.710Z,35.7161667,-121.0635,4.651,1.63,md,14,67,0.08108,0.03,nc,nc21324107,2017-01-04T21:51:46.034Z,"9 km SW of Oak Shores, California",earthquake,0.23,0.62,0.15,7,reviewed,nc,nc
2003-12-24T08:10:02.230Z,35.5675,-120.8316667,2.687,0.87,md,9,253,0.07928,0.03,nc,nc30227392,2017-01-04T21:51:42.942Z,"11 km W of Templeton, California",earthquake,1.37,2.16,,1,reviewed,nc,nc
2003-12-24T08:09:40.890Z,35.5958333,-120.8723333,6.46,1.6,md,19,197,0.04595,0.07,nc,nc21325752,2017-01-04T21:51:39.360Z,"14 km S of Lake Nacimiento, California",earthquake,0.74,0.23,0.24,5,reviewed,nc,nc
2003-12-24T08:08:11.430Z,35.6036667,-120.8605,7.28,0.69,md,6,295,0.03784,0.05,nc,nc21325751,2017-01-04T21:51:36.075Z,"13 km S of Lake Nacimiento, California",earthquake,3.06,1.81,,1,reviewed,nc,nc
2003-12-24T08:06:00.070Z,35.5496667,-120.8638333,2.643,2.28,md,34,110,0.09189,0.06,nc,nc21325750,2017-01-04T21:51:31.650Z,"12 km NNE of Cayucos, California",earthquake,0.31,1.89,0.1,34,reviewed,nc,nc
2003-12-24T08:05:42.300Z,35.5816667,-120.7885,2.887,0.06,md,8,216,0.08739,0.05,nc,nc30226806,2017-01-04T21:51:25.467Z,"8 km WNW of Templeton, California",earthquake,1.56,1.94,,1,reviewed,nc,nc
2003-12-24T08:04:43.800Z,35.617,-120.8651667,6.473,1.51,md,9,192,0.02432,0.04,nc,nc30226835,2017-01-04T21:51:22.010Z,"12 km S of Lake Nacimiento, California",earthquake,0.79,0.31,0.26,2,reviewed,nc,nc
2003-12-24T08:03:08.490Z,35.5456667,-120.832,0.992,2.75,md,45,98,0.0991,0.04,nc,nc21324103,2017-01-04T21:51:17.410Z,"11 km W of Templeton, California",earthquake,0.29,2.71,0.09,56,reviewed,nc,nc
2003-12-24T07:59:06.650Z,35.5428333,-120.8363333,5.82,1.11,md,11,201,0.1009,0.02,nc,nc21325749,2017-01-04T21:51:11.418Z,"11 km W of Templeton, California",earthquake,0.85,1.01,0.44,2,reviewed,nc,nc
2003-12-24T07:57:58.810Z,35.7113333,-121.0488333,4.041,1.29,md,15,69,0.09009,0.04,nc,nc21325748,2017-01-04T21:51:07.922Z,"8 km SW of Oak Shores, California",earthquake,0.28,0.6,0.1,5,reviewed,nc,nc
2003-12-24T07:54:17.850Z,35.5095,-120.8585,6.427,1.41,md,8,310,0.1315,0.03,nc,nc21325743,2017-01-04T21:51:04.446Z,"8 km NNE of Cayucos, California",earthquake,5.95,1.49,0.08,2,reviewed,nc,nc
2003-12-24T07:52:00.680Z,35.5838333,-120.8426667,4.98,1.29,md,9,249,0.06036,0.02,nc,nc21324099,2017-01-04T21:51:01.425Z,"12 km WNW of Templeton, California",earthquake,1.56,2.29,,1,reviewed,nc,nc
2003-12-24T07:48:40.260Z,35.6041667,-120.9506667,3.033,1.86,md,16,160,0.07838,0.03,nc,nc21325690,2017-01-04T21:50:58.247Z,"12 km ENE of Cambria, California",earthquake,0.38,0.44,0.09,6,reviewed,nc,nc
2003-12-24T07:44:36.910Z,35.5341667,-120.8106667,3.42,1.36,md,14,149,0.1162,0.03,nc,nc21325687,2017-01-04T21:50:55.057Z,"9 km W of Templeton, California",earthquake,0.47,1.72,0.03,3,reviewed,nc,nc
2003-12-24T07:37:31.740Z,35.5415,-120.8613333,6.841,1.96,md,23,202,0.1,0.03,nc,nc21325517,2017-01-04T21:50:51.671Z,"11 km NNE of Cayucos, California",earthquake,0.49,0.84,0.15,8,reviewed,nc,nc
2003-12-24T07:35:23.990Z,35.7055,-121.0615,6.79,1.28,md,8,190,0.07838,0.02,nc,nc30227380,2017-01-04T21:50:48.489Z,"10 km SW of Oak Shores, California",earthquake,1.83,2.34,0.09,2,reviewed,nc,nc
2003-12-24T07:34:40.810Z,35.705,-121.0623333,8.131,1.51,md,15,75,0.07748,0.03,nc,nc21325515,2017-01-04T21:50:45.128Z,"10 km SW of Oak Shores, California",earthquake,0.39,0.89,0.14,4,reviewed,nc,nc
2003-12-24T07:28:57.140Z,35.5833333,-120.8925,4.293,2.29,md,25,66,0.06126,0.05,nc,nc21325513,2017-01-04T21:50:40.710Z,"15 km N of Cayucos, California",earthquake,0.21,0.49,0.1,27,reviewed,nc,nc
2003-12-24T07:22:04.560Z,35.566,-120.8278333,2.628,0.55,md,7,293,0.08108,0.02,nc,nc21324092,2017-01-04T21:50:28.753Z,"11 km W of Templeton, California",earthquake,7.03,4.08,,1,reviewed,nc,nc
2003-12-24T07:17:53.430Z,35.6121667,-120.9241667,7.611,1.8,md,9,241,0.05495,0.02,nc,nc21324094,2017-01-04T21:50:25.371Z,"13 km SSW of Lake Nacimiento, California",earthquake,1.7,0.48,0.12,2,reviewed,nc,nc
2003-12-24T07:13:50.460Z,35.706,-121.0373333,5.587,1.27,md,9,194,0.0973,0.02,nc,nc21324082,2017-01-04T21:50:22.001Z,"8 km SW of Oak Shores, California",earthquake,0.91,1.08,0.1,2,reviewed,nc,nc
2003-12-24T06:59:19.820Z,35.5451667,-120.8585,3.313,2.26,md,30,76,0.0964,0.08,nc,nc30226825,2017-01-04T21:50:03.140Z,"11 km NNE of Cayucos, California",earthquake,0.24,0.84,0.18,29,reviewed,nc,nc
2003-12-24T06:59:02.180Z,35.56,-120.89,5.743,2.13,md,36,96,0.08378,0.03,nc,nc21324078,2017-01-04T21:49:54.960Z,"13 km N of Cayucos, California",earthquake,0.2,0.46,0.35,23,reviewed,nc,nc
2003-12-24T06:54:28.330Z,35.5456667,-120.813,5.312,1.85,md,33,158,0.1054,0.04,nc,nc30226822,2017-01-04T21:49:44.780Z,"9 km W of Templeton, California",earthquake,0.37,0.74,0.21,22,reviewed,nc,nc
2003-12-24T06:53:14.830Z,35.6613333,-121.0111667,4.873,1.82,md,22,114,0.118,0.02,nc,nc21324076,2017-01-04T21:49:37.492Z,"12 km SSW of Oak Shores, California",earthquake,0.27,0.64,0.04,2,reviewed,nc,nc
2003-12-24T06:49:31.550Z,35.535,-120.9001667,2.755,1.51,md,15,174,0.1099,0.05,nc,nc21324168,2017-01-04T21:49:33.883Z,"10 km N of Cayucos, California",earthquake,0.88,1.58,0.03,3,reviewed,nc,nc
2003-12-24T06:47:45.930Z,35.5625,-120.8428333,10.86,1.63,md,6,150,0.08108,0.07,nc,nc30226730,2017-01-04T21:49:29.961Z,"12 km W of Templeton, California",earthquake,0.59,0.87,,1,reviewed,nc,nc
2003-12-24T06:36:36.450Z,35.6208333,-121.0555,4.306,1.38,md,18,215,0.1009,0.05,nc,nc21324161,2017-01-04T21:49:12.816Z,"6 km NNE of Cambria, California",earthquake,0.61,0.74,0.09,3,reviewed,nc,nc
2003-12-24T06:30:36.270Z,35.6758333,-121.0876667,12.536,3.23,md,10,193,0.07568,0.08,nc,nc68006662,2021-02-18T19:21:33.776Z,"9 km ENE of San Simeon, California",earthquake,1.28,1.25,0.07,10,reviewed,nc,nc
2003-12-24T06:30:24.250Z,35.6116667,-120.9918333,5.276,3.23,ml,25,119,0.08378,0.11,nc,nc21324986,2021-03-10T00:02:58.672Z,"9 km ENE of Cambria, California",earthquake,0.24,0.64,,3,reviewed,nc,nc
2003-12-24T06:21:52.960Z,35.697,-121.1058333,6.892,1.64,md,15,145,0.04144,0.08,nc,nc21324983,2017-01-04T21:49:01.558Z,"9 km NE of San Simeon, California",earthquake,0.74,0.75,0.08,6,reviewed,nc,nc
2003-12-24T06:09:31.220Z,35.5851667,-120.9525,2.93,2.38,md,17,106,0.09009,0.11,nc,nc30500444,2017-01-04T21:48:54.291Z,"11 km ENE of Cambria, California",earthquake,0.25,1.06,0.03,12,reviewed,nc,nc
2003-12-24T06:08:21.260Z,35.6496667,-121.089,4.408,2.5,md,27,136,0.06216,0.1,nc,nc30500443,2017-01-04T21:48:50.591Z,"9 km E of San Simeon, California",earthquake,0.23,0.61,0.1,24,reviewed,nc,nc
2003-12-24T06:08:01.090Z,35.5376667,-120.8511667,7.188,1.98,md,18,73,0.04505,0.13,nc,nc21324980,2017-01-04T21:48:46.680Z,"11 km NNE of Cayucos, California",earthquake,0.44,0.85,0.15,11,reviewed,nc,nc
2003-12-24T06:07:08.260Z,35.6291667,-120.8871667,7.037,1.2,md,13,257,0.1514,0.04,nc,nc21324979,2017-01-04T21:48:43.143Z,"11 km S of Lake Nacimiento, California",earthquake,0.81,1.41,,1,reviewed,nc,nc
2003-12-24T06:03:08.730Z,35.6558333,-121.0901667,4.437,2.5,md,36,106,0.05586,0.06,nc,nc21324636,2017-01-04T21:48:39.758Z,"9 km E of San Simeon, California",earthquake,0.14,0.35,0.13,31,reviewed,nc,nc
2003-12-24T06:00:07.510Z,35.5793333,-120.8248333,-0.463,1.34,md,11,180,0.07027,0.11,nc,nc21324634,2017-01-04T21:48:32.113Z,"11 km WNW of Templeton, California",earthquake,1.15,6.85,0.04,3,reviewed,nc,nc
2003-12-24T05:52:08.560Z,35.7141667,-121.057,4.911,3.4,ml,47,74,0.118,0.09,nc,nc21324632,2017-01-04T21:48:27.390Z,"9 km SW of Oak Shores, California",earthquake,0.15,0.75,,3,reviewed,nc,nc
2003-12-24T05:48:38.200Z,35.6773333,-121.0906667,11.736,2.31,md,9,193,0.07658,0.06,nc,nc68006655,2017-01-04T21:48:16.875Z,"9 km ENE of San Simeon, California",earthquake,1.03,0.9,0.13,6,reviewed,nc,nc
2003-12-24T05:47:50.690Z,35.5753333,-120.861,3.568,2.76,md,43,69,0.05586,0.07,nc,nc21324631,2017-01-04T21:48:12.890Z,"14 km WNW of Templeton, California",earthquake,0.17,0.45,0.11,55,reviewed,nc,nc
2003-12-24T05:41:02.100Z,35.5415,-120.8361667,5.673,1.7,md,9,229,0.05766,0.17,nc,nc68006653,2017-01-04T21:48:06.518Z,"11 km W of Templeton, California",earthquake,1.1,1.39,0.2,5,reviewed,nc,nc
2003-12-24T05:31:49.520Z,35.665,-121.1025,5.113,3.48,ml,48,115,0.04505,0.07,nc,nc21324967,2017-01-04T21:47:58.810Z,"8 km ENE of San Simeon, California",earthquake,0.15,0.4,,1,reviewed,nc,nc
2003-12-24T05:30:04.140Z,35.569,-120.9463333,9.354,2.27,md,26,51,0.04775,0.13,nc,nc21324966,2017-01-04T21:47:50.362Z,"12 km E of Cambria, California",earthquake,0.38,1,0.08,12,reviewed,nc,nc
2003-12-24T05:29:27.980Z,35.5268333,-120.8881667,2.743,1.78,md,6,196,0.01712,0.12,nc,nc68006650,2017-01-04T21:47:46.804Z,"9 km N of Cayucos, California",earthquake,0.72,0.46,0.09,4,reviewed,nc,nc
2003-12-24T05:27:05.510Z,35.5385,-120.8345,6.103,2.07,md,10,219,0.05946,0.17,nc,nc68006649,2017-01-04T21:47:43.107Z,"11 km W of Templeton, California",earthquake,0.99,1.16,0.05,4,reviewed,nc,nc
2003-12-24T05:25:49.580Z,35.7143333,-121.114,6.91,2.15,md,24,58,0.04595,0.09,nc,nc30500440,2017-01-04T21:47:39.725Z,"10 km NE of San Simeon, California",earthquake,0.21,0.61,0.12,23,reviewed,nc,nc
2003-12-24T05:25:04.320Z,35.7078333,-121.0488333,9.623,2.29,md,30,55,0.08919,0.07,nc,nc30500439,2017-01-04T21:47:36.265Z,"9 km SW of Oak Shores, California",earthquake,0.25,0.97,0.13,30,reviewed,nc,nc
2003-12-24T05:22:28.690Z,35.6766667,-121.1101667,5.812,3.67,ml,52,109,0.03604,0.08,nc,nc30500438,2017-01-04T21:47:31.520Z,"8 km ENE of San Simeon, California",earthquake,0.17,0.49,,7,reviewed,nc,nc
2003-12-24T05:19:35.740Z,35.6391667,-120.9201667,2.877,1.39,md,9,277,0.04414,0.05,nc,nc21324956,2017-01-04T21:47:20.423Z,"10 km SSW of Lake Nacimiento, California",earthquake,7.98,2.05,0.02,2,reviewed,nc,nc
2003-12-24T05:09:09.210Z,35.665,-121.0713333,6.889,2.15,md,30,89,0.06577,0.09,nc,nc21324179,2017-01-04T21:47:17.273Z,"11 km ENE of San Simeon, California",earthquake,0.2,0.63,0.18,13,reviewed,nc,nc
2003-12-24T05:08:06.100Z,35.535,-120.8676667,2.683,2.35,md,14,189,0.03153,0.22,nc,nc68006644,2017-01-04T21:47:13.963Z,"10 km NNE of Cayucos, California",earthquake,0.86,0.93,0.14,7,reviewed,nc,nc
2003-12-24T05:06:32.470Z,35.5285,-120.8728333,1.42,2.84,md,32,50,0.02793,0.11,nc,nc21324152,2017-01-04T21:47:10.623Z,"9 km N of Cayucos, California",earthquake,0.19,0.61,0.09,43,reviewed,nc,nc
2003-12-24T04:57:14.950Z,35.6176667,-121.0061667,6.622,2.08,md,8,187,0.1171,0.1,nc,nc68006642,2017-01-04T21:47:06.518Z,"8 km NE of Cambria, California",earthquake,1.26,1.52,0.08,6,reviewed,nc,nc
2003-12-24T04:52:54.020Z,35.5755,-120.8346667,2.23,1.68,md,13,201,0.07027,0.06,nc,nc21324146,2017-01-04T21:47:02.514Z,"12 km WNW of Templeton, California",earthquake,0.6,2.01,0.33,2,reviewed,nc,nc
2003-12-24T04:50:19.620Z,35.5561667,-120.8578333,5.08,1.47,md,14,155,0.08559,0.04,nc,nc21324145,2017-01-04T21:46:58.327Z,"12 km NNE of Cayucos, California",earthquake,0.68,1.63,0.03,3,reviewed,nc,nc
2003-12-24T04:47:22.950Z,35.716,-121.0698333,6.498,2.14,md,31,55,0.07658,0.08,nc,nc21324130,2017-01-04T21:46:54.255Z,"10 km SW of Oak Shores, California",earthquake,0.16,0.49,0.13,26,reviewed,nc,nc
2003-12-24T04:39:57.380Z,35.606,-120.9481667,3.721,1.68,md,13,203,0.07568,0.02,nc,nc21324128,2017-01-04T21:46:49.614Z,"12 km ENE of Cambria, California",earthquake,0.99,0.42,0.09,3,reviewed,nc,nc
2003-12-24T04:38:10.650Z,35.6626667,-121.0586667,7.837,2.56,md,41,80,0.06847,0.08,nc,nc30226843,2017-01-04T21:46:44.570Z,"11 km N of Cambria, California",earthquake,0.14,0.59,0.11,47,reviewed,nc,nc
2003-12-24T04:37:37.770Z,35.6571667,-121.0111667,8.217,2.21,md,38,52,0.08829,0.09,nc,nc21324135,2017-01-04T21:46:36.120Z,"12 km NNE of Cambria, California",earthquake,0.18,0.75,0.12,26,reviewed,nc,nc
2003-12-24T04:35:01.100Z,35.6053333,-120.9478333,5.933,2.12,md,10,193,0.07928,0.17,nc,nc68006638,2017-01-04T21:46:28.448Z,"12 km ENE of Cambria, California",earthquake,0.72,1.24,0.08,7,reviewed,nc,nc
2003-12-24T04:34:25.430Z,35.6828333,-121.1088333,4.692,2.38,md,3,230,0.08288,0,nc,nc68006637,2017-01-04T21:46:23.950Z,"8 km ENE of San Simeon, California",earthquake,2.91,7.52,0.05,2,reviewed,nc,nc
2003-12-24T04:34:00.150Z,35.6131667,-120.9568333,3.852,2.83,md,10,193,0.08919,0.15,nc,nc68006636,2017-01-04T21:46:19.734Z,"12 km ENE of Cambria, California",earthquake,1.14,1.45,0.06,4,reviewed,nc,nc
2003-12-24T04:32:14.140Z,35.5818333,-120.9405,5.183,2.21,md,12,199,0.05586,0.17,nc,nc68006635,2017-01-04T21:46:14.425Z,"12 km E of Cambria, California",earthquake,0.92,0.79,0.07,8,reviewed,nc,nc
2003-12-24T04:31:33.160Z,35.7126667,-121.0933333,6.928,2.47,md,28,58,0.05766,0.07,nc,nc21324184,2017-01-04T21:46:09.969Z,"11 km NE of San Simeon, California",earthquake,0.16,0.49,0.1,28,reviewed,nc,nc
2003-12-24T04:21:53.980Z,35.5608333,-120.871,3.18,1.92,md,28,56,0.03964,0.09,nc,nc21324183,2017-01-04T21:46:05.301Z,"13 km N of Cayucos, California",earthquake,0.2,0.46,0.08,13,reviewed,nc,nc
2003-12-24T04:19:27.160Z,35.708,-121.0483333,8.336,2.22,md,26,57,0.06126,0.11,nc,nc21324993,2017-01-04T21:46:01.033Z,"9 km SW of Oak Shores, California",earthquake,0.21,0.73,0.25,14,reviewed,nc,nc
2003-12-24T04:16:38.350Z,35.6638333,-121.0791667,3.216,2.57,md,13,189,0.06396,0.06,nc,nc68006631,2017-01-04T21:45:56.429Z,"10 km ENE of San Simeon, California",earthquake,0.7,0.8,0.12,8,reviewed,nc,nc
2003-12-24T04:15:14.410Z,35.6463333,-121.1003333,5.546,3.52,md,13,176,0.04595,0.06,nc,nc68006630,2017-01-04T21:45:52.155Z,"8 km E of San Simeon, California",earthquake,1.15,0.56,0.08,10,reviewed,nc,nc
2003-12-24T04:14:14.530Z,35.6481667,-120.9981667,6.324,1.41,md,11,193,0.1081,0.19,nc,nc21326729,2017-01-04T21:45:48.246Z,"11 km NE of Cambria, California",earthquake,1.55,2.68,0.1,3,reviewed,nc,nc
2003-12-24T04:06:52.360Z,35.6391667,-121.0493333,6.309,2.63,md,31,68,0.05315,0.09,nc,nc21326726,2017-01-04T21:45:43.553Z,"8 km NNE of Cambria, California",earthquake,0.2,0.56,0.08,37,reviewed,nc,nc
2003-12-24T04:01:24.210Z,35.5333333,-120.8236667,5.407,1.67,md,15,199,0.1135,0.04,nc,nc21326758,2017-01-04T21:45:39.143Z,"10 km W of Templeton, California",earthquake,0.85,3.92,0.12,6,reviewed,nc,nc
2003-12-24T03:58:11.060Z,35.666,-121.0966667,4.526,3.06,md,48,109,0.04955,0.08,nc,nc21324144,2017-01-04T21:45:32.390Z,"8 km ENE of San Simeon, California",earthquake,0.14,0.43,0.08,60,reviewed,nc,nc
2003-12-24T03:50:04.710Z,35.542,-120.8463333,8.261,1.98,md,27,114,0.08829,0.06,nc,nc21324143,2017-01-04T21:45:22.046Z,"11 km NNE of Cayucos, California",earthquake,0.23,0.68,0.21,16,reviewed,nc,nc
2003-12-24T03:47:56.310Z,35.5356667,-120.83,4.962,1.95,md,28,75,0.1099,0.06,nc,nc21324142,2017-01-04T21:45:14.850Z,"11 km W of Templeton, California",earthquake,0.33,0.79,0.11,16,reviewed,nc,nc
2003-12-24T03:46:41.080Z,35.5436667,-120.8515,6.617,1.77,md,15,208,0.0982,0.02,nc,nc21324177,2017-01-04T21:45:01.584Z,"11 km NNE of Cayucos, California",earthquake,0.78,1.33,0.18,4,reviewed,nc,nc
2003-12-24T03:38:34.700Z,35.6948333,-121.1305,8.806,2.41,md,11,190,0.0991,0.07,nc,nc68006625,2017-01-04T21:44:55.340Z,"7 km NE of San Simeon, California",earthquake,1.25,1.28,0.11,9,reviewed,nc,nc
2003-12-24T03:35:03.370Z,35.5503333,-120.889,2.032,2.29,md,37,45,0.02162,0.25,nc,nc21324174,2017-01-04T21:44:48.075Z,"11 km N of Cayucos, California",earthquake,0.28,0.58,0.11,23,reviewed,nc,nc
2003-12-24T03:27:39.940Z,35.6931667,-121.0281667,5.412,2.66,md,36,64,0.1072,0.12,nc,nc30500436,2017-01-04T21:44:41.762Z,"9 km SSW of Oak Shores, California",earthquake,0.21,0.71,0.08,35,reviewed,nc,nc
2003-12-24T03:23:15.220Z,35.6903333,-121.1271667,9.776,3.03,md,14,189,0.09369,0.08,nc,nc68006622,2017-01-04T21:44:29.200Z,"7 km NE of San Simeon, California",earthquake,1.25,1.08,0.1,9,reviewed,nc,nc
2003-12-24T03:22:25.080Z,35.5368333,-120.9141667,3.643,2.32,md,11,175,0.007207,0.14,nc,nc68006621,2017-01-04T21:44:22.193Z,"10 km N of Cayucos, California",earthquake,0.71,0.55,0.15,7,reviewed,nc,nc
2003-12-24T03:17:57.300Z,35.652,-121.0241667,6.739,2.36,md,23,64,0.07658,0.12,nc,nc21324950,2017-01-04T21:44:14.919Z,"11 km NNE of Cambria, California",earthquake,0.28,0.76,0.17,16,reviewed,nc,nc
2003-12-24T03:11:50.610Z,35.534,-121.0083333,11.463,1.94,md,9,150,0.07477,0.08,nc,nc68006619,2017-01-04T21:44:08.747Z,"7 km ESE of Cambria, California",earthquake,0.99,0.63,0.09,4,reviewed,nc,nc
2003-12-24T03:09:56.990Z,35.5531667,-120.8555,6.933,2.27,md,10,210,0.04595,0.14,nc,nc68006618,2017-01-04T21:44:02.248Z,"12 km NNE of Cayucos, California",earthquake,1.1,0.69,0.09,8,reviewed,nc,nc
2003-12-24T03:09:25.510Z,35.6728333,-121.0921667,4.296,2.11,md,7,191,0.07207,0.02,nc,nc68006617,2017-01-04T21:43:56.481Z,"9 km ENE of San Simeon, California",earthquake,1.61,1.53,0.05,4,reviewed,nc,nc
2003-12-24T03:06:53.150Z,35.5285,-120.8426667,6.2,2.4,md,26,52,0.05225,0.07,nc,nc21324181,2017-01-04T21:43:49.993Z,"10 km NNE of Cayucos, California",earthquake,0.22,0.6,0.15,28,reviewed,nc,nc
2003-12-24T03:03:39.270Z,35.5275,-120.8413333,5.46,3.05,md,36,53,0.05405,0.08,nc,nc21326752,2017-01-04T21:43:42.990Z,"10 km NNE of Cayucos, California",earthquake,0.18,0.52,0.1,51,reviewed,nc,nc
2003-12-24T02:51:58.650Z,35.6566667,-121.0858333,3.64,2.18,md,14,103,0.05676,0.06,nc,nc21324629,2017-01-04T21:43:29.608Z,"9 km E of San Simeon, California",earthquake,0.35,0.48,0.04,10,reviewed,nc,nc
2003-12-24T02:50:52.650Z,35.6626667,-121.1161667,6.876,2.25,md,10,179,0.06486,0.07,nc,nc68006613,2017-01-04T21:43:23.759Z,"7 km ENE of San Simeon, California",earthquake,1.84,0.85,0.19,9,reviewed,nc,nc
2003-12-24T02:45:33.190Z,35.6421667,-120.929,7.881,1.25,md,12,215,0.05135,0.03,nc,nc21324628,2017-01-04T21:43:19.078Z,"10 km SSW of Lake Nacimiento, California",earthquake,1.31,1.13,0.16,2,reviewed,nc,nc
2003-12-24T02:41:43.330Z,35.6615,-121.0903333,4.932,3.49,ml,43,105,0.06126,0.09,nc,nc21324625,2017-01-04T21:43:12.920Z,"9 km ENE of San Simeon, California",earthquake,0.18,0.52,,1,reviewed,nc,nc
2003-12-24T02:39:57.950Z,35.5765,-120.9418333,4.595,1.94,md,12,155,0.05135,0.15,nc,nc68006611,2017-01-04T21:43:03.360Z,"12 km E of Cambria, California",earthquake,0.7,0.48,0.16,6,reviewed,nc,nc
2003-12-24T02:39:23.560Z,35.5791667,-120.946,4.403,2.16,md,12,187,0.05586,0.12,nc,nc68006610,2017-01-04T21:42:58.680Z,"12 km E of Cambria, California",earthquake,0.57,0.69,0.1,8,reviewed,nc,nc
2003-12-24T02:38:40.770Z,35.7281667,-121.0793333,3.148,2.3,md,20,60,0.07568,0.06,nc,nc30500373,2017-01-04T21:42:53.831Z,"10 km WSW of Oak Shores, California",earthquake,0.21,0.86,0.05,16,reviewed,nc,nc
2003-12-24T02:36:12.350Z,35.7043333,-121.054,7.67,3.63,ml,37,74,0.06306,0.1,nc,nc21324623,2017-01-04T21:42:48.680Z,"9 km SW of Oak Shores, California",earthquake,0.2,0.96,,5,reviewed,nc,nc
2003-12-24T02:35:06.920Z,35.5261667,-120.9111667,2.46,1.97,md,23,75,0.008108,0.19,nc,nc21324622,2017-01-04T21:42:39.916Z,"9 km N of Cayucos, California",earthquake,0.32,0.35,0.14,10,reviewed,nc,nc
2003-12-24T02:27:20.380Z,35.5915,-120.9033333,7.683,2.14,md,7,217,0.05766,0.14,nc,nc68006606,2017-01-04T21:42:35.196Z,"15 km S of Lake Nacimiento, California",earthquake,1.82,1.05,0.01,5,reviewed,nc,nc
2003-12-24T02:26:00.320Z,35.6698333,-121.1141667,6.64,1.91,md,12,145,0.07117,0.05,nc,nc68006605,2017-01-04T21:42:30.299Z,"7 km ENE of San Simeon, California",earthquake,1,0.98,0.14,6,reviewed,nc,nc
2003-12-24T02:24:35.290Z,35.6448333,-121.0628333,6.641,2.13,md,32,81,0.05135,0.09,nc,nc21324156,2017-01-04T21:42:25.050Z,"9 km N of Cambria, California",earthquake,0.18,0.52,0.08,24,reviewed,nc,nc
2003-12-24T02:22:53.400Z,35.654,-121.0013333,4.843,1.53,md,15,103,0.1108,0.02,nc,nc21324154,2017-01-04T21:42:17.190Z,"12 km NE of Cambria, California",earthquake,0.32,0.76,0.13,3,reviewed,nc,nc
2003-12-24T02:19:49.400Z,35.5401667,-120.8873333,2.825,2.15,md,13,165,0.01712,0.25,nc,nc68006603,2017-01-04T21:42:10.567Z,"10 km N of Cayucos, California",earthquake,1.15,0.67,0.05,5,reviewed,nc,nc
2003-12-24T02:18:58.720Z,35.6555,-121.0715,1.464,2.17,md,7,189,0.05766,0.06,nc,nc68006602,2017-01-04T21:42:05.524Z,"10 km N of Cambria, California",earthquake,0.38,1.08,0.04,6,reviewed,nc,nc
2003-12-24T02:08:16.010Z,35.6715,-121.0903333,6.501,3.63,ml,45,102,0.07117,0.09,nc,nc21326741,2017-01-04T21:41:53.380Z,"9 km ENE of San Simeon, California",earthquake,0.18,0.64,,1,reviewed,nc,nc
2003-12-24T02:03:57.940Z,35.6543333,-121.0693333,7.666,1.71,md,19,88,0.05766,0.09,nc,nc21324105,2017-01-04T21:41:37.183Z,"10 km N of Cambria, California",earthquake,0.3,0.64,0.12,11,reviewed,nc,nc
2003-12-24T01:58:25.660Z,35.6673333,-121.1073333,5.522,2.01,md,20,118,0.04054,0.06,nc,nc21324112,2017-01-04T21:41:32.029Z,"7 km ENE of San Simeon, California",earthquake,0.21,0.38,0.08,17,reviewed,nc,nc
2003-12-24T01:57:12.980Z,35.6656667,-121.1141667,4.938,1.91,md,8,142,0.06757,0.02,nc,nc68006598,2017-01-04T21:41:20.555Z,"7 km ENE of San Simeon, California",earthquake,0.9,0.72,0.04,3,reviewed,nc,nc
2003-12-24T01:56:54.650Z,35.6381667,-120.9945,9.96,2.06,md,7,206,0.08919,0.07,nc,nc68006597,2017-01-04T21:41:14.772Z,"11 km NE of Cambria, California",earthquake,0.84,1.02,0.12,7,reviewed,nc,nc
2003-12-24T01:54:03.040Z,35.7168333,-121.0375,3.834,1.62,md,7,132,0.1009,0.05,nc,nc21324126,2017-01-04T21:41:09.843Z,"7 km SW of Oak Shores, California",earthquake,0.49,1.3,0.24,5,reviewed,nc,nc
2003-12-24T01:46:02.510Z,35.5426667,-120.8665,1.273,2.27,md,14,191,0.03423,0.23,nc,nc68006596,2017-01-04T21:41:05.060Z,"11 km NNE of Cayucos, California",earthquake,0.77,1.01,0.13,9,reviewed,nc,nc
2003-12-24T01:41:01.850Z,35.5693333,-120.8253333,2.15,2.24,md,26,50,0.07568,0.08,nc,nc21324172,2017-01-04T21:41:00.922Z,"11 km WNW of Templeton, California",earthquake,0.2,1.07,0.1,20,reviewed,nc,nc
2003-12-24T01:39:51.500Z,35.6621667,-121.0241667,4.511,1.41,md,9,93,0.1072,0.03,nc,nc21324140,2017-01-04T21:40:56.366Z,"12 km NNE of Cambria, California",earthquake,0.3,1.15,0.02,3,reviewed,nc,nc
2003-12-24T01:38:01.420Z,35.703,-121.0548333,3.741,1.33,md,7,74,0.08288,0.05,nc,nc21324104,2017-01-04T21:40:52.318Z,"10 km SW of Oak Shores, California",earthquake,0.48,1.02,0.13,3,reviewed,nc,nc
2003-12-24T01:33:07.640Z,35.562,-120.8815,4.258,1.94,md,26,80,0.03514,0.15,nc,nc21324073,2017-01-04T21:40:47.856Z,"13 km N of Cayucos, California",earthquake,0.34,0.55,0.12,9,reviewed,nc,nc
2003-12-24T01:28:11.410Z,35.6641667,-121.103,6.18,1.9,md,21,116,0.04505,0.08,nc,nc21324977,2017-01-04T21:40:43.373Z,"8 km ENE of San Simeon, California",earthquake,0.3,0.48,0.27,12,reviewed,nc,nc
2003-12-24T01:21:58.260Z,35.5795,-120.9556667,5.696,2.63,md,29,91,0.06036,0.14,nc,nc21326633,2017-01-04T21:40:39.079Z,"11 km E of Cambria, California",earthquake,0.27,0.61,0.08,30,reviewed,nc,nc
2003-12-24T01:15:34.730Z,35.6946667,-121.0293333,10.746,1.98,md,28,53,0.04054,0.12,nc,nc21324138,2017-01-04T21:40:33.775Z,"9 km SSW of Oak Shores, California",earthquake,0.21,0.68,0.1,23,reviewed,nc,nc
2003-12-24T01:13:49.690Z,35.654,-120.9441667,6.443,1.13,md,8,115,0.06486,0.04,nc,nc21324137,2017-01-04T21:40:29.238Z,"10 km SW of Lake Nacimiento, California",earthquake,0.33,0.68,0.04,2,reviewed,nc,nc
2003-12-24T01:12:33.400Z,35.5815,-120.8666667,4.908,1.79,md,25,59,0.05766,0.19,nc,nc21324159,2017-01-04T21:40:23.613Z,"14 km WNW of Templeton, California",earthquake,0.34,0.56,0.21,9,reviewed,nc,nc
2003-12-24T01:07:12.890Z,35.5481667,-120.866,6.245,2.63,md,36,50,0.03604,0.09,nc,nc21324171,2017-01-04T21:40:19.629Z,"11 km NNE of Cayucos, California",earthquake,0.19,0.51,0.07,44,reviewed,nc,nc
2003-12-24T01:03:01.960Z,35.6506667,-121.1258333,5.483,2.19,md,12,158,0.03874,0.06,nc,nc21324169,2017-01-04T21:40:14.595Z,"5 km E of San Simeon, California",earthquake,0.53,0.29,0.06,10,reviewed,nc,nc
2003-12-24T00:59:11.090Z,35.5353333,-120.8315,7.137,2.35,md,13,195,0.06126,0.14,nc,nc68006587,2017-01-04T21:40:09.216Z,"11 km W of Templeton, California",earthquake,0.86,1.17,0.12,8,reviewed,nc,nc
2003-12-24T00:44:12.940Z,35.5468333,-120.8588333,5.46,2.13,md,33,45,0.04144,0.08,nc,nc21325740,2017-01-04T21:39:52.894Z,"11 km NNE of Cayucos, California",earthquake,0.2,0.46,0.12,23,reviewed,nc,nc
2003-12-24T00:39:37.430Z,35.658,-121.1136667,8.796,3.57,md,13,178,0.05946,0.08,nc,nc68006583,2017-01-04T21:39:47.123Z,"7 km ENE of San Simeon, California",earthquake,1.01,1.28,0.06,11,reviewed,nc,nc
2003-12-24T00:37:46.480Z,35.6588333,-121.1013333,6.805,2.38,md,28,116,0.04865,0.08,nc,nc21325737,2017-01-04T21:39:41.188Z,"8 km ENE of San Simeon, California",earthquake,0.24,0.54,0.08,28,reviewed,nc,nc
2003-12-24T00:36:05.680Z,35.574,-120.8366667,3.33,2.11,md,27,56,0.07027,0.09,nc,nc21324116,2017-01-04T21:39:35.935Z,"12 km WNW of Templeton, California",earthquake,0.19,0.57,0.15,23,reviewed,nc,nc
2003-12-24T00:34:57.290Z,35.6555,-121.0871667,3.684,1.97,md,13,135,0.05495,0.06,nc,nc68006580,2017-01-04T21:39:31.225Z,"9 km E of San Simeon, California",earthquake,0.33,0.47,0.03,4,reviewed,nc,nc
2003-12-24T00:33:33.310Z,35.6446667,-120.938,4.007,1.25,md,16,277,0.05856,0.04,nc,nc21324113,2017-01-04T21:39:25.888Z,"10 km SSW of Lake Nacimiento, California",earthquake,3.94,0.95,0.15,2,reviewed,nc,nc
2003-12-24T00:27:46.950Z,35.6801667,-121.088,6.39,1.97,md,11,159,0.08018,0.07,nc,nc68006579,2017-01-04T21:39:15.690Z,"10 km ENE of San Simeon, California",earthquake,0.44,0.63,0.11,7,reviewed,nc,nc
2003-12-24T00:26:43.450Z,35.5323333,-120.8118333,8.67,1.59,md,10,234,0.164,0.13,nc,nc21324111,2017-01-04T21:39:09.838Z,"9 km WSW of Templeton, California",earthquake,1.61,6.44,0.02,2,reviewed,nc,nc
2003-12-24T00:24:32.220Z,35.548,-120.8323333,3.95,2.01,md,20,72,0.06216,0.15,nc,nc21325049,2017-01-04T21:39:04.286Z,"11 km W of Templeton, California",earthquake,0.4,1.07,0.11,6,reviewed,nc,nc
2003-12-24T00:16:30.470Z,35.662,-121.0598333,5.049,1.84,md,13,104,0.07928,0.04,nc,nc21325358,2017-01-04T21:38:58.961Z,"11 km N of Cambria, California",earthquake,0.29,1.1,0.01,4,reviewed,nc,nc
2003-12-24T00:13:55.480Z,35.5746667,-120.9446667,3.468,2.25,md,17,88,0.05135,0.1,nc,nc21325357,2017-01-04T21:38:54.003Z,"12 km E of Cambria, California",earthquake,0.31,0.55,0.2,12,reviewed,nc,nc
2003-12-24T00:10:17.800Z,35.5695,-120.829,3.783,2.61,md,13,204,0.07297,0.17,nc,nc68006576,2017-01-04T21:38:48.988Z,"11 km W of Templeton, California",earthquake,0.94,1.01,0.1,8,reviewed,nc,nc
2003-12-24T00:09:46.790Z,35.655,-121.111,6.406,2.11,md,9,177,0.05586,0.03,nc,nc68006575,2017-01-04T21:38:44.194Z,"7 km E of San Simeon, California",earthquake,0.87,0.52,0.09,3,reviewed,nc,nc
2003-12-24T00:04:37.800Z,35.644,-120.933,9.166,2.38,md,30,92,0.05405,0.13,nc,nc21325349,2017-01-04T21:38:39.495Z,"10 km SSW of Lake Nacimiento, California",earthquake,0.24,1.12,0.2,28,reviewed,nc,nc
2003-12-23T23:56:06.690Z,35.5578333,-120.8385,5.032,0.55,md,9,251,0.08649,0.02,nc,nc21325296,2017-01-04T21:38:34.392Z,"12 km W of Templeton, California",earthquake,2.31,1.11,,1,reviewed,nc,nc
2003-12-23T23:50:31.280Z,35.5723333,-120.8218333,4.02,2.48,md,45,49,0.07748,0.06,nc,nc30500501,2017-01-04T21:38:29.520Z,"10 km WNW of Templeton, California",earthquake,0.16,0.49,0.07,43,reviewed,nc,nc
2003-12-23T23:49:51.240Z,35.627,-121.0501667,7.326,2.19,md,18,99,0.04414,0.08,nc,nc21325290,2017-01-04T21:38:22.108Z,"7 km NNE of Cambria, California",earthquake,0.32,0.54,0.2,13,reviewed,nc,nc
2003-12-23T23:42:31.490Z,35.5788333,-120.833,1.75,2.39,md,36,57,0.06847,0.1,nc,nc21325289,2017-01-04T21:38:17.081Z,"11 km WNW of Templeton, California",earthquake,0.19,0.97,0.11,32,reviewed,nc,nc
2003-12-23T23:38:02.670Z,35.5576667,-120.907,7.104,2.54,md,27,74,0.1009,0.17,nc,nc30500500,2017-01-04T21:38:11.989Z,"12 km N of Cayucos, California",earthquake,0.35,1.52,0.09,20,reviewed,nc,nc
2003-12-23T23:37:39.360Z,35.517,-120.8608333,5.51,2.24,md,17,69,0.04144,0.09,nc,nc30500499,2017-01-04T21:38:06.753Z,"8 km NNE of Cayucos, California",earthquake,0.34,0.74,0.17,14,reviewed,nc,nc
2003-12-23T23:37:03.180Z,35.5835,-120.9856667,5.504,2.51,md,35,62,0.08108,0.13,nc,nc21325287,2017-01-04T21:38:02.002Z,"8 km ENE of Cambria, California",earthquake,0.21,0.53,0.05,27,reviewed,nc,nc
2003-12-23T23:35:28.090Z,35.66,-121.1091667,7.126,2.29,md,12,180,0.06036,0.06,nc,nc68006567,2017-01-04T21:37:58.117Z,"7 km ENE of San Simeon, California",earthquake,1.16,0.79,0.11,8,reviewed,nc,nc
2003-12-23T23:32:41.710Z,35.621,-120.9331667,4.231,1.52,md,24,68,0.05766,0.15,nc,nc21325286,2017-01-04T21:37:54.575Z,"12 km SSW of Lake Nacimiento, California",earthquake,0.26,0.76,0.16,10,reviewed,nc,nc
2003-12-23T23:31:24.160Z,35.5775,-120.8321667,2.198,2.24,md,21,57,0.07477,0.18,nc,nc21325285,2017-01-04T21:37:49.987Z,"11 km WNW of Templeton, California",earthquake,0.41,1.41,0.12,10,reviewed,nc,nc
2003-12-23T23:29:08.540Z,35.5406667,-120.856,5.78,1.65,md,21,93,0.04234,0.07,nc,nc21325283,2017-01-04T21:37:46.152Z,"11 km NNE of Cayucos, California",earthquake,0.33,0.53,0.17,8,reviewed,nc,nc
2003-12-23T23:26:06.100Z,35.6295,-120.9613333,4.858,1.44,md,13,122,0.07838,0.04,nc,nc21325282,2017-01-04T21:37:41.804Z,"13 km NE of Cambria, California",earthquake,0.38,0.81,0.23,3,reviewed,nc,nc
2003-12-23T23:23:51.370Z,35.5331667,-120.8206667,5.18,1.49,md,21,59,0.07027,0.16,nc,nc21325280,2017-01-04T21:37:36.794Z,"10 km W of Templeton, California",earthquake,0.37,1.11,0.33,7,reviewed,nc,nc
2003-12-23T23:11:08.110Z,35.548,-120.8468333,5.522,1.56,md,10,208,0.09459,0.02,nc,nc21325278,2017-01-04T21:37:18.256Z,"12 km NNE of Cayucos, California",earthquake,1.44,1.28,0.06,2,reviewed,nc,nc
2003-12-23T23:09:36.260Z,35.6615,-121.0126667,5.462,1.4,md,12,182,0.1171,0.02,nc,nc30227288,2017-01-04T21:37:14.087Z,"12 km SSW of Oak Shores, California",earthquake,0.57,0.82,0.18,3,reviewed,nc,nc
2003-12-23T23:08:52.980Z,35.5978333,-120.8231667,-0.532,1.52,md,12,227,0.05586,0.25,nc,nc21325277,2017-01-04T21:37:09.798Z,"11 km WNW of Templeton, California",earthquake,6.84,3.53,,1,reviewed,nc,nc
2003-12-23T23:05:42.060Z,35.5151667,-120.8938333,13.975,1.65,md,7,185,0.05676,0.07,nc,nc68006561,2017-01-04T21:37:04.957Z,"8 km N of Cayucos, California",earthquake,1.39,1.22,0.23,5,reviewed,nc,nc
2003-12-23T23:03:46.550Z,35.7061667,-121.1276667,10.116,2.2,md,9,196,0.109,0.1,nc,nc68006560,2017-01-04T21:37:00.422Z,"8 km NE of San Simeon, California",earthquake,1.54,2.1,0.07,9,reviewed,nc,nc
2003-12-23T23:01:44.030Z,35.548,-120.829,5.137,1.93,md,10,205,0.06486,0.19,nc,nc68006559,2017-01-04T21:36:56.110Z,"11 km W of Templeton, California",earthquake,0.91,1.25,0.15,5,reviewed,nc,nc
2003-12-23T23:00:34.050Z,35.6255,-120.9361667,3.621,2.59,md,43,96,0.05856,0.08,nc,nc21325240,2017-01-04T21:36:49.790Z,"12 km SSW of Lake Nacimiento, California",earthquake,0.14,0.41,0.09,44,reviewed,nc,nc
2003-12-23T22:57:07.130Z,35.6681667,-121.0831667,2.932,1.56,md,13,186,0.05946,0.04,nc,nc21325237,2017-01-04T21:36:41.543Z,"10 km ENE of San Simeon, California",earthquake,0.49,0.7,0.12,4,reviewed,nc,nc
2003-12-23T22:53:53.430Z,35.5648333,-120.893,6.208,2.13,md,26,68,0.03333,0.15,nc,nc21325234,2017-01-04T21:36:36.942Z,"13 km N of Cayucos, California",earthquake,0.27,0.57,0.12,21,reviewed,nc,nc
2003-12-23T22:47:24.050Z,35.6445,-121.0768333,9.166,2.26,md,10,182,0.04595,0.06,nc,nc68006554,2017-01-04T21:36:28.318Z,"8 km N of Cambria, California",earthquake,1.04,0.8,0.09,8,reviewed,nc,nc
2003-12-23T22:46:50.990Z,35.7286667,-121.0888333,4.136,2.66,md,30,51,0.07027,0.09,nc,nc21325232,2017-01-04T21:36:24.484Z,"10 km WSW of Oak Shores, California",earthquake,0.19,0.59,0.15,25,reviewed,nc,nc
2003-12-23T22:43:49.660Z,35.5931667,-120.9656667,4.753,1.71,md,9,188,0.07658,0.11,nc,nc68006552,2017-01-04T21:36:20.422Z,"10 km ENE of Cambria, California",earthquake,0.67,0.74,0.04,5,reviewed,nc,nc
2003-12-23T22:41:58.470Z,35.6208333,-120.9876667,5.571,1.31,md,14,118,0.1009,0.04,nc,nc21325231,2017-01-04T21:36:16.223Z,"10 km NE of Cambria, California",earthquake,0.32,1.11,0.5,2,reviewed,nc,nc
2003-12-23T22:37:25.500Z,35.6233333,-121.0571667,10.592,2.55,md,10,189,0.1523,0.13,nc,nc68006551,2017-01-04T21:36:12.378Z,"6 km NNE of Cambria, California",earthquake,1.29,2.05,0.12,5,reviewed,nc,nc
2003-12-23T22:32:30.960Z,35.5783333,-120.8908333,4.398,1.88,md,17,81,0.04595,0.07,nc,nc30500490,2017-01-04T21:36:08.649Z,"15 km N of Cayucos, California",earthquake,0.29,0.37,0.05,8,reviewed,nc,nc
2003-12-23T22:31:09.210Z,35.6818333,-121.0765,13.786,2.48,md,9,198,0.08288,0.02,nc,nc68006549,2017-01-04T21:36:04.761Z,"11 km ENE of San Simeon, California",earthquake,1.19,1.12,0.09,7,reviewed,nc,nc
2003-12-23T22:30:46.450Z,35.659,-121.1026667,5.99,2.91,md,39,117,0.04775,0.08,nc,nc21325224,2017-01-04T21:36:01.523Z,"8 km ENE of San Simeon, California",earthquake,0.17,0.37,0.11,32,reviewed,nc,nc
2003-12-23T22:24:16.050Z,35.654,-121.08,2.781,1.34,md,6,123,0.06667,0.04,nc,nc30226856,2017-01-04T21:35:53.804Z,"9 km N of Cambria, California",earthquake,0.38,1.72,,1,reviewed,nc,nc
2003-12-23T22:23:45.750Z,35.6283333,-121.0448333,8.287,1.94,md,12,98,0.04865,0.04,nc,nc21325218,2017-01-04T21:35:48.925Z,"7 km NNE of Cambria, California",earthquake,0.28,0.61,0.06,8,reviewed,nc,nc
2003-12-23T22:11:28.290Z,35.6541667,-121.011,8.459,2.08,md,17,75,0.08649,0.09,nc,nc21325213,2017-01-04T21:35:30.254Z,"11 km NNE of Cambria, California",earthquake,0.41,1.35,0.12,10,reviewed,nc,nc
2003-12-23T22:10:34.270Z,35.6485,-120.8791667,4.473,1.68,md,6,226,0.01261,0.02,nc,nc21325212,2017-01-04T21:35:25.781Z,"8 km S of Lake Nacimiento, California",earthquake,7.13,4.67,0.49,2,reviewed,nc,nc
2003-12-23T22:08:26.240Z,35.5816667,-120.9425,4.151,1.75,md,7,196,0.05586,0.06,nc,nc68006542,2017-01-04T21:35:21.154Z,"12 km E of Cambria, California",earthquake,0.74,1.18,0.11,5,reviewed,nc,nc
2003-12-23T22:05:06.790Z,35.504,-120.8518333,5.804,1.77,md,12,171,0.05405,0.04,nc,nc21325211,2017-01-04T21:35:16.553Z,"7 km NNE of Cayucos, California",earthquake,1.96,2.41,0.42,5,reviewed,nc,nc
2003-12-23T21:53:41.970Z,35.5676667,-120.8221667,-0.089,3.02,ml,47,48,0.07658,0.06,nc,nc21325202,2017-01-04T21:35:08.410Z,"10 km W of Templeton, California",earthquake,0.15,1.04,,2,reviewed,nc,nc
2003-12-23T21:47:11.780Z,35.4865,-120.9926667,13.811,2.8,md,5,162,0.02613,0.05,nc,nc68006538,2017-01-04T21:34:51.831Z,"10 km WNW of Cayucos, California",earthquake,3.94,1.1,0.04,4,reviewed,nc,nc
2003-12-23T21:41:36.180Z,35.6891667,-121.077,4.51,1.42,md,10,159,0.06306,0.02,nc,nc30226855,2017-01-04T21:34:48.025Z,"11 km ENE of San Simeon, California",earthquake,0.92,1.09,0.05,3,reviewed,nc,nc
2003-12-23T21:40:46.200Z,35.5625,-120.8148333,2.467,1.59,md,24,82,0.08018,0.08,nc,nc21325191,2017-01-04T21:34:44.519Z,"9 km W of Templeton, California",earthquake,0.39,1.63,0.07,2,reviewed,nc,nc
2003-12-23T21:36:47.820Z,35.6443333,-121.061,4.634,1.89,md,7,199,0.05135,0.02,nc,nc68006535,2017-01-04T21:34:40.496Z,"9 km NNE of Cambria, California",earthquake,1.42,1.32,0.08,3,reviewed,nc,nc
2003-12-23T21:24:08.820Z,35.7078333,-121.0303333,0.123,2.19,md,31,50,0.1036,0.37,nc,nc21325188,2017-01-04T21:34:28.147Z,"8 km SW of Oak Shores, California",earthquake,0.44,5.16,0.13,25,reviewed,nc,nc
2003-12-23T21:21:58.220Z,35.6108333,-120.912,3.942,1.77,md,5,148,0.04775,0.01,nc,nc30226854,2017-01-04T21:34:24.107Z,"13 km SSW of Lake Nacimiento, California",earthquake,0.66,0.82,0.02,2,reviewed,nc,nc
2003-12-23T21:21:42.280Z,35.5861667,-120.85,4.162,1.1,md,10,237,0.05676,0.05,nc,nc21325187,2017-01-04T21:34:20.521Z,"13 km WNW of Templeton, California",earthquake,1.47,0.82,,1,reviewed,nc,nc
2003-12-23T21:17:40.960Z,35.6645,-121.0053333,9.499,1.74,md,7,80,0.0964,0.06,nc,nc21326699,2017-01-04T21:34:16.238Z,"11 km SSW of Oak Shores, California",earthquake,0.52,1.93,0.17,8,reviewed,nc,nc
2003-12-23T21:14:27.330Z,35.5843333,-120.8815,3.808,1.7,md,7,219,0.05495,0.02,nc,nc68006529,2017-01-04T21:34:12.049Z,"15 km N of Cayucos, California",earthquake,0.95,0.77,0.06,3,reviewed,nc,nc
2003-12-23T21:09:46.350Z,35.7,-121.0746667,11.984,1.7,md,5,226,0.1009,0.01,nc,nc68006528,2017-01-04T21:34:07.957Z,"11 km SW of Oak Shores, California",earthquake,1.7,1.8,0.03,3,reviewed,nc,nc
2003-12-23T21:08:54.090Z,35.7305,-121.0523333,6.046,1.74,md,10,274,0.1279,0.02,nc,nc21324616,2017-01-04T21:34:04.160Z,"7 km WSW of Oak Shores, California",earthquake,3.56,0.66,0.27,3,reviewed,nc,nc
2003-12-23T21:04:11.870Z,35.6661667,-121.0311667,0.619,1.9,md,11,66,0.08288,0.49,nc,nc21324615,2017-01-04T21:33:54.170Z,"12 km NNE of Cambria, California",earthquake,1.28,11.69,0.23,8,reviewed,nc,nc
2003-12-23T21:00:45.630Z,35.7121667,-121.0563333,4.028,2.38,md,22,125,0.08468,0.06,nc,nc21326716,2017-01-04T21:33:49.519Z,"9 km SW of Oak Shores, California",earthquake,0.3,0.63,0.13,27,reviewed,nc,nc
2003-12-23T20:58:20.520Z,35.6546667,-121.0048333,4.818,1.45,md,11,144,0.1243,0.02,nc,nc21326714,2017-01-04T21:33:44.137Z,"12 km NE of Cambria, California",earthquake,0.47,0.88,0.15,3,reviewed,nc,nc
2003-12-23T20:57:01.710Z,35.6193333,-120.8981667,3.21,1.47,md,17,262,0.03333,0.05,nc,nc21324190,2017-01-04T21:33:38.722Z,"12 km S of Lake Nacimiento, California",earthquake,2.15,0.4,0.05,2,reviewed,nc,nc
2003-12-23T20:52:42.930Z,35.6876667,-121.0461667,6.358,2.2,md,22,69,0.08829,0.34,nc,nc21324185,2017-01-04T21:33:32.733Z,"10 km SW of Oak Shores, California",earthquake,0.62,1.91,0.09,18,reviewed,nc,nc
2003-12-23T20:41:51.930Z,35.535,-120.8268333,4.834,2.5,md,28,79,0.06486,0.06,nc,nc21325468,2017-01-04T21:32:59.763Z,"11 km W of Templeton, California",earthquake,0.27,0.73,0.11,32,reviewed,nc,nc
2003-12-23T20:38:39.270Z,35.5225,-120.821,6.069,1.97,md,6,164,0.07117,0.04,nc,nc21325467,2017-01-04T21:32:55.943Z,"10 km WSW of Templeton, California",earthquake,1.05,2.03,0.13,4,reviewed,nc,nc
2003-12-23T20:34:40.100Z,35.6546667,-120.9711667,3.729,2.55,md,13,75,0.08649,0.23,nc,nc21325498,2017-01-04T21:32:48.648Z,"11 km SW of Lake Nacimiento, California",earthquake,0.5,1.78,0.1,15,reviewed,nc,nc
2003-12-23T20:28:04.810Z,35.5541667,-120.8466667,-0.318,1.76,md,5,251,0.05315,0.09,nc,nc68006512,2017-01-04T21:32:40.273Z,"12 km W of Templeton, California",earthquake,2.38,4.4,0.12,3,reviewed,nc,nc
2003-12-23T20:23:58.170Z,35.5341667,-120.8636667,-0.198,1.53,md,16,65,0.03514,0.12,nc,nc21324927,2017-01-04T21:32:36.070Z,"10 km NNE of Cayucos, California",earthquake,0.35,1.63,0.09,6,reviewed,nc,nc
2003-12-23T20:20:54.240Z,35.5401667,-120.8878333,1.94,2.68,md,31,69,0.01712,0.08,nc,nc21326711,2017-01-04T21:32:31.746Z,"10 km N of Cayucos, California",earthquake,0.19,0.35,0.1,35,reviewed,nc,nc
2003-12-23T20:17:12.610Z,35.5356667,-120.8735,0.285,3.26,ml,46,47,0.02703,0.1,nc,nc21326708,2017-01-04T21:32:24.780Z,"10 km N of Cayucos, California",earthquake,0.14,0.61,,2,reviewed,nc,nc
2003-12-23T20:12:45.590Z,35.59,-120.9105,5.68,2.21,md,11,156,0.1387,0.04,nc,nc30500428,2017-01-04T21:32:15.843Z,"15 km S of Lake Nacimiento, California",earthquake,1.88,5.86,0.08,11,reviewed,nc,nc
2003-12-23T20:08:33.990Z,35.5673333,-120.8948333,3.388,2.01,md,8,200,0.03514,0.17,nc,nc68006505,2017-01-04T21:32:07.123Z,"13 km N of Cayucos, California",earthquake,1.48,1.08,0.11,3,reviewed,nc,nc
2003-12-23T20:04:37.520Z,35.5298333,-120.8513333,3.658,1.84,md,6,220,0.04505,0.02,nc,nc68006504,2017-01-04T21:32:02.478Z,"10 km NNE of Cayucos, California",earthquake,0.69,1.19,0.14,4,reviewed,nc,nc
2003-12-23T19:57:47.250Z,35.637,-121.0798333,4.213,2.22,md,12,97,0.03784,0.05,nc,nc30500576,2017-01-04T21:31:57.340Z,"8 km N of Cambria, California",earthquake,0.38,0.48,0.1,10,reviewed,nc,nc
2003-12-23T19:46:55.020Z,35.6115,-121.1736667,6.174,2.25,md,6,189,0.06577,0.02,nc,nc68006501,2017-01-04T21:31:45.858Z,"3 km SSE of San Simeon, California",earthquake,6.78,3.53,0.04,3,reviewed,nc,nc
2003-12-23T19:45:04.750Z,35.6153333,-121.2036667,5.263,1.94,md,6,201,0.09099,0.12,nc,nc68006500,2017-01-04T21:31:41.698Z,"3 km SSW of San Simeon, California",earthquake,5.94,5.32,,3,reviewed,nc,nc
2003-12-23T19:42:00.790Z,35.5686667,-120.8283333,-0.478,2.68,md,35,53,0.07297,0.12,nc,nc30500522,2017-01-04T21:31:36.970Z,"11 km W of Templeton, California",earthquake,0.21,2.46,0.08,37,reviewed,nc,nc
2003-12-23T19:41:21.380Z,35.5176667,-120.8276667,3.776,2.59,md,33,94,0.06667,0.05,nc,nc21325489,2017-01-04T21:31:25.700Z,"10 km NE of Cayucos, California",earthquake,0.27,0.77,0.07,29,reviewed,nc,nc
2003-12-23T19:35:16.860Z,35.5405,-120.8576667,0.284,1.61,md,13,121,0.04054,0.08,nc,nc21325487,2017-01-04T21:31:13.804Z,"11 km NNE of Cayucos, California",earthquake,1.08,2.98,0.15,6,reviewed,nc,nc
2003-12-23T19:32:15.820Z,35.5608333,-120.9038333,8.938,2.11,md,5,208,0.1604,0.18,nc,nc68006495,2017-01-04T21:31:09.744Z,"13 km N of Cayucos, California",earthquake,3.85,8.41,0.15,2,reviewed,nc,nc
2003-12-23T19:31:04.780Z,35.669,-121.095,3.047,3.39,ml,53,117,0.04955,0.08,nc,nc21325481,2017-01-04T21:31:04.530Z,"9 km ENE of San Simeon, California",earthquake,0.17,0.82,,3,reviewed,nc,nc
2003-12-23T19:26:11.160Z,35.669,-121.059,4.269,2.33,md,23,77,0.07387,0.05,nc,nc21325480,2017-01-04T21:30:57.212Z,"11 km N of Cambria, California",earthquake,0.21,0.65,0.1,21,reviewed,nc,nc
2003-12-23T19:23:03.660Z,35.6643333,-121.0726667,6.997,2.1,md,19,90,0.06577,0.07,nc,nc30500521,2017-01-04T21:30:53.062Z,"10 km ENE of San Simeon, California",earthquake,0.25,0.74,0.09,15,reviewed,nc,nc
2003-12-23T19:18:50.630Z,35.5346667,-120.8373333,5.794,2.59,md,28,81,0.05676,0.05,nc,nc21325477,2017-01-04T21:30:42.620Z,"11 km NNE of Cayucos, California",earthquake,0.22,0.67,0.06,32,reviewed,nc,nc
2003-12-23T19:17:57.800Z,35.5613333,-120.8736667,8.8,1.49,md,12,303,0.08018,0.02,nc,nc21325476,2017-01-04T21:30:32.769Z,"13 km N of Cayucos, California",earthquake,4.14,1.45,0.29,2,reviewed,nc,nc
2003-12-23T19:11:36.270Z,35.5768333,-120.9115,-0.28,2.14,md,9,103,0.1261,0.23,nc,nc30500519,2017-01-04T21:30:23.218Z,"14 km N of Cayucos, California",earthquake,1.04,3.91,0.08,9,reviewed,nc,nc
2003-12-23T19:07:19.130Z,35.731,-120.6856667,4.572,1.85,md,5,214,0.2306,0.06,nc,nc21324054,2017-01-04T21:30:10.355Z,"2 km SSE of San Miguel, California",earthquake,1.46,8.24,,1,reviewed,nc,nc
2003-12-23T19:06:47.600Z,35.6271667,-121.051,8.534,1.77,md,5,193,0.04414,0,nc,nc68006486,2017-01-04T21:30:05.861Z,"7 km NNE of Cambria, California",earthquake,2.02,0.83,0.02,2,reviewed,nc,nc
2003-12-23T19:06:00.910Z,35.5563333,-120.8478333,6.829,1.08,md,8,264,0.08649,0.02,nc,nc21324052,2017-01-04T21:30:01.780Z,"12 km W of Templeton, California",earthquake,3,2.13,0.24,2,reviewed,nc,nc
2003-12-23T19:01:46.730Z,35.654,-120.9488333,6.479,2.55,md,27,92,0.06847,0.06,nc,nc21324314,2017-01-04T21:29:56.578Z,"10 km SW of Lake Nacimiento, California",earthquake,0.23,0.65,0.08,42,reviewed,nc,nc
2003-12-23T18:55:37.370Z,35.6411667,-121.0548333,3.321,1.75,md,10,114,0.09009,0.04,nc,nc30226820,2017-01-04T21:29:50.926Z,"8 km NNE of Cambria, California",earthquake,0.31,1.06,0.12,6,reviewed,nc,nc
2003-12-23T18:54:20.500Z,35.5716667,-120.818,3.743,1.87,md,23,165,0.08018,0.04,nc,nc21324072,2017-01-04T21:29:44.880Z,"10 km WNW of Templeton, California",earthquake,0.62,1.04,0.22,5,reviewed,nc,nc
2003-12-23T18:44:39.080Z,35.6581667,-121.088,3.531,2.34,md,28,125,0.05856,0.04,nc,nc21324037,2017-01-04T21:29:33.537Z,"9 km E of San Simeon, California",earthquake,0.24,0.52,0.15,20,reviewed,nc,nc
2003-12-23T18:42:47.510Z,35.7186667,-120.685,5.376,1.77,md,7,310,0.1703,0.05,nc,nc21324309,2017-01-04T21:29:28.907Z,"3 km SSE of San Miguel, California",earthquake,6.96,1.66,,1,reviewed,nc,nc
2003-12-23T18:41:36.690Z,35.6663333,-121.1158333,8.571,1.78,md,13,135,0.03514,0.11,nc,nc21324308,2017-01-04T21:29:23.819Z,"7 km ENE of San Simeon, California",earthquake,0.82,1.13,0.08,5,reviewed,nc,nc
2003-12-23T18:39:56.250Z,35.7053333,-121.0876667,7.254,1.96,md,12,139,0.05856,0.03,nc,nc21324305,2017-01-04T21:29:19.631Z,"11 km NE of San Simeon, California",earthquake,0.55,0.73,0.24,6,reviewed,nc,nc
2003-12-23T18:35:34.030Z,35.614,-120.8886667,5.814,2.25,md,22,97,0.03243,0.07,nc,nc21324302,2017-01-04T21:29:09.943Z,"12 km S of Lake Nacimiento, California",earthquake,0.21,0.83,0.11,24,reviewed,nc,nc
2003-12-23T18:33:13.270Z,35.612,-120.9523333,3.131,1.8,md,8,157,0.07568,0.03,nc,nc30226712,2017-01-04T21:29:05.608Z,"12 km ENE of Cambria, California",earthquake,0.52,0.96,0.12,6,reviewed,nc,nc
2003-12-23T18:32:47.110Z,35.6626667,-121.0846667,2.617,1.62,md,16,102,0.05946,0.04,nc,nc21324301,2017-01-04T21:29:01.912Z,"9 km ENE of San Simeon, California",earthquake,0.42,1.01,0.05,6,reviewed,nc,nc
2003-12-23T18:25:40.610Z,35.6563333,-121.0331667,4.041,1.63,md,9,95,0.1018,0.03,nc,nc21324035,2017-01-04T21:28:46.443Z,"11 km NNE of Cambria, California",earthquake,0.27,1.1,0.08,4,reviewed,nc,nc
2003-12-23T18:24:23.450Z,35.6926667,-121.1691667,7.899,2.05,md,11,169,0.1955,0.04,nc,nc21324034,2017-01-04T21:28:42.202Z,"5 km NNE of San Simeon, California",earthquake,0.43,2.17,0.07,9,reviewed,nc,nc
2003-12-23T18:17:11.210Z,35.6456667,-121.0536667,7.787,4.7,mw,44,73,0.05586,0.08,nc,nc21324051,2022-06-21T03:30:47.676Z,"9 km NNE of Cambria, California",earthquake,0.2,0.81,,6,reviewed,nc,nc
2003-12-23T18:16:55.520Z,35.5186667,-120.9055,1.138,2.07,md,6,131,0.01532,0.04,nc,nc68006469,2017-01-04T21:28:14.729Z,"Central California",earthquake,0.47,0.56,0.13,2,reviewed,nc,nc
2003-12-23T18:08:22.670Z,35.6056667,-120.854,-0.367,2.38,md,28,124,0.03694,0.1,nc,nc21324039,2017-01-04T21:28:02.910Z,"13 km S of Lake Nacimiento, California",earthquake,0.33,6.02,0.06,31,reviewed,nc,nc
2003-12-23T18:04:12.620Z,35.703,-121.0966667,0.785,1.72,md,7,142,0.1874,0.34,nc,nc30226819,2017-01-04T21:27:54.998Z,"10 km NE of San Simeon, California",earthquake,1.76,18.43,0.04,3,reviewed,nc,nc
2003-12-23T18:03:48.980Z,35.6911667,-121.03,8.211,1.52,md,11,79,0.1009,0.05,nc,nc30226817,2017-01-04T21:27:50.354Z,"Near the coast of Central California",earthquake,0.44,1.1,0.13,2,reviewed,nc,nc
2003-12-23T18:02:41.810Z,35.6988333,-121.0503333,9.417,2.39,md,43,59,0.08559,0.07,nc,nc21324032,2017-01-04T21:27:44.380Z,"10 km SW of Oak Shores, California",earthquake,0.17,0.56,0.15,49,reviewed,nc,nc
2003-12-23T17:56:48.630Z,35.6536667,-120.913,8.201,1.47,md,8,254,0.03964,0.02,nc,nc21324346,2017-01-04T21:27:34.720Z,"8 km SSW of Lake Nacimiento, California",earthquake,2.13,1.4,0.32,4,reviewed,nc,nc
2003-12-23T17:54:01.950Z,35.6935,-121.0655,4.366,2.08,md,5,225,0.0955,0.02,nc,nc68006462,2017-01-04T21:27:29.545Z,"11 km SW of Oak Shores, California",earthquake,5.2,5.59,,3,reviewed,nc,nc
2003-12-23T17:46:25.700Z,35.5651667,-120.9045,5.361,1.64,md,10,149,0.118,0.04,nc,nc21324337,2017-01-04T21:27:17.735Z,"13 km N of Cayucos, California",earthquake,1.13,3.82,0.19,5,reviewed,nc,nc
2003-12-23T17:45:38.320Z,35.707,-121.0973333,5.535,1.21,md,8,178,0.05225,0.01,nc,nc21324336,2017-01-04T21:27:13.745Z,"10 km NE of San Simeon, California",earthquake,3.6,1.3,0.01,2,reviewed,nc,nc
2003-12-23T17:44:07.610Z,35.5603333,-120.8455,6.047,1.47,md,14,282,0.08288,0.03,nc,nc21324334,2017-01-04T21:27:09.432Z,"12 km W of Templeton, California",earthquake,2.09,0.93,,1,reviewed,nc,nc
2003-12-23T17:40:18.140Z,35.5435,-120.8458333,5.062,1.81,md,17,91,0.05045,0.06,nc,nc21324333,2017-01-04T21:27:05.118Z,"11 km NNE of Cayucos, California",earthquake,0.42,0.86,0.23,5,reviewed,nc,nc
2003-12-23T17:39:47.710Z,35.6606667,-121.1158333,6.754,1.92,md,7,195,0.06306,0.01,nc,nc68006457,2017-01-04T21:27:01.038Z,"7 km ENE of San Simeon, California",earthquake,3.62,0.6,,3,reviewed,nc,nc
2003-12-23T17:37:01.970Z,35.654,-120.9458333,7.899,2.06,md,22,92,0.1243,0.07,nc,nc40149394,2017-01-04T21:26:56.995Z,"10 km SW of Lake Nacimiento, California",earthquake,0.23,0.83,0.16,20,reviewed,nc,nc
2003-12-23T17:33:50.480Z,35.5981667,-120.877,8.077,1.37,md,8,312,0.04414,0.02,nc,nc21324014,2017-01-04T21:26:52.432Z,"14 km S of Lake Nacimiento, California",earthquake,6.58,3.23,0.15,2,reviewed,nc,nc
2003-12-23T17:24:05.030Z,35.6521667,-120.8963333,8.101,2.29,md,20,71,0.02703,0.11,nc,nc21324246,2017-01-04T21:26:47.825Z,"8 km S of Lake Nacimiento, California",earthquake,0.36,0.56,0.08,22,reviewed,nc,nc
2003-12-23T17:20:42.250Z,35.5805,-121.0641667,2.839,1.46,md,6,256,0.1252,0.04,nc,nc21324244,2017-01-04T21:26:43.155Z,"2 km NE of Cambria, California",earthquake,3.67,2.05,0.07,3,reviewed,nc,nc
2003-12-23T17:13:08.620Z,35.548,-120.8105,2.261,2.62,md,37,69,0.1036,0.06,nc,nc30226815,2017-01-04T21:26:24.060Z,"9 km W of Templeton, California",earthquake,0.21,2.37,0.12,42,reviewed,nc,nc
2003-12-23T17:12:47.430Z,35.5761667,-120.9273333,3.383,2.05,md,20,98,0.08198,0.04,nc,nc21324012,2017-01-04T21:26:14.020Z,"13 km E of Cambria, California",earthquake,0.27,0.49,0.27,9,reviewed,nc,nc
2003-12-23T17:09:52.850Z,35.5516667,-120.8348333,3.927,1.6,md,19,57,0.06126,0.13,nc,nc21324015,2017-01-04T21:26:09.485Z,"11 km W of Templeton, California",earthquake,0.29,0.75,0.26,12,reviewed,nc,nc
2003-12-23T17:07:05.180Z,35.6385,-120.9405,3.366,3.05,ml,52,65,0.06036,0.07,nc,nc21324004,2017-01-04T21:26:02.940Z,"11 km SSW of Lake Nacimiento, California",earthquake,0.13,0.42,,1,reviewed,nc,nc
2003-12-23T17:04:43.980Z,35.5766667,-120.8213333,2.912,2.67,md,41,94,0.07387,0.06,nc,nc21323998,2017-01-04T21:25:53.810Z,"10 km WNW of Templeton, California",earthquake,0.29,1,0.08,47,reviewed,nc,nc
2003-12-23T17:02:42.180Z,35.659,-121.0433333,4.265,1.13,md,11,280,0.145,0.02,nc,nc21324241,2017-01-04T21:25:41.860Z,"11 km NNE of Cambria, California",earthquake,2.58,1.12,0.09,2,reviewed,nc,nc
2003-12-23T16:58:25.760Z,35.5778333,-120.8901667,3.949,1.57,md,20,204,0.06667,0.04,nc,nc21324238,2017-01-04T21:25:36.056Z,"14 km N of Cayucos, California",earthquake,0.36,0.45,0.21,5,reviewed,nc,nc
2003-12-23T16:56:49.070Z,35.6406667,-120.7961667,4.416,1.76,md,6,203,0.2946,0.02,nc,nc21323987,2017-01-04T21:25:30.248Z,"9 km W of Paso Robles, California",earthquake,1.58,8.41,,1,reviewed,nc,nc
2003-12-23T16:55:49.340Z,35.5608333,-120.847,6.803,1.34,md,15,263,0.08198,0.07,nc,nc21324375,2017-01-04T21:25:25.507Z,"12 km W of Templeton, California",earthquake,0.8,0.47,0.03,2,reviewed,nc,nc
2003-12-23T16:48:52.930Z,35.6536667,-121.0161667,9.784,1.96,md,5,218,0.08288,0.01,nc,nc68006443,2017-01-04T21:25:15.036Z,"Near the coast of Central California",earthquake,1.46,1.17,0.13,5,reviewed,nc,nc
2003-12-23T16:44:32.760Z,35.6248333,-120.951,3.707,1.78,md,16,196,0.07117,0.03,nc,nc21324373,2017-01-04T21:25:05.033Z,"13 km SSW of Lake Nacimiento, California",earthquake,0.4,0.53,0.09,3,reviewed,nc,nc
2003-12-23T16:43:06.930Z,35.636,-120.9755,4.769,1.55,md,18,200,0.08919,0.03,nc,nc21324372,2017-01-04T21:24:59.943Z,"12 km NE of Cambria, California",earthquake,0.48,0.84,0.18,3,reviewed,nc,nc
2003-12-23T16:38:57.390Z,35.5935,-120.8978333,4.197,2.52,md,12,102,0.05405,0.05,nc,nc21324370,2017-01-04T21:24:55.038Z,"15 km S of Lake Nacimiento, California",earthquake,0.48,1.56,0.04,5,reviewed,nc,nc
2003-12-23T16:20:38.370Z,35.582,-120.844,-0.042,1.77,md,5,226,0.07027,0.05,nc,nc68006435,2017-01-04T21:24:19.366Z,"Central California",earthquake,2.11,6.35,0.06,3,reviewed,nc,nc
2003-12-23T16:16:05.860Z,35.705,-121.0261667,11.14,1.94,md,14,105,0.1063,0.08,nc,nc21324236,2017-01-04T21:24:15.144Z,"8 km SSW of Oak Shores, California",earthquake,0.28,0.96,0.09,9,reviewed,nc,nc
2003-12-23T16:13:45.140Z,35.6583333,-121.0313333,9.504,1.6,md,21,65,0.07748,0.08,nc,nc21324235,2017-01-04T21:24:11.127Z,"11 km NNE of Cambria, California",earthquake,0.24,0.78,0.04,5,reviewed,nc,nc
2003-12-23T16:12:29.220Z,35.7841667,-120.861,-0.484,1.34,md,14,161,0.03784,0.18,nc,nc21324234,2017-01-04T21:24:07.282Z,"6 km NNE of Lake Nacimiento, California",earthquake,2,7.07,,1,reviewed,nc,nc
2003-12-23T16:07:23.850Z,35.7083333,-121.0643333,3.944,1.58,md,14,139,0.07748,0.04,nc,nc21324231,2017-01-04T21:23:59.733Z,"10 km SW of Oak Shores, California",earthquake,0.58,1.14,0.16,5,reviewed,nc,nc
2003-12-23T16:00:37.640Z,35.666,-120.9998333,4.413,1.78,md,13,140,0.1117,0.06,nc,nc21324229,2017-01-04T21:23:52.616Z,"Central California",earthquake,0.58,1.3,0.09,7,reviewed,nc,nc
2003-12-23T15:56:51.910Z,35.595,-120.9081667,4.799,1.48,md,10,182,0.05766,0.04,nc,nc21324228,2017-01-04T21:23:44.211Z,"15 km S of Lake Nacimiento, California",earthquake,0.58,0.77,0.07,4,reviewed,nc,nc
2003-12-23T15:52:17.080Z,35.6045,-120.9485,3.613,2.99,md,37,68,0.07658,0.05,nc,nc21324225,2017-01-04T21:23:35.340Z,"12 km ENE of Cambria, California",earthquake,0.18,0.31,0.13,57,reviewed,nc,nc
2003-12-23T15:51:40.250Z,35.7318333,-121.0681667,-0.137,2.06,md,17,77,0.08559,0.07,nc,nc30226752,2017-01-04T21:23:23.493Z,"9 km WSW of Oak Shores, California",earthquake,0.24,2.95,0.11,8,reviewed,nc,nc
2003-12-23T15:50:34.190Z,35.5865,-120.8761667,5.35,1.55,md,13,209,0.05495,0.05,nc,nc30226711,2017-01-04T21:23:17.794Z,"15 km S of Lake Nacimiento, California",earthquake,1.1,0.61,0.03,3,reviewed,nc,nc
2003-12-23T15:50:04.680Z,35.6766667,-121.0135,12.169,1.74,md,19,109,0.1009,0.08,nc,nc21324222,2017-01-04T21:23:10.509Z,"10 km SSW of Oak Shores, California",earthquake,0.38,1.23,0.05,3,reviewed,nc,nc
2003-12-23T15:45:21.840Z,35.5248333,-120.9025,1.696,2.14,md,14,70,0.00991,0.1,nc,nc21324220,2017-01-04T21:23:05.825Z,"9 km N of Cayucos, California",earthquake,0.37,0.27,0.15,11,reviewed,nc,nc
2003-12-23T15:44:46.030Z,35.6781667,-120.9821667,13.844,1.92,md,4,238,0.01171,0,nc,nc68006422,2017-01-04T21:23:00.680Z,"10 km S of Oak Shores, California",earthquake,1.28,1.69,0.07,4,reviewed,nc,nc
2003-12-23T15:44:24.370Z,35.7193333,-120.8508333,-0.304,1.02,md,7,151,0.07568,0.05,nc,nc21324218,2017-01-04T21:22:55.875Z,"2 km ESE of Lake Nacimiento, California",earthquake,1.11,6.58,,1,reviewed,nc,nc
2003-12-23T15:40:13.000Z,35.6358333,-120.943,5.131,2.32,md,24,96,0.06306,0.04,nc,nc21324214,2017-01-04T21:22:41.597Z,"11 km SSW of Lake Nacimiento, California",earthquake,0.2,0.62,0.16,23,reviewed,nc,nc
2003-12-23T15:31:08.680Z,35.7186667,-121.0353333,5.435,1.72,md,12,172,0.1027,0.03,nc,nc21324196,2017-01-04T21:22:33.420Z,"7 km SW of Oak Shores, California",earthquake,1.2,0.38,0.09,4,reviewed,nc,nc
2003-12-23T15:25:15.840Z,35.5256667,-120.9298333,2.224,1.59,md,12,283,0.02072,0.02,nc,nc21324192,2017-01-04T21:22:20.467Z,"9 km NNW of Cayucos, California",earthquake,1.77,0.3,0.03,4,reviewed,nc,nc
2003-12-23T15:19:33.510Z,35.6313333,-120.8901667,6.612,2.01,md,26,122,0.02162,0.04,nc,nc21324022,2017-01-04T21:22:16.134Z,"10 km S of Lake Nacimiento, California",earthquake,0.23,0.19,0.16,21,reviewed,nc,nc
2003-12-23T15:16:50.390Z,35.577,-120.822,-0.278,1.59,md,16,178,0.07387,0.1,nc,nc21324020,2017-01-04T21:22:09.828Z,"10 km WNW of Templeton, California",earthquake,0.93,5.81,0.13,5,reviewed,nc,nc
2003-12-23T15:12:34.280Z,35.567,-120.8528333,0.823,2.27,md,31,133,0.07477,0.11,nc,nc21324019,2017-01-04T21:22:03.420Z,"13 km W of Templeton, California",earthquake,0.4,1.61,0.12,33,reviewed,nc,nc
2003-12-23T15:09:19.120Z,35.562,-120.831,5.172,1.85,md,23,176,0.08378,0.06,nc,nc21324016,2017-01-04T21:21:55.550Z,"11 km W of Templeton, California",earthquake,0.4,1.14,0.21,15,reviewed,nc,nc
2003-12-23T15:08:04.350Z,35.7588333,-120.6583333,0.101,2.03,md,10,165,0.1315,0.14,nc,nc21323993,2017-01-04T21:21:50.350Z,"3 km ENE of San Miguel, California",earthquake,0.93,7.27,0.13,2,reviewed,nc,nc
2003-12-23T15:05:47.170Z,35.6771667,-120.954,3.34,1.73,md,7,236,0.08018,0.04,nc,nc21323991,2017-01-04T21:21:45.572Z,"8 km SW of Lake Nacimiento, California",earthquake,2.19,0.75,0.45,2,reviewed,nc,nc
2003-12-23T15:03:28.210Z,35.5826667,-120.7541667,2.304,1.19,md,6,263,0.109,0.03,nc,nc30226696,2017-01-04T21:21:41.582Z,"5 km NW of Templeton, California",earthquake,5,6.74,0.05,2,reviewed,nc,nc
2003-12-23T15:02:58.630Z,35.621,-120.7915,-0.473,1.31,md,9,185,0.06396,0.12,nc,nc21323990,2017-01-04T21:21:37.621Z,"9 km W of Paso Robles, California",earthquake,0.83,6.12,0.01,2,reviewed,nc,nc
2003-12-23T15:00:41.530Z,35.7,-121.0603333,7.094,1.68,md,16,182,0.07838,0.06,nc,nc21323988,2017-01-04T21:21:33.144Z,"10 km SW of Oak Shores, California",earthquake,0.6,0.8,0.24,7,reviewed,nc,nc
2003-12-23T14:58:31.000Z,35.7001667,-121.0811667,6.732,1.95,md,10,176,0.06216,0.06,nc,nc21323985,2017-01-04T21:21:23.645Z,"11 km ENE of San Simeon, California",earthquake,0.69,1.68,0.32,9,reviewed,nc,nc
2003-12-23T14:56:46.670Z,35.593,-120.903,4.513,1.34,md,11,119,0.05676,0.02,nc,nc30227238,2017-01-04T21:21:18.102Z,"15 km S of Lake Nacimiento, California",earthquake,0.45,0.28,0.21,3,reviewed,nc,nc
2003-12-23T14:55:50.600Z,35.6491667,-120.9245,3.173,1.91,md,27,70,0.04775,0.06,nc,nc21324603,2017-01-04T21:21:10.115Z,"9 km SSW of Lake Nacimiento, California",earthquake,0.38,0.33,0.12,16,reviewed,nc,nc
2003-12-23T14:54:35.560Z,35.55,-120.8575,4.167,1.49,md,15,209,0.09099,0.05,nc,nc21325027,2017-01-04T21:21:02.321Z,"12 km NNE of Cayucos, California",earthquake,0.69,1.01,0.01,4,reviewed,nc,nc
2003-12-23T14:50:08.500Z,35.6575,-121.0476667,6.689,2.16,md,10,90,0.06847,0.08,nc,nc21325026,2017-01-04T21:20:51.006Z,"10 km NNE of Cambria, California",earthquake,0.3,0.99,0.18,12,reviewed,nc,nc
2003-12-23T14:43:25.300Z,35.5223333,-120.9218333,5.14,2.74,md,12,89,0.01712,0.07,nc,nc21325022,2017-01-04T21:20:41.908Z,"9 km NNW of Cayucos, California",earthquake,0.54,0.91,0.08,14,reviewed,nc,nc
2003-12-23T14:42:06.610Z,35.5263333,-120.9043333,2.858,3.9,md,9,143,0.008108,0.19,nc,nc68006404,2017-01-04T21:20:37.153Z,"9 km N of Cayucos, California",earthquake,0.94,0.67,,1,reviewed,nc,nc
2003-12-23T14:39:43.940Z,35.6525,-120.941,6.299,1.87,md,20,66,0.06216,0.14,nc,nc21325021,2017-01-04T21:20:31.908Z,"10 km SSW of Lake Nacimiento, California",earthquake,0.33,1.09,0.18,11,reviewed,nc,nc
2003-12-23T14:30:17.130Z,35.551,-120.85,7.208,1.71,md,14,209,0.09099,0.04,nc,nc30226813,2017-01-04T21:20:01.591Z,"12 km NNE of Cayucos, California",earthquake,1.48,0.83,0.03,3,reviewed,nc,nc
2003-12-23T14:28:51.810Z,35.6593333,-121.0041667,5.143,1.99,md,26,82,0.1135,0.04,nc,nc21323983,2017-01-04T21:19:57.635Z,"12 km S of Oak Shores, California",earthquake,0.21,0.44,0.12,12,reviewed,nc,nc
2003-12-23T14:23:31.080Z,35.6263333,-120.9956667,3.535,1.39,md,10,213,0.1063,0.02,nc,nc21325016,2017-01-04T21:19:48.657Z,"10 km NE of Cambria, California",earthquake,0.73,0.98,0.26,3,reviewed,nc,nc
2003-12-23T14:22:43.030Z,35.679,-121.0066667,7.853,1.74,md,15,76,0.1198,0.03,nc,nc30226805,2017-01-04T21:19:44.605Z,"10 km SSW of Oak Shores, California",earthquake,0.29,0.87,0.16,5,reviewed,nc,nc
2003-12-23T14:21:37.750Z,35.5806667,-120.9293333,2.775,2.27,md,18,60,0.07928,0.07,nc,nc21323962,2017-01-04T21:19:40.050Z,"Central California",earthquake,0.29,0.57,0.15,15,reviewed,nc,nc
2003-12-23T14:14:44.730Z,35.5283333,-120.9098333,1.539,2.92,md,32,79,0.006306,0.05,nc,nc21323958,2017-01-04T21:19:30.720Z,"9 km N of Cayucos, California",earthquake,0.15,0.13,0.1,32,reviewed,nc,nc
2003-12-23T14:12:23.590Z,35.6445,-120.9118333,7.167,1.86,md,17,208,0.03694,0.07,nc,nc21323954,2017-01-04T21:19:21.351Z,"9 km SSW of Lake Nacimiento, California",earthquake,0.68,0.38,0.1,8,reviewed,nc,nc
2003-12-23T14:09:44.830Z,35.6556667,-120.979,-0.331,2.13,md,20,63,0.09279,0.31,nc,nc21325048,2017-01-04T21:19:15.984Z,"12 km SW of Lake Nacimiento, California",earthquake,0.73,9.86,0.13,17,reviewed,nc,nc
2003-12-23T14:01:15.520Z,35.553,-120.848,2.594,1.4,md,16,166,0.05135,0.03,nc,nc21325045,2017-01-04T21:19:09.811Z,"12 km NNE of Cayucos, California",earthquake,0.72,1.51,0.06,2,reviewed,nc,nc
2003-12-23T13:56:08.660Z,35.402,-120.9543333,5.858,2.1,md,9,330,0.2495,0.03,nc,nc21325043,2017-01-04T21:18:56.642Z,"Central California",earthquake,8.15,6.83,0.12,3,reviewed,nc,nc
2003-12-23T13:54:13.670Z,35.651,-121.0438333,5.581,2.11,md,26,68,0.06486,0.08,nc,nc21323952,2017-01-04T21:18:51.138Z,"Near the coast of Central California",earthquake,0.23,0.65,0.15,12,reviewed,nc,nc
2003-12-23T13:53:46.670Z,35.6568333,-121.016,4.883,1.65,md,15,98,0.1153,0.05,nc,nc30226700,2017-01-04T21:18:45.909Z,"11 km NNE of Cambria, California",earthquake,0.31,0.74,0.21,4,reviewed,nc,nc
2003-12-23T13:52:51.550Z,35.6718333,-120.9613333,8.591,1.14,md,12,271,0.08288,0.04,nc,nc30226699,2017-01-04T21:18:41.343Z,"9 km SW of Lake Nacimiento, California",earthquake,1.49,0.67,0.03,2,reviewed,nc,nc
2003-12-23T13:52:14.580Z,35.6338333,-120.9526667,3.211,1.3,md,13,123,0.07027,0.04,nc,nc21323950,2017-01-04T21:18:37.443Z,"12 km SSW of Lake Nacimiento, California",earthquake,0.42,0.83,0.13,2,reviewed,nc,nc
2003-12-23T13:44:50.370Z,35.6141667,-120.8813333,5.599,2.24,md,24,71,0.02973,0.12,nc,nc21325042,2017-01-04T21:18:21.155Z,"12 km S of Lake Nacimiento, California",earthquake,0.28,0.94,0.1,24,reviewed,nc,nc
2003-12-23T13:41:27.400Z,35.6288333,-120.942,5.726,2.05,md,5,202,0.05676,0.03,nc,nc68006381,2017-01-04T21:18:05.380Z,"12 km SSW of Lake Nacimiento, California",earthquake,1.06,0.8,0.05,4,reviewed,nc,nc
2003-12-23T13:39:19.770Z,35.6665,-121.0796667,5.444,2.18,md,6,162,0.06667,0.01,nc,nc68006380,2017-01-04T21:17:56.290Z,"10 km ENE of San Simeon, California",earthquake,0.43,0.7,0.02,4,reviewed,nc,nc
2003-12-23T13:36:35.950Z,35.5986667,-120.8936667,7.978,3.25,md,8,209,0.06577,0.08,nc,nc68006379,2017-01-04T21:17:52.741Z,"14 km S of Lake Nacimiento, California",earthquake,0.52,1.24,0.11,9,reviewed,nc,nc
2003-12-23T13:32:48.260Z,35.6306667,-120.9203333,7.707,1.25,md,13,268,0.04505,0.04,nc,nc21325030,2017-01-04T21:17:47.988Z,"11 km SSW of Lake Nacimiento, California",earthquake,1.52,0.62,0.16,2,reviewed,nc,nc
2003-12-23T13:30:31.790Z,35.6818333,-120.94,3.906,1.84,md,7,236,0.04324,0.2,nc,nc68006378,2017-01-04T21:17:44.038Z,"7 km SW of Lake Nacimiento, California",earthquake,3.72,1.45,0.18,4,reviewed,nc,nc
2003-12-23T13:27:08.250Z,35.6725,-121.0635,-0.131,2.04,md,10,146,0.1667,0.73,nc,nc21325029,2017-01-04T21:17:31.012Z,"12 km ENE of San Simeon, CA",earthquake,4.15,18.91,0.08,4,reviewed,nc,nc
2003-12-23T13:19:20.130Z,35.6833333,-121.0825,1.331,1.69,md,12,136,0.05766,0.07,nc,nc30226831,2017-01-04T21:17:16.178Z,"10 km ENE of San Simeon, California",earthquake,0.54,2.51,0.04,3,reviewed,nc,nc
2003-12-23T13:18:24.450Z,35.6543333,-121.018,5.649,2.19,md,35,90,0.02613,0.06,nc,nc21323942,2017-01-04T21:17:10.960Z,"11 km NNE of Cambria, California",earthquake,0.19,0.31,0.08,25,reviewed,nc,nc
2003-12-23T13:09:05.330Z,35.6135,-120.9768333,2.863,1.83,md,12,144,0.09459,0.06,nc,nc21326569,2017-01-04T21:16:50.915Z,"10 km ENE of Cambria, California",earthquake,0.35,1.16,0.1,5,reviewed,nc,nc
2003-12-23T13:07:35.890Z,35.6835,-121.0036667,7.944,1.16,md,18,160,0.1198,0.03,nc,nc30226765,2017-01-04T21:16:42.001Z,"9 km SSW of Oak Shores, California",earthquake,0.62,0.5,0.12,3,reviewed,nc,nc
2003-12-23T13:07:13.210Z,35.7256667,-121.0626667,-0.51,1.3,md,13,114,0.08559,0.2,nc,nc30226764,2017-01-04T21:16:37.364Z,"8 km WSW of Oak Shores, California",earthquake,0.58,3.81,,1,reviewed,nc,nc
2003-12-23T13:06:35.600Z,35.6738333,-121.0041667,6.493,2.02,md,19,91,0.1171,0.03,nc,nc21326568,2017-01-04T21:16:33.563Z,"10 km SSW of Oak Shores, California",earthquake,0.47,0.7,0.15,14,reviewed,nc,nc
2003-12-23T13:01:58.940Z,35.6725,-121.1183333,7.104,2.26,md,5,208,0.07477,0.01,nc,nc68006365,2017-01-04T21:16:19.995Z,"7 km ENE of San Simeon, California",earthquake,3.56,0.92,0.04,3,reviewed,nc,nc
2003-12-23T12:58:36.750Z,35.5296667,-120.8285,-0.172,1.82,md,7,209,0.06396,0.05,nc,nc68006364,2017-01-04T21:16:15.969Z,"11 km NNE of Cayucos, California",earthquake,0.91,3.44,0.03,4,reviewed,nc,nc
2003-12-23T12:57:33.300Z,35.504,-120.8445,5.828,1.77,md,5,212,0.05856,0.02,nc,nc68006363,2017-01-04T21:16:11.457Z,"8 km NNE of Cayucos, California",earthquake,1.25,0.92,0.09,2,reviewed,nc,nc
2003-12-23T12:56:50.960Z,35.5593333,-121.2221667,1.134,2.14,md,3,230,0.1126,0.03,nc,nc68006362,2017-01-04T21:16:06.441Z,"9 km SSW of San Simeon, California",earthquake,0.96,0.99,0.15,4,reviewed,nc,nc
2003-12-23T12:56:22.790Z,35.7081667,-121.0535,7.303,2.63,md,30,55,0.08559,0.12,nc,nc30226683,2017-01-04T21:16:00.650Z,"9 km SW of Oak Shores, California",earthquake,0.19,0.66,0.29,33,reviewed,nc,nc
2003-12-23T12:55:56.920Z,35.6878333,-121.1048333,6.933,3.08,ml,39,88,0.04054,0.08,nc,nc21323937,2017-01-04T21:15:52.340Z,"9 km ENE of San Simeon, California",earthquake,0.14,0.39,,5,reviewed,nc,nc
2003-12-23T12:46:59.930Z,35.6385,-121.0448333,9.264,1.64,md,6,201,0.05495,0.01,nc,nc68006359,2017-01-04T21:15:44.743Z,"8 km NNE of Cambria, California",earthquake,1.38,0.78,,1,reviewed,nc,nc
2003-12-23T12:43:46.150Z,35.6081667,-120.8913333,4.26,0.85,md,8,304,0.03874,0.01,nc,nc21326560,2017-01-04T21:15:40.016Z,"13 km S of Lake Nacimiento, California",earthquake,3.05,0.64,0.44,2,reviewed,nc,nc
2003-12-23T12:42:43.450Z,35.5818333,-120.9616667,3.936,1.85,md,23,110,0.06577,0.09,nc,nc21323926,2017-01-04T21:15:35.133Z,"10 km E of Cambria, California",earthquake,0.18,0.57,0.11,9,reviewed,nc,nc
2003-12-23T12:28:50.180Z,35.5525,-120.7908333,-0.441,1.89,md,20,74,0.0964,0.14,nc,nc21323925,2017-01-04T21:15:08.139Z,"7 km W of Templeton, California",earthquake,0.44,6.66,0.27,13,reviewed,nc,nc
2003-12-23T12:15:46.450Z,35.6538333,-121.0858333,0.011,2.68,md,35,141,0.06216,0.26,nc,nc30500552,2017-01-04T21:14:45.832Z,"9 km E of San Simeon, California",earthquake,0.53,3.71,0.06,33,reviewed,nc,nc
2003-12-23T12:09:13.680Z,35.5261667,-120.9063333,2.796,2.88,md,10,130,0.007207,0.17,nc,nc68006349,2017-01-04T21:14:34.906Z,"9 km N of Cayucos, California",earthquake,0.72,0.52,0.09,8,reviewed,nc,nc
2003-12-23T12:07:31.360Z,35.5875,-120.8546667,2.071,3.28,ml,47,70,0.05405,0.08,nc,nc30500551,2017-01-04T21:14:29.010Z,"14 km WNW of Templeton, California",earthquake,0.17,0.67,,2,reviewed,nc,nc
2003-12-23T12:02:30.180Z,35.5888333,-120.8473333,6.914,2.34,md,25,122,0.05495,0.06,nc,nc30500304,2017-01-04T21:14:09.623Z,"13 km WNW of Templeton, California",earthquake,0.36,0.9,0.11,25,reviewed,nc,nc
2003-12-23T11:59:55.610Z,35.6753333,-121.1061667,4.493,2.26,md,27,108,0.03964,0.05,nc,nc21323921,2017-01-04T21:14:05.424Z,"8 km ENE of San Simeon, California",earthquake,0.2,0.59,0.09,25,reviewed,nc,nc
2003-12-23T11:54:51.940Z,35.658,-121.0916667,3.712,2.45,md,23,108,0.05766,0.07,nc,nc30500308,2017-01-04T21:14:00.408Z,"9 km E of San Simeon, California",earthquake,0.16,0.51,0.1,22,reviewed,nc,nc
2003-12-23T11:53:37.550Z,35.6608333,-121.0906667,3.281,3.4,ml,45,106,0.06036,0.05,nc,nc30500307,2017-01-04T21:13:53.470Z,"9 km ENE of San Simeon, California",earthquake,0.14,0.53,,1,reviewed,nc,nc
2003-12-23T11:50:11.510Z,35.6586667,-121.0916667,3.623,2.51,md,27,107,0.05586,0.06,nc,nc21323924,2017-01-04T21:13:39.128Z,"9 km E of San Simeon, California",earthquake,0.26,0.58,0.05,29,reviewed,nc,nc
2003-12-23T11:47:26.500Z,35.6765,-121.1006667,3.911,1.69,md,12,110,0.04324,0.03,nc,nc30226829,2017-01-04T21:13:33.156Z,"8 km ENE of San Simeon, California",earthquake,0.43,0.79,,1,reviewed,nc,nc
2003-12-23T11:46:43.200Z,35.6818333,-121.0161667,10.007,2,md,17,69,0.1027,0.08,nc,nc30226828,2017-01-04T21:13:27.695Z,"10 km SSW of Oak Shores, California",earthquake,0.29,1.03,0.11,5,reviewed,nc,nc
2003-12-23T11:46:11.750Z,35.6961667,-121.0161667,8.637,2.47,md,45,52,0.1126,0.06,nc,nc21323914,2017-01-04T21:13:20.570Z,"8 km SSW of Oak Shores, California",earthquake,0.18,0.67,0.17,56,reviewed,nc,nc
2003-12-23T11:40:36.480Z,35.6905,-121.1068333,6.919,3.87,mw,47,85,0.03874,0.06,nc,nc21324916,2017-01-04T21:13:05.770Z,"9 km NE of San Simeon, California",earthquake,0.16,0.5,,2,reviewed,nc,nc
2003-12-23T11:26:05.160Z,35.594,-120.8368333,3.952,2.92,md,40,41,0.05315,0.04,nc,nc21323896,2017-01-04T21:12:27.840Z,"12 km WNW of Templeton, California",earthquake,0.29,0.83,0.06,37,reviewed,nc,nc
2003-12-23T11:14:01.260Z,35.6408333,-121.0398333,1.605,2.23,md,15,158,0.1766,0.03,nc,nc21325064,2017-01-04T21:12:15.173Z,"9 km NNE of Cambria, California",earthquake,0.34,1.34,0.09,9,reviewed,nc,nc
2003-12-23T11:11:07.300Z,35.526,-120.9048333,-0.337,2.48,md,24,84,0.08649,0.25,nc,nc30500464,2017-01-04T21:12:10.294Z,"9 km N of Cayucos, California",earthquake,0.43,4.23,0.09,24,reviewed,nc,nc
2003-12-23T11:08:31.720Z,35.6373333,-120.9511667,8.833,2.09,md,15,85,0.1099,0.08,nc,nc21325063,2017-01-04T21:12:00.745Z,"11 km SSW of Lake Nacimiento, California",earthquake,0.36,1.16,0.05,4,reviewed,nc,nc
2003-12-23T11:07:06.720Z,35.6275,-120.9355,3.666,1.68,md,12,224,0.05766,0.03,nc,nc21325062,2017-01-04T21:11:56.158Z,"12 km SSW of Lake Nacimiento, California",earthquake,1.13,0.51,0.03,3,reviewed,nc,nc
2003-12-23T11:04:56.530Z,35.6693333,-121.094,5.643,1.69,md,23,106,0.05045,0.04,nc,nc21325061,2017-01-04T21:11:51.646Z,"9 km ENE of San Simeon, California",earthquake,0.24,0.39,0.14,9,reviewed,nc,nc
2003-12-23T10:58:35.380Z,35.604,-121.0328333,8.416,1.6,md,8,259,0.2036,0.08,nc,nc21325059,2017-01-04T21:11:47.416Z,"6 km NE of Cambria, California",earthquake,2.13,3.41,0.28,2,reviewed,nc,nc
2003-12-23T10:54:47.080Z,35.6663333,-121.0708333,6.694,1.88,md,5,162,0.06577,0.09,nc,nc68006323,2017-01-04T21:11:43.348Z,"11 km ENE of San Simeon, California",earthquake,0.79,1.02,0.01,2,reviewed,nc,nc
2003-12-23T10:47:31.320Z,35.5723333,-120.9325,4.011,3.44,ml,43,98,0.04414,0.08,nc,nc21325054,2017-01-04T21:11:37.900Z,"13 km E of Cambria, California",earthquake,0.2,0.49,,7,reviewed,nc,nc
2003-12-23T10:44:46.480Z,35.6575,-121.0628333,5.514,1.35,md,8,192,0.07838,0.08,nc,nc21325053,2017-01-04T21:11:29.560Z,"10 km N of Cambria, California",earthquake,0.71,1.07,0.16,4,reviewed,nc,nc
2003-12-23T10:42:32.690Z,35.6271667,-121.0061667,7.009,2.75,md,34,78,0.07658,0.14,nc,nc30500461,2017-01-04T21:11:25.400Z,"9 km NE of Cambria, California",earthquake,0.23,0.72,0.09,40,reviewed,nc,nc
2003-12-23T10:35:32.830Z,35.7206667,-121.0745,3.224,2.31,md,5,221,0.08559,0.01,nc,nc68006320,2017-01-04T21:11:09.311Z,"10 km WSW of Oak Shores, California",earthquake,0.76,1.5,0.17,5,reviewed,nc,nc
2003-12-23T10:34:15.910Z,35.6725,-120.8695,7.076,2,md,5,264,0.0991,0.01,nc,nc68006319,2017-01-04T21:11:04.562Z,"6 km S of Lake Nacimiento, California",earthquake,2.16,1.8,0.02,5,reviewed,nc,nc
2003-12-23T10:33:28.310Z,35.5881667,-120.962,5.286,1.97,md,7,223,0.07027,0.04,nc,nc68006318,2017-01-04T21:10:59.540Z,"11 km ENE of Cambria, California",earthquake,0.68,0.95,0.18,6,reviewed,nc,nc
2003-12-23T10:32:34.340Z,35.6981667,-121.1023333,6.344,2.02,md,7,192,0.0955,0.06,nc,nc68006317,2017-01-04T21:10:55.066Z,"10 km NE of San Simeon, California",earthquake,0.73,0.99,0.03,3,reviewed,nc,nc
2003-12-23T10:32:05.990Z,35.643,-121.0225,6.784,2.26,md,8,121,0.03694,0.05,nc,nc68006316,2017-01-04T21:10:50.670Z,"10 km NNE of Cambria, California",earthquake,0.87,1.05,0.12,5,reviewed,nc,nc
2003-12-23T10:30:57.470Z,35.4173333,-120.7828333,2.41,2.33,md,5,175,0.05045,0,nc,nc68006315,2017-01-04T21:10:46.466Z,"8 km NE of Morro Bay, California",earthquake,3.92,6.89,0.12,5,reviewed,nc,nc
2003-12-23T10:30:09.290Z,35.5711667,-120.8741667,2.316,2.41,md,8,182,0.04595,0.06,nc,nc68006314,2017-01-04T21:10:42.798Z,"14 km N of Cayucos, California",earthquake,0.58,1.32,0.18,6,reviewed,nc,nc
2003-12-23T10:24:41.520Z,35.7226667,-120.9468333,6.319,1.4,md,10,182,0.06577,0.04,nc,nc30226864,2017-01-04T21:10:38.209Z,"5 km SSE of Oak Shores, California",earthquake,0.79,0.34,0.45,2,reviewed,nc,nc
2003-12-23T10:23:12.670Z,35.7108333,-121.0841667,9.138,1.99,md,20,59,0.06396,0.06,nc,nc21325096,2017-01-04T21:10:33.059Z,"11 km SW of Oak Shores, California",earthquake,0.25,0.65,0.11,12,reviewed,nc,nc
2003-12-23T10:21:26.210Z,35.6266667,-120.9288333,4.065,2.01,md,41,93,0.05315,0.07,nc,nc21325095,2017-01-04T21:10:27.440Z,"12 km SSW of Lake Nacimiento, California",earthquake,0.14,0.38,0.2,24,reviewed,nc,nc
2003-12-23T10:20:21.300Z,35.6966667,-121.0325,8.811,1.56,md,12,119,0.1315,0.02,nc,nc21325094,2017-01-04T21:10:16.617Z,"9 km SSW of Oak Shores, California",earthquake,0.36,0.85,0.14,3,reviewed,nc,nc
2003-12-23T10:16:49.710Z,35.6701667,-121.0953333,7.254,2.48,md,11,164,0.06937,0.08,nc,nc68006310,2017-01-04T21:10:11.956Z,"9 km ENE of San Simeon, California",earthquake,0.58,0.68,0.08,8,reviewed,nc,nc
2003-12-23T10:15:06.360Z,35.5926667,-120.8638333,11.425,3,ml,43,89,0.06847,0.08,nc,nc30500470,2017-01-04T21:10:05.480Z,"15 km WNW of Templeton, California",earthquake,0.19,1.55,,1,reviewed,nc,nc
2003-12-23T10:14:25.680Z,35.5481667,-120.8171667,3.339,2.18,md,30,56,0.1568,0.08,nc,nc21325093,2017-01-04T21:09:56.346Z,"10 km W of Templeton, California",earthquake,0.27,1.72,0.07,20,reviewed,nc,nc
2003-12-23T10:13:31.930Z,35.7098333,-121.0356667,5.761,1.57,md,8,118,0.1261,0.02,nc,nc21325092,2017-01-04T21:09:50.634Z,"8 km SW of Oak Shores, California",earthquake,0.41,1.01,0.18,5,reviewed,nc,nc
2003-12-23T10:12:14.790Z,35.63,-120.9978333,3.403,1.99,md,21,150,0.1378,0.06,nc,nc21325091,2017-01-04T21:09:45.250Z,"10 km NE of Cambria, California",earthquake,0.25,0.8,0.11,10,reviewed,nc,nc
2003-12-23T10:08:04.210Z,35.5925,-120.8933333,3.857,1.98,md,12,118,0.05946,0.06,nc,nc21325090,2017-01-04T21:09:40.341Z,"15 km S of Lake Nacimiento, California",earthquake,0.64,1.16,0.13,4,reviewed,nc,nc
2003-12-23T10:03:53.330Z,35.6696667,-121.0845,5.083,2.41,md,25,96,0.05766,0.07,nc,nc30500468,2017-01-04T21:09:26.950Z,"10 km ENE of San Simeon, California",earthquake,0.25,0.6,0.06,30,reviewed,nc,nc
2003-12-23T09:58:47.860Z,35.5751667,-120.829,1.884,2.52,md,28,70,0.07297,0.03,nc,nc30500466,2017-01-04T21:09:10.902Z,"11 km WNW of Templeton, California",earthquake,0.38,1.85,0.08,37,reviewed,nc,nc
2003-12-23T09:45:54.330Z,35.7195,-121.0555,3.131,1.39,md,13,78,0.08829,0.05,nc,nc21325086,2017-01-04T21:08:52.726Z,"8 km SW of Oak Shores, California",earthquake,0.31,0.83,0.02,4,reviewed,nc,nc
2003-12-23T09:41:49.190Z,35.5296667,-120.9126667,2.826,4.07,md,10,80,0.006306,0.19,nc,nc68006297,2017-01-04T21:08:48.711Z,"9 km N of Cayucos, California",earthquake,0.91,0.62,0.02,3,reviewed,nc,nc
2003-12-23T09:38:32.560Z,35.5348333,-120.8353333,6.49,1.51,md,12,204,0.109,0.03,nc,nc21325122,2017-01-04T21:08:33.835Z,"11 km NNE of Cayucos, California",earthquake,0.76,1.54,0.13,2,reviewed,nc,nc
2003-12-23T09:32:46.280Z,35.6518333,-121.0393333,11.944,1.78,md,5,210,0.04324,0,nc,nc68006293,2017-01-04T21:08:23.214Z,"10 km NNE of Cambria, California",earthquake,4.02,1.53,0.03,4,reviewed,nc,nc
2003-12-23T09:32:15.120Z,35.6698333,-121.0876667,6.927,2.24,md,5,165,0.06937,0.01,nc,nc68006292,2017-01-04T21:08:18.874Z,"9 km ENE of San Simeon, California",earthquake,0.66,1.08,0.03,3,reviewed,nc,nc
2003-12-23T09:31:18.630Z,35.5998333,-120.9131667,3.346,2.17,md,8,179,0.06577,0.07,nc,nc68006291,2017-01-04T21:08:10.953Z,"14 km SSW of Lake Nacimiento, California",earthquake,0.6,0.8,0.32,6,reviewed,nc,nc
2003-12-23T09:26:21.590Z,35.5725,-120.8238333,-0.461,1.88,md,9,93,0.07658,0.03,nc,nc30500476,2017-01-04T21:07:58.775Z,"10 km WNW of Templeton, California",earthquake,0.83,5.65,0.12,9,reviewed,nc,nc
2003-12-23T09:23:20.240Z,35.6595,-121.0306667,9.302,1.9,md,8,70,0.07838,0.06,nc,nc21325115,2017-01-04T21:07:46.549Z,"11 km NNE of Cambria, California",earthquake,0.39,1.28,0.09,4,reviewed,nc,nc
2003-12-23T09:13:48.740Z,35.6001667,-120.9315,2.167,2.35,md,20,120,0.1324,0.08,nc,nc21325111,2017-01-04T21:07:24.437Z,"14 km ENE of Cambria, California",earthquake,0.34,1.56,0.09,18,reviewed,nc,nc
2003-12-23T09:05:09.090Z,35.566,-120.8928333,5.566,2.29,md,6,213,0.03423,0.04,nc,nc68006281,2017-01-04T21:06:54.613Z,"13 km N of Cayucos, California",earthquake,1.31,0.53,0.09,4,reviewed,nc,nc
2003-12-23T09:00:46.660Z,35.7073333,-121.1045,5.477,2.75,md,36,113,0.136,0.05,nc,nc21325106,2017-01-04T21:06:48.550Z,"10 km NE of San Simeon, California",earthquake,0.24,0.83,0.07,49,reviewed,nc,nc
2003-12-23T08:58:34.690Z,35.6031667,-120.9376667,4.141,2.21,md,17,75,0.06937,0.1,nc,nc30500471,2017-01-04T21:06:39.199Z,"13 km ENE of Cambria, California",earthquake,0.33,0.63,0.07,11,reviewed,nc,nc
2003-12-23T08:55:34.340Z,35.702,-121.0541667,4.895,3.02,md,43,95,0.08378,0.08,nc,nc21325103,2017-01-04T21:06:33.060Z,"10 km SW of Oak Shores, California",earthquake,0.18,0.54,0.07,78,reviewed,nc,nc
2003-12-23T08:51:40.490Z,35.6001667,-120.7788333,0.017,0.87,md,8,241,0.08288,0.08,nc,nc21325102,2017-01-04T21:06:23.825Z,"8 km WSW of Paso Robles, California",earthquake,1.97,4.72,,1,reviewed,nc,nc
2003-12-23T08:46:00.960Z,35.6185,-120.9355,4.912,1.92,md,15,70,0.06036,0.09,nc,nc21325101,2017-01-04T21:06:19.024Z,"13 km SSW of Lake Nacimiento, California",earthquake,0.6,2.89,0.11,9,reviewed,nc,nc
2003-12-23T08:41:56.530Z,35.653,-121.1798333,-0.332,1.66,md,11,313,0.1658,0.09,nc,nc21325186,2017-01-04T21:06:09.200Z,"1 km NE of San Simeon, California",earthquake,4.58,8.72,,1,reviewed,nc,nc
2003-12-23T08:36:24.370Z,35.5651667,-120.8233333,2.634,2.08,md,17,90,0.07477,0.11,nc,nc21325184,2017-01-04T21:05:57.924Z,"10 km W of Templeton, California",earthquake,0.44,1.14,0.12,11,reviewed,nc,nc
2003-12-23T08:33:02.880Z,35.6758333,-121.047,5.906,1.81,md,21,128,0.08739,0.02,nc,nc21325183,2017-01-04T21:05:50.207Z,"12 km SSW of Oak Shores, California",earthquake,0.3,0.69,0.23,7,reviewed,nc,nc
2003-12-23T08:20:56.060Z,35.5335,-120.8891667,-0.404,2.8,ml,8,204,0.2719,0.12,ci,ci9967461,2016-04-02T10:12:50.257Z,"10km N of Cayucos, CA",earthquake,2.51,5.48,0.266,17,reviewed,ci,ci
2003-12-23T08:19:21.220Z,35.5706667,-120.811,3.184,2.51,md,27,100,0.08378,0.05,nc,nc30500483,2017-01-04T21:05:29.253Z,"9 km WNW of Templeton, California",earthquake,0.26,0.85,0.08,29,reviewed,nc,nc
2003-12-23T08:16:16.910Z,35.671,-121.0425,6.104,1.99,md,9,170,0.04234,0.11,nc,nc68006267,2017-01-04T21:05:20.854Z,"12 km SSW of Oak Shores, California",earthquake,1,0.72,0.08,6,reviewed,nc,nc
2003-12-23T08:15:27.670Z,35.5703333,-120.874,3.646,1.94,md,8,182,0.04505,0.08,nc,nc68006266,2017-01-04T21:05:17.469Z,"14 km N of Cayucos, California",earthquake,0.7,0.66,0.16,4,reviewed,nc,nc
2003-12-23T08:14:10.540Z,35.5443333,-120.8468333,5.192,3.32,ml,43,52,0.05045,0.06,nc,nc21325138,2017-01-04T21:05:11.840Z,"11 km NNE of Cayucos, California",earthquake,0.22,0.75,,2,reviewed,nc,nc
2003-12-23T08:09:34.290Z,35.5443333,-120.818,2.158,2.22,md,7,206,0.07297,0.07,nc,nc68006264,2017-01-04T21:05:02.846Z,"10 km W of Templeton, California",earthquake,1.33,3.2,0.04,4,reviewed,nc,nc
2003-12-23T08:08:37.220Z,35.6395,-120.9026667,4.207,0.3,md,8,293,0.02973,0.01,nc,nc21325135,2017-01-04T21:04:58.716Z,"10 km SSW of Lake Nacimiento, California",earthquake,1.4,0.3,,1,reviewed,nc,nc
2003-12-23T08:07:03.470Z,35.5153333,-120.859,9.477,1.61,md,10,274,0.1261,0.03,nc,nc21325134,2017-01-04T21:04:55.092Z,"8 km NNE of Cayucos, California",earthquake,2.85,1.62,0.16,3,reviewed,nc,nc
2003-12-23T08:06:25.840Z,35.5973333,-120.9183333,5.856,2.3,md,7,199,0.06396,0.11,nc,nc68006262,2017-01-04T21:04:51.402Z,"14 km SSW of Lake Nacimiento, California",earthquake,1.28,1.06,0.08,7,reviewed,nc,nc
2003-12-23T08:03:34.300Z,35.607,-120.8843333,7.023,3.49,ml,53,49,0.03694,0.08,nc,nc30500482,2017-01-04T21:04:44.530Z,"Central California",earthquake,0.15,0.4,,0,reviewed,nc,nc
2003-12-23T08:03:01.010Z,35.5746667,-120.8408333,0.11,1.96,md,23,59,0.06757,0.05,nc,nc30500481,2017-01-04T21:04:36.137Z,"12 km WNW of Templeton, California",earthquake,0.28,2.18,0.12,19,reviewed,nc,nc
2003-12-23T07:57:09.640Z,35.6111667,-120.8908333,6.786,2.4,md,34,101,0.164,0.06,nc,nc21325127,2017-01-04T21:04:18.371Z,"13 km S of Lake Nacimiento, California",earthquake,0.26,1.42,0.06,32,reviewed,nc,nc
2003-12-23T07:53:29.680Z,35.6693333,-121.0566667,4.079,2.37,md,17,106,0.07568,0.07,nc,nc30500478,2017-01-04T21:04:09.809Z,"11 km N of Cambria, California",earthquake,0.31,0.8,0.12,19,reviewed,nc,nc
2003-12-23T07:38:13.630Z,35.5488333,-120.8208333,3.384,1.98,md,9,102,0.07207,0.09,nc,nc21325727,2017-01-04T21:03:50.211Z,"Central California",earthquake,0.39,1.07,0.11,6,reviewed,nc,nc
2003-12-23T07:35:02.720Z,35.5265,-120.8203333,3.354,3.03,md,24,85,0.07117,0.08,nc,nc30500527,2017-01-04T21:03:40.470Z,"10 km WSW of Templeton, California",earthquake,0.23,0.77,0.09,37,reviewed,nc,nc
2003-12-23T07:27:16.820Z,35.5798333,-120.954,6.741,2.06,md,8,159,0.09369,0.04,nc,nc68006246,2017-01-04T21:03:21.611Z,"11 km E of Cambria, California",earthquake,0.7,1.07,0.01,2,reviewed,nc,nc
2003-12-23T07:26:39.950Z,35.5353333,-120.8458333,4.507,2.03,md,6,215,0.04955,0.06,nc,nc68006245,2017-01-04T21:03:16.089Z,"Central California",earthquake,0.79,1.11,0.02,3,reviewed,nc,nc
2003-12-23T07:25:48.570Z,35.619,-120.8948333,7.111,3.23,ml,31,83,0.03243,0.09,nc,nc21325714,2017-01-04T21:03:09.250Z,"12 km S of Lake Nacimiento, California",earthquake,0.21,0.79,,2,reviewed,nc,nc
2003-12-23T07:14:10.470Z,35.6346667,-120.9945,2.436,2.29,md,12,147,0.1045,0.05,nc,nc21325703,2017-01-04T21:02:46.639Z,"11 km NE of Cambria, California",earthquake,0.31,0.89,0.16,11,reviewed,nc,nc
2003-12-23T07:12:16.370Z,35.7283333,-121.0068333,3.939,2.28,md,16,119,0.0964,0.04,nc,nc30500525,2017-01-04T21:02:43.102Z,"5 km SSW of Oak Shores, California",earthquake,0.25,0.71,0.05,17,reviewed,nc,nc
2003-12-23T07:11:32.130Z,35.6805,-121.1051667,2.271,2.52,md,22,109,0.08018,0.04,nc,nc21325700,2017-01-04T21:02:39.257Z,"8 km ENE of San Simeon, California",earthquake,0.23,0.9,0.06,30,reviewed,nc,nc
2003-12-23T07:00:35.060Z,35.607,-120.8868333,7.563,1.95,md,25,60,0.03784,0.26,nc,nc21324816,2017-01-04T21:02:20.296Z,"13 km S of Lake Nacimiento, California",earthquake,0.65,1.09,0.11,18,reviewed,nc,nc
2003-12-23T06:57:42.100Z,35.6701667,-121.0088333,6,1.04,md,12,203,0.1189,0.03,nc,nc21324815,2017-01-04T21:02:15.806Z,"11 km SSW of Oak Shores, California",earthquake,1.09,1.12,0.2,2,reviewed,nc,nc
2003-12-23T06:55:30.460Z,35.6811667,-121.0595,9.774,2.11,md,6,219,0.05766,0.01,nc,nc68006233,2017-01-04T21:02:11.039Z,"12 km SW of Oak Shores, California",earthquake,1.02,0.98,0.08,4,reviewed,nc,nc
2003-12-23T06:40:23.360Z,35.5651667,-121.0823333,4.682,1.53,md,8,268,0.1306,0.31,nc,nc21324810,2017-01-04T21:01:42.154Z,"0 km NW of Cambria, California",earthquake,6.12,13.43,0.14,3,reviewed,nc,nc
2003-12-23T06:37:34.110Z,35.6113333,-120.8971667,7.454,2.75,md,34,62,0.1613,0.09,nc,nc21324809,2017-01-04T21:01:36.460Z,"13 km S of Lake Nacimiento, California",earthquake,0.26,1.49,0.07,48,reviewed,nc,nc
2003-12-23T06:26:08.280Z,35.5725,-120.9238333,3.988,1.88,md,14,79,0.08288,0.15,nc,nc21324777,2017-01-04T21:01:13.667Z,"14 km E of Cambria, California",earthquake,0.37,1.05,0.06,9,reviewed,nc,nc
2003-12-23T06:22:25.060Z,35.621,-120.9885,6.356,2.23,md,7,81,0.08829,0.08,nc,nc21324820,2017-01-04T21:00:59.921Z,"10 km NE of Cambria, California",earthquake,0.51,1.46,0.51,7,reviewed,nc,nc
2003-12-23T06:15:56.870Z,35.6126667,-120.9466667,3.564,0.74,md,5,227,0.07117,0,nc,nc30226760,2017-01-04T21:00:45.162Z,"13 km ENE of Cambria, California",earthquake,1.2,1.34,0.2,2,reviewed,nc,nc
2003-12-23T06:15:37.320Z,35.5403333,-120.853,7.347,1.48,md,17,209,0.1009,0.05,nc,nc21324830,2017-01-04T21:00:39.528Z,"Central California",earthquake,0.96,0.64,,1,reviewed,nc,nc
2003-12-23T06:09:49.690Z,35.6501667,-121.0158333,5.303,1.82,md,6,102,0.1171,0.03,nc,nc21326558,2017-01-04T21:00:18.196Z,"11 km NNE of Cambria, California",earthquake,0.44,1.82,0.08,6,reviewed,nc,nc
2003-12-23T06:06:27.650Z,35.732,-120.9803333,4.943,1.92,md,21,57,0.07658,0.03,nc,nc21326557,2017-01-04T21:00:13.238Z,"4 km S of Oak Shores, California",earthquake,0.24,0.33,0.11,19,reviewed,nc,nc
2003-12-23T05:59:45.310Z,35.6358333,-120.9738333,9.413,2.17,md,10,101,0.03604,0.03,nc,nc21326553,2017-01-04T21:00:01.055Z,"Central California",earthquake,0.39,1.39,0.18,7,reviewed,nc,nc
2003-12-23T05:59:23.840Z,35.5695,-120.9518333,5.516,1.9,md,8,147,0.05135,0.04,nc,nc68006210,2017-01-04T20:59:55.040Z,"11 km E of Cambria, California",earthquake,0.6,0.71,0.09,3,reviewed,nc,nc
2003-12-23T05:53:58.180Z,35.57,-120.9383333,2.906,2.73,md,23,155,0.04414,0.03,nc,nc30500549,2017-01-04T20:59:43.958Z,"12 km E of Cambria, California",earthquake,0.32,0.42,0.08,32,reviewed,nc,nc
2003-12-23T05:52:57.660Z,35.6848333,-121.0828333,7.304,2.26,md,9,182,0.07658,0.05,nc,nc68006207,2017-01-04T20:59:38.736Z,"10 km ENE of San Simeon, California",earthquake,1.16,1.12,0.05,5,reviewed,nc,nc
2003-12-23T05:52:10.490Z,35.6573333,-121.0773333,9.724,1.98,md,6,201,0.05856,0.05,nc,nc68006206,2017-01-04T20:59:34.106Z,"10 km N of Cambria, California",earthquake,3.05,1.27,0.1,4,reviewed,nc,nc
2003-12-23T05:51:29.910Z,35.6521667,-121.0091667,9.491,2.16,md,10,63,0.08649,0.07,nc,nc21326552,2017-01-04T20:59:28.947Z,"11 km NNE of Cambria, California",earthquake,0.44,1.18,0.19,8,reviewed,nc,nc
2003-12-23T05:49:36.150Z,35.6455,-121.0301667,3.9,2.31,md,21,64,0.03964,0.14,nc,nc30500547,2017-01-04T20:59:24.503Z,"10 km NNE of Cambria, California",earthquake,0.28,0.52,0.07,21,reviewed,nc,nc
2003-12-23T05:48:16.070Z,35.669,-121.0795,14.464,2.41,md,7,208,0.06937,0.04,nc,nc68006203,2017-01-04T20:59:19.568Z,"10 km ENE of San Simeon, California",earthquake,1.59,1.09,0.01,5,reviewed,nc,nc
2003-12-23T05:47:41.660Z,35.7011667,-121.0565,5.313,3.28,ml,48,60,0.08108,0.08,nc,nc30500546,2017-01-04T20:59:14.770Z,"Near the coast of Central California",earthquake,0.14,0.47,,2,reviewed,nc,nc
2003-12-23T05:46:32.430Z,35.667,-121.0293333,7.039,2.15,md,18,98,0.08468,0.09,nc,nc21326538,2017-01-04T20:59:02.342Z,"12 km SSW of Oak Shores, California",earthquake,0.4,1.26,0.12,17,reviewed,nc,nc
2003-12-23T05:35:07.770Z,35.5313333,-120.881,0.82,2.08,md,14,86,0.02072,0.07,nc,nc21324864,2017-01-04T20:58:40.774Z,"9 km N of Cayucos, California",earthquake,0.26,0.38,0.17,8,reviewed,nc,nc
2003-12-23T05:34:04.140Z,35.6635,-121.1108333,5.463,2.07,md,24,123,0.03964,0.05,nc,nc30226903,2017-01-04T20:58:34.815Z,"7 km ENE of San Simeon, California",earthquake,0.24,0.47,0.07,6,reviewed,nc,nc
2003-12-23T05:30:19.340Z,35.66,-121.1078333,6.757,4.1,mw,50,127,0.04324,0.07,nc,nc30226902,2022-06-18T07:45:23.179Z,"7 km ENE of San Simeon, California",earthquake,0.18,0.75,,5,reviewed,nc,nc
2003-12-23T05:29:53.790Z,35.649,-120.9765,3.393,1.19,md,21,75,0.09009,0.04,nc,nc30226932,2017-01-04T20:58:12.510Z,"12 km SW of Lake Nacimiento, California",earthquake,0.27,0.5,,1,reviewed,nc,nc
2003-12-23T05:28:55.610Z,35.5376667,-120.8526667,7.498,1.82,md,24,164,0.1036,0.03,nc,nc30226900,2017-01-04T20:58:04.755Z,"11 km NNE of Cayucos, California",earthquake,0.27,0.94,0.12,14,reviewed,nc,nc
2003-12-23T05:27:39.380Z,35.5776667,-120.9065,6.102,1.92,md,23,116,0.04414,0.04,nc,nc30226899,2017-01-04T20:57:59.058Z,"15 km N of Cayucos, California",earthquake,0.31,0.4,0.15,19,reviewed,nc,nc
2003-12-23T05:19:57.200Z,35.5988333,-120.8515,-0.128,2.56,md,32,104,0.07928,0.15,nc,nc21324851,2017-01-04T20:57:23.033Z,"14 km WNW of Templeton, California",earthquake,0.39,4.81,0.08,32,reviewed,nc,nc
2003-12-23T05:17:55.360Z,35.7073333,-121.0451667,7.711,1.63,md,12,75,0.09189,0.05,nc,nc30226769,2017-01-04T20:57:17.768Z,"Near the coast of Central California",earthquake,0.35,0.77,0.17,5,reviewed,nc,nc
2003-12-23T05:17:21.010Z,35.5223333,-120.8778333,3.572,2.04,md,15,114,0.02613,0.04,nc,nc30226768,2017-01-04T20:57:12.283Z,"8 km N of Cayucos, California",earthquake,0.77,0.75,0.13,3,reviewed,nc,nc
2003-12-23T05:16:46.740Z,35.6576667,-121.053,4.851,1.67,md,6,104,0.08559,0.02,nc,nc21324850,2017-01-04T20:57:07.362Z,"10 km NNE of Cambria, California",earthquake,0.47,1.52,0.08,2,reviewed,nc,nc
2003-12-23T05:14:19.730Z,35.626,-120.8525,0.134,2.15,md,22,97,0.01892,0.25,nc,nc21324849,2017-01-04T20:57:02.231Z,"11 km SSE of Lake Nacimiento, California",earthquake,0.63,8.44,0.08,24,reviewed,nc,nc
2003-12-23T05:10:47.380Z,35.6196667,-121.0251667,9.264,2.12,md,6,196,0.05946,0.01,nc,nc68006183,2017-01-04T20:56:57.707Z,"7 km NE of Cambria, California",earthquake,1.56,1.37,0.08,3,reviewed,nc,nc
2003-12-23T05:08:00.340Z,35.5673333,-120.998,-0.186,0.76,md,8,256,0.1306,0.03,nc,nc21324847,2017-01-04T20:56:52.954Z,"7 km E of Cambria, California",earthquake,1.24,3.05,,1,reviewed,nc,nc
2003-12-23T05:06:13.250Z,35.5635,-120.8565,0.138,2.15,md,5,219,0.05045,0.07,nc,nc68006182,2017-01-04T20:56:48.422Z,"13 km W of Templeton, California",earthquake,1.26,2.49,0.16,4,reviewed,nc,nc
2003-12-23T05:04:56.950Z,35.5735,-120.8166667,0.146,2.32,md,6,263,0.08378,0.08,nc,nc68006181,2017-01-04T20:56:43.292Z,"10 km WNW of Templeton, California",earthquake,5.7,6.72,0.01,3,reviewed,nc,nc
2003-12-23T05:03:30.430Z,35.708,-121.0393333,10.824,1.81,md,5,226,0.05586,0.02,nc,nc68006180,2017-01-04T20:56:36.831Z,"8 km SW of Oak Shores, California",earthquake,4.45,4.64,0.05,3,reviewed,nc,nc
2003-12-23T05:01:50.540Z,35.5873333,-120.9423333,5.954,2.29,md,6,234,0.06126,0.02,nc,nc68006179,2017-01-04T20:56:31.640Z,"12 km ENE of Cambria, California",earthquake,0.8,0.76,0.08,6,reviewed,nc,nc
2003-12-23T05:00:56.020Z,35.5243333,-120.8248333,4.017,3.48,ml,34,54,0.06757,0.08,nc,nc30500407,2017-01-04T20:56:25.820Z,"10 km NE of Cayucos, California",earthquake,0.17,0.61,,0,reviewed,nc,nc
2003-12-23T04:59:13.160Z,35.733,-121.1006667,3.947,2.37,md,24,102,0.1414,0.05,nc,nc21324841,2017-01-04T20:56:09.832Z,"11 km WSW of Oak Shores, California",earthquake,0.22,0.56,0.09,18,reviewed,nc,nc
2003-12-23T04:54:21.360Z,35.6245,-120.861,-0.418,2,md,19,81,0.0982,0.42,nc,nc21324835,2017-01-04T20:55:48.800Z,"11 km S of Lake Nacimiento, California",earthquake,0.88,17.6,0.18,9,reviewed,nc,nc
2003-12-23T04:51:25.320Z,35.6101667,-121.0185,7.622,1.57,md,5,137,0.06216,0.01,nc,nc21324834,2017-01-04T20:55:44.008Z,"7 km NE of Cambria, California",earthquake,0.88,2.2,0.21,5,reviewed,nc,nc
2003-12-23T04:36:50.840Z,35.7023333,-121.0458333,9.53,2.36,md,22,68,0.09009,0.08,nc,nc30500394,2017-01-04T20:55:25.229Z,"9 km SW of Oak Shores, California",earthquake,0.23,0.97,0.11,19,reviewed,nc,nc
2003-12-23T04:35:41.480Z,35.5935,-120.8983333,4.323,2.97,md,25,84,0.05405,0.08,nc,nc30500393,2017-01-04T20:55:20.182Z,"15 km S of Lake Nacimiento, California",earthquake,0.24,0.43,0.1,41,reviewed,nc,nc
2003-12-23T04:35:13.850Z,35.6698333,-121.1123333,7.594,2.19,md,7,201,0.07117,0.05,nc,nc68006165,2017-01-04T20:55:14.853Z,"7 km ENE of San Simeon, California",earthquake,1.2,0.79,0.22,5,reviewed,nc,nc
2003-12-23T04:35:00.620Z,35.6338333,-121.127,6.054,2.07,md,4,188,0.04234,0.01,nc,nc68006164,2017-01-04T20:55:09.386Z,"5 km E of San Simeon, California",earthquake,3.26,0.58,0.09,4,reviewed,nc,nc
2003-12-23T04:34:24.980Z,35.6641667,-121.0978333,5.359,3.32,ml,29,111,0.04865,0.08,nc,nc30500392,2017-01-04T20:55:02.940Z,"8 km ENE of San Simeon, California",earthquake,0.2,0.48,,4,reviewed,nc,nc
2003-12-23T04:32:52.310Z,35.5973333,-120.8816667,-0.293,2.95,md,47,97,0.1559,0.19,nc,nc21324771,2017-01-04T20:54:51.370Z,"14 km S of Lake Nacimiento, California",earthquake,0.31,2.41,0.08,47,reviewed,nc,nc
2003-12-23T04:30:37.680Z,35.5753333,-120.8315,0.382,2.42,md,18,50,0.07207,0.14,nc,nc21324769,2017-01-04T20:54:40.423Z,"11 km WNW of Templeton, California",earthquake,0.33,2.29,0.12,14,reviewed,nc,nc
2003-12-23T04:26:59.200Z,35.5276667,-120.826,4.376,2.2,md,8,181,0.1405,0.04,nc,nc68006160,2017-01-04T20:54:35.105Z,"11 km WSW of Templeton, California",earthquake,1.78,3.78,0.01,3,reviewed,nc,nc
2003-12-23T04:26:20.380Z,35.6136667,-120.9488333,5.246,2,md,6,231,0.06486,0.05,nc,nc68006159,2017-01-04T20:54:31.077Z,"13 km ENE of Cambria, California",earthquake,1.24,0.96,0.11,5,reviewed,nc,nc
2003-12-23T04:25:00.910Z,35.673,-120.5623333,3.006,2.38,md,6,298,0.3135,0.14,nc,nc68006158,2017-01-04T20:54:27.554Z,"5 km WNW of Whitley Gardens, California",earthquake,6.62,14.45,0.09,6,reviewed,nc,nc
2003-12-23T04:24:54.900Z,35.6723333,-121.1046667,5.02,1.95,md,17,111,0.04144,0.05,nc,nc21324766,2017-01-04T20:54:23.629Z,"8 km ENE of San Simeon, California",earthquake,0.18,0.38,0.29,9,reviewed,nc,nc
2003-12-23T04:13:41.590Z,35.6965,-121.0438333,9.593,2.98,md,28,57,0.09099,0.08,nc,nc30500381,2017-01-04T20:54:06.470Z,"9 km SW of Oak Shores, California",earthquake,0.17,0.67,0.09,52,reviewed,nc,nc
2003-12-23T04:13:09.350Z,35.6705,-121.0745,14.994,2.34,md,6,210,0.07207,0.03,nc,nc68006153,2017-01-04T20:53:59.672Z,"10 km ENE of San Simeon, California",earthquake,1.05,1.8,0.11,6,reviewed,nc,nc
2003-12-23T04:12:55.280Z,35.577,-120.9516667,3.816,2.75,md,19,106,0.05676,0.1,nc,nc30500380,2017-01-04T20:53:56.177Z,"11 km E of Cambria, California",earthquake,0.22,0.63,0.19,16,reviewed,nc,nc
2003-12-23T04:12:16.850Z,35.527,-120.846,5.048,2.51,md,7,213,0.05045,0.06,nc,nc68006151,2017-01-04T20:53:52.534Z,"10 km NNE of Cayucos, California",earthquake,0.78,1.4,0.12,6,reviewed,nc,nc
2003-12-23T04:11:33.040Z,35.703,-121.0613333,7.487,3.26,ml,33,60,0.07838,0.08,nc,nc30500379,2017-01-04T20:53:48.200Z,"10 km SW of Oak Shores, California",earthquake,0.2,0.73,,4,reviewed,nc,nc
2003-12-23T04:10:49.730Z,35.5418333,-120.8245,-0.386,1.98,md,9,96,0.06757,0.17,nc,nc21324648,2017-01-04T20:53:40.452Z,"10 km W of Templeton, California",earthquake,0.88,4.83,0.13,7,reviewed,nc,nc
2003-12-23T04:05:13.970Z,35.624,-120.9223333,3.726,2.04,md,16,65,0.1423,0.14,nc,nc21324643,2017-01-04T20:53:27.926Z,"12 km SSW of Lake Nacimiento, California",earthquake,0.37,1.58,0.06,10,reviewed,nc,nc
2003-12-23T04:01:19.930Z,35.6451667,-121.1228333,7.074,2.29,md,7,184,0.05045,0.02,nc,nc68006143,2017-01-04T20:53:16.636Z,"6 km E of San Simeon, California",earthquake,2.47,0.63,0.05,4,reviewed,nc,nc
2003-12-23T04:00:22.100Z,35.5538333,-120.8563333,5.112,3.05,ml,32,50,0.04595,0.07,nc,nc21324639,2017-01-04T20:53:11.760Z,"12 km NNE of Cayucos, California",earthquake,0.16,0.48,,3,reviewed,nc,nc
2003-12-23T03:55:47.530Z,35.5605,-120.8668333,3.718,2.96,md,37,126,0.08018,0.38,nc,nc30500375,2017-01-04T20:53:04.522Z,"13 km N of Cayucos, California",earthquake,0.7,2.92,0.08,37,reviewed,nc,nc
2003-12-23T03:50:55.230Z,35.692,-121.015,8.374,2.27,md,11,154,0.1135,0.03,nc,nc21324212,2017-01-04T20:52:43.222Z,"9 km SSW of Oak Shores, California",earthquake,0.49,0.84,0.27,14,reviewed,nc,nc
2003-12-23T03:47:55.500Z,35.6495,-121.021,10.384,2.68,md,8,206,0.07748,0.09,nc,nc68006137,2017-01-04T20:52:37.148Z,"10 km NNE of Cambria, California",earthquake,1.35,1.04,0.04,4,reviewed,nc,nc
2003-12-23T03:46:00.940Z,35.691,-121.1166667,7.063,4.3,mw,35,86,0.03153,0.06,nc,nc21324210,2017-03-17T17:47:11.194Z,"8 km NE of San Simeon, California",earthquake,0.19,0.5,,6,reviewed,nc,nc
2003-12-23T03:43:01.260Z,35.6896667,-121.065,5.894,1.63,md,10,159,0.07297,0.03,nc,nc21324205,2017-01-04T20:52:09.523Z,"11 km SW of Oak Shores, California",earthquake,0.54,0.95,0.14,4,reviewed,nc,nc
2003-12-23T03:36:13.630Z,35.5713333,-120.9306667,2.856,2.44,md,14,102,0.04234,0.09,nc,nc30500338,2017-01-04T20:51:51.018Z,"13 km E of Cambria, California",earthquake,0.29,0.78,0.07,20,reviewed,nc,nc
2003-12-23T03:32:44.100Z,35.6236667,-120.9385,5.401,2.7,ml,10,243,0.3862,0.26,ci,ci9967121,2016-04-02T19:37:38.429Z,"13km SSW of Lake Nacimiento, CA",earthquake,2.49,24.56,0.215,18,reviewed,ci,ci
2003-12-23T03:27:25.190Z,35.6556667,-120.9166667,8.889,2.13,md,10,82,0.04324,0.12,nc,nc21324292,2017-01-04T20:51:38.144Z,"8 km SSW of Lake Nacimiento, California",earthquake,0.42,1,0.07,8,reviewed,nc,nc
2003-12-23T03:26:35.160Z,35.5625,-120.863,3.448,2.22,md,8,204,0.04595,0.19,nc,nc68006129,2017-01-04T20:51:30.447Z,"13 km NNE of Cayucos, California",earthquake,1.91,1.89,0.05,7,reviewed,nc,nc
2003-12-23T03:25:14.930Z,35.6428333,-120.905,3.718,0.69,md,8,297,0.03153,0.03,nc,nc21324291,2017-01-04T20:51:23.895Z,"9 km SSW of Lake Nacimiento, California",earthquake,7.35,2.7,,1,reviewed,nc,nc
2003-12-23T03:22:33.080Z,35.64,-121.0688333,7.527,1.83,md,14,86,0.04414,0.22,nc,nc21324290,2017-01-04T20:51:16.717Z,"8 km N of Cambria, California",earthquake,0.6,1.36,0.25,9,reviewed,nc,nc
2003-12-23T03:16:46.290Z,35.656,-121.0183333,7.577,2.35,md,29,59,0.08288,0.09,nc,nc30500297,2017-01-04T20:51:03.508Z,"11 km NNE of Cambria, California",earthquake,0.23,0.83,0.09,28,reviewed,nc,nc
2003-12-23T03:15:03.370Z,35.6698333,-121.1055,5.072,3.39,ml,41,115,0.04144,0.07,nc,nc30500296,2017-01-04T20:50:53.620Z,"8 km ENE of San Simeon, California",earthquake,0.17,0.54,,2,reviewed,nc,nc
2003-12-23T03:13:15.860Z,35.665,-120.999,6.969,2.17,md,18,77,0.1009,0.11,nc,nc21323831,2017-01-04T20:50:33.115Z,"11 km S of Oak Shores, California",earthquake,0.28,0.87,0.15,17,reviewed,nc,nc
2003-12-23T03:10:26.340Z,35.5711667,-120.9381667,5.341,3.5,md,11,91,0.04505,0.08,nc,nc30500336,2017-01-04T20:50:18.356Z,"12 km E of Cambria, California",earthquake,0.3,0.72,0.17,9,reviewed,nc,nc
2003-12-23T03:03:20.900Z,35.6683333,-121.0941667,7.071,3.46,mw,8,163,0.06757,0.07,nc,nc68006118,2017-03-17T21:06:00.017Z,"9 km ENE of San Simeon, California",earthquake,0.58,0.5,,2,reviewed,nc,nc
2003-12-23T03:01:18.660Z,35.663,-121.0253333,4.739,3.23,ml,44,114,0.08378,0.05,nc,nc21324274,2017-01-04T20:49:24.510Z,"12 km NNE of Cambria, California",earthquake,0.16,0.8,,2,reviewed,nc,nc
2003-12-23T02:59:59.620Z,35.5738333,-120.8833333,7.779,2.09,md,24,63,0.1153,0.17,nc,nc40149081,2017-01-04T20:49:13.162Z,"14 km N of Cayucos, California",earthquake,0.36,1.43,0.13,10,reviewed,nc,nc
2003-12-23T02:56:49.190Z,35.7091667,-121.0648333,5.392,3.9,mw,59,72,0.07748,0.08,nc,nc30226898,2017-01-04T20:49:06.030Z,"10 km SW of Oak Shores, California",earthquake,0.14,0.54,,3,reviewed,nc,nc
2003-12-23T02:55:52.590Z,35.6476667,-121.0456667,6.781,2.59,md,52,69,0.06126,0.09,nc,nc30226897,2017-01-04T20:48:45.990Z,"9 km NNE of Cambria, California",earthquake,0.14,0.48,0.08,53,reviewed,nc,nc
2003-12-23T02:53:16.800Z,35.6478333,-121.05,6.981,2.72,md,56,71,0.05946,0.07,nc,nc30226896,2017-01-04T20:48:28.950Z,"9 km NNE of Cambria, California",earthquake,0.15,0.49,0.09,63,reviewed,nc,nc
2003-12-23T02:51:50.560Z,35.5336667,-120.8336667,1.34,2.15,md,35,51,0.05946,0.12,nc,nc30226895,2017-01-04T20:48:13.912Z,"11 km NNE of Cayucos, California",earthquake,0.18,0.85,0.12,31,reviewed,nc,nc
2003-12-23T02:47:26.720Z,35.6405,-121.0111667,5.119,2.33,md,27,117,0.07838,0.1,nc,nc21324251,2017-01-04T20:48:06.278Z,"10 km NE of Cambria, California",earthquake,0.25,0.76,0.15,28,reviewed,nc,nc
2003-12-23T02:45:20.960Z,35.5458333,-120.8585,2.69,2.11,md,16,69,0.04144,0.17,nc,nc30500333,2017-01-04T20:47:59.579Z,"11 km NNE of Cayucos, California",earthquake,0.59,1.4,0.01,5,reviewed,nc,nc
2003-12-23T02:44:56.820Z,35.6643333,-121.0211667,8.689,2.06,md,23,56,0.08739,0.12,nc,nc30500332,2017-01-04T20:47:53.454Z,"12 km SSW of Oak Shores, California",earthquake,0.23,0.93,0.07,14,reviewed,nc,nc
2003-12-23T02:44:28.560Z,35.6233333,-120.9488333,4.041,2.28,md,23,100,0.06937,0.06,nc,nc21324250,2017-01-04T20:47:47.880Z,"13 km SSW of Lake Nacimiento, California",earthquake,0.21,0.45,0.06,15,reviewed,nc,nc
2003-12-23T02:41:53.150Z,35.653,-120.9265,6.519,2.49,md,43,57,0.1198,0.31,nc,nc30500435,2017-01-04T20:47:41.828Z,"9 km SSW of Lake Nacimiento, California",earthquake,0.36,1.38,0.08,36,reviewed,nc,nc
2003-12-23T02:41:03.070Z,35.6541667,-121.0488333,7.707,2.27,md,17,72,0.06486,0.09,nc,nc30500434,2017-01-04T20:47:36.034Z,"10 km NNE of Cambria, California",earthquake,0.23,0.73,0.07,10,reviewed,nc,nc
2003-12-23T02:40:01.270Z,35.6568333,-121.0493333,5.69,2.63,md,45,74,0.06757,0.1,nc,nc21324943,2017-01-04T20:47:30.170Z,"10 km NNE of Cambria, California",earthquake,0.14,0.46,0.08,51,reviewed,nc,nc
2003-12-23T02:37:31.180Z,35.7148333,-121.0828333,6.872,2.41,md,30,83,0.06667,0.07,nc,nc30500433,2017-01-04T20:47:21.163Z,"11 km WSW of Oak Shores, California",earthquake,0.17,0.61,0.08,40,reviewed,nc,nc
2003-12-23T02:37:13.510Z,35.5771667,-120.8486667,3.11,1.96,md,16,80,0.06396,0.09,nc,nc30500432,2017-01-04T20:47:15.443Z,"13 km WNW of Templeton, California",earthquake,0.41,0.9,0.19,6,reviewed,nc,nc
2003-12-23T02:36:26.750Z,35.5973333,-120.8603333,7.719,2.29,md,24,73,0.04414,0.07,nc,nc30500431,2017-01-04T20:47:09.920Z,"14 km S of Lake Nacimiento, California",earthquake,0.2,0.53,0.16,25,reviewed,nc,nc
2003-12-23T02:35:08.790Z,35.5406667,-120.8463333,5.45,3.03,md,50,48,0.04955,0.06,nc,nc30500430,2017-01-04T20:47:04.020Z,"11 km NNE of Cayucos, California",earthquake,0.16,0.52,0.08,71,reviewed,nc,nc
2003-12-23T02:34:03.780Z,35.603,-120.8673333,8.219,2.11,md,16,74,0.03784,0.18,nc,nc21324939,2017-01-04T20:46:52.172Z,"13 km S of Lake Nacimiento, California",earthquake,0.44,0.69,0.06,11,reviewed,nc,nc
2003-12-23T02:33:32.860Z,35.6141667,-121.0415,10.786,2.07,md,9,178,0.04505,0.04,nc,nc68006099,2017-01-04T20:46:45.419Z,"6 km NNE of Cambria, California",earthquake,1.46,0.51,0.03,4,reviewed,nc,nc
2003-12-23T02:30:57.090Z,35.7093333,-121.0468333,9.184,2.17,md,24,70,0.1144,0.07,nc,nc30500429,2017-01-04T20:46:40.071Z,"9 km SW of Oak Shores, California",earthquake,0.21,0.62,0.09,16,reviewed,nc,nc
2003-12-23T02:28:19.540Z,35.656,-120.9503333,3.714,2.9,md,55,93,0.127,0.08,nc,nc21324938,2017-01-04T20:46:33.620Z,"10 km SW of Lake Nacimiento, California",earthquake,0.14,0.78,0.09,69,reviewed,nc,nc
2003-12-23T02:27:14.080Z,35.5735,-120.9378333,5.063,2.45,md,11,187,0.04685,0.05,nc,nc68006096,2017-01-04T20:46:22.165Z,"12 km E of Cambria, California",earthquake,0.34,0.59,0.07,6,reviewed,nc,nc
2003-12-23T02:26:53.110Z,35.6593333,-121.0768333,8.726,2.11,md,10,189,0.06036,0.06,nc,nc68006095,2017-01-04T20:46:17.885Z,"10 km E of San Simeon, California",earthquake,0.63,1.16,0.04,4,reviewed,nc,nc
2003-12-23T02:26:11.830Z,35.5805,-120.9605,11.081,2.44,md,4,190,0.06396,0.02,nc,nc68006094,2017-01-04T20:46:11.392Z,"11 km E of Cambria, California",earthquake,1.1,2.62,0.04,3,reviewed,nc,nc
2003-12-23T02:25:33.900Z,35.585,-120.9253333,4.303,2.26,md,10,192,0.05315,0.05,nc,nc68006093,2017-01-04T20:46:04.437Z,"14 km E of Cambria, California",earthquake,0.37,0.43,0.03,6,reviewed,nc,nc
2003-12-23T02:23:13.330Z,35.6601667,-121.0161667,10.222,1.48,md,5,246,0.1144,0.08,nc,nc21325463,2017-01-04T20:45:58.591Z,"12 km NNE of Cambria, California",earthquake,0.9,1.72,0.21,4,reviewed,nc,nc
2003-12-23T02:21:58.340Z,35.6618333,-121.0041667,4.36,1.79,md,10,210,0.1234,0.05,nc,nc21325462,2017-01-04T20:45:52.671Z,"12 km S of Oak Shores, California",earthquake,0.57,1.14,0.05,3,reviewed,nc,nc
2003-12-23T02:18:23.850Z,35.5601667,-120.8723333,4.462,2.36,md,11,215,0.1018,0.2,nc,nc68006092,2017-01-04T20:45:46.279Z,"13 km N of Cayucos, California",earthquake,0.97,1.52,0.02,5,reviewed,nc,nc
2003-12-23T02:17:14.410Z,35.5128333,-120.84,9.697,2.14,md,6,217,0.05856,0.07,nc,nc68006091,2017-01-04T20:45:40.221Z,"9 km NNE of Cayucos, California",earthquake,1.11,1.02,,3,reviewed,nc,nc
2003-12-23T02:16:15.630Z,35.572,-120.9016667,4.338,2.14,md,19,85,0.03874,0.06,nc,nc30500514,2017-01-04T20:45:35.491Z,"14 km N of Cayucos, California",earthquake,0.27,0.34,0.25,11,reviewed,nc,nc
2003-12-23T02:15:43.070Z,35.6143333,-120.956,5.478,2.22,md,25,77,0.07748,0.12,nc,nc21325459,2017-01-04T20:45:30.344Z,"12 km ENE of Cambria, California",earthquake,0.24,0.56,0.09,17,reviewed,nc,nc
2003-12-23T02:15:16.920Z,35.5455,-120.8428333,8.867,2.12,md,9,256,0.05315,0.14,nc,nc68006088,2017-01-04T20:45:21.881Z,"12 km NNE of Cayucos, California",earthquake,1.2,1.61,0.1,4,reviewed,nc,nc
2003-12-23T02:13:43.620Z,35.5286667,-120.8206667,6.315,1.56,md,14,197,0.1189,0.04,nc,nc21325458,2017-01-04T20:45:15.243Z,"10 km WSW of Templeton, California",earthquake,1.08,2.24,0.01,3,reviewed,nc,nc
2003-12-23T02:12:07.590Z,35.5348333,-120.8973333,11.996,2.29,md,5,280,0.07658,0.07,nc,nc68006087,2017-01-04T20:45:08.391Z,"10 km N of Cayucos, California",earthquake,1.55,1.29,0.06,5,reviewed,nc,nc
2003-12-23T02:11:31.020Z,35.6953333,-121.1005,9.766,2.11,md,7,198,0.09459,0.03,nc,nc68006086,2017-01-04T20:45:00.005Z,"9 km NE of San Simeon, California",earthquake,1.61,1.51,0.08,3,reviewed,nc,nc
2003-12-23T02:10:43.910Z,35.7038333,-121.0375,-0.074,2.24,md,11,218,0.1135,0.2,nc,nc68006085,2017-01-04T20:44:52.775Z,"8 km SW of Oak Shores, California",earthquake,0.91,4.12,0.05,4,reviewed,nc,nc
2003-12-23T02:06:55.320Z,35.6845,-121.1068333,6.085,4.1,mw,57,95,0.03784,0.07,nc,nc30500512,2017-03-17T19:46:21.013Z,"8 km ENE of San Simeon, California",earthquake,0.13,0.38,,4,reviewed,nc,nc
2003-12-23T02:05:42.370Z,35.5411667,-120.8456667,5.65,2.73,md,45,49,0.05045,0.07,nc,nc30500511,2017-01-04T20:44:20.900Z,"11 km NNE of Cayucos, California",earthquake,0.17,0.46,0.11,45,reviewed,nc,nc
2003-12-23T02:04:38.140Z,35.5621667,-120.9271667,4.898,2.48,md,37,83,0.03333,0.15,nc,nc30500510,2017-01-04T20:44:13.521Z,"13 km NNW of Cayucos, California",earthquake,0.24,0.43,0.07,40,reviewed,nc,nc
2003-12-23T02:03:46.890Z,35.6085,-120.9543333,5.088,2.35,md,20,104,0.07838,0.08,nc,nc30500509,2017-01-04T20:44:07.159Z,"12 km ENE of Cambria, California",earthquake,0.26,0.45,0.07,19,reviewed,nc,nc
2003-12-23T02:02:57.330Z,35.6735,-121.0556667,6.392,2.85,md,45,114,0.07928,0.07,nc,nc30500508,2017-01-04T20:44:00.690Z,"12 km N of Cambria, California",earthquake,0.16,0.89,0.09,57,reviewed,nc,nc
2003-12-23T02:01:42.840Z,35.6128333,-120.8813333,6.462,2.54,md,49,58,0.08198,0.11,nc,nc21325392,2017-01-04T20:43:49.900Z,"12 km S of Lake Nacimiento, California",earthquake,0.22,0.87,0.12,49,reviewed,nc,nc
2003-12-23T02:00:21.640Z,35.5366667,-120.8211667,8.144,1.98,md,16,98,0.09189,0.11,nc,nc30500507,2017-01-04T20:43:39.233Z,"10 km W of Templeton, California",earthquake,0.49,1.45,0.17,8,reviewed,nc,nc
2003-12-23T01:59:26.440Z,35.7165,-121.0533333,0.406,2.41,md,11,102,0.1072,0.32,nc,nc30500506,2017-01-04T20:43:31.506Z,"8 km SW of Oak Shores, California",earthquake,0.87,2.88,0.21,6,reviewed,nc,nc
2003-12-23T01:59:01.700Z,35.5846667,-120.8921667,7.243,2.28,md,6,224,0.05225,0.08,nc,nc68006076,2017-01-04T20:43:25.343Z,"15 km N of Cayucos, California",earthquake,0.89,1.05,0.06,5,reviewed,nc,nc
2003-12-23T01:56:30.130Z,35.639,-121.0878333,4.165,2.99,md,50,108,0.03874,0.07,nc,nc30500505,2017-01-04T20:43:19.020Z,"8 km N of Cambria, California",earthquake,0.13,0.36,0.07,69,reviewed,nc,nc
2003-12-23T01:54:46.370Z,35.7251667,-121.071,4.936,2.4,md,5,218,0.1261,0.02,nc,nc68006073,2017-01-04T20:43:04.880Z,"9 km WSW of Oak Shores, California",earthquake,1.84,5.34,0.1,2,reviewed,nc,nc
2003-12-23T01:53:51.160Z,35.6541667,-121.0611667,11.376,2.51,md,8,191,0.06036,0.03,nc,nc68006072,2017-01-04T20:42:59.763Z,"10 km N of Cambria, California",earthquake,1.35,0.67,0.05,7,reviewed,nc,nc
2003-12-23T01:53:21.100Z,35.6355,-121.0246667,4.932,3.18,ml,50,124,0.06667,0.08,nc,nc21325387,2017-01-04T20:42:53.040Z,"9 km NNE of Cambria, California",earthquake,0.15,0.78,,2,reviewed,nc,nc
2003-12-23T01:52:28.830Z,35.6263333,-121.1383333,5.141,1.9,md,4,167,0.04414,0.01,nc,nc68006070,2017-01-04T20:42:43.169Z,"5 km ESE of San Simeon, California",earthquake,7.22,1.94,0.21,2,reviewed,nc,nc
2003-12-23T01:52:12.050Z,35.6113333,-121.03,9.04,2.07,md,10,180,0.05315,0.06,nc,nc68006069,2017-01-04T20:42:37.898Z,"6 km NE of Cambria, California",earthquake,1.06,0.58,0.09,2,reviewed,nc,nc
2003-12-23T01:48:04.260Z,35.592,-120.8953333,11.379,3.16,md,10,210,0.1333,0.09,nc,nc68006068,2017-01-04T20:42:32.094Z,"15 km S of Lake Nacimiento, California",earthquake,1.22,1.6,0.09,5,reviewed,nc,nc
2003-12-23T01:45:16.520Z,35.6541667,-121.0211667,6.459,2.96,md,36,117,0.08018,0.08,nc,nc21325376,2017-01-04T20:42:24.940Z,"11 km NNE of Cambria, California",earthquake,0.19,0.77,0.08,55,reviewed,nc,nc
2003-12-23T01:43:37.320Z,35.6511667,-120.9505,6.653,1.39,md,11,89,0.06937,0.04,nc,nc21325372,2017-01-04T20:42:16.203Z,"10 km SW of Lake Nacimiento, California",earthquake,0.39,1.06,0.18,4,reviewed,nc,nc
2003-12-23T01:37:11.170Z,35.7031667,-121.0536667,8.98,2.9,md,34,58,0.08378,0.09,nc,nc21325365,2017-01-04T20:42:10.360Z,"9 km SW of Oak Shores, California",earthquake,0.18,0.68,0.09,48,reviewed,nc,nc
2003-12-23T01:33:26.970Z,35.5698333,-120.8365,2.333,2.07,md,15,203,0.06757,0.25,nc,nc68006065,2017-01-04T20:42:01.051Z,"12 km W of Templeton, California",earthquake,1.21,2.38,0.3,6,reviewed,nc,nc
2003-12-23T01:31:31.170Z,35.5786667,-120.938,4.723,3.02,md,10,199,0.05135,0.04,nc,nc68006064,2017-01-04T20:41:56.733Z,"13 km E of Cambria, California",earthquake,0.31,0.36,0.01,2,reviewed,nc,nc
2003-12-23T01:30:55.130Z,35.7006667,-121.0591667,10.237,3.4,ml,27,61,0.07928,0.09,nc,nc30500498,2017-01-04T20:41:52.460Z,"10 km SW of Oak Shores, California",earthquake,0.21,0.7,,5,reviewed,nc,nc
2003-12-23T01:30:30.750Z,35.6251667,-120.8978333,7.425,3.23,ml,33,59,0.02973,0.16,nc,nc21325271,2017-01-04T20:41:45.260Z,"11 km S of Lake Nacimiento, California",earthquake,0.27,0.74,,5,reviewed,nc,nc
2003-12-23T01:29:11.120Z,35.5851667,-120.9598333,4.903,2.16,md,12,155,0.06757,0.11,nc,nc68006061,2017-01-04T20:41:40.867Z,"11 km ENE of Cambria, California",earthquake,0.51,0.79,0.06,4,reviewed,nc,nc
2003-12-23T01:28:32.770Z,35.5661667,-120.8523333,-0.187,2.04,md,9,219,0.05495,0.06,nc,nc68006060,2017-01-04T20:41:36.811Z,"13 km W of Templeton, California",earthquake,0.95,0.88,0.02,3,reviewed,nc,nc
2003-12-23T01:21:22.250Z,35.6433333,-120.8978333,8.173,2.06,md,8,313,0.1099,0.17,nc,nc68006059,2017-01-04T20:41:32.052Z,"9 km S of Lake Nacimiento, California",earthquake,4.21,1.91,0.06,5,reviewed,nc,nc
2003-12-23T01:20:27.590Z,35.5956667,-120.8623333,7.746,2.2,md,19,56,0.04595,0.28,nc,nc30500497,2017-01-04T20:41:27.692Z,"14 km S of Lake Nacimiento, California",earthquake,0.5,1.43,0.23,12,reviewed,nc,nc
2003-12-23T01:19:35.330Z,35.6193333,-121.004,7.832,2.2,md,7,204,0.1171,0.02,nc,nc68006057,2017-01-04T20:41:23.927Z,"9 km NE of Cambria, California",earthquake,0.8,0.96,0.17,2,reviewed,nc,nc
2003-12-23T01:18:04.750Z,35.5766667,-120.828,4.03,3.44,ml,41,63,0.07207,0.11,nc,nc21325265,2017-01-04T20:41:19.550Z,"11 km WNW of Templeton, California",earthquake,0.2,0.64,,5,reviewed,nc,nc
2003-12-23T01:16:46.560Z,35.5965,-120.8408333,6.693,2.31,md,10,223,0.08288,0.18,nc,nc68006055,2017-01-04T20:41:11.836Z,"13 km WNW of Templeton, California",earthquake,1.09,1.35,0.02,5,reviewed,nc,nc
2003-12-23T01:16:08.630Z,35.5715,-120.8301667,3.281,2.79,md,35,53,0.07297,0.08,nc,nc30500496,2017-01-04T20:41:06.770Z,"11 km WNW of Templeton, California",earthquake,0.17,0.55,0.07,36,reviewed,nc,nc
2003-12-23T01:12:41.290Z,35.5886667,-120.931,3.668,2.45,md,25,78,0.05856,0.14,nc,nc30500495,2017-01-04T20:40:54.120Z,"13 km ENE of Cambria, California",earthquake,0.27,0.7,0.16,20,reviewed,nc,nc
2003-12-23T01:10:47.350Z,35.5443333,-120.8483333,6.721,2.88,md,37,53,0.09009,0.1,nc,nc21325261,2017-01-04T20:40:49.490Z,"11 km NNE of Cayucos, California",earthquake,0.21,0.96,0.07,49,reviewed,nc,nc
2003-12-23T01:08:29.730Z,35.6251667,-120.9213333,6.721,2.31,md,21,64,0.04775,0.14,nc,nc30500494,2017-01-04T20:40:43.127Z,"12 km SSW of Lake Nacimiento, California",earthquake,0.32,0.69,0.13,9,reviewed,nc,nc
2003-12-23T01:07:45.360Z,35.7015,-121.035,14.344,2.46,md,11,95,0.04865,0.04,nc,nc30500493,2017-01-04T20:40:39.691Z,"9 km SW of Oak Shores, California",earthquake,0.51,1.3,0.12,13,reviewed,nc,nc
2003-12-23T01:06:17.870Z,35.5786667,-120.9588333,3.732,2.87,md,37,110,0.06216,0.09,nc,nc21325259,2017-01-04T20:40:33.590Z,"11 km E of Cambria, California",earthquake,0.2,0.43,0.12,38,reviewed,nc,nc
2003-12-23T01:05:50.630Z,35.6535,-121.0033333,2.843,1.29,md,11,104,0.1126,0.1,nc,nc21325258,2017-01-04T20:40:25.947Z,"12 km NE of Cambria, California",earthquake,0.39,1.27,0.25,4,reviewed,nc,nc
2003-12-23T01:04:03.740Z,35.6735,-121.0611667,8.268,2.33,md,27,76,0.07568,0.09,nc,nc21325257,2017-01-04T20:40:20.959Z,"12 km ENE of San Simeon, California",earthquake,0.18,0.63,0.09,17,reviewed,nc,nc
2003-12-23T01:01:49.900Z,35.5743333,-120.955,6.979,2.49,md,24,93,0.0982,0.16,nc,nc21325252,2017-01-04T20:40:16.243Z,"11 km E of Cambria, California",earthquake,0.32,1.05,0.09,19,reviewed,nc,nc
2003-12-23T01:00:13.990Z,35.6846667,-121.1108333,6.415,2.55,md,21,97,0.03514,0.09,nc,nc30500492,2017-01-04T20:40:11.371Z,"8 km ENE of San Simeon, California",earthquake,0.22,0.49,0.27,18,reviewed,nc,nc
2003-12-23T00:59:36.500Z,35.6063333,-120.8996667,7.242,2.27,md,21,63,0.07297,0.12,nc,nc21325249,2017-01-04T20:40:05.260Z,"13 km S of Lake Nacimiento, California",earthquake,0.26,0.8,0.15,13,reviewed,nc,nc
2003-12-23T00:59:18.930Z,35.668,-121.0823333,3.086,2.05,md,11,190,0.06847,0.06,nc,nc68006044,2017-01-04T20:39:58.736Z,"10 km ENE of San Simeon, California",earthquake,0.75,0.72,0.03,2,reviewed,nc,nc
2003-12-23T00:56:47.810Z,35.6503333,-121.0465,6.669,2.62,md,32,70,0.06306,0.1,nc,nc30500491,2017-01-04T20:39:52.584Z,"10 km NNE of Cambria, California",earthquake,0.2,0.56,0.08,38,reviewed,nc,nc
2003-12-23T00:55:54.150Z,35.6786667,-121.1048333,4.873,2.35,md,11,103,0.03964,0.05,nc,nc21325247,2017-01-04T20:39:46.587Z,"8 km ENE of San Simeon, California",earthquake,0.39,0.57,0.11,13,reviewed,nc,nc
2003-12-23T00:54:58.890Z,35.662,-120.9243333,9.12,2.46,md,24,85,0.05135,0.04,nc,nc21325245,2017-01-04T20:39:41.373Z,"8 km SSW of Lake Nacimiento, California",earthquake,0.16,0.39,0.11,7,reviewed,nc,nc
2003-12-23T00:54:06.210Z,35.5798333,-120.945,5.363,2.3,md,14,188,0.05586,0.17,nc,nc68006040,2017-01-04T20:39:36.507Z,"12 km E of Cambria, California",earthquake,0.54,0.54,0.05,8,reviewed,nc,nc
2003-12-23T00:53:31.430Z,35.6136667,-120.8475,-0.261,1.93,md,17,94,0.1288,0.26,nc,nc30226701,2017-01-04T20:39:31.869Z,"13 km SSE of Lake Nacimiento, California",earthquake,0.73,2.73,0.1,8,reviewed,nc,nc
2003-12-23T00:52:13.720Z,35.5886667,-120.9631667,8.053,1.98,md,10,203,0.07207,0.12,nc,nc68006038,2017-01-04T20:39:21.649Z,"11 km ENE of Cambria, California",earthquake,0.95,1.24,0.08,3,reviewed,nc,nc
2003-12-23T00:51:30.800Z,35.6556667,-121.0566667,10.074,2.18,md,6,193,0.05586,0.01,nc,nc68006037,2017-01-04T20:39:15.628Z,"10 km NNE of Cambria, California",earthquake,1.99,2,0.08,2,reviewed,nc,nc
2003-12-23T00:50:42.650Z,35.543,-120.8613333,-0.157,1.47,md,10,207,0.03784,0.26,nc,nc68006036,2017-01-04T20:39:09.718Z,"11 km NNE of Cayucos, California",earthquake,1.39,2.16,0.06,2,reviewed,nc,nc
2003-12-23T00:48:30.730Z,35.5706667,-120.9448333,4.603,2.42,md,11,215,0.04865,0.13,nc,nc68006035,2017-01-04T20:39:04.211Z,"12 km E of Cambria, California",earthquake,0.54,0.91,0.02,4,reviewed,nc,nc
2003-12-23T00:46:06.300Z,35.5491667,-120.8726667,3.523,2.17,md,10,223,0.03153,0.21,nc,nc68006034,2017-01-04T20:38:59.069Z,"11 km N of Cayucos, California",earthquake,0.94,0.95,0.09,6,reviewed,nc,nc
2003-12-23T00:45:46.470Z,35.7265,-121.1001667,7.603,2.18,md,9,195,0.1063,0.06,nc,nc68006033,2017-01-04T20:38:54.898Z,"11 km WSW of Oak Shores, California",earthquake,0.62,1.32,0.01,2,reviewed,nc,nc
2003-12-23T00:45:15.250Z,35.5258333,-120.912,-0.295,1.91,md,5,131,0.009009,0.08,nc,nc68006032,2017-01-04T20:38:49.639Z,"9 km N of Cayucos, California",earthquake,0.73,1.35,0.06,4,reviewed,nc,nc
2003-12-23T00:44:20.330Z,35.7743333,-121.1381667,-0.096,1.79,md,5,116,0.08468,0.09,nc,nc30226841,2017-01-04T20:38:44.093Z,"14 km W of Oak Shores, California",earthquake,0.81,8.13,0.18,3,reviewed,nc,nc
2003-12-23T00:43:34.770Z,35.6745,-120.968,3.14,2.49,md,27,79,0.08919,0.24,nc,nc21324102,2017-01-04T20:38:36.950Z,"9 km SW of Lake Nacimiento, California",earthquake,0.31,1.11,0.04,19,reviewed,nc,nc
2003-12-23T00:42:30.630Z,35.577,-120.9295,3.158,2.32,md,25,80,0.04685,0.13,nc,nc40149012,2017-01-04T20:38:30.873Z,"13 km E of Cambria, California",earthquake,0.27,0.54,0.14,20,reviewed,nc,nc
2003-12-23T00:39:41.710Z,35.6393333,-120.9495,2.917,2.12,md,17,97,0.06757,0.06,nc,nc21324947,2017-01-04T20:38:23.228Z,"11 km SSW of Lake Nacimiento, California",earthquake,0.22,0.86,0.07,12,reviewed,nc,nc
2003-12-23T00:36:36.610Z,35.636,-120.9433333,4.336,2.76,md,38,96,0.06306,0.08,nc,nc21324945,2017-01-04T20:38:08.510Z,"11 km SSW of Lake Nacimiento, California",earthquake,0.17,0.45,0.09,49,reviewed,nc,nc
2003-12-23T00:34:57.890Z,35.589,-120.9535,5.622,2.37,md,24,86,0.06667,0.14,nc,nc40149009,2017-01-04T20:37:57.988Z,"11 km ENE of Cambria, California",earthquake,0.33,0.67,0.09,12,reviewed,nc,nc
2003-12-23T00:32:59.970Z,35.5901667,-120.8866667,4.102,2.28,md,28,53,0.05315,0.05,nc,nc30226688,2017-01-04T20:37:53.110Z,"15 km S of Lake Nacimiento, California",earthquake,0.19,0.41,0.19,15,reviewed,nc,nc
2003-12-23T00:32:26.800Z,35.5863333,-120.9055,6.168,2.53,md,28,51,0.06306,0.13,nc,nc21324101,2017-01-04T20:37:47.427Z,"15 km S of Lake Nacimiento, California",earthquake,0.24,0.72,0.11,20,reviewed,nc,nc
2003-12-23T00:31:53.360Z,35.5883333,-120.8628333,8.163,2.03,md,9,297,0.06486,0.15,nc,nc68006024,2017-01-04T20:37:42.380Z,"14 km WNW of Templeton, California",earthquake,2.92,1.47,0.17,5,reviewed,nc,nc
2003-12-23T00:28:53.470Z,35.6661667,-121.1011667,5.548,2.7,md,32,114,0.04595,0.07,nc,nc30500420,2017-01-04T20:37:37.200Z,"8 km ENE of San Simeon, California",earthquake,0.17,0.35,0.13,31,reviewed,nc,nc
2003-12-23T00:27:20.630Z,35.5561667,-121.0643333,10.305,3.54,mw,46,160,0.05045,0.46,nc,nc30500419,2017-01-04T20:37:29.440Z,"1 km ESE of Cambria, California",earthquake,0.81,3.59,,1,reviewed,nc,nc
2003-12-23T00:26:59.730Z,35.5448333,-120.86,7.928,2.16,md,21,85,0.03964,0.13,nc,nc21324922,2017-01-04T20:37:16.105Z,"11 km NNE of Cayucos, California",earthquake,0.39,1.01,0.13,14,reviewed,nc,nc
2003-12-23T00:24:42.880Z,35.6613333,-121.0688333,8.306,2.37,md,7,192,0.06396,0.03,nc,nc68006019,2017-01-04T20:37:10.821Z,"10 km N of Cambria, California",earthquake,1.34,0.96,0.09,5,reviewed,nc,nc
2003-12-23T00:24:32.500Z,35.5855,-120.8485,7.033,1.8,md,17,68,0.07027,0.17,nc,nc30506039,2017-01-04T20:37:06.485Z,"13 km WNW of Templeton, California",earthquake,0.45,0.99,0.62,6,reviewed,nc,nc
2003-12-23T00:23:09.190Z,35.5171667,-120.9003333,11.373,1.88,md,4,212,0.01712,0.01,nc,nc68006017,2017-01-04T20:37:01.675Z,"8 km N of Cayucos, California",earthquake,0.9,1.02,0.03,2,reviewed,nc,nc
2003-12-23T00:21:09.660Z,35.5948333,-120.9398333,7.742,2.47,md,22,79,0.06667,0.15,nc,nc30500458,2017-01-04T20:36:56.802Z,"13 km ENE of Cambria, California",earthquake,0.28,1.06,0.15,18,reviewed,nc,nc
2003-12-23T00:20:23.390Z,35.6545,-121.0776667,0.651,2.85,md,9,200,0.1676,0.08,nc,nc68006015,2017-01-04T20:36:51.717Z,"10 km N of Cambria, California",earthquake,2.74,1.04,0.02,2,reviewed,nc,nc
2003-12-23T00:20:21.200Z,35.611,-121.0033333,6.19,2.03,md,12,186,0.07477,0.08,nc,nc68006014,2017-01-04T20:36:46.017Z,"8 km NE of Cambria, California",earthquake,0.7,0.81,,1,reviewed,nc,nc
2003-12-23T00:19:32.800Z,35.6796667,-121.008,8.679,1.96,md,12,105,0.1054,0.03,nc,nc30500457,2017-01-04T20:36:39.135Z,"10 km SSW of Oak Shores, California",earthquake,0.28,0.95,0.11,8,reviewed,nc,nc
2003-12-23T00:18:47.050Z,35.5351667,-120.8776667,2.273,2.69,md,33,47,0.02342,0.11,nc,nc30500456,2017-01-04T20:36:32.113Z,"10 km N of Cayucos, California",earthquake,0.17,0.48,0.12,39,reviewed,nc,nc
2003-12-23T00:17:59.850Z,35.6806667,-121.0761667,9.486,2.07,md,9,198,0.08108,0.02,nc,nc68006011,2017-01-04T20:36:24.930Z,"11 km ENE of San Simeon, California",earthquake,0.79,0.75,0.04,5,reviewed,nc,nc
2003-12-23T00:16:58.050Z,35.6735,-121.0116667,6.669,2.89,md,40,52,0.0991,0.09,nc,nc21325035,2017-01-04T20:36:15.970Z,"11 km SSW of Oak Shores, California",earthquake,0.14,0.72,0.1,56,reviewed,nc,nc
2003-12-23T00:15:52.970Z,35.6186667,-120.9806667,8.073,2.14,md,18,80,0.09459,0.14,nc,nc40148996,2017-01-04T20:36:04.080Z,"10 km ENE of Cambria, California",earthquake,0.32,1.2,0.09,12,reviewed,nc,nc
2003-12-23T00:14:27.670Z,35.5701667,-120.8263333,1.04,2.01,md,30,57,0.07477,0.08,nc,nc21325067,2017-01-04T20:35:56.317Z,"11 km WNW of Templeton, California",earthquake,0.18,0.76,0.19,17,reviewed,nc,nc
2003-12-23T00:14:09.180Z,35.6526667,-121.073,9.333,1.84,md,5,199,0.05495,0.01,nc,nc68006007,2017-01-04T20:35:49.593Z,"9 km N of Cambria, California",earthquake,1.71,1.44,0.04,3,reviewed,nc,nc
2003-12-23T00:11:15.360Z,35.5763333,-120.8428333,4.216,2.65,md,25,66,0.06757,0.1,nc,nc30500321,2017-01-04T20:35:31.139Z,"12 km WNW of Templeton, California",earthquake,0.25,0.63,0.08,26,reviewed,nc,nc
2003-12-23T00:09:58.220Z,35.5358333,-120.842,5.84,2.82,md,37,49,0.05315,0.08,nc,nc30500320,2017-01-04T20:35:24.795Z,"11 km NNE of Cayucos, California",earthquake,0.18,0.51,0.08,37,reviewed,nc,nc
2003-12-23T00:08:42.720Z,35.5633333,-120.8381667,5.797,1.86,md,8,223,0.06306,0.16,nc,nc68006003,2017-01-04T20:35:13.150Z,"12 km W of Templeton, California",earthquake,1.5,1.4,0.07,4,reviewed,nc,nc
2003-12-23T00:08:09.630Z,35.661,-121.1046667,5.138,2.38,md,17,119,0.04505,0.07,nc,nc30500319,2017-01-04T20:35:06.403Z,"8 km ENE of San Simeon, California",earthquake,0.22,0.42,0.15,10,reviewed,nc,nc
2003-12-23T00:07:47.590Z,35.656,-121.0731667,8.413,2.16,md,9,200,0.05766,0.02,nc,nc68006001,2017-01-04T20:35:00.910Z,"10 km N of Cambria, California",earthquake,1,0.74,0.13,2,reviewed,nc,nc
2003-12-23T00:05:59.290Z,35.5373333,-120.8848333,5.592,3.36,mw,43,45,0.01802,0.09,nc,nc30500318,2017-01-04T20:34:54.590Z,"10 km N of Cayucos, California",earthquake,0.18,0.52,,1,reviewed,nc,nc
2003-12-23T00:05:17.400Z,35.6651667,-121.0751667,6.288,2.41,md,26,91,0.06577,0.09,nc,nc30500317,2017-01-04T20:34:43.302Z,"10 km ENE of San Simeon, California",earthquake,0.2,0.47,0.11,28,reviewed,nc,nc
2003-12-23T00:04:20.650Z,35.6878333,-121.1068333,6.695,2.33,md,14,89,0.03874,0.07,nc,nc30500316,2017-01-04T20:34:37.149Z,"9 km ENE of San Simeon, California",earthquake,0.23,0.46,0.06,12,reviewed,nc,nc
2003-12-23T00:03:21.090Z,35.5066667,-121.0031667,13.993,2.96,md,14,159,0.04775,0.14,nc,nc30500315,2017-01-04T20:34:29.824Z,"9 km SE of Cambria, California",earthquake,1.44,0.81,0.08,24,reviewed,nc,nc
2003-12-23T00:02:29.750Z,35.7003333,-121.032,11.26,2.12,md,15,53,0.1009,0.09,nc,nc21324091,2017-01-04T20:34:22.729Z,"9 km SSW of Oak Shores, California",earthquake,0.24,0.91,0.12,14,reviewed,nc,nc
2003-12-23T00:01:54.640Z,35.584,-120.9271667,4.974,1.69,md,5,214,0.05315,0.01,nc,nc68005995,2017-01-04T20:34:15.404Z,"14 km E of Cambria, California",earthquake,0.7,0.47,,1,reviewed,nc,nc
2003-12-23T00:00:07.830Z,35.6536667,-120.9828333,10.439,2.15,md,35,42,0.0955,0.11,nc,nc30226807,2017-01-04T20:34:08.072Z,"12 km SW of Lake Nacimiento, California",earthquake,0.21,0.88,0.12,27,reviewed,nc,nc
2003-12-22T23:59:46.010Z,35.614,-120.9948333,5.741,2,md,23,83,0.08198,0.08,nc,nc21324075,2017-01-04T20:34:00.593Z,"9 km NE of Cambria, California",earthquake,0.3,0.58,0.15,13,reviewed,nc,nc
2003-12-22T23:58:19.880Z,35.6683333,-121.112,7.222,2.3,md,36,121,0.06937,0.08,nc,nc30226894,2017-01-04T20:33:53.044Z,"7 km ENE of San Simeon, California",earthquake,0.19,0.89,0.16,24,reviewed,nc,nc
2003-12-22T23:57:55.220Z,35.6573333,-121.0715,6.842,2.08,md,23,90,0.05946,0.09,nc,nc30226893,2017-01-04T20:33:46.080Z,"10 km N of Cambria, California",earthquake,0.19,0.46,0.07,15,reviewed,nc,nc
2003-12-22T23:56:40.840Z,35.6358333,-121.0008333,4.751,2.53,md,47,86,0.08378,0.09,nc,nc30226892,2017-01-04T20:33:36.710Z,"10 km NE of Cambria, California",earthquake,0.16,0.55,0.09,43,reviewed,nc,nc
2003-12-22T23:52:36.810Z,35.5366667,-120.886,3.473,4.1,mw,49,45,0.1054,0.07,nc,nc30226891,2017-03-17T19:37:45.852Z,"10 km N of Cayucos, California",earthquake,0.12,0.56,,3,reviewed,nc,nc
2003-12-22T23:51:41.360Z,35.5793333,-120.8608333,2.7,2.05,md,24,72,0.05856,0.08,nc,nc30226890,2017-01-04T20:32:57.683Z,"14 km WNW of Templeton, California",earthquake,0.22,0.63,0.09,17,reviewed,nc,nc
2003-12-22T23:51:04.720Z,35.5783333,-120.842,3.227,1.69,md,15,194,0.06577,0.05,nc,nc30226939,2017-01-04T20:32:43.727Z,"12 km WNW of Templeton, California",earthquake,0.98,0.62,0.09,11,reviewed,nc,nc
2003-12-22T23:50:10.160Z,35.5723333,-120.8353333,3.872,2.04,md,27,88,0.07027,0.18,nc,nc21324118,2017-01-04T20:32:37.469Z,"11 km WNW of Templeton, California",earthquake,0.52,1.14,0.18,15,reviewed,nc,nc
2003-12-22T23:49:48.120Z,35.6968333,-121.0301667,9.163,1.18,md,5,90,0.1018,0.05,nc,nc30226935,2017-01-04T20:32:31.261Z,"9 km SSW of Oak Shores, California",earthquake,0.43,2,,1,reviewed,nc,nc
2003-12-22T23:49:32.380Z,35.643,-120.9713333,8.923,1.37,md,7,120,0.08559,0.06,nc,nc30226934,2017-01-04T20:32:23.470Z,"12 km SW of Lake Nacimiento, California",earthquake,0.39,1.75,0.05,3,reviewed,nc,nc
2003-12-22T23:49:21.690Z,35.703,-121.0778333,6.167,1.3,md,11,151,0.06486,0.04,nc,nc21325011,2017-01-04T20:32:16.482Z,"11 km SW of Oak Shores, California",earthquake,0.4,0.62,0.13,4,reviewed,nc,nc
2003-12-22T23:47:59.500Z,35.6075,-120.9871667,7.29,2.56,md,7,194,0.08739,0.02,nc,nc68005985,2017-01-04T20:32:08.750Z,"Central California",earthquake,0.43,0.83,0.08,5,reviewed,nc,nc
2003-12-22T23:47:45.280Z,35.7303333,-121.0961667,0.162,1.89,md,22,53,0.06757,0.31,nc,nc30226824,2017-01-04T20:32:01.846Z,"11 km WSW of Oak Shores, California",earthquake,0.42,2.67,0.29,15,reviewed,nc,nc
2003-12-22T23:46:49.350Z,35.5353333,-120.845,6.55,2.09,md,17,82,0.05045,0.14,nc,nc30226823,2017-01-04T20:31:55.275Z,"11 km NNE of Cayucos, California",earthquake,0.37,0.85,0.1,8,reviewed,nc,nc
2003-12-22T23:46:05.820Z,35.7218333,-121.0623333,5.182,2.16,md,25,67,0.08468,0.07,nc,nc21324077,2017-01-04T20:31:47.040Z,"9 km SW of Oak Shores, California",earthquake,0.24,0.55,0.21,22,reviewed,nc,nc
2003-12-22T23:44:17.250Z,35.501,-120.8561667,10.089,2.26,md,6,255,0.04685,0.06,nc,nc68005981,2017-01-04T20:31:38.126Z,"7 km NNE of Cayucos, California",earthquake,1.09,0.81,0.14,4,reviewed,nc,nc
2003-12-22T23:43:51.400Z,35.6738333,-121.1258333,9.246,2.74,md,14,181,0.07748,0.07,nc,nc68005980,2017-01-04T20:31:31.676Z,"6 km ENE of San Simeon, California",earthquake,1.2,0.71,0.07,4,reviewed,nc,nc
2003-12-22T23:42:07.240Z,35.5811667,-120.931,5.79,2.16,md,8,213,0.05135,0.07,nc,nc68005979,2017-01-04T20:31:24.983Z,"13 km E of Cambria, California",earthquake,0.43,0.74,0.09,3,reviewed,nc,nc
2003-12-22T23:39:42.330Z,35.6226667,-120.964,5.207,2.58,md,23,105,0.1,0.1,nc,nc30500327,2017-01-04T20:31:16.991Z,"12 km ENE of Cambria, California",earthquake,0.44,0.74,0.1,24,reviewed,nc,nc
2003-12-22T23:38:53.000Z,35.7133333,-121.0811667,7.102,2.88,md,38,57,0.06667,0.09,nc,nc30500326,2017-01-04T20:31:09.752Z,"11 km SW of Oak Shores, California",earthquake,0.16,0.64,0.06,45,reviewed,nc,nc
2003-12-22T23:38:11.070Z,35.6613333,-121.0776667,6.458,2.57,md,23,94,0.06216,0.08,nc,nc30500325,2017-01-04T20:31:01.724Z,"10 km E of San Simeon, California",earthquake,0.21,0.5,0.19,17,reviewed,nc,nc
2003-12-22T23:37:37.870Z,35.6253333,-121.0135,6.85,2.52,md,10,188,0.07027,0.1,nc,nc68005974,2017-01-04T20:30:55.236Z,"9 km NE of Cambria, California",earthquake,1,1.34,0.01,4,reviewed,nc,nc
2003-12-22T23:37:05.640Z,35.6553333,-121.0878333,7.886,2.97,md,12,184,0.05495,0.07,nc,nc68005973,2017-01-04T20:30:49.061Z,"9 km E of San Simeon, California",earthquake,0.71,0.78,0.03,3,reviewed,nc,nc
2003-12-22T23:35:55.300Z,35.7146667,-121.0846667,7.626,3.77,mw,50,56,0.06486,0.07,nc,nc30500324,2017-01-04T20:30:42.440Z,"11 km WSW of Oak Shores, California",earthquake,0.15,0.59,,2,reviewed,nc,nc
2003-12-22T23:35:27.910Z,35.706,-121.0923333,10.176,2.6,md,35,64,0.05495,0.08,nc,nc30500323,2017-01-04T20:30:25.410Z,"11 km NE of San Simeon, California",earthquake,0.23,0.63,0.11,30,reviewed,nc,nc
2003-12-22T23:34:54.740Z,35.661,-121.1093333,5.485,2.71,md,39,123,0.04234,0.06,nc,nc21324106,2017-01-04T20:30:18.000Z,"7 km ENE of San Simeon, California",earthquake,0.15,0.3,0.1,39,reviewed,nc,nc
2003-12-22T23:32:43.190Z,35.6838333,-121.1035,6.029,2.95,md,45,111,0.04054,0.06,nc,nc30500450,2017-01-04T20:30:05.410Z,"9 km ENE of San Simeon, California",earthquake,0.18,0.43,0.07,54,reviewed,nc,nc
2003-12-22T23:31:35.350Z,35.5803333,-120.9858333,5.998,2.85,md,30,107,0.07928,0.11,nc,nc30500449,2017-01-04T20:29:53.684Z,"8 km ENE of Cambria, California",earthquake,0.26,0.5,0.14,30,reviewed,nc,nc
2003-12-22T23:31:07.920Z,35.6433333,-121.0035,6.579,2.47,md,30,67,0.08559,0.11,nc,nc30500448,2017-01-04T20:29:47.076Z,"11 km NE of Cambria, California",earthquake,0.24,0.68,0.1,29,reviewed,nc,nc
2003-12-22T23:30:09.220Z,35.6555,-121.0145,7.469,2.9,md,54,59,0.08468,0.09,nc,nc30500447,2017-01-04T20:29:39.360Z,"11 km NNE of Cambria, California",earthquake,0.15,0.62,0.09,66,reviewed,nc,nc
2003-12-22T23:29:20.640Z,35.5768333,-120.8583333,6.33,2.59,md,17,98,0.06486,0.12,nc,nc30500446,2017-01-04T20:29:29.398Z,"Central California",earthquake,0.47,1.23,0.097,21,reviewed,nc,nc
2003-12-22T23:29:19.390Z,35.732,-121.0001667,4.62,2.45,md,5,240,0.09009,0.02,nc,nc68005965,2017-01-04T20:29:23.153Z,"4 km SSW of Oak Shores, California",earthquake,1.07,6.08,0.134,6,reviewed,nc,nc
2003-12-22T23:28:22.590Z,35.652,-120.9551667,8.7,2.67,md,12,225,0.1243,0.15,nc,nc68005964,2017-01-04T20:29:15.604Z,"10 km SW of Lake Nacimiento, California",earthquake,1.27,1.47,0.07,10,reviewed,nc,nc
2003-12-22T23:28:03.390Z,35.707,-121.0906667,11.642,3.13,md,39,89,0.05676,0.12,nc,nc30500445,2017-01-04T20:29:06.500Z,"11 km NE of San Simeon, California",earthquake,0.39,1.61,0.09,39,reviewed,nc,nc
2003-12-22T23:27:03.480Z,35.6575,-121.0041667,8.66,2.11,md,19,60,0.09279,0.09,nc,nc21325012,2017-01-04T20:28:49.810Z,"12 km NE of Cambria, California",earthquake,0.23,0.73,0.12,12,reviewed,nc,nc
2003-12-22T23:25:57.210Z,35.55,-120.8566667,5.133,1.72,md,9,238,0.04414,0.18,nc,nc68005961,2017-01-04T20:28:43.820Z,"Central California",earthquake,1.24,0.8,0.05,5,reviewed,nc,nc
2003-12-22T23:25:43.050Z,35.666,-121.1106667,7.853,1.81,md,4,205,0.06667,0.02,nc,nc68005960,2017-01-04T20:28:38.146Z,"7 km ENE of San Simeon, California",earthquake,1.68,1.16,0.08,4,reviewed,nc,nc
2003-12-22T23:24:43.930Z,35.6583333,-121.0121667,10.797,2.05,md,9,65,0.08829,0.03,nc,nc30226833,2017-01-04T20:28:32.433Z,"12 km NNE of Cambria, California",earthquake,0.47,1.24,0.48,6,reviewed,nc,nc
2003-12-22T23:23:42.030Z,35.5355,-120.886,6.352,2.77,md,41,46,0.01712,0.1,nc,nc30226832,2017-01-04T20:28:26.080Z,"10 km N of Cayucos, California",earthquake,0.18,0.42,0.1,40,reviewed,nc,nc
2003-12-22T23:22:26.310Z,35.7048333,-121.0553333,5.47,2.58,md,36,58,0.08288,0.12,nc,nc21324080,2017-01-04T20:28:07.828Z,"9 km SW of Oak Shores, California",earthquake,0.24,0.59,0.17,33,reviewed,nc,nc
2003-12-22T23:19:49.930Z,35.615,-120.941,6.378,2.15,md,23,72,0.06577,0.14,nc,nc21324612,2017-01-04T20:28:00.929Z,"13 km SSW of Lake Nacimiento, California",earthquake,0.25,0.96,0.41,8,reviewed,nc,nc
2003-12-22T23:17:19.750Z,35.5905,-120.8596667,6.918,2.38,md,38,72,0.05045,0.06,nc,nc30500370,2017-01-04T20:27:54.931Z,"14 km WNW of Templeton, California",earthquake,0.19,0.55,0.13,36,reviewed,nc,nc
2003-12-22T23:16:04.950Z,35.6441667,-120.9578333,3.419,2.14,md,23,98,0.118,0.06,nc,nc30500369,2017-01-04T20:27:48.647Z,"11 km SW of Lake Nacimiento, California",earthquake,0.27,0.82,0.09,18,reviewed,nc,nc
2003-12-22T23:15:14.900Z,35.5411667,-120.9511667,3.66,1.77,md,11,158,0.03694,0.12,nc,nc68005953,2017-01-04T20:27:42.144Z,"12 km ESE of Cambria, California",earthquake,0.47,0.54,0.381,16,reviewed,nc,nc
2003-12-22T23:15:12.210Z,35.7031667,-121.104,4.41,2.15,md,11,201,0.04595,0.23,nc,nc30500368,2017-01-04T20:27:35.733Z,"10 km NE of San Simeon, California",earthquake,1,31.61,0.083,15,reviewed,nc,nc
2003-12-22T23:14:37.500Z,35.5703333,-120.9291667,9.698,2.17,md,32,82,0.04054,0.21,nc,nc30500367,2017-01-04T20:27:29.039Z,"13 km E of Cambria, California",earthquake,0.4,0.8,0.1,19,reviewed,nc,nc
2003-12-22T23:13:27.840Z,35.6801667,-121.0413333,6.56,1.81,md,10,87,0.09009,0.06,nc,nc30500366,2017-01-04T20:27:22.979Z,"11 km SSW of Oak Shores, California",earthquake,0.29,0.8,0.1,11,reviewed,nc,nc
2003-12-22T23:12:53.500Z,35.677,-121.0936667,3.832,2.46,md,45,95,0.04955,0.07,nc,nc21324611,2017-01-04T20:27:13.900Z,"9 km ENE of San Simeon, California",earthquake,0.13,0.38,0.1,42,reviewed,nc,nc
2003-12-22T23:10:13.490Z,35.6481667,-120.7558333,10.717,1.56,md,6,322,0.1685,0.07,nc,nc68005948,2017-01-04T20:26:56.232Z,"6 km WNW of Paso Robles, California",earthquake,7.53,3.51,0.04,4,reviewed,nc,nc
2003-12-22T23:09:43.150Z,35.6638333,-121.0938333,6.271,2.18,md,22,107,0.06306,0.08,nc,nc30500365,2017-01-04T20:26:49.340Z,"9 km ENE of San Simeon, California",earthquake,0.23,0.51,0.08,15,reviewed,nc,nc
2003-12-22T23:08:40.890Z,35.6063333,-120.9006667,6.668,2.68,md,44,64,0.04505,0.12,nc,nc21324609,2017-01-04T20:26:42.430Z,"13 km S of Lake Nacimiento, California",earthquake,0.16,1.01,0.14,44,reviewed,nc,nc
2003-12-22T23:07:50.960Z,35.6655,-121.0588333,4.683,1.82,md,8,102,0.07928,0.02,nc,nc21325464,2017-01-04T20:26:35.475Z,"11 km N of Cambria, California",earthquake,0.44,1.08,0.18,4,reviewed,nc,nc
2003-12-22T23:07:28.590Z,35.5543333,-120.8303333,5.755,1.54,md,19,235,0.1901,0.04,nc,nc30227297,2017-01-04T20:26:28.358Z,"11 km W of Templeton, California",earthquake,1.26,6.75,0.05,2,reviewed,nc,nc
2003-12-22T23:05:17.350Z,35.5718333,-120.936,3.428,2.39,md,30,99,0.04505,0.07,nc,nc30500364,2017-01-04T20:26:20.766Z,"13 km E of Cambria, California",earthquake,0.19,0.4,0.22,29,reviewed,nc,nc
2003-12-22T23:04:08.940Z,35.6888333,-121.0765,6.27,2.51,md,15,74,0.06306,0.04,nc,nc68005942,2017-01-04T20:26:14.385Z,"Near the coast of Central California",earthquake,0.2,0.79,0.089,17,reviewed,nc,nc
2003-12-22T23:02:13.880Z,35.6503333,-121.06,7.487,2.85,md,47,79,0.05676,0.08,nc,nc21324605,2017-01-04T20:26:07.540Z,"9 km N of Cambria, California",earthquake,0.15,0.55,0.09,69,reviewed,nc,nc
2003-12-22T23:00:40.180Z,35.5811667,-120.8855,6.243,2.83,md,24,80,0.05045,0.13,nc,nc30500562,2017-01-04T20:25:57.830Z,"15 km N of Cayucos, California",earthquake,0.28,0.88,0.07,8,reviewed,nc,nc
2003-12-22T22:59:40.820Z,35.6575,-121.0341667,5.479,2.38,md,34,119,0.07477,0.08,nc,nc30500561,2017-01-04T20:25:51.080Z,"Near the coast of Central California",earthquake,0.17,0.68,0.11,27,reviewed,nc,nc
2003-12-22T22:57:43.490Z,35.5918333,-120.858,7.509,2.47,md,33,72,0.04955,0.07,nc,nc30500560,2017-01-04T20:25:39.956Z,"14 km WNW of Templeton, California",earthquake,0.17,0.34,0.08,41,reviewed,nc,nc
2003-12-22T22:56:23.130Z,35.584,-120.929,5.74,3.03,md,15,191,0.05315,0.13,nc,nc68005937,2017-01-04T20:25:33.566Z,"13 km E of Cambria, California",earthquake,1.45,0.46,0.08,10,reviewed,nc,nc
2003-12-22T22:54:50.810Z,35.7055,-121.0608333,6.4,2.39,md,41,58,0.07928,0.09,nc,nc30500559,2017-01-04T20:25:25.800Z,"10 km SW of Oak Shores, California",earthquake,0.16,0.63,0.11,39,reviewed,nc,nc
2003-12-22T22:54:09.300Z,35.5756667,-120.8725,3.708,2.69,md,37,75,0.05045,0.07,nc,nc30500558,2017-01-04T20:25:15.460Z,"14 km N of Cayucos, California",earthquake,0.19,0.63,0.09,48,reviewed,nc,nc
2003-12-22T22:53:21.440Z,35.6375,-120.9973333,7.296,2.46,md,13,157,0.08739,0.11,nc,nc21326631,2017-01-04T20:25:06.108Z,"11 km NE of Cambria, California",earthquake,0.48,1.06,0.14,10,reviewed,nc,nc
2003-12-22T22:52:13.220Z,35.667,-121.0878333,5.636,2.27,md,6,201,0.06667,0.02,nc,nc68005933,2017-01-04T20:25:00.226Z,"9 km ENE of San Simeon, California",earthquake,1.43,1.34,0.01,6,reviewed,nc,nc
2003-12-22T22:51:52.140Z,35.6593333,-121.0886667,8.944,2.08,md,11,186,0.1568,0.13,nc,nc68005932,2017-01-04T20:24:54.829Z,"9 km E of San Simeon, California",earthquake,1.34,2.67,0.15,8,reviewed,nc,nc
2003-12-22T22:48:06.840Z,35.5891667,-120.9815,5.953,2.48,md,9,193,0.08198,0.05,nc,nc68005931,2017-01-04T20:24:50.028Z,"9 km ENE of Cambria, California",earthquake,0.44,0.59,0.14,6,reviewed,nc,nc
2003-12-22T22:47:52.390Z,35.5966667,-120.9361667,7.058,1.77,md,23,77,0.06757,0.13,nc,nc30500557,2017-01-04T20:24:44.903Z,"13 km ENE of Cambria, California",earthquake,0.24,1.26,0.15,10,reviewed,nc,nc
2003-12-22T22:46:15.490Z,35.5391667,-120.8631667,2.59,2.58,md,46,48,0.03604,0.08,nc,nc30500556,2017-01-04T20:24:37.410Z,"11 km NNE of Cayucos, California",earthquake,0.16,0.55,0.08,42,reviewed,nc,nc
2003-12-22T22:45:27.010Z,35.658,-121.0065,6.509,2.62,md,36,59,0.09189,0.07,nc,nc30500555,2017-01-04T20:24:26.130Z,"12 km NNE of Cambria, California",earthquake,0.15,0.73,0.08,49,reviewed,nc,nc
2003-12-22T22:44:44.130Z,35.6601667,-121.0433333,8.374,2.27,md,20,69,0.07297,0.08,nc,nc21326628,2017-01-04T20:24:17.207Z,"11 km NNE of Cambria, California",earthquake,0.22,0.84,0.08,14,reviewed,nc,nc
2003-12-22T22:42:32.550Z,35.6628333,-121.0543333,7.537,2.23,md,19,87,0.07027,0.08,nc,nc30500554,2017-01-04T20:24:05.194Z,"11 km NNE of Cambria, California",earthquake,0.22,0.64,0.14,12,reviewed,nc,nc
2003-12-22T22:41:15.130Z,35.5761667,-120.9081667,8.589,2.07,md,24,73,0.1189,0.13,nc,nc21326627,2017-01-04T20:23:59.138Z,"14 km N of Cayucos, California",earthquake,0.26,1.29,0.15,18,reviewed,nc,nc
2003-12-22T22:39:17.760Z,35.5543333,-120.8745,8.994,3.22,ml,47,73,0.0955,0.07,nc,nc30500573,2017-01-04T20:23:52.130Z,"Central California",earthquake,0.18,0.87,,3,reviewed,nc,nc
2003-12-22T22:38:53.380Z,35.71,-121.0375,3.682,2.67,md,25,102,0.0991,0.04,nc,nc30500572,2017-01-04T20:23:42.978Z,"8 km SW of Oak Shores, California",earthquake,0.17,0.49,0.42,24,reviewed,nc,nc
2003-12-22T22:38:15.210Z,35.7106667,-121.067,0.697,1.81,md,7,124,0.07658,0.32,nc,nc40148918,2017-01-04T20:23:32.862Z,"Near the coast of Central California",earthquake,0.96,7.27,0.01,5,reviewed,nc,nc
2003-12-22T22:36:47.850Z,35.7035,-121.0283333,8.177,3.07,md,49,51,0.1045,0.08,nc,nc30500571,2017-01-04T20:23:25.590Z,"8 km SSW of Oak Shores, California",earthquake,0.13,0.69,0.09,66,reviewed,nc,nc
2003-12-22T22:36:16.730Z,35.5993333,-120.9366667,3.958,2.26,md,28,97,0.07027,0.13,nc,nc30500570,2017-01-04T20:23:16.076Z,"13 km ENE of Cambria, California",earthquake,0.24,0.54,0.09,21,reviewed,nc,nc
2003-12-22T22:35:29.490Z,35.567,-120.9616667,8.383,2.29,md,6,202,0.05586,0.06,nc,nc68005919,2017-01-04T20:23:09.729Z,"10 km E of Cambria, California",earthquake,2.1,3.13,0.09,7,reviewed,nc,nc
2003-12-22T22:34:38.570Z,35.5755,-120.8756667,7.408,2.36,md,32,76,0.04865,0.09,nc,nc30500569,2017-01-04T20:23:04.174Z,"14 km N of Cayucos, California",earthquake,0.24,0.81,0.16,23,reviewed,nc,nc
2003-12-22T22:33:02.410Z,35.5836667,-120.8913333,8.328,2.53,md,20,88,0.05135,0.1,nc,nc21326651,2017-01-04T20:22:58.810Z,"15 km N of Cayucos, California",earthquake,0.41,1.33,0.14,19,reviewed,nc,nc
2003-12-22T22:30:07.820Z,35.7008333,-121.0248333,6.797,2.08,md,24,72,0.1063,0.06,nc,nc30500568,2017-01-04T20:22:52.886Z,"8 km SSW of Oak Shores, California",earthquake,0.19,0.73,0.1,20,reviewed,nc,nc
2003-12-22T22:29:40.310Z,35.5741667,-120.9313333,4.063,2.21,md,6,231,0.04505,0.08,nc,nc68005915,2017-01-04T20:22:47.312Z,"13 km E of Cambria, California",earthquake,0.6,2,0.06,6,reviewed,nc,nc
2003-12-22T22:28:18.450Z,35.7061667,-121.0568333,5.754,2.91,md,51,74,0.1099,0.08,nc,nc30500567,2017-01-04T20:22:40.310Z,"9 km SW of Oak Shores, California",earthquake,0.14,0.68,0.1,74,reviewed,nc,nc
2003-12-22T22:27:10.440Z,35.7138333,-120.8563333,19.867,2.66,md,6,333,0.1847,0.12,nc,nc68005913,2017-01-04T20:22:27.258Z,"2 km SE of Lake Nacimiento, California",earthquake,11.45,4.11,0.09,3,reviewed,nc,nc
2003-12-22T22:26:35.350Z,35.6355,-120.9961667,4.372,2.41,md,31,72,0.08739,0.15,nc,nc30500566,2017-01-04T20:22:20.818Z,"11 km NE of Cambria, California",earthquake,0.2,0.67,0.1,24,reviewed,nc,nc
2003-12-22T22:25:10.940Z,35.5651667,-120.8728333,8.993,2.68,md,13,195,0.04144,0.07,nc,nc68005911,2017-01-04T20:22:14.952Z,"13 km N of Cayucos, California",earthquake,0.59,0.89,0.08,12,reviewed,nc,nc
2003-12-22T22:24:30.000Z,35.6608333,-121.077,4.464,2.8,md,50,129,0.06216,0.08,nc,nc21326637,2017-01-04T20:22:08.710Z,"10 km E of San Simeon, California",earthquake,0.15,0.68,0.07,49,reviewed,nc,nc
2003-12-22T22:22:25.350Z,35.2453333,-120.738,6.104,2.29,md,24,55,0.03784,0.06,nc,nc30500565,2017-01-04T20:21:59.211Z,"Central California",earthquake,0.17,0.36,0.11,19,reviewed,nc,nc
2003-12-22T22:21:35.580Z,35.565,-120.8606667,7.266,2.31,md,37,57,0.07658,0.12,nc,nc30500564,2017-01-04T20:21:50.681Z,"13 km NNE of Cayucos, California",earthquake,0.21,1.37,0.17,32,reviewed,nc,nc
2003-12-22T22:19:22.270Z,35.6708333,-121.0661667,12.556,3.58,md,14,193,0.07387,0.11,nc,nc68005907,2017-01-04T20:21:42.181Z,"11 km ENE of San Simeon, California",earthquake,1.16,1.38,0.08,12,reviewed,nc,nc
2003-12-22T22:18:20.670Z,35.7095,-121.0645,5.638,3.51,ml,55,57,0.07748,0.08,nc,nc30500563,2017-01-04T20:21:32.500Z,"10 km SW of Oak Shores, California",earthquake,0.14,0.54,,17,reviewed,nc,nc
2003-12-22T22:17:55.360Z,35.6351667,-120.8933333,5.973,2.23,md,19,92,0.1018,0.08,nc,nc21326635,2017-01-04T20:21:18.064Z,"10 km S of Lake Nacimiento, California",earthquake,0.35,0.66,0.12,10,reviewed,nc,nc
2003-12-22T22:15:49.060Z,35.5783333,-120.9446667,0.263,2.18,md,7,197,0.05405,0.01,nc,nc68005904,2017-01-04T20:21:06.717Z,"12 km E of Cambria, California",earthquake,0.61,1.3,0.06,4,reviewed,nc,nc
2003-12-22T22:14:30.030Z,35.6245,-121.0726667,14.269,2.52,md,6,187,0.02973,0.05,nc,nc68005903,2017-01-04T20:20:58.075Z,"6 km N of Cambria, California",earthquake,2.26,1.03,0.02,4,reviewed,nc,nc
2003-12-22T22:12:51.420Z,35.6213333,-121.0118333,9.106,2.42,md,29,83,0.07027,0.38,nc,nc21326687,2017-01-04T20:20:50.530Z,"8 km NE of Cambria, California",earthquake,0.58,1.98,0.13,24,reviewed,nc,nc
2003-12-22T22:11:32.270Z,35.6045,-120.8548333,3.413,2.45,md,8,255,0.08198,0.03,nc,nc68005901,2017-01-04T20:20:41.995Z,"13 km S of Lake Nacimiento, California",earthquake,1.07,1.44,0.25,3,reviewed,nc,nc
2003-12-22T22:10:17.600Z,35.7013333,-121.0338333,9.14,2.8,md,52,53,0.1,0.09,nc,nc30500581,2017-01-04T20:20:33.060Z,"9 km SSW of Oak Shores, California",earthquake,0.15,0.54,0.11,67,reviewed,nc,nc
2003-12-22T22:09:08.470Z,35.6495,-121.0788333,7.949,2.56,md,8,194,0.05045,0.06,nc,nc68005899,2017-01-04T20:20:19.968Z,"9 km N of Cambria, California",earthquake,1.49,0.96,0.15,7,reviewed,nc,nc
2003-12-22T22:08:19.160Z,35.6976667,-121.0396667,10.112,1.95,md,25,58,0.09459,0.08,nc,nc30500580,2017-01-04T20:20:12.142Z,"9 km SW of Oak Shores, California",earthquake,0.2,0.66,0.26,15,reviewed,nc,nc
2003-12-22T22:07:10.370Z,35.6918333,-121.0375,6.82,2.61,md,57,69,0.1027,0.25,nc,nc30500579,2017-01-04T20:20:02.600Z,"10 km SSW of Oak Shores, California",earthquake,0.3,1.41,0.11,46,reviewed,nc,nc
2003-12-22T22:06:58.330Z,35.5933333,-120.879,7.452,2.95,md,9,111,0.06396,0.03,nc,nc30500578,2017-01-04T20:19:49.974Z,"14 km S of Lake Nacimiento, California",earthquake,0.36,0.88,0.06,6,reviewed,nc,nc
2003-12-22T22:05:42.460Z,35.6533333,-121.031,9.869,2.1,md,16,80,0.07387,0.09,nc,nc30500577,2017-01-04T20:19:41.846Z,"10 km NNE of Cambria, California",earthquake,0.23,1.02,0.16,10,reviewed,nc,nc
2003-12-22T22:05:04.340Z,35.5691667,-120.9235,3.648,2.71,md,47,80,0.03784,0.14,nc,nc21326686,2017-01-04T20:19:31.530Z,"14 km E of Cambria, California",earthquake,0.2,0.41,0.1,55,reviewed,nc,nc
2003-12-22T22:04:16.170Z,35.4903333,-120.965,8.499,2.31,md,6,272,0.02973,0.01,nc,nc68005893,2017-01-04T20:19:18.109Z,"8 km NW of Cayucos, California",earthquake,1.6,1.32,0.02,4,reviewed,nc,nc
2003-12-22T22:03:07.810Z,35.7528333,-120.9005,25.61,2.88,md,5,159,0.02793,0.09,nc,nc30226812,2017-01-04T20:19:09.465Z,"3 km NW of Lake Nacimiento, California",earthquake,1.32,0.88,0.1,3,reviewed,nc,nc
2003-12-22T22:01:42.570Z,35.6328333,-120.9195,0.363,3.08,md,20,141,0.04414,0.14,nc,nc21323978,2017-01-04T20:19:00.595Z,"11 km SSW of Lake Nacimiento, California",earthquake,0.37,3.53,0.71,19,reviewed,nc,nc
2003-12-22T21:58:44.130Z,35.5326667,-120.836,6.693,2.45,md,17,111,0.05766,0.15,nc,nc30226811,2017-01-04T20:18:51.662Z,"11 km NNE of Cayucos, California",earthquake,0.44,0.91,0.12,3,reviewed,nc,nc
2003-12-22T21:58:24.340Z,35.7101667,-121.0596667,6.43,2.03,md,31,55,0.08198,0.06,nc,nc21323963,2017-01-04T20:18:43.475Z,"9 km SW of Oak Shores, California",earthquake,0.13,0.37,0.12,18,reviewed,nc,nc
2003-12-22T21:55:55.850Z,35.672,-121.1076667,6.665,2.09,md,20,115,0.03874,0.07,nc,nc40148885,2017-01-04T20:18:34.757Z,"8 km ENE of San Simeon, California",earthquake,0.25,0.44,0.02,10,reviewed,nc,nc
2003-12-22T21:54:18.350Z,35.6076667,-120.8966667,6.422,2.41,md,39,84,0.07387,0.08,nc,nc40148884,2017-01-04T20:18:24.040Z,"13 km S of Lake Nacimiento, California",earthquake,0.17,1.16,0.09,38,reviewed,nc,nc
2003-12-22T21:52:55.350Z,35.7061667,-121.0438333,9.27,2.42,md,22,120,0.09279,0.03,nc,nc68005886,2017-01-04T20:18:04.530Z,"9 km SW of Oak Shores, California",earthquake,0.3,0.43,0.142,28,reviewed,nc,nc
2003-12-22T21:50:52.780Z,35.6953333,-121.0538333,5.517,2.28,md,16,101,0.08288,0.06,nc,nc30500427,2017-01-04T20:17:39.005Z,"10 km SW of Oak Shores, California",earthquake,0.52,0.74,0.11,10,reviewed,nc,nc
2003-12-22T21:50:47.030Z,35.5321667,-120.9438333,10.665,2.53,md,5,182,0.07477,0.02,nc,nc68005884,2017-01-04T20:17:29.920Z,"10 km NNW of Cayucos, California",earthquake,0.79,1.1,,1,reviewed,nc,nc
2003-12-22T21:50:07.890Z,35.5361667,-120.8935,7.414,2.72,md,29,76,0.07748,0.06,nc,nc30500426,2017-01-04T20:17:21.944Z,"10 km N of Cayucos, California",earthquake,0.2,0.63,0.17,23,reviewed,nc,nc
2003-12-22T21:49:15.410Z,35.6588333,-121.1096667,10.116,2.34,md,6,179,0.05946,0.03,nc,nc68005882,2017-01-04T20:17:12.765Z,"7 km ENE of San Simeon, California",earthquake,2.06,1.52,0.47,3,reviewed,nc,nc
2003-12-22T21:48:48.640Z,35.6495,-121.1038333,9.334,2.39,md,12,177,0.1486,0.09,nc,nc68005881,2017-01-04T20:17:03.976Z,"7 km E of San Simeon, California",earthquake,1.45,2.25,0.15,2,reviewed,nc,nc
2003-12-22T21:47:36.960Z,35.6103333,-120.911,7.688,2.81,md,57,88,0.04775,0.11,nc,nc30500425,2017-01-04T20:16:54.330Z,"Central California",earthquake,0.19,0.82,0.07,69,reviewed,nc,nc
2003-12-22T21:46:40.460Z,35.5735,-120.9201667,3.568,2.55,md,39,77,0.04144,0.13,nc,nc30500424,2017-01-04T20:16:37.456Z,"14 km E of Cambria, California",earthquake,0.22,0.51,0.15,33,reviewed,nc,nc
2003-12-22T21:46:09.190Z,35.5818333,-120.951,5.183,2.48,md,12,195,0.06036,0.14,nc,nc68005878,2017-01-04T20:16:28.425Z,"11 km E of Cambria, California",earthquake,0.65,0.61,0.2,2,reviewed,nc,nc
2003-12-22T21:45:42.470Z,35.7113333,-121.065,5.445,2.6,md,35,55,0.07838,0.06,nc,nc21324933,2017-01-04T20:16:14.940Z,"10 km SW of Oak Shores, California",earthquake,0.19,0.54,0.24,40,reviewed,nc,nc
2003-12-22T21:43:46.750Z,35.6275,-120.8636667,6.939,2,md,14,113,0.01351,0.12,nc,nc30500517,2017-01-04T20:15:56.828Z,"11 km S of Lake Nacimiento, California",earthquake,0.35,0.75,0.28,6,reviewed,nc,nc
2003-12-22T21:42:50.720Z,35.541,-120.8621667,9.958,2.04,md,14,154,0.03694,0.1,nc,nc30500516,2017-01-04T20:15:48.495Z,"11 km NNE of Cayucos, California",earthquake,0.57,1.36,0.17,9,reviewed,nc,nc
2003-12-22T21:41:00.150Z,35.6951667,-121.0366667,4.193,2.41,md,43,107,0.1486,0.24,nc,nc30500515,2017-01-04T20:15:39.994Z,"9 km SSW of Oak Shores, California",earthquake,0.29,1.52,0.15,31,reviewed,nc,nc
2003-12-22T21:39:54.190Z,35.6115,-120.9656667,3.523,3.13,ml,62,72,0.08649,0.1,nc,nc21325465,2017-01-04T20:15:29.350Z,"11 km ENE of Cambria, California",earthquake,0.19,0.48,,2,reviewed,nc,nc
2003-12-22T21:39:10.600Z,35.6756667,-120.7981667,8.99,1.95,md,6,323,0.1676,0.07,nc,nc68005872,2017-01-04T20:15:15.332Z,"9 km SE of Lake Nacimiento, California",earthquake,8.91,3.56,0.08,3,reviewed,nc,nc
2003-12-22T21:37:15.940Z,35.5653333,-120.9681667,4.373,3.26,ml,61,62,0.05946,0.11,nc,nc30226674,2017-01-04T20:15:05.170Z,"10 km E of Cambria, California",earthquake,0.16,0.32,,3,reviewed,nc,nc
2003-12-22T21:36:03.020Z,35.5785,-120.94,1.456,3.1,ml,39,84,0.05225,0.14,nc,nc21323894,2017-01-04T20:14:49.163Z,"12 km E of Cambria, California",earthquake,0.18,1.32,,4,reviewed,nc,nc
2003-12-22T21:35:10.800Z,35.7058333,-121.055,2.322,2.82,md,34,75,0.1099,0.06,nc,nc30500294,2017-01-04T20:14:40.016Z,"9 km SW of Oak Shores, California",earthquake,0.18,1.21,0.15,37,reviewed,nc,nc
2003-12-22T21:33:25.430Z,35.6096667,-121.031,20.17,2.94,md,7,190,0.05225,0.04,nc,nc68005868,2017-01-04T20:14:31.385Z,"6 km NE of Cambria, California",earthquake,2.44,1.79,,1,reviewed,nc,nc
2003-12-22T21:31:36.410Z,35.7076667,-121.0661667,4.859,4.2,mw,57,58,0.07568,0.08,nc,nc30500293,2017-03-17T19:45:02.394Z,"10 km SW of Oak Shores, California",earthquake,0.15,0.56,,3,reviewed,nc,nc
2003-12-22T21:31:13.690Z,35.6746667,-121.01,6.341,2.08,md,19,67,0.1009,0.05,nc,nc30500292,2017-01-04T20:13:57.773Z,"10 km SSW of Oak Shores, California",earthquake,0.21,0.81,0.18,8,reviewed,nc,nc
2003-12-22T21:28:54.400Z,35.6836667,-121.1051667,5.942,3.02,ml,56,95,0.03964,0.08,nc,nc30500291,2017-01-04T20:13:47.910Z,"8 km ENE of San Simeon, California",earthquake,0.13,0.4,,6,reviewed,nc,nc
2003-12-22T21:27:56.500Z,35.7085,-121.0795,8.684,2.65,md,42,84,0.1081,0.08,nc,nc21323807,2017-01-04T20:13:32.760Z,"11 km SW of Oak Shores, California",earthquake,0.15,0.62,0.14,47,reviewed,nc,nc
2003-12-22T21:27:23.440Z,35.5823333,-120.8926667,6.018,2.13,md,24,66,0.04955,0.06,nc,nc30500303,2017-01-04T20:13:19.429Z,"15 km N of Cayucos, California",earthquake,0.23,0.49,0.1,11,reviewed,nc,nc
2003-12-22T21:25:11.680Z,35.533,-120.8351667,8.013,3.21,md,14,200,0.05856,0.12,nc,nc68005862,2017-01-04T20:13:10.976Z,"11 km NNE of Cayucos, California",earthquake,0.63,1.02,0.19,5,reviewed,nc,nc
2003-12-22T21:24:30.720Z,35.6641667,-121.0395,7.64,3,ml,32,66,0.07748,0.08,nc,nc30500302,2017-01-04T20:13:02.341Z,"11 km NNE of Cambria, California",earthquake,0.16,0.62,,4,reviewed,nc,nc
2003-12-22T21:23:42.190Z,35.7106667,-121.0586667,4.263,2.68,md,29,90,0.08288,0.22,nc,nc30500301,2017-01-04T20:12:53.123Z,"9 km SW of Oak Shores, California",earthquake,0.32,0.98,0.13,20,reviewed,nc,nc
2003-12-22T21:22:29.940Z,35.7005,-121.0226667,7.791,3.18,ml,56,62,0.1153,0.1,nc,nc30500300,2017-01-04T20:12:43.030Z,"8 km SSW of Oak Shores, California",earthquake,0.16,0.93,,2,reviewed,nc,nc
2003-12-22T21:21:12.330Z,35.6316667,-121.0016667,4.902,2.87,md,47,75,0.08198,0.1,nc,nc30500299,2017-01-04T20:12:24.900Z,"10 km NE of Cambria, California",earthquake,0.14,0.69,0.15,57,reviewed,nc,nc
2003-12-22T21:19:44.840Z,35.5765,-120.8825,3.86,2.6,md,34,78,0.04685,0.07,nc,nc21323920,2017-01-04T20:12:11.143Z,"14 km N of Cayucos, California",earthquake,0.23,0.48,0.07,30,reviewed,nc,nc
2003-12-22T21:17:37.600Z,35.6325,-120.9385,8.318,2.2,md,9,221,0.1721,0.03,nc,nc40148855,2017-01-04T20:12:02.537Z,"11 km SSW of Lake Nacimiento, California",earthquake,2.79,8.26,0.04,5,reviewed,nc,nc
2003-12-22T21:17:05.260Z,35.6036667,-120.836,3.615,2.31,md,24,75,0.04505,0.04,nc,nc40148854,2017-01-04T20:11:54.019Z,"13 km WNW of Templeton, California",earthquake,0.25,1.48,0.08,22,reviewed,nc,nc
2003-12-22T21:16:04.600Z,35.6275,-120.9465,9.311,2.92,md,32,98,0.06667,0.22,nc,nc40148853,2017-01-04T20:11:45.459Z,"12 km SSW of Lake Nacimiento, California",earthquake,0.45,1.34,0.31,17,reviewed,nc,nc
2003-12-22T21:15:23.660Z,35.6288333,-120.9406667,3.711,2.75,md,32,96,0.06216,0.09,nc,nc40148852,2017-01-04T20:11:36.786Z,"12 km SSW of Lake Nacimiento, California",earthquake,0.18,0.73,0.06,20,reviewed,nc,nc
2003-12-22T21:12:25.320Z,35.5675,-120.8196667,1.898,2.39,md,25,77,0.1198,0.1,nc,nc21324926,2017-01-04T20:11:27.995Z,"10 km W of Templeton, California",earthquake,0.25,2.07,0.11,23,reviewed,nc,nc
2003-12-22T21:10:34.320Z,35.5945,-120.869,6.413,3.01,md,9,203,0.1586,0.04,nc,nc68005851,2017-01-04T20:11:19.001Z,"14 km S of Lake Nacimiento, California",earthquake,0.79,1.93,0.04,5,reviewed,nc,nc
2003-12-22T21:09:07.670Z,35.5256667,-120.8425,6.19,2.13,md,27,56,0.05315,0.16,nc,nc21323751,2017-01-04T20:11:10.046Z,"10 km NNE of Cayucos, California",earthquake,0.34,0.73,0.11,22,reviewed,nc,nc
2003-12-22T21:06:52.670Z,35.5446667,-120.8508333,8.672,2.97,md,11,201,0.08919,0.11,nc,nc68005849,2017-01-04T20:11:01.748Z,"11 km NNE of Cayucos, California",earthquake,1.03,1.15,0.18,6,reviewed,nc,nc
2003-12-22T21:06:10.720Z,35.5748333,-120.9313333,4.032,3.28,ml,56,82,0.04595,0.16,nc,nc21323828,2017-01-04T20:10:51.300Z,"13 km E of Cambria, California",earthquake,0.2,0.82,,16,reviewed,nc,nc
2003-12-22T21:05:07.860Z,35.6631667,-121.0771667,8.016,2.95,md,16,189,0.06396,0.09,nc,nc68005847,2017-01-04T20:10:38.083Z,"10 km ENE of San Simeon, California",earthquake,0.91,0.69,0.05,6,reviewed,nc,nc
2003-12-22T21:04:31.510Z,35.7061667,-121.0735,7.867,1.6,md,7,187,0.06937,0.01,nc,nc21323741,2017-01-04T20:10:29.464Z,"11 km SW of Oak Shores, California",earthquake,0.45,1.1,0.1,7,reviewed,nc,nc
2003-12-22T21:03:33.160Z,35.5791667,-120.8785,3.093,3.06,md,44,77,0.05045,0.07,nc,nc40148844,2017-01-04T20:10:19.200Z,"15 km N of Cayucos, California",earthquake,0.17,0.61,0.08,58,reviewed,nc,nc
2003-12-22T21:02:22.090Z,35.6843333,-121.0545,5.525,2.2,md,17,67,0.08108,0.03,nc,nc21326693,2017-01-04T20:10:05.767Z,"11 km SW of Oak Shores, California",earthquake,0.25,0.5,0.21,13,reviewed,nc,nc
2003-12-22T21:01:00.250Z,35.5441667,-120.846,4.928,2.53,md,22,147,0.09009,0.06,nc,nc40148841,2017-01-04T20:09:56.549Z,"12 km NNE of Cayucos, California",earthquake,0.34,1.42,0.07,25,reviewed,nc,nc
2003-12-22T21:00:21.560Z,35.5568333,-120.8723333,6.533,2.22,md,17,82,0.03604,0.11,nc,nc40148840,2017-01-04T20:09:47.550Z,"12 km N of Cayucos, California",earthquake,0.35,0.86,0.1,18,reviewed,nc,nc
2003-12-22T20:59:37.170Z,35.6238333,-121.0298333,9.749,2.53,md,16,93,0.05766,0.06,nc,nc40148839,2017-01-04T20:09:38.739Z,"8 km NE of Cambria, California",earthquake,0.36,0.67,0.09,17,reviewed,nc,nc
2003-12-22T20:58:55.020Z,35.6326667,-121.014,7.611,2.83,md,50,47,0.07297,0.1,nc,nc40148838,2017-01-04T20:09:28.980Z,"9 km NE of Cambria, California",earthquake,0.16,0.63,0.12,66,reviewed,nc,nc
2003-12-22T20:58:03.740Z,35.703,-121.0586667,4.972,2.09,md,16,74,0.08018,0.04,nc,nc40148837,2017-01-04T20:09:11.335Z,"10 km SW of Oak Shores, California",earthquake,0.22,0.45,0.11,16,reviewed,nc,nc
2003-12-22T20:57:01.850Z,35.6363333,-121.03,10.84,2,md,8,192,0.06306,0.1,nc,nc68005839,2017-01-04T20:09:02.795Z,"9 km NNE of Cambria, California",earthquake,1.14,1.1,0.05,4,reviewed,nc,nc
2003-12-22T20:56:07.730Z,35.5843333,-120.8943333,4.69,3.49,md,28,83,0.05135,0.13,nc,nc40148835,2017-01-04T20:08:54.683Z,"Central California",earthquake,0.34,1.03,0.08,16,reviewed,nc,nc
2003-12-22T20:55:39.850Z,35.6878333,-121.0641667,-0.082,1.88,md,5,237,0.07297,0.05,nc,nc40148834,2017-01-04T20:08:46.794Z,"11 km SW of Oak Shores, California",earthquake,1.31,6.22,0.07,4,reviewed,nc,nc
2003-12-22T20:52:39.770Z,35.575,-120.8751667,4.81,2.37,md,8,218,0.1396,0.08,nc,nc68005837,2017-01-04T20:08:38.220Z,"14 km N of Cayucos, California",earthquake,1,1.22,,1,reviewed,nc,nc
2003-12-22T20:50:53.390Z,35.7081667,-121.049,4.846,3.13,ml,30,72,0.1135,0.17,nc,nc30500423,2017-01-04T20:08:30.137Z,"9 km SW of Oak Shores, California",earthquake,0.26,1.61,,5,reviewed,nc,nc
2003-12-22T20:49:59.400Z,35.6326667,-121.0308333,1.756,3.31,md,46,127,0.06036,0.23,nc,nc30500422,2017-01-04T20:08:21.023Z,"8 km NNE of Cambria, California",earthquake,0.33,1.54,0.65,46,reviewed,nc,nc
2003-12-22T20:48:15.810Z,35.5796667,-120.9346667,5.098,2.8,md,45,82,0.05135,0.17,nc,nc30500421,2017-01-04T20:08:13.013Z,"13 km E of Cambria, California",earthquake,0.28,0.95,0.12,35,reviewed,nc,nc
2003-12-22T20:47:02.610Z,35.5906667,-120.9556667,3.318,2.96,md,31,106,0.06937,0.07,nc,nc21324924,2017-01-04T20:08:04.848Z,"11 km ENE of Cambria, California",earthquake,0.22,0.57,0.08,28,reviewed,nc,nc
2003-12-22T20:46:16.530Z,35.6048333,-120.791,0.063,2.81,md,11,225,0.118,0.04,nc,nc68005832,2017-01-04T20:07:57.757Z,"9 km WSW of Paso Robles, California",earthquake,0.5,1.19,0.05,2,reviewed,nc,nc
2003-12-22T20:44:17.580Z,35.6581667,-121.0948333,5.904,3.49,ml,41,111,0.05405,0.1,nc,nc30500442,2017-01-04T20:07:50.770Z,"8 km E of San Simeon, California",earthquake,0.16,0.37,,4,reviewed,nc,nc
2003-12-22T20:41:43.870Z,35.6615,-121.0463333,4.6,4.38,ml,55,100,0.1433,0.08,nc,nc71110459,2019-06-14T00:50:01.997Z,"11km NNE of Cambria, CA",earthquake,0.15,0.8,0.128,8,reviewed,nc,nc
2003-12-22T20:41:35.110Z,35.5905,-120.948,3.95,2.37,md,62,63,0.06582,0.05,nc,nc68005830,2023-01-31T05:08:14.630Z,"12km ENE of Cambria, CA",earthquake,0.13,0.55,0.805,2,reviewed,nc,nc
2003-12-22T20:41:09.880Z,35.5861667,-120.8871667,2.753,4.28,ml,36,80,0.05495,0.09,nc,nc30500441,2017-03-17T19:45:46.955Z,"15 km S of Lake Nacimiento, California",earthquake,0.22,0.73,,0,reviewed,nc,nc
2003-12-22T20:38:20.570Z,35.6873333,-121.103,6.032,3.4,md,45,88,0.04144,0.05,nc,nc21324971,2017-01-04T20:07:26.380Z,"Near the coast of Central California",earthquake,0.14,0.4,0.12,47,reviewed,nc,nc
2003-12-22T20:36:33.910Z,35.5501667,-120.848,8.499,2.77,md,31,69,0.0955,0.05,nc,nc30500290,2017-01-04T20:07:17.230Z,"12 km NNE of Cayucos, California",earthquake,0.21,0.8,0.13,30,reviewed,nc,nc
2003-12-22T20:34:57.110Z,35.5621667,-120.9358333,7.678,2.82,md,33,87,0.03694,0.13,nc,nc30500289,2017-01-04T20:07:12.369Z,"13 km E of Cambria, California",earthquake,0.22,0.95,0.13,40,reviewed,nc,nc
2003-12-22T20:34:08.320Z,35.663,-121.0711667,4.399,2.54,md,22,110,0.06486,0.12,nc,nc30500288,2017-01-04T20:07:06.930Z,"11 km N of Cambria, California",earthquake,0.41,0.84,0.16,18,reviewed,nc,nc
2003-12-22T20:33:39.490Z,35.54,-120.849,10.389,2.38,md,12,89,0.08559,0.07,nc,nc30500287,2017-01-04T20:07:00.637Z,"Central California",earthquake,0.43,1.1,0.15,4,reviewed,nc,nc
2003-12-22T20:33:14.100Z,35.664,-120.967,-0.151,2.04,md,12,215,0.1216,0.25,nc,nc68005823,2017-01-04T20:06:54.328Z,"10 km SW of Lake Nacimiento, California",earthquake,2.08,11.83,0.18,2,reviewed,nc,nc
2003-12-22T20:31:01.410Z,35.5598333,-120.8898333,10.216,2.34,md,29,79,0.08378,0.07,nc,nc21323760,2017-01-04T20:06:42.131Z,"12 km N of Cayucos, California",earthquake,0.29,0.93,0.08,27,reviewed,nc,nc
2003-12-22T20:30:06.940Z,35.6706667,-121.0993333,5.622,2.33,md,15,109,0.04595,0.07,nc,nc30506032,2017-01-04T20:06:35.756Z,"8 km ENE of San Simeon, California",earthquake,0.2,0.45,0.27,10,reviewed,nc,nc
2003-12-22T20:29:29.280Z,35.6955,-121.0596667,9.23,2.28,md,11,187,0.07748,0.1,nc,nc30506031,2017-01-04T20:06:29.327Z,"10 km SW of Oak Shores, California",earthquake,0.59,1.1,0.101,12,reviewed,nc,nc
2003-12-22T20:29:28.830Z,35.5258333,-120.8456667,8.22,2.08,md,34,152,0.07297,0.04,nc,nc68005818,2017-01-04T20:06:20.260Z,"10 km NNE of Cayucos, California",earthquake,0.37,0.73,0.189,23,reviewed,nc,nc
2003-12-22T20:29:03.680Z,35.676,-121.0211667,8.82,1.94,md,6,201,0.0964,0.04,nc,nc68005817,2017-01-04T20:06:08.992Z,"11 km SSW of Oak Shores, California",earthquake,1.51,2.27,0.21,3,reviewed,nc,nc
2003-12-22T20:27:15.640Z,35.5913333,-120.8666667,1.776,1.79,md,13,202,0.1748,0.04,nc,nc21323745,2017-01-04T20:06:02.914Z,"15 km S of Lake Nacimiento, California",earthquake,0.78,1.74,0.27,7,reviewed,nc,nc
2003-12-22T20:22:49.580Z,35.6705,-121.0471667,6.103,1.52,md,5,290,0.07928,0.07,nc,nc68005812,2017-01-04T20:05:26.216Z,"Near the coast of Central California",earthquake,2.76,1.61,0.09,3,reviewed,nc,nc
2003-12-22T20:22:14.560Z,35.6585,-121.0198333,5.56,3.1,ml,20,67,0.08378,0.09,nc,nc68005811,2017-01-04T20:05:19.476Z,"Near the coast of Central California",earthquake,0.23,0.79,,9,reviewed,nc,nc
2003-12-22T20:21:26.270Z,35.5925,-120.9531667,3.223,2.9,md,21,105,0.07027,0.06,nc,nc40148808,2017-01-04T20:05:13.135Z,"Central California",earthquake,0.26,0.88,0.11,15,reviewed,nc,nc
2003-12-22T20:20:12.400Z,35.6281667,-121.0015,3.903,2.97,md,31,87,0.1198,0.11,nc,nc30506045,2017-01-04T20:05:05.360Z,"10 km NE of Cambria, California",earthquake,0.19,0.83,0.19,35,reviewed,nc,nc
2003-12-22T20:19:31.890Z,35.6235,-120.9521667,5.251,2.2,md,13,101,0.07207,0.04,nc,nc40148805,2017-01-04T20:04:45.219Z,"13 km SSW of Lake Nacimiento, California",earthquake,0.36,0.62,0.22,8,reviewed,nc,nc
2003-12-22T20:19:00.490Z,35.5511667,-120.85,4.92,2.54,md,18,97,0.04955,0.06,nc,nc40148804,2017-01-04T20:04:37.532Z,"12 km NNE of Cayucos, California",earthquake,0.33,0.6,0.09,18,reviewed,nc,nc
2003-12-22T20:18:44.150Z,35.5253333,-120.8651667,8.709,1.9,md,10,256,0.06757,0.1,nc,nc68005806,2017-01-04T20:04:30.841Z,"9 km NNE of Cayucos, CA",earthquake,1.72,0.98,0.03,2,reviewed,nc,nc
2003-12-22T20:16:42.250Z,35.7333333,-121.1066667,4.715,2.55,md,22,58,0.06396,0.25,nc,nc30500286,2017-01-04T20:04:24.945Z,"12 km WSW of Oak Shores, California",earthquake,0.39,0.83,0.12,26,reviewed,nc,nc
2003-12-22T20:15:28.820Z,35.5088333,-120.985,17.873,2.55,md,5,172,0.04595,0.05,nc,nc68005804,2017-01-04T20:04:17.892Z,"10 km SE of Cambria, California",earthquake,3.75,1.3,0.05,2,reviewed,nc,nc
2003-12-22T20:14:48.160Z,35.6676667,-120.8803333,0.061,3.17,ml,33,48,0.02883,0.27,nc,nc21323743,2017-01-04T20:04:11.797Z,"6 km S of Lake Nacimiento, California",earthquake,0.4,4.52,,15,reviewed,nc,nc
2003-12-22T20:13:20.730Z,35.6405,-121.0431667,3.6,2.75,md,41,128,0.05766,0.1,nc,nc21323742,2017-01-04T20:04:05.262Z,"9 km NNE of Cambria, California",earthquake,0.16,0.56,0.24,48,reviewed,nc,nc
2003-12-22T20:12:46.600Z,35.7068333,-121.0215,6.909,2.83,md,32,51,0.1108,0.12,nc,nc30500285,2017-01-04T20:03:58.010Z,"7 km SSW of Oak Shores, California",earthquake,0.23,1.33,0.11,36,reviewed,nc,nc
2003-12-22T20:12:19.720Z,35.5316667,-120.8243333,3.312,2.57,md,19,69,0.08649,0.09,nc,nc30500284,2017-01-04T20:03:50.398Z,"10 km W of Templeton, California",earthquake,0.33,1.73,0.12,16,reviewed,nc,nc
2003-12-22T20:11:10.910Z,35.631,-121.053,7.666,2.58,md,21,98,0.04505,0.07,nc,nc30500283,2017-01-04T20:03:44.293Z,"7 km NNE of Cambria, California",earthquake,0.37,0.63,0.19,13,reviewed,nc,nc
2003-12-22T20:10:26.430Z,35.6218333,-120.9995,10.722,2.66,md,22,211,0.1595,0.16,nc,nc30500282,2017-01-04T20:03:37.396Z,"9 km NE of Cambria, California",earthquake,1.63,4.55,0.09,17,reviewed,nc,nc
2003-12-22T20:08:31.620Z,35.6541667,-121.0486667,7.877,3.15,ml,20,72,0.06486,0.13,nc,nc68005797,2017-01-04T20:03:30.103Z,"10 km NNE of Cambria, California",earthquake,0.39,0.94,,4,reviewed,nc,nc
2003-12-22T20:06:14.670Z,35.687,-121.1068333,6.848,4.14,ml,50,96,0.03874,0.07,nc,nc30500281,2017-03-17T19:44:20.839Z,"8 km ENE of San Simeon, California",earthquake,0.13,0.46,,18,reviewed,nc,nc
2003-12-22T20:05:34.400Z,35.654,-121.0593333,4.073,3.35,ml,27,128,0.08198,0.09,nc,nc30500280,2017-01-04T20:03:01.071Z,"10 km N of Cambria, California",earthquake,0.22,0.79,,8,reviewed,nc,nc
2003-12-22T20:05:18.920Z,35.7025,-121.0575,5.952,3.65,ml,22,76,0.08108,0.09,nc,nc21323740,2017-01-04T20:02:55.416Z,"10 km SW of Oak Shores, California",earthquake,0.18,0.69,,8,reviewed,nc,nc
2003-12-22T20:03:05.010Z,35.6615,-121.1013333,10.411,2.95,md,17,135,0.1468,0.14,nc,nc21323734,2017-01-04T20:02:50.421Z,"8 km ENE of San Simeon, California",earthquake,1.11,2.28,0.12,13,reviewed,nc,nc
2003-12-22T20:01:32.070Z,35.5886667,-120.8721667,2.367,3.32,md,9,222,0.06126,0.06,nc,nc68005791,2017-01-04T20:02:43.799Z,"15 km S of Lake Nacimiento, California",earthquake,1.07,1.96,,1,reviewed,nc,nc
2003-12-22T19:59:32.120Z,35.5913333,-120.9721667,7.151,3.15,md,12,195,0.07838,0.09,nc,nc68005790,2017-01-04T20:02:35.980Z,"10 km ENE of Cambria, California",earthquake,1.19,1.27,0.16,2,reviewed,nc,nc
2003-12-22T19:58:28.460Z,35.7148333,-121.073,6.199,2.59,md,5,230,0.1153,0,nc,nc68005789,2017-01-04T20:02:28.778Z,"10 km SW of Oak Shores, California",earthquake,1.61,2.54,0.15,2,reviewed,nc,nc
2003-12-22T19:58:09.340Z,35.6671667,-121.0376667,8.217,3.26,ml,20,105,0.08108,0.09,nc,nc68005788,2017-01-04T20:02:22.583Z,"12 km NNE of Cambria, California",earthquake,0.25,0.61,,8,reviewed,nc,nc
2003-12-22T19:56:46.290Z,35.6643333,-121.0193333,5.813,3.27,ml,33,86,0.1108,0.06,nc,nc30226889,2017-01-04T20:02:17.067Z,"12 km SSW of Oak Shores, California",earthquake,0.18,1.03,,3,reviewed,nc,nc
2003-12-22T19:53:29.770Z,35.6386667,-121.055,7.159,3.94,md,66,109,0.04955,0.07,nc,nc30226888,2022-06-21T03:30:11.034Z,"8 km NNE of Cambria, California",earthquake,0.13,0.44,0.19,75,reviewed,nc,nc
2003-12-22T19:53:01.820Z,35.6801667,-121.008,8.977,1.45,md,17,83,0.1063,0.05,nc,nc30226887,2017-01-04T20:01:58.537Z,"10 km SSW of Oak Shores, California",earthquake,0.22,0.92,0.08,2,reviewed,nc,nc
2003-12-22T19:52:41.680Z,35.7071667,-121.0846667,8.025,2.12,md,16,75,0.06126,0.04,nc,nc30226886,2017-01-04T20:01:52.401Z,"11 km SW of Oak Shores, California",earthquake,0.24,0.7,0.12,9,reviewed,nc,nc
2003-12-22T19:51:44.950Z,35.5803333,-120.8716667,7.173,1.34,md,18,97,0.06126,0.05,nc,nc30226885,2017-01-04T20:01:46.976Z,"15 km N of Cayucos, California",earthquake,0.41,1.39,,1,reviewed,nc,nc
2003-12-22T19:51:25.400Z,35.705,-121.0426667,9.145,3.34,ml,28,71,0.09369,0.07,nc,nc30226884,2017-01-04T20:01:39.700Z,"9 km SW of Oak Shores, California",earthquake,0.18,0.7,,7,reviewed,nc,nc
2003-12-22T19:50:01.170Z,35.6423333,-121.0466667,6.091,2.09,md,23,68,0.05676,0.09,nc,nc30226883,2017-01-04T20:01:31.162Z,"Near the coast of Central California",earthquake,0.22,0.76,0.48,7,reviewed,nc,nc
2003-12-22T19:49:27.490Z,35.7155,-120.8571667,2.136,1.94,md,12,232,0.1937,0.11,nc,nc30226882,2017-01-04T20:01:26.263Z,"2 km SE of Lake Nacimiento, California",earthquake,1.48,9.08,0.08,5,reviewed,nc,nc
2003-12-22T19:49:23.750Z,35.6408333,-120.9025,8.273,3.23,ml,48,55,0.1387,0.09,nc,nc30226936,2017-01-04T20:01:19.800Z,"9 km SSW of Lake Nacimiento, California",earthquake,0.18,0.96,,4,reviewed,nc,nc
2003-12-22T19:48:34.320Z,35.6743333,-121.061,7.765,2.37,md,18,99,0.07568,0.05,nc,nc21323721,2017-01-04T20:01:09.170Z,"12 km ENE of San Simeon, California",earthquake,0.21,0.69,0.21,9,reviewed,nc,nc
2003-12-22T19:48:00.460Z,35.5243333,-121.092,16.68,2.64,md,13,199,0.02613,0.05,nc,nc30226681,2017-01-04T20:01:03.197Z,"4 km SSW of Cambria, California",earthquake,2.19,0.57,0.21,27,reviewed,nc,nc
2003-12-22T19:46:39.030Z,35.59,-120.8625,8.554,3.35,ml,49,73,0.1324,0.07,nc,nc30500279,2017-01-04T20:00:55.600Z,"14 km WNW of Templeton, California",earthquake,0.16,1.22,,3,reviewed,nc,nc
2003-12-22T19:45:37.850Z,35.6453333,-121.0508333,7.354,3.64,ml,38,71,0.05676,0.11,nc,nc30500278,2017-01-04T20:00:43.598Z,"9 km NNE of Cambria, California",earthquake,0.21,0.5,,13,reviewed,nc,nc
2003-12-22T19:43:50.920Z,35.7046667,-121.0681667,8.29,3.21,ml,17,74,0.07297,0.11,nc,nc30500277,2017-01-04T20:00:38.687Z,"10 km SW of Oak Shores, California",earthquake,0.3,1.09,,2,reviewed,nc,nc
2003-12-22T19:42:33.850Z,35.6645,-121.0305,6.977,3.39,ml,45,61,0.08198,0.1,nc,nc30500276,2017-01-04T20:00:32.500Z,"12 km NNE of Cambria, California",earthquake,0.16,0.69,,4,reviewed,nc,nc
2003-12-22T19:41:05.050Z,35.5426667,-120.8531667,4.138,3.36,ml,33,184,0.08739,0.04,nc,nc30500275,2017-01-04T20:00:23.529Z,"11 km NNE of Cayucos, California",earthquake,0.36,1.4,,5,reviewed,nc,nc
2003-12-22T19:39:59.540Z,35.643,-120.9993333,7.316,3.28,ml,35,58,0.08829,0.13,nc,nc21323720,2017-01-04T20:00:17.623Z,"11 km NE of Cambria, California",earthquake,0.22,0.86,,2,reviewed,nc,nc
2003-12-22T19:37:43.970Z,35.5825,-120.9673333,5.859,3.62,ml,26,68,0.1,0.11,nc,nc21323718,2017-01-04T20:00:09.986Z,"10 km E of Cambria, California",earthquake,0.25,0.86,,8,reviewed,nc,nc
2003-12-22T19:36:12.270Z,35.6008333,-120.864,7.99,2.6,md,7,125,0.1667,0.02,nc,nc30506030,2017-01-04T20:00:04.164Z,"14 km S of Lake Nacimiento, California",earthquake,1.47,7.37,0.1,2,reviewed,nc,nc
2003-12-22T19:35:28.470Z,35.5571667,-120.8798333,6.614,3.3,ml,46,40,0.03153,0.07,nc,nc21323717,2017-01-04T19:59:50.300Z,"12 km N of Cayucos, California",earthquake,0.17,0.76,,2,reviewed,nc,nc
2003-12-22T19:33:58.210Z,35.5986667,-120.9383333,-0.443,2.87,md,19,172,0.1829,0.17,nc,nc40148761,2017-01-04T19:59:38.020Z,"13 km ENE of Cambria, California",earthquake,0.86,3.09,0.11,16,reviewed,nc,nc
2003-12-22T19:31:05.190Z,35.534,-120.832,3.587,4.02,ml,17,142,0.1387,0.07,nc,nc68005767,2017-01-04T19:59:32.577Z,"11 km NNE of Cayucos, California",earthquake,0.26,0.96,,8,reviewed,nc,nc
2003-12-22T19:29:39.690Z,35.5421667,-120.8503333,4.948,3.89,ml,35,63,0.04685,0.07,nc,nc30500274,2017-01-04T19:59:19.763Z,"11 km NNE of Cayucos, California",earthquake,0.23,1.05,,3,reviewed,nc,nc
2003-12-22T19:28:45.830Z,35.63,-120.9823333,1.578,4.2,ml,19,92,0.1288,0.14,nc,nc21323714,2017-03-17T17:45:48.413Z,"11 km NE of Cambria, California",earthquake,0.48,2.62,,8,reviewed,nc,nc
2003-12-22T19:26:07.230Z,35.6318333,-121.0551667,7.796,4.73,ml,21,111,0.1135,0.08,nc,nc21323713,2019-06-28T18:47:49.860Z,"7 km NNE of Cambria, California",earthquake,0.35,0.98,,18,reviewed,nc,nc
2003-12-22T19:15:56.240Z,35.7005,-121.1005,8.382,6.5,mw,65,71,0.04685,0.07,nc,nc21323712,2025-03-29T18:13:42.819Z,"10 km NE of San Simeon, California",earthquake,0.16,0.6,,4,reviewed,nc,nc
2003-12-22T08:37:32.890Z,35.7483333,-121.0241667,5.693,1.26,md,13,60,0.07928,0.03,nc,nc21323685,2017-01-04T19:57:48.914Z,"4 km WSW of Oak Shores, California",earthquake,0.27,0.54,0.21,5,reviewed,nc,nc
2003-12-21T21:15:39.780Z,35.7501667,-120.3028333,11.282,0.88,md,15,52,0.04595,0.05,nc,nc21323611,2017-01-04T19:55:26.134Z,"12 km NNE of Shandon, California",earthquake,0.51,0.88,0.02,2,reviewed,nc,nc
2003-12-21T18:41:57.790Z,35.746,-120.302,10.954,0.86,md,14,89,0.04414,0.04,nc,nc21323597,2017-01-04T19:54:24.473Z,"12 km NNE of Shandon, California",earthquake,0.31,0.61,,1,reviewed,nc,nc
2003-12-21T16:48:59.520Z,36.382,-120.9621667,8.224,1.36,md,17,69,0.1162,0.05,nc,nc21323589,2017-01-04T19:54:12.517Z,"Central California",earthquake,0.25,1.04,0.17,8,reviewed,nc,nc
2003-12-21T10:35:25.600Z,36.0161667,-120.5685,4.212,1.1,md,7,159,0.04414,0.01,nc,nc21323549,2017-01-04T19:53:08.811Z,"17 km NW of Parkfield, California",earthquake,0.47,1.03,,1,reviewed,nc,nc
2003-12-20T22:06:16.040Z,35.7498333,-120.303,10.972,0.86,md,12,102,0.04595,0.03,nc,nc21323498,2017-01-04T19:50:58.797Z,"12 km NNE of Shandon, California",earthquake,0.43,0.97,,1,reviewed,nc,nc
2003-12-20T21:06:27.530Z,35.7481667,-120.2976667,12.072,0.87,md,10,137,0.04144,0.03,nc,nc30226685,2017-01-04T19:50:35.777Z,"12 km NE of Shandon, California",earthquake,1.08,2.14,,1,reviewed,nc,nc
2003-12-20T19:46:07.220Z,35.7485,-120.2973333,10.574,0.53,md,10,52,0.04144,0.04,nc,nc21323476,2017-01-04T19:50:18.365Z,"12 km NE of Shandon, California",earthquake,0.42,1.34,,1,reviewed,nc,nc
2003-12-20T17:46:09.250Z,35.7481667,-120.2986667,10.907,1.2,md,16,129,0.04234,0.03,nc,nc21323445,2017-01-04T19:49:57.108Z,"12 km NE of Shandon, California",earthquake,0.41,0.77,0.11,2,reviewed,nc,nc
2003-12-20T05:07:21.100Z,36.5888333,-121.0493333,8.274,1.9,md,26,69,0.05946,0.09,nc,nc21323404,2017-01-04T19:48:28.890Z,"30 km NE of Soledad, California",earthquake,0.25,0.54,0.18,28,reviewed,nc,nc
2003-12-20T01:58:25.500Z,36.5381667,-121.1193333,2.324,1.35,md,9,95,0.04505,0.02,nc,nc21323386,2017-01-04T19:47:49.868Z,"22 km NE of Soledad, California",earthquake,0.33,0.88,0.1,5,reviewed,nc,nc
2003-12-19T18:44:22.000Z,36.2361667,-120.8068333,6.229,1.49,md,6,263,0.02162,0.04,nc,nc21323328,2017-01-04T19:47:02.942Z,"22 km ENE of San Lucas, California",earthquake,1.56,0.82,0.08,2,reviewed,nc,nc
2003-12-19T10:32:05.840Z,35.85,-121.0965,7.116,1.5,md,3,289,0.1856,0.06,nc,nc68005748,2017-01-04T19:45:41.626Z,"10 km S of Lockwood, California",earthquake,2.63,9.33,0.13,6,reviewed,nc,nc
2003-12-19T09:49:23.180Z,35.815,-121.079,8.296,1.86,md,6,271,0.1883,0.13,nc,nc68005747,2017-01-04T19:45:30.871Z,"10 km WNW of Oak Shores, California",earthquake,1.87,10.43,0.06,8,reviewed,nc,nc
2003-12-19T07:33:38.060Z,36.5568333,-121.1443333,4.242,0.87,md,9,85,0.04144,0.02,nc,nc21323259,2017-01-04T19:45:19.223Z,"21 km NE of Soledad, California",earthquake,0.59,1.13,0.07,4,reviewed,nc,nc
2003-12-17T11:57:34.740Z,35.968,-120.5033333,3.135,1.07,md,7,212,0.01261,0.03,nc,nc21322928,2017-01-04T19:37:43.807Z,"9 km NW of Parkfield, California",earthquake,0.9,1.46,,1,reviewed,nc,nc
2003-12-17T02:16:06.170Z,35.1998333,-120.6351667,5.725,1.47,md,6,242,0.1081,0.02,nc,nc68005742,2017-01-04T19:36:24.047Z,"2 km WSW of Edna, California",earthquake,1.36,2.35,0.05,4,reviewed,nc,nc
2003-12-16T22:59:26.350Z,35.8016667,-120.355,9.148,1.31,md,25,57,0.02883,0.03,nc,nc21322792,2017-01-04T19:35:41.579Z,"12 km SSE of Parkfield, California",earthquake,0.22,0.42,0.15,12,reviewed,nc,nc
2003-12-16T21:50:26.980Z,35.5221667,-120.8098333,8.16,2.01,md,32,62,0.08018,0.05,nc,nc21322780,2017-01-04T19:35:27.994Z,"9 km WSW of Templeton, California",earthquake,0.18,0.61,0.1,21,reviewed,nc,nc
2003-12-16T16:11:32.150Z,35.9981667,-120.5616667,6.282,1.23,md,6,150,0.02523,0.01,nc,nc21322729,2017-01-04T19:34:43.024Z,"15 km NW of Parkfield, California",earthquake,0.73,2.09,0.06,3,reviewed,nc,nc
2003-12-16T16:00:32.500Z,36.023,-120.5746667,4.222,1.33,md,16,135,0.04865,0.03,nc,nc21322723,2017-01-04T19:34:22.842Z,"18 km NW of Parkfield, California",earthquake,0.36,0.49,0.07,9,reviewed,nc,nc
2003-12-15T21:28:41.750Z,36.0526667,-120.6036667,8.616,1.71,md,20,79,0.01712,0.03,nc,nc21322618,2017-01-04T19:31:01.012Z,"22 km NW of Parkfield, California",earthquake,0.29,0.37,0.12,16,reviewed,nc,nc
2003-12-15T14:31:56.990Z,36.5943333,-121.266,6.756,0.99,md,9,80,0.1018,0.03,nc,nc21322570,2017-01-04T19:29:10.574Z,"18 km ENE of Gonzales, California",earthquake,0.3,2.3,0.05,3,reviewed,nc,nc
2003-12-15T13:06:15.160Z,36.0475,-120.623,7.226,1.11,md,5,139,0.03063,0.02,nc,nc21322564,2017-01-04T19:29:00.578Z,"23 km NW of Parkfield, California",earthquake,0.78,1.31,,1,reviewed,nc,nc
2003-12-15T11:06:34.340Z,35.4493333,-120.8206667,7.287,1.51,md,4,223,0.05045,0.02,nc,nc68005738,2017-01-04T19:28:41.993Z,"6 km E of Cayucos, California",earthquake,1.25,1.11,0.13,5,reviewed,nc,nc
2003-12-15T09:16:58.790Z,35.959,-120.4213333,4.72,1.21,md,10,212,0.06306,0.06,nc,nc21322548,2017-01-04T19:28:11.928Z,"6 km N of Parkfield, California",earthquake,1.08,1.92,0.11,2,reviewed,nc,nc
