id,network_code,station_code,location_code,channels,latitude,longitude,elevation,start_date,end_date
1V.ACC7.00,1V,ACC7,0.0,"HNN,HNZ,HNE",40.49131,16.15689,755.0,2005-04-23,2005-04-24
1V.AGR7.00,1V,AGR7,0.0,"HNN,HNZ,HNE",40.35646,15.82829,602.0,2004-02-23,2004-10-20
1V.ALIA.00,1V,ALIA,0.0,"HNN,HNZ,HNE",40.314571,16.231508,595.0,2004-10-16,2004-10-17
1V.ANZ7.00,1V,ANZ7,0.0,"HNN,HNZ,HNE",40.51601,15.92506,999.0,2005-04-23,2008-06-09
1V.AVIG.00,1V,AVIG,0.0,"HNN,HNZ,HNE",40.73074,15.71939,904.0,2004-09-03,2004-09-29
1V.BAL7.00,1V,BAL7,0.0,"HNN,HNZ,HNE",40.6509,15.51305,445.0,2005-03-31,2005-04-08
1V.CGB1.00,1V,CGB1,0.0,"HNN,HNZ,HNE",40.646156,15.851459,466.0,2010-08-08,2010-11-23
1V.CGVT.00,1V,CGVT,0.0,"HNN,HNZ,HNE",40.64482,15.85586,666.0,2006-01-07,2009-02-07
1V.FER7.00,1V,FER7,0.0,"HNN,HNZ,HNE",40.4921,16.45777,449.0,2004-11-07,2005-04-24
1V.GO01.00,1V,GO01,0.0,"HNN,HNZ,HNE",40.392856,16.146101,799.0,2005-04-23,2005-04-24
1V.GOR7.00,1V,GOR7,0.0,"HNN,HNZ,HNE",40.392856,16.146101,799.0,2005-04-23,2005-04-24
1V.GRA7.00,1V,GRA7,0.0,"HNN,HNZ,HNE",40.633065,16.283578,522.0,2004-10-22,2005-07-11
1V.GRN.00,1V,GRN,0.0,"HNN,HNZ,HNE",40.270465,15.91949,606.0,2015-03-03,2015-05-09
1V.GUPE.00,1V,GUPE,0.0,"HNN,HNZ,HNE",40.36227,16.09861,709.0,2005-04-23,2005-04-24
1V.IMAA.00,1V,IMAA,0.0,"HNN,HNZ,HNE",40.60123,15.702107,763.0,2005-11-28,2006-07-18
1V.IMAA.01,1V,IMAA,1.0,"HN2,HN1,HNZ",40.60123,15.702107,763.0,2005-11-28,2006-07-18
1V.LAT.00,1V,LAT,0.0,"HN2,HN1,HNZ",40.087036,15.983087,713.0,2004-07-30,2005-08-08
1V.LAT2.00,1V,LAT2,0.0,"HNN,HNZ,HNE",40.089,16.011553,823.0,2006-04-11,2007-05-26
1V.MAR.00,1V,MAR,0.0,"HNN,HNZ,HNE",40.425331,15.7293,744.0,2006-01-07,2010-05-11
1V.MLF7.00,1V,MLF7,0.0,"HNN,HNZ,HNE",40.996909,15.658091,530.0,2005-05-21,2005-07-05
1V.MSN.00,1V,MSN,0.0,"CNN,CNZ,CNE,HNZ,HNN,HNE",40.425465,15.729619,745.0,2011-02-18,2014-03-28
1V.MSN.01,1V,MSN,1.0,"HN1,CN1,CNZ,HN2,HNZ,CN2",40.425465,15.729619,745.0,2011-02-18,2014-03-28
1V.MTM.00,1V,MTM,0.0,"HNN,HNZ,HNE",40.305687,15.989106,799.0,2014-11-07,2015-09-05
1V.MTSC.00,1V,MTSC,0.0,"HNN,HNZ,HNE",40.554441,16.671617,355.0,2009-02-11,2009-03-27
1V.OPPL.00,1V,OPPL,0.0,"HNN,HNZ,HNE",40.763683,15.988927,714.0,2003-12-30,2004-06-10
1V.PES7.00,1V,PES7,0.0,"HNN,HNZ,HNE",40.83604,15.3968,924.0,2005-04-23,2005-07-04
1V.PIS2.00,1V,PIS2,0.0,"HNN,HNZ,HNE",40.362354,16.688154,106.0,2006-08-06,2006-12-11
1V.POL1.00,1V,POL1,0.0,"HNN,HNZ,HNE",40.208759,16.669692,35.0,2006-08-06,2006-09-08
1V.POL2.00,1V,POL2,0.0,"HNN,HNZ,HNE",40.196743,16.703276,3.0,2006-08-06,2006-09-08
1V.POM1.00,1V,POM1,0.0,"HNN,HNZ,HNE",0.0,16.546939,400.0,2009-07-12,2010-03-11
1V.RAP7.00,1V,RAP7,0.0,"HNN,HNZ,HNE",40.97524,15.67907,465.0,2005-06-20,2005-07-04
1V.RIO7.00,1V,RIO7,0.0,"HNN,HNZ,HNE",40.912083,15.665408,574.0,2005-05-21,2005-05-22
1V.ROTG.00,1V,ROTG,0.0,"HNN,HNZ,HNE",39.930672,16.045339,680.0,2012-11-08,2013-04-03
1V.RUM.00,1V,RUM,0.0,"HNN,HNZ,HNE",40.84724,15.54054,630.0,2004-11-07,2005-04-11
1V.SAF.00,1V,SAF,0.0,"HNN,HNZ,HNE",40.54568,15.55715,602.0,2009-02-12,2009-09-07
1V.SAL7.00,1V,SAL7,0.0,"HNN,HNZ,HNE",40.52319,16.32666,551.0,2004-12-03,2004-12-10
1V.SARC.00,1V,SARC,0.0,"HNN,HNZ,HNE",40.25275,16.27176,303.0,2009-02-16,2009-08-31
1V.SCZ1.00,1V,SCZ1,0.0,"HNN,HNZ,HNE",40.250228,16.690864,29.0,2006-08-06,2006-12-11
1V.SCZ2.00,1V,SCZ2,0.0,"HNN,HNZ,HNE",40.261785,16.74852,0.0,2006-08-06,2006-10-05
1V.SRC.00,1V,SRC,0.0,"HNN,HNZ,HNE",40.247304,15.88813,635.0,2005-03-25,2005-03-27
1V.TRIC1.00,1V,TRIC1,0.0,"HNN,HNZ,HNE",40.622662,16.13743,626.0,2004-02-18,2004-05-06
1V.TRIC2.00,1V,TRIC2,0.0,"HNN,HNZ,HNE",40.62,16.14,656.0,2004-05-23,2004-10-20
1V.VDAG.00,1V,VDAG,0.0,"HNN,HNZ,HNE",40.967324,15.813055,410.0,2004-10-08,2004-10-20
1V.VRN1.00,1V,VRN1,0.0,"HNN,HNZ,HNE",40.40803,16.58538,179.0,2006-08-06,2006-10-27
1V.VRN2.00,1V,VRN2,0.0,"HNN,HNZ,HNE",40.373746,16.810455,4.0,2006-08-06,2006-10-27
2F.M01.,2F,M01,,"EHE,EHN,EHZ",23.86167,120.289238,9.8,2009-03-19,2009-06-08
2F.M02.,2F,M02,,"EHE,EHN,EHZ",23.857361,120.308571,10.2,2009-03-19,2009-06-08
2F.M03.,2F,M03,,"EHE,EHN,EHZ",23.851271,120.325188,12.6,2009-03-19,2009-06-08
2F.M04.,2F,M04,,"EHE,EHN,EHZ",23.84272,120.346558,16.3,2009-03-20,2009-06-08
2F.M05.,2F,M05,,"EHE,EHN,EHZ",23.8395,120.362282,18.6,2009-03-20,2009-06-08
2F.M06.,2F,M06,,"EHE,EHN,EHZ",23.84329,120.382019,20.7,2009-03-20,2009-06-08
2F.M07.,2F,M07,,"EHE,EHN,EHZ",23.839781,120.400917,25.2,2009-03-19,2009-06-08
2F.M08.,2F,M08,,"EHE,EHN,EHZ",23.84539,120.418449,29.5,2009-03-19,2009-06-08
2F.M09.,2F,M09,,"EHE,EHN,EHZ",23.841471,120.440239,27.6,2009-03-19,2009-06-08
2F.M10.,2F,M10,,"EHE,EHN,EHZ",23.83794,120.461746,32.3,2009-03-19,2009-06-08
2F.M11.,2F,M11,,"EHE,EHN,EHZ",23.83646,120.48243,33.4,2009-03-19,2009-06-08
2F.M12.,2F,M12,,"EHE,EHN,EHZ",23.83374,120.5009,41.8,2009-03-18,2009-06-08
2F.M13.,2F,M13,,"EHE,EHN,EHZ",23.830429,120.519363,45.5,2009-03-18,2009-06-08
2F.M14.,2F,M14,,"EHE,EHN,EHZ",23.829269,120.540558,50.3,2009-03-18,2009-06-08
2F.M15.,2F,M15,,"EHE,EHN,EHZ",23.831221,120.556747,53.2,2009-03-18,2009-06-08
2F.M16.,2F,M16,,"EHE,EHN,EHZ",23.82374,120.577026,62.9,2009-03-18,2009-06-08
2F.M17.,2F,M17,,"EHE,EHN,EHZ",23.824089,120.596817,67.0,2009-03-18,2009-06-08
2F.M18.,2F,M18,,"EHE,EHN,EHZ",23.82058,120.616463,101.5,2009-03-18,2009-06-08
2F.M19.,2F,M19,,"EHE,EHN,EHZ",23.826099,120.638939,422.6,2009-03-20,2009-06-08
2F.M20.,2F,M20,,"EHE,EHN,EHZ",23.81665,120.651207,419.0,2009-03-19,2009-06-08
2F.M21.,2F,M21,,"EHE,EHN,EHZ",23.814501,120.675369,136.4,2009-03-20,2009-06-08
2F.M22.,2F,M22,,"EHE,EHN,EHZ",23.80727,120.692291,148.8,2009-03-19,2009-06-08
2F.M23.,2F,M23,,"EHE,EHN,EHZ",23.807831,120.711601,174.1,2009-03-20,2009-06-08
2F.M24.,2F,M24,,"EHE,EHN,EHZ",23.807011,120.733391,212.1,2009-03-19,2009-06-08
2F.M25.,2F,M25,,"EHE,EHN,EHZ",23.81385,120.754517,215.9,2009-03-19,2009-06-08
2F.M26.,2F,M26,,"EHE,EHN,EHZ",23.80415,120.773689,283.9,2009-03-18,2009-06-08
2F.M27.,2F,M27,,"EHE,EHN,EHZ",23.80813,120.795502,236.5,2009-03-19,2009-06-08
2F.M28.,2F,M28,,"EHE,EHN,EHZ",23.801809,120.813797,489.4,2009-03-18,2009-06-08
2F.M29.,2F,M29,,"EHE,EHN,EHZ",23.79789,120.831444,420.1,2009-03-19,2009-06-08
2F.M30.,2F,M30,,"EHE,EHN,EHZ",23.787189,120.851219,339.0,2009-03-18,2009-06-08
2F.M31.,2F,M31,,"EHE,EHN,EHZ",23.79451,120.873718,415.2,2009-03-18,2009-06-08
2F.M32.,2F,M32,,"EHE,EHN,EHZ",23.791759,120.894287,350.7,2009-03-18,2009-06-08
2F.M33.,2F,M33,,"EHE,EHN,EHZ",23.787149,120.911758,353.5,2009-03-18,2009-06-08
2F.M34.,2F,M34,,"EHE,EHN,EHZ",23.79203,120.940804,379.7,2009-04-10,2009-06-08
2F.M35.,2F,M35,,"EHE,EHN,EHZ",23.787621,120.954079,486.7,2009-03-21,2009-06-08
2F.M36.,2F,M36,,"EHE,EHN,EHZ",23.79751,120.974487,455.8,2009-03-17,2009-06-08
2F.M37.,2F,M37,,"EHE,EHN,EHZ",23.793039,120.99427,591.1,2009-03-17,2009-06-08
2F.M38.,2F,M38,,"EHE,EHN,EHZ",23.78726,121.010719,483.8,2009-03-17,2009-06-08
2F.M39.,2F,M39,,"EHE,EHN,EHZ",23.78417,121.030922,738.0,2009-03-20,2009-06-08
2F.M40.,2F,M40,,"EHE,EHN,EHZ",23.770769,121.048363,1021.0,2009-03-20,2009-06-08
2F.M41.,2F,M41,,"EHE,EHN,EHZ",23.756651,121.064842,1277.2,2009-03-20,2009-06-08
2F.M42.,2F,M42,,"EHE,EHN,EHZ",23.753519,121.088989,1686.2,2009-03-20,2009-06-08
2F.M43.,2F,M43,,"EHE,EHN,EHZ",23.76158,121.1101,2218.0,2009-03-20,2009-06-08
2F.M44.,2F,M44,,"EHE,EHN,EHZ",23.752159,121.132584,2439.6,2009-03-20,2009-06-08
2F.M45.,2F,M45,,"EHE,EHN,EHZ",23.750389,121.145203,2422.6,2009-03-20,2009-06-08
2F.M46.,2F,M46,,"EHE,EHN,EHZ",23.76173,121.164513,2222.0,2009-03-21,2009-06-08
2F.M47.,2F,M47,,"EHE,EHN,EHZ",23.772011,121.187408,2700.0,2009-03-21,2009-06-08
2F.M48.,2F,M48,,"EHE,EHN,EHZ",23.767191,121.205048,2713.7,2009-03-21,2009-06-08
2F.M49.,2F,M49,,"EHE,EHN,EHZ",23.753139,121.220757,2941.5,2009-03-21,2009-06-08
2F.M50.,2F,M50,,"EHE,EHN,EHZ",23.751181,121.233383,2954.5,2009-03-21,2009-06-08
2F.M55.,2F,M55,,"EHE,EHN,EHZ",23.753679,121.345078,921.8,2009-03-25,2009-06-08
2F.M56.,2F,M56,,"EHE,EHN,EHZ",23.741369,121.364113,776.6,2009-03-25,2009-06-08
2F.M57.,2F,M57,,"EHE,EHN,EHZ",23.713539,121.37648,531.0,2009-03-25,2009-06-08
2F.M58.,2F,M58,,"EHE,EHN,EHZ",23.72126,121.395218,194.5,2009-03-23,2009-06-08
2F.M59.,2F,M59,,"EHE,EHN,EHZ",23.71616,121.416008,154.2,2009-03-26,2009-06-08
2F.M60.,2F,M60,,"EHE,EHN,EHZ",23.719879,121.438148,135.4,2009-03-25,2009-06-08
2F.M61.,2F,M61,,"EHE,EHN,EHZ",23.721479,121.455437,117.9,2009-03-25,2009-06-08
2F.M62.,2F,M62,,"EHE,EHN,EHZ",23.724501,121.474701,101.2,2009-03-25,2009-06-08
2F.M63.,2F,M63,,"EHE,EHN,EHZ",23.727909,121.497398,105.5,2009-03-24,2009-06-08
2F.M64.,2F,M64,,"EHE,EHN,EHZ",23.733,121.515648,245.8,2009-03-24,2009-06-08
2F.M65.,2F,M65,,"EHE,EHN,EHZ",23.74395,121.540619,198.4,2009-03-24,2009-06-08
2F.M66.,2F,M66,,"EHE,EHN,EHZ",23.744289,121.559692,210.8,2009-03-24,2009-06-08
2F.N01.,2F,N01,,"EHE,EHN,EHZ",24.867331,120.97718,68.2,2009-03-18,2009-06-08
2F.N02.,2F,N02,,"EHE,EHN,EHZ",24.86492,120.995529,66.7,2009-03-21,2009-06-08
2F.N03.,2F,N03,,"EHE,EHN,EHZ",24.853491,121.019791,97.0,2009-03-18,2009-06-08
2F.N04.,2F,N04,,"EHE,EHN,EHZ",24.84626,121.038399,76.0,2009-03-18,2009-06-08
2F.N05.,2F,N05,,"EHE,EHN,EHZ",24.82593,121.047592,74.2,2009-03-18,2009-06-08
2F.N06.,2F,N06,,"EHE,EHN,EHZ",24.810141,121.059929,71.7,2009-04-10,2009-06-08
2F.N07.,2F,N07,,"EHE,EHN,EHZ",24.79812,121.050453,61.5,2009-03-21,2009-06-08
2F.N08.,2F,N08,,"EHE,EHN,EHZ",24.785339,121.07386,92.4,2009-03-19,2009-06-08
2F.N09.,2F,N09,,"EHE,EHN,EHZ",24.76409,121.092682,130.2,2009-03-19,2009-06-08
2F.N10.,2F,N10,,"EHE,EHN,EHZ",24.74716,121.103149,136.7,2009-03-19,2009-06-08
2F.N11.,2F,N11,,"EHE,EHN,EHZ",24.73749,121.123161,179.7,2009-03-19,2009-06-08
2F.N12.,2F,N12,,"EHE,EHN,EHZ",24.72485,121.136459,182.3,2009-03-19,2009-06-08
2F.N13.,2F,N13,,"EHE,EHN,EHZ",24.716459,121.157562,255.2,2009-03-20,2009-06-08
2F.N14.,2F,N14,,"EHE,EHN,EHZ",24.70615,121.168442,290.6,2009-03-20,2009-06-08
2F.N15.,2F,N15,,"EHE,EHN,EHZ",24.697519,121.190628,265.9,2009-03-20,2009-06-08
2F.N16.,2F,N16,,"EHE,EHN,EHZ",24.70289,121.21376,309.1,2009-03-20,2009-06-08
2F.N17.,2F,N17,,"EHE,EHN,EHZ",24.68395,121.220169,551.2,2009-04-09,2009-06-08
2F.N18.,2F,N18,,"EHE,EHN,EHZ",24.679871,121.242302,551.5,2009-03-20,2009-06-08
2F.N19.,2F,N19,,"EHE,EHN,EHZ",24.67235,121.260651,745.4,2009-03-20,2009-06-08
2F.N20.,2F,N20,,"EHE,EHN,EHZ",24.667919,121.281822,1459.5,2009-03-20,2009-06-08
2F.N21.,2F,N21,,"EHE,EHN,EHZ",24.65962,121.30204,752.4,2009-03-20,2009-06-08
2F.N22.,2F,N22,,"EHE,EHN,EHZ",24.66387,121.328133,748.2,2009-03-20,2009-06-08
2F.N24.,2F,N24,,"SHE,EHZ,SHN,EHE,EHN,SHZ",24.67374,121.366547,718.2,2009-03-20,2009-06-08
2F.N25.,2F,N25,,"EHE,EHN,EHZ",24.66959,121.37571,738.9,2009-03-20,2009-06-08
2F.N26.,2F,N26,,"EHE,EHN,EHZ",24.65395,121.406326,869.5,2009-03-20,2009-06-08
2F.N27.,2F,N27,,"EHE,EHN,EHZ",24.6437,121.419243,1043.2,2009-03-20,2009-06-08
2F.N28.,2F,N28,,"EHE,EHN,EHZ",24.642429,121.445137,1118.5,2009-03-20,2009-06-08
2F.N29.,2F,N29,,"SHE,EHZ,SHN,EHE,EHN,SHZ",24.651369,121.474899,1209.6,2009-02-12,2009-06-08
2F.N30.,2F,N30,,"EHE,EHN,EHZ",24.625549,121.485023,1222.0,2009-03-19,2009-06-08
2F.N31.,2F,N31,,"SHE,EHZ,SHN,EHE,EHN,SHZ",24.605749,121.490639,749.7,2009-03-19,2009-06-08
2F.N32.,2F,N32,,"EHE,EHN,EHZ",24.575821,121.476158,444.5,2009-03-09,2009-06-08
2F.N33.,2F,N33,,"SHE,EHZ,SHN,EHE,EHN,SHZ",24.545759,121.508171,561.3,2009-03-11,2009-06-08
2F.N34.,2F,N34,,"SHE,EHZ,SHN,EHE,EHN,SHZ",24.531879,121.519012,1323.3,2009-03-18,2009-06-08
2F.N35.,2F,N35,,"SHE,EHZ,SHN,EHE,EHN,SHZ",24.52269,121.52169,1632.4,2009-03-18,2009-06-08
2F.N36.,2F,N36,,"SHE,EHZ,SHN,EHE,EHN,SHZ",24.49398,121.536392,1964.5,2009-03-11,2009-06-08
2F.N37.,2F,N37,,"SHE,EHZ,SHN,EHE,EHN,SHZ",24.49914,121.563522,2041.2,2009-03-18,2009-06-08
2F.N38.,2F,N38,,"SHE,EHZ,SHN,EHE,EHN,SHZ",24.516939,121.581581,2122.5,2009-03-19,2009-06-08
2F.N39.,2F,N39,,"SHE,EHZ,SHN,EHE,EHN,SHZ",24.51029,121.610443,1957.1,2009-03-11,2009-06-08
2F.N40.,2F,N40,,"HHN,HHE,HHZ",24.504129,121.621971,1915.0,2009-03-19,2009-06-08
2F.N45.,2F,N45,,"SHE,EHZ,SHN,EHE,EHN,SHZ",24.455589,121.74543,809.5,2009-03-20,2009-06-08
2F.N46.,2F,N46,,"HHN,HHE,HHZ",24.465139,121.75161,366.3,2009-03-20,2009-06-08
2F.N47.,2F,N47,,"EHE,EHN,EHZ",24.46604,121.767738,78.7,2009-03-18,2009-06-08
2F.N48.,2F,N48,,"EHE,EHN,EHZ",24.470619,121.777573,45.4,2009-03-18,2009-06-08
2F.N49.,2F,N49,,"EHE,EHN,EHZ",24.45875,121.788788,57.7,2009-03-18,2009-06-08
2F.N50.,2F,N50,,"EHE,EHN,EHZ",24.441759,121.7966,18.3,2009-03-18,2009-06-08
2F.S03.,2F,S03,,"EHE,EHN,EHZ",23.54174,120.172867,4.5,2009-03-19,2009-06-08
2F.S04.,2F,S04,,"EHE,EHN,EHZ",23.52549,120.185242,8.2,2009-03-19,2009-06-08
2F.S05.,2F,S05,,"EHE,EHN,EHZ",23.51828,120.20771,12.8,2009-03-19,2009-06-08
2F.S06.,2F,S06,,"EHE,EHN,EHZ",23.51285,120.215714,6.0,2009-03-19,2009-06-08
2F.S07.,2F,S07,,"EHE,EHN,EHZ",23.502029,120.239799,7.7,2009-03-19,2009-06-08
2F.S08.,2F,S08,,"EHE,EHN,EHZ",23.500959,120.266037,9.8,2009-03-19,2009-06-08
2F.S09.,2F,S09,,"EHE,EHN,EHZ",23.49402,120.276451,9.4,2009-03-19,2009-06-08
2F.S10.,2F,S10,,"EHE,EHN,EHZ",23.48531,120.291817,15.3,2009-03-19,2009-06-08
2F.S11.,2F,S11,,"EHE,EHN,EHZ",23.46718,120.30954,14.2,2009-03-19,2009-06-08
2F.S12.,2F,S12,,"EHE,EHN,EHZ",23.46707,120.331207,18.3,2009-03-19,2009-06-08
2F.S13.,2F,S13,,"EHE,EHN,EHZ",23.455549,120.347328,27.1,2009-03-22,2009-06-08
2F.S14.,2F,S14,,"EHE,EHN,EHZ",23.453899,120.364098,23.7,2009-03-20,2009-06-08
2F.S15.,2F,S15,,"EHE,EHN,EHZ",23.438471,120.383743,28.7,2009-03-20,2009-06-08
2F.S16.,2F,S16,,"EHE,EHN,EHZ",23.431009,120.406776,33.7,2009-03-20,2009-06-08
2F.S17.,2F,S17,,"EHE,EHN,EHZ",23.43626,120.414673,35.3,2009-03-20,2009-06-08
2F.S18.,2F,S18,,"EHE,EHN,EHZ",23.42317,120.435341,39.7,2009-03-20,2009-06-08
2F.S19.,2F,S19,,"HHN,HHE,HHZ",23.410721,120.453621,50.3,2009-03-22,2009-06-09
2F.S20.,2F,S20,,"HHN,HHE,HHZ",23.426121,120.479492,67.5,2009-03-17,2009-06-09
2F.S21.,2F,S21,,"HHN,HHE,HHZ",23.417801,120.509087,89.5,2009-03-19,2009-06-08
2F.S22.,2F,S22,,"HHN,HHE,HHZ",23.4034,120.512932,119.5,2009-03-19,2009-06-09
2F.S23.,2F,S23,,"HHN,HHE,HHZ",23.382311,120.530518,170.8,2009-03-19,2009-06-09
2F.S24.,2F,S24,,"HHN,HHE,HHZ",23.37792,120.538689,273.4,2009-03-22,2009-06-09
2F.S25.,2F,S25,,"HHN,HHE,HHZ",23.377359,120.574379,495.5,2009-03-19,2009-06-09
2F.S26.,2F,S26,,"HHN,HHE,HHZ",23.36072,120.580116,813.8,2009-03-22,2009-06-09
2F.S27.,2F,S27,,"HHN,HHE,HHZ",23.36548,120.61525,499.2,2009-03-17,2009-06-09
2F.S28.,2F,S28,,"HHN,HHE,HHZ",23.31432,120.612152,339.7,2009-03-21,2009-06-09
2F.S29.,2F,S29,,"HHN,HHE,HHZ",23.306881,120.629822,255.8,2009-03-21,2009-06-09
2F.S30.,2F,S30,,"HHN,HHE,HHZ",23.294571,120.650192,271.8,2009-03-21,2009-06-09
2F.S31.,2F,S31,,"HHN,HHE,HHZ",23.295839,120.666977,451.3,2009-03-20,2009-06-09
2F.S32.,2F,S32,,"HHN,HHE,HHZ",23.290409,120.689857,804.6,2009-03-20,2009-06-09
2F.S33.,2F,S33,,"HHN,HHE,HHZ",23.26939,120.693932,944.1,2009-03-20,2009-06-09
2F.S34.,2F,S34,,"HHN,HHE,HHZ",23.27268,120.711014,643.9,2009-03-17,2009-06-09
2F.S40.,2F,S40,,"EHE,EHN,EHZ",23.285009,120.846481,1420.0,2009-03-20,2009-06-08
2F.S41.,2F,S41,,"EHE,EHN,EHZ",23.280451,120.867218,1592.9,2009-03-20,2009-06-08
2F.S42.,2F,S42,,"EHE,EHN,EHZ",23.28285,120.889748,1811.2,2009-03-20,2009-06-08
2F.S43.,2F,S43,,"EHE,EHN,EHZ",23.27813,120.91684,2261.9,2009-03-21,2009-06-08
2F.S44.,2F,S44,,"EHE,EHN,EHZ",23.25828,120.927017,2468.8,2009-03-21,2009-06-08
2F.S45.,2F,S45,,"EHE,EHN,EHZ",23.259701,120.942978,2640.8,2009-03-21,2009-06-08
2F.S47.,2F,S47,,"EHE,EHN,EHZ",23.237711,120.983917,2205.9,2009-03-21,2009-06-08
2F.S48.,2F,S48,,"EHE,EHN,EHZ",23.237181,121.005211,1984.2,2009-03-21,2009-06-08
2F.S50.,2F,S50,,"EHE,EHN,EHZ",23.20701,121.03418,1650.8,2009-03-21,2009-06-08
2F.S51.,2F,S51,,"EHE,EHN,EHZ",23.187201,121.025093,1049.0,2009-03-24,2009-06-08
2F.S52.,2F,S52,,"EHE,EHN,EHZ",23.17321,121.041359,734.7,2009-03-24,2009-06-08
2F.S53.,2F,S53,,"EHE,EHN,EHZ",23.155581,121.063133,722.9,2009-03-24,2009-06-08
2F.S54.,2F,S54,,"EHE,EHN,EHZ",23.14703,121.077766,654.7,2009-03-24,2009-06-08
2F.S55.,2F,S55,,"EHE,EHN,EHZ",23.14163,121.097687,484.6,2009-03-24,2009-06-08
2F.S56.,2F,S56,,"EHE,EHN,EHZ",23.13233,121.117859,395.9,2009-03-24,2009-06-08
2F.S57.,2F,S57,,"EHE,EHN,EHZ",23.13324,121.133347,389.3,2009-03-24,2009-06-08
2F.S58.,2F,S58,,"EHE,EHN,EHZ",23.12812,121.153954,365.9,2009-03-23,2009-06-08
2F.S59.,2F,S59,,"EHE,EHN,EHZ",23.116699,121.168953,351.2,2009-03-23,2009-06-08
2F.S61.,2F,S61,,"EHE,EHN,EHZ",23.101431,121.203522,288.3,2009-03-23,2009-06-08
2F.S62.,2F,S62,,"EHE,EHN,EHZ",23.074949,121.218224,267.9,2009-03-23,2009-06-08
2F.S63.,2F,S63,,"EHE,EHN,EHZ",23.065689,121.231201,389.0,2009-03-23,2009-06-08
2F.S66.,2F,S66,,"EHE,EHN,EHZ",23.030649,121.283096,134.1,2009-03-22,2009-06-08
2F.S67.,2F,S67,,"EHE,EHN,EHZ",23.02507,121.299072,296.5,2009-03-23,2009-06-08
2F.SS01.,2F,SS01,,"EHE,EHN,EHZ",22.733219,120.257942,5.7,2009-03-25,2009-06-08
2F.SS02.,2F,SS02,,"EHE,EHN,EHZ",22.733829,120.280663,8.9,2009-04-09,2009-05-30
2F.SS03.,2F,SS03,,"EHE,EHN,EHZ",22.73736,120.296837,16.0,2009-03-23,2009-06-08
2F.SS04.,2F,SS04,,"SHE,EHZ,SHN,EHE,EHN,SHZ",22.729309,120.316032,18.9,2009-03-23,2009-05-28
2F.SS05.,2F,SS05,,"EHE,EHN,EHZ",22.73329,120.338562,24.7,2009-03-23,2009-06-08
2F.SS06.,2F,SS06,,"SHE,EHZ,SHN,EHE,EHN,SHZ",22.73967,120.355263,27.9,2009-03-24,2009-06-08
2F.SS07.,2F,SS07,,"EHE,EHN,EHZ",22.73844,120.374008,53.7,2009-03-24,2009-06-08
2F.SS08.,2F,SS08,,"EHE,EHN,EHZ",22.71929,120.386864,63.1,2009-04-09,2009-06-08
2F.SS09.,2F,SS09,,"EHE,EHN,EHZ",22.72965,120.418167,71.9,2009-03-23,2009-06-08
2F.SS10.,2F,SS10,,"EHE,EHN,EHZ",22.73065,120.43116,104.2,2009-03-23,2009-06-08
2F.SS11.,2F,SS11,,"EHE,EHN,EHZ",22.72957,120.451263,29.7,2009-03-24,2009-06-08
2F.SS12.,2F,SS12,,"EHE,EHN,EHZ",22.73077,120.479019,33.9,2009-03-20,2009-06-08
2F.SS13.,2F,SS13,,"EHE,EHN,EHZ",22.7297,120.492554,35.4,2009-03-19,2009-06-08
2F.SS14.,2F,SS14,,"EHE,EHN,EHZ",22.727831,120.511993,38.3,2009-03-22,2009-06-08
2F.SS15.,2F,SS15,,"EHE,EHN,EHZ",22.73678,120.535233,46.1,2009-03-20,2009-06-08
2F.SS16.,2F,SS16,,"EHE,EHN,EHZ",22.736919,120.55011,58.1,2009-03-22,2009-06-08
2F.SS17.,2F,SS17,,"EHE,EHN,EHZ",22.7248,120.568962,68.6,2009-03-22,2009-06-08
2F.SS18.,2F,SS18,,"EHE,EHN,EHZ",22.730431,120.586853,75.2,2009-03-20,2009-06-08
2F.SS19.,2F,SS19,,"EHE,EHN,EHZ",22.73167,120.608681,90.2,2009-03-22,2009-06-08
2F.SS21.,2F,SS21,,"EHE,EHN,EHZ",22.744249,120.64003,156.5,2009-03-21,2009-06-08
2F.SS22.,2F,SS22,,"EHE,EHN,EHZ",22.730181,120.667908,458.2,2009-03-21,2009-06-08
2F.SS23.,2F,SS23,,"EHE,EHN,EHZ",22.751511,120.68222,692.1,2009-03-21,2009-06-08
2F.SS24.,2F,SS24,,"EHE,EHN,EHZ",22.75036,120.70562,311.6,2009-03-21,2009-06-08
2F.SS25.,2F,SS25,,"EHE,EHN,EHZ",22.749809,120.726013,726.7,2009-03-22,2009-06-08
2F.SS26.,2F,SS26,,"EHE,EHN,EHZ",22.744631,120.743462,1054.6,2009-03-21,2009-06-08
2F.SS27.,2F,SS27,,"HHN,HHE,HHZ",22.728661,120.758507,1267.6,2009-03-22,2009-06-09
2F.SS28.,2F,SS28,,"HHN,HHE,HHZ",22.731741,120.776749,1289.0,2009-03-20,2009-06-09
2F.SS29.,2F,SS29,,"HHN,HHE,HHZ",22.72048,120.796288,1452.5,2009-03-20,2009-06-09
2F.SS30.,2F,SS30,,"HHN,HHE,HHZ",22.718571,120.812866,1520.2,2009-03-20,2009-06-08
2F.SS37.,2F,SS37,,"HHN,HHE,HHZ",22.73893,120.984703,621.1,2009-04-29,2009-06-08
2F.SS38.,2F,SS38,,"HHN,HHE,HHZ",22.748699,120.993309,470.2,2009-03-18,2009-06-08
2F.SS39.,2F,SS39,,"HHN,HHE,HHZ",22.752359,121.002701,674.4,2009-03-25,2009-06-09
2F.SS40.,2F,SS40,,"EHE,EHN,EHZ",22.75835,121.016724,254.4,2009-03-17,2009-06-08
2F.SS41.,2F,SS41,,"EHE,EHN,EHZ",22.72617,121.040649,179.4,2009-03-18,2009-06-08
2F.SS42.,2F,SS42,,"EHE,EHN,EHZ",22.739401,121.059967,85.2,2009-03-17,2009-06-08
2F.SS43.,2F,SS43,,"EHE,EHN,EHZ",22.733999,121.076721,56.0,2009-03-17,2009-06-08
2F.SS44.,2F,SS44,,"EHE,EHN,EHZ",22.72953,121.097816,32.5,2009-03-18,2009-06-08
2F.SS45.,2F,SS45,,"EHE,EHN,EHZ",22.740919,121.113724,33.9,2009-03-18,2009-06-08
2F.SS46.,2F,SS46,,"EHE,EHN,EHZ",22.733021,121.132729,15.1,2009-04-08,2009-06-08
2F.SS47.,2F,SS47,,"EHE,EHN,EHZ",22.768169,120.409149,74.3,2009-03-23,2009-04-09
2F.TB007.,2F,TB007,,"HHN,HHE,HHZ",43.468393,-108.064737,2046.0,2017-09-19,2020-12-31
2F.TB009.,2F,TB009,,"HHN,HHE,HHZ",43.462638,-107.581569,2035.0,2017-09-15,2020-12-31
2F.TB010.,2F,TB010,,"HHN,HHE,HHZ",43.590616,-107.108231,2228.0,2017-09-18,2020-12-31
2F.TB011.,2F,TB011,,"HHN,HHE,HHZ",43.784088,-106.726209,1563.0,2017-09-17,2020-12-31
2F.TB012.,2F,TB012,,"HHN,HHE,HHZ",43.808982,-106.310591,1358.0,2017-09-17,2020-12-31
2F.TB013.,2F,TB013,,"HHN,HHE,HHZ",43.954294,-105.765629,2035.0,2017-09-16,2020-12-31
2F.TB015.,2F,TB015,,"HHN,HHE,HHZ",44.018776,-105.309498,2035.0,2017-09-17,2020-12-31
2F.TB016.,2F,TB016,,"HHN,HHE,HHZ",44.061383,-104.975006,1380.0,2017-09-18,2020-12-31
2F.TB017.,2F,TB017,,"HHN,HHE,HHZ",44.108036,-104.875483,2035.0,2017-09-16,2020-12-31
2F.TB018.,2F,TB018,,"HHN,HHE,HHZ",44.135378,-104.757504,2035.0,2017-09-16,2020-12-31
2F.TB019.,2F,TB019,,"HHN,HHE,HHZ",44.148916,-104.682658,2035.0,2017-09-21,2020-12-31
2F.TB020.,2F,TB020,,"HHN,HHE,HHZ",44.138005,-104.598604,2035.0,2017-09-21,2020-12-31
2F.TB022.,2F,TB022,,"HHN,HHE,HHZ",44.150447,-104.398111,2035.0,2017-09-19,2020-12-31
2F.TB023.,2F,TB023,,"HHN,HHE,HHZ",44.164517,-104.291898,2035.0,2017-09-19,2020-12-31
2F.TB024.,2F,TB024,,"HHN,HHE,HHZ",44.150112,-104.090766,1841.0,2017-09-21,2020-12-31
2F.TB025.,2F,TB025,,"HHN,HHE,HHZ",44.206582,-104.026394,2035.0,2017-09-21,2020-12-31
2F.TB026.,2F,TB026,,"HHN,HHE,HHZ",44.212514,-103.97728,2035.0,2017-09-19,2020-12-31
2F.TB027.,2F,TB027,,"HHN,HHE,HHZ",44.3001,-103.869001,1616.0,2017-11-03,2020-12-31
2F.TB028.,2F,TB028,,"HHN,HHE,HHZ",44.276383,-103.760494,2035.0,2017-09-18,2020-12-31
2F.TB029.,2F,TB029,,"HHN,HHE,HHZ",44.29792,-103.686092,2035.0,2017-09-18,2020-12-31
2F.TB030.,2F,TB030,,"HHN,HHE,HHZ",44.324862,-103.599463,2035.0,2017-09-19,2020-12-31
2F.TB032.,2F,TB032,,"HHN,HHE,HHZ",44.338612,-103.450783,2035.0,2017-09-21,2020-12-31
2F.TB036.,2F,TB036,,"HHN,HHE,HHZ",44.408885,-103.049517,2035.0,2017-09-20,2020-12-31
2F.TB037.,2F,TB037,,"HHN,HHE,HHZ",44.418335,-102.954288,839.0,2017-09-20,2020-12-31
3A.DJPA.,3A,DJPA,,"HHN,HHE,HHZ",63.91679,-22.09455,214.0,2021-06-02,2021-12-31
3A.KILR.,3A,KILR,,"HHN,HHE,HHZ",63.97247,-22.13455,90.0,2021-07-01,2021-12-31
3A.L001.,3A,L001,,"HHN,HHE,HHZ",-38.305611,-72.051826,606.0,2010-03-30,2012-12-30
3A.L002.,3A,L002,,"HHN,HHE,HHZ",-38.2551,-72.257004,410.0,2010-03-30,2010-12-31
3A.L003.,3A,L003,,"HHN,HHE,HHZ",-38.295052,-72.415482,320.0,2010-03-30,2012-12-30
3A.L005.,3A,L005,,"HHN,HHE,HHZ",-38.26326,-72.79351,297.0,2010-04-04,2012-12-30
3A.L006.,3A,L006,,"HHN,HHE,HHZ",-38.288849,-72.897369,110.0,2010-03-30,2012-12-30
3A.L007.,3A,L007,,"HHN,HHE,HHZ",-38.16861,-73.367088,78.0,2010-04-01,2012-12-30
3A.L008.,3A,L008,,"HHN,HHE,HHZ",-38.410431,-73.905449,0.0,2010-03-28,2012-12-30
3A.L009.,3A,L009,,"HHN,HHE,HHZ",-37.030319,-73.520477,16.0,2010-04-02,2012-12-30
3A.L101.,3A,L101,,"HHN,HHE,HHZ",-37.36375,-73.657967,33.0,2010-04-09,2010-12-31
3A.L102.,3A,L102,,"HHN,HHE,HHZ",-37.433369,-72.145767,383.0,2010-07-26,2012-12-30
3A.L103.,3A,L103,,"HHN,HHE,HHZ",-37.33857,-71.532303,702.0,2010-04-29,2012-12-30
3A.L104.,3A,L104,,"HHN,HHE,HHZ",-37.85984,-72.089241,375.0,2010-04-29,2012-12-30
3A.L105.,3A,L105,,"HHN,HHE,HHZ",-38.455151,-71.361954,1645.0,2010-04-29,2012-12-30
3A.L106.,3A,L106,,"HHN,HHE,HHZ",-38.337379,-71.809868,831.0,2010-04-07,2012-12-30
3A.L107.,3A,L107,,"HHN,HHE,HHZ",-39.333099,-71.788849,365.0,2010-04-29,2012-12-30
3A.L201.,3A,L201,,"HHN,HHE,HHZ",-38.507801,-73.145233,726.0,2010-09-09,2012-12-30
3A.MUS1.,3A,MUS1,,"HNN,HNZ,HNE",35.782377,-78.639883,30.0,2024-07-25,2024-08-15
3A.QC08.,3A,QC08,,"HHN,HHE,HHZ",-38.272331,-73.200981,99.0,2010-09-11,2012-12-30
3A.QC11.,3A,QC11,,"HHN,HHE,HHZ",-37.766548,-73.489304,0.0,2010-09-09,2012-12-30
3A.U16B.,3A,U16B,,"HHN,HHE,HHZ",-36.857731,-73.079788,21.0,2010-09-13,2012-12-30
3A.U40B.,3A,U40B,,"HHN,HHE,HHZ",-36.63303,-72.85878,308.0,2010-09-13,2012-12-30
3A.U69B.,3A,U69B,,"HHN,HHE,HHZ",-34.370621,-71.176399,175.0,2010-09-15,2012-12-30
3A.UO2B.,3A,UO2B,,"HHN,HHE,HHZ",-37.205891,-72.980507,206.0,2010-09-10,2012-12-30
7A.ADAO.,7A,ADAO,,"BHE,BHZ,BHN",40.718102,-83.818298,314.0,2015-06-28,2016-10-24
7A.ALMA.,7A,ALMA,,"BHE,BHZ,BHN",39.4048,-80.836403,233.0,2014-11-24,2016-10-24
7A.AZZI.,7A,AZZI,,"BHZ,BH2,BH1",40.366402,-82.919098,294.0,2014-10-25,2016-10-24
7A.BARB.,7A,BARB,,"BHN,BH2,BH1,BHZ,BHE",37.990799,-78.085297,84.0,2013-10-25,2016-10-24
7A.BDEG.,7A,BDEG,,"BHE,BHZ,BHN",37.331501,-77.208298,-21.0,2013-10-24,2016-10-24
7A.CABN.,7A,CABN,,"BHE,BHZ,BHN",38.719898,-79.4412,910.0,2013-10-25,2016-10-24
7A.CAKE.,7A,CAKE,,"BHE,BHZ,BHN",38.5182,-79.3004,640.0,2015-07-01,2016-10-24
7A.CDRF.,7A,CDRF,,"BHE,BHZ,BHN",39.455502,-81.052399,282.0,2014-10-24,2016-10-24
7A.DENI.,7A,DENI,,"BHE,BHZ,BHN",40.082901,-82.526901,315.0,2015-06-25,2016-10-24
7A.FOXP.,7A,FOXP,,"BHE,BHZ,BHN",38.627102,-79.245399,485.0,2014-11-22,2016-10-24
7A.INTX.,7A,INTX,,"BHE,BHZ,BHN",38.404701,-78.586098,320.0,2013-10-26,2016-10-24
7A.JSPR.,7A,JSPR,,"BHN,BH2,BH1,BHZ,BHE",38.637001,-79.332397,527.0,2013-10-26,2016-10-24
7A.KENT.,7A,KENT,,"BHE,BHZ,BHN",40.626499,-83.635201,296.0,2015-06-28,2016-10-24
7A.LADY.,7A,LADY,,"BHE,BHZ,BHN",38.505901,-78.764603,401.0,2013-10-23,2016-10-24
7A.LBDL.,7A,LBDL,,"BHE,BHZ,BHN",37.800098,-77.639801,48.0,2013-10-24,2016-10-24
7A.MOLE.,7A,MOLE,,"BHE,BHZ,BHN",38.491299,-79.017303,487.0,2015-07-01,2016-10-24
7A.MUSK.,7A,MUSK,,"BHE,BHZ,BHN",39.997601,-81.736801,0.0,2014-10-24,2016-10-24
7A.NAZF.,7A,NAZF,,"BHE,BHZ,BHN",39.380199,-80.639801,0.0,2014-10-23,2016-10-24
7A.PAUL.,7A,PAUL,,"BHE,BHZ,BHN",41.136002,-84.547798,0.0,2015-10-21,2016-10-24
7A.PETO.,7A,PETO,,"BHE,BHZ,BHN",39.160198,-80.329498,0.0,2014-10-24,2016-10-24
7A.PVGR.,7A,PVGR,,"BHE,BHZ,BHN",39.571499,-81.382103,0.0,2014-10-24,2016-10-24
7A.RTSN.,7A,RTSN,,"BHE,BHZ,BHN",38.944099,-79.5812,949.0,2013-10-26,2016-10-24
7A.SUSI.,7A,SUSI,,"BHE,BHZ,BHN",40.4291,-83.181801,0.0,2014-10-25,2016-10-24
7A.TRTF.,7A,TRTF,,"BHN,BH2,BH1,BHZ,BHE",38.564602,-78.966301,437.0,2013-10-26,2015-07-25
7A.WINE.,7A,WINE,,"BHE,BHZ,BHN",38.1591,-78.319801,119.0,2013-10-26,2016-10-24
7A.WIRE.,7A,WIRE,,"BHE,BHZ,BHN",38.854301,-79.8367,613.0,2014-07-26,2016-10-24
7A.WLFT.,7A,WLFT,,"BHE,BHZ,BHN",38.165699,-78.1437,110.0,2013-10-26,2016-10-24
7A.WTMN.,7A,WTMN,,"BHN,BH2,BH1,BHZ,BHE",38.296501,-78.476501,178.0,2013-10-26,2016-10-24
7A.YLDA.,7A,YLDA,,"BHN,BH2,BH1,BHZ,BHE",37.8643,-77.843903,63.0,2013-10-25,2016-10-24
7D.APPL.,7D,APPL,,"HH1,HH2,HHZ",41.5202,-82.8302,167.0,2018-10-17,2021-07-02
7D.BASS.,7D,BASS,,"HH1,HH2,HHZ",41.6291,-82.8416,185.0,2018-10-16,2021-07-07
7D.CATS.,7D,CATS,,"HH1,HH2,HHZ",41.9705,-83.3467,182.0,2018-10-14,2021-03-29
7D.COMM.,7D,COMM,,"HH1,HH2,HHZ",-45.137416,167.113978,960.0,2022-12-14,2025-12-31
7D.DONG.,7D,DONG,,"HH1,HH2,HHZ",41.7945,-83.5134,169.0,2018-10-15,2021-05-10
7D.ELDE.,7D,ELDE,,"HH1,HH2,HHZ",-44.906396,167.319315,843.0,2023-04-27,2025-12-31
7D.GRVF.,7D,GRVF,,"HH1,HH2,HHZ",-45.718825,167.350168,728.0,2022-12-09,2025-12-31
7D.IVOR.,7D,IVOR,,"HH1,HH2,HHZ",-45.114782,167.526721,997.0,2022-12-13,2025-12-31
7D.JFOX.,7D,JFOX,,"HH1,HH2,HHZ",41.6376,-83.3133,174.0,2018-10-16,2021-05-20
7D.KA02.,7D,KA02,,"BHE,BHZ,BHN",-16.0128,128.0,144.0,1997-07-21,1997-10-07
7D.KA03.,7D,KA03,,"BHE,BHZ,BHN",-15.9282,127.247803,333.0,1997-07-21,1997-10-07
7D.KA05.,7D,KA05,,"BHE,BHZ,BHN",-16.8195,124.9123,180.0,1997-07-23,1997-10-09
7D.KA07.,7D,KA07,,"BHE,BHZ,BHN",-18.182199,124.077721,180.0,1997-07-25,1997-10-10
7D.KA08.,7D,KA08,,"BHE,BHZ,BHN",-18.868,126.016121,180.0,1997-07-26,1997-10-12
7D.KA09.,7D,KA09,,"BHE,BHZ,BHN",-17.2813,127.4645,180.0,1997-07-27,1997-10-13
7D.KA10.,7D,KA10,,"BHE,BHZ,BHN",-16.596201,128.478699,180.0,1997-07-28,1997-10-14
7D.LUXM.,7D,LUXM,,"HH1,HH2,HHZ",-45.399829,167.601079,1100.0,2022-12-14,2025-12-31
7D.MIKE.,7D,MIKE,,"HH1,HH2,HHZ",-45.83425,166.885593,782.2,2022-12-13,2025-12-31
7D.N01.,7D,N01,,EHZ,46.814438,-120.914246,723.2,2009-10-16,2009-10-21
7D.N02.,7D,N02,,EHZ,46.81295,-120.915039,685.0,2009-10-16,2009-10-21
7D.N03.,7D,N03,,EHZ,46.812943,-120.916267,664.8,2009-10-16,2009-10-21
7D.N04.,7D,N04,,EHZ,46.809399,-120.918137,590.7,2009-10-16,2009-10-21
7D.N05.,7D,N05,,EHZ,46.810619,-120.921432,592.2,2009-10-16,2009-10-21
7D.N06.,7D,N06,,EHZ,46.814438,-120.914246,723.2,2009-10-16,2009-10-21
7D.N07.,7D,N07,,EHZ,46.812634,-120.922012,591.6,2009-10-16,2009-10-21
7D.N08.,7D,N08,,EHZ,46.81686,-120.91198,929.1,2009-10-16,2009-10-21
7D.N09.,7D,N09,,EHZ,46.817421,-120.914551,914.1,2009-10-16,2009-10-21
7D.N10.,7D,N10,,EHZ,46.818096,-120.919029,866.4,2009-10-16,2009-10-21
7D.N11.,7D,N11,,EHZ,46.816509,-120.924911,597.1,2009-10-16,2009-10-21
7D.N12.,7D,N12,,EHZ,46.817921,-120.924431,637.0,2009-10-16,2009-10-21
7D.NEIL.,7D,NEIL,,"HH1,HH2,HHZ",41.9891,-83.2797,175.0,2018-10-15,2021-05-26
7D.ONYN.,7D,ONYN,,"HH1,HH2,HHZ",42.0481,-83.2457,179.0,2018-10-14,2021-05-15
7D.RIMM.,7D,RIMM,,"HH1,HH2,HHZ",-45.937489,166.583193,502.0,2022-12-12,2025-12-31
7D.RNLD.,7D,RNLD,,"HH1,HH2,HHZ",-44.626431,167.724505,558.0,2023-04-27,2025-12-31
7D.ROBB.,7D,ROBB,,"HH1,HH2,HHZ",-44.867931,167.632518,1084.0,2022-12-11,2025-12-31
7D.STEPH.,7D,STEPH,,"HH1,HH2,HHZ",-45.442677,166.797424,772.0,2023-04-26,2025-12-31
7D.TEAD.,7D,TEAD,,"HH1,HH2,HHZ",-45.194778,167.855889,324.0,2022-12-09,2025-12-31
7D.THIC.,7D,THIC,,"HH1,HH2,HHZ",-46.009075,167.477219,139.0,2022-12-10,2025-12-31
7D.WOLF.,7D,WOLF,,"HH1,HH2,HHZ",41.795,-83.4804,172.0,2018-10-14,2021-05-16
7D.WTF1.,7D,WTF1,,"BHE,BHZ,BHN",46.811459,-120.916,640.0,2009-10-16,2009-11-26
7D.WTF2.,7D,WTF2,,"BHN,EHZ,EHE,BHZ,EHN,BHE",46.819149,-120.924896,629.4,2009-10-16,2009-12-24
7D.WTF3.,7D,WTF3,,"EHE,EHN,EHZ",46.815304,-120.909348,916.0,2009-10-20,2009-11-26
7D.WTF4.,7D,WTF4,,"EHE,EHN,EHZ",46.820518,-120.91716,717.5,2009-10-20,2009-11-26
7S.BARN.,7S,BARN,,"HH1,HH2,HHZ",-44.085433,168.42085,17.0,2019-04-06,2020-10-19
7S.BELL.,7S,BELL,,"HH1,HH2,HHZ",-42.545283,171.6121,301.0,2019-04-06,2020-10-13
7S.BRUN.,7S,BRUN,,"HH1,HH2,HHZ",-42.639205,171.396109,74.0,2019-04-06,2021-10-13
7S.CASC.,7S,CASC,,"HH1,HH2,HHZ",-44.044183,168.509117,332.0,2019-04-06,2020-10-18
7S.DATA.,7S,DATA,,"HH1,HH2,HHZ",-44.178583,168.74355,1096.0,2019-04-06,2021-12-31
7S.DELT.,7S,DELT,,"HH1,HH2,HHZ",-44.14395,168.476667,1112.0,2019-04-06,2021-12-31
7S.GLOR.,7S,GLOR,,"HH1,HH2,HHZ",-42.6069,171.72453,232.0,2019-04-06,2021-12-31
7S.GORG.,7S,GORG,,"HH1,HH2,HHZ",-44.174,168.374533,986.0,2019-04-06,2020-10-16
7S.HURA.,7S,HURA,,"HH1,HH2,HHZ",-42.8395,171.411217,1354.0,2019-04-06,2020-10-24
7S.JACK.,7S,JACK,,"HH1,HH2,HHZ",-42.752983,171.533433,335.0,2019-04-06,2020-10-14
7S.MONK.,7S,MONK,,"HH1,HHZ,HH2",-44.120617,168.542683,138.0,2019-04-06,2021-12-31
7S.MORG.,7S,MORG,,"HH1,HH2,HHZ",-42.665383,171.71015,1142.0,2019-04-06,2020-10-24
7S.MOSQ.,7S,MOSQ,,"HH1,HH2,HHZ",-42.656,171.567683,109.0,2019-04-06,2021-12-31
7S.OLIV.,7S,OLIV,,"HH1,HH2,HHZ",-44.195183,168.568567,1033.0,2019-04-06,2020-10-16
7S.POMM.,7S,POMM,,"HH1,HH2,HHZ",-44.277083,168.656917,1065.0,2019-04-06,2020-10-16
7S.RICH.,7S,RICH,,"HH1,HH2,HHZ",-44.224217,168.442167,577.0,2019-04-06,2021-12-31
7S.SHOT.,7S,SHOT,,"HH1,HH2,HHZ",-42.782733,171.652183,1158.0,2019-04-06,2020-10-24
7S.THOM.,7S,THOM,,"HH1,HH2,HHZ",-44.117383,168.67435,980.0,2019-04-06,2021-12-31
7S.TURI.,7S,TURI,,"HH1,HH2,HHZ",-42.75925,171.322433,115.0,2019-04-06,2021-12-31
9A.ETX10.,9A,ETX10,,"HNN,HNZ,HNE",31.8535,-94.429604,98.0,2013-03-26,2013-12-30
9A.MVP1.00,9A,MVP1,0.0,"EHE,EHN,EHZ",53.918,-167.0383,280.2,2015-06-01,2016-09-01
9A.MVP2.00,9A,MVP2,0.0,"EHE,EHN,EHZ",53.831,-167.0792,475.7,2015-06-01,2016-09-01
9A.MVP3.00,9A,MVP3,0.0,"EHE,EHN,EHZ",53.7449,-166.6461,369.4,2015-06-01,2016-09-01
9A.MVP4.00,9A,MVP4,0.0,"EHE,EHN,EHZ",53.8018,-166.5658,255.1,2015-06-01,2016-09-01
9A.MVP5.00,9A,MVP5,0.0,"EHE,EHN,EHZ",53.9156,-166.3708,163.4,2015-06-01,2016-09-01
X6.1700.,X6,1700,,"HHN,HHE,HHZ",44.3517,-103.7584,1073.8,2015-03-25,2016-12-31
X6.300.,X6,300,,"HHN,HHE,HHZ",44.346401,-103.756897,1505.1,2015-01-13,2016-12-31
X6.800.,X6,800,,"HHN,HHE,HHZ",44.347401,-103.758904,1350.0,2015-01-13,2016-12-31
X6.A2000.,X6,A2000,,"HHN,HHE,HHZ",44.351101,-103.762299,983.3,2015-03-24,2016-12-31
X6.A4100.,X6,A4100,,"HHN,HHE,HHZ",44.344898,-103.753502,342.5,2015-01-21,2016-12-31
X6.A4850.,X6,A4850,,"HHN,HHE,HHZ",44.3405,-103.762497,115.2,2015-04-02,2016-12-31
X6.B2000.,X6,B2000,,"HHN,HHE,HHZ",44.349201,-103.760498,983.3,2015-03-25,2016-12-31
X6.B4850.,X6,B4850,,"HHN,HHE,HHZ",44.346298,-103.758102,114.9,2014-11-19,2016-12-31
X6.BB01.,X6,BB01,,"BHE,BHZ,BHN",-27.424,-68.143997,3455.0,2007-08-01,2009-12-12
X6.BB02.,X6,BB02,,"BHE,BHZ,BHN",-27.111,-68.089996,3810.0,2007-08-01,2009-12-12
X6.BB03.,X6,BB03,,"BHE,BHZ,BHN",-27.488001,-68.257004,4480.0,2007-08-01,2009-12-12
X6.BB04.,X6,BB04,,"BHE,BHZ,BHN",-26.540001,-68.021004,3720.0,2007-08-01,2009-12-12
X6.BB07.,X6,BB07,,"BHE,BHZ,BHN",-25.516001,-67.618103,3399.0,2008-01-30,2009-12-31
X6.BB08.,X6,BB08,,"BHE,BHZ,BHN",-26.016001,-67.917999,3347.0,2008-01-30,2009-12-31
X6.BB09.,X6,BB09,,"BHE,BHZ,BHN",-26.525101,-68.098801,3787.0,2008-01-15,2009-12-31
X6.BB10.,X6,BB10,,"BHE,BHZ,BHN",-26.379,-67.690697,3336.0,2008-01-26,2009-12-31
X6.BB11.,X6,BB11,,"BHE,BHZ,BHN",-27.112499,-66.943604,2193.0,2007-12-15,2009-12-31
X6.BB12.,X6,BB12,,"BHE,BHZ,BHN",-27.5131,-67.124496,2152.0,2007-12-15,2009-12-31
X6.BB13.,X6,BB13,,"BHE,BHZ,BHN",-27.6413,-66.598,937.0,2007-12-16,2009-12-31
X6.BB14.,X6,BB14,,"BHE,BHZ,BHN",-27.597099,-65.9785,1854.0,2008-01-05,2009-12-31
X6.BB15.,X6,BB15,,"BHE,BHZ,BHN",-27.3405,-66.369797,2856.0,2008-01-05,2009-12-31
X6.BB19.,X6,BB19,,"BHE,BHZ,BHN",-26.306299,-67.061501,4419.0,2008-03-24,2009-12-31
X6.BB22.,X6,BB22,,"BHE,BHZ,BHN",-26.157,-69.237,3455.0,2007-08-01,2009-12-12
X6.BB23.,X6,BB23,,"BHE,BHZ,BHN",-25.367001,-69.426003,2810.0,2007-08-01,2009-12-12
X6.BB24.,X6,BB24,,"BHE,BHZ,BHN",-27.832701,-68.097702,3117.0,2007-12-15,2009-12-31
X6.BB25.,X6,BB25,,"BHE,BHZ,BHN",-27.619499,-68.542603,4100.0,2008-10-31,2009-12-31
X6.C2000.,X6,C2000,,"HHN,HHE,HHZ",44.351601,-103.763702,983.1,2015-03-25,2016-12-31
X6.C4100.,X6,C4100,,"HHN,HHE,HHZ",44.3512,-103.750702,342.3,2015-01-21,2016-12-31
X6.C4850.,X6,C4850,,"HHN,HHE,HHZ",44.346298,-103.7528,114.6,2014-11-19,2016-12-31
X6.D2000.,X6,D2000,,"HHN,HHE,HHZ",44.353298,-103.768898,983.0,2015-03-25,2016-12-31
X6.D4100.,X6,D4100,,"HHN,HHE,HHZ",44.343601,-103.751099,342.4,2015-01-21,2016-12-31
X6.D4850.,X6,D4850,,"HHN,HHE,HHZ",44.353001,-103.750504,115.2,2014-11-19,2016-12-31
X6.DEAD.,X6,DEAD,,"HHN,HHE,HHZ",44.382702,-103.753197,1498.0,2015-05-18,2016-09-24
X6.E2000.,X6,E2000,,"HHN,HHE,HHZ",44.3564,-103.771599,983.1,2015-03-25,2016-12-31
X6.EW09.,X6,EW09,,"BHE,BHZ,BHN",-26.684099,-67.184097,3898.0,2008-01-08,2009-12-31
X6.EW10.,X6,EW10,,"BHE,BHZ,BHN",-26.591999,-67.262001,3505.0,2007-08-01,2009-12-12
X6.EW11.,X6,EW11,,"BHE,BHZ,BHN",-26.666201,-67.676201,3755.0,2008-01-12,2009-12-31
X6.EW12.,X6,EW12,,"BHE,BHZ,BHN",-26.685101,-67.773598,3735.0,2008-01-26,2009-12-31
X6.EW13.,X6,EW13,,"BHE,BHZ,BHN",-26.6523,-67.877296,3882.0,2008-01-27,2009-12-31
X6.EW14.,X6,EW14,,"BHE,BHZ,BHN",-26.709,-68.002602,4552.0,2008-01-30,2009-12-31
X6.EW15.,X6,EW15,,"BHE,BHZ,BHN",-26.7444,-68.162903,4710.0,2008-01-15,2009-12-31
X6.EW16.,X6,EW16,,"BHE,BHZ,BHN",-26.851,-68.277,4705.0,2007-08-01,2009-12-12
X6.EW17.,X6,EW17,,"BHE,BHZ,BHN",-26.885,-68.427002,4380.0,2007-08-01,2009-12-12
X6.EW18.,X6,EW18,,"BHE,BHZ,BHN",-26.906,-68.552002,4475.0,2007-08-01,2009-12-12
X6.EW19.,X6,EW19,,"BHE,BHZ,BHN",-26.881001,-68.666,4575.0,2007-08-01,2009-12-12
X6.EW20.,X6,EW20,,"BHE,BHZ,BHN",-26.91,-68.766998,4455.0,2007-08-01,2009-12-12
X6.LHS.,X6,LHS,,"HHN,HHE,HHZ",44.347301,-103.774803,1684.0,2015-05-19,2016-09-26
X6.NS05.,X6,NS05,,"BHE,BHZ,BHN",-26.512501,-67.403397,3037.0,2008-01-08,2009-12-31
X6.NS06.,X6,NS06,,"BHE,BHZ,BHN",-26.616301,-67.440002,3111.0,2008-01-09,2009-12-31
X6.NS07.,X6,NS07,,"BHE,BHZ,BHN",-26.6677,-67.550499,3517.0,2008-01-09,2009-12-31
X6.NS08.,X6,NS08,,"BHE,BHZ,BHN",-26.7841,-67.648399,4190.0,2008-01-10,2009-12-31
X6.NS09.,X6,NS09,,"BHE,BHZ,BHN",-26.910101,-67.652603,3440.0,2008-01-10,2009-12-31
X6.NS10.,X6,NS10,,"BHE,BHZ,BHN",-27.051001,-67.688004,2485.0,2007-08-01,2009-12-12
X6.NS11.,X6,NS11,,"BHE,BHZ,BHN",-27.112499,-67.702599,2170.0,2007-12-15,2008-10-18
X6.NS12.,X6,NS12,,"BHE,BHZ,BHN",-27.2283,-67.756798,2017.0,2007-12-18,2009-12-31
X6.NS13.,X6,NS13,,"BHE,BHZ,BHN",-27.336,-67.773598,2022.0,2007-12-18,2009-12-31
X6.NS14.,X6,NS14,,"BHE,BHZ,BHN",-27.443701,-67.694199,1839.0,2007-12-17,2009-12-31
X6.NS15.,X6,NS15,,"BHE,BHZ,BHN",-27.479601,-67.603302,1646.0,2007-12-14,2009-12-31
X6.NS16.,X6,NS16,,"BHE,BHZ,BHN",-27.5686,-67.613403,1608.0,2007-12-14,2009-12-31
X6.NS17.,X6,NS17,,"BHE,BHZ,BHN",-27.707899,-67.624702,1496.0,2007-12-17,2009-12-31
X6.NS18.,X6,NS18,,"BHE,BHZ,BHN",-27.900801,-67.628998,1376.0,2007-12-13,2009-12-31
X6.ORO.,X6,ORO,,"HHN,HHE,HHZ",44.343498,-103.752296,1543.0,2015-03-30,2016-09-25
X6.ROSS.,X6,ROSS,,"HHN,HHE,HHZ",44.3451,-103.757599,1628.0,2014-11-19,2016-09-25
X6.RRDG.,X6,RRDG,,"HHN,HHE,HHZ",44.359501,-103.765404,1677.0,2015-05-20,2016-09-26
X6.SHL.,X6,SHL,,"HHN,HHE,HHZ",44.316898,-103.709801,1772.0,2015-05-17,2016-09-24
X6.TPK.,X6,TPK,,"HHN,HHE,HHZ",44.340801,-103.797997,1740.0,2015-05-20,2016-09-24
X6.WTP.,X6,WTP,,"HHN,HHE,HHZ",44.353901,-103.742302,1555.0,2015-01-22,2016-09-25
X6.YATES.,X6,YATES,,"HHN,HHE,HHZ",44.3522,-103.751503,1625.0,2014-11-20,2016-09-25
X9.AFDAD.,X9,AFDAD,,"HHZ,BHN,HHE,BHZ,HHN,BHE",32.822498,-97.050903,196.9,2008-11-08,2010-06-03
X9.AFMOM.,X9,AFMOM,,"HHN,HHE,HHZ",32.944,-97.169899,0.0,2008-01-12,2008-12-04
X9.BFN1.,X9,BFN1,,"HHN,HHE,HHZ",-69.009201,72.923599,60.8,2005-12-30,2007-03-01
X9.BFS4.,X9,BFS4,,"HHN,HHE,HHZ",-68.998497,72.882599,62.3,2005-12-31,2007-03-01
X9.BL01.,X9,BL01,,"EHE,EHN,EHZ",40.977402,-118.1604,1279.0,2017-12-07,2018-01-11
X9.BL02.,X9,BL02,,"EHE,EHN,EHZ",40.9897,-118.153397,100.0,2017-12-07,2018-01-11
X9.BL03.,X9,BL03,,"EHE,EHN,EHZ",40.9827,-118.129997,1341.0,2017-12-07,2018-01-11
X9.BL04.,X9,BL04,,"EHE,EHN,EHZ",40.966,-118.134804,1288.0,2017-12-08,2018-01-11
X9.BL05.,X9,BL05,,"EHE,EHN,EHZ",41.0014,-118.1222,1408.0,2017-12-07,2018-01-11
X9.BL06.,X9,BL06,,"EHE,EHN,EHZ",40.9743,-118.109398,1479.0,2017-12-08,2018-01-11
X9.BL07.,X9,BL07,,"EHE,EHN,EHZ",40.968201,-118.149101,1282.0,2017-12-08,2018-01-11
X9.BL08.,X9,BL08,,"EHE,EHN,EHZ",40.9851,-118.146004,1282.0,2017-12-08,2018-01-11
X9.BL09.,X9,BL09,,"EHE,EHN,EHZ",40.9622,-118.1157,1362.0,2017-12-08,2018-01-11
X9.BL10.,X9,BL10,,"EHE,EHN,EHZ",40.973099,-118.129303,1322.0,2017-12-08,2018-01-11
X9.BL11.,X9,BL11,,"EHE,EHN,EHZ",40.9729,-118.171204,1277.0,2017-12-08,2018-01-11
X9.BL12.,X9,BL12,,"EHE,EHN,EHZ",40.9604,-118.1595,1277.0,2017-12-08,2018-01-11
X9.BL13.,X9,BL13,,"EHE,EHN,EHZ",40.971298,-118.140404,1281.0,2017-12-08,2018-01-11
X9.BL14.,X9,BL14,,"EHE,EHN,EHZ",40.9944,-118.163498,1277.0,2017-12-07,2018-01-11
X9.BL15.,X9,BL15,,"EHE,EHN,EHZ",40.9557,-118.145203,1283.0,2017-12-08,2018-01-11
X9.BL16.,X9,BL16,,"EHE,EHN,EHZ",40.9776,-118.150597,1270.0,2017-12-07,2018-01-11
X9.BL17.,X9,BL17,,"EHE,EHN,EHZ",40.988098,-118.171501,1277.0,2017-12-07,2018-01-11
X9.BL18.,X9,BL18,,"EHE,EHN,EHZ",40.966599,-118.121902,1352.0,2017-12-08,2018-01-11
X9.CLEA1.,X9,CLEA1,,"HHZ,BHN,HHE,BHZ,HHN,BHE",32.357399,-97.432602,269.2,2009-06-18,2011-12-31
X9.CLEF1.,X9,CLEF1,,"HHZ,BHN,HHE,BHZ,HHN,BHE",32.349701,-97.380501,263.5,2009-06-15,2010-06-04
X9.CLEF2.,X9,CLEF2,,"HHZ,BHN,HHE,BHZ,HHN,BHE",32.3242,-97.415802,276.3,2009-06-18,2011-12-31
X9.CLEF3.,X9,CLEF3,,"HHZ,BHN,HHE,BHZ,HHN,BHE",32.361599,-97.409103,232.2,2009-06-18,2009-07-15
X9.CLELK.,X9,CLELK,,"HHZ,BHN,HHE,BHZ,HHN,BHE",32.296001,-97.353996,229.7,2009-08-04,2011-12-31
X9.CLERV.,X9,CLERV,,"HHZ,BHN,HHE,BHZ,HHN,BHE",32.2938,-97.391296,225.6,2009-07-15,2011-12-31
X9.CPSTX.,X9,CPSTX,,"HHN,HHE,HHZ",32.856499,-96.921501,0.0,2008-01-12,2010-12-31
X9.EULF1.,X9,EULF1,,"HHZ,BHN,HHE,BHZ,HHN,BHE",32.8592,-97.0811,162.2,2009-06-16,2011-12-31
X9.EULF3.,X9,EULF3,,"HHZ,BHN,HHE,BHZ,HHN,BHE",32.835999,-97.081902,171.0,2009-06-16,2011-12-31
X9.HFN2.,X9,HFN2,,"EPZ,EPE,EPN",-69.0131,72.933296,64.6,2005-12-31,2007-03-01
X9.HFN3.,X9,HFN3,,"EPZ,EPE,EPN",-69.020401,72.949097,62.3,2005-12-31,2007-03-01
X9.HFN4.,X9,HFN4,,"EPZ,EPE,EPN",-68.993301,72.900703,62.1,2005-12-31,2007-03-01
X9.HFN5.,X9,HFN5,,"EPZ,EPE,EPN",-69.008598,72.930298,60.6,2005-12-30,2007-03-01
X9.HFN6.,X9,HFN6,,"EPZ,EPE,EPN",-69.0009,72.918297,63.9,2005-12-31,2007-03-01
X9.HFS1.,X9,HFS1,,"EPZ,EPE,EPN",-69.0112,72.919701,61.4,2005-12-30,2007-03-01
X9.HFS2.,X9,HFS2,,"EPZ,EPE,EPN",-69.015198,72.925499,62.7,2005-12-31,2007-03-01
X9.HFS3.,X9,HFS3,,"EPZ,EPE,EPN",-69.022697,72.940804,62.9,2005-01-06,2007-03-01
X9.HFS5.,X9,HFS5,,"EPZ,EPE,EPN",-69.012802,72.914803,63.5,2005-12-30,2007-03-01
X9.HFS6.,X9,HFS6,,"EPZ,EPE,EPN",-69.005798,72.897499,57.5,2005-12-31,2007-03-01
X9.JPLTX.,X9,JPLTX,,"HHN,HHE,HHZ",32.640099,-96.974297,0.0,2008-01-12,2010-12-31
X9.LKGPV.,X9,LKGPV,,"HHN,HHE,HHZ",32.9515,-97.056198,0.0,2008-01-12,2010-12-31
X9.NLKCG.,X9,NLKCG,,"HHZ,BHN,HHE,BHZ,HHN,BHE",32.871101,-96.967903,172.3,2009-06-17,2010-06-03
X9.NLKTX.,X9,NLKTX,,"HHN,HHE,HHZ",32.871201,-96.967697,0.0,2008-01-12,2010-12-31
X9.OBC01.,X9,OBC01,,"HHZ,BHN,HHE,BHZ,HHN,BHE",32.867298,-97.071198,167.7,2009-06-09,2010-06-03
X9.P1MS.,X9,P1MS,,"HHN,HHE,HHZ",34.09198,-106.8716,1402.7,2019-06-06,2022-06-23
X9.P2US.,X9,P2US,,"HHN,HHE,HHZ",34.094634,-106.831641,1436.6,2019-06-14,2022-12-31
X9.P3US.,X9,P3US,,"HHN,HHE,HHZ",34.11038,-106.809458,1510.0,2019-11-01,2022-06-17
X9.P4US.,X9,P4US,,"HHN,HHE,HHZ",34.102941,-106.787712,1543.3,2019-06-14,2022-12-31
X9.PW01.,X9,PW01,,"EHZ,EH2,EH1",-54.93332,-67.64628,3.0,2024-01-03,2024-06-03
X9.PW02.,X9,PW02,,"EHZ,EH2,EH1",-54.93209,-67.65391,18.0,2024-01-03,2024-06-03
X9.PW03.,X9,PW03,,"EHZ,EH2,EH1",-54.9365,-67.65381,10.0,2024-01-04,2024-06-03
X9.PW04.,X9,PW04,,"EHZ,EH2,EH1",-54.93939,-67.65451,6.0,2024-01-04,2024-06-03
X9.PW06.,X9,PW06,,"EHZ,EH2,EH1",-54.93283,-67.63865,20.0,2024-01-03,2024-06-03
X9.PW07.,X9,PW07,,"EHZ,EH2,EH1",-54.92918,-67.63899,10.0,2024-01-03,2024-06-03
X9.SMUH1.,X9,SMUH1,,"HHZ,BHN,HHE,BHZ,HHN,BHE",32.846401,-96.784302,187.0,2009-06-01,2009-06-11
X9.SMUH7.,X9,SMUH7,,"HHZ,BHN,HHE,BHZ,HHN,BHE",32.846401,-96.784302,187.0,2009-06-11,2009-06-17
X9.SMUH8.,X9,SMUH8,,"HHZ,BHN,HHE,BHZ,HHN,BHE",32.846401,-96.784302,187.0,2009-06-11,2009-06-17
X9.SMUH9.,X9,SMUH9,,"HHZ,BHN,HHE,BHZ,HHN,BHE",32.846401,-96.784302,187.0,2009-06-12,2009-06-17
X9.T2N1A.,X9,T2N1A,,"EPZ,EPE,EPN",-69.011803,72.852699,62.7,2004-12-02,2005-02-09
X9.T2N1B.,X9,T2N1B,,"EPZ,EPE,EPN",-69.0103,72.853401,62.7,2005-11-15,2006-02-15
X9.T2N2A.,X9,T2N2A,,"EPZ,EPE,EPN",-69.017899,72.877602,57.5,2004-12-03,2005-02-09
X9.T2N2B.,X9,T2N2B,,"EPZ,EPE,EPN",-69.015701,72.906303,57.5,2005-11-15,2006-02-27
X9.T2N3A.,X9,T2N3A,,"EPZ,EPE,EPN",-69.022003,72.8759,63.9,2004-12-02,2005-02-09
X9.T2N3B.,X9,T2N3B,,"EPZ,EPE,EPN",-69.021301,72.907402,63.9,2005-11-15,2006-02-27
X9.T2N4A.,X9,T2N4A,,"EPZ,EPE,EPN",-69.003502,72.883598,62.3,2004-12-02,2005-02-09
X9.T2N4B.,X9,T2N4B,,"EPZ,EPE,EPN",-69.002899,72.9151,62.3,2005-11-15,2006-02-27
X9.T2N5A.,X9,T2N5A,,"EPZ,EPE,EPN",-69.009598,72.860001,62.3,2004-12-02,2005-02-09
X9.T2N5B.,X9,T2N5B,,"EPZ,EPE,EPN",-69.008904,72.8899,62.3,2005-11-15,2006-02-27
X9.T2N6A.,X9,T2N6A,,"EPZ,EPE,EPN",-69.002296,72.845596,60.8,2004-11-20,2005-02-09
X9.T2N6B.,X9,T2N6B,,"EPZ,EPE,EPN",-69.000999,72.877502,60.8,2005-11-13,2006-02-27
X9.T2S1A.,X9,T2S1A,,"EPZ,EPE,EPN",-69.012398,72.8489,62.1,2004-12-02,2005-02-09
X9.T2S1B.,X9,T2S1B,,"EPZ,EPE,EPN",-69.011497,72.879402,62.1,2005-11-15,2006-02-27
X9.T2S2A.,X9,T2S2A,,"EPZ,EPE,EPN",-69.022202,72.854401,64.6,2004-12-02,2005-02-09
X9.T2S2B.,X9,T2S2B,,"EPZ,EPE,EPN",-69.021301,72.886101,64.6,2005-11-15,2006-02-27
X9.T2S3A.,X9,T2S3A,,"EPZ,EPE,EPN",-69.024101,72.870003,63.5,2004-12-02,2005-02-09
X9.T2S3B.,X9,T2S3B,,"EPZ,EPE,EPN",-69.022301,72.898399,63.5,2005-11-15,2006-02-27
X9.T2S4A.,X9,T2S4A,,"EPZ,EPE,EPN",-69.020897,72.818298,62.9,2004-12-02,2005-02-09
X9.T2S4B.,X9,T2S4B,,"EPZ,EPE,EPN",-69.018898,72.849297,62.9,2005-11-15,2006-02-27
X9.T2S5A.,X9,T2S5A,,"EPZ,EPE,EPN",-69.013901,72.843903,61.4,2004-12-02,2005-02-09
X9.T2S5B.,X9,T2S5B,,"EPZ,EPE,EPN",-69.012802,72.873802,61.4,2005-11-15,2006-02-27
X9.T2S6A.,X9,T2S6A,,"EPZ,EPE,EPN",-69.007301,72.825798,60.6,2004-12-02,2005-02-09
X9.T2S6B.,X9,T2S6B,,"EPZ,EPE,EPN",-69.006104,72.857201,60.6,2005-11-13,2006-02-27
X9.YA01.,X9,YA01,,"EHZ,EH2,EH1",-54.86055,-68.67305,50.0,2024-01-09,2024-05-19
X9.YA02.,X9,YA02,,"EHZ,EH2,EH1",-54.86494,-68.67044,35.0,2024-01-11,2024-05-19
X9.YA03.,X9,YA03,,"EHZ,EH2,EH1",-54.85568,-68.66536,120.0,2024-01-09,2024-02-17
X9.YA04.,X9,YA04,,"EHZ,EH2,EH1",-54.86193,-68.66685,50.0,2024-01-11,2024-05-19
X9.YA06.,X9,YA06,,"EHZ,EH2,EH1",-54.86313,-68.66195,75.0,2024-01-11,2024-05-19
XJ.0001.,XJ,0001,,"HHN,HHE,HHZ",28.273117,-16.817116,641.0,2007-01-14,2007-01-20
XJ.0002.,XJ,0002,,"HHN,HHE,HHZ",28.271183,-16.803333,0.0,2007-01-14,2007-01-20
XJ.0003.,XJ,0003,,"HHN,HHE,HHZ",28.270737,-16.786667,1210.0,2007-01-14,2007-01-25
XJ.0004.,XJ,0004,,"HHN,HHE,HHZ",28.272356,-16.768333,0.0,2007-01-13,2007-01-24
XJ.0005.,XJ,0005,,"HHN,HHE,HHZ",28.255646,-16.748333,1536.0,2007-01-13,2007-01-24
XJ.0006.,XJ,0006,,"HHN,HHE,HHZ",28.270704,-16.735001,1756.0,2007-01-13,2007-01-24
XJ.0007.,XJ,0007,,"HHN,HHE,HHZ",28.269047,-16.723333,1910.0,2007-01-13,2007-01-24
XJ.0009.,XJ,0009,,"HHN,HHE,HHZ",28.302999,-16.731667,1567.0,2007-01-15,2007-01-23
XJ.0010.,XJ,0010,,"HHN,HHE,HHZ",28.311586,-16.847601,805.0,2007-01-14,2007-01-24
XJ.0011.,XJ,0011,,"HHN,HHE,HHZ",28.309925,-16.79846,1083.0,2007-01-15,2007-01-23
XJ.0012.,XJ,0012,,"HHN,HHE,HHZ",28.331627,-16.842194,746.0,2007-01-14,2007-01-22
XJ.0013.,XJ,0013,,"HHN,HHE,HHZ",28.360916,-16.791826,642.0,2007-01-14,2007-01-22
XJ.0014.,XJ,0014,,"HHN,HHE,HHZ",28.32769,-16.762217,617.0,2007-01-14,2007-01-23
XJ.0015.,XJ,0015,,"HHN,HHE,HHZ",28.332636,-16.739861,1120.0,2007-01-14,2007-01-23
XJ.0016.,XJ,0016,,"HHN,HHE,HHZ",28.334057,-16.674696,1027.0,2007-01-14,2007-01-23
XJ.0018.,XJ,0018,,"HHN,HHE,HHZ",28.376833,-16.627939,617.0,2007-01-16,2007-01-20
XJ.0019.,XJ,0019,,"HHN,HHE,HHZ",28.363333,-16.616667,903.0,2007-01-16,2007-01-20
XJ.0020.,XJ,0020,,"HHN,HHE,HHZ",28.354067,-16.625,1069.0,2007-01-13,2007-01-25
XJ.0021.,XJ,0021,,"HHN,HHE,HHZ",28.337595,-16.627602,1305.0,2007-01-13,2007-01-25
XJ.0022.,XJ,0022,,"HHN,HHE,HHZ",28.31959,-16.626667,1662.0,2007-01-13,2007-01-25
XJ.0023.,XJ,0023,,"HHN,HHE,HHZ",28.344154,-16.613125,1480.0,2007-01-15,2007-01-25
XJ.0024.,XJ,0024,,"HHN,HHE,HHZ",28.330534,-16.615974,1591.0,2007-01-14,2007-01-22
XJ.0025.,XJ,0025,,"HHN,HHE,HHZ",28.342653,-16.582132,1246.0,2007-01-14,2007-01-22
XJ.0026.,XJ,0026,,"HHN,HHE,HHZ",28.351843,-16.543919,1106.0,2007-01-14,2007-01-22
XJ.0027.,XJ,0027,,"HHN,HHE,HHZ",28.316843,-16.608706,1881.0,2007-01-14,2007-01-24
XJ.0029.,XJ,0029,,"HHN,HHE,HHZ",28.347597,-16.504057,1466.0,2007-01-14,2007-01-24
XJ.0030.,XJ,0030,,"HHN,HHE,HHZ",28.336876,-16.505322,1785.0,2007-01-14,2007-01-24
XJ.0031.,XJ,0031,,"HHN,HHE,HHZ",28.306931,-16.52,0.0,2007-01-13,2007-01-22
XJ.0033.,XJ,0033,,"HHN,HHE,HHZ",28.349058,-16.473333,1834.0,2007-01-14,2007-01-23
XJ.0034.,XJ,0034,,"HHN,HHE,HHZ",28.313492,-16.485001,1954.0,2007-01-15,2007-01-23
XJ.0035.,XJ,0035,,"HHN,HHE,HHZ",28.271439,-16.496666,1832.0,2007-01-13,2007-01-25
XJ.0036.,XJ,0036,,"HHN,HHE,HHZ",28.270172,-16.474884,1308.0,2007-01-13,2007-01-19
XJ.0037.,XJ,0037,,"HHN,HHE,HHZ",28.284294,-16.438723,1107.0,2007-01-15,2007-01-19
XJ.0038.,XJ,0038,,"HHN,HHE,HHZ",28.26968,-16.422424,554.0,2007-01-13,2007-01-19
XJ.0040.,XJ,0040,,"HHN,HHE,HHZ",28.261572,-16.49,1522.0,2007-01-13,2007-01-25
XJ.0041.,XJ,0041,,"HHN,HHE,HHZ",28.246529,-16.52298,1052.0,2007-01-15,2007-01-25
XJ.0043.,XJ,0043,,"HHN,HHE,HHZ",28.222715,-16.550327,1831.0,2007-01-22,2007-01-26
XJ.0044.,XJ,0044,,"HHN,HHE,HHZ",28.214582,-16.531084,1410.0,2007-01-15,2007-01-29
XJ.0045.,XJ,0045,,"HHN,HHE,HHZ",28.214502,-16.490761,918.0,2007-01-15,2007-01-24
XJ.0046.,XJ,0046,,"HHN,HHE,HHZ",28.169888,-16.619934,1654.0,2007-01-14,2007-01-22
XJ.0047.,XJ,0047,,"HHN,HHE,HHZ",28.189781,-16.563841,1400.0,2007-01-15,2007-01-24
XJ.0048.,XJ,0048,,"HHN,HHE,HHZ",28.207466,-16.540777,1320.0,2007-01-15,2007-01-24
XJ.0049.,XJ,0049,,"HHN,HHE,HHZ",28.171265,-16.523441,739.0,2007-01-15,2007-01-23
XJ.0050.,XJ,0050,,"HHN,HHE,HHZ",28.149609,-16.551517,728.0,2007-01-15,2007-01-23
XJ.0051.,XJ,0051,,"HHN,HHE,HHZ",28.128614,-16.598555,909.0,2007-01-14,2007-01-23
XJ.0052.,XJ,0052,,"HHN,HHE,HHZ",28.025743,-16.623535,51.0,2007-01-14,2007-01-19
XJ.0053.,XJ,0053,,"HHN,HHE,HHZ",28.041964,-16.620964,121.0,2007-01-14,2007-01-19
XJ.0055.,XJ,0055,,"HHN,HHE,HHZ",28.072792,-16.628139,264.0,2007-01-14,2007-01-19
XJ.0056.,XJ,0056,,"HHN,HHE,HHZ",28.09696,-16.625166,636.0,2007-01-13,2007-01-26
XJ.0057.,XJ,0057,,"HHN,HHE,HHZ",28.11688,-16.626232,949.0,2007-01-13,2007-01-25
XJ.0058.,XJ,0058,,"HHN,HHE,HHZ",28.12513,-16.625,1028.0,2007-01-13,2007-01-25
XJ.0059.,XJ,0059,,"HHN,HHE,HHZ",28.149324,-16.627796,1302.0,2007-01-13,2007-01-25
XJ.0060.,XJ,0060,,"HHN,HHE,HHZ",28.170124,-16.626284,1677.0,2007-01-14,2007-01-25
XJ.0061.,XJ,0061,,"HHN,HHE,HHZ",28.18404,-16.626667,1957.0,2007-01-13,2007-01-25
XJ.0063.,XJ,0063,,"HHN,HHE,HHZ",28.179466,-16.656767,1954.0,2007-01-15,2007-01-27
XJ.0064.,XJ,0064,,"HHN,HHE,HHZ",28.136341,-16.693119,1058.0,2007-01-16,2007-01-27
XJ.0065.,XJ,0065,,"HHN,HHE,HHZ",28.188154,-16.701151,1612.0,2007-01-15,2007-01-23
XJ.0066.,XJ,0066,,"HHN,HHE,HHZ",28.17065,-16.724915,1162.0,2007-01-15,2007-01-24
XJ.0067.,XJ,0067,,"HHN,HHE,HHZ",28.184267,-16.752979,809.0,2007-01-15,2007-01-23
XJ.0068.,XJ,0068,,"HHN,HHE,HHZ",28.222706,-16.695709,2098.0,2007-01-15,2007-01-23
XJ.0070.,XJ,0070,,"HHN,HHE,HHZ",28.237288,-16.76,1180.0,2007-01-14,2007-01-25
XJ.0071.,XJ,0071,,"HHN,HHE,HHZ",28.255537,-16.716038,1457.0,2007-01-14,2007-01-25
XJ.0072.,XJ,0072,,"HHN,HHE,HHZ",28.243816,-16.799316,723.0,2007-01-14,2007-01-25
XJ.0074.,XJ,0074,,"HHN,HHE,HHZ",28.26289,-16.695227,2215.0,2007-01-15,2007-01-24
XJ.0075.,XJ,0075,,"HHN,HHE,HHZ",28.270676,-16.641378,3604.0,2007-01-15,2007-01-24
XJ.0076.,XJ,0076,,"HHN,HHE,HHZ",28.271816,-16.605005,2495.0,2007-01-13,2007-01-25
XJ.0077.,XJ,0077,,"HHN,HHE,HHZ",28.26535,-16.547234,2469.0,2007-01-13,2007-01-25
XJ.0078.,XJ,0078,,"HHN,HHE,HHZ",28.268166,-16.582993,2288.0,2007-01-14,2007-01-25
XJ.0079.,XJ,0079,,"HHN,HHE,HHZ",28.280266,-16.566299,2114.0,2007-01-13,2007-01-23
XJ.0080.,XJ,0080,,"HHN,HHE,HHZ",28.272236,-16.560158,2106.0,2007-01-13,2007-01-25
XJ.0081.,XJ,0081,,"HHN,HHE,HHZ",28.271698,-16.54406,2292.0,2007-01-16,2007-01-26
XJ.0082.,XJ,0082,,"HHN,HHE,HHZ",28.270391,-16.514999,2144.0,2007-01-14,2007-01-26
XJ.0084.,XJ,0084,,"HHN,HHE,HHZ",28.275398,-16.607426,2736.0,2007-01-13,2007-01-25
XJ.0085.,XJ,0085,,"HHN,HHE,HHZ",28.255024,-16.626856,2396.0,2007-01-14,2007-01-24
XJ.0086.,XJ,0086,,"HHN,HHE,HHZ",28.242666,-16.629044,2170.0,2007-01-14,2007-01-24
XJ.0087.,XJ,0087,,"HHN,HHE,HHZ",28.22654,-16.626762,2163.0,2007-01-14,2007-01-24
XJ.0088.,XJ,0088,,"HHN,HHE,HHZ",28.218664,-16.626564,2153.0,2007-01-14,2007-01-24
XJ.0091.,XJ,0091,,"HHN,HHE,HHZ",28.309227,-16.670824,1555.0,2007-01-13,2007-01-24
XJ.0092.,XJ,0092,,"HHN,HHE,HHZ",28.324621,-16.682949,1247.0,2007-01-15,2007-01-23
XJ.0093.,XJ,0093,,"HHN,HHE,HHZ",28.332773,-16.663469,1143.0,2007-01-16,2007-01-23
XJ.0094.,XJ,0094,,"HHN,HHE,HHZ",28.326834,-16.649267,1541.0,2007-01-13,2007-01-24
XJ.0095.,XJ,0095,,"HHN,HHE,HHZ",28.29241,-16.619452,2307.0,2007-01-16,2007-01-26
XJ.0096.,XJ,0096,,"HHN,HHE,HHZ",28.278233,-16.587566,2172.0,2007-01-16,2007-01-23
XJ.0097.,XJ,0097,,"HHN,HHE,HHZ",28.302166,-16.552433,2070.0,2007-01-13,2007-01-23
XJ.0098.,XJ,0098,,"HHN,HHE,HHZ",28.255117,-16.559999,2058.0,2007-01-13,2007-01-22
XJ.0100.,XJ,0100,,"HHN,HHE,HHZ",28.253672,-16.580374,2125.0,2007-01-14,2007-01-22
XJ.0102.,XJ,0102,,"HHN,HHE,HHZ",28.226852,-16.610094,2225.0,2007-01-14,2007-01-23
XJ.0103.,XJ,0103,,"HHN,HHE,HHZ",28.243401,-16.612438,2254.0,2007-01-14,2007-01-26
XJ.0104.,XJ,0104,,"HHN,HHE,HHZ",28.219545,-16.639099,2021.0,2007-01-14,2007-01-22
XJ.0106.,XJ,0106,,"HHN,HHE,HHZ",28.213207,-16.674707,2052.0,2007-01-14,2007-01-22
XJ.0109.,XJ,0109,,"HHN,HHE,HHZ",28.237869,-16.67252,2227.0,2007-01-15,2007-01-22
XJ.0110.,XJ,0110,,"HHN,HHE,HHZ",28.264257,-16.662317,3084.0,2007-01-15,2007-01-24
XJ.0201.,XJ,0201,,"HHN,HHE,HHZ",28.328129,-16.611166,1747.0,2007-01-23,2007-01-27
XJ.0202.,XJ,0202,,"HHN,HHE,HHZ",28.340454,-16.592617,1601.0,2007-01-15,2007-01-23
XJ.0205.,XJ,0205,,"HHN,HHE,HHZ",28.310389,-16.696115,0.0,2007-01-24,2007-01-27
XJ.0208.,XJ,0208,,"HHN,HHE,HHZ",28.308153,-16.71435,1593.0,2007-01-24,2007-01-27
XJ.0209.,XJ,0209,,"HHN,HHE,HHZ",28.312389,-16.75865,1351.0,2007-01-23,2007-01-27
XJ.0210.,XJ,0210,,"HHN,HHE,HHZ",28.342142,-16.653057,1156.0,2007-01-23,2007-01-27
XJ.0211.,XJ,0211,,"HHN,HHE,HHZ",28.319048,-16.702353,1376.0,2007-01-24,2007-01-27
XJ.0212.,XJ,0212,,"HHN,HHE,HHZ",28.321304,-16.785788,1198.0,2007-01-23,2007-01-27
XJ.0213.,XJ,0213,,"HHN,HHE,HHZ",28.328159,-16.801666,1037.0,2007-01-23,2007-01-27
XJ.0221.,XJ,0221,,"HHN,HHE,HHZ",28.284508,-16.760424,1481.0,2007-01-24,2007-01-27
XJ.0224.,XJ,0224,,"HHN,HHE,HHZ",28.2155,-16.663334,2044.0,2007-01-22,2007-01-25
XJ.0232.,XJ,0232,,"HHN,HHE,HHZ",28.241489,-16.536051,1901.0,2007-01-23,2007-01-26
XJ.0236.,XJ,0236,,"HHN,HHE,HHZ",28.300709,-16.491667,2212.0,2007-01-13,2007-01-22
XJ.0241.,XJ,0241,,"HHN,HHE,HHZ",28.287317,-16.540001,2335.0,2007-01-22,2007-01-26
XJ.0243.,XJ,0243,,"HHN,HHE,HHZ",28.257032,-16.548916,2229.0,2007-01-22,2007-01-26
XJ.0244.,XJ,0244,,"HHN,HHE,HHZ",28.240749,-16.56455,2357.0,2007-01-22,2007-01-26
XJ.0252.,XJ,0252,,"HHN,HHE,HHZ",28.233595,-16.586836,2153.0,2007-01-14,2007-01-25
XJ.0260.,XJ,0260,,"HHN,HHE,HHZ",28.252172,-16.527536,1993.0,2007-01-22,2007-01-26
XJ.0261.,XJ,0261,,"HHN,HHE,HHZ",28.213425,-16.553528,1680.0,2007-01-23,2007-01-26
XJ.0302.,XJ,0302,,"HHN,HHE,HHZ",28.269726,-16.570696,2150.0,2007-01-22,2007-01-25
XJ.0303.,XJ,0303,,"HHN,HHE,HHZ",28.257067,-16.589684,2242.0,2007-01-23,2007-01-25
XJ.0304.,XJ,0304,,"HHN,HHE,HHZ",28.28525,-16.602467,2284.0,2007-01-23,2007-01-26
XJ.0305.,XJ,0305,,"HHN,HHE,HHZ",28.307983,-16.607267,2081.0,2007-01-23,2007-01-26
XJ.0310.,XJ,0310,,"HHN,HHE,HHZ",28.245001,-16.678333,2324.0,2007-01-22,2007-01-25
XJ.0311.,XJ,0311,,"HHN,HHE,HHZ",28.22715,-16.669558,2114.0,2007-01-22,2007-01-25
XJ.0312.,XJ,0312,,"HHN,HHE,HHZ",28.223398,-16.677275,2070.0,2007-01-22,2007-01-25
XJ.0314.,XJ,0314,,"HHN,HHE,HHZ",28.246283,-16.692234,2102.0,2007-01-23,2007-01-25
XJ.0315.,XJ,0315,,"HHN,HHE,HHZ",28.229078,-16.638418,2105.0,2007-01-23,2007-01-25
XJ.0316.,XJ,0316,,"HHN,HHE,HHZ",28.228231,-16.644426,2160.0,2007-01-23,2007-01-25
XJ.0500.,XJ,0500,,"HHN,HHE,HHZ",28.273111,-16.817499,635.0,2007-01-22,2007-01-27
XJ.0501.,XJ,0501,,"HHN,HHE,HHZ",28.271193,-16.803392,985.0,2007-01-22,2007-01-27
XJ.0503.,XJ,0503,,"HHN,HHE,HHZ",28.216183,-16.703083,1955.0,2007-01-23,2007-01-27
XJ.0504.,XJ,0504,,"HHN,HHE,HHZ",28.2327,-16.697851,2083.0,2007-01-23,2007-01-27
XJ.0505.,XJ,0505,,"HHN,HHE,HHZ",28.191706,-16.747654,1011.0,2007-01-23,2007-01-27
XJ.0506.,XJ,0506,,"HHN,HHE,HHZ",28.155209,-16.666325,1388.0,2007-01-24,2007-01-27
XJ.0550.,XJ,0550,,"HHN,HHE,HHZ",28.072803,-16.628151,269.0,2007-01-22,2007-01-26
XJ.0551.,XJ,0551,,"HHN,HHE,HHZ",28.102633,-16.591658,400.0,2007-01-22,2007-01-27
XJ.0552.,XJ,0552,,"HHN,HHE,HHZ",28.177572,-16.595575,1636.0,2007-01-22,2007-01-27
XJ.0553.,XJ,0553,,"HHN,HHE,HHZ",28.150566,-16.598455,1225.0,2007-01-23,2007-01-27
XJ.0554.,XJ,0554,,"HHN,HHE,HHZ",28.145317,-16.53808,559.0,2007-01-23,2007-01-27
XJ.0555.,XJ,0555,,"HHN,HHE,HHZ",28.169044,-16.473755,368.0,2007-01-23,2007-01-27
XJ.0556.,XJ,0556,,"HHN,HHE,HHZ",28.213314,-16.556849,1688.0,2007-01-24,2007-01-29
XJ.0557.,XJ,0557,,"HHN,HHE,HHZ",28.197254,-16.519756,985.0,2007-01-24,2007-01-29
XJ.0558.,XJ,0558,,"HHN,HHE,HHZ",28.231382,-16.480644,956.0,2007-01-24,2007-01-29
XJ.0601.,XJ,0601,,"HHN,HHE,HHZ",28.376865,-16.626268,617.0,2007-01-22,2007-01-25
XJ.0602.,XJ,0602,,"HHN,HHE,HHZ",28.363367,-16.626974,903.0,2007-01-22,2007-01-25
XJ.0603.,XJ,0603,,"HHN,HHE,HHZ",28.2701,-16.474154,1308.0,2007-01-22,2007-01-25
XJ.0604.,XJ,0604,,"HHN,HHE,HHZ",28.284334,-16.438738,1107.0,2007-01-22,2007-01-25
XJ.0605.,XJ,0605,,"HHN,HHE,HHZ",28.26969,-16.422417,554.0,2007-01-22,2007-01-25
XJ.AISN.,XJ,AISN,,"HHN,HHE,HHZ",-45.410851,-72.617683,0.0,2004-01-26,2006-01-21
XJ.ALAC.,XJ,ALAC,,"HHZ,BHN,HHE,BHZ,HHN,BHE",-46.506329,-73.063004,293.0,2005-01-28,2006-01-31
XJ.ALEX.,XJ,ALEX,,"BHE,BHZ,BHN",-46.462521,-73.217033,85.0,2005-01-28,2005-05-31
XJ.APA.,XJ,APA,,"HHZ,BHN,HHE,BHZ,HHN,BHE",52.925709,157.132874,145.0,1998-06-21,1999-12-31
XJ.ARC2.,XJ,ARC2,,"BHE,BHZ,BHN",36.010601,-118.332298,2597.0,1997-06-02,1997-12-31
XJ.ARDI.,XJ,ARDI,,"HHN,HHE,HHZ",-46.162189,-72.186211,513.0,2004-01-24,2006-02-09
XJ.AXN1.01,XJ,AXN1,1.0,"HHN,HHE,HHZ",56.02755,160.756424,1514.0,1999-08-25,1999-12-31
XJ.AXN2.01,XJ,AXN2,1.0,"HHN,HHE,HHZ",55.989273,160.888351,585.0,1999-08-25,1999-12-31
XJ.BAEX.,XJ,BAEX,,"BHE,BHZ,BHN",-46.306671,-73.535004,3.0,2005-02-10,2006-02-21
XJ.BALM.,XJ,BALM,,"HHN,HHE,HHZ",-45.890881,-71.767433,549.0,2004-02-24,2006-01-19
XJ.BARR.,XJ,BARR,,"BHE,BHZ,BHN",-45.734852,-72.206284,414.0,2005-02-12,2005-06-02
XJ.BAYO.,XJ,BAYO,,"HHN,HHE,HHZ",-46.542912,-71.854141,492.0,2006-01-16,2006-02-06
XJ.BERT.,XJ,BERT,,"BHE,BHZ,BHN",-47.019772,-72.801666,395.0,2005-02-04,2006-02-04
XJ.BGR.,XJ,BGR,,"BHE,BHZ,BHN",36.628273,-119.016602,954.0,1997-05-31,1997-12-31
XJ.BLM.01,XJ,BLM,1.0,"BHE,BHZ,BHN",43.4058,-116.337997,848.0,2001-07-26,2001-12-31
XJ.BLUE.,XJ,BLUE,,"BHE,BHZ,BHN",43.894001,-74.454002,601.0,1995-05-24,1996-12-31
XJ.BNG.,XJ,BNG,,"HHZ,BHN,HHE,BHZ,HHN,BHE",55.192932,165.983902,13.0,1998-07-24,1999-12-31
XJ.BOI.01,XJ,BOI,1.0,"BHE,BHZ,BHN",43.8811,-116.784401,784.0,2001-07-12,2001-12-31
XJ.BPC.,XJ,BPC,,"BHE,BHZ,BHN",37.12817,-118.430542,2370.0,1997-06-04,1997-12-31
XJ.BRK.01,XJ,BRK,1.0,"BHE,BHZ,BHN",42.548302,-114.9645,1219.2,2000-07-20,2001-12-31
XJ.BRR.,XJ,BRR,,"BHE,BHZ,BHN",36.912918,-119.039864,1259.0,1997-07-01,1997-12-31
XJ.BVC.,XJ,BVC,,"BHE,BHZ,BHN",36.726612,-117.863289,483.0,1997-06-16,1997-12-31
XJ.CALT.,XJ,CALT,,"HHN,HHE,HHZ",-45.524921,-71.794197,701.0,2004-01-27,2006-01-21
XJ.CAVE1.,XJ,CAVE1,,"HHN,HHE,HHZ",-46.543598,-71.886993,385.0,2006-01-16,2006-02-05
XJ.CAVE2.,XJ,CAVE2,,"HHN,HHE,HHZ",-46.550049,-71.90184,433.0,2006-01-16,2006-02-05
XJ.CCC.,XJ,CCC,,"BHE,BHZ,BHN",36.577938,-118.786949,1560.0,1997-06-01,1997-12-31
XJ.CHAC.,XJ,CHAC,,"HHN,HHE,HHZ",-47.11742,-72.485832,350.0,2004-01-20,2006-02-03
XJ.CHCH.,XJ,CHCH,,"HHN,HHE,HHZ",-46.599098,-71.69474,358.0,2004-02-20,2006-02-05
XJ.CHP.,XJ,CHP,,"BHE,BHZ,BHN",35.894394,-118.091614,2426.0,1997-06-15,1997-12-31
XJ.CIC.01,XJ,CIC,1.0,"BHE,BHZ,BHN",42.948299,-113.213303,1493.5,2000-07-16,2001-12-31
XJ.CLER.,XJ,CLER,,"BHE,BHZ,BHN",44.383999,-74.245003,498.0,1995-05-26,1996-12-31
XJ.COCH.,XJ,COCH,,"HHN,HHE,HHZ",-47.316528,-72.56958,373.0,2004-01-20,2006-02-01
XJ.COLO.,XJ,COLO,,"BHE,BHZ,BHN",-45.34317,-73.352173,3.0,2005-02-09,2005-06-09
XJ.CPR.,XJ,CPR,,"BHE,BHZ,BHN",36.797237,-118.575378,1603.0,1997-05-31,1997-12-31
XJ.DP00.,XJ,DP00,,"BHE,BHZ,BHN",36.264591,-117.660118,1725.0,1997-06-16,1997-12-31
XJ.E31.,XJ,E31,,"HHN,HHE,HHZ",8.77735,39.864391,1009.0,2002-10-04,2003-02-07
XJ.E32.,XJ,E32,,"HHN,HHE,HHZ",8.84727,40.008888,970.0,2002-10-04,2002-12-27
XJ.E33.,XJ,E33,,"HHN,HHE,HHZ",8.92552,39.929039,979.0,2002-10-05,2003-02-02
XJ.E34.,XJ,E34,,"HHN,HHE,HHZ",7.21431,38.598942,1934.0,2002-10-16,2003-02-11
XJ.E35.,XJ,E35,,"HHN,HHE,HHZ",9.13363,40.168152,846.0,2002-10-04,2003-02-02
XJ.E36.,XJ,E36,,"HHN,HHE,HHZ",9.1075,40.013599,771.0,2002-10-05,2003-02-02
XJ.E37.,XJ,E37,,"HHN,HHE,HHZ",8.17437,38.69635,1799.0,2002-10-17,2003-02-11
XJ.E38.,XJ,E38,,"HHN,HHE,HHZ",8.92527,39.843189,1011.0,2002-10-08,2002-10-09
XJ.E39.,XJ,E39,,"HHN,HHE,HHZ",9.24151,40.133362,770.0,2002-10-04,2003-02-02
XJ.E40.,XJ,E40,,"HHN,HHE,HHZ",9.36161,40.217209,743.0,2002-10-04,2003-02-02
XJ.E41.,XJ,E41,,"HHN,HHE,HHZ",8.00959,38.532509,1905.0,2002-10-16,2003-02-11
XJ.E42.,XJ,E42,,"HHN,HHE,HHZ",8.87904,40.096081,1057.0,2002-10-04,2003-02-02
XJ.E43.,XJ,E43,,"HHN,HHE,HHZ",9.2549,39.502251,3294.0,2002-10-23,2003-02-04
XJ.E44.,XJ,E44,,"HHN,HHE,HHZ",9.67218,39.524891,2831.0,2002-10-10,2003-02-04
XJ.E45.,XJ,E45,,"HHN,HHE,HHZ",7.7881,38.794762,1932.0,2002-10-16,2003-01-03
XJ.E46.,XJ,E46,,"HHN,HHE,HHZ",8.70903,39.690899,1242.0,2002-10-05,2003-02-03
XJ.E47.,XJ,E47,,"HHN,HHE,HHZ",8.46487,39.453209,1448.0,2002-10-07,2003-02-07
XJ.E48.,XJ,E48,,"HHN,HHE,HHZ",7.62393,38.990662,2613.0,2002-10-22,2003-02-11
XJ.E49.,XJ,E49,,"HHN,HHE,HHZ",8.31443,39.321201,1711.0,2002-10-09,2003-02-07
XJ.E50.,XJ,E50,,"HHN,HHE,HHZ",8.27388,39.495811,2074.0,2002-10-09,2003-02-07
XJ.E51.,XJ,E51,,"HHN,HHE,HHZ",8.14852,39.347771,2080.0,2002-10-15,2003-02-08
XJ.E52.,XJ,E52,,"HHN,HHE,HHZ",8.13799,39.240479,2200.0,2002-10-09,2003-02-08
XJ.E53.,XJ,E53,,"HHN,HHE,HHZ",8.04329,39.011372,1704.0,2002-10-17,2003-02-10
XJ.E54.,XJ,E54,,"HHN,HHE,HHZ",8.11816,39.138489,2084.0,2002-10-15,2003-02-08
XJ.E55.,XJ,E55,,"HHN,HHE,HHZ",8.29503,38.949249,1683.0,2002-10-18,2003-02-11
XJ.E56.,XJ,E56,,"HHN,HHE,HHZ",8.46218,39.06369,1637.0,2002-10-15,2003-02-11
XJ.E57.,XJ,E57,,"HHN,HHE,HHZ",8.58484,39.132,1823.0,2002-10-07,2003-02-05
XJ.E58.,XJ,E58,,"HHN,HHE,HHZ",8.69088,39.182571,2057.0,2002-10-09,2003-02-06
XJ.E59.,XJ,E59,,"HHN,HHE,HHZ",8.70586,39.351608,1680.0,2002-10-05,2003-02-03
XJ.E60.,XJ,E60,,"HHN,HHE,HHZ",8.62155,39.448792,1626.0,2002-10-09,2003-02-03
XJ.E61.,XJ,E61,,"HHN,HHE,HHZ",8.89741,39.62286,1155.0,2002-10-05,2003-02-03
XJ.E62.,XJ,E62,,"HHN,HHE,HHZ",8.83132,39.730141,1443.0,2002-10-08,2002-10-09
XJ.E63.,XJ,E63,,"HHN,HHE,HHZ",8.25997,39.235889,1781.0,2002-10-14,2003-02-08
XJ.E64.,XJ,E64,,"HHN,HHE,HHZ",8.56798,39.29068,1753.0,2002-10-07,2003-02-06
XJ.E65.,XJ,E65,,"HHN,HHE,HHZ",8.40305,39.211441,1550.0,2002-10-10,2003-02-06
XJ.E66.,XJ,E66,,"HHN,HHE,HHZ",9.0326,39.529968,1720.0,2002-11-26,2003-02-06
XJ.E67.,XJ,E67,,"HHN,HHE,HHZ",8.38443,39.681042,2144.0,2002-10-08,2003-02-07
XJ.E68.,XJ,E68,,"HHN,HHE,HHZ",8.78207,39.262779,2290.0,2002-10-09,2003-02-06
XJ.E69.,XJ,E69,,"HHN,HHE,HHZ",7.92965,38.721611,1675.0,2002-10-15,2003-02-10
XJ.E70.,XJ,E70,,"HHN,HHE,HHZ",8.88227,39.1544,2227.0,2002-10-18,2003-02-05
XJ.E71.,XJ,E71,,"HHN,HHE,HHZ",8.69351,38.895538,1980.0,2002-10-10,2003-02-05
XJ.E72.,XJ,E72,,"HHN,HHE,HHZ",8.48714,39.832939,1577.0,2002-10-08,2003-02-07
XJ.E73.,XJ,E73,,"HHN,HHE,HHZ",7.7375,39.026161,2496.0,2002-10-22,2003-02-11
XJ.E74.,XJ,E74,,"HHN,HHE,HHZ",8.35644,38.845631,1714.0,2002-11-27,2003-02-11
XJ.E75.,XJ,E75,,"HHN,HHE,HHZ",7.91412,38.95121,1745.0,2002-10-21,2003-02-10
XJ.E76.,XJ,E76,,"HHN,HHE,HHZ",7.72455,38.653702,1674.0,2002-10-16,2003-02-10
XJ.E77.,XJ,E77,,"HHN,HHE,HHZ",7.86426,38.791359,1668.0,2002-10-17,2003-02-10
XJ.E78.,XJ,E78,,"HHN,HHE,HHZ",8.59315,39.697651,1220.0,2002-10-07,2003-02-07
XJ.E79.,XJ,E79,,"HHN,HHE,HHZ",7.62938,38.705551,1588.0,2002-10-16,2003-02-10
XJ.E80.,XJ,E80,,"HHN,HHE,HHZ",8.47814,39.310558,1655.0,2002-10-07,2003-02-06
XJ.E81.,XJ,E81,,"HHN,HHE,HHZ",8.79379,39.668301,1330.0,2002-12-31,2003-02-01
XJ.E82.,XJ,E82,,"HHN,HHE,HHZ",8.84591,40.009609,969.0,2002-12-27,2003-02-02
XJ.E83.,XJ,E83,,"HHN,HHE,HHZ",7.80191,38.79192,1905.0,2003-01-03,2003-02-11
XJ.E84.,XJ,E84,,"HHN,HHE,HHZ",8.6983,39.400471,1536.0,2002-12-07,2003-01-16
XJ.E85.,XJ,E85,,"HHN,HHE,HHZ",8.45723,39.59264,1323.0,2002-12-02,2003-01-16
XJ.ELCO.,XJ,ELCO,,"HHZ,BHN,HHE,BHZ,HHN,BHE",-47.253849,-72.53138,321.0,2005-02-02,2006-02-01
XJ.ELSA.,XJ,ELSA,,"HHZ,BHN,HHE,BHZ,HHN,BHE",-46.6068,-72.74202,236.0,2005-01-28,2006-01-31
XJ.ENBA.,XJ,ENBA,,"HHZ,BHN,HHE,BHZ,HHN,BHE",-47.134769,-72.054153,516.0,2005-02-03,2006-02-03
XJ.ESS.,XJ,ESS,,"BHE,BHZ,BHN",55.932159,158.694794,500.0,1998-09-07,1999-12-31
XJ.FACH.,XJ,FACH,,"HHN,HHE,HHZ",-46.590359,-72.169884,474.0,2004-01-22,2006-02-06
XJ.FICA1.,XJ,FICA1,,"HHN,HHE,HHZ",-46.525822,-71.863373,266.0,2006-01-24,2006-02-05
XJ.FICA2.,XJ,FICA2,,"HHN,HHE,HHZ",-46.55022,-71.920761,474.0,2006-01-25,2006-02-05
XJ.FLL.,XJ,FLL,,"BHE,BHZ,BHN",37.280109,-118.972504,2237.0,1997-06-11,1997-12-31
XJ.GUAD.,XJ,GUAD,,"HHN,HHE,HHZ",-46.8629,-72.692574,421.0,2004-01-22,2006-02-02
XJ.HECT.,XJ,HECT,,"HHN,HHE,HHZ",-46.558121,-72.059807,352.0,2006-01-25,2006-02-06
XJ.HUDS.,XJ,HUDS,,"HHN,HHE,HHZ",-45.886181,-73.220688,30.0,2004-01-22,2006-12-16
XJ.HVY.,XJ,HVY,,"BHE,BHZ,BHN",36.703308,-119.317924,193.0,1997-05-29,1997-12-31
XJ.IBAN.,XJ,IBAN,,"HHN,HHE,HHZ",-46.247009,-71.930008,554.0,2004-01-25,2006-02-09
XJ.JARA.,XJ,JARA,,"HHZ,BHN,HHE,BHZ,HHN,BHE",-46.517269,-71.845871,230.0,2005-02-06,2006-02-05
XJ.JOSE.,XJ,JOSE,,"HHZ,BHN,HHE,BHZ,HHN,BHE",-46.74715,-72.543152,328.0,2005-02-05,2006-02-03
XJ.JOVI.,XJ,JOVI,,"HHZ,BHN,HHE,BHZ,HHN,BHE",-46.5009,-72.72155,268.0,2005-01-30,2006-01-30
XJ.JUN.,XJ,JUN,,"BHE,BHZ,BHN",36.580849,-118.412521,2471.0,1997-06-20,1997-12-31
XJ.KEEN.,XJ,KEEN,,"BHE,BHZ,BHN",44.264999,-73.821999,485.0,1995-05-09,1996-12-31
XJ.KEN1.,XJ,KEN1,,"BHZ,BH2,BH1",-1.9412,36.692699,1692.0,2013-07-10,2014-12-02
XJ.KEN2.,XJ,KEN2,,"BHE,BHZ,BHN",-1.9184,36.2873,687.0,2013-07-10,2014-12-02
XJ.KEN3.,XJ,KEN3,,"BHE,BHZ,BHN",-2.0932,36.118599,633.0,2013-07-10,2014-12-03
XJ.KEN4.,XJ,KEN4,,"BHE,BHZ,BHN",-1.784,36.0536,782.0,2013-07-11,2014-12-03
XJ.KGB.,XJ,KGB,,"BHE,BHZ,BHN",56.25845,162.711456,13.0,1998-09-05,1999-12-31
XJ.KL1.,XJ,KL1,,"HHN,HHE,HHZ",56.13134,160.758743,1221.0,1998-08-27,1999-12-31
XJ.KL1.01,XJ,KL1,1.0,"HHN,HHE,HHZ",56.13134,160.758743,1221.0,1998-08-27,1999-12-31
XJ.KL2.01,XJ,KL2,1.0,"HHN,HHE,HHZ",56.027802,160.756363,1546.0,1998-08-28,1999-12-31
XJ.KL3.01,XJ,KL3,1.0,"HHN,HHE,HHZ",55.990154,160.896362,573.0,1998-08-28,1999-12-31
XJ.KRM0.01,XJ,KRM0,1.0,"HHN,HHE,HHZ",54.024963,159.477219,616.0,1999-09-05,1999-12-31
XJ.KRM0.02,XJ,KRM0,2.0,EHN,54.024963,159.477219,616.0,1999-09-05,1999-12-31
XJ.KRM0.03,XJ,KRM0,3.0,EHN,54.024963,159.477219,616.0,1999-09-05,1999-12-31
XJ.KRM1.03,XJ,KRM1,3.0,"HHN,HHE,HHZ",54.035339,159.451004,40.3,1999-09-07,1999-12-31
XJ.KRM2.01,XJ,KRM2,1.0,"HHN,HHE,HHZ",54.037788,159.448532,942.0,1999-09-06,1999-12-31
XJ.KRM2.02,XJ,KRM2,2.0,EHN,54.037788,159.448532,942.0,1999-09-06,1999-12-31
XJ.KRM2.03,XJ,KRM2,3.0,EHE,54.037788,159.448532,942.0,1999-09-06,1999-12-31
XJ.KRM2.04,XJ,KRM2,4.0,EHN,54.037788,159.448532,942.0,1999-09-06,1999-12-31
XJ.KRM3.03,XJ,KRM3,3.0,EHN,54.044231,159.418076,864.0,1999-09-08,1999-12-31
XJ.KRM3.01,XJ,KRM3,1.0,"HHN,HHE,HHZ",54.044231,159.418076,864.0,1999-09-08,1999-12-31
XJ.KRM3.02,XJ,KRM3,2.0,EHN,54.044231,159.418076,864.0,1999-09-08,1999-12-31
XJ.KRM3.04,XJ,KRM3,4.0,EHN,54.044231,159.418076,864.0,1999-09-08,1999-12-31
XJ.KRM9.03,XJ,KRM9,3.0,EHN,54.058064,159.460602,831.0,1999-09-08,1999-12-31
XJ.KRM9.01,XJ,KRM9,1.0,"HHN,HHE,HHZ",54.058064,159.460602,831.0,1999-09-08,1999-12-31
XJ.KRM9.02,XJ,KRM9,2.0,EHN,54.058064,159.460602,831.0,1999-09-08,1999-12-31
XJ.KRO.,XJ,KRO,,"BHE,BHZ,BHN",54.594341,161.133682,64.0,1998-08-23,1999-12-31
XJ.KRY1.01,XJ,KRY1,1.0,"HHN,HHE,HHZ",54.035534,159.451035,868.0,1998-09-05,1999-12-31
XJ.KRY1.02,XJ,KRY1,2.0,EHN,54.035534,159.451035,868.0,1998-09-05,1999-12-31
XJ.KRY1.03,XJ,KRY1,3.0,EHN,54.035534,159.451035,868.0,1998-09-05,1999-12-31
XJ.KRY1M.05,XJ,KRY1M,5.0,EHN,54.035511,159.45105,858.0,1998-09-06,1999-12-31
XJ.KRY1M.01,XJ,KRY1M,1.0,EHN,54.035511,159.45105,858.0,1998-09-06,1999-12-31
XJ.KRY1M.02,XJ,KRY1M,2.0,EHN,54.035511,159.45105,858.0,1998-09-06,1999-12-31
XJ.KRY1M.03,XJ,KRY1M,3.0,EHN,54.035511,159.45105,858.0,1998-09-06,1999-12-31
XJ.KRY1M.04,XJ,KRY1M,4.0,EHN,54.035511,159.45105,858.0,1998-09-06,1999-12-31
XJ.KRY2A.01,XJ,KRY2A,1.0,"HHN,HHE,HHZ",54.037273,159.448135,940.0,1998-09-06,1999-12-31
XJ.KRY2B.02,XJ,KRY2B,2.0,EHN,54.037506,159.449036,913.0,1998-09-07,1999-12-31
XJ.KRY2B.01,XJ,KRY2B,1.0,"HHN,HHE,HHZ",54.037506,159.449036,913.0,1998-09-07,1999-12-31
XJ.KRY3.02,XJ,KRY3,2.0,EHN,54.036816,159.449631,904.0,1998-09-07,1999-12-31
XJ.KRY3.01,XJ,KRY3,1.0,"HHN,HHE,HHZ",54.036816,159.449631,904.0,1998-09-07,1999-12-31
XJ.KT1.,XJ,KT1,,"HHN,HHE,HHZ",19.4186,-155.271606,1103.0,2010-01-23,2010-06-27
XJ.KT2.,XJ,KT2,,"HHN,HHE,HHZ",19.407,-155.269196,1100.0,2010-01-23,2010-06-27
XJ.KT3.,XJ,KT3,,"HHN,HHE,HHZ",19.3993,-155.257095,1139.0,2010-01-23,2010-06-27
XJ.KT4.,XJ,KT4,,"HHN,HHE,HHZ",19.388201,-155.252899,1109.0,2010-01-23,2010-06-27
XJ.KT5.,XJ,KT5,,"HHN,HHE,HHZ",19.4238,-155.255798,1226.0,2010-01-23,2010-06-27
XJ.KT6.,XJ,KT6,,"HHN,HHE,HHZ",19.419001,-155.246201,1182.0,2010-01-23,2010-06-27
XJ.KT7.,XJ,KT7,,"HHN,HHE,HHZ",19.399,-155.290695,1128.0,2010-01-23,2010-06-27
XJ.KT8.,XJ,KT8,,"HHN,HHE,HHZ",19.4123,-155.280701,1127.0,2010-03-31,2010-06-27
XJ.LACA.,XJ,LACA,,"HHN,HHE,HHZ",-45.706051,-72.508202,234.0,2004-01-26,2006-01-18
XJ.LAJE.,XJ,LAJE,,"HHZ,BHN,HHE,BHZ,HHN,BHE",-46.84375,-71.997719,868.0,2005-02-06,2006-02-07
XJ.LAMO.,XJ,LAMO,,"HHZ,BHN,HHE,BHZ,HHN,BHE",-45.85947,-72.050972,640.0,2005-02-12,2006-01-19
XJ.LAOH.,XJ,LAOH,,"BHE,BHZ,BHN",-48.517029,-72.596703,252.0,2005-02-01,2006-01-14
XJ.LAPO.,XJ,LAPO,,"HHZ,BHN,HHE,BHZ,HHN,BHE",-45.702702,-71.833328,833.0,2005-01-24,2006-01-20
XJ.LASN.,XJ,LASN,,"HHZ,BHN,HHE,BHZ,HHN,BHE",-46.242352,-72.086868,549.0,2005-01-26,2006-02-09
XJ.LATA.,XJ,LATA,,"HHN,HHE,HHZ",-44.744282,-71.674797,544.0,2004-02-22,2006-01-19
XJ.LATR.,XJ,LATR,,"HHZ,BHN,HHE,BHZ,HHN,BHE",-45.667831,-72.412971,292.0,2005-01-22,2006-01-20
XJ.LAVA.,XJ,LAVA,,"BHE,BHZ,BHN",-47.700401,-73.144302,42.0,2005-02-01,2006-01-15
XJ.LEON.,XJ,LEON,,"HHN,HHE,HHZ",-46.718552,-72.99424,242.0,2004-01-23,2006-01-30
XJ.LEVI.,XJ,LEVI,,"HHZ,BHN,HHE,BHZ,HHN,BHE",-46.34782,-71.933571,478.0,2005-01-25,2006-02-09
XJ.LG01.00,XJ,LG01,0.0,"HHN,HHE,HHZ",42.622299,13.2816,1019.0,2009-03-09,2009-06-18
XJ.LG02.00,XJ,LG02,0.0,"HHN,HHE,HHZ",42.665001,13.308,1311.0,2009-04-09,2009-06-25
XJ.LG03.00,XJ,LG03,0.0,"HHN,HHE,HHZ",42.456902,13.3563,1404.0,2009-04-09,2009-06-21
XJ.LG04.00,XJ,LG04,0.0,"HHN,HHE,HHZ",42.7099,13.4475,1059.0,2009-04-09,2009-06-21
XJ.LG05.00,XJ,LG05,0.0,"HHN,HHE,HHZ",42.7015,13.6353,750.0,2009-04-09,2009-06-21
XJ.LG06.00,XJ,LG06,0.0,"HHN,HHE,HHZ",42.621101,13.5068,1079.0,2009-04-09,2009-06-21
XJ.LG07.00,XJ,LG07,0.0,"HHN,HHE,HHZ",42.595798,13.6621,383.0,2009-04-09,2009-06-21
XJ.LG08.00,XJ,LG08,0.0,"HHN,HHE,HHZ",42.380501,13.6621,1504.0,2009-04-09,2009-06-21
XJ.LG09.00,XJ,LG09,0.0,"HHN,HHE,HHZ",42.448299,13.8194,727.0,2009-04-09,2009-06-21
XJ.LG10.00,XJ,LG10,0.0,"HHN,HHE,HHZ",42.507,13.6703,540.0,2009-04-09,2009-06-21
XJ.LG11.00,XJ,LG11,0.0,"HHN,HHE,HHZ",42.121201,13.3357,951.0,2009-04-08,2009-06-21
XJ.LG12.00,XJ,LG12,0.0,"HHN,HHE,HHZ",42.079201,13.5143,742.0,2009-04-08,2009-06-21
XJ.LG13.00,XJ,LG13,0.0,"HHN,HHE,HHZ",42.027599,13.6502,767.0,2009-04-08,2009-06-21
XJ.LG14.00,XJ,LG14,0.0,"HHN,HHE,HHZ",41.999802,13.7988,695.0,2009-04-08,2009-06-21
XJ.LG15.00,XJ,LG15,0.0,"HHN,HHE,HHZ",42.1133,13.8137,373.0,2009-04-09,2009-06-21
XJ.LG16.00,XJ,LG16,0.0,"HHN,HHE,HHZ",42.219398,13.7833,872.0,2009-04-09,2009-06-21
XJ.LG17.00,XJ,LG17,0.0,"HHN,HHE,HHZ",42.3186,13.7767,770.0,2009-04-09,2009-06-21
XJ.LG18.00,XJ,LG18,0.0,"HHN,HHE,HHZ",42.130299,13.702,636.0,2009-04-09,2009-06-21
XJ.LG19.00,XJ,LG19,0.0,"HHN,HHE,HHZ",42.3078,13.2405,1330.0,2009-04-09,2009-06-21
XJ.LG20.00,XJ,LG20,0.0,"HHN,HHE,HHZ",42.205399,13.2554,954.0,2009-04-09,2009-06-21
XJ.LL21.,XJ,LL21,,"BHE,BHZ,BHN",-2.0627,35.550999,2040.0,2013-01-18,2014-12-06
XJ.LL22.,XJ,LL22,,"BHE,BHZ,BHN",-2.5195,35.5989,1222.0,2013-01-18,2014-12-06
XJ.LL23.,XJ,LL23,,"BHE,BHZ,BHN",-2.2969,35.689999,1257.0,2013-01-19,2014-12-06
XJ.LL24.,XJ,LL24,,"BHE,BHZ,BHN",-2.2662,35.807201,1210.0,2013-01-18,2014-12-05
XJ.LL65.,XJ,LL65,,"BHE,BHZ,BHN",-2.418,35.433998,1958.0,2013-01-22,2014-12-06
XJ.LL66.,XJ,LL66,,"BHZ,BH2,BH1",-2.6123,35.4842,1642.0,2013-01-21,2014-12-06
XJ.LMC.,XJ,LMC,,"BHE,BHZ,BHN",36.357533,-119.028839,211.0,1997-05-29,1997-12-31
XJ.LN14.,XJ,LN14,,"BHE,BHZ,BHN",-2.4394,36.415401,1631.0,2013-01-19,2014-12-04
XJ.LN15.,XJ,LN15,,"BHE,BHZ,BHN",-2.6279,36.184601,1327.0,2013-01-20,2014-12-03
XJ.LN16.,XJ,LN16,,"BHZ,BH2,BH1",-2.6207,36.464802,1717.0,2013-01-20,2014-12-04
XJ.LN25.,XJ,LN25,,"BHE,BHZ,BHN",-2.5006,35.886398,623.0,2013-01-19,2014-12-05
XJ.LN26.,XJ,LN26,,"BHE,BHZ,BHN",-2.6104,35.878502,659.0,2013-01-20,2014-12-06
XJ.LN34.,XJ,LN34,,"BHE,BHZ,BHN",-2.751,36.0485,1066.0,2013-01-21,2014-12-07
XJ.LN35.,XJ,LN35,,"BHE,BHZ,BHN",-2.6304,36.005901,652.0,2013-01-21,2014-12-07
XJ.LN45.,XJ,LN45,,"BHE,BHZ,BHN",-2.9927,36.292099,1063.0,2013-01-20,2014-12-04
XJ.LN46.,XJ,LN46,,"BHE,BHZ,BHN",-3.007,36.676701,1400.0,2013-01-19,2014-12-04
XJ.LNEG.,XJ,LNEG,,"BHE,BHZ,BHN",-46.57732,-72.642281,157.0,2005-01-29,2005-09-13
XJ.LOVE.,XJ,LOVE,,"HHN,HHE,HHZ",-46.191669,-72.797638,433.0,2004-01-24,2006-02-02
XJ.LUNA.,XJ,LUNA,,"HHZ,BHN,HHE,BHZ,HHN,BHE",-45.882919,-72.329872,292.0,2005-02-12,2006-01-19
XJ.MALV.,XJ,MALV,,"HHN,HHE,HHZ",-46.549389,-72.032562,213.0,2006-01-25,2006-02-06
XJ.MANE.,XJ,MANE,,"HHZ,BHN,HHE,BHZ,HHN,BHE",-45.383831,-71.98542,609.0,2005-01-23,2006-01-21
XJ.MANI.,XJ,MANI,,"HHN,HHE,HHZ",-45.23798,-72.234253,166.0,2005-02-13,2005-09-25
XJ.MANS.,XJ,MANS,,"HHZ,BHN,HHE,BHZ,HHN,BHE",-46.14542,-72.388046,358.0,2005-01-26,2006-02-09
XJ.MART.,XJ,MART,,"HHZ,BHN,HHE,BHZ,HHN,BHE",-46.836948,-72.800377,216.0,2005-02-05,2006-01-30
XJ.MAYE.,XJ,MAYE,,"BHE,BHZ,BHN",-48.26313,-72.426521,404.0,2005-01-31,2006-01-14
XJ.MHO.01,XJ,MHO,1.0,"BHE,BHZ,BHN",43.060799,-115.991997,880.0,2001-07-13,2001-12-31
XJ.MIL.,XJ,MIL,,"BHE,BHZ,BHN",54.694019,158.581619,49.0,1998-06-22,1999-12-31
XJ.MILI.,XJ,MILI,,"BHE,BHZ,BHN",-47.174919,-71.888252,613.0,2005-02-03,2006-01-10
XJ.MIST.,XJ,MIST,,"SH1,EHZ,EH1,SHZ,EH2,SH2",56.842701,-132.356201,289.0,2016-01-01,2017-12-31
XJ.MKW3.,XJ,MKW3,,"BHE,BHZ,BHN",36.453285,-118.611008,2358.0,1997-05-31,1997-12-31
XJ.MURT.,XJ,MURT,,"HHN,HHE,HHZ",-46.455002,-72.68,260.0,2004-01-21,2006-01-30
XJ.MW36.,XJ,MW36,,"BHE,BHZ,BHN",-3.0158,35.9981,847.0,2013-01-17,2014-12-07
XJ.MW41.,XJ,MW41,,"BHE,BHZ,BHN",-3.2305,36.444801,2001.0,2013-01-18,2014-12-04
XJ.MW42.,XJ,MW42,,"BHE,BHZ,BHN",-3.04,36.101101,753.0,2013-01-18,2014-06-30
XJ.MW43.,XJ,MW43,,"BHE,BHZ,BHN",-3.2046,35.9459,1039.0,2013-01-18,2014-08-20
XJ.MW44.,XJ,MW44,,"BHE,BHZ,BHN",-3.3437,35.663799,1556.0,2013-01-18,2014-12-07
XJ.N.,XJ,N,,"HHN,HHE,HHZ",14.4838,-90.879898,2969.0,2012-01-01,2012-01-16
XJ.NE1.,XJ,NE1,,"HHN,HHE,HHZ",14.4815,-90.8797,3518.0,2012-01-01,2012-02-01
XJ.NE2.,XJ,NE2,,"HHN,HHE,HHZ",14.4839,-90.875504,3373.0,2012-01-01,2012-02-01
XJ.NG54.,XJ,NG54,,"BHE,BHZ,BHN",-2.7316,35.359501,1853.0,2013-01-22,2014-12-06
XJ.NG55.,XJ,NG55,,"BHE,BHZ,BHN",-3.1418,35.687,2369.0,2013-01-17,2014-12-05
XJ.NG56.,XJ,NG56,,"BHE,BHZ,BHN",-3.096,35.4086,1505.0,2013-01-17,2014-12-06
XJ.NST.01,XJ,NST,1.0,"BHE,BHZ,BHN",42.9077,-113.977798,1310.6,2000-07-17,2001-12-31
XJ.NW1.,XJ,NW1,,"HHN,HHE,HHZ",14.4817,-90.880699,2960.0,2012-01-16,2012-02-01
XJ.NW2.,XJ,NW2,,"HHN,HHE,HHZ",14.4848,-90.886101,3234.0,2012-01-01,2012-02-01
XJ.ODGE.,XJ,ODGE,,"BHE,BHZ,BHN",-46.147419,-73.714928,3.0,2005-02-10,2006-02-21
XJ.OSO.,XJ,OSO,,"BHE,BHZ,BHN",59.261375,163.084213,47.0,1998-10-29,1999-12-31
XJ.OVY.,XJ,OVY,,"BHE,BHZ,BHN",36.777767,-118.328041,2704.0,1997-06-04,1997-12-31
XJ.PACK.,XJ,PACK,,"BHE,BHZ,BHN",43.535,-73.818031,287.0,1995-05-04,1996-12-31
XJ.PALA.,XJ,PALA,,"HHZ,BHN,HHE,BHZ,HHN,BHE",-46.295719,-71.832123,425.0,2005-01-25,2006-02-09
XJ.PAN.,XJ,PAN,,"BHE,BHZ,BHN",59.094879,159.968002,280.0,1998-10-05,1999-12-31
XJ.PCEA.,XJ,PCEA,,"HHZ,BHN,HHE,BHZ,HHN,BHE",-45.67308,-72.22123,372.0,2005-01-24,2006-01-20
XJ.PDC.,XJ,PDC,,"BHE,BHZ,BHN",36.033318,-118.977989,167.0,1997-06-10,1997-12-31
XJ.PENI.,XJ,PENI,,"HHZ,BHN,HHE,BHZ,HHN,BHE",-47.237572,-72.329979,186.0,2005-02-04,2006-02-01
XJ.PORT.,XJ,PORT,,"BHE,BHZ,BHN",-45.50153,-72.63102,120.0,2005-02-14,2006-01-30
XJ.PR11.,XJ,PR11,,"BHE,BHZ,BHN",-2.8231,36.299099,1265.0,2013-01-21,2014-12-02
XJ.PR12.,XJ,PR12,,"BHE,BHZ,BHN",-2.8253,36.383301,1119.0,2013-01-21,2013-12-06
XJ.PR13.,XJ,PR13,,"BHE,BHZ,BHN",-2.8426,36.479198,1579.0,2013-01-22,2013-05-01
XJ.PR31.,XJ,PR31,,"BHE,BHZ,BHN",-2.919,36.0476,884.0,2013-01-21,2014-12-07
XJ.PR32.,XJ,PR32,,"BHE,BHZ,BHN",-2.8754,36.181301,2093.0,2013-01-22,2014-12-03
XJ.PR33.,XJ,PR33,,"BHE,BHZ,BHN",-2.8391,36.1395,1101.0,2013-01-23,2014-12-07
XJ.PR52.,XJ,PR52,,"BHE,BHZ,BHN",-2.9593,35.7024,2420.0,2013-01-21,2014-12-05
XJ.PR53.,XJ,PR53,,"BHE,BHZ,BHN",-2.8538,35.8354,2508.0,2013-01-21,2014-12-05
XJ.PR61.,XJ,PR61,,"BHE,BHZ,BHN",-2.9586,35.247799,1549.0,2013-01-20,2014-12-07
XJ.PR62.,XJ,PR62,,"BHE,BHZ,BHN",-2.9834,35.3736,1454.0,2013-01-20,2014-12-06
XJ.PR63.,XJ,PR63,,"BHE,BHZ,BHN",-2.9933,35.506699,1362.0,2013-01-19,2014-12-07
XJ.PR64.,XJ,PR64,,"BHE,BHZ,BHN",-2.8014,35.5331,1538.0,2013-01-19,2013-12-14
XJ.PSAN.,XJ,PSAN,,"HHN,HHE,HHZ",-46.592491,-72.542374,522.0,2004-01-21,2006-01-30
XJ.PUAG.,XJ,PUAG,,"BHE,BHZ,BHN",-45.167221,-73.513329,3.0,2005-06-06,2006-02-20
XJ.PUCH.,XJ,PUCH,,"BHE,BHZ,BHN",-45.450081,-72.78862,24.0,2005-02-14,2005-05-17
XJ.PZT.,XJ,PZT,,"HHZ,BHN,HHE,BHZ,HHN,BHE",51.466999,156.809998,10.0,1998-08-16,1999-12-31
XJ.QUIT.,XJ,QUIT,,"BHE,BHZ,BHN",-45.652721,-73.201721,3.0,2005-02-09,2006-02-22
XJ.RAIN.,XJ,RAIN,,"SH1,EHZ,EH1,SHZ,EH2,SH2",56.828201,-132.352203,446.9,2016-01-01,2017-12-31
XJ.RICA.,XJ,RICA,,"HHN,HHE,HHZ",-46.124821,-72.556213,503.0,2004-01-24,2006-02-02
XJ.RIES.,XJ,RIES,,"HHN,HHE,HHZ",-46.52792,-71.871429,311.0,2006-01-24,2006-02-06
XJ.RIMA.,XJ,RIMA,,"HHZ,BHN,HHE,BHZ,HHN,BHE",-45.311119,-72.32692,629.0,2005-01-23,2006-01-21
XJ.S1.,XJ,S1,,"HHN,HHE,HHZ",14.4503,-90.892899,2241.0,2012-01-01,2012-02-01
XJ.SBL.,XJ,SBL,,"BHE,BHZ,BHN",54.30431,155.961823,35.0,1998-12-09,1999-12-31
XJ.SE1.,XJ,SE1,,"HHN,HHE,HHZ",14.4694,-90.866798,2828.0,2012-01-01,2012-02-01
XJ.SE2.,XJ,SE2,,"HHN,HHE,HHZ",14.4665,-90.863197,2539.0,2012-01-01,2012-02-01
XJ.SFK.,XJ,SFK,,"BHE,BHZ,BHN",36.365623,-118.814613,812.0,1997-06-24,1997-12-31
XJ.SFT.,XJ,SFT,,"BHE,BHZ,BHN",36.230343,-118.06282,1753.0,1997-06-04,1997-12-31
XJ.SHO.01,XJ,SHO,1.0,"BHE,BHZ,BHN",42.848701,-114.429703,1188.7,2000-07-19,2001-12-31
XJ.SLC.,XJ,SLC,,"BHE,BHZ,BHN",36.524323,-117.717499,1918.0,1997-07-07,1997-12-31
XJ.SMD.,XJ,SMD,,"BHE,BHZ,BHN",36.970913,-118.630203,1807.0,1997-06-19,1997-12-31
XJ.SNOW.,XJ,SNOW,,"SH1,EHZ,EH1,SHZ,EH2,SH2",56.8922,-132.3526,956.0,2016-01-01,2017-12-31
XJ.SRF.,XJ,SRF,,"BHE,BHZ,BHN",36.935982,-118.106056,2148.0,1997-06-04,1997-12-31
XJ.SW1.,XJ,SW1,,"HHN,HHE,HHZ",14.4682,-90.895302,2766.0,2012-01-01,2012-02-01
XJ.SW2.,XJ,SW2,,"HHN,HHE,HHZ",14.466,-90.898102,2587.0,2012-01-01,2012-02-01
XJ.TIG.,XJ,TIG,,"BHE,BHZ,BHN",57.759483,158.685638,47.0,1998-10-04,1999-12-31
XJ.TKI.,XJ,TKI,,"BHE,BHZ,BHN",60.44611,166.148788,166.0,1998-10-22,1999-12-31
XJ.TORT.,XJ,TORT,,"BHE,BHZ,BHN",-47.794121,-73.528084,95.0,2005-02-01,2006-01-15
XJ.TRAI.,XJ,TRAI,,"BHE,BHZ,BHN",-46.328152,-72.770782,352.0,2005-01-27,2006-01-27
XJ.TRANA.,XJ,TRANA,,"HHN,HHE,HHZ",-46.635441,-72.839523,355.0,2004-01-21,2004-08-25
XJ.TRANB.,XJ,TRANB,,"HHN,HHE,HHZ",-46.635441,-72.839523,355.0,2004-01-23,2006-01-31
XJ.TRES.,XJ,TRES,,"HHZ,BHN,HHE,BHZ,HHN,BHE",-47.406231,-72.711929,405.0,2005-02-02,2006-02-01
XJ.TUM.,XJ,TUM,,"BHE,BHZ,BHN",55.203163,160.399078,506.0,1998-08-25,1999-12-31
XJ.TWR2.,XJ,TWR2,,"BHE,BHZ,BHN",36.351521,-118.407623,1946.0,1997-06-22,1997-12-31
XJ.UHR.,XJ,UHR,,"BHE,BHZ,BHN",57.094433,156.765945,118.0,1998-10-07,1999-12-31
XJ.VASQ.,XJ,VASQ,,"HHN,HHE,HHZ",-46.56076,-71.824333,546.0,2006-01-25,2006-02-05
XJ.VERD.,XJ,VERD,,"HHZ,BHN,HHE,BHZ,HHN,BHE",-46.557301,-71.952072,465.0,2005-02-07,2006-02-06
XJ.VIVI.,XJ,VIVI,,"BHE,BHZ,BHN",-45.36055,-72.457069,274.0,2005-02-14,2006-01-09
XJ.WHP.,XJ,WHP,,"BHE,BHZ,BHN",36.588757,-118.222946,2388.0,1997-06-05,1997-12-31
XJ.WJGS.,XJ,WJGS,,"HHZ,HHE,HNN,HHN,HNZ,HNE",40.475899,-115.587799,1925.0,2008-03-30,2008-04-30
XJ.WLAM.,XJ,WLAM,,"HHZ,HHE,HNN,HHN,HNZ,HNE",40.689499,-115.472397,1975.0,2008-04-02,2008-04-30
XJ.WMD.,XJ,WMD,,"BHE,BHZ,BHN",36.198044,-118.575493,2592.0,1997-06-02,1997-12-31
XJ.WMDH.,XJ,WMDH,,"HHZ,HHE,HNN,HHN,HNZ,HNE",41.005699,-115.010696,1794.0,2008-03-18,2008-04-30
XJ.WNRB.,XJ,WNRB,,"HHZ,HHE,HNN,HHN,HNZ,HNE",41.093498,-115.082497,1808.0,2008-04-03,2008-04-29
XJ.WSCR.,XJ,WSCR,,"HHZ,HHE,HNN,HHN,HNZ,HNE",40.865299,-115.254501,1843.0,2008-04-03,2008-04-30
XJ.WWTK.,XJ,WWTK,,"HHZ,HHE,HNN,HHN,HNZ,HNE",41.112598,-114.932198,1734.0,2008-04-09,2008-04-30
XJ.ZUP.,XJ,ZUP,,"BHE,BHZ,BHN",54.081619,159.987518,48.0,1998-08-24,1999-12-31
XO.2001.01,XO,2001,1.0,"BHZ,EPE,EPN,HHZ",37.316494,-122.042763,59.0,2000-11-22,2001-12-31
XO.2003.01,XO,2003,1.0,"EPZ,EPE,EPN",37.316582,-122.054092,76.0,2001-01-09,2001-12-31
XO.2004.01,XO,2004,1.0,"EPZ,EPE,EPN",37.314419,-122.027962,39.0,2001-01-25,2001-12-31
XO.2006.01,XO,2006,1.0,"EPZ,EPE,EPN",37.319939,-122.03952,54.0,2001-01-16,2001-12-31
XO.2034.01,XO,2034,1.0,"EPZ,EPE,EPN",37.317318,-122.036377,48.0,2000-11-15,2001-12-31
XO.2037.01,XO,2037,1.0,"EPZ,EPE,EPN",37.317688,-122.063843,84.0,2000-11-15,2001-12-31
XO.AGRN.02,XO,AGRN,2.0,"BHE,BHZ,BHN",18.736506,145.652893,71.0,2003-05-10,2004-12-31
XO.ALMN.02,XO,ALMN,2.0,"BHE,BHZ,BHN",17.612436,145.821381,71.0,2003-05-08,2004-12-31
XO.ANAH.02,XO,ANAH,2.0,"BHE,BHZ,BHN",16.364368,145.633713,91.0,2003-05-06,2004-12-31
XO.BLO.,XO,BLO,,"EHZ,EH2,EH3",-43.243999,170.787003,1600.0,2010-01-01,2010-05-06
XO.BON.,XO,BON,,"EHE,EHN,EHZ",-43.083,170.651001,1026.0,2010-01-01,2010-05-06
XO.BS10A.,XO,BS10A,,"HHN,HHE,HHZ",41.08308,40.716648,0.0,2005-02-01,2005-02-24
XO.BS11A.,XO,BS11A,,"HHN,HHE,HHZ",41.116081,40.848782,441.0,2005-02-02,2005-02-23
XO.BS12A.,XO,BS12A,,"HHN,HHE,HHZ",41.08968,40.88903,250.0,2005-02-01,2005-02-23
XO.BS13A.,XO,BS13A,,"HHN,HHE,HHZ",41.0564,40.913952,713.0,2005-02-01,2005-02-15
XO.BS13B.,XO,BS13B,,"HHN,HHE,HHZ",41.059151,40.90892,661.0,2005-02-17,2005-02-23
XO.BS14A.,XO,BS14A,,"HHN,HHE,HHZ",41.020271,41.003929,416.0,2005-02-02,2005-02-17
XO.BS14B.,XO,BS14B,,"HHN,HHE,HHZ",41.025902,41.005581,448.3,2005-02-18,2005-02-23
XO.BS15A.,XO,BS15A,,"HHN,HHE,HHZ",40.998829,41.058632,816.5,2005-02-02,2005-02-23
XO.BS15B.,XO,BS15B,,"HHN,HHE,HHZ",40.999481,41.059818,834.0,2005-02-18,2005-02-23
XO.BS16A.,XO,BS16A,,"HHN,HHE,HHZ",40.952869,41.118568,1398.0,2005-02-02,2005-02-23
XO.BS17A.,XO,BS17A,,"HHN,HHE,HHZ",40.95192,41.118519,1414.5,2005-01-31,2005-02-23
XO.BS21A.,XO,BS21A,,"HHN,HHE,HHZ",40.96883,38.885132,225.2,2005-03-07,2005-03-10
XO.BS22A.,XO,BS22A,,"HHN,HHE,HHZ",40.912868,38.848579,148.3,2005-03-07,2005-03-10
XO.BS23A.,XO,BS23A,,"HHN,HHE,HHZ",40.85955,38.790901,587.0,2005-03-07,2005-03-10
XO.BS24A.,XO,BS24A,,"HHN,HHE,HHZ",40.77713,38.764721,605.0,2005-03-08,2005-03-10
XO.BS25A.,XO,BS25A,,"HHN,HHE,HHZ",40.773029,38.762119,442.0,2005-03-08,2005-03-10
XO.BS26A.,XO,BS26A,,"HHN,HHE,HHZ",40.725479,38.727821,862.0,2005-03-08,2005-03-10
XO.BS26B.,XO,BS26B,,"HHN,HHE,HHZ",40.725399,38.727798,862.0,2005-03-08,2005-03-10
XO.BS30A.,XO,BS30A,,"HHN,HHE,HHZ",41.321571,36.231049,165.0,2005-02-27,2005-03-06
XO.BS31A.,XO,BS31A,,"HHN,HHE,HHZ",41.295818,36.208172,263.3,2005-02-25,2005-03-06
XO.BS31B.,XO,BS31B,,"HHN,HHE,HHZ",41.29665,36.206619,286.3,2005-02-27,2005-03-06
XO.BS32A.,XO,BS32A,,"HHN,HHE,HHZ",41.231522,36.16785,558.0,2005-02-25,2005-03-06
XO.BS33A.,XO,BS33A,,"HHN,HHE,HHZ",41.167519,36.121601,720.0,2005-02-25,2005-03-06
XO.BS34A.,XO,BS34A,,"HHN,HHE,HHZ",41.095982,36.070278,778.0,2005-02-27,2005-03-06
XO.BS35A.,XO,BS35A,,"HHN,HHE,HHZ",41.04792,36.034481,616.0,2005-02-25,2005-03-06
XO.BS36A.,XO,BS36A,,"HHN,HHE,HHZ",40.978931,35.985378,1018.0,2005-02-25,2005-03-06
XO.BS36B.,XO,BS36B,,"HHN,HHE,HHZ",40.978931,35.985378,1018.0,2005-02-25,2005-03-06
XO.DRC.,XO,DRC,,"EHE,EHN,EHZ",-43.241001,170.451996,128.0,2010-01-01,2010-05-06
XO.EP14.,XO,EP14,,"HHN,HHE,HHZ",59.3257,-155.9036,56.0,2018-06-06,2019-12-31
XO.EP15.,XO,EP15,,"HHN,HHE,HHZ",58.9664,-155.0867,249.0,2018-06-10,2019-12-31
XO.EP16.,XO,EP16,,"HHN,HHE,HHZ",59.1126,-156.8567,43.0,2018-06-05,2019-12-31
XO.EP21.,XO,EP21,,"HHN,HHE,HHZ",58.212,-157.3769,46.0,2018-06-04,2019-12-31
XO.EP22.,XO,EP22,,"HHN,HHE,HHZ",57.9007,-155.7865,63.0,2018-06-04,2019-12-31
XO.EP23.,XO,EP23,,"HHN,HHE,HHZ",56.9071,-157.0201,39.0,2018-06-02,2019-12-31
XO.ERE.,XO,ERE,,"EHZ,EH2,EH3",-43.509998,170.854996,600.0,2010-01-01,2010-05-06
XO.ET17.,XO,ET17,,"HHN,HHE,HHZ",58.6097,-156.265,51.0,2018-06-08,2019-12-31
XO.ET18.,XO,ET18,,"HH2,HHZ,HHE,HHN,HH1",58.5458,-155.788,60.0,2018-06-10,2019-12-31
XO.ET19.,XO,ET19,,"HHN,HHE,HHZ",58.3686,-155.4394,322.0,2018-06-09,2019-12-31
XO.ET20.,XO,ET20,,"HHN,HHE,HHZ",58.1304,-154.9716,965.5,2018-06-08,2019-12-31
XO.GCK.,XO,GCK,,"EHE,EHN,EHZ",-43.306,170.311005,115.0,2010-01-01,2010-05-06
XO.GHU.,XO,GHU,,"EHZ,EH2,EH3",-43.48,170.509003,1111.0,2010-01-01,2010-05-06
XO.GUA1.01,XO,GUA1,1.0,"BHE,BHZ,BHN",13.539673,144.913986,289.0,2003-05-06,2004-12-31
XO.GUA2.01,XO,GUA2,1.0,"BHE,BHZ,BHN",13.36315,144.759201,163.0,2003-05-08,2004-12-31
XO.GUA3.02,XO,GUA3,2.0,"BHE,BHZ,BHN",13.266417,144.717209,140.0,2003-05-08,2004-12-31
XO.GUGU.02,XO,GUGU,2.0,"BHE,BHZ,BHN",17.311577,145.833359,80.0,2003-05-07,2004-12-31
XO.JSO1.,XO,JSO1,,"BHE,BHZ,BHN",35.425079,93.454933,4498.0,2007-06-06,2008-09-05
XO.JSO2.,XO,JSO2,,"BHE,BHZ,BHN",35.168579,92.985191,4736.0,2007-06-04,2008-09-06
XO.JSO25.,XO,JSO25,,"BHE,BHZ,BHN",34.642872,92.803757,4856.0,2007-06-19,2008-09-06
XO.JSO3.,XO,JSO3,,"BHE,BHZ,BHN",34.375069,92.774681,4555.0,2007-06-04,2008-09-06
XO.KD00.,XO,KD00,,"HHZ,EHZ,HHE,EHE,HHN,EHN",57.4413,-152.4484,98.0,2018-09-07,2019-12-31
XO.KD01.,XO,KD01,,"HHN,HHE,HHZ",57.6401,-152.4375,79.0,2018-05-23,2019-12-31
XO.KD02.,XO,KD02,,"HHN,HHE,HHZ",57.8618,-152.6575,57.0,2018-05-18,2019-12-31
XO.KD04.,XO,KD04,,"HHN,HHE,HHZ",57.3042,-152.8497,34.0,2018-05-26,2019-12-31
XO.KD05.,XO,KD05,,"HHN,HHE,HHZ",57.8717,-153.4099,38.0,2018-05-23,2019-12-31
XO.KD12.,XO,KD12,,"HHN,HHE,HHZ",57.313,-154.6122,90.0,2018-05-20,2019-12-31
XO.KF101.,XO,KF101,,"HHZ,BHN,HHE,BHZ,HHN,BHE",35.640881,95.088181,4530.0,2007-06-06,2008-09-02
XO.KF106.,XO,KF106,,"HHZ,BHN,HHE,BHZ,HHN,BHE",35.68784,95.096771,4452.0,2007-06-06,2008-09-02
XO.KF111.,XO,KF111,,"HHZ,BHN,HHE,BHZ,HHN,BHE",35.755829,94.969681,4197.0,2007-06-06,2008-09-01
XO.KF116.,XO,KF116,,"BHN,HHZ,HHE,BHZ,HHN,BHE",35.801029,94.902191,4042.0,2007-06-06,2008-09-02
XO.KF141.,XO,KF141,,"BHN,HHZ,HHE,BHZ,HHN,BHE",36.030449,94.808746,3269.0,2007-06-09,2008-08-27
XO.KF146.,XO,KF146,,"BHN,HHZ,HHE,BHZ,HHN,BHE",36.074959,94.788673,3218.0,2007-05-28,2008-09-02
XO.KF151.,XO,KF151,,"HHZ,BHN,HHE,BHZ,HHN,BHE",36.125031,94.759354,3164.0,2007-06-01,2008-08-27
XO.KF28.,XO,KF28,,"BHE,BHZ,BHN",37.753201,-87.809097,118.0,2013-07-26,2015-05-11
XO.KF30.,XO,KF30,,"BHE,BHZ,BHN",37.884701,-87.3937,119.0,2013-07-29,2015-05-11
XO.KF34.,XO,KF34,,"BHE,BHZ,BHN",37.823002,-86.8078,169.0,2013-10-05,2015-03-16
XO.KF66A.,XO,KF66A,,"HHZ,BHN,HHE,BHZ,HHN,BHE",35.354,94.950478,4572.0,2007-06-02,2008-09-01
XO.KF71A.,XO,KF71A,,"BHN,HHZ,HHE,BHZ,HHN,BHE",35.392899,94.93972,4647.0,2007-06-01,2008-08-31
XO.KF76A.,XO,KF76A,,"BHN,HHZ,HHE,BHZ,HHN,BHE",35.44437,94.943542,4605.0,2007-06-01,2008-08-31
XO.KF81A.,XO,KF81A,,"BHN,HHZ,HHE,BHZ,HHN,BHE",35.480061,94.977364,4613.0,2007-06-01,2008-09-02
XO.KF86N.,XO,KF86N,,"BHN,HHZ,HHE,BHZ,HHN,BHE",35.507622,95.045937,4723.0,2007-06-04,2008-09-01
XO.KF91A.,XO,KF91A,,"HHZ,BHN,HHE,BHZ,HHN,BHE",35.55349,95.080231,4759.0,2007-06-04,2008-09-01
XO.KF96A.,XO,KF96A,,"HHZ,BHN,HHE,BHZ,HHN,BHE",35.59795,95.101311,4647.0,2007-06-04,2008-09-02
XO.KG27.,XO,KG27,,"BHE,BHZ,BHN",37.647301,-87.901199,210.0,2013-08-01,2015-05-11
XO.KG29.,XO,KG29,,"BHE,BHZ,BHN",37.717899,-87.472603,129.0,2013-07-26,2015-05-11
XO.KG31.,XO,KG31,,"BHE,BHZ,BHN",37.653,-87.180496,129.0,2013-07-29,2015-05-11
XO.KG35.,XO,KG35,,"BHE,BHZ,BHN",37.643101,-86.614098,164.0,2013-08-02,2015-05-12
XO.KG37.,XO,KG37,,"BHE,BHZ,BHN",37.656799,-86.279701,240.0,2013-10-04,2015-03-16
XO.KG41.,XO,KG41,,"BHE,BHZ,BHN",37.6661,-85.742798,274.0,2013-10-05,2015-03-16
XO.KH26.,XO,KH26,,"BHE,BHZ,BHN",37.456699,-88.008202,187.0,2013-08-01,2015-05-11
XO.KH28.,XO,KH28,,"BHE,BHZ,BHN",37.478901,-87.7108,150.0,2013-07-31,2015-05-11
XO.KH30.,XO,KH30,,"BHE,BHZ,BHN",37.4706,-87.464302,146.0,2013-07-31,2015-05-11
XO.KH32.,XO,KH32,,"BHE,BHZ,BHN",37.423302,-87.2761,163.0,2013-07-31,2015-05-12
XO.KH34.,XO,KH34,,"BHE,BHZ,BHN",37.473999,-86.926903,136.0,2013-08-02,2015-05-12
XO.KH36.,XO,KH36,,"BHE,BHZ,BHN",37.472198,-86.613098,190.0,2013-10-06,2015-03-16
XO.KH38.,XO,KH38,,"BHE,BHZ,BHN",37.392101,-86.304604,201.0,2013-10-06,2015-03-18
XO.KH42.,XO,KH42,,"BHE,BHZ,BHN",37.493301,-85.723503,244.0,2013-10-05,2015-03-16
XO.KH44.,XO,KH44,,"BHE,BHZ,BHN",37.501999,-85.4645,292.0,2013-11-07,2015-03-17
XO.KH46.,XO,KH46,,"BHE,BHZ,BHN",37.4669,-85.248199,235.0,2013-11-08,2015-03-17
XO.KH48.,XO,KH48,,"BHE,BHZ,BHN",37.445499,-85.005203,254.0,2013-11-07,2015-03-17
XO.KH49.,XO,KH49,,"BHE,BHZ,BHN",37.437,-84.735298,289.0,2013-11-16,2015-03-17
XO.KH50.,XO,KH50,,"BHE,BHZ,BHN",37.417,-84.463303,289.0,2014-03-12,2015-10-17
XO.KH54.,XO,KH54,,"BHE,BHZ,BHN",37.414902,-84.160004,463.0,2014-03-12,2015-10-17
XO.KH56.,XO,KH56,,"BHE,BHZ,BHN",37.3148,-83.950203,370.0,2014-05-15,2015-10-17
XO.KI25.,XO,KI25,,"BHE,BHZ,BHN",37.291199,-88.111801,188.0,2013-08-01,2015-05-11
XO.KI27.,XO,KI27,,"BHE,BHZ,BHN",37.264198,-87.826897,128.7,2013-10-18,2015-03-16
XO.KI29.,XO,KI29,,"BHE,BHZ,BHN",37.273102,-87.557602,134.0,2013-07-31,2015-05-12
XO.KI31.,XO,KI31,,"BHE,BHZ,BHN",37.252899,-87.285797,167.0,2013-08-01,2015-05-12
XO.KI33.,XO,KI33,,"BHE,BHZ,BHN",37.319099,-86.960098,146.0,2013-08-02,2015-05-12
XO.KI35.,XO,KI35,,"BHE,BHZ,BHN",37.295399,-86.696297,132.0,2013-10-06,2015-03-18
XO.KI37.,XO,KI37,,"BHE,BHZ,BHN",37.2561,-86.389,192.0,2013-10-05,2015-03-18
XO.KI39.,XO,KI39,,"BHE,BHZ,BHN",37.294399,-86.083801,258.0,2013-10-06,2014-05-22
XO.KI39A.,XO,KI39A,,"BHE,BHZ,BHN",37.296398,-86.175598,234.0,2014-06-05,2015-03-18
XO.KI41.,XO,KI41,,"BHE,BHZ,BHN",37.299198,-85.817001,193.0,2013-10-19,2015-03-18
XO.KI43.,XO,KI43,,"BHE,BHZ,BHN",37.280499,-85.569099,190.0,2013-11-07,2015-03-16
XO.KI45.,XO,KI45,,"BHE,BHZ,BHN",37.266499,-85.233902,294.0,2013-11-08,2015-03-17
XO.KI47.,XO,KI47,,"BHE,BHZ,BHN",37.246201,-84.990402,287.0,2013-11-16,2015-03-17
XO.KI49.,XO,KI49,,"BHE,BHZ,BHN",37.220699,-84.749802,345.0,2014-03-12,2015-10-17
XO.KI51.,XO,KI51,,"BHE,BHZ,BHN",37.185699,-84.5075,311.0,2014-03-12,2015-10-17
XO.KI53.,XO,KI53,,"BHE,BHZ,BHN",37.184502,-84.2061,377.0,2014-03-12,2015-10-17
XO.KICK.,XO,KICK,,"BHE,BHZ,BHN",42.450111,-74.927071,375.0,1997-06-20,1997-07-07
XO.KJ30.,XO,KJ30,,"BHE,BHZ,BHN",37.087101,-87.338501,189.0,2013-08-01,2015-05-12
XO.KJ34.,XO,KJ34,,"BHE,BHZ,BHN",37.109798,-86.923401,182.0,2013-08-02,2015-05-12
XO.KJ36.,XO,KJ36,,"BHE,BHZ,BHN",37.102501,-86.586998,167.8,2013-10-05,2015-03-18
XO.KJ40.,XO,KJ40,,"BHE,BHZ,BHN",37.144901,-86.0187,285.0,2013-10-06,2015-03-18
XO.KJ42.,XO,KJ42,,"BHE,BHZ,BHN",37.1185,-85.750702,234.0,2013-10-16,2015-03-17
XO.KJ46.,XO,KJ46,,"BHE,BHZ,BHN",37.0821,-85.361397,243.0,2013-11-08,2015-03-17
XO.KJ48.,XO,KJ48,,"BHE,BHZ,BHN",37.049801,-85.047401,316.0,2013-11-16,2015-03-17
XO.KJ50.,XO,KJ50,,"BHE,BHZ,BHN",37.0462,-84.580803,255.0,2014-03-14,2015-10-17
XO.KJ52.,XO,KJ52,,"BHE,BHZ,BHN",36.918598,-84.25,377.0,2014-03-13,2015-10-17
XO.KK34.,XO,KK34,,"BHE,BHZ,BHN",36.9081,-86.820801,206.0,2013-08-02,2015-05-12
XO.KK36.,XO,KK36,,"BHE,BHZ,BHN",36.935501,-86.577698,170.0,2013-08-02,2015-05-12
XO.KK38.,XO,KK38,,"BHE,BHZ,BHN",36.903,-86.287102,179.0,2013-10-18,2015-03-17
XO.KK40.,XO,KK40,,"BHE,BHZ,BHN",36.880199,-86.014099,218.0,2013-10-18,2015-03-17
XO.KK42.,XO,KK42,,"BHE,BHZ,BHN",36.9034,-85.740303,259.0,2013-10-05,2015-03-17
XO.KK44.,XO,KK44,,"BHE,BHZ,BHN",36.9076,-85.493202,287.0,2013-10-20,2015-03-17
XO.KK46.,XO,KK46,,"BHE,BHZ,BHN",36.870899,-85.246803,232.0,2013-10-20,2015-03-17
XO.KK48.,XO,KK48,,"BHE,BHZ,BHN",36.867199,-84.944199,318.0,2014-03-19,2015-10-17
XO.KK50.,XO,KK50,,"BHE,BHZ,BHN",36.8694,-84.802399,306.0,2014-03-14,2015-10-17
XO.KK52.,XO,KK52,,"BHE,BHZ,BHN",36.8372,-84.509102,398.0,2014-03-13,2015-10-18
XO.KS03.,XO,KS03,,"HHZ,HHE,HNN,HHN,HNZ,HNE",57.6133,-152.2353,45.0,2018-05-24,2019-12-31
XO.KS11.,XO,KS11,,"HHZ,HHE,HNN,HHN,HNZ,HNE",57.1277,-153.0879,39.0,2018-05-19,2019-12-31
XO.KS13.,XO,KS13,,"HHZ,HHE,HNN,HHN,HNZ,HNE",56.9472,-154.1729,45.0,2018-05-22,2019-12-31
XO.KSN1.,XO,KSN1,,"HHZ,BHN,HHE,BHZ,HHN,BHE",35.8465,93.981598,3980.0,2007-05-30,2008-09-08
XO.KSN2.,XO,KSN2,,"HHN,HHE,HHZ",35.502998,94.683701,4748.0,2007-06-09,2008-09-03
XO.KSN3.,XO,KSN3,,"HHN,HHE,HHZ",35.76012,94.620903,4067.0,2007-06-08,2008-05-30
XO.KSN4.,XO,KSN4,,"HHZ,BHN,HHE,BHZ,HHN,BHE",35.530548,94.240257,4913.0,2007-06-01,2008-09-03
XO.KSO1.,XO,KSO1,,"HHN,HHE,HHZ",36.266609,95.265411,3136.0,2007-06-07,2008-09-02
XO.KT06.,XO,KT06,,"HHN,HHE,HHZ",57.6517,-154.0041,46.0,2018-05-20,2019-12-31
XO.KT07.,XO,KT07,,"HHN,HHE,HHZ",57.5375,-153.9814,38.0,2018-05-22,2019-12-31
XO.KT08.,XO,KT08,,"HHN,HHE,HHZ",57.443,-153.8149,41.0,2018-05-23,2019-12-31
XO.KT09.,XO,KT09,,"HHN,HHE,HHZ",57.348,-153.7945,47.0,2018-05-20,2019-12-31
XO.KT10.,XO,KT10,,"HHN,HHE,HHZ",57.295,-153.66,43.0,2018-05-21,2019-09-29
XO.LA17.,XO,LA17,,"BHE,BHZ,BHN",38.6334,-89.137703,159.0,2012-07-29,2013-09-19
XO.LA19.,XO,LA19,,"BHE,BHZ,BHN",38.694401,-88.869904,175.2,2012-07-29,2013-09-18
XO.LB16.,XO,LB16,,"BHE,BHZ,BHN",38.474998,-89.312103,142.8,2012-07-29,2013-09-19
XO.LB18.,XO,LB18,,"BHE,BHZ,BHN",38.454399,-89.051598,169.6,2012-07-28,2013-09-19
XO.LB20.,XO,LB20,,"BHE,BHZ,BHN",38.5256,-88.751999,157.0,2012-07-28,2014-03-10
XO.LB22.,XO,LB22,,"BHE,BHZ,BHN",38.507301,-88.487999,144.8,2012-07-28,2013-09-18
XO.LB24.,XO,LB24,,"BHE,BHZ,BHN",38.505699,-88.205902,142.9,2012-09-09,2013-10-22
XO.LB26.,XO,LB26,,"BHE,BHZ,BHN",38.512199,-87.970497,129.8,2012-09-09,2013-10-22
XO.LC15.,XO,LC15,,"BHE,BHZ,BHN",38.297401,-89.412399,157.6,2012-06-29,2013-09-20
XO.LC19.,XO,LC19,,"BHE,BHZ,BHN",38.361099,-88.8554,161.0,2012-07-30,2013-09-17
XO.LC21.,XO,LC21,,"BHE,BHZ,BHN",38.312901,-88.617599,135.1,2012-08-07,2013-09-19
XO.LC25.,XO,LC25,,"BHE,BHZ,BHN",38.322399,-87.988197,143.1,2012-09-09,2013-10-23
XO.LD10.,XO,LD10,,"BHN,EHZ,EHE,BHZ,EHN,BHE",38.167599,-90.177299,199.9,2011-07-20,2013-09-20
XO.LD12.,XO,LD12,,"BHN,EHZ,EHE,BHZ,EHN,BHE",38.1506,-89.927902,129.1,2011-07-20,2013-07-29
XO.LD14.,XO,LD14,,"BHE,BHZ,BHN",38.130501,-89.6138,152.3,2012-06-25,2013-09-20
XO.LD16.,XO,LD16,,"BHE,BHZ,BHN",38.155201,-89.322098,150.8,2012-06-13,2013-07-30
XO.LD18.,XO,LD18,,"BHE,BHZ,BHN",38.165401,-89.1138,155.8,2012-06-13,2013-07-30
XO.LD20.,XO,LD20,,"BHE,BHZ,BHN",38.148499,-88.853798,134.8,2012-07-28,2013-09-21
XO.LD22.,XO,LD22,,"BHE,BHZ,BHN",38.1394,-88.432602,145.3,2012-08-07,2013-09-04
XO.LD24.,XO,LD24,,"BHE,BHZ,BHN",38.183998,-88.2267,119.6,2012-09-08,2013-10-24
XO.LE11.,XO,LE11,,"BHN,EHZ,EHE,BHZ,EHN,BHE",38.065701,-90.0121,197.3,2011-07-20,2013-07-30
XO.LE13.,XO,LE13,,"BHN,EHZ,EHE,BHZ,EHN,BHE",37.973999,-89.749603,172.1,2011-07-21,2013-08-01
XO.LE15.,XO,LE15,,"BHN,EHZ,EHE,BHZ,EHN,BHE",37.961601,-89.486702,134.1,2011-07-19,2013-07-26
XO.LE17.,XO,LE17,,"BHE,BHZ,BHN",37.9874,-89.1763,124.2,2012-08-07,2013-09-21
XO.LE19.,XO,LE19,,"BHE,BHZ,BHN",38.0065,-88.8787,134.9,2012-08-07,2013-09-21
XO.LE21.,XO,LE21,,"BHE,BHZ,BHN",37.9939,-88.686798,174.3,2012-06-12,2013-07-25
XO.LE23.,XO,LE23,,"BHE,BHZ,BHN",38.029301,-88.364197,141.7,2012-10-14,2014-01-17
XO.LE25.,XO,LE25,,"BHE,BHZ,BHN",38.000599,-88.033997,128.2,2012-09-09,2013-10-24
XO.LF16.,XO,LF16,,"SHE,BHN,EHZ,SHN,EHE,BHZ,EHN,SHZ,BHE",37.821602,-89.513702,219.0,2011-07-20,2013-07-26
XO.LF18.,XO,LF18,,"BHE,BHZ,BHN",37.781799,-89.173302,123.8,2012-06-12,2013-07-27
XO.LF20.,XO,LF20,,"BHE,BHZ,BHN",37.7822,-88.826202,158.4,2012-06-14,2013-07-25
XO.LF22.,XO,LF22,,"BHE,BHZ,BHN",37.776402,-88.597099,141.1,2012-06-12,2013-07-25
XO.LF24.,XO,LF24,,"BHE,BHZ,BHN",37.8302,-88.3871,125.1,2012-09-09,2013-10-23
XO.LF26.,XO,LF26,,"BHE,BHZ,BHN",37.744999,-88.129997,158.0,2013-09-19,2015-05-11
XO.LG19.,XO,LG19,,"BHE,BHZ,BHN",37.595699,-89.045898,206.8,2011-07-18,2013-07-24
XO.LG21.,XO,LG21,,"BHE,BHZ,BHN",37.669102,-88.794098,145.0,2011-07-21,2013-07-23
XO.LG25.,XO,LG25,,"BHE,BHZ,BHN",37.663898,-88.455704,120.0,2011-07-29,2011-11-18
XO.LG25A.,XO,LG25A,,"BHE,BHZ,BHN",37.662498,-88.458801,127.9,2011-11-18,2013-07-22
XO.LH16.,XO,LH16,,"BHE,BHZ,BHN",37.442699,-89.308403,123.1,2012-06-13,2013-07-24
XO.LH18.,XO,LH18,,"BHE,BHZ,BHN",37.4132,-89.103996,160.0,2012-06-13,2013-07-24
XO.LH20.,XO,LH20,,"BHE,BHZ,BHN",37.517899,-88.8349,223.1,2012-06-13,2014-02-21
XO.LH22.,XO,LH22,,"BHE,BHZ,BHN",37.497601,-88.549103,215.2,2012-09-09,2013-10-23
XO.LH24.,XO,LH24,,"BHE,BHZ,BHN",37.4818,-88.272697,183.2,2012-10-13,2014-02-22
XO.LI21.,XO,LI21,,"BHE,BHZ,BHN",37.276402,-88.651199,175.4,2012-10-13,2014-02-22
XO.LOKY.,XO,LOKY,,"BHE,BHZ,BHN",37.236599,-88.294601,231.0,2013-10-18,2015-03-16
XO.MD02.,XO,MD02,,"BHE,BHZ,BHN",38.1717,-91.397499,298.3,2012-06-10,2013-07-23
XO.MD04.,XO,MD04,,"BHE,BHZ,BHN",38.134499,-91.034798,286.2,2012-06-12,2013-07-23
XO.MD06.,XO,MD06,,"BHE,BHZ,BHN",38.127499,-90.758797,258.0,2012-06-13,2014-02-25
XO.MD08.,XO,MD08,,"BHN,EHZ,EHE,BHZ,EHN,BHE",38.139702,-90.506302,229.5,2011-08-03,2013-07-24
XO.ME01.,XO,ME01,,"BHE,BHZ,BHN",37.955502,-91.427002,282.9,2012-06-11,2013-07-23
XO.ME03.,XO,ME03,,"BHE,BHZ,BHN",37.945702,-91.1726,269.0,2012-06-13,2014-02-26
XO.ME05.,XO,ME05,,"BHE,BHZ,BHN",37.967999,-90.873001,300.0,2012-06-12,2013-07-24
XO.ME07.,XO,ME07,,"BHN,EHZ,EHE,BHZ,EHN,BHE",37.949501,-90.594498,238.4,2011-08-03,2013-07-23
XO.ME09.,XO,ME09,,"SHE,BHN,EHZ,SHN,EHE,BHZ,EHN,SHZ,BHE",37.931301,-90.201103,203.8,2011-08-03,2013-07-24
XO.MF02.,XO,MF02,,"BHE,BHZ,BHN",37.814999,-91.299896,394.3,2012-06-11,2013-07-23
XO.MF04.,XO,MF04,,"BHE,BHZ,BHN",37.7803,-91.032799,288.7,2012-06-11,2014-02-25
XO.MF08.,XO,MF08,,"BHN,EHZ,EHE,BHZ,EHN,BHE",37.759102,-90.630898,353.3,2011-08-10,2013-07-25
XO.MF10.,XO,MF10,,"BHN,EHZ,EHE,BHZ,EHN,BHE",37.788502,-90.343803,296.6,2011-08-02,2013-07-24
XO.MF12.,XO,MF12,,"BHN,EHZ,EHE,BHZ,EHN,BHE",37.744801,-90.066803,236.9,2011-07-22,2013-07-31
XO.MF14.,XO,MF14,,"BHN,EHZ,EHE,BHZ,EHN,BHE",37.8018,-89.802299,162.6,2011-07-22,2013-08-01
XO.MG03.,XO,MG03,,"BHE,BHZ,BHN",37.605301,-91.181999,350.5,2011-08-10,2013-07-23
XO.MG05.,XO,MG05,,"BHE,BHZ,BHN",37.482498,-90.870102,240.8,2011-08-10,2013-07-23
XO.MG07.,XO,MG07,,"BHE,BHZ,BHN",37.554901,-90.634598,318.4,2011-08-06,2013-07-24
XO.MG09.,XO,MG09,,"BHE,BHZ,BHN",37.5574,-90.354103,220.2,2011-08-05,2013-07-24
XO.MG13.,XO,MG13,,"BHE,BHZ,BHN",37.588799,-89.882004,206.6,2011-07-20,2013-07-31
XO.MG15.,XO,MG15,,"BHE,BHZ,BHN",37.562302,-89.599602,186.0,2011-08-05,2012-06-11
XO.MG15A.,XO,MG15A,,"BHE,BHZ,BHN",37.576599,-89.574799,122.5,2012-06-14,2013-07-26
XO.MH14.,XO,MH14,,"BHN,EHZ,EHE,BHZ,EHN,BHE",37.453701,-89.724403,149.2,2011-07-20,2013-07-26
XO.NB28.,XO,NB28,,"BHE,BHZ,BHN",38.414799,-87.6073,144.6,2012-10-15,2013-11-19
XO.NC27.,XO,NC27,,"BHE,BHZ,BHN",38.2883,-87.754402,137.3,2012-10-15,2014-02-22
XO.NC29.,XO,NC29,,"BHE,BHZ,BHN",38.318199,-87.502998,139.3,2012-11-09,2014-02-22
XO.NC31.,XO,NC31,,"BHE,BHZ,BHN",38.3512,-87.221901,153.0,2013-11-19,2015-03-16
XO.NC33.,XO,NC33,,"BHE,BHZ,BHN",38.318001,-87.023804,161.0,2013-07-29,2015-05-05
XO.ND26.,XO,ND26,,"BHE,BHZ,BHN",38.219601,-87.920303,145.3,2012-09-08,2013-10-23
XO.ND28.,XO,ND28,,"BHE,BHZ,BHN",38.078701,-87.683899,168.3,2012-10-28,2014-02-22
XO.ND30.,XO,ND30,,"BHE,BHZ,BHN",38.121498,-87.279297,153.0,2013-07-30,2015-05-05
XO.ND32.,XO,ND32,,"BHE,BHZ,BHN",38.166199,-87.063797,132.0,2013-07-30,2015-05-05
XO.NE27.,XO,NE27,,"BHE,BHZ,BHN",37.966,-87.822601,125.0,2013-07-29,2015-05-07
XO.NE29.,XO,NE29,,"BHE,BHZ,BHN",38.045502,-87.418999,126.0,2013-07-30,2015-05-07
XO.NE31.,XO,NE31,,"BHE,BHZ,BHN",37.9743,-87.172699,119.0,2013-07-30,2015-05-07
XO.NE33.,XO,NE33,,"BHE,BHZ,BHN",38.040798,-86.877998,127.0,2013-08-01,2015-05-05
XO.NF32.,XO,NF32,,"BHE,BHZ,BHN",37.841999,-87.121597,137.0,2013-07-30,2015-05-07
XO.NOL.,XO,NOL,,"EHZ,EH2,EH3",-43.348999,170.483994,193.0,2010-01-01,2010-05-06
XO.ONE.,XO,ONE,,"EHE,EHN,EHZ",-43.113998,170.492004,71.0,2010-01-01,2010-05-06
XO.PAGE.02,XO,PAGE,2.0,"BHE,BHZ,BHN",18.120707,145.766876,73.0,2003-05-25,2004-12-31
XO.PAGW.02,XO,PAGW,2.0,"BHE,BHZ,BHN",18.122175,145.761658,61.0,2003-05-09,2004-12-31
XO.POE.,XO,POE,,"EHZ,EH2,EH3",-43.195,170.520004,106.0,2010-01-01,2010-05-06
XO.ROTA.02,XO,ROTA,2.0,"BHE,BHZ,BHN",14.148126,145.186554,528.0,2003-05-10,2004-12-31
XO.SAP1.02,XO,SAP1,2.0,"BHE,BHZ,BHN",15.285745,145.80928,100.0,2003-04-30,2004-12-31
XO.SAP2.01,XO,SAP2,1.0,"BHE,BHZ,BHN",15.234013,145.767029,219.0,2003-05-02,2004-12-31
XO.SAP3.02,XO,SAP3,2.0,"BHE,BHZ,BHN",15.18375,145.746567,410.0,2003-05-03,2004-12-31
XO.SAP4.01,XO,SAP4,1.0,"BHE,BHZ,BHN",15.174628,145.771225,116.0,2003-06-27,2004-12-31
XO.SAP5.01,XO,SAP5,1.0,"BHE,BHZ,BHN",15.132323,145.707626,74.0,2003-05-05,2004-12-31
XO.SAP6.01,XO,SAP6,1.0,"BHE,BHZ,BHN",15.125788,145.740891,122.0,2003-05-03,2004-12-31
XO.SARI.02,XO,SARI,2.0,"BHE,BHZ,BHN",16.709562,145.769669,85.0,2003-05-06,2004-12-31
XO.SCCC.,XO,SCCC,,"BHE,BHZ,BHN",41.764851,-74.670135,463.0,1997-06-19,1999-02-22
XO.SOKY.,XO,SOKY,,"BHE,BHZ,BHN",37.5256,-85.961899,256.0,2013-11-06,2015-10-16
XO.TIN1.01,XO,TIN1,1.0,"BHE,BHZ,BHN",15.048357,145.612411,126.0,2003-05-16,2004-12-31
XO.TIN2.01,XO,TIN2,1.0,"BHE,BHZ,BHN",14.995033,145.612961,133.0,2003-05-15,2004-12-31
XO.TIN2.02,XO,TIN2,2.0,"BHE,BHZ,BHN",14.995033,145.612961,133.0,2003-05-15,2004-12-31
XO.TIN3.01,XO,TIN3,1.0,"BHE,BHZ,BHN",14.960391,145.64119,110.0,2003-05-15,2004-12-31
XO.UCON.,XO,UCON,,"BHE,BHZ,BHN",41.794327,-72.225502,166.0,1998-10-06,1999-02-22
XO.UHRT.,XO,UHRT,,"BHE,BHZ,BHN",41.773418,-72.706619,5.0,1998-10-08,1999-01-13
XO.VASR.,XO,VASR,,"BHE,BHZ,BHN",41.667652,-73.895531,38.0,1997-06-03,1998-10-06
XO.VBV.,XO,VBV,,"EHZ,EH2,EH3",-43.384998,170.679993,1006.0,2010-01-01,2010-05-06
XO.WHB.,XO,WHB,,"EHZ,EH2,EH3",-43.294998,170.412003,102.0,2010-01-01,2010-05-06
XO.WICK.,XO,WICK,,"BHE,BHZ,BHN",42.448067,-74.930061,337.0,1997-07-08,1999-02-21
XO.WIND.,XO,WIND,,"BHE,BHZ,BHN",42.327183,-74.270699,580.0,1997-06-21,1998-10-05
XO.WNQ.,XO,WNQ,,"EHZ,EH2,EH3",-43.181999,170.630997,168.0,2010-01-01,2010-05-06
XO.WP24.,XO,WP24,,"HHN,HHE,HHZ",56.9241,-158.6603,43.0,2018-05-28,2019-12-31
XO.WP25.,XO,WP25,,"HHN,HHE,HHZ",56.453,-159.7563,47.0,2018-05-29,2019-12-31
XO.WP30.,XO,WP30,,"HHN,HHE,HHZ",56.001,-161.2014,41.0,2018-05-29,2019-12-31
XO.WS26.,XO,WS26,,"HHZ,HHE,HNN,HHN,HNZ,HNE",55.9123,-159.1431,36.0,2018-05-28,2019-12-31
XO.WS27.,XO,WS27,,"HHZ,HHE,HNN,HHN,HNZ,HNE",55.2236,-159.9136,41.0,2018-05-24,2019-12-31
XO.WS28.,XO,WS28,,"HHZ,HHE,HNN,HHN,HNZ,HNE",55.0746,-162.2992,45.0,2018-05-31,2019-12-31
XZ.A01.,XZ,A01,,"BHE,BHZ,BHN",44.428799,-124.0494,54.0,1993-03-29,1993-10-20
XZ.A02.,XZ,A02,,"BHE,BHZ,BHN",44.420101,-124.002502,42.0,1993-04-01,1993-10-23
XZ.A03.,XZ,A03,,"BHE,BHZ,BHN",44.423302,-123.947502,437.0,1993-03-30,1993-10-20
XZ.A04.,XZ,A04,,"BHE,BHZ,BHN",44.4291,-123.888,554.0,1993-04-09,1993-10-23
XZ.A05.,XZ,A05,,"BHE,BHZ,BHN",44.426998,-123.851799,594.0,1993-03-29,1993-10-21
XZ.A06.,XZ,A06,,"BHE,BHZ,BHN",44.426899,-123.805199,493.0,1993-03-30,1993-10-24
XZ.A07.,XZ,A07,,"BHE,BHZ,BHN",44.424702,-123.7453,347.0,1993-04-09,1993-10-20
XZ.A08.,XZ,A08,,"BHE,BHZ,BHN",44.4212,-123.700996,789.0,1993-03-27,1993-10-23
XZ.A09.,XZ,A09,,"BHE,BHZ,BHN",44.426201,-123.656898,886.0,1993-03-27,1993-10-20
XZ.A10.,XZ,A10,,"BHE,BHZ,BHN",44.414799,-123.594704,393.0,1993-04-06,1993-10-23
XZ.A11.,XZ,A11,,"BHE,BHZ,BHN",44.4212,-123.539398,140.0,1993-03-26,1993-10-21
XZ.A12.,XZ,A12,,"BHE,BHZ,BHN",44.419601,-123.498398,649.0,1993-03-25,1993-10-23
XZ.A13.,XZ,A13,,"BHE,BHZ,BHN",44.430401,-123.451103,411.0,1993-03-25,1993-11-23
XZ.A14.,XZ,A14,,"BHE,BHZ,BHN",44.425598,-123.400002,216.0,1993-04-13,1993-11-23
XZ.A15.,XZ,A15,,"BHE,BHZ,BHN",44.428501,-123.340797,163.0,1993-03-24,1993-11-23
XZ.A16.,XZ,A16,,"BHE,BHZ,BHN",44.431099,-123.292198,76.0,1993-05-24,1993-11-23
XZ.A17.,XZ,A17,,"BHE,BHZ,BHN",44.433601,-123.241302,76.0,1993-03-24,1993-11-23
XZ.A18.,XZ,A18,,"BHE,BHZ,BHN",44.430698,-123.184601,85.0,1993-03-23,1993-11-23
XZ.A19.,XZ,A19,,"BHE,BHZ,BHN",44.426399,-123.142097,82.0,1993-05-19,1993-11-23
XZ.A20.,XZ,A20,,"BHE,BHZ,BHN",44.424301,-123.093102,85.0,1993-03-25,1994-11-23
XZ.A21.,XZ,A21,,"BHE,BHZ,BHN",44.419701,-123.037903,100.0,1993-03-25,1994-11-23
XZ.A22.,XZ,A22,,"BHE,BHZ,BHN",44.4254,-122.9842,112.0,1993-04-05,1993-11-24
XZ.A23.,XZ,A23,,"BHE,BHZ,BHN",44.427101,-122.944199,252.0,1993-03-26,1993-10-17
XZ.A24.,XZ,A24,,"BHE,BHZ,BHN",44.422401,-122.897797,548.0,1993-04-12,1993-11-24
XZ.A25.,XZ,A25,,"BHE,BHZ,BHN",44.4245,-122.844398,291.0,1993-03-27,1993-11-24
XZ.A26.,XZ,A26,,"BHE,BHZ,BHN",44.4198,-122.800797,100.0,1993-04-07,1993-11-24
XZ.A27.,XZ,A27,,"BHE,BHZ,BHN",44.426899,-122.733398,292.0,1993-04-08,1993-12-01
XZ.A275.,XZ,A275,,"BHE,BHZ,BHN",44.427101,-122.687401,417.0,1993-10-21,1993-12-02
XZ.A28.,XZ,A28,,"BHE,BHZ,BHN",44.4258,-122.641701,350.0,1993-04-13,1993-12-03
XZ.A285.,XZ,A285,,"BHE,BHZ,BHN",44.426102,-122.5951,365.0,1993-10-22,1993-11-30
XZ.A29.,XZ,A29,,"BHE,BHZ,BHN",44.426601,-122.548698,536.0,1993-04-06,1993-12-02
XZ.A295.,XZ,A295,,"BHE,BHZ,BHN",44.422901,-122.499901,633.0,1993-10-22,1993-11-21
XZ.A30.,XZ,A30,,"BHE,BHZ,BHN",44.4245,-122.434402,582.0,1993-04-15,1993-11-21
XZ.A305.,XZ,A305,,"BHE,BHZ,BHN",44.4305,-122.3899,603.0,1993-10-22,1993-11-21
XZ.A31.,XZ,A31,,"BHE,BHZ,BHN",44.4272,-122.338203,990.0,1993-04-23,1993-11-16
XZ.A315.,XZ,A315,,"BHE,BHZ,BHN",44.4338,-122.292198,1176.0,1993-10-23,1993-11-16
XZ.A32.,XZ,A32,,"BHE,BHZ,BHN",44.429199,-122.241096,798.0,1993-04-15,1993-11-30
XZ.A325.,XZ,A325,,"BHE,BHZ,BHN",44.4245,-122.186401,1152.0,1993-10-23,1993-11-21
XZ.A33.,XZ,A33,,"BHE,BHZ,BHN",44.418301,-122.139702,1274.0,1993-04-27,1993-11-21
XZ.A335.,XZ,A335,,"BHE,BHZ,BHN",44.4081,-122.088303,1284.0,1993-10-26,1993-11-21
XZ.A34.,XZ,A34,,"BHE,BHZ,BHN",44.424999,-122.045097,1234.0,1993-05-29,1993-11-21
XZ.A345.,XZ,A345,,"BHE,BHZ,BHN",44.421799,-121.996399,1051.0,1993-10-25,1993-11-21
XZ.A35.,XZ,A35,,"BHE,BHZ,BHN",44.4259,-121.959198,1164.0,1993-03-27,1993-11-21
XZ.A355.,XZ,A355,,"BHE,BHZ,BHN",44.420799,-121.903397,1511.0,1993-10-25,1993-11-16
XZ.A36.,XZ,A36,,"BHE,BHZ,BHN",44.4174,-121.852097,1466.0,1993-08-13,1993-11-16
XZ.A365.,XZ,A365,,"BHE,BHZ,BHN",44.419498,-121.798203,1319.0,1993-10-25,1993-12-02
XZ.A37.,XZ,A37,,"BHE,BHZ,BHN",44.4282,-121.743103,1179.0,1993-04-12,1993-12-15
XZ.A375.,XZ,A375,,"BHE,BHZ,BHN",44.4175,-121.688599,984.0,1993-10-25,1994-04-12
XZ.A38.,XZ,A38,,"BHE,BHZ,BHN",44.416801,-121.6166,1169.0,1993-05-15,1993-12-01
XZ.A385.,XZ,A385,,"BHE,BHZ,BHN",44.415699,-121.5793,1112.0,1993-10-25,1994-04-12
XZ.A39.,XZ,A39,,"BHE,BHZ,BHN",44.4151,-121.537697,1127.0,1993-05-29,1994-02-03
XZ.A395.,XZ,A395,,"BHE,BHZ,BHN",44.409698,-121.490196,999.0,1994-01-29,1994-04-12
XZ.A40.,XZ,A40,,"BHE,BHZ,BHN",44.414501,-121.438797,889.0,1993-05-16,1993-12-01
XZ.A405.,XZ,A405,,"BHE,BHZ,BHN",44.414902,-121.377899,865.0,1994-02-03,1994-04-12
XZ.A41.,XZ,A41,,"BHE,BHZ,BHN",44.415798,-121.341103,880.0,1993-05-16,1994-02-03
XZ.A415.,XZ,A415,,"BHE,BHZ,BHN",44.416599,-121.284798,835.0,1994-02-01,1994-04-12
XZ.A42.,XZ,A42,,"BHE,BHZ,BHN",44.412601,-121.230598,807.0,1993-05-16,1993-12-01
XZ.A425.,XZ,A425,,"BHE,BHZ,BHN",44.4114,-121.182404,612.0,1994-01-30,1994-04-12
XZ.A43.,XZ,A43,,"BHE,BHZ,BHN",44.4118,-121.129501,975.0,1993-05-26,1993-12-01
XZ.A435.,XZ,A435,,"BHE,BHZ,BHN",44.417599,-121.080101,1100.0,1994-01-29,1994-04-12
XZ.A44.,XZ,A44,,"BHE,BHZ,BHN",44.413101,-121.032204,960.0,1993-09-16,1994-02-04
XZ.A445.,XZ,A445,,"BHE,BHZ,BHN",44.419201,-120.979797,1112.0,1994-01-30,1994-04-12
XZ.A455.,XZ,A455,,"BHE,BHZ,BHN",44.419399,-120.898598,1021.0,1994-01-30,1994-04-12
XZ.A465.,XZ,A465,,"BHE,BHZ,BHN",44.412498,-120.783501,1182.0,1994-01-29,1994-04-13
XZ.A475.,XZ,A475,,"BHE,BHZ,BHN",44.422401,-120.669098,1207.0,1994-02-05,1994-04-12
XZ.A485.,XZ,A485,,"BHE,BHZ,BHN",44.416,-120.600502,1234.0,1994-02-05,1994-04-12
XZ.A495.,XZ,A495,,"BHE,BHZ,BHN",44.411499,-120.475502,1289.0,1994-02-03,1994-03-11
XZ.A505.,XZ,A505,,"BHE,BHZ,BHN",44.424099,-120.369598,1365.0,1994-02-04,1994-04-12
XZ.A515.,XZ,A515,,"BHE,BHZ,BHN",44.425201,-120.298401,1548.0,1994-02-07,1994-04-13
XZ.BAGL.,XZ,BAGL,,"BHE,BHZ,BHN",60.489601,-142.091507,1470.0,2005-07-01,2012-12-30
XZ.BARK.,XZ,BARK,,"BHE,BHZ,BHN",60.403,-142.493103,1389.6,2005-07-01,2012-12-30
XZ.BARN.,XZ,BARN,,"BHE,BHZ,BHN",61.059502,-141.662094,1915.0,2006-07-16,2012-12-30
XZ.BERG.,XZ,BERG,,"BHE,BHZ,BHN",60.3923,-143.703796,474.0,2005-07-15,2012-12-30
XZ.BGLC.,XZ,BGLC,,"BHE,BHZ,BHN",60.120499,-143.284103,10.0,2005-07-01,2012-12-30
XZ.ECON.01,XZ,ECON,1.0,"BHZ,BH2,BH3",-77.534546,167.085342,3399.0,1999-12-02,2000-12-31
XZ.EE1S.01,XZ,EE1S,1.0,"BHZ,BH2,BH3",-77.530548,167.140381,3672.0,1999-12-08,2000-12-31
XZ.EHEL.01,XZ,EHEL,1.0,"BHZ,BH2,BH3",-77.505203,167.174896,3320.0,1999-12-05,2000-12-31
XZ.EHUT.01,XZ,EHUT,1.0,"BHZ,BH2,BH3",-77.510635,167.142593,3347.0,1999-12-01,2000-12-31
XZ.ELVA.01,XZ,ELVA,1.0,"BHZ,BH2,BH3",-77.517311,167.150253,3455.0,1999-12-07,2000-12-31
XZ.ENKB.01,XZ,ENKB,1.0,"BHZ,BH2,BH3",-77.522118,167.146713,3572.0,1999-12-06,2000-12-31
XZ.ENOE.01,XZ,ENOE,1.0,"BHZ,BH2,BH3",-77.521614,167.183975,3557.0,1999-12-11,2000-12-31
XZ.EUHT.01,XZ,EUHT,1.0,"BHE,BHZ,BHN",-77.525673,167.137741,3561.0,1999-12-05,2000-12-31
XZ.FR01.,XZ,FR01,,"EHE,EHN,EHZ",36.180759,-75.750092,4.0,2015-10-08,2015-10-16
XZ.FR02.,XZ,FR02,,"EHE,EHN,EHZ",36.180592,-75.750053,4.0,2015-10-08,2015-10-16
XZ.FR03.,XZ,FR03,,"HHN,HHE,HHZ",36.180439,-75.749962,4.0,2015-10-08,2015-10-16
XZ.FR04.,XZ,FR04,,"HHN,HHE,HHZ",36.180229,-75.749863,4.0,2015-10-08,2015-10-16
XZ.FR05.,XZ,FR05,,"HHN,HHE,HHZ",36.180038,-75.749809,4.0,2015-10-08,2015-10-16
XZ.FR06.,XZ,FR06,,"HHN,HHE,HHZ",36.17992,-75.749748,4.0,2015-10-08,2015-10-16
XZ.FR07.,XZ,FR07,,"HHN,HHE,HHZ",36.179729,-75.749657,4.0,2015-10-08,2015-10-16
XZ.GOAT.,XZ,GOAT,,"BHE,BHZ,BHN",60.580502,-144.729202,897.0,2005-07-01,2012-12-30
XZ.GRIN.,XZ,GRIN,,"BHE,BHZ,BHN",60.280499,-143.320999,625.0,2005-07-01,2012-12-30
XZ.GRNC.,XZ,GRNC,,"BHE,BHZ,BHN",60.731499,-141.755798,2116.0,2005-07-01,2012-12-30
XZ.ISLE.,XZ,ISLE,,"BHE,BHZ,BHN",60.602001,-142.341095,1485.0,2005-07-01,2012-12-30
XZ.KHIT.,XZ,KHIT,,"BHE,BHZ,BHN",60.442699,-143.251007,1101.0,2005-07-01,2012-12-30
XZ.KIAG.,XZ,KIAG,,"BHE,BHZ,BHN",60.9231,-142.360703,1773.0,2005-07-01,2012-12-30
XZ.KULT.,XZ,KULT,,"BHE,BHZ,BHN",60.247398,-142.723404,1006.0,2005-07-01,2012-12-30
XZ.LOGN.,XZ,LOGN,,"BHE,BHZ,BHN",60.8241,-141.004807,1665.0,2005-07-01,2012-12-30
XZ.MCAR.,XZ,MCAR,,"BHE,BHZ,BHN",61.383598,-143.024002,447.0,2005-07-01,2012-12-30
XZ.MESA.,XZ,MESA,,"BHE,BHZ,BHN",60.178501,-141.9505,1919.0,2005-07-01,2012-12-30
XZ.NICH.,XZ,NICH,,"BHE,BHZ,BHN",60.236099,-143.969193,507.0,2005-07-01,2012-12-30
XZ.PTPK.,XZ,PTPK,,"BHE,BHZ,BHN",61.187,-142.466995,1933.0,2006-07-12,2012-12-30
XZ.RKAV.,XZ,RKAV,,"BHE,BHZ,BHN",60.2994,-141.347794,1647.0,2005-07-01,2012-12-30
XZ.S01.,XZ,S01,,"BHE,BHZ,BHN",17.027,54.112999,0.0,2003-03-17,2004-03-17
XZ.S02.,XZ,S02,,"BHE,BHZ,BHN",17.125999,53.995998,788.0,2003-03-18,2004-03-18
XZ.S03.,XZ,S03,,"BHE,BHZ,BHN",17.25,54.084,894.0,2003-03-20,2004-03-20
XZ.S04.,XZ,S04,,"BHE,BHZ,BHN",17.444,54.042,608.0,2003-03-19,2004-03-19
XZ.S05.,XZ,S05,,"BHZ,BHN,BHE",17.354,53.967999,680.0,2003-03-19,2004-03-18
XZ.S06.,XZ,S06,,"BHE,BHZ,BHN",17.621,54.050999,480.0,2003-03-22,2004-03-22
XZ.S07.,XZ,S07,,"BHE,BHZ,BHN",17.254999,54.487999,939.0,2003-03-18,2004-03-19
XZ.S08.,XZ,S08,,"BHE,BHZ,BHN",17.113001,54.522999,658.0,2003-03-18,2003-08-25
XZ.S09.,XZ,S09,,"BHE,BHZ,BHN",16.986,54.696999,0.0,2003-03-19,2004-03-19
XZ.S10.,XZ,S10,,"BHE,BHZ,BHN",17.503,54.203999,550.0,2003-03-22,2004-03-22
XZ.S11.,XZ,S11,,"BHE,BHZ,BHN",16.823,53.470001,1010.0,2003-03-19,2004-03-19
XZ.SAMH.,XZ,SAMH,,"BHE,BHZ,BHN",60.129398,-140.782806,1140.0,2005-07-01,2012-12-30
XZ.SPK1.,XZ,SPK1,,"EHE,EHN,EHZ",47.73394,-117.431442,719.0,2001-06-30,2001-07-31
XZ.SPK2.,XZ,SPK2,,"EHE,EHN,EHZ",47.70311,-117.321114,713.0,2001-07-01,2001-07-31
XZ.SPK3.,XZ,SPK3,,"EHE,EHN,EHZ",47.643391,-117.382004,640.0,2001-07-01,2001-07-31
XZ.SPK4.,XZ,SPK4,,"EHE,EHN,EHZ",47.69133,-117.510002,658.0,2001-07-01,2001-07-31
XZ.SPK5.,XZ,SPK5,,"EHE,EHN,EHZ",47.77953,-117.463829,555.0,2001-07-01,2001-07-31
XZ.SUCK.,XZ,SUCK,,"BHE,BHZ,BHN",60.071999,-143.779007,467.0,2005-07-01,2012-12-30
XZ.TABL.,XZ,TABL,,"BHE,BHZ,BHN",60.439899,-141.144302,2050.0,2005-07-01,2012-12-30
XZ.TLM01.,XZ,TLM01,,"EHE,EHN",43.914219,-111.541252,1635.0,2014-08-28,2014-09-06
XZ.VRDI.,XZ,VRDI,,"BHE,BHZ,BHN",61.227501,-143.454498,1880.0,2005-07-01,2012-12-31
XZ.WV01.,XZ,WV01,,"EHE,EHN,EHZ",36.18074,-75.750069,4.0,2015-09-29,2015-10-08
XZ.WV02.,XZ,WV02,,"EHE,EHN,EHZ",36.18066,-75.750023,4.0,2015-09-29,2015-10-08
XZ.WV03.,XZ,WV03,,"EHE,EHN,EHZ",36.18055,-75.75,4.0,2015-09-29,2015-09-30
XZ.WV04.,XZ,WV04,,"HHN,HHE,HHZ",36.180481,-75.749947,4.0,2015-09-29,2015-10-08
XZ.WV05.,XZ,WV05,,"HHN,HHE,HHZ",36.18042,-75.749939,4.0,2015-09-29,2015-10-08
XZ.WV06.,XZ,WV06,,"HHN,HHE,HHZ",36.180321,-75.749878,4.0,2015-09-29,2015-10-08
XZ.WV07.,XZ,WV07,,"HHN,HHE,HHZ",36.180229,-75.749863,4.0,2015-09-29,2015-10-08
XZ.WV08.,XZ,WV08,,"HHN,HHE,HHZ",36.180161,-75.74984,4.0,2015-09-29,2015-10-08
YN.ALCY.,YN,ALCY,,"EHE,EHN,EHZ",33.5074,-116.4686,1756.0,2012-03-23,2026-12-31
YN.BALD.,YN,BALD,,"EHE,EHN,EHZ",33.6811,-116.7416,1570.0,2012-09-24,2026-12-31
YN.BB01.,YN,BB01,,"EHE,EHN,EHZ",33.668701,-116.795799,1173.0,2012-11-15,2014-07-11
YN.BB02.,YN,BB02,,"EHE,EHN,EHZ",33.668999,-116.795403,1167.0,2012-11-15,2014-07-02
YN.BB03.,YN,BB03,,"EHE,EHN,EHZ",33.669102,-116.795303,1165.0,2012-11-15,2014-07-02
YN.BB04.,YN,BB04,,"EHE,EHN,EHZ",33.6693,-116.795097,1165.0,2012-11-15,2014-07-02
YN.BB05.,YN,BB05,,"EHE,EHN,EHZ",33.669498,-116.7948,1169.0,2012-11-15,2014-07-02
YN.BB06.,YN,BB06,,"EHE,EHN,EHZ",33.669701,-116.794601,1177.0,2012-11-15,2014-07-02
YN.BB07.,YN,BB07,,"EHE,EHN,EHZ",33.669998,-116.794601,1180.0,2012-11-15,2014-07-02
YN.BCCC.,YN,BCCC,,"HHZ,HHE,HNN,HHN,HNZ,HNE",33.6469,-116.8107,849.0,2011-11-30,2016-12-24
YN.DW01.,YN,DW01,,"EHE,EHN,EHZ",33.4645,-116.471199,1085.0,2012-03-23,2017-11-03
YN.DW02.,YN,DW02,,"EHE,EHN,EHZ",33.464802,-116.4711,1087.0,2012-03-23,2017-11-03
YN.DW03.,YN,DW03,,"EHE,EHN,EHZ",33.465099,-116.470901,1091.0,2012-03-23,2017-11-03
YN.DW04.,YN,DW04,,"EHE,EHN,EHZ",33.465302,-116.470703,1093.0,2012-03-23,2017-11-03
YN.DW05.,YN,DW05,,"EHE,EHN,EHZ",33.465599,-116.470703,1096.0,2012-03-23,2017-11-03
YN.DW06.,YN,DW06,,"EHE,EHN,EHZ",33.466702,-116.4702,1107.0,2012-03-23,2017-11-03
YN.DW07.,YN,DW07,,"EHE,EHN,EHZ",33.4669,-116.470001,1109.0,2012-03-23,2017-11-03
YN.DW08.,YN,DW08,,"EHE,EHN,EHZ",33.467201,-116.469902,1112.0,2012-03-23,2017-11-03
YN.DW09.,YN,DW09,,"EHE,EHN,EHZ",33.4674,-116.469597,1116.0,2012-03-23,2017-11-03
YN.DW10.,YN,DW10,,"EHE,EHN,EHZ",33.467701,-116.469398,1122.0,2012-03-23,2017-11-03
YN.DW11.,YN,DW11,,"EHE,EHN,EHZ",33.466,-116.470596,1088.0,2014-10-17,2017-11-03
YN.DW12.,YN,DW12,,"EHE,EHN,EHZ",33.4664,-116.470299,1091.0,2014-10-17,2017-11-03
YN.DWRPT.,YN,DWRPT,,"EHE,EHN,EHZ",33.460701,-116.4776,1280.0,2012-03-23,2017-11-03
YN.FOST.,YN,FOST,,"HHN,HHE,HHZ",33.7589,-116.7267,1794.0,2011-11-22,2015-08-26
YN.FREI.02,YN,FREI,2.0,"BHE,BHZ,BHN",-62.194698,-58.9841,37.0,1999-04-05,2001-12-31
YN.GVAR1.,YN,GVAR1,,"HHN,HHE,HHZ",33.6663,-116.7066,1328.0,2012-06-01,2021-06-02
YN.HAMB.02,YN,HAMB,2.0,"BHE,BHZ,BHN",-53.613998,-70.930901,20.0,1999-06-08,2001-12-31
YN.JF00.,YN,JF00,,"HHN,HHE,HHZ",33.423302,-116.402298,660.0,2011-11-08,2016-11-17
YN.JFN1.,YN,JFN1,,"HHN,HHE,HHZ",33.423599,-116.402,657.0,2011-11-08,2016-11-17
YN.JFN2.,YN,JFN2,,"HHN,HHE,HHZ",33.423698,-116.401802,659.0,2011-11-08,2016-11-17
YN.JFN3.,YN,JFN3,,"HHN,HHE,HHZ",33.423901,-116.401604,661.0,2011-11-08,2016-11-17
YN.JFN4.,YN,JFN4,,"HHN,HHE,HHZ",33.424599,-116.400902,667.0,2011-11-08,2016-11-17
YN.JFS1.,YN,JFS1,,"HHN,HHE,HHZ",33.423199,-116.402496,663.0,2011-11-08,2016-11-17
YN.JFS2.,YN,JFS2,,"HHN,HHE,HHZ",33.4231,-116.402603,660.0,2011-11-08,2016-11-17
YN.JFS3.,YN,JFS3,,"HHN,HHE,HHZ",33.422901,-116.402802,657.0,2011-11-08,2016-11-17
YN.JFS4.,YN,JFS4,,"HHN,HHE,HHZ",33.422298,-116.403801,659.0,2011-11-08,2016-11-17
YN.JORD.,YN,JORD,,"HHZ,BHN,HHE,BHZ,HHN,BHE",33.4722,-116.645,1235.0,2011-11-23,2026-12-31
YN.KLCI.,YN,KLCI,,"EHE,EHN,EHZ",33.711899,-116.885902,646.0,2012-12-03,2015-03-07
YN.OHIG.02,YN,OHIG,2.0,"BHE,BHZ,BHN",-63.321201,-57.898201,10.0,1999-01-01,2004-12-30
YN.PARE.02,YN,PARE,2.0,"BHE,BHZ,BHN",-53.130001,-70.888,0.0,2001-01-23,2001-12-31
YN.PETR.,YN,PETR,,"HHN,HHE,HHZ",34.211498,-106.826202,1513.0,2005-09-15,2007-04-20
YN.PRAN.,YN,PRAN,,"HHN,HHE,HHZ",33.657001,-116.591904,1673.0,2012-07-06,2018-11-17
YN.PRAT.02,YN,PRAT,2.0,"BHE,BHZ,BHN",-62.47982,-59.664101,5.0,1999-01-01,2004-12-30
YN.PSPR.,YN,PSPR,,"EHE,EHN,EHZ",33.7061,-116.6544,1617.0,2012-07-18,2023-12-31
YN.RA01.,YN,RA01,,"HNN,HNZ,HNE",33.6063,-116.7005,1467.0,2012-08-09,2026-12-31
YN.RA02.,YN,RA02,,"HNN,HNZ,HNE",33.6067,-116.7002,1470.0,2012-08-09,2026-12-31
YN.RA03.,YN,RA03,,"HNN,HNZ,HNE",33.6069,-116.7,1471.0,2012-08-09,2026-12-31
YN.RA04.,YN,RA04,,"HNN,HNZ,HNE",33.6071,-116.6998,1473.0,2012-08-09,2026-12-31
YN.RA05.,YN,RA05,,"HNN,HNZ,HNE",33.6072,-116.6996,1475.0,2012-08-09,2026-12-31
YN.RA06.,YN,RA06,,"HNN,HNZ,HNE",33.6074,-116.6995,1477.0,2012-08-09,2026-12-31
YN.RA07.,YN,RA07,,"HNN,HNZ,HNE",33.6075,-116.6993,1479.0,2012-08-10,2026-12-31
YN.RA08.,YN,RA08,,"HNN,HNZ,HNE",33.6078,-116.699,1482.0,2012-08-09,2026-12-31
YN.RA09.,YN,RA09,,"HNN,HNZ,HNE",33.6079,-116.6989,1483.0,2012-08-10,2026-12-31
YN.RA10.,YN,RA10,,"HNN,HNZ,HNE",33.608,-116.6987,1485.0,2012-08-09,2026-12-31
YN.RA11.,YN,RA11,,"HNN,HNZ,HNE",33.6083,-116.6984,1489.0,2012-08-09,2026-12-31
YN.RA12.,YN,RA12,,"HNN,HNZ,HNE",33.6094,-116.6972,1502.0,2012-08-09,2026-12-31
YN.RHIL.,YN,RHIL,,"HHN,HHE,HHZ",33.6732,-116.7713,1557.0,2012-08-23,2022-04-12
YN.SFTR.,YN,SFTR,,"HHZ,HHE,HNN,HHN,HNZ,HNE",33.640999,-116.750198,1242.0,2011-10-02,2018-11-16
YN.SGBF0.,YN,SGBF0,,"HNN,HNZ,HNE",33.5397,-116.5917,1434.0,2010-09-29,2026-12-31
YN.SGBFA.,YN,SGBFA,,"HNN,HNZ,HNE",33.5395,-116.5919,1432.0,2010-09-29,2026-12-31
YN.SGBN1.,YN,SGBN1,,"HNN,HNZ,HNE",33.5398,-116.5915,1435.0,2010-09-29,2026-12-31
YN.SGBN2.,YN,SGBN2,,"HNN,HNZ,HNE",33.5399,-116.5912,1439.0,2010-09-29,2026-12-31
YN.SGBS1.,YN,SGBS1,,"HNN,HNZ,HNE",33.5395,-116.5919,1432.0,2010-09-29,2026-12-31
YN.SGBS2.,YN,SGBS2,,"HNN,HNZ,HNE",33.5394,-116.5922,1431.0,2010-09-29,2026-12-31
YN.SGBS3.,YN,SGBS3,,"HHZ,HHE,HNN,HHN,HNZ,HNE",33.5393,-116.5926,1430.0,2010-09-29,2026-12-31
YN.SJR.,YN,SJR,,"EHE,EHN,EHZ",33.742001,-116.866997,556.0,2012-07-18,2015-03-07
YN.SNKE.,YN,SNKE,,"HHN,HHE,HHZ",34.254501,-106.969498,1567.7,2005-10-15,2007-04-20
YN.SROS.,YN,SROS,,"EHE,EHN,EHZ",33.5255,-116.5179,1493.0,2013-03-01,2023-12-31
YN.ST01.,YN,ST01,,"HHN,HHE,HHZ",39.279701,-106.276497,3120.0,2008-06-25,2008-12-31
YN.ST02.,YN,ST02,,"HHN,HHE,HHZ",39.279202,-106.274597,3145.0,2008-06-25,2008-12-31
YN.ST03.,YN,ST03,,"HHN,HHE,HHZ",39.278999,-106.273804,3130.0,2008-06-25,2008-12-31
YN.ST04.,YN,ST04,,"HHN,HHE,HHZ",39.278702,-106.273003,3185.0,2008-06-25,2008-12-31
YN.ST05.,YN,ST05,,"HHN,HHE,HHZ",39.278301,-106.272102,3210.0,2008-06-26,2008-12-31
YN.ST06.,YN,ST06,,"HHN,HHE,HHZ",39.2808,-106.279602,3067.0,2008-06-26,2008-12-31
YN.ST07.,YN,ST07,,"HHN,HHE,HHZ",39.280899,-106.278099,3082.0,2008-06-26,2008-12-31
YN.ST08.,YN,ST08,,"HHN,HHE,HHZ",39.2803,-106.276802,3085.0,2008-06-26,2008-12-31
YN.ST09.,YN,ST09,,"HHN,HHE,HHZ",39.276199,-106.283203,2973.0,2008-06-26,2008-12-31
YN.ST10.,YN,ST10,,"HHN,HHE,HHZ",39.276901,-106.283699,3045.0,2008-06-26,2008-12-31
YN.ST11.,YN,ST11,,"HHN,HHE,HHZ",39.277802,-106.284401,3045.0,2008-06-26,2008-12-31
YN.ST111.,YN,ST111,,"HHN,HHE,HHZ",39.277901,-106.2845,3045.0,2008-06-26,2008-12-31
YN.ST113.,YN,ST113,,"HHN,HHE,HHZ",39.278,-106.2845,3045.0,2008-06-26,2008-12-31
YN.ST116.,YN,ST116,,"HHN,HHE,HHZ",39.278301,-106.284698,3045.0,2008-06-26,2008-12-31
YN.ST12.,YN,ST12,,"HHN,HHE,HHZ",39.278599,-106.285004,3045.0,2008-06-26,2008-12-31
YN.ST13.,YN,ST13,,"HHN,HHE,HHZ",39.279301,-106.2854,3045.0,2008-06-26,2008-12-31
YN.ST14.,YN,ST14,,"HHN,HHE,HHZ",39.280602,-106.286301,3055.0,2008-06-27,2008-12-31
YN.ST15.,YN,ST15,,"HHN,HHE,HHZ",39.2813,-106.287003,3065.0,2008-06-27,2008-12-31
YN.ST16.,YN,ST16,,"HHN,HHE,HHZ",39.282299,-106.287697,3046.0,2008-06-27,2008-12-31
YN.ST17.,YN,ST17,,"HHN,HHE,HHZ",39.283199,-106.2883,3090.0,2008-06-27,2008-12-31
YN.TFRD.,YN,TFRD,,"HHZ,BHN,HHE,BHZ,HHN,BHE",33.4948,-116.6022,1000.0,2012-12-12,2022-04-12
YN.TR01.,YN,TR01,,"HHN,HHE,HHZ",33.422901,-116.413498,774.0,2011-11-08,2017-11-02
YN.TR02.,YN,TR02,,"HHN,HHE,HHZ",33.418301,-116.416801,770.0,2011-11-08,2017-11-02
YN.TR03.,YN,TR03,,"HHN,HHE,HHZ",33.4095,-116.423302,739.0,2011-11-08,2017-11-02
YN.TR04.,YN,TR04,,"HHN,HHE,HHZ",33.3988,-116.426003,774.0,2011-11-08,2017-11-02
YN.WRDG.,YN,WRDG,,"HHN,HHE,HHZ",33.7312,-116.727,1599.0,2012-07-06,2021-06-30
YO.ALBT.,YO,ALBT,,"HHN,HHE,HHZ",-39.150261,174.125565,210.0,2002-02-21,2002-10-01
YO.ALBT4.,YO,ALBT4,,"BHE,BHZ,BHN",-39.150261,174.125565,210.0,2001-10-01,2002-01-31
YO.AOTT.,YO,AOTT,,"HHN,HHE,HHZ",-39.249882,174.803894,120.0,2002-06-06,2002-10-01
YO.B1.01,YO,B1,1.0,"BHE,BHZ,BHN",12.6321,-86.021301,434.6,2003-08-15,2006-12-31
YO.B3.01,YO,B3,1.0,"BHE,BHZ,BHN",12.2064,-85.422401,156.3,2003-08-15,2006-12-31
YO.B4.01,YO,B4,1.0,"BHE,BHZ,BHN",11.8812,-85.121803,107.0,2003-08-15,2006-12-31
YO.B5.01,YO,B5,1.0,"BHE,BHZ,BHN",11.5135,-84.835503,62.0,2003-08-15,2006-12-31
YO.BAYT.,YO,BAYT,,"HHN,HHE,HHZ",-39.248638,173.776047,14.0,2002-02-21,2002-05-16
YO.BAYT1.,YO,BAYT1,,"HHN,HHE,HHZ",-39.250511,173.776566,14.0,2002-05-16,2002-10-01
YO.BAYT4.,YO,BAYT4,,"BHE,BHZ,BHN",-39.248638,173.776047,14.0,2001-10-01,2002-02-01
YO.BEAV.,YO,BEAV,,"HHN,HHE,HHZ",60.17981,-125.068428,487.0,2016-06-21,2025-12-31
YO.BRET.,YO,BRET,,"HHN,HHE,HHZ",-39.319302,174.482086,240.0,2002-04-17,2002-10-01
YO.BROT.,YO,BROT,,"HHN,HHE,HHZ",-38.992378,174.194016,5.0,2002-04-05,2002-10-01
YO.C12.01,YO,C12,1.0,"BHE,BHZ,BHN",11.6901,-84.362297,238.0,2003-08-15,2006-12-31
YO.C12B.01,YO,C12B,1.0,"BHE,BHZ,BHN",11.6946,-84.367104,238.0,2005-11-08,2006-12-31
YO.C13.01,YO,C13,1.0,"BHE,BHZ,BHN",11.9936,-83.771896,37.2,2003-08-15,2006-12-31
YO.CABA.01,YO,CABA,1.0,"BHE,BHZ,BHN",10.2361,-85.343399,42.3,2003-07-15,2006-12-31
YO.CANO.01,YO,CANO,1.0,"BHE,BHZ,BHN",10.8978,-84.797302,72.6,2003-07-15,2006-12-31
YO.CAPT.,YO,CAPT,,"HHN,HHE,HHZ",-39.283699,173.777145,40.0,2002-03-20,2002-10-01
YO.CART.,YO,CART,,"HHN,HHE,HHZ",-39.191139,174.014755,451.0,2002-04-16,2002-07-19
YO.CART1.,YO,CART1,,"HHN,HHE,HHZ",-39.191139,174.014755,451.0,2002-07-19,2002-10-01
YO.CHET.,YO,CHET,,"HHN,HHE,HHZ",-39.40197,174.34584,232.0,2002-03-22,2002-10-01
YO.CHPH.,YO,CHPH,,"BHE,BHZ,BHN",35.259899,-75.548302,3.0,2014-05-13,2015-06-30
YO.CLMT.,YO,CLMT,,"HHN,HHE,HHZ",-39.36673,174.240219,355.0,2002-03-22,2002-04-16
YO.CLMT1.,YO,CLMT1,,"HHN,HHE,HHZ",-39.36673,174.240219,355.0,2002-04-16,2002-10-01
YO.COLI.01,YO,COLI,1.0,"BHE,BHZ,BHN",10.6676,-85.203102,445.7,2003-07-15,2006-12-31
YO.COVE.01,YO,COVE,1.0,"BHE,BHZ,BHN",10.7189,-84.4002,109.6,2003-07-15,2006-12-31
YO.CROT.,YO,CROT,,"HHN,HHE,HHZ",-39.064678,174.243073,100.0,2002-06-04,2002-10-01
YO.CRUP.01,YO,CRUP,1.0,"BHE,BHZ,BHN",10.5017,-85.124702,192.1,2003-07-15,2006-12-31
YO.CURT.,YO,CURT,,"HHN,HHE,HHZ",-39.30479,174.121536,860.0,2002-03-02,2002-10-01
YO.DONT.,YO,DONT,,"HHN,HHE,HHZ",-39.21756,174.464172,131.0,2002-04-06,2002-10-01
YO.DOVT.,YO,DOVT,,"HHN,HHE,HHZ",-39.194489,173.905945,122.0,2002-03-20,2002-10-01
YO.DURT.,YO,DURT,,"HHN,HHE,HHZ",-39.190689,174.200134,260.0,2002-06-04,2002-10-01
YO.ECHS.,YO,ECHS,,"BHE,BHZ,BHN",34.7817,-76.630501,1.0,2014-05-14,2015-06-30
YO.EDUT.,YO,EDUT,,"HHN,HHE,HHZ",-39.239578,174.160477,437.0,2002-03-22,2002-05-12
YO.EDUT1.,YO,EDUT1,,"HHN,HHE,HHZ",-39.239578,174.160477,437.0,2002-05-12,2002-06-20
YO.EDUT2.,YO,EDUT2,,"HHN,HHE,HHZ",-39.239578,174.160477,437.0,2002-06-20,2002-10-01
YO.EDUT4.,YO,EDUT4,,"BHE,BHZ,BHN",-39.239578,174.160477,437.0,2001-10-01,2002-01-31
YO.F1.01,YO,F1,1.0,"BHE,BHZ,BHN",12.7247,-87.096397,138.5,2003-08-15,2006-12-31
YO.F2.01,YO,F2,1.0,"BHE,BHZ,BHN",12.4967,-86.852501,144.4,2003-08-15,2006-12-31
YO.F3.01,YO,F3,1.0,"BHE,BHZ,BHN",12.0637,-86.419403,249.6,2003-08-15,2006-12-31
YO.F4.01,YO,F4,1.0,"BHE,BHZ,BHN",11.8426,-86.255302,528.9,2003-08-15,2006-12-31
YO.F5.01,YO,F5,1.0,"BHE,BHZ,BHN",11.5821,-86.018898,106.8,2003-08-15,2006-12-31
YO.F6.01,YO,F6,1.0,"BHE,BHZ,BHN",11.3652,-85.8209,74.1,2003-08-15,2006-12-31
YO.FFMS.,YO,FFMS,,"BHE,BHZ,BHN",36.003101,-75.667999,3.0,2014-05-13,2015-06-30
YO.FINA.01,YO,FINA,1.0,"BHE,BHZ,BHN",10.4338,-85.208298,44.5,2003-07-15,2006-12-31
YO.GRAT.,YO,GRAT,,"HHN,HHE,HHZ",-39.190689,173.820648,20.0,2002-03-20,2002-10-01
YO.HDC5.01,YO,HDC5,1.0,"SHE,BHN,SHN,BHZ,SHZ,BHE",10.002,-84.112,1154.0,2003-06-01,2006-12-31
YO.HOLT.,YO,HOLT,,"HHN,HHE,HHZ",-39.428532,174.562881,280.0,2002-03-02,2002-10-01
YO.HOLT4.,YO,HOLT4,,"BHE,BHZ,BHN",-39.428532,174.562881,280.0,2001-10-01,2002-01-31
YO.INGT.,YO,INGT,,"HHN,HHE,HHZ",-39.600121,174.462402,255.0,2002-04-17,2002-10-01
YO.INST.,YO,INST,,"HHN,HHE,HHZ",-39.539822,174.179077,75.0,2002-04-05,2002-10-01
YO.IRZU.01,YO,IRZU,1.0,"BHE,BHZ,BHN",9.8975,-83.838501,1811.5,2003-07-15,2006-12-31
YO.KAHT.,YO,KAHT,,"HHN,HHE,HHZ",-39.33197,173.835648,108.0,2002-03-02,2002-07-30
YO.KELT.,YO,KELT,,"HHN,HHE,HHZ",-39.092442,174.251205,118.0,2002-03-23,2002-05-10
YO.KELT1.,YO,KELT1,,"HHN,HHE,HHZ",-39.092442,174.251205,118.0,2002-05-10,2002-10-01
YO.KERT.,YO,KERT,,"HHN,HHE,HHZ",-39.092331,174.250473,123.0,2002-05-16,2002-10-01
YO.KIIT.,YO,KIIT,,"HHN,HHE,HHZ",-39.387508,174.007965,335.0,2002-03-21,2002-05-13
YO.KIIT1.,YO,KIIT1,,"HHN,HHE,HHZ",-39.387508,174.007965,335.0,2002-05-13,2002-07-29
YO.KOTA.,YO,KOTA,,"HHN,HHE,HHZ",60.130081,-124.052696,386.0,2016-06-21,2025-12-31
YO.LGLT.,YO,LGLT,,"HHN,HHE,HHZ",-39.509548,174.1147,111.0,2002-03-22,2002-07-16
YO.LHUT.,YO,LHUT,,"HHN,HHE,HHZ",-39.44508,174.241455,210.0,2002-03-22,2002-10-01
YO.LIHT.,YO,LIHT,,"HHN,HHE,HHZ",-39.419029,173.893265,95.0,2002-03-21,2002-10-01
YO.LIRD.,YO,LIRD,,"HHN,HHE,HHZ",59.40976,-126.098633,439.0,2016-06-11,2025-12-31
YO.LMRT.,YO,LMRT,,"HHN,HHE,HHZ",-39.149681,174.072037,220.0,2002-03-19,2002-05-13
YO.LMRT1.,YO,LMRT1,,"HHN,HHE,HHZ",-39.149681,174.072037,220.0,2002-05-13,2002-10-01
YO.LMUT.,YO,LMUT,,"HHN,HHE,HHZ",-39.335892,174.117157,712.0,2002-04-18,2002-05-12
YO.LMUT1.,YO,LMUT1,,"HHN,HHE,HHZ",-39.335892,174.117157,712.0,2002-05-12,2002-10-01
YO.LSOL.01,YO,LSOL,1.0,"BHE,BHZ,BHN",10.2817,-84.842796,1075.0,2003-07-15,2006-12-31
YO.LTET.,YO,LTET,,"HHN,HHE,HHZ",-39.492371,174.210266,158.0,2002-06-05,2002-10-01
YO.LUGT.,YO,LUGT,,"HHN,HHE,HHZ",-39.14711,173.937393,132.0,2002-02-21,2002-10-01
YO.LUGT4.,YO,LUGT4,,"BHE,BHZ,BHN",-39.147079,173.937241,113.0,2001-10-01,2002-01-09
YO.LUGT5.,YO,LUGT5,,"BHE,BHZ,BHN",-39.14711,173.937393,132.0,2002-01-19,2002-02-01
YO.LWHT.,YO,LWHT,,"HHN,HHE,HHZ",-39.466549,174.071777,179.0,2002-03-21,2002-10-01
YO.MAGT.,YO,MAGT,,"HHN,HHE,HHZ",-39.336079,174.609634,180.0,2002-04-06,2002-10-01
YO.MANS.01,YO,MANS,1.0,"BHE,BHZ,BHN",10.0985,-85.381104,118.8,2004-08-11,2006-12-31
YO.MATT.,YO,MATT,,"HHN,HHE,HHZ",-39.13797,174.568604,140.0,2002-02-22,2002-04-16
YO.MATT1.,YO,MATT1,,"HHN,HHE,HHZ",-39.13797,174.568604,140.0,2002-04-16,2002-10-01
YO.MATT4.,YO,MATT4,,"BHE,BHZ,BHN",-39.13797,174.568604,140.0,2001-10-01,2002-01-31
YO.MGA1.01,YO,MGA1,1.0,"BHE,BHZ,BHN",12.149,-86.248299,86.0,2003-08-15,2006-12-31
YO.MGA2.01,YO,MGA2,1.0,"BHE,BHZ,BHN",12.149,-86.248299,86.0,2003-08-15,2006-12-31
YO.MNAT.,YO,MNAT,,"HHN,HHE,HHZ",-39.334862,173.900635,215.0,2002-02-20,2002-10-01
YO.MNGT.,YO,MNGT,,"HHN,HHE,HHZ",-39.203781,174.055374,530.0,2002-04-05,2002-10-01
YO.MOKT.,YO,MOKT,,"HHN,HHE,HHZ",-38.96883,174.57547,125.0,2002-02-20,2002-06-18
YO.MOKT1.,YO,MOKT1,,"HHN,HHE,HHZ",-38.96883,174.57547,125.0,2002-06-18,2002-10-01
YO.MOKT4.,YO,MOKT4,,"BHE,BHZ,BHN",-38.96883,174.57547,125.0,2001-10-01,2002-02-01
YO.MPUT.,YO,MPUT,,"HHN,HHE,HHZ",-39.23946,173.889496,193.0,2002-03-03,2002-10-01
YO.MROT.,YO,MROT,,"HHN,HHE,HHZ",-39.42046,174.125565,295.0,2002-02-22,2002-05-15
YO.MROT1.,YO,MROT1,,"HHN,HHE,HHZ",-39.42046,174.125565,295.0,2002-05-15,2002-10-01
YO.MROT4.,YO,MROT4,,"BHE,BHZ,BHN",-39.42046,174.125565,295.0,2001-10-01,2002-02-01
YO.MTET.,YO,MTET,,"HHN,HHE,HHZ",-39.41563,174.48642,149.0,2002-04-18,2002-05-16
YO.MTET1.,YO,MTET1,,"HHN,HHE,HHZ",-39.41563,174.48642,149.0,2002-05-16,2002-10-01
YO.N1.01,YO,N1,1.0,"BHE,BHZ,BHN",12.1552,-86.749901,23.6,2003-08-15,2006-12-31
YO.N10.01,YO,N10,1.0,"BHE,BHZ,BHN",12.9992,-86.267502,620.4,2003-08-15,2006-12-31
YO.N11.01,YO,N11,1.0,"BHE,BHZ,BHN",13.1963,-86.130402,1098.5,2003-08-15,2006-12-31
YO.N12.01,YO,N12,1.0,"BHE,BHZ,BHN",13.3854,-86.081001,803.5,2003-08-15,2006-12-31
YO.N13.01,YO,N13,1.0,"BHE,BHZ,BHN",13.574,-85.8526,524.3,2003-08-15,2006-12-31
YO.N2.01,YO,N2,1.0,"BHE,BHZ,BHN",12.2329,-86.701302,46.7,2003-08-15,2006-12-31
YO.N3.01,YO,N3,1.0,"BHE,BHZ,BHN",12.3069,-86.644699,68.3,2003-08-15,2006-12-31
YO.N4.01,YO,N4,1.0,"BHE,BHZ,BHN",12.4008,-86.620796,64.5,2003-08-15,2006-12-31
YO.N5.01,YO,N5,1.0,"BHE,BHZ,BHN",12.5113,-86.594002,105.7,2003-08-15,2006-12-31
YO.N6.01,YO,N6,1.0,"BHE,BHZ,BHN",12.5658,-86.532402,107.5,2003-08-15,2006-12-31
YO.N7.01,YO,N7,1.0,"BHE,BHZ,BHN",12.6358,-86.494202,78.6,2003-08-15,2006-12-31
YO.N8.01,YO,N8,1.0,"BHE,BHZ,BHN",12.7007,-86.417297,141.2,2003-08-15,2006-12-31
YO.N9.01,YO,N9,1.0,"BHE,BHZ,BHN",12.7869,-86.373703,166.4,2003-08-15,2006-12-31
YO.NGAT.,YO,NGAT,,"HHN,HHE,HHZ",-39.243179,174.113861,590.0,2002-03-01,2002-06-20
YO.NGAT1.,YO,NGAT1,,"HHN,HHE,HHZ",-39.243179,174.113861,590.0,2002-06-20,2002-10-01
YO.NOPT.,YO,NOPT,,"HHN,HHE,HHZ",-38.948559,174.486267,110.0,2002-04-16,2002-10-01
YO.NOWT.,YO,NOWT,,"HHN,HHE,HHZ",-39.614109,174.286407,84.0,2002-03-23,2002-10-01
YO.OAOT.,YO,OAOT,,"HHN,HHE,HHZ",-39.321972,173.998444,587.0,2002-05-14,2002-10-01
YO.OMUT.,YO,OMUT,,"HHN,HHE,HHZ",-39.536678,174.014694,65.0,2002-03-22,2002-10-01
YO.OPUT.,YO,OPUT,,"HHN,HHE,HHZ",-39.412182,173.838196,45.0,2002-06-05,2002-10-01
YO.OTOT.,YO,OTOT,,"HHN,HHE,HHZ",-39.69669,174.480865,113.0,2002-03-02,2002-10-01
YO.OTOT4.,YO,OTOT4,,"BHE,BHZ,BHN",-39.69669,174.480865,113.0,2001-10-01,2002-01-31
YO.PALM.01,YO,PALM,1.0,"BHE,BHZ,BHN",10.56,-85.076401,294.7,2003-07-15,2006-12-31
YO.PIKT.,YO,PIKT,,"HHN,HHE,HHZ",-39.067089,174.461945,40.0,2002-04-16,2002-06-18
YO.PIKT1.,YO,PIKT1,,"HHN,HHE,HHZ",-39.067089,174.461945,40.0,2002-06-18,2002-10-01
YO.PITT.,YO,PITT,,"HHN,HHE,HHZ",-39.07029,174.134796,70.0,2002-03-03,2002-10-01
YO.PLST.,YO,PLST,,"HHN,HHE,HHZ",-39.103989,173.999023,75.0,2002-03-20,2002-07-29
YO.PLST1.,YO,PLST1,,"HHN,HHE,HHZ",-39.103989,173.999023,75.0,2002-07-29,2002-10-01
YO.PUCA.01,YO,PUCA,1.0,"BHE,BHZ,BHN",10.3327,-85.260002,40.7,2003-07-15,2006-12-31
YO.PUET.,YO,PUET,,"HHN,HHE,HHZ",-39.511009,173.912613,41.0,2002-02-22,2002-10-01
YO.PUET4.,YO,PUET4,,"BHE,BHZ,BHN",-39.511009,173.912613,41.0,2001-10-01,2002-02-01
YO.PUFT.,YO,PUFT,,"HHN,HHE,HHZ",-39.287361,174.084076,1460.0,2002-04-04,2002-05-14
YO.PUFT1.,YO,PUFT1,,"HHN,HHE,HHZ",-39.287361,174.084076,1460.0,2002-05-14,2002-10-01
YO.PUKT.,YO,PUKT,,"HHN,HHE,HHZ",-39.03709,174.585297,152.0,2002-04-16,2002-06-18
YO.PUKT1.,YO,PUKT1,,"HHN,HHE,HHZ",-39.03709,174.585297,152.0,2002-06-18,2002-10-01
YO.PUNT.,YO,PUNT,,"HHN,HHE,HHZ",-39.285782,174.024353,972.0,2002-05-13,2002-10-01
YO.QUEG.01,YO,QUEG,1.0,"BHE,BHZ,BHN",10.8361,-85.507698,290.1,2003-07-15,2006-12-31
YO.RATT.,YO,RATT,,"HHN,HHE,HHZ",-39.22842,174.333557,215.0,2002-06-04,2002-10-01
YO.RITO.01,YO,RITO,1.0,"BHE,BHZ,BHN",10.7733,-84.930496,144.3,2003-07-15,2006-12-31
YO.RUGT.,YO,RUGT,,"HHN,HHE,HHZ",-39.193539,174.25975,220.0,2002-03-22,2002-04-17
YO.RUGT1.,YO,RUGT1,,"HHN,HHE,HHZ",-39.193539,174.25975,220.0,2002-04-17,2002-10-01
YO.SAUT.,YO,SAUT,,"HHN,HHE,HHZ",-39.249241,173.943817,330.0,2002-04-15,2002-10-01
YO.SONZ.01,YO,SONZ,1.0,"BHE,BHZ,BHN",11.1152,-85.6073,148.0,2003-07-15,2006-12-31
YO.STAT.,YO,STAT,,"HHN,HHE,HHZ",-39.317291,174.352325,230.0,2002-02-22,2002-05-15
YO.STAT1.,YO,STAT1,,"HHN,HHE,HHZ",-39.317291,174.352325,230.0,2002-05-15,2002-10-01
YO.STAT4.,YO,STAT4,,"BHE,BHZ,BHN",-39.317291,174.352325,230.0,2001-10-01,2002-02-01
YO.TABL.01,YO,TABL,1.0,"BHE,BHZ,BHN",11.0751,-84.696602,67.6,2003-07-15,2006-12-31
YO.TAVT.,YO,TAVT,,"HHN,HHE,HHZ",-39.509369,174.46022,90.0,2002-04-04,2002-10-01
YO.TBAG.,YO,TBAG,,"HHN,HHE,HHZ",-1.43428,-78.487602,2372.0,2009-06-09,2009-06-21
YO.TBUG.,YO,TBUG,,"HHN,HHE,HHZ",-1.43384,-78.488937,2334.0,2009-06-11,2009-06-21
YO.TENO.01,YO,TENO,1.0,"BHE,BHZ,BHN",10.7036,-84.977303,651.0,2003-07-15,2006-12-31
YO.TESU.01,YO,TESU,1.0,"BHE,BHZ,BHN",10.6335,-85.034897,771.9,2003-05-01,2006-12-31
YO.TGRS.,YO,TGRS,,"HHN,HHE,HHZ",-1.43337,-78.487648,2367.0,2009-06-12,2009-06-21
YO.TIDE.,YO,TIDE,,"HHN,HHE,HHZ",59.972198,-139.545807,25.0,2010-05-17,2011-10-01
YO.TIRT.,YO,TIRT,,"HHN,HHE,HHZ",-39.514709,174.333267,120.0,2002-02-22,2002-10-01
YO.TIRT4.,YO,TIRT4,,"BHE,BHZ,BHN",-39.514709,174.333267,120.0,2001-10-01,2002-02-01
YO.TISM.01,YO,TISM,1.0,"BHE,BHZ,BHN",12.1128,-86.066498,114.0,2004-05-01,2006-12-31
YO.TLAV.,YO,TLAV,,"HHN,HHE,HHZ",-1.43264,-78.487419,2368.0,2009-06-12,2009-06-21
YO.TLEF.,YO,TLEF,,"HHN,HHE,HHZ",-1.43472,-78.488426,2314.0,2009-06-09,2009-06-21
YO.TMAR.,YO,TMAR,,"HHN,HHE,HHZ",-1.43515,-78.487488,2370.0,2009-06-12,2009-06-21
YO.TOAD.,YO,TOAD,,"HHN,HHE,HHZ",58.849941,-125.233337,690.0,2016-06-13,2025-12-31
YO.TOET.,YO,TOET,,"HHN,HHE,HHZ",-39.134548,174.356674,100.0,2002-02-22,2002-04-16
YO.TOET1.,YO,TOET1,,"HHN,HHE,HHZ",-39.134548,174.356674,100.0,2002-04-16,2002-07-25
YO.TOET2.,YO,TOET2,,"HHN,HHE,HHZ",-39.134548,174.356674,100.0,2002-07-25,2002-10-01
YO.TOET4.,YO,TOET4,,"BHE,BHZ,BHN",-39.134548,174.356674,100.0,2001-10-01,2002-01-31
YO.TORT.,YO,TORT,,"HHN,HHE,HHZ",-39.13763,174.453171,155.0,2002-06-04,2002-10-01
YO.TREX.,YO,TREX,,"HHN,HHE,HHZ",-1.4343,-78.486641,2404.0,2009-06-11,2009-06-20
YO.TURT.,YO,TURT,,"HHN,HHE,HHZ",-39.366772,173.837082,70.0,2002-03-21,2002-05-11
YO.TURT1.,YO,TURT1,,"HHN,HHE,HHZ",-39.366772,173.837082,70.0,2002-05-11,2002-07-30
YO.UMWT.,YO,UMWT,,"HHN,HHE,HHZ",-39.393108,174.084045,410.0,2002-03-02,2002-10-01
YO.UNET.,YO,UNET,,"HHN,HHE,HHZ",-39.285431,173.942688,360.0,2002-02-22,2002-05-15
YO.UNET1.,YO,UNET1,,"HHN,HHE,HHZ",-39.285431,173.942688,360.0,2002-05-15,2002-07-16
YO.UNET2.,YO,UNET2,,"HHN,HHE,HHZ",-39.285431,173.942688,360.0,2002-07-16,2002-10-01
YO.UNET4.,YO,UNET4,,"BHE,BHZ,BHN",-39.285431,173.942688,360.0,2001-10-01,2002-02-01
YO.UNGT.,YO,UNGT,,"HHN,HHE,HHZ",-39.330849,173.952606,360.0,2002-02-21,2002-10-01
YO.UPHT.,YO,UPHT,,"HHN,HHE,HHZ",-39.286499,173.873566,191.0,2002-06-05,2002-10-01
YO.UROT.,YO,UROT,,"HHN,HHE,HHZ",-39.376591,174.121017,465.0,2002-06-06,2002-10-01
YO.VERA.01,YO,VERA,1.0,"BHE,BHZ,BHN",10.8535,-84.869003,72.3,2003-07-15,2006-12-31
YO.WAGT.,YO,WAGT,,"HHN,HHE,HHZ",-39.336288,174.18631,515.0,2002-06-05,2002-07-27
YO.WAGT1.,YO,WAGT1,,"HHN,HHE,HHZ",-39.336288,174.18631,515.0,2002-07-27,2002-10-01
YO.WAIT.,YO,WAIT,,"HHN,HHE,HHZ",-39.409569,173.945587,175.0,2002-02-22,2002-10-01
YO.WAIT4.,YO,WAIT4,,"BHE,BHZ,BHN",-39.409569,173.945587,175.0,2001-10-01,2002-02-01
YO.WANT.,YO,WANT,,"HHN,HHE,HHZ",-39.449322,173.969025,140.0,2002-04-05,2002-07-29
YO.WAST.,YO,WAST,,"HHN,HHE,HHZ",-38.998791,174.334076,10.0,2002-02-20,2002-10-01
YO.WAST4.,YO,WAST4,,"BHE,BHZ,BHN",-38.99855,174.333755,56.0,2001-10-01,2002-01-08
YO.WAST5.,YO,WAST5,,"BHE,BHZ,BHN",-38.998791,174.334076,48.0,2002-01-17,2002-02-01
YO.WINT.,YO,WINT,,"HHN,HHE,HHZ",-39.576759,174.128265,42.0,2002-03-02,2002-10-01
YO.WINT4.,YO,WINT4,,"BHE,BHZ,BHN",-39.576759,174.128265,42.0,2001-10-01,2002-02-01
YO.WITT.,YO,WITT,,"HHN,HHE,HHZ",-39.389469,173.782776,6.0,2002-02-22,2002-10-01
YO.WITT4.,YO,WITT4,,"BHE,BHZ,BHN",-39.389469,173.782776,6.0,2001-10-01,2002-02-01
YO.YORT.,YO,YORT,,"HHN,HHE,HHZ",-39.281479,174.245499,360.0,2002-04-16,2002-07-28
YO.YORT1.,YO,YORT1,,"HHN,HHE,HHZ",-39.281479,174.245499,360.0,2002-07-28,2002-10-01
YO.ZAPA.01,YO,ZAPA,1.0,"BHE,BHZ,BHN",10.1725,-84.390701,1664.2,2003-07-15,2006-12-31
YR.01.,YR,01,,"HHN,HHE,HHZ",61.982601,-6.74412,23.3,2003-06-05,2003-12-12
YR.02.,YR,02,,"HHN,HHE,HHZ",61.982601,-6.74493,30.4,2003-06-05,2003-12-12
YR.03.,YR,03,,"HHN,HHE,HHZ",61.982498,-6.74592,46.5,2003-06-13,2003-12-12
YR.04.,YR,04,,"HHN,HHE,HHZ",61.9823,-6.74678,55.3,2003-06-13,2003-12-12
YR.05.,YR,05,,"HHN,HHE,HHZ",61.982201,-6.74852,78.7,2003-06-05,2003-12-10
YR.06.,YR,06,,"HHN,HHE,HHZ",61.981899,-6.75033,94.4,2003-06-07,2003-12-10
YR.07.,YR,07,,"HHN,HHE,HHZ",61.981602,-6.75238,114.7,2003-06-07,2003-12-10
YR.08.,YR,08,,"HHN,HHE,HHZ",61.9823,-6.74298,22.5,2003-06-07,2003-12-10
YR.09.,YR,09,,"HHN,HHE,HHZ",61.981899,-6.74255,28.3,2003-06-07,2003-12-10
YR.10.,YR,10,,"HHN,HHE,HHZ",61.981499,-6.74234,30.2,2003-06-07,2003-12-10
YR.100.,YR,100,,"HHN,HHE,HHZ",61.975399,-6.73906,24.4,2003-07-17,2003-12-11
YR.101.,YR,101,,"HHN,HHE,HHZ",61.976799,-6.7397,35.4,2003-07-17,2003-12-11
YR.102.,YR,102,,"HHN,HHE,HHZ",61.977798,-6.73992,30.1,2003-07-17,2003-12-11
YR.103.,YR,103,,"HHN,HHE,HHZ",61.974201,-6.74003,18.0,2003-07-23,2003-12-11
YR.11.,YR,11,,"HHN,HHE,HHZ",61.980598,-6.74286,42.8,2003-06-08,2003-12-11
YR.12.,YR,12,,"HHN,HHE,HHZ",61.980202,-6.74152,47.9,2003-06-08,2003-12-11
YR.13.,YR,13,,"HHN,HHE,HHZ",61.979301,-6.74119,45.2,2003-06-08,2003-12-11
YR.14.,YR,14,,"HHN,HHE,HHZ",61.9786,-6.74074,37.4,2003-06-08,2003-12-11
YR.17.,YR,17,,"HHN,HHE,HHZ",61.982201,-6.74467,36.7,2003-06-19,2003-12-12
YR.20.,YR,20,,"HHN,HHE,HHZ",61.981098,-6.74776,77.0,2003-07-17,2003-12-10
YR.22.,YR,22,,"HHN,HHE,HHZ",61.98,-6.75074,106.9,2003-07-17,2003-12-10
YR.27.,YR,27,,"HHN,HHE,HHZ",61.9804,-6.74604,61.9,2003-07-17,2003-12-12
YR.28.,YR,28,,"HHN,HHE,HHZ",61.982399,-6.74193,17.9,2003-06-16,2003-12-10
YR.29.,YR,29,,"HHN,HHE,HHZ",61.982101,-6.7417,21.3,2003-06-18,2003-12-10
YR.30.,YR,30,,"HHN,HHE,HHZ",61.9823,-6.74329,23.9,2003-06-19,2003-12-10
YR.32.,YR,32,,"HHN,HHE,HHZ",61.9814,-6.74369,37.9,2003-06-19,2003-12-10
YR.33.,YR,33,,"HHN,HHE,HHZ",61.980999,-6.74384,42.3,2003-06-19,2003-12-10
YR.34.,YR,34,,"HHN,HHE,HHZ",61.980099,-6.74398,53.8,2003-06-19,2003-12-10
YR.35.,YR,35,,"HHN,HHE,HHZ",61.981701,-6.74147,31.6,2003-06-14,2003-12-10
YR.36.,YR,36,,"HHN,HHE,HHZ",61.982101,-6.74081,20.5,2003-06-14,2003-12-10
YR.37.,YR,37,,"HHN,HHE,HHZ",61.9818,-6.74043,27.9,2003-06-14,2003-12-10
YR.38.,YR,38,,"HHN,HHE,HHZ",61.982201,-6.73987,17.8,2003-06-16,2003-12-10
YR.39.,YR,39,,"HHN,HHE,HHZ",61.9818,-6.73966,27.6,2003-06-14,2003-12-10
YR.40.,YR,40,,"HHN,HHE,HHZ",61.982498,-6.74113,13.8,2003-06-16,2003-12-10
YR.42.,YR,42,,"HHN,HHE,HHZ",61.983101,-6.74443,20.0,2003-06-17,2003-12-13
YR.43.,YR,43,,"HHN,HHE,HHZ",61.983501,-6.74476,13.1,2003-06-17,2003-12-13
YR.44.,YR,44,,"HHN,HHE,HHZ",61.983002,-6.74531,28.4,2003-06-17,2003-12-13
YR.45.,YR,45,,"HHN,HHE,HHZ",61.983398,-6.74552,24.3,2003-06-17,2003-12-13
YR.46.,YR,46,,"HHN,HHE,HHZ",61.983799,-6.74595,22.5,2003-06-18,2003-12-13
YR.47.,YR,47,,"HHN,HHE,HHZ",61.9828,-6.74634,45.2,2003-06-19,2003-12-13
YR.48.,YR,48,,"HHN,HHE,HHZ",61.983299,-6.74635,34.2,2003-06-17,2003-12-13
YR.49.,YR,49,,"HHN,HHE,HHZ",61.983601,-6.74678,31.8,2003-06-18,2003-12-13
YR.81.,YR,81,,"HHN,HHE,HHZ",61.978199,-6.74249,47.4,2003-07-17,2003-12-11
YR.82.,YR,82,,"HHN,HHE,HHZ",61.978901,-6.74836,96.6,2003-07-17,2003-12-10
YR.99.,YR,99,,"HHN,HHE,HHZ",61.982201,-6.74393,27.6,2003-06-19,2003-12-12
YR.ABAY.,YR,ABAY,,"BHE,BHZ,BHN",12.60455,54.322811,63.0,2005-12-02,2007-01-15
YR.ADHO.,YR,ADHO,,"HHZ,BHN,HHE,BHZ,HHN,BHE",17.242149,54.28455,914.0,2006-01-04,2006-08-28
YR.ASHO.,YR,ASHO,,"BHE,BHZ,BHN",17.24992,54.266041,925.0,2005-09-21,2006-01-04
YR.AYDO.,YR,AYDO,,"BHE,BHZ,BHN",16.98844,53.359852,45.0,2005-09-20,2006-08-28
YR.AYNO.,YR,AYNO,,"HHZ,BHN,HHE,BHZ,HHN,BHE",17.255859,53.89402,864.0,2005-09-23,2006-08-28
YR.BANO.,YR,BANO,,"HHZ,BHN,HHE,BHZ,HHN,BHE",17.688869,54.438431,455.0,2005-09-26,2006-08-28
YR.BURA2.10,YR,BURA2,10.0,"HHN,HHE,HHZ",-43.052063,171.313278,735.0,2008-10-26,2009-10-27
YR.CAMEL.10,YR,CAMEL,10.0,"HHN,HHE,HHZ",-42.874191,170.962158,60.0,2008-10-26,2009-10-27
YR.CASH.10,YR,CASH,10.0,"EHE,EHN,EHZ",-43.184273,171.437729,657.0,2008-10-26,2009-10-26
YR.COTY.,YR,COTY,,"EHE,EHN,EHZ",-43.164963,170.851913,1064.0,2009-10-23,2010-10-12
YR.DAHO.,YR,DAHO,,"HHZ,BHN,HHE,BHZ,HHN,BHE",17.52556,54.351089,542.0,2005-09-26,2006-08-28
YR.DERW.,YR,DERW,,"EHE,EHN,EHZ",-43.106785,171.029587,1141.0,2009-11-01,2010-05-09
YR.DMTO.,YR,DMTO,,"BHE,BHZ,BHN",17.730261,55.073971,437.0,2005-09-22,2006-08-28
YR.ED01.,YR,ED01,,"HHN,HHE,HHZ",42.52636,13.09288,739.0,2016-09-02,2017-12-16
YR.ED02.,YR,ED02,,"HHN,HHE,HHZ",42.603512,12.92884,831.0,2016-08-31,2017-12-16
YR.ED03.,YR,ED03,,"HHN,HHE,HHZ",42.602959,13.19031,1053.0,2016-09-02,2017-12-16
YR.ED04.,YR,ED04,,"HHN,HHE,HHZ",42.574291,13.29717,1303.0,2016-08-30,2017-12-16
YR.ED05.,YR,ED05,,"HHN,HHE,HHZ",42.48349,13.36486,1187.0,2016-08-30,2017-12-16
YR.ED06.,YR,ED06,,"HHN,HHE,HHZ",42.464062,13.22774,925.0,2016-09-01,2017-12-16
YR.ED07.,YR,ED07,,"HHN,HHE,HHZ",42.628208,13.46501,1025.0,2016-08-30,2017-12-16
YR.ED08.,YR,ED08,,"HHN,HHE,HHZ",42.458881,13.0542,1016.0,2016-09-01,2017-12-16
YR.ED09.,YR,ED09,,"HHN,HHE,HHZ",42.800129,13.42367,466.0,2016-08-30,2017-12-16
YR.ED10.,YR,ED10,,"HHN,HHE,HHZ",42.777069,13.14118,822.0,2016-09-02,2017-12-16
YR.ED11.,YR,ED11,,"HHN,HHE,HHZ",42.688438,13.03348,975.0,2016-08-30,2017-12-16
YR.ED12.,YR,ED12,,"HHN,HHE,HHZ",42.80637,12.97723,1127.0,2016-08-30,2017-12-16
YR.ED14.,YR,ED14,,"HHN,HHE,HHZ",42.444881,13.43313,1230.0,2016-08-30,2017-12-16
YR.ED15.,YR,ED15,,"HHN,HHE,HHZ",42.527802,13.55816,1012.0,2016-08-30,2017-12-16
YR.ED16.,YR,ED16,,"HHN,HHE,HHZ",42.837109,13.30708,1039.0,2016-09-03,2017-12-16
YR.ED17.,YR,ED17,,"HHN,HHE,HHZ",42.965851,13.30855,815.0,2016-08-30,2017-12-16
YR.ED18.,YR,ED18,,"HHN,HHE,HHZ",42.991459,13.24325,1355.0,2016-08-30,2017-12-16
YR.ED19.,YR,ED19,,"HHN,HHE,HHZ",42.919621,13.13916,1223.0,2016-08-30,2017-12-16
YR.ED20.,YR,ED20,,"HHN,HHE,HHZ",42.748829,13.435305,892.0,2016-08-30,2017-12-16
YR.ED21.,YR,ED21,,"HHN,HHE,HHZ",43.030071,13.27227,720.0,2016-08-30,2017-12-16
YR.ED22.,YR,ED22,,"HHN,HHE,HHZ",43.006748,13.3252,620.0,2016-08-30,2017-12-16
YR.ED23.,YR,ED23,,"HHN,HHE,HHZ",42.743191,13.2871,1045.0,2016-08-30,2017-12-16
YR.ED24.,YR,ED24,,"HHN,HHE,HHZ",42.65564,13.19232,1104.0,2016-08-30,2017-12-16
YR.ED25.,YR,ED25,,"HHN,HHE,HHZ",42.59877,13.35188,1353.0,2016-08-30,2017-12-16
YR.FBLA2.10,YR,FBLA2,10.0,"EHE,EHN,EHZ",-43.258076,170.778,1233.0,2008-10-30,2009-03-24
YR.GRIF.,YR,GRIF,,"EHE,EHN,EHZ",-43.201973,170.724472,1064.0,2009-10-22,2010-10-12
YR.HADO.,YR,HADO,,"HHZ,BHN,HHE,BHZ,HHN,BHE",17.222891,55.193699,93.0,2005-09-21,2006-08-28
YR.HASO.,YR,HASO,,"BHE,BHZ,BHN",17.49226,55.218979,31.0,2005-09-21,2005-12-31
YR.HATT.10,YR,HATT,10.0,"HHN,HHE,HHZ",-42.91922,170.866486,178.0,2008-10-26,2009-10-27
YR.HAYO.,YR,HAYO,,"BHE,BHZ,BHN",17.183519,53.340069,827.0,2005-09-21,2006-08-28
YR.ISOB.,YR,ISOB,,"EHE,EHN,EHZ",-43.098969,170.81189,1140.0,2009-10-22,2010-10-12
YR.MADO.,YR,MADO,,"HHZ,BHN,HHE,BHZ,HHN,BHE",17.19891,54.381191,829.0,2005-09-25,2006-08-28
YR.MDYO.,YR,MDYO,,"BHE,BHZ,BHN",17.46464,53.358269,574.0,2005-09-21,2006-08-28
YR.MEIN.,YR,MEIN,,"EHE,EHN,EHZ",-43.297447,170.921936,1235.0,2009-10-25,2010-10-12
YR.MIKO.,YR,MIKO,,"EHE,EHN,EHZ",-43.029209,170.936691,1161.0,2009-11-20,2010-10-12
YR.MTHA2.10,YR,MTHA2,10.0,"EHE,EHN,EHZ",-42.894375,171.11084,70.0,2008-10-26,2009-10-27
YR.MUGO.,YR,MUGO,,"HHZ,BHN,HHE,BHZ,HHN,BHE",16.901331,53.774151,42.0,2005-09-27,2006-08-28
YR.NNMO.,YR,NNMO,,"HHZ,BHN,HHE,BHZ,HHN,BHE",17.35607,54.253391,688.0,2005-09-25,2006-08-28
YR.QALY.,YR,QALY,,"BHE,BHZ,BHN",12.695,53.487999,43.0,2005-12-02,2007-01-15
YR.RAHO.,YR,RAHO,,"HHZ,BHN,HHE,BHZ,HHN,BHE",17.056549,53.80698,1177.0,2005-02-09,2006-08-28
YR.SAHO.,YR,SAHO,,"HHZ,BHN,HHE,BHZ,HHN,BHE",17.114269,54.679459,1180.0,2005-09-24,2006-08-28
YR.SHIO.,YR,SHIO,,"HHZ,BHN,HHE,BHZ,HHN,BHE",17.1891,54.16552,552.0,2005-09-21,2006-08-28
YR.SOOO.,YR,SOOO,,"HHZ,BHN,HHE,BHZ,HHN,BHE",17.077271,54.884659,145.0,2005-09-23,2006-08-28
YR.TQHO.,YR,TQHO,,"HHZ,BHN,HHE,BHZ,HHN,BHE",17.063419,54.429569,37.0,2005-09-23,2006-08-28
YR.TUKE.,YR,TUKE,,"EHE,EHN,EHZ",-43.094257,170.896835,1128.0,2009-10-20,2010-10-12
YR.TURI.10,YR,TURI,10.0,"HHN,HHE,HHZ",-42.756981,171.317368,154.0,2008-10-26,2009-10-27
YR.UMAT.10,YR,UMAT,10.0,"EHE,EHN,EHZ",-43.207077,171.136032,735.0,2008-10-30,2010-10-12
YR.UWHI.,YR,UWHI,,"EHE,EHN,EHZ",-43.209309,170.972351,1166.0,2009-11-14,2010-05-09
YR.WANG.10,YR,WANG,10.0,"HHN,HHE,HHZ",-43.161736,170.609924,130.0,2008-10-26,2010-10-09
YR.WANG.,YR,WANG,,"EHE,EHN,EHZ,HHZ",-43.161736,170.609924,130.0,2008-10-26,2010-10-09
YS.ALRB.,YS,ALRB,,"BHZ,BH2,BH1",-8.2194,124.4115,69.0,2014-11-11,2016-12-31
YS.BAOP.,YS,BAOP,,"BHZ,BH2,BH1",-8.4882,123.2696,67.0,2014-10-31,2016-12-31
YS.BIG2.00,YS,BIG2,0.0,"BHE,BHZ,BHN",19.079,-155.772995,582.0,2004-08-20,2007-06-04
YS.BKOR.,YS,BKOR,,"BHZ,BH2,BH1",-8.4868,122.5509,83.0,2014-10-28,2016-12-31
YS.BULE.,YS,BULE,,"BHZ,BH2,BH1",-9.41579,119.30487,67.0,2014-10-23,2016-12-31
YS.BYUH.00,YS,BYUH,0.0,"BHE,BHZ,BHN",21.646,-157.931,23.0,2004-10-28,2006-09-17
YS.CCHM.00,YS,CCHM,0.0,"BHE,BHZ,BHN",20.771,-155.996994,60.0,2004-08-27,2007-06-10
YS.DLAH.00,YS,DLAH,0.0,"BHE,BHZ,BHN",19.601,-154.983002,52.0,2004-08-29,2007-10-18
YS.ENDE.,YS,ENDE,,"BHZ,BH2,BH1",-8.8318,121.6523,159.0,2014-11-03,2016-12-31
YS.GPSS1.01,YS,GPSS1,1.0,"BHE,BHZ,BHN",42.5,-123.370003,800.0,2001-12-20,2003-02-24
YS.GREG.,YS,GREG,,"BHZ,BH2,BH1",-10.8919,122.8225,5.0,2014-10-03,2016-12-31
YS.GUAC.,YS,GUAC,,"BHE,BHZ,BHN",-18.406799,-69.109299,5076.0,2011-04-29,2012-03-22
YS.GUAJ.,YS,GUAJ,,"SHN,SHE,SHZ",-18.356899,-69.179802,4485.0,2011-04-29,2012-03-22
YS.GUAS.,YS,GUAS,,"SHN,SHE,SHZ",-18.493,-69.088097,4458.0,2011-05-01,2012-02-12
YS.GUAW.,YS,GUAW,,"BHE,BHZ,BHN",-18.497499,-69.154099,4250.0,2011-04-29,2012-03-23
YS.HADA.,YS,HADA,,"BHZ,BH2,BH1",-8.3722,123.5454,29.0,2014-11-01,2016-12-31
YS.HPAH.00,YS,HPAH,0.0,"BHE,BHZ,BHN",20.046,-155.710999,775.0,2004-08-31,2007-12-31
YS.IRR1.,YS,IRR1,,"SHN,SHE,SHZ",-20.7386,-68.524597,4313.0,2010-04-19,2011-02-26
YS.IRR2.,YS,IRR2,,"SHN,SHE,SHZ",-20.732201,-68.473396,4154.0,2010-04-19,2011-02-27
YS.ISLE.,YS,ISLE,,"BHE,BHZ,BHN",-19.177601,-68.771599,4302.0,2011-04-30,2012-03-23
YS.ISLG.,YS,ISLG,,"SHN,SHE,SHZ",-19.2293,-68.803596,3921.0,2011-04-30,2012-01-18
YS.ISLI.,YS,ISLI,,"SHN,SHE,SHZ",-19.143999,-68.853401,4739.0,2011-04-30,2012-03-24
YS.ISLW.,YS,ISLW,,"SHN,SHE,SHZ",-19.176901,-68.917999,4185.0,2011-04-30,2012-03-23
YS.KCCH.00,YS,KCCH,0.0,"BHE,BHZ,BHN",21.971001,-159.401001,128.0,2004-10-26,2007-06-06
YS.KPAR.,YS,KPAR,,"BHZ,BH2,BH1",-9.802,119.9462,600.0,2014-10-21,2016-12-31
YS.LEGO.,YS,LEGO,,"BHZ,BH2,BH1",-9.7124,123.9533,889.0,2014-11-19,2016-12-31
YS.LHSM.00,YS,LHSM,0.0,"BHE,BHZ,BHN",20.891001,-156.658005,204.0,2004-08-26,2007-06-09
YS.LMBR.,YS,LMBR,,"BHZ,BH2,BH1",-8.7922,120.6631,205.0,2014-11-06,2016-12-31
YS.MALK.,YS,MALK,,"BHZ,BH2,BH1",-9.5794,124.8743,50.0,2014-10-08,2016-12-31
YS.MELO.,YS,MELO,,"BHZ,BH2,BH1",-9.8698,120.6445,26.0,2014-10-19,2016-12-31
YS.MRKH.00,YS,MRKH,0.0,"BHE,BHZ,BHN",21.108999,-157.270004,143.0,2004-10-30,2007-12-31
YS.MTNG.,YS,MTNG,,"BHZ,BH2,BH1",-8.2969,125.1025,108.0,2014-11-12,2016-12-31
YS.NAPU.,YS,NAPU,,"BHZ,BH2,BH1",-9.3939,119.93,217.0,2014-10-20,2016-12-31
YS.NGOK.00,YS,NGOK,0.0,"BHE,BHZ,BHN",22.122999,-159.664993,1157.0,2004-10-25,2007-06-07
YS.NOMU.,YS,NOMU,,"BHZ,BH2,BH1",-9.5565,124.5051,361.0,2014-10-09,2016-12-31
YS.OGAZ.,YS,OGAZ,,"SHN,SHE,SHZ",-21.3039,-68.1614,4957.0,2010-11-03,2011-02-28
YS.OGCM.,YS,OGCM,,"SHN,SHE,SHZ",-21.318399,-68.174301,5152.0,2010-11-03,2011-02-28
YS.OGEE.,YS,OGEE,,"SHN,SHE,SHZ",-21.3675,-68.083702,4177.0,2010-11-04,2011-02-27
YS.OGRE.,YS,OGRE,,"SHN,SHE,SHZ",-21.2342,-68.1912,3797.0,2010-11-03,2011-02-27
YS.OLC1.,YS,OLC1,,"SHN,SHE,SHZ",-20.9433,-68.465302,5206.0,2010-04-18,2011-02-27
YS.OLC2.,YS,OLC2,,"SHN,SHE,SHZ",-20.992599,-68.367401,4055.0,2010-04-18,2010-05-15
YS.OLC3.,YS,OLC3,,"SHN,SHE,SHZ",-20.8673,-68.460098,3998.0,2010-04-18,2010-10-30
YS.OLC4.,YS,OLC4,,"SHN,SHE,SHZ",-20.857,-68.508797,4043.0,2010-04-18,2010-07-28
YS.OLC5.,YS,OLC5,,"BHE,BHZ,BHN",-21.009501,-68.352997,3819.0,2010-10-30,2011-02-26
YS.OLCE.,YS,OLCE,,"SHN,SHE,SHZ",-20.927099,-68.328201,3759.0,2010-04-18,2010-10-30
YS.ONIX.,YS,ONIX,,"BHZ,BH2,BH1",-10.1033,124.4498,159.0,2014-11-20,2016-12-31
YS.PACA.,YS,PACA,,"BHE,BHZ,BHN",-18.0553,-69.199799,4346.0,2011-04-28,2012-03-22
YS.PAGE.,YS,PAGE,,"SHN,SHE,SHZ",-18.1036,-69.1045,5029.0,2011-04-28,2012-03-22
YS.PAGL.,YS,PAGL,,"BHZ,BH2,BH1",-8.5091,120.4916,938.0,2014-11-07,2016-12-31
YS.PARS.,YS,PARS,,"SHN,SHE,SHZ",-18.2519,-69.177597,4581.0,2011-04-28,2011-11-16
YS.PARW.,YS,PARW,,"BHE,BHZ,BHN",-18.201099,-69.2677,4428.0,2011-04-28,2012-03-22
YS.PHRM.00,YS,PHRM,0.0,"BHE,BHZ,BHN",21.136,-156.755997,407.0,2004-11-02,2007-05-25
YS.PPLA.,YS,PPLA,,"BHZ,BH2,BH1",-10.6113,123.3805,28.0,2014-10-04,2016-12-31
YS.RENG.,YS,RENG,,"BHZ,BH2,BH1",-8.6048,120.0651,491.0,2014-11-17,2016-12-31
YS.SARA.,YS,SARA,,"BHZ,BH2,BH1",-8.7873,121.1043,682.0,2014-11-05,2016-12-31
YS.SAVU.,YS,SAVU,,"BHZ,BH2,BH1",-10.5476,121.8613,120.0,2014-10-14,2016-12-31
YS.SINA.,YS,SINA,,"BHZ,BH2,BH1",-8.1838,122.9124,5.0,2014-10-29,2016-12-31
YS.SMND.,YS,SMND,,"BHE,BHZ,BHN",-22.43,-67.775803,4945.0,2010-10-31,2011-02-28
YS.SMPG.,YS,SMPG,,"BHE,BHZ,BHN",-22.4223,-67.729599,4904.0,2010-10-31,2011-02-28
YS.TL01.,YS,TL01,,"BHZ,BH2,BH1",-9.2068,124.364215,21.0,2014-03-20,2015-03-24
YS.TL02.,YS,TL02,,"BHZ,BH2,BH1",-8.9884,125.208,271.0,2014-03-19,2018-12-31
YS.TL03.,YS,TL03,,"BHZ,BH2,BH1",-8.6043,125.5572,692.0,2014-03-15,2018-12-31
YS.TL04.,YS,TL04,,"BHZ,BH2,BH1",-8.2213,125.6065,12.0,2014-03-25,2018-12-31
YS.TL05.,YS,TL05,,"BHZ,BH2,BH1",-8.9853,125.6598,502.0,2014-03-24,2018-12-31
YS.TL06.,YS,TL06,,"BHZ,BH2,BH1",-8.4718,126.4576,431.0,2014-03-17,2018-06-07
YS.TL07.,YS,TL07,,"BHZ,BH2,BH1",-8.8558,126.3628,56.0,2014-03-18,2017-12-31
YS.TL08.,YS,TL08,,"BHZ,BH2,BH1",-8.4947,126.9908,398.0,2014-03-17,2018-03-14
YS.TL1B.,YS,TL1B,,"BHZ,BH2,BH1",-9.2422,124.3567,77.0,2015-03-24,2018-12-31
YS.TL6B.,YS,TL6B,,"BHZ,BH2,BH1",-8.5549,125.9103,219.0,2018-06-08,2018-12-31
YS.TL8B.,YS,TL8B,,"BHZ,BH2,BH1",-8.392,127.2574,423.0,2018-06-06,2018-12-31
YS.UTCA.,YS,UTCA,,"SHN,SHE,SHZ",-22.214701,-67.276802,4309.0,2009-04-20,2010-04-21
YS.UTCM.,YS,UTCM,,"SHN,SHE,SHZ",-22.241899,-67.205399,5148.0,2009-04-22,2010-04-21
YS.UTKH.,YS,UTKH,,"BHE,BHZ,BHN",-22.281799,-67.012497,4585.0,2009-04-21,2010-04-21
YS.UTLA2.,YS,UTLA2,,"SHN,SHE,SHZ",-22.312599,-67.379601,4243.0,2009-04-23,2010-04-21
YS.UTLL.,YS,UTLL,,"SHN,SHE,SHZ",-22.4205,-67.150002,4751.0,2009-04-23,2010-04-21
YS.UTLO.,YS,UTLO,,"BHE,BHZ,BHN",-22.3337,-67.0793,4583.0,2009-04-23,2010-04-21
YS.UTLV.,YS,UTLV,,"BHE,BHZ,BHN",-22.1749,-67.227303,4384.0,2009-04-20,2010-04-21
YS.UTMK.,YS,UTMK,,"SHN,SHE,SHZ",-22.251499,-67.076897,4481.0,2009-04-23,2010-04-21
YS.UTQU.,YS,UTQU,,"BHE,BHZ,BHN",-22.190599,-67.338898,4152.0,2009-04-19,2010-04-21
YS.UTSA.,YS,UTSA,,"BHE,BHZ,BHN",-22.213301,-67.153297,4648.0,2009-04-20,2010-04-21
YS.UTSM.,YS,UTSM,,"BHE,BHZ,BHN",-22.1129,-67.284401,4227.0,2009-04-22,2010-04-21
YS.UTSS.,YS,UTSS,,"SHN,SHE,SHZ",-22.316799,-67.171501,4688.0,2009-04-23,2010-04-21
YS.UTSW.,YS,UTSW,,"SHN,SHE,SHZ",-22.2994,-67.240898,4713.0,2009-04-23,2010-04-21
YS.UTTM.,YS,UTTM,,"SHN,SHE,SHZ",-22.0634,-67.167099,4703.0,2009-04-22,2010-04-21
YS.UTZN.,YS,UTZN,,"SHN,SHE,SHZ",-22.1385,-67.055496,4623.0,2009-04-20,2010-04-21
Z5.AMUR.,Z5,AMUR,,"BHZ,BH2,BH1",2.818,31.861,1100.0,2022-08-10,2024-08-22
Z5.BUNY.,Z5,BUNY,,"BHZ,BH2,BH1",0.475,30.196,1520.0,2022-08-04,2024-08-12
Z5.DUFI.,Z5,DUFI,,"BHZ,BH2,BH1",3.569,31.918,650.0,2022-08-08,2024-08-22
Z5.FLEP.,Z5,FLEP,,"CNZ,CN1,CN2",33.978416,-107.186699,3195.0,2016-11-07,2016-11-16
Z5.GIMR.,Z5,GIMR,,"BHZ,BH2,BH1",3.272,31.501,640.0,2022-08-07,2022-11-01
Z5.HOIM.,Z5,HOIM,,"BHZ,BH2,BH1",1.546,31.138,1060.0,2022-07-29,2024-08-02
Z5.ICE1.,Z5,ICE1,,"BHE,BHZ,BHN",63.3371,-146.0596,1294.0,2018-08-25,2020-12-31
Z5.ICE2.,Z5,ICE2,,"BHE,BHZ,BHN",63.422,-146.0702,1346.0,2018-08-24,2020-12-16
Z5.ICE3.,Z5,ICE3,,"BHE,BHZ,BHN",63.3478,-146.376,1502.0,2018-08-24,2021-07-30
Z5.ICE4.,Z5,ICE4,,"BHE,BHZ,BHN",63.2368,-146.3752,1291.0,2018-08-24,2020-10-03
Z5.ICE5.,Z5,ICE5,,"BHE,BHZ,BHN",63.3442,-146.7206,1103.0,2018-08-24,2021-07-30
Z5.ICE6.,Z5,ICE6,,"BHE,BHZ,BHN",63.4508,-146.8368,1188.0,2018-08-25,2020-12-31
Z5.ICE7.,Z5,ICE7,,"BHE,BHZ,BHN",63.3468,-147.1677,932.0,2018-08-24,2020-12-31
Z5.KAGD.,Z5,KAGD,,"BHZ,BH2,BH1",1.024,30.662,1220.0,2022-07-31,2024-07-25
Z5.KOBK.,Z5,KOBK,,"BHZ,BH2,BH1",3.355,30.966,1160.0,2022-08-04,2024-08-21
Z5.KSSE.,Z5,KSSE,,"BHZ,BH2,BH1",0.305,30.097,1270.0,2022-08-05,2024-06-24
Z5.LAMW.,Z5,LAMW,,"BHZ,BH2,BH1",3.563,32.743,1100.0,2022-08-11,2024-08-23
Z5.MASD.,Z5,MASD,,"BHZ,BH2,BH1",1.687,31.723,1150.0,2022-07-28,2024-08-06
Z5.MUNI.,Z5,MUNI,,"BHZ,BH2,BH1",2.998,30.925,1180.0,2022-08-03,2024-08-21
Z5.NAKA.,Z5,NAKA,,"BHZ,BH2,BH1",1.313,32.46,1110.0,2022-07-27,2024-05-26
Z5.NTGM.,Z5,NTGM,,"BHZ,BH2,BH1",-0.832,30.272,1480.0,2022-08-10,2024-08-05
Z5.NTRK.,Z5,NTRK,,"BHZ,BH2,BH1",0.946,30.24,660.0,2022-08-02,2024-08-09
Z5.PAKW.,Z5,PAKW,,"BHZ,BH2,BH1",2.288,31.337,630.0,2022-07-30,2024-08-16
Z5.PALR.,Z5,PALR,,"BHZ,BH2,BH1",3.114,32.366,1040.0,2022-08-13,2024-08-23
Z5.RBDA.,Z5,RBDA,,"BHZ,BH2,BH1",-1.204,29.807,2150.0,2022-08-13,2024-07-19
Z5.RUBZ.,Z5,RUBZ,,"BHZ,BH2,BH1",-0.191,30.182,1090.0,2022-08-06,2024-08-12
Z5.RUGR.,Z5,RUGR,,"BHZ,BH2,BH1",-0.603,29.811,1100.0,2022-08-11,2024-08-14
Z5.ZOMB.,Z5,ZOMB,,"BHZ,BH2,BH1",2.509,30.908,1590.0,2022-08-01,2024-08-20
Z6.BAGH.,Z6,BAGH,,"SHE,EHZ,SHN,EHE,EHN,SHZ",23.162001,92.192001,-11.0,2011-01-01,2015-12-31
Z6.BARK.,Z6,BARK,,"EHE,EHN,EHZ",22.725599,92.375198,-49.0,2011-01-01,2015-12-31
Z6.BRDL.,Z6,BRDL,,"HHN,HHE,HHZ",22.677999,91.642998,0.0,2012-08-09,2015-12-31
Z6.CHAD.,Z6,CHAD,,"SHE,EHZ,SHN,EHE,EHN,SHZ",23.200001,90.983002,12.0,2011-01-14,2015-12-31
Z6.CHNR.,Z6,CHNR,,"HHZ,BHN,HHE,BHZ,HHN,BHE",24.1898,91.514999,0.0,2012-05-21,2015-12-31
Z6.JAFL.,Z6,JAFL,,"HHN,HHE,HHZ",25.179001,92.018997,28.2,2012-05-20,2015-12-31
Z6.JAML.,Z6,JAML,,"HHN,HHE,HHZ",25.0005,91.237099,0.0,2012-05-19,2015-12-31
Z6.JURI.,Z6,JURI,,"HHN,HHE,HHZ",24.497999,92.135002,-8.2,2012-05-20,2015-12-31
Z6.LAMA.,Z6,LAMA,,"HHZ,BHN,HHE,BHZ,HHN,BHE",21.775,92.199997,-3.2,2011-01-01,2015-12-31
Z6.MANK.,Z6,MANK,,"HHZ,BHN,HHE,BHZ,HHN,BHE",23.815001,90.057999,-26.8,2011-11-03,2015-12-31
Z6.MPUR.,Z6,MPUR,,"HHZ,BHN,HHE,BHZ,HHN,BHE",24.604,90.029999,-13.1,2011-01-01,2015-12-31
ZF.ABAE.,ZF,ABAE,,"BHE,BHZ,BHN",13.3535,39.76355,1447.0,2007-10-08,2009-10-11
ZF.ADTE.,ZF,ADTE,,"BHE,BHZ,BHN",11.1221,40.757,506.0,2007-10-21,2009-10-17
ZF.ADYE.,ZF,ADYE,,"BHE,BHZ,BHN",13.635,38.981098,1860.0,2007-10-09,2009-10-09
ZF.AFRE.,ZF,AFRE,,"BHE,BHZ,BHN",13.20396,40.858479,-58.0,2007-10-18,2009-10-21
ZF.AKEE.,ZF,AKEE,,"BHE,BHZ,BHN",10.8883,39.167999,3235.0,2007-10-05,2009-10-06
ZF.ASYE.,ZF,ASYE,,"BHE,BHZ,BHN",11.5607,41.4422,370.0,2008-03-08,2009-10-09
ZF.AWSE.,ZF,AWSE,,"BHE,BHZ,BHN",8.98973,40.169998,921.0,2008-05-17,2009-10-04
ZF.BOBE.,ZF,BOBE,,"BHE,BHZ,BHN",10.37981,42.572418,941.0,2009-02-22,2009-10-06
ZF.BTIE.,ZF,BTIE,,"BHE,BHZ,BHN",11.1949,40.021801,1659.0,2007-10-05,2009-10-12
ZF.DERE.,ZF,DERE,,"BHE,BHZ,BHN",11.11788,39.6353,2545.0,2007-10-03,2009-10-05
ZF.DICE.,ZF,DICE,,"BHE,BHZ,BHN",11.9136,41.5737,464.0,2007-10-18,2009-10-08
ZF.ELLE.,ZF,ELLE,,"BHE,BHZ,BHN",11.2579,40.378399,672.0,2007-10-20,2009-10-12
ZF.ERTE.,ZF,ERTE,,"BHZ,BHN,BHE",13.4463,40.496899,-5.0,2008-05-13,2009-10-19
ZF.GASE.,ZF,GASE,,"BHE,BHZ,BHN",11.6813,38.921101,2972.0,2007-10-12,2009-10-07
ZF.GEWE.,ZF,GEWE,,"BHE,BHZ,BHN",10.0045,40.573898,572.0,2007-10-22,2009-10-07
ZF.HALE.,ZF,HALE,,"BHZ,BHN,BHE",13.8422,40.007702,710.0,2008-03-13,2009-10-09
ZF.HYNE.,ZF,HYNE,,"BHE,BHZ,BHN",9.31476,42.096199,1982.0,2007-10-26,2009-10-05
ZF.KOBE.,ZF,KOBE,,"BHE,BHZ,BHN",12.1506,39.629799,1508.0,2007-10-06,2009-10-07
ZF.KORE.,ZF,KORE,,"BHE,BHZ,BHN",10.4265,39.934399,1774.0,2007-10-14,2009-02-20
ZF.LALE.,ZF,LALE,,"BHE,BHZ,BHN",12.0258,39.037498,2422.0,2007-10-12,2009-10-07
ZF.LYDE.,ZF,LYDE,,"BHE,BHZ,BHN",12.05456,41.925701,435.0,2007-10-19,2009-10-08
ZF.MAYE.,ZF,MAYE,,"BHE,BHZ,BHN",12.7832,39.534302,2440.0,2007-10-07,2009-10-07
ZF.MISE.,ZF,MISE,,"BHE,BHZ,BHN",9.23691,40.759102,1310.0,2007-10-24,2009-10-04
ZF.QATE.,ZF,QATE,,"BHE,BHZ,BHN",9.3753,41.469101,2148.0,2007-10-25,2009-10-05
ZF.S014.,ZF,S014,,"EHE,EHN,EHZ",-80.553101,-148.368301,123.3,2005-12-03,2006-12-31
ZF.S015.,ZF,S015,,"EHE,EHN,EHZ",-80.583603,-148.4608,123.3,2005-12-03,2006-12-31
ZF.S016.,ZF,S016,,"EHE,EHN,EHZ",-80.571198,-148.447495,131.2,2005-12-03,2006-12-31
ZF.S017.,ZF,S017,,"EHE,EHN,EHZ",-80.5681,-148.523407,132.9,2005-12-03,2006-12-31
ZF.S032.,ZF,S032,,"EHE,EHN,EHZ",-80.580803,-148.536804,134.5,2005-12-04,2006-12-31
ZF.S033.,ZF,S033,,"EHE,EHN,EHZ",-80.575699,-148.4953,131.9,2005-12-04,2006-12-31
ZF.S034.,ZF,S034,,"EHE,EHN,EHZ",-80.589897,-148.437607,131.9,2005-12-03,2006-12-31
ZF.S034A.,ZF,S034A,,"EHE,EHN,EHZ",-80.589401,-148.466705,122.8,2005-12-09,2006-12-31
ZF.S034B.,ZF,S034B,,"EHE,EHN,EHZ",-80.589401,-148.468399,124.7,2005-12-09,2006-12-31
ZF.S034C.,ZF,S034C,,"EHE,EHN,EHZ",-80.589203,-148.480392,124.7,2005-12-09,2006-12-31
ZF.S035.,ZF,S035,,"EHE,EHN,EHZ",-80.572998,-148.567795,136.8,2005-12-04,2006-12-31
ZF.S036.,ZF,S036,,"EHE,EHN,EHZ",-80.588699,-148.509598,129.3,2005-12-04,2006-12-31
ZF.S038.,ZF,S038,,"EHE,EHN,EHZ",-80.579201,-148.413895,129.8,2005-12-03,2006-12-31
ZF.S039.,ZF,S039,,"EHE,EHN,EHZ",-80.563797,-148.473999,127.8,2005-12-03,2006-12-31
ZF.S040.,ZF,S040,,"EHE,EHN,EHZ",-80.565903,-148.394501,126.4,2005-12-03,2006-12-31
ZF.S041.,ZF,S041,,"EHE,EHN,EHZ",-80.558701,-148.421097,125.3,2005-12-03,2006-12-31
ZF.SEKE.,ZF,SEKE,,"BHE,BHZ,BHN",12.6217,39.033401,2264.0,2007-10-11,2009-10-08
ZF.SISE.,ZF,SISE,,"BHE,BHZ,BHN",11.60728,40.88398,454.0,2008-05-11,2009-03-01
ZF.SMEE.,ZF,SMEE,,"BHE,BHZ,BHN",11.79258,41.004341,430.0,2009-10-14,2009-10-21
ZF.SMRE.,ZF,SMRE,,"BHE,BHZ,BHN",13.1977,39.211102,1977.0,2007-10-10,2009-10-09
ZF.SRDE.,ZF,SRDE,,"BHE,BHZ,BHN",11.9579,41.310001,392.0,2007-10-21,2009-10-08
ZF.WLDE.,ZF,WLDE,,"BHE,BHZ,BHN",11.8243,39.587399,1879.0,2007-10-06,2008-03-11
ZF.WUCE.,ZF,WUCE,,"BHE,BHZ,BHN",11.5116,39.6064,1912.0,2007-10-04,2009-03-05
ZF.YAYE.,ZF,YAYE,,"BHE,BHZ,BHN",11.86083,37.996521,2627.0,2009-03-08,2009-10-06
ZS.FF01.,ZS,FF01,,"HHN,HHE,HHZ",35.9711,-77.917099,1.5,2014-11-15,2014-11-25
ZS.JL01.,ZS,JL01,,"EHE,EHN,EHZ",68.737099,-49.5042,952.0,2009-05-30,2009-06-26
ZS.JL02.,ZS,JL02,,"EHE,EHN,EHZ",68.761803,-49.5172,934.0,2009-05-30,2009-07-02
ZS.JL03.,ZS,JL03,,"EHE,EHN,EHZ",68.7444,-49.557301,937.0,2009-06-01,2009-06-28
ZS.JL04.,ZS,JL04,,"EHE,EHN,EHZ",68.907204,-50.010399,380.0,2009-06-01,2009-06-20
ZU.ARCH.,ZU,ARCH,,"HHN,HHE,HHZ",18.770861,-72.513275,34.0,2013-05-25,2014-06-02
ZU.BELC.,ZU,BELC,,"HHN,HHE,HHZ",18.39567,-72.631142,480.0,2013-05-15,2013-07-12
ZU.BMCA.,ZU,BMCA,,"HHN,HHE,HHZ",18.662939,-72.184166,173.0,2013-05-07,2014-06-02
ZU.BMES.,ZU,BMES,,"HHN,HHE,HHZ",18.56358,-72.29615,96.0,2013-04-29,2014-06-09
ZU.CANG.,ZU,CANG,,"HHN,HHE,HHZ",18.944529,-72.000999,501.0,2013-05-09,2014-06-05
ZU.CAPH.,ZU,CAPH,,"HHN,HHE,HHZ",19.73554,-72.188309,17.0,2013-08-02,2013-10-10
ZU.CAYH.,ZU,CAYH,,"HHN,HHE,HHZ",19.27355,-72.040092,436.0,2013-05-30,2014-06-08
ZU.CBOQ.,ZU,CBOQ,,"HHN,HHE,HHZ",18.57375,-72.226997,87.0,2013-05-07,2014-06-01
ZU.CLEV.,ZU,CLEV,,"EHE,EHN,EHZ",46.8494,-121.741798,3740.0,2011-05-17,2011-05-27
ZU.CS1.,ZU,CS1,,EHZ,46.870899,-121.732399,2900.0,2011-07-01,2011-07-02
ZU.CS2.,ZU,CS2,,EHZ,46.8699,-121.737,2960.0,2011-07-01,2011-07-02
ZU.CS3.,ZU,CS3,,EHZ,46.869499,-121.738701,2990.0,2011-07-01,2011-07-02
ZU.CS4.,ZU,CS4,,EHZ,46.868599,-121.738503,3020.0,2011-07-01,2011-07-02
ZU.DUFF.,ZU,DUFF,,"HHN,HHE,HHZ",18.905806,-72.071861,143.0,2013-05-09,2014-06-05
ZU.FERM.,ZU,FERM,,"HHN,HHE,HHZ",18.466108,-72.285744,1310.0,2013-05-04,2014-03-27
ZU.FURC.,ZU,FURC,,"HHN,HHE,HHZ",18.419901,-72.285919,1558.0,2013-05-24,2014-06-01
ZU.GADC.,ZU,GADC,,"HHN,HHE,HHZ",19.104662,-72.005096,317.0,2013-05-21,2013-11-13
ZU.GGIL.,ZU,GGIL,,"HHN,HHE,HHZ",19.57,-72.220001,491.0,2013-12-04,2014-06-08
ZU.GIMB.,ZU,GIMB,,"HHN,HHE,HHZ",18.747761,-72.155563,459.0,2013-05-08,2014-06-04
ZU.GLUM.,ZU,GLUM,,"BHE,BHZ,BHN",-2.6215,36.186699,1297.0,2008-01-01,2008-03-16
ZU.JACM.,ZU,JACM,,"HHN,HHE,HHZ",18.22975,-72.530281,46.0,2013-05-15,2014-05-31
ZU.KERM.,ZU,KERM,,"BHE,BHZ,BHN",-2.8265,35.979401,1137.0,2008-01-01,2008-03-16
ZU.LWND.,ZU,LWND,,"BHE,BHZ,BHN",-2.7454,36.040798,1068.0,2008-01-01,2008-03-16
ZU.MACY.,ZU,MACY,,"HHN,HHE,HHZ",18.29661,-72.311203,857.0,2013-05-14,2014-05-30
ZU.MARG.,ZU,MARG,,"HHN,HHE,HHZ",18.232401,-72.324562,28.0,2013-05-14,2014-05-30
ZU.MEND.,ZU,MEND,,"HHN,HHE,HHZ",19.553083,-72.237419,332.0,2013-05-29,2013-12-04
ZU.MGOA.,ZU,MGOA,,"HHN,HHE,HHZ",18.442499,-73.093903,32.0,2013-06-29,2014-06-03
ZU.MIRB.,ZU,MIRB,,"HHN,HHE,HHZ",18.834305,-72.101997,129.0,2013-05-08,2014-06-04
ZU.PA64.,ZU,PA64,,"HHN,HHE,HHZ",51.794998,16.003599,77.0,2006-07-26,2007-11-18
ZU.PA65.,ZU,PA65,,"HHN,HHE,HHZ",51.076599,16.836599,90.0,2006-07-26,2007-11-18
ZU.PA66.,ZU,PA66,,"HHN,HHE,HHZ",52.409199,17.4722,115.0,2006-07-26,2007-11-18
ZU.PA67.,ZU,PA67,,"HHN,HHE,HHZ",52.657299,18.3505,74.0,2007-07-09,2007-11-18
ZU.PA68.,ZU,PA68,,"HHN,HHE,HHZ",52.960602,19.0508,96.0,2007-06-26,2007-11-19
ZU.PA69.,ZU,PA69,,"HHN,HHE,HHZ",53.238701,19.841999,142.0,2007-06-26,2007-11-19
ZU.PA70.,ZU,PA70,,"HHN,HHE,HHZ",53.472,20.5229,157.0,2006-11-16,2007-11-19
ZU.PA71.,ZU,PA71,,"HHN,HHE,HHZ",53.742401,21.4321,130.0,2006-07-27,2007-11-20
ZU.PA73.,ZU,PA73,,"HHN,HHE,HHZ",54.319099,22.949301,148.0,2006-07-28,2007-11-20
ZU.PETG.,ZU,PETG,,"HHN,HHE,HHZ",18.43494,-72.859474,47.0,2013-05-17,2013-07-11
ZU.PG46.,ZU,PG46,,"HHN,HHE,HHZ",52.5271,21.9582,157.0,2006-09-08,2007-06-25
ZU.PG47.,ZU,PG47,,"HHN,HHE,HHZ",52.802101,22.761299,134.0,2006-08-04,2007-06-25
ZU.PIGN.,ZU,PIGN,,"HHN,HHE,HHZ",19.337168,-72.119278,340.0,2013-05-30,2014-06-08
ZU.STRA.,ZU,STRA,,"HHN,HHE,HHZ",19.438473,-72.198936,409.0,2013-05-30,2014-06-08
ZU.THOM.,ZU,THOM,,"HHN,HHE,HHZ",19.017639,-71.962608,285.0,2013-05-21,2014-06-06
