id,network_code,station_code,location_code,channels,latitude,longitude,elevation,start_date,end_date
1V.101.,1V,101,,"EL2,EL1,ELZ",32.738567,-77.844767,-270.0,2023-08-24,2023-08-30
1V.102.,1V,102,,"EL2,EL1,ELZ",32.62123,-77.68247,-43.0,2023-08-24,2023-08-29
1V.103.,1V,103,,"EL2,EL1,ELZ",32.556683,-77.593567,-381.0,2023-08-24,2023-08-30
1V.104.,1V,104,,"EL2,EL1,ELZ",32.45077,-77.44843,-567.0,2023-08-24,2023-08-29
1V.105.,1V,105,,"EL2,EL1,ELZ",32.362432,-77.327482,-708.0,2023-08-24,2023-08-30
1V.106.,1V,106,,"EL2,EL1,ELZ",32.249853,-77.175513,-822.0,2023-08-24,2023-08-29
1V.107.,1V,107,,"EL2,EL1,ELZ",32.155498,-77.046992,-926.0,2023-08-24,2023-08-31
1V.108.,1V,108,,"EL2,EL1,ELZ",32.05501,-76.91139,-1300.0,2023-08-24,2023-08-30
1V.109.,1V,109,,"EL2,EL1,ELZ",31.966145,-76.791687,-2206.0,2023-08-24,2023-08-31
1V.111.,1V,111,,"EL2,EL1,ELZ",31.69895,-76.433117,-2642.0,2023-08-24,2023-08-31
1V.112.,1V,112,,"EL2,EL1,ELZ",31.62789,-76.33909,-2707.0,2023-08-24,2023-08-30
1V.113.,1V,113,,"EL2,EL1,ELZ",31.555805,-76.242775,-2724.0,2023-08-24,2023-08-31
1V.114.,1V,114,,"EL2,EL1,ELZ",31.48477,-76.14896,-2855.0,2023-08-24,2023-08-30
1V.115.,1V,115,,"EL2,EL1,ELZ",31.41303,-76.054255,-3084.0,2023-08-25,2023-08-31
1V.116.,1V,116,,"EL2,EL1,ELZ",31.34131,-75.96005,-3162.0,2023-08-25,2023-09-04
1V.117.,1V,117,,"EL2,EL1,ELZ",31.26953,-75.866005,-3193.0,2023-08-25,2023-09-05
1V.118.,1V,118,,"EL2,EL1,ELZ",31.19794,-75.77151,-3256.0,2023-08-25,2023-09-04
1V.119.,1V,119,,"EL2,EL1,ELZ",31.126003,-75.6779,-3399.0,2023-08-25,2023-09-05
1V.120.,1V,120,,"EL2,EL1,ELZ",31.05389,-75.58351,-3525.0,2023-08-25,2023-09-04
1V.121.,1V,121,,"EL2,EL1,ELZ",30.981538,-75.489742,-3601.0,2023-08-25,2023-09-05
1V.122.,1V,122,,"EL2,EL1,ELZ",30.90892,-75.39619,-3659.0,2023-08-25,2023-09-04
1V.123.,1V,123,,"EL2,EL1,ELZ",30.83656,-75.30208,-3690.0,2023-08-25,2023-09-04
1V.124.,1V,124,,"EL2,EL1,ELZ",30.76508,-75.209678,-3712.0,2023-08-25,2023-09-06
1V.125.,1V,125,,"EL2,EL1,ELZ",30.69327,-75.11605,-3833.0,2023-08-25,2023-09-05
1V.126.,1V,126,,"EL2,EL1,ELZ",30.61996,-75.02303,-3783.0,2023-08-25,2023-09-05
1V.127.,1V,127,,"EL2,EL1,ELZ",30.541315,-74.922325,-3907.0,2023-08-25,2023-09-06
1V.128.,1V,128,,"EL2,EL1,ELZ",30.46276,-74.82186,-3848.0,2023-08-25,2023-09-05
1V.129.,1V,129,,"EL2,EL1,ELZ",30.38448,-74.72175,-4099.0,2023-08-25,2023-09-05
1V.130.,1V,130,,"EL2,EL1,ELZ",30.305488,-74.621672,-4378.0,2023-08-25,2023-09-06
1V.132.,1V,132,,"EL2,EL1,ELZ",30.148245,-74.421542,-4412.0,2023-08-25,2023-09-05
1V.201.,1V,201,,"EL2,EL1,ELZ",30.79737,-79.1936,-773.0,2023-09-03,2023-09-11
1V.202.,1V,202,,"EL2,EL1,ELZ",30.72934,-79.0829,-796.0,2023-09-03,2023-09-11
1V.203.,1V,203,,"EL2,EL1,ELZ",30.661545,-78.972272,-806.0,2023-09-03,2023-09-12
1V.204.,1V,204,,"EL2,EL1,ELZ",30.593,-78.8621,-816.0,2023-09-03,2023-09-11
1V.205.,1V,205,,"EL2,EL1,ELZ",30.52469,-78.7519,-821.0,2023-09-03,2023-09-11
1V.206.,1V,206,,"EL2,EL1,ELZ",30.456343,-78.641635,-812.0,2023-09-03,2023-09-12
1V.207.,1V,207,,"EL2,EL1,ELZ",30.38779,-78.532,-824.0,2023-09-03,2023-09-11
1V.208.,1V,208,,"EL2,EL1,ELZ",30.3192,-78.4223,-820.0,2023-09-03,2023-09-11
1V.209.,1V,209,,"EL2,EL1,ELZ",30.250863,-78.312632,-803.0,2023-09-03,2023-09-12
1V.210.,1V,210,,"EL2,EL1,ELZ",30.18175,-78.2033,-844.0,2023-09-03,2023-09-11
1V.211.,1V,211,,"EL2,EL1,ELZ",30.11289,-78.0941,-861.0,2023-09-03,2023-09-11
1V.212.,1V,212,,"EL2,EL1,ELZ",30.043647,-77.985128,-817.0,2023-09-03,2023-09-12
1V.213.,1V,213,,"EL2,EL1,ELZ",29.9749,-77.876,-824.0,2023-09-01,2023-09-11
1V.215.,1V,215,,"EL2,EL1,ELZ",29.836125,-77.658733,-845.0,2023-09-01,2023-09-13
1V.216.,1V,216,,"EL2,EL1,ELZ",29.76724,-77.55,-852.0,2023-09-01,2023-09-12
1V.217.,1V,217,,"EL2,EL1,ELZ",29.69785,-77.4417,-918.0,2023-09-01,2023-09-12
1V.218.,1V,218,,"EL2,EL1,ELZ",29.627975,-77.333687,-942.0,2023-09-01,2023-09-13
1V.219.,1V,219,,"EL2,EL1,ELZ",29.558979,-77.2254,-922.0,2023-09-01,2023-09-12
1V.220.,1V,220,,"EL2,EL1,ELZ",29.48913,-77.1175,-872.0,2023-09-01,2023-09-12
1V.221.,1V,221,,"EL2,EL1,ELZ",29.418717,-77.00954,-1028.0,2023-09-01,2023-09-13
1V.301.,1V,301,,"EL2,EL1,ELZ",30.310742,-79.120325,-802.0,2023-09-07,2023-09-13
1V.302.,1V,302,,"EL2,EL1,ELZ",30.24223,-79.0107,-803.0,2023-09-07,2023-09-13
1V.303.,1V,303,,"EL2,EL1,ELZ",30.1738,-78.901,-802.0,2023-09-07,2023-09-13
1V.304.,1V,304,,"EL2,EL1,ELZ",30.10573,-78.791314,-807.0,2023-09-07,2023-09-14
1V.305.,1V,305,,"EL2,EL1,ELZ",30.03669,-78.6821,-800.0,2023-09-07,2023-09-13
1V.306.,1V,306,,"EL2,EL1,ELZ",29.96799,-78.5728,-803.0,2023-09-07,2023-09-13
1V.307.,1V,307,,"EL2,EL1,ELZ",29.89921,-78.4637,-817.0,2023-09-07,2023-09-13
1V.308.,1V,308,,"EL2,EL1,ELZ",29.830153,-78.355008,-832.0,2023-09-07,2023-09-14
1V.309.,1V,309,,"EL2,EL1,ELZ",29.76137,-78.246,-849.0,2023-09-07,2023-09-13
1V.310.,1V,310,,"EL2,EL1,ELZ",29.69231,-78.1374,-826.0,2023-09-06,2023-09-13
1V.311.,1V,311,,"EL2,EL1,ELZ",29.62317,-78.0289,-879.0,2023-09-06,2023-09-12
1V.312.,1V,312,,"EL2,EL1,ELZ",29.55368,-77.920697,-832.0,2023-09-06,2023-09-13
1V.313.,1V,313,,"EL2,EL1,ELZ",29.48463,-77.8124,-853.0,2023-09-06,2023-09-12
1V.314.,1V,314,,"EL2,EL1,ELZ",29.41522,-77.7043,-873.0,2023-09-06,2023-09-12
1V.315.,1V,315,,"EL2,EL1,ELZ",29.34573,-77.5964,-899.0,2023-09-06,2023-09-12
1V.316.,1V,316,,"EL2,EL1,ELZ",29.27587,-77.488745,-947.0,2023-09-06,2023-09-13
1V.317.,1V,317,,"EL2,EL1,ELZ",29.20649,-77.3811,-1020.0,2023-09-06,2023-09-12
1V.318.,1V,318,,"EL2,EL1,ELZ",29.13674,-77.2736,-1037.0,2023-09-06,2023-09-12
2D.OBS01.,2D,OBS01,,"SHZ,SH1,SH2",32.6213,-118.147003,-2043.0,2010-08-15,2011-09-07
2D.OBS02.,2D,OBS02,,"SHZ,SH1,SH2",32.811798,-118.803596,-1451.0,2010-08-15,2011-09-08
2D.OBS03.,2D,OBS03,,"BHZ,BH2,BH1",33.012901,-118.957397,-1730.0,2010-08-16,2011-09-08
2D.OBS04.,2D,OBS04,,"BHZ,BH2,BH1",33.318699,-119.1828,-1051.0,2010-08-16,2010-08-17
2D.OBS05.,2D,OBS05,,"SHZ,SH1,SH2",33.087002,-119.2976,-1616.0,2010-08-17,2011-09-09
2D.OBS06.,2D,OBS06,,"BHZ,BH2,BH1",32.777,-119.857803,-1169.0,2010-08-16,2011-09-08
2D.OBS07.,2D,OBS07,,"BHZ,BH2,BH1",32.742199,-120.726501,-3769.0,2010-08-18,2011-09-09
2D.OBS08.,2D,OBS08,,"BHZ,BH2,BH1",32.654499,-121.342499,-3888.0,2010-08-17,2011-09-09
2D.OBS09.,2D,OBS09,,"BHZ,BH2,BH1",33.4086,-121.507202,-3819.0,2010-08-18,2011-09-09
2D.OBS10.,2D,OBS10,,"BHZ,BH2,BH1",33.310902,-122.195099,-3777.0,2010-08-18,2011-09-10
2D.OBS11.,2D,OBS11,,"BHZ,BH2,BH1",32.664501,-122.301598,-4185.0,2010-08-18,2011-09-10
2D.OBS12.,2D,OBS12,,"BHZ,BH2,BH1",32.644798,-123.088303,-4098.0,2010-08-18,2011-09-10
2D.OBS13.,2D,OBS13,,"BHZ,BH2,BH1",32.654999,-123.828598,-4281.0,2010-08-18,2011-09-10
2D.OBS14.,2D,OBS14,,"BHZ,BH2,BH1",32.635799,-124.632301,-4374.0,2010-08-19,2010-08-20
2D.OBS15.,2D,OBS15,,"BHZ,BH2,BH1",33.315701,-124.647202,-4248.0,2010-08-19,2011-09-11
2D.OBS16.,2D,OBS16,,"BHZ,BH2,BH1",34.011398,-124.638397,-4552.0,2010-08-19,2011-09-11
2D.OBS17.,2D,OBS17,,"BHZ,BH2,BH1",33.987,-123.839996,-4426.0,2010-08-20,2011-09-12
2D.OBS18.,2D,OBS18,,"BHZ,BH2,BH1",33.2999,-123.868401,-4461.0,2010-08-21,2011-09-12
2D.OBS19.,2D,OBS19,,"BHZ,BH2,BH1",33.302101,-123.0373,-4374.0,2010-08-21,2011-09-12
2D.OBS20.,2D,OBS20,,"BHZ,BH2,BH1",34.011002,-123.0326,-4293.0,2010-08-21,2011-09-13
2D.OBS21.,2D,OBS21,,"BHZ,BH2,BH1",34.032799,-122.286301,-3876.0,2010-08-22,2011-09-13
2D.OBS22.,2D,OBS22,,"BHZ,BH2,BH1",34.097801,-121.661697,-3562.0,2010-08-23,2011-09-13
2D.OBS23.,2D,OBS23,,"BHZ,BH2,BH1",34.148499,-121.086197,-2010.0,2010-08-22,2011-09-13
2D.OBS24.,2D,OBS24,,"BHZ,BH2,BH1",33.442699,-120.859001,-3571.0,2010-08-22,2011-09-14
2D.OBS25.,2D,OBS25,,"BHZ,BH2,BH1",33.5233,-120.459702,-1093.0,2010-08-23,2011-09-14
2D.OBS26.,2D,OBS26,,"SHZ,SH1,SH2",33.250301,-120.033096,-922.0,2010-08-24,2011-09-14
2D.OBS27.,2D,OBS27,,"SHZ,SH1,SH2",33.747501,-119.5923,-1894.0,2010-08-24,2011-09-14
2D.OBS28.,2D,OBS28,,"BHZ,BH2,BH1",33.543301,-119.4645,-1832.0,2010-08-26,2011-09-14
2D.OBS29.,2D,OBS29,,"SHZ,SH1,SH2",33.877201,-119.270203,-819.0,2010-08-25,2011-09-14
2D.OBS30.,2D,OBS30,,"SHZ,SH1,SH2",33.716999,-118.872902,-901.0,2010-08-25,2011-09-14
2D.OBS31.,2D,OBS31,,"SHZ,SH1,SH2",33.550301,-118.417702,-896.0,2010-08-25,2011-09-15
2D.OBS32.,2D,OBS32,,"BHZ,BH2,BH1",33.2085,-118.480202,-1248.0,2010-08-26,2011-09-16
2D.OBS33.,2D,OBS33,,"SHZ,SH1,SH2",33.1329,-118.151398,-1044.0,2010-08-26,2011-09-16
2D.OBS34.,2D,OBS34,,"SH1,BH2,BH1,BHZ,SHZ,SH2",32.9347,-117.8181,-1025.0,2010-08-26,2011-09-16
2F.AX01A.,2F,AX01A,,"HH1,HH2,HHZ",46.01933,-130.005375,-1588.7,2022-09-05,2023-08-29
2F.AX01B.,2F,AX01B,,"HH1,HH2,HHZ",46.01935,-130.00526,-1584.0,2023-09-02,2024-09-24
2F.AX02A.,2F,AX02A,,"EL2,EL1,ELZ",46.000625,-130.029257,-1554.7,2022-09-05,2023-08-29
2F.AX02B.,2F,AX02B,,"EL2,EL1,ELZ",46.00111,-130.0293,-1554.0,2023-09-02,2024-09-24
2F.AX03A.,2F,AX03A,,"EL2,EL1,ELZ",45.992922,-129.992782,-1486.7,2022-09-05,2023-08-29
2F.AX03B.,2F,AX03B,,"EL2,EL1,ELZ",45.9925,-129.99397,-1479.0,2023-09-02,2024-10-16
2F.AX04A.,2F,AX04A,,"EL2,EL1,ELZ",45.988743,-130.048395,-1535.7,2022-09-06,2023-08-29
2F.AX04B.,2F,AX04B,,"EL2,EL1,ELZ",45.98834,-130.04896,-1531.0,2023-09-02,2024-09-23
2F.AX05A.,2F,AX05A,,"EL2,EL1,ELZ",45.97439,-129.977972,-1515.7,2022-09-05,2023-08-30
2F.AX05B.,2F,AX05B,,"EL2,EL1,ELZ",45.97327,-129.97728,-1512.0,2023-09-02,2024-10-05
2F.AX06A.,2F,AX06A,,"EL2,EL1,ELZ",45.982938,-130.014128,-1579.7,2022-09-05,2023-08-29
2F.AX06B.,2F,AX06B,,"EL2,EL1,ELZ",45.98178,-130.01423,-1574.0,2023-09-02,2024-09-24
2F.AX07A.,2F,AX07A,,"EL2,EL1,ELZ",45.969067,-130.029852,-1580.7,2022-09-05,2023-08-29
2F.AX07B.,2F,AX07B,,"EL2,EL1,ELZ",45.9695,-130.02963,-1575.0,2023-09-02,2024-09-24
2F.AX08A.,2F,AX08A,,"EL2,EL1,ELZ",45.964147,-130.004503,-1542.7,2022-09-05,2023-08-29
2F.AX08B.,2F,AX08B,,"EL2,EL1,ELZ",45.96336,-130.00441,-1529.0,2023-09-02,2024-10-04
2F.AX09A.,2F,AX09A,,"HH1,HH2,HHZ",45.97084,-130.062393,-1485.7,2022-09-06,2023-08-29
2F.AX09B.,2F,AX09B,,"HH1,HH2,HHZ",45.97194,-130.05972,-1475.0,2023-09-02,2024-09-24
2F.AX10A.,2F,AX10A,,"HH1,HH2,HHZ",45.960338,-129.949987,-1568.7,2022-09-05,2023-08-29
2F.AX10B.,2F,AX10B,,"HH1,HH2,HHZ",45.95867,-129.94982,-1563.0,2023-09-02,2024-09-24
2F.AX11A.,2F,AX11A,,"EL2,EL1,ELZ",45.94959,-130.039377,-1430.7,2022-09-06,2023-08-29
2F.AX11B.,2F,AX11B,,"EL2,EL1,ELZ",45.94851,-130.03801,-1426.0,2023-09-02,2024-10-04
2F.AX12A.,2F,AX12A,,"HH1,HH2,HHZ",45.915367,-130.021777,-1515.7,2022-09-06,2023-08-29
2F.AX12B.,2F,AX12B,,"HH1,HH2,HHZ",45.91473,-130.02173,-1508.0,2023-09-02,2024-09-24
2F.AX13A.,2F,AX13A,,"EL2,EL1,ELZ",45.907817,-129.971555,-1564.7,2022-09-06,2023-08-31
2F.AX13B.,2F,AX13B,,"EL2,EL1,ELZ",45.90472,-129.9724,-1566.0,2023-09-03,2024-10-04
2F.AX14A.,2F,AX14A,,"EL2,EL1,ELZ",45.899965,-130.007573,-1587.7,2022-09-06,2023-08-31
2F.AX14B.,2F,AX14B,,"EL2,EL1,ELZ",45.89913,-130.00612,-1585.0,2023-09-02,2024-10-05
2F.AX15A.,2F,AX15A,,"HH1,HH2,HHZ",45.91972,-129.93942,-1586.0,2022-09-06,2023-10-25
3A.OBS1.,3A,OBS1,,"EL2,EL1,ELZ",38.713397,-63.365934,-5014.7,2023-04-09,2023-06-16
3A.OBS2.,3A,OBS2,,"EL2,EL1,ELZ",38.64385,-62.89055,-5045.7,2023-04-15,2023-06-19
3A.OBS3.,3A,OBS3,,"EL2,EL1,ELZ",38.271333,-63.549367,-5030.7,2023-04-10,2023-06-16
7A.W01.,7A,W01,,"BHZ,BH2,BH1",48.0797,-126.342499,-1697.0,2010-07-13,2011-06-24
7A.W02.,7A,W02,,"BHZ,BH2,BH1",48.2593,-126.496803,-2133.0,2010-07-13,2011-06-25
7A.W03.,7A,W03,,"BHZ,BH2,BH1",48.387501,-126.728699,-2489.0,2010-07-14,2011-06-26
7A.W04.,7A,W04,,"BHZ,BH2,BH1",48.5317,-126.8908,-2319.0,2010-07-14,2011-06-27
7A.W05.,7A,W05,,"BHZ,BH2,BH1",48.6675,-127.013397,-2011.0,2010-07-14,2011-06-27
7A.W06.,7A,W06,,"BHZ,BH2,BH1",48.182701,-126.064697,-1001.0,2010-07-15,2011-06-25
7A.W07.,7A,W07,,"BHZ,BH2,BH1",48.374699,-126.282204,-1152.0,2010-07-15,2011-06-25
7A.W08.,7A,W08,,"BHZ,BH2,BH1",48.564499,-126.4011,-1028.0,2010-07-15,2011-06-26
7A.W09.,7A,W09,,"BHZ,BH2,BH1",48.688,-126.577003,-1156.0,2010-07-15,2011-06-28
7A.W10.,7A,W10,,"BHZ,BH2,BH1",48.787899,-126.702202,-1070.0,2010-07-14,2011-06-28
7D.FC03D.,7D,FC03D,,"HH1,HH2,HHZ",44.813301,-124.738297,-432.0,2014-09-07,2015-10-02
7D.FN01A.,7D,FN01A,,"HH1,HH2,HHZ",46.882,-124.333702,-54.0,2011-07-27,2012-07-21
7D.FN01C.,7D,FN01C,,"HH1,HH2,HHZ",46.882301,-124.333298,-56.0,2013-08-30,2014-06-27
7D.FN02C.,7D,FN02C,,"HH1,HH2,HHZ",46.949699,-124.428001,-67.0,2013-08-31,2014-06-28
7D.FN03C.,7D,FN03C,,"HH1,HH2,HHZ",46.887199,-124.525101,-93.0,2013-08-31,2014-06-28
7D.FN04C.,7D,FN04C,,"HH1,HH2,HHZ",46.9175,-124.601303,-104.0,2013-08-31,2014-06-26
7D.FN05A.,7D,FN05A,,"HH1,HH2,HHZ",46.8578,-124.655296,-124.0,2011-07-29,2012-01-10
7D.FN05C.,7D,FN05C,,"HH1,HH2,HHZ",46.857498,-124.655602,-123.0,2013-08-31,2014-06-26
7D.FN06C.,7D,FN06C,,"HH1,HH2,HHZ",46.922001,-124.7313,-137.0,2013-09-01,2014-06-29
7D.FN07A.,7D,FN07A,,"HH1,HH2,HHZ",46.855499,-124.786499,-154.0,2011-07-28,2012-07-20
7D.FN07C.,7D,FN07C,,"HH1,HH2,HHZ",46.8554,-124.786003,-158.0,2013-09-01,2014-06-29
7D.FN08A.,7D,FN08A,,"HH1,HH2,HHZ",46.888802,-124.8769,-177.0,2011-07-29,2012-07-22
7D.FN08C.,7D,FN08C,,"HH1,HH2,HHZ",46.888699,-124.875999,-176.0,2013-09-02,2014-06-30
7D.FN09C.,7D,FN09C,,"HH1,HH2,HHZ",46.840199,-124.887199,-198.0,2013-09-01,2014-07-01
7D.FN10C.,7D,FN10C,,"HH1,HH2,HHZ",46.898102,-124.9935,-811.0,2013-09-02,2014-06-26
7D.FN11C.,7D,FN11C,,"HH1,HH2,HHZ",46.820499,-125.045403,-619.0,2013-09-02,2014-06-26
7D.FN12A.,7D,FN12A,,"HH1,HH2,HHZ",46.8885,-125.119202,-650.0,2011-07-27,2012-07-20
7D.FN12C.,7D,FN12C,,"HH1,HH2,HHZ",46.888699,-125.119003,-656.0,2013-09-03,2014-06-30
7D.FN13C.,7D,FN13C,,"HH1,HH2,HHZ",47.000401,-125.301102,-1764.0,2013-09-04,2014-06-28
7D.FN14A.,7D,FN14A,,"HH1,HH2,HHZ",47.024799,-124.964699,-173.0,2011-07-31,2012-07-20
7D.FN14C.,7D,FN14C,,"HH1,HH2,HHZ",47.024899,-124.964203,-173.0,2013-09-03,2014-06-28
7D.FN16A.,7D,FN16A,,"HH1,HH2,HHZ",46.799599,-125.516098,-1907.0,2011-10-17,2012-07-21
7D.FN16C.,7D,FN16C,,"HH1,HH2,HHZ",46.800499,-125.500099,-1728.0,2013-09-04,2014-06-30
7D.FN17C.,7D,FN17C,,"HH1,HH2,HHZ",46.681599,-125.000504,-1015.0,2013-09-03,2014-06-25
7D.FN18A.,7D,FN18A,,"HH1,HH2,HHZ",46.699799,-124.7248,-163.0,2011-07-30,2012-07-18
7D.FN18C.,7D,FN18C,,"HH1,HH2,HHZ",46.7001,-124.7248,-166.0,2013-09-02,2014-06-25
7D.FN19C.,7D,FN19C,,"HH1,HH2,HHZ",46.730099,-124.366798,-72.0,2013-08-30,2014-06-29
7D.FS01B.,7D,FS01B,,"BHZ,BH2,BH1",40.326801,-124.949203,-940.0,2012-09-02,2013-06-19
7D.FS02B.,7D,FS02B,,"HH1,HH2,HHZ",40.351101,-124.797997,-1402.8,2012-09-13,2013-07-03
7D.FS02D.,7D,FS02D,,"BHZ,BH2,BH1",40.326,-124.800201,-947.9,2014-07-16,2015-08-28
7D.FS03B.,7D,FS03B,,"HH1,HH2,HHZ",40.273201,-124.652603,-345.0,2012-09-13,2013-07-02
7D.FS04B.,7D,FS04B,,"HH1,HH2,HHZ",40.244701,-124.509697,-159.0,2012-09-14,2013-07-01
7D.FS04D.,7D,FS04D,,"BHZ,BH2,BH1",40.2528,-124.505203,-155.0,2014-08-12,2015-09-15
7D.FS05B.,7D,FS05B,,"BHZ,BH2,BH1",40.3866,-124.899597,-2316.0,2012-08-27,2013-06-12
7D.FS06B.,7D,FS06B,,"BHZ,BH2,BH1",40.381199,-124.785301,-2198.0,2012-08-27,2013-06-12
7D.FS06D.,7D,FS06D,,"BHZ,BH2,BH1",40.369999,-124.806702,-1946.8,2014-07-16,2015-08-28
7D.FS07B.,7D,FS07B,,"HH1,HH2,HHZ",40.339199,-124.659599,-1297.0,2012-09-13,2013-07-03
7D.FS07D.,7D,FS07D,,"BHZ,BH2,BH1",40.337898,-124.6577,-1273.7,2014-07-17,2015-08-27
7D.FS08B.,7D,FS08B,,"HH1,HH2,HHZ",40.336601,-124.459801,-120.0,2012-09-14,2013-07-02
7D.FS08D.,7D,FS08D,,"BHZ,BH2,BH1",40.334702,-124.465302,-132.0,2014-08-12,2015-09-15
7D.FS09B.,7D,FS09B,,"BHZ,BH2,BH1",40.438702,-124.808502,-2161.0,2012-08-28,2013-06-12
7D.FS09D.,7D,FS09D,,"BHZ,BH2,BH1",40.437698,-124.803703,-2122.1,2014-07-16,2015-08-28
7D.FS10B.,7D,FS10B,,"HH1,HH2,HHZ",40.432999,-124.6819,-1076.0,2012-09-13,2013-07-02
7D.FS10D.,7D,FS10D,,"BHZ,BH2,BH1",40.4328,-124.694,-1153.8,2014-07-17,2015-08-27
7D.FS11B.,7D,FS11B,,"HH1,HH2,HHZ",40.429199,-124.577797,-132.0,2012-09-15,2013-07-03
7D.FS11D.,7D,FS11D,,"HH1,HH2,HHZ",40.428501,-124.577499,-150.0,2014-09-15,2015-10-07
7D.FS12B.,7D,FS12B,,"HH1,HH2,HHZ",40.437099,-124.505898,-60.0,2012-09-14,2013-07-02
7D.FS12D.,7D,FS12D,,"HH1,HH2,HHZ",40.445599,-124.510498,-55.0,2014-09-15,2015-10-06
7D.FS13B.,7D,FS13B,,"HH1,HH2,HHZ",40.493099,-124.806503,-2332.0,2012-09-12,2013-07-03
7D.FS13D.,7D,FS13D,,"BHZ,BH2,BH1",40.493698,-124.803398,-2291.2,2014-07-16,2015-08-28
7D.FS14B.,7D,FS14B,,"BHZ,BH2,BH1",40.495499,-124.591797,-107.0,2012-09-02,2013-06-19
7D.FS14D.,7D,FS14D,,"HH1,HH2,HHZ",40.492298,-124.603897,-145.0,2014-09-14,2015-10-06
7D.FS15B.,7D,FS15B,,"HH1,HH2,HHZ",40.492599,-124.512604,-52.0,2012-09-13,2013-07-03
7D.FS15D.,7D,FS15D,,"HH1,HH2,HHZ",40.496399,-124.524696,-56.0,2014-09-16,2015-10-07
7D.FS16B.,7D,FS16B,,"HH1,HH2,HHZ",40.538101,-124.739502,-1073.0,2012-09-12,2013-07-03
7D.FS16D.,7D,FS16D,,"BHZ,BH2,BH1",40.5378,-124.746803,-1080.4,2014-07-16,2015-08-28
7D.FS17B.,7D,FS17B,,"HH1,HH2,HHZ",40.559799,-124.596497,-146.0,2012-09-15,2013-07-02
7D.FS17D.,7D,FS17D,,"HH1,HH2,HHZ",40.559799,-124.597,-145.0,2014-09-14,2015-10-06
7D.FS18B.,7D,FS18B,,"HH1,HH2,HHZ",40.568199,-124.501602,-107.0,2012-09-16,2013-07-01
7D.FS19B.,7D,FS19B,,"HH1,HH2,HHZ",40.627899,-124.466698,-87.0,2012-09-16,2013-07-01
7D.FS20B.,7D,FS20B,,"HH1,HH2,HHZ",40.3895,-125.031097,-2378.0,2012-09-12,2013-07-04
7D.FS41D.,7D,FS41D,,"BHZ,BH2,BH1",40.6124,-124.731003,-1079.3,2014-07-16,2015-08-28
7D.FS42D.,7D,FS42D,,"HH1,HH2,HHZ",40.715099,-124.463097,-95.0,2014-09-14,2015-10-05
7D.FS43D.,7D,FS43D,,"HH1,HH2,HHZ",40.711899,-124.5839,-719.0,2014-09-14,2015-10-06
7D.FS44D.,7D,FS44D,,"BHZ,BH2,BH1",40.760899,-124.702797,-837.0,2014-08-12,2015-09-15
7D.FS45D.,7D,FS45D,,"HH1,HH2,HHZ",40.799999,-124.520302,-477.0,2014-09-13,2015-09-09
7D.G01D.,7D,G01D,,"BHZ,BH2,BH1",39.999901,-124.6008,-1006.7,2014-07-17,2015-08-27
7D.G02B.,7D,G02B,,"BHZ,BH2,BH1",40.048599,-125.296898,-1920.0,2012-09-03,2013-06-19
7D.G02D.,7D,G02D,,"HH1,HH2,HHZ",40.160301,-125.297699,-1741.0,2014-09-16,2015-09-12
7D.G03A.,7D,G03A,,"BHZ,BH2,BH1",40.059101,-126.162498,-4113.0,2011-11-17,2012-05-13
7D.G03B.,7D,G03B,,"BHZ,BH2,BH1",40.057999,-126.163399,-4051.0,2012-08-27,2013-06-11
7D.G03D.,7D,G03D,,"BHZ,BH2,BH1",40.058701,-126.161201,-4056.5,2014-07-14,2015-08-29
7D.G04B.,7D,G04B,,"BHZ,BH2,BH1",40.058498,-126.928497,-4368.0,2012-08-27,2013-06-08
7D.G04D.,7D,G04D,,"BHZ,BH2,BH1",40.1577,-126.784698,-4350.3,2014-07-14,2015-08-29
7D.G05B.,7D,G05B,,"BHZ,BH2,BH1",40.070599,-127.747803,-4462.0,2012-08-27,2013-06-08
7D.G05D.,7D,G05D,,"BHZ,BH2,BH1",40.143002,-127.825699,-4463.8,2014-07-14,2015-08-29
7D.G09B.,7D,G09B,,"HH1,HH2,HHZ",40.656799,-124.718697,-842.0,2012-09-16,2013-07-01
7D.G09D.,7D,G09D,,"BHZ,BH2,BH1",40.6665,-124.726898,-716.3,2014-07-16,2015-08-28
7D.G10B.,7D,G10B,,"BHZ,BH2,BH1",40.677898,-125.553299,-2936.0,2012-09-03,2013-06-19
7D.G10D.,7D,G10D,,"BHZ,BH2,BH1",40.788799,-125.554398,-3015.0,2014-08-11,2015-09-15
7D.G11B.,7D,G11B,,"BHZ,BH2,BH1",40.6875,-126.376404,-3123.0,2012-08-28,2013-06-09
7D.G11D.,7D,G11D,,"HH1,HH2,HHZ",40.7845,-126.4683,-3145.0,2014-08-02,2015-09-14
7D.G12B.,7D,G12B,,"BHZ,BH2,BH1",40.686901,-127.228897,-3080.0,2012-09-03,2013-06-20
7D.G13B.,7D,G13B,,"BHZ,BH2,BH1",40.683998,-128.028305,-3215.0,2012-08-26,2013-06-07
7D.G13D.,7D,G13D,,"BHZ,BH2,BH1",40.748199,-127.937103,-3186.5,2014-07-14,2015-08-30
7D.G17B.,7D,G17B,,"HH1,HH2,HHZ",41.283901,-124.344597,-123.0,2012-09-17,2013-07-01
7D.G17D.,7D,G17D,,"HH1,HH2,HHZ",41.399601,-124.433197,-99.0,2014-09-13,2014-09-16
7D.G18B.,7D,G18B,,"HH1,HH2,HHZ",41.301601,-124.936302,-1464.0,2012-09-18,2013-05-16
7D.G18D.,7D,G18D,,"HH1,HH2,HHZ",41.304699,-125.255798,-3130.0,2014-09-13,2015-10-05
7D.G19B.,7D,G19B,,"BHZ,BH2,BH1",41.3074,-125.773598,-3071.0,2012-08-28,2013-06-13
7D.G19D.,7D,G19D,,"HH1,HH2,HHZ",41.3316,-126.027901,-3082.0,2014-09-18,2015-09-14
7D.G20B.,7D,G20B,,"BHZ,BH2,BH1",41.298698,-126.613297,-3141.0,2012-08-28,2013-06-11
7D.G20D.,7D,G20D,,"BHZ,BH2,BH1",41.451599,-126.8638,-2931.3,2014-07-13,2015-08-30
7D.G21B.,7D,G21B,,"BHZ,BH2,BH1",41.316002,-127.453697,-3156.0,2012-08-28,2013-06-11
7D.G21D.,7D,G21D,,"BHZ,BH2,BH1",41.1227,-127.447998,-3293.4,2014-07-13,2015-08-30
7D.G22B.,7D,G22B,,"BHZ,BH2,BH1",41.3092,-128.274002,-3038.0,2012-08-26,2013-06-07
7D.G22D.,7D,G22D,,"BHZ,BH2,BH1",41.433601,-128.016602,-3092.4,2014-07-13,2015-08-30
7D.G25B.,7D,G25B,,"HH1,HH2,HHZ",41.919899,-124.586098,-430.0,2012-09-18,2013-07-31
7D.G25D.,7D,G25D,,"HH1,HH2,HHZ",41.981098,-124.7267,-688.0,2014-09-12,2015-10-08
7D.G26B.,7D,G26B,,"HH1,HH2,HHZ",41.9249,-125.177498,-2357.0,2012-09-17,2013-08-07
7D.G26D.,7D,G26D,,"HH1,HH2,HHZ",41.983799,-125.308296,-3104.0,2014-09-19,2015-10-04
7D.G27B.,7D,G27B,,"BHZ,BH2,BH1",41.916599,-126.016701,-3480.0,2012-09-03,2013-06-20
7D.G27D.,7D,G27D,,"HH1,HH2,HHZ",42.001301,-125.981697,-2939.0,2014-09-19,2015-10-05
7D.G28B.,7D,G28B,,"BHZ,BH2,BH1",41.942799,-126.733902,-3327.0,2012-09-05,2013-06-20
7D.G29B.,7D,G29B,,"BHZ,BH2,BH1",41.9772,-127.483398,-3197.0,2012-08-29,2013-06-11
7D.G29D.,7D,G29D,,"BHZ,BH2,BH1",42.2174,-127.605202,-2910.9,2014-07-12,2015-08-31
7D.G30A.,7D,G30A,,"BHZ,BH2,BH1",41.955002,-128.319305,-3124.0,2011-11-18,2012-05-14
7D.G30B.,7D,G30B,,"BHZ,BH2,BH1",41.956501,-128.319794,-3119.0,2012-08-26,2013-06-07
7D.G33B.,7D,G33B,,"HH1,HH2,HHZ",42.548302,-124.716202,-213.0,2012-09-19,2013-06-29
7D.G33D.,7D,G33D,,"BHZ,BH2,BH1",42.665298,-124.802002,-686.0,2014-08-12,2015-09-17
7D.G34B.,7D,G34B,,"HH1,HH2,HHZ",42.555401,-125.200996,-2954.0,2012-09-11,2013-07-06
7D.G34D.,7D,G34D,,"HH1,HH2,HHZ",42.5723,-125.448601,-3089.0,2014-09-10,2015-10-04
7D.G35B.,7D,G35B,,"BHZ,BH2,BH1",42.5658,-126.055801,-2367.0,2012-08-29,2013-06-10
7D.G35D.,7D,G35D,,"BHZ,BH2,BH1",42.555698,-126.399002,-2822.6,2014-07-12,2015-08-31
7D.G36B2.,7D,G36B2,,"BHZ,BH2,BH1",42.5994,-126.903801,-2423.0,2012-08-29,2013-06-10
7D.G36D.,7D,G36D,,"BHZ,BH2,BH1",42.4618,-126.8965,-3779.6,2014-07-12,2015-08-31
7D.G37B.,7D,G37B,,"BHZ,BH2,BH1",42.591301,-127.721298,-3004.0,2012-09-05,2013-06-20
7D.G37D.,7D,G37D,,"BHZ,BH2,BH1",42.628502,-127.300903,-2805.0,2014-07-30,2015-09-12
7D.J06A.,7D,J06A,,"BHZ,BH2,BH1",43.251499,-128.800995,-3224.0,2011-11-19,2012-05-14
7D.J06B.,7D,J06B,,"BHZ,BH2,BH1",43.265202,-128.799698,-3220.0,2012-08-26,2013-06-07
7D.J06D.,7D,J06D,,"HH1,HH2,HHZ",43.252602,-128.804092,-3245.0,2014-07-28,2015-09-11
7D.J09B.,7D,J09B,,"BHZ,BH2,BH1",43.151001,-124.726997,-252.0,2012-09-02,2013-06-21
7D.J09D.,7D,J09D,,"HH1,HH2,HHZ",43.151402,-124.727097,-252.0,2014-09-10,2015-10-07
7D.J10B.,7D,J10B,,"BHZ,BH2,BH1",43.3494,-125.543503,-3093.0,2012-09-01,2013-06-18
7D.J10D.,7D,J10D,,"HH1,HH2,HHZ",43.348499,-125.545097,-3085.0,2014-09-09,2015-10-03
7D.J11B.,7D,J11B,,"BHZ,BH2,BH1",43.541401,-126.367302,-3030.0,2012-08-30,2013-08-10
7D.J11D.,7D,J11D,,"BHZ,BH2,BH1",43.541599,-126.368599,-3000.8,2014-07-12,2015-08-31
7D.J17B.,7D,J17B,,"HH1,HH2,HHZ",43.790001,-124.614799,-286.0,2012-07-16,2013-06-29
7D.J17D.,7D,J17D,,"HH1,HH2,HHZ",43.7873,-124.613403,-285.0,2014-09-09,2015-10-03
7D.J18B.,7D,J18B,,"BHZ,BH2,BH1",44.008301,-125.466003,-3047.0,2012-09-01,2013-06-18
7D.J18D.,7D,J18D,,"HH1,HH2,HHZ",43.9772,-125.4814,-3050.0,2014-09-08,2015-10-10
7D.J19B.,7D,J19B,,"BHZ,BH2,BH1",44.1777,-126.271698,-2968.0,2012-08-30,2013-06-10
7D.J19D.,7D,J19D,,"BHZ,BH2,BH1",44.179001,-126.271202,-2955.4,2014-07-11,2015-09-01
7D.J20B.,7D,J20B,,"BHZ,BH2,BH1",44.354198,-127.0952,-2934.0,2012-09-06,2013-06-21
7D.J20D.,7D,J20D,,"BHZ,BH2,BH1",44.360401,-127.108498,-2936.0,2014-07-25,2015-09-09
7D.J21C.,7D,J21C,,"BHZ,BH2,BH1",44.534199,-128.037598,-2847.0,2013-08-08,2014-05-14
7D.J23A.,7D,J23A,,"BHZ,BH2,BH1",44.844002,-129.682495,-2655.0,2011-11-21,2012-05-15
7D.J23B.,7D,J23B,,"BHZ,BH2,BH1",44.845901,-129.682098,-2650.0,2012-08-24,2013-06-06
7D.J23C.,7D,J23C,,"BHZ,BH2,BH1",44.8438,-129.681,-2653.0,2013-08-08,2014-05-15
7D.J23D.,7D,J23D,,"HH1,HH2,HHZ",44.8274,-129.680496,-2687.0,2014-07-26,2015-09-10
7D.J25A.,7D,J25A,,"BHZ,BH2,BH1",44.4729,-124.621597,-142.8,2011-10-21,2012-07-18
7D.J25B.,7D,J25B,,"HH1,HH2,HHZ",44.471298,-124.621696,-147.0,2012-07-15,2013-06-27
7D.J25C.,7D,J25C,,"BHZ,BH2,BH1",44.473,-124.621696,-144.0,2013-08-22,2014-06-01
7D.J25D.,7D,J25D,,"HH1,HH2,HHZ",44.456699,-124.630997,-136.0,2014-09-21,2015-10-01
7D.J26A.,7D,J26A,,"HH1,HH2,HHZ",44.654701,-125.4664,-2864.0,2011-10-21,2012-07-15
7D.J26C.,7D,J26C,,"HH1,HH2,HHZ",44.6534,-125.465302,-2868.0,2013-09-06,2014-06-24
7D.J26D.,7D,J26D,,"HH1,HH2,HHZ",44.6577,-125.467003,-2880.0,2014-09-08,2015-09-04
7D.J27B.,7D,J27B,,"BHZ,BH2,BH1",44.847599,-126.3069,-2824.0,2012-08-24,2013-06-04
7D.J27D.,7D,J27D,,"BHZ,BH2,BH1",44.8489,-126.308296,-2814.8,2014-07-11,2015-09-01
7D.J28A.,7D,J28A,,"BHZ,BH2,BH1",45.063599,-127.156403,-2867.0,2011-11-16,2012-05-16
7D.J28B.,7D,J28B,,"BHZ,BH2,BH1",45.063099,-127.155197,-2866.0,2012-08-24,2013-06-04
7D.J28C.,7D,J28C,,"BHZ,BH2,BH1",45.061699,-127.1567,-2889.0,2013-08-02,2014-05-21
7D.J28D.,7D,J28D,,"BHZ,BH2,BH1",45.030102,-127.155998,-2855.8,2014-07-11,2015-09-01
7D.J29A.,7D,J29A,,"BHZ,BH2,BH1",45.175701,-128.008408,-2849.0,2011-11-20,2012-05-16
7D.J29C.,7D,J29C,,"BHZ,BH2,BH1",45.1731,-128.005798,-2816.0,2013-08-02,2014-07-07
7D.J30A.,7D,J30A,,"BHZ,BH2,BH1",45.424198,-128.906906,-2824.0,2011-11-20,2012-05-15
7D.J30C.,7D,J30C,,"BHZ,BH2,BH1",45.426102,-128.910004,-2786.0,2013-08-07,2014-05-15
7D.J31A.,7D,J31A,,"BHZ,BH2,BH1",45.553101,-129.672699,-2657.0,2011-11-21,2012-05-16
7D.J31C.,7D,J31C,,"BHZ,BH2,BH1",45.551899,-129.672394,-2624.0,2013-08-07,2014-05-15
7D.J32C.,7D,J32C,,"BHZ,BH2,BH1",45.7145,-130.602997,-2756.0,2013-08-08,2014-05-15
7D.J33A.,7D,J33A,,"BHZ,BH2,BH1",45.106602,-124.570801,-348.7,2011-10-16,2012-07-19
7D.J33B.,7D,J33B,,"HH1,HH2,HHZ",45.106602,-124.570602,-350.0,2012-07-14,2013-06-26
7D.J33C.,7D,J33C,,"BHZ,BH2,BH1",45.1068,-124.570801,-354.0,2013-08-22,2014-05-29
7D.J34A.,7D,J34A,,"HH1,HH2,HHZ",45.305698,-125.414497,-2574.0,2011-10-16,2012-07-17
7D.J34C.,7D,J34C,,"HH1,HH2,HHZ",45.306999,-125.415199,-2580.0,2013-09-06,2014-06-24
7D.J35A.,7D,J35A,,"BHZ,BH2,BH1",45.498901,-126.2668,-2662.0,2011-10-19,2012-07-18
7D.J35C.,7D,J35C,,"BHZ,BH2,BH1",45.4995,-126.268303,-2655.0,2013-08-09,2014-05-19
7D.J36A.,7D,J36A,,"BHZ,BH2,BH1",45.685501,-127.122498,-2821.0,2011-10-19,2012-07-18
7D.J36C.,7D,J36C,,"BHZ,BH2,BH1",45.686501,-127.125198,-2812.0,2013-08-09,2014-05-20
7D.J37A.,7D,J37A,,"BHZ,BH2,BH1",45.864201,-127.985298,-2862.0,2011-11-28,2012-05-16
7D.J37C.,7D,J37C,,"BHZ,BH2,BH1",45.863499,-127.985298,-2886.0,2013-08-02,2014-05-20
7D.J38A.,7D,J38A,,"BHZ,BH2,BH1",46.039501,-128.853104,-2734.0,2011-11-23,2012-05-17
7D.J38C.,7D,J38C,,"BHZ,BH2,BH1",46.038898,-128.853607,-2731.0,2013-08-07,2014-05-16
7D.J39A.,7D,J39A,,"BHZ,BH2,BH1",46.175999,-129.644104,-2659.0,2011-11-22,2012-05-17
7D.J39C.,7D,J39C,,"BHZ,BH2,BH1",46.176102,-129.643799,-2656.0,2013-08-06,2014-05-16
7D.J41A.,7D,J41A,,"HH1,HH2,HHZ",45.811901,-124.537201,-175.0,2011-07-25,2012-07-13
7D.J41C.,7D,J41C,,"HH1,HH2,HHZ",45.811699,-124.537598,-171.0,2013-08-30,2014-06-24
7D.J42A.,7D,J42A,,"HH1,HH2,HHZ",45.933102,-125.299698,-1540.0,2011-10-16,2012-07-17
7D.J42C.,7D,J42C,,"HH1,HH2,HHZ",45.932301,-125.299103,-1550.0,2013-09-05,2014-06-29
7D.J43A.,7D,J43A,,"BHZ,BH2,BH1",46.137798,-126.172096,-2654.4,2011-10-19,2012-07-17
7D.J43C.,7D,J43C,,"BHZ,BH2,BH1",46.137001,-126.172501,-2645.0,2013-08-09,2014-05-19
7D.J44A.,7D,J44A,,"BHZ,BH2,BH1",46.323002,-127.039001,-2724.1,2011-10-19,2012-07-18
7D.J44C.,7D,J44C,,"BHZ,BH2,BH1",46.324001,-127.040703,-2742.0,2013-08-09,2014-05-19
7D.J45A.,7D,J45A,,"BHZ,BH2,BH1",46.520901,-127.9049,-2757.0,2011-11-28,2012-05-18
7D.J45C.,7D,J45C,,"BHZ,BH2,BH1",46.520901,-127.904701,-2742.0,2013-08-03,2014-07-07
7D.J46A.,7D,J46A,,"BHZ,BH2,BH1",46.663898,-128.7883,-2744.0,2011-11-23,2012-05-18
7D.J46C.,7D,J46C,,"BHZ,BH2,BH1",46.664501,-128.789398,-2744.0,2013-08-07,2014-05-16
7D.J47A.,7D,J47A,,"BHZ,BH2,BH1",46.8433,-129.713501,-2685.0,2011-11-23,2012-05-17
7D.J47C.,7D,J47C,,"BHZ,BH2,BH1",46.844002,-129.713898,-2679.0,2013-08-07,2014-05-16
7D.J48A.,7D,J48A,,"BHZ,BH2,BH1",47.130402,-130.651306,-2973.0,2011-11-23,2012-05-17
7D.J48B.,7D,J48B,,"BHZ,BH2,BH1",47.128201,-130.638504,-2877.0,2012-08-25,2013-06-06
7D.J48C.,7D,J48C,,"BHZ,BH2,BH1",47.129501,-130.650696,-2940.0,2013-08-06,2014-05-17
7D.J49A.,7D,J49A,,"HH1,HH2,HHZ",46.437801,-124.427498,-120.0,2011-07-26,2012-07-13
7D.J49C.,7D,J49C,,"HH1,HH2,HHZ",46.438,-124.427803,-113.0,2013-08-30,2014-06-29
7D.J50A.,7D,J50A,,"HH1,HH2,HHZ",46.640202,-125.299103,-1909.0,2011-10-17,2012-07-20
7D.J50C.,7D,J50C,,"HH1,HH2,HHZ",46.641102,-125.298698,-1931.0,2013-09-04,2014-06-30
7D.J51A.,7D,J51A,,"HH1,HH2,HHZ",46.797001,-126.164101,-2610.0,2011-10-19,2012-08-07
7D.J51C.,7D,J51C,,"HH1,HH2,HHZ",46.7957,-126.163101,-2626.0,2013-09-06,2014-07-01
7D.J52A.,7D,J52A,,"BHZ,BH2,BH1",46.992001,-127.0159,-2613.0,2011-11-28,2012-05-18
7D.J52C.,7D,J52C,,"BHZ,BH2,BH1",46.992001,-127.0158,-2640.0,2013-08-20,2014-05-31
7D.J53A.,7D,J53A,,"BHZ,BH2,BH1",47.1642,-127.922096,-2686.0,2011-11-28,2012-05-18
7D.J53C.,7D,J53C,,"BHZ,BH2,BH1",47.164299,-127.922302,-2717.0,2013-08-20,2014-05-31
7D.J54A.,7D,J54A,,"BHZ,BH2,BH1",47.3358,-128.8116,-2662.0,2011-11-27,2012-05-18
7D.J54C.,7D,J54C,,"BHZ,BH2,BH1",47.3358,-128.811295,-2666.0,2013-08-03,2014-05-18
7D.J55A.,7D,J55A,,"BHZ,BH2,BH1",47.530499,-129.707596,-2800.0,2011-11-24,2012-05-19
7D.J55C.,7D,J55C,,"BHZ,BH2,BH1",47.531502,-129.707794,-2755.0,2013-08-06,2014-05-17
7D.J57A.,7D,J57A,,"BHZ,BH2,BH1",47.080101,-124.4505,-55.8,2011-10-17,2012-07-15
7D.J57C.,7D,J57C,,"HH1,HH2,HHZ",47.080399,-124.4506,-67.0,2013-09-02,2014-06-28
7D.J58A.,7D,J58A,,"HH1,HH2,HHZ",47.318802,-125.534401,-1511.0,2011-10-18,2012-07-11
7D.J58C.,7D,J58C,,"HH1,HH2,HHZ",47.317799,-125.534599,-1527.0,2013-09-04,2014-06-27
7D.J59A.,7D,J59A,,"HH1,HH2,HHZ",47.509602,-126.415298,-2371.0,2011-10-19,2012-07-11
7D.J59C.,7D,J59C,,"HH1,HH2,HHZ",47.511101,-126.416801,-2389.0,2013-09-05,2014-06-27
7D.J61A.,7D,J61A,,"BHZ,BH2,BH1",47.872501,-128.197205,-2644.0,2011-11-27,2012-05-20
7D.J61C.,7D,J61C,,"BHZ,BH2,BH1",47.872799,-128.197205,-2673.0,2013-08-20,2014-05-31
7D.J63A.,7D,J63A,,"BHZ,BH2,BH1",48.206501,-130.003296,-2882.0,2011-11-25,2012-05-19
7D.J63B.,7D,J63B,,"BHZ,BH2,BH1",48.205399,-130.001907,-2857.0,2012-08-25,2013-06-05
7D.J63C.,7D,J63C,,"BHZ,BH2,BH1",48.2047,-130.005295,-2845.0,2013-08-05,2014-05-17
7D.J65A.,7D,J65A,,"BHZ,BH2,BH1",47.8913,-125.139603,-165.2,2011-10-17,2012-07-16
7D.J65C.,7D,J65C,,"BHZ,BH2,BH1",47.8913,-125.139801,-169.0,2013-08-19,2014-05-29
7D.J67A.,7D,J67A,,"BHZ,BH2,BH1",48.150002,-127.084198,-2612.0,2011-11-26,2012-05-19
7D.J67C.,7D,J67C,,"BHZ,BH2,BH1",48.151001,-127.0868,-2581.0,2013-08-05,2014-05-19
7D.J68A.,7D,J68A,,"BHZ,BH2,BH1",48.480999,-127.829201,-2590.0,2011-11-25,2012-05-19
7D.J68C.,7D,J68C,,"BHZ,BH2,BH1",48.481098,-127.8293,-2587.0,2013-08-20,2014-05-31
7D.J69C.,7D,J69C,,"BHZ,BH2,BH1",48.626999,-128.738602,-2544.0,2013-08-05,2014-05-17
7D.J73A.,7D,J73A,,"BHZ,BH2,BH1",48.7677,-126.192497,-143.3,2011-10-18,2012-07-17
7D.J73C.,7D,J73C,,"BHZ,BH2,BH1",48.767899,-126.192596,-133.0,2013-08-19,2014-05-30
7D.M01A.,7D,M01A,,"BHZ,BH2,BH1",49.150398,-126.722099,-132.9,2011-10-18,2012-07-16
7D.M01C.,7D,M01C,,"BHZ,BH2,BH1",49.150398,-126.722198,-138.0,2013-08-19,2014-05-30
7D.M02A.,7D,M02A,,"BHZ,BH2,BH1",48.306999,-125.600403,-139.0,2011-10-18,2012-07-16
7D.M02C.,7D,M02C,,"BHZ,BH2,BH1",48.3069,-125.601196,-141.0,2013-08-19,2014-05-30
7D.M03A.,7D,M03A,,"HH1,HH2,HHZ",47.888302,-126.103996,-1818.0,2011-10-19,2012-07-11
7D.M03C.,7D,M03C,,"BHZ,BH2,BH1",47.888401,-126.104599,-1839.0,2013-08-19,2014-05-30
7D.M04A.,7D,M04A,,"BHZ,BH2,BH1",47.558102,-125.1922,-563.4,2011-10-17,2012-07-16
7D.M04C.,7D,M04C,,"BHZ,BH2,BH1",47.558399,-125.192299,-570.0,2013-08-19,2014-05-29
7D.M05A.,7D,M05A,,"BHZ,BH2,BH1",46.1735,-124.934601,-828.2,2011-10-17,2012-07-15
7D.M05C.,7D,M05C,,"BHZ,BH2,BH1",46.1735,-124.934502,-837.0,2013-08-19,2014-05-29
7D.M06A.,7D,M06A,,"HH1,HH2,HHZ",45.529499,-124.926804,-1439.0,2011-10-16,2012-07-17
7D.M06C.,7D,M06C,,"HH1,HH2,HHZ",45.528702,-124.926102,-1460.0,2013-09-05,2014-06-24
7D.M07A.,7D,M07A,,"BHZ,BH2,BH1",44.898701,-125.116798,-1356.5,2011-10-15,2012-07-15
7D.M07C.,7D,M07C,,"BHZ,BH2,BH1",44.8988,-125.116798,-1365.0,2013-08-21,2014-06-01
7D.M08A.,7D,M08A,,"BHZ,BH2,BH1",44.118698,-124.895302,-126.4,2011-10-20,2012-07-18
7D.M08C.,7D,M08C,,"BHZ,BH2,BH1",44.1185,-124.895401,-131.0,2013-08-21,2014-06-01
7D.M09B.,7D,M09B,,"HH1,HH2,HHZ",44.249699,-125.058899,-914.0,2012-07-17,2013-06-28
7D.M10B.,7D,M10B,,"HH1,HH2,HHZ",43.624802,-124.972801,-675.0,2012-07-16,2013-06-29
7D.M11B.,7D,M11B,,"BHZ,BH2,BH1",42.931999,-125.017097,-1109.0,2012-09-02,2013-06-18
7D.M12B.,7D,M12B,,"BHZ,BH2,BH1",42.183998,-124.946098,-1045.0,2012-09-02,2013-06-18
7D.M13B.,7D,M13B,,"HH1,HH2,HHZ",41.671501,-124.859596,-909.0,2012-09-18,2013-06-30
7D.M13D.,7D,M13D,,"HH1,HH2,HHZ",43.597301,-125.044601,-990.0,2014-09-09,2015-10-03
7D.M14B.,7D,M14B,,"BHZ,BH2,BH1",40.985001,-124.589699,-638.0,2012-09-02,2013-06-19
7D.M14D.,7D,M14D,,"HH1,HH2,HHZ",42.913601,-124.977898,-997.0,2014-09-10,2015-10-09
7D.M15D.,7D,M15D,,"HH1,HH2,HHZ",42.210701,-124.907402,-933.0,2014-09-11,2015-06-27
7D.M16D.,7D,M16D,,"BHZ,BH2,BH1",41.6618,-124.807098,-882.0,2014-08-12,2015-09-17
7D.M17D.,7D,M17D,,"HH1,HH2,HHZ",41.036999,-124.629799,-749.0,2014-09-12,2015-10-08
7D.M18B.,7D,M18B,,"HH1,HH2,HHZ",44.8871,-124.971199,-720.0,2012-07-14,2013-06-27
7K.AN1.,7K,AN1,,"HH1,HH2,HHZ",40.3154,-66.986078,-2071.3,2018-11-30,2019-09-02
7K.AN2.,7K,AN2,,"HH1,HH2,HHZ",40.316045,-66.968907,-2039.2,2018-11-30,2019-09-02
7K.AN3.,7K,AN3,,"HH1,HH2,HHZ",40.321942,-66.972868,-2014.9,2018-11-30,2019-09-02
7K.AN4.,7K,AN4,,"HH1,HH2,HHZ",40.332022,-66.973035,-1982.2,2018-11-30,2019-09-02
7K.AN5.,7K,AN5,,"HH1,HH2,HHZ",40.330957,-66.981482,-1992.0,2018-11-30,2019-09-02
7K.AN6.,7K,AN6,,"HH1,HH2,HHZ",40.335108,-66.985945,-1992.5,2018-11-30,2019-09-02
9A.EFLK.,9A,EFLK,,"EL2,EL1,ELZ",18.927999,-155.178299,-3860.0,2010-09-16,2011-07-29
9A.EPIT.,9A,EPIT,,"EL2,EL1,ELZ",18.9226,-155.245605,-1169.0,2010-09-17,2011-07-31
9A.LONW.,9A,LONW,,"EL2,EL1,ELZ",18.984699,-155.329102,-2350.0,2010-09-18,2011-07-31
9A.LOSE.,9A,LOSE,,"EL2,EL1,ELZ",18.834999,-155.161896,-4410.0,2010-09-16,2011-07-30
9A.LOSW.,9A,LOSW,,"EL2,EL1,ELZ",18.752899,-155.286194,-4693.0,2010-09-15,2011-07-29
9A.NRFT.,9A,NRFT,,"EL2,EL1,ELZ",18.9631,-155.264801,-1373.0,2010-09-19,2011-07-29
9A.PISC.,9A,PISC,,"EL2,EL1,ELZ",18.917801,-155.263199,-999.0,2010-09-17,2011-07-30
9A.PPAU.,9A,PPAU,,"EL2,EL1,ELZ",19.024799,-155.213898,-2517.0,2010-09-19,2011-07-30
9A.SSMT.,9A,SSMT,,"EL2,EL1,ELZ",18.8908,-155.255493,-1332.0,2010-09-17,2011-08-01
9A.SSWR.,9A,SSWR,,"EL2,EL1,ELZ",18.913601,-155.362701,-3286.0,2010-09-18,2011-08-01
9A.STPF.,9A,STPF,,"EL2,EL1,ELZ",18.9251,-155.202301,-3288.0,2010-09-16,2011-07-30
9A.WFLK.,9A,WFLK,,"EL2,EL1,ELZ",18.9154,-155.316605,-2962.0,2010-09-18,2011-08-02
9R.OBS01.,9R,OBS01,,"EL2,EL1,ELZ",18.51055,-81.76852,-5114.0,2022-12-05,2023-06-23
9R.OBS02.,9R,OBS02,,"EL2,EL1,ELZ",18.51072,-81.74122,-4533.0,2022-12-06,2023-06-23
9R.OBS03.,9R,OBS03,,"EL2,EL1,ELZ",18.48431,-81.76879,-5139.0,2022-12-06,2023-06-23
9R.OBS05.,9R,OBS05,,"EL2,EL1,ELZ",18.45662,-81.76946,-4995.0,2022-12-06,2023-06-24
9R.OBS06.,9R,OBS06,,"EL2,EL1,ELZ",18.45857,-81.741,-4824.0,2022-12-06,2023-06-24
9R.OBS07.,9R,OBS07,,"EL2,EL1,ELZ",18.45582,-81.71142,-5075.0,2022-12-06,2023-06-24
9R.OBS08.,9R,OBS08,,"EL2,EL1,ELZ",18.42997,-81.76982,-4367.0,2022-12-06,2023-06-24
9R.OBS09.,9R,OBS09,,"EL2,EL1,ELZ",18.42769,-81.7404,-4739.0,2022-12-06,2023-06-24
9R.OBS10.,9R,OBS10,,"EL2,EL1,ELZ",18.42986,-81.71073,-5087.0,2022-12-06,2023-06-24
9R.OBS11.,9R,OBS11,,"EL2,EL1,ELZ",18.40188,-81.79697,-2776.0,2022-12-07,2023-06-25
9R.OBS12.,9R,OBS12,,"EL2,EL1,ELZ",18.40247,-81.76913,-3243.0,2022-12-07,2023-06-25
9R.OBS13.,9R,OBS13,,"EL2,EL1,ELZ",18.40244,-81.74102,-3652.0,2022-12-07,2023-06-24
9R.OBS14.,9R,OBS14,,"EL2,EL1,ELZ",18.4018,-81.71165,-4610.0,2022-12-07,2023-06-24
9R.OBS15.,9R,OBS15,,"EL2,EL1,ELZ",18.40249,-81.68466,-5159.0,2022-12-07,2023-06-24
9R.OBS16.,9R,OBS16,,"EL2,EL1,ELZ",18.39057,-81.81344,-2161.0,2022-12-07,2023-06-25
9R.OBS17.,9R,OBS17,,"EL2,EL1,ELZ",18.39003,-81.78395,-2688.0,2022-12-07,2023-06-25
9R.OBS18.,9R,OBS18,,"EL2,EL1,ELZ",18.37576,-81.79837,-2360.0,2022-12-07,2023-06-25
9R.OBS19.,9R,OBS19,,"EL2,EL1,ELZ",18.37625,-81.76956,-2876.0,2022-12-07,2023-06-25
9R.OBS20.,9R,OBS20,,"EL2,EL1,ELZ",18.37558,-81.74139,-3462.0,2022-12-07,2023-06-25
9R.OBS21.,9R,OBS21,,"EL2,EL1,ELZ",18.37612,-81.71157,-4431.0,2022-12-07,2023-06-25
9R.OBS22.,9R,OBS22,,"EL2,EL1,ELZ",18.37606,-81.6843,-5010.0,2022-12-07,2023-06-25
9R.OBS23.,9R,OBS23,,"EL2,EL1,ELZ",18.36268,-81.81329,-2541.0,2022-12-07,2023-06-25
9R.OBS24.,9R,OBS24,,"EL2,EL1,ELZ",18.36371,-81.78385,-2668.0,2022-12-08,2023-06-25
9R.OBS25.,9R,OBS25,,"EL2,EL1,ELZ",18.34974,-81.7981,-2814.0,2022-12-08,2023-06-25
9R.OBS26.,9R,OBS26,,"EL2,EL1,ELZ",18.35001,-81.76889,-3359.0,2022-12-08,2023-06-26
9R.OBS27.,9R,OBS27,,"EL2,EL1,ELZ",18.35071,-81.73935,-3788.0,2022-12-08,2023-06-25
9R.OBS28.,9R,OBS28,,"EL2,EL1,ELZ",18.35155,-81.71165,-4359.0,2022-12-08,2023-06-25
9R.OBS29.,9R,OBS29,,"EL2,EL1,ELZ",18.35144,-81.68487,-4624.0,2022-12-08,2023-06-25
9R.OBS30.,9R,OBS30,,"EL2,EL1,ELZ",18.32296,-81.76986,-3839.0,2022-12-08,2023-06-26
9R.OBS31.,9R,OBS31,,"EL2,EL1,ELZ",18.32323,-81.74068,-4021.0,2022-12-08,2023-06-26
9R.OBS33.,9R,OBS33,,"EL2,EL1,ELZ",18.32334,-81.68364,-4600.0,2022-12-08,2023-06-26
9R.OBS34.,9R,OBS34,,"EL2,EL1,ELZ",18.29627,-81.76998,-4504.0,2022-12-08,2023-06-26
9R.OBS35.,9R,OBS35,,"EL2,EL1,ELZ",18.29531,-81.74237,-4645.0,2022-12-08,2023-06-26
9R.OBS37.,9R,OBS37,,"EL2,EL1,ELZ",18.26997,-81.76977,-4739.0,2022-12-08,2023-06-26
9R.OBS38.,9R,OBS38,,"EL2,EL1,ELZ",18.26974,-81.74165,-4988.0,2022-12-09,2023-06-26
9R.OBS39.,9R,OBS39,,"EL2,EL1,ELZ",18.24238,-81.76819,-4908.0,2022-12-09,2023-06-26
NV.BACME.W1,NV,BACME,W1,"HNN,HNZ,HNE",48.314654,-126.058199,-897.0,2016-06-15,3000-01-01
NV.CBC27.,NV,CBC27,,"HNN,HNZ,HNE",47.756717,-127.731602,-2656.0,2018-06-23,3000-01-01
NV.CBC27.W1,NV,CBC27,W1,"HNN,HNZ,HNE",47.756717,-127.731602,-2656.0,2018-06-23,3000-01-01
NV.CQS64.B1,NV,CQS64,B1,"HH1,HH2,HHZ",48.6999,-126.8721,-1323.0,2016-07-01,3000-01-01
NV.CQS64.W1,NV,CQS64,W1,"HNN,HNZ,HNE",48.6999,-126.8721,-1323.0,2016-07-01,3000-01-01
NV.ENEF.,NV,ENEF,,"HN1,HHZ,HN2,BH2,BH1,HHE,BHZ,HHN,HNZ",47.958368,-129.035438,-2323.0,2020-06-12,3000-01-01
NV.ENHR.,NV,ENHR,,"HH1,HH3,HH2",47.968657,-129.086738,-2162.0,2018-06-27,3000-01-01
NV.ENWF.,NV,ENWF,,"HHZ,HHE,HNN,HHN,HNZ,HNE",47.959766,-129.124481,-2361.0,2016-06-21,3000-01-01
NV.ENWF.B1,NV,ENWF,B1,"HH1,HH2,HHZ",47.959766,-129.124481,-2361.0,2016-06-21,3000-01-01
NV.KEMF.Z3,NV,KEMF,Z3,"HN2,HN1,HN3",47.94956,-129.098691,-2190.0,2010-09-30,3000-01-01
NV.KEMF.Z2,NV,KEMF,Z2,"HN2,HN1,HN3",47.94956,-129.098691,-2190.0,2010-09-30,3000-01-01
NV.KEMF.Z1,NV,KEMF,Z1,"HN2,HN1,HN3",47.94956,-129.098691,-2190.0,2010-09-30,3000-01-01
NV.KEMF.W3,NV,KEMF,W3,"HN1,CN1,HN2,HN3,CN3,CN2",47.94956,-129.098691,-2190.0,2010-09-30,3000-01-01
NV.KEMF.W1,NV,KEMF,W1,"HN1,CN1,HN2,HN3,CN3,CN2",47.94956,-129.098691,-2190.0,2010-09-30,3000-01-01
NV.KEMF.B1,NV,KEMF,B1,"HNN,HNZ,HNE",47.94956,-129.098691,-2190.0,2010-09-30,3000-01-01
NV.KEMF.,NV,KEMF,,"EHE,EHN,EHZ",47.94956,-129.098691,-2190.0,2010-09-30,3000-01-01
NV.KEMF.W2,NV,KEMF,W2,"HN1,CN1,HN2,HN3,CN3,CN2",47.94956,-129.098691,-2190.0,2010-09-30,3000-01-01
NV.KEMO.,NV,KEMO,,"HHZ,EHZ,HHE,HNN,EHE,HHN,EHN,HNZ,HNE",47.924102,-129.1082,-2270.0,2016-06-18,3000-01-01
NV.NC27.,NV,NC27,,"HHZ,HHE,HNN,HHN,HNZ,HNE",47.76258,-127.758102,-2656.0,2009-09-14,3000-01-01
NV.NC89.,NV,NC89,,"HHZ,HHE,HNN,HHN,HNZ,HNE",48.670537,-126.848767,-1258.0,2009-09-17,3000-01-01
NV.NC89.W1,NV,NC89,W1,"HNN,HNZ,HNE",48.670537,-126.848767,-1258.0,2009-09-17,3000-01-01
NV.NCBC.,NV,NCBC,,"HHZ,HHE,HNN,HHN,HNZ,HNE",48.4275,-126.1752,-398.0,2009-09-07,3000-01-01
NV.NCBC.W1,NV,NCBC,W1,"HNN,HNZ,HNE",48.4275,-126.1752,-398.0,2009-09-07,3000-01-01
NV.NCHR.,NV,NCHR,,"EHE,EHN,EHZ",47.973751,-129.082092,-2152.0,2010-10-03,3000-01-01
NV.NSMTC.B2,NV,NSMTC,B2,"CNZ,CN1,CN2",48.648682,-123.446182,-8.0,2017-08-18,3000-01-01
NV.NSMTC.B1,NV,NSMTC,B1,"CNZ,CN1,CN2",48.648682,-123.446182,-8.0,2017-08-18,3000-01-01
NV.NSMTC.B3,NV,NSMTC,B3,"CNZ,CN1,CN2",48.648682,-123.446182,-8.0,2017-08-18,3000-01-01
OO.AXAS1.,OO,AXAS1,,"SHE,EHZ,SHN,EHE,EHN,SHZ",45.933555,-129.999235,-1534.0,2014-08-01,3000-01-01
OO.AXAS2.,OO,AXAS2,,"SHE,EHZ,SHN,EHE,EHN,SHZ",45.933782,-130.014094,-1545.0,2014-08-01,3000-01-01
OO.AXBA1.,OO,AXBA1,,"HHZ,BHN,HHE,HNN,BHZ,HHN,HNZ,HNE,BHE",45.820176,-129.736709,-2607.2,2014-08-08,3000-01-01
OO.AXCC1.,OO,AXCC1,,"HHZ,BHN,HHE,HNN,BHZ,HHN,HNZ,HNE,BHE",45.954683,-130.008979,-1527.0,2014-07-25,3000-01-01
OO.AXEC1.,OO,AXEC1,,"SHE,EHZ,SHN,EHE,EHN,SHZ",45.949577,-129.9797,-1512.0,2014-08-01,3000-01-01
OO.AXEC2.,OO,AXEC2,,"HHZ,BHN,HHE,HNN,BHZ,HHN,HNZ,HNE,BHE",45.939671,-129.973776,-1519.0,2014-07-23,3000-01-01
OO.AXEC3.,OO,AXEC3,,"SHE,EHZ,SHN,EHE,EHN,SHZ",45.93607,-129.978545,-1516.0,2014-08-01,3000-01-01
OO.AXID1.,OO,AXID1,,"SHE,EHZ,SHN,EHE,EHN,SHZ",45.92572,-129.978031,-1527.5,2014-07-21,3000-01-01
OO.HYS11.,OO,HYS11,,"SHE,EHZ,SHN,EHE,EHN,SHZ",44.573029,-125.152499,-818.0,2014-09-01,3000-01-01
OO.HYS12.,OO,HYS12,,"SHE,EHZ,SHN,EHE,EHN,SHZ",44.573195,-125.143917,-788.0,2014-09-01,3000-01-01
OO.HYS13.,OO,HYS13,,"SHE,EHZ,SHN,EHE,EHN,SHZ",44.567395,-125.144178,-789.0,2014-08-01,3000-01-01
OO.HYS14.,OO,HYS14,,"HHZ,BHN,HHE,HNN,BHZ,HHN,HNZ,HNE,BHE",44.569157,-125.1479,-775.0,2014-09-07,3000-01-01
OO.HYSB1.,OO,HYSB1,,"HHZ,BHN,HHE,HNN,BHZ,HHN,HNZ,HNE,BHE",44.509791,-125.405258,-2908.0,2014-08-01,3000-01-01
X6.01.,X6,01,,"EL2,EL1,ELZ",44.259602,-125.329803,-2990.0,2012-06-09,2012-07-11
X6.02.,X6,02,,"EL2,EL1,ELZ",44.391602,-125.370499,-2972.0,2012-06-09,2012-07-11
X6.03.,X6,03,,"EL2,EL1,ELZ",44.5396,-125.415497,-2932.0,2012-06-09,2012-07-11
X6.07.,X6,07,,"EL2,EL1,ELZ",45.091999,-125.5858,-2734.0,2012-06-09,2012-07-11
X6.08.,X6,08,,"EL2,EL1,ELZ",45.237999,-125.632301,-2678.0,2012-06-09,2012-07-11
X6.09.,X6,09,,"EL2,EL1,ELZ",45.383598,-125.677902,-2621.0,2012-06-09,2012-06-26
X6.10.,X6,10,,"EL2,EL1,ELZ",45.527802,-125.723099,-2489.0,2012-06-09,2012-06-26
X6.11.,X6,11,,"EL2,EL1,ELZ",45.674702,-125.769997,-2424.0,2012-06-09,2012-06-26
X6.12.,X6,12,,"EL2,EL1,ELZ",45.833099,-125.813301,-2341.0,2012-06-09,2012-06-25
X6.13.,X6,13,,"EL2,EL1,ELZ",45.9646,-125.861801,-2454.0,2012-06-09,2012-06-25
X6.17.,X6,17,,"EL2,EL1,ELZ",46.545101,-126.0513,-2673.0,2012-06-09,2012-06-25
X6.18.,X6,18,,"EL2,EL1,ELZ",46.689701,-126.098801,-2641.0,2012-06-09,2012-06-25
X6.19.,X6,19,,"EL2,EL1,ELZ",46.837101,-126.147697,-2617.0,2012-06-10,2012-06-25
X6.20.,X6,20,,"EL2,EL1,ELZ",46.982201,-126.196098,-2596.0,2012-06-10,2012-06-25
X6.21.,X6,21,,"EL2,EL1,ELZ",47.127201,-126.2453,-2549.0,2012-06-10,2012-06-25
X6.22.,X6,22,,"EL2,EL1,ELZ",47.271801,-126.294098,-2503.0,2012-06-10,2012-06-25
X6.27.,X6,27,,"EL2,EL1,ELZ",47.111301,-124.593201,-81.0,2012-06-10,2012-06-22
X6.28.,X6,28,,"EL2,EL1,ELZ",47.123001,-124.789398,-129.0,2012-06-10,2012-06-22
X6.29.,X6,29,,"EL2,EL1,ELZ",47.1474,-124.984802,-300.0,2012-06-10,2012-06-22
X6.30.,X6,30,,"EL2,EL1,ELZ",47.174599,-125.138603,-1250.0,2012-06-10,2012-06-22
X6.31.,X6,31,,"EL2,EL1,ELZ",47.201401,-125.290298,-1504.0,2012-06-10,2012-06-22
X6.32.,X6,32,,"EL2,EL1,ELZ",47.228699,-125.445801,-1768.0,2012-06-10,2012-06-22
X6.33.,X6,33,,"EL2,EL1,ELZ",47.255199,-125.600197,-1257.0,2012-06-10,2012-06-22
X6.34.,X6,34,,"EL2,EL1,ELZ",47.298199,-125.794601,-1762.0,2012-06-11,2012-06-22
X6.38.,X6,38,,"EL2,EL1,ELZ",47.502998,-126.794899,-2475.0,2012-06-11,2012-06-23
X6.39.,X6,39,,"EL2,EL1,ELZ",47.543201,-126.9356,-2542.0,2012-06-11,2012-06-23
X6.40.,X6,40,,"EL2,EL1,ELZ",47.582901,-127.127998,-2564.0,2012-06-11,2012-06-23
X6.41.,X6,41,,"EL2,EL1,ELZ",47.622501,-127.320099,-2616.0,2012-06-11,2012-06-23
X6.45.,X6,45,,"EL2,EL1,ELZ",47.7761,-128.086899,-2673.0,2012-06-11,2012-06-23
X6.47.,X6,47,,"EL2,EL1,ELZ",47.851799,-128.473495,-2686.0,2012-06-11,2012-06-23
X6.48.,X6,48,,"EL2,EL1,ELZ",44.667801,-124.749199,-189.0,2012-06-26,2012-07-10
X6.49.,X6,49,,"EL2,EL1,ELZ",44.651299,-124.5093,-135.0,2012-06-26,2012-07-10
X6.50.,X6,50,,"EL2,EL1,ELZ",44.351002,-124.508003,-98.0,2012-06-26,2012-07-10
X6.51.,X6,51,,"EL2,EL1,ELZ",44.0686,-124.7257,-113.0,2012-06-26,2012-07-11
X6.52.,X6,52,,"EL2,EL1,ELZ",44.061001,-124.445396,-123.0,2012-06-26,2012-07-11
X6.53.,X6,53,,"EL2,EL1,ELZ",44.072102,-124.974197,-457.0,2012-06-26,2012-07-11
X6.54.,X6,54,,"EL2,EL1,ELZ",44.435799,-124.7257,-135.0,2012-06-26,2012-07-10
X6.56.,X6,56,,"EL2,EL1,ELZ",44.540401,-125.067802,-1269.0,2012-06-26,2012-07-10
X6.61.,X6,61,,"EL2,EL1,ELZ",44.878601,-126.201401,-2832.0,2012-06-26,2012-07-10
X6.62.,X6,62,,"EL2,EL1,ELZ",44.930302,-126.379097,-2828.0,2012-06-26,2012-07-09
X6.63.,X6,63,,"EL2,EL1,ELZ",44.979599,-126.549599,-2855.0,2012-06-27,2012-07-09
X6.64.,X6,64,,"EL2,EL1,ELZ",45.028301,-126.721001,-2872.0,2012-06-27,2012-07-09
X6.65.,X6,65,,"EL2,EL1,ELZ",45.078499,-126.896599,-2867.0,2012-06-27,2012-07-09
X6.66.,X6,66,,"EL2,EL1,ELZ",45.140499,-127.114502,-2890.0,2012-06-27,2012-07-09
X6.71.,X6,71,,"EL2,EL1,ELZ",45.397202,-128.045807,-2866.0,2012-06-27,2012-07-09
X6.72.,X6,72,,"EL2,EL1,ELZ",45.445801,-128.223801,-2834.0,2012-06-27,2012-07-08
X6.73.,X6,73,,"EL2,EL1,ELZ",45.493698,-128.404099,-2826.0,2012-06-27,2012-07-08
X6.74.,X6,74,,"EL2,EL1,ELZ",45.540901,-128.581299,-2804.0,2012-06-27,2012-07-08
X6.75.,X6,75,,"EL2,EL1,ELZ",45.588501,-128.761398,-2797.0,2012-06-27,2012-07-08
X6.76.,X6,76,,"EL2,EL1,ELZ",45.6353,-128.940704,-2800.0,2012-06-27,2012-07-08
X6.77.,X6,77,,"EL2,EL1,ELZ",45.681999,-129.119705,-2765.0,2012-06-27,2012-07-08
X6.78.,X6,78,,"EL2,EL1,ELZ",45.728298,-129.299698,-2733.0,2012-06-27,2012-07-08
X6.79.,X6,79,,"EL2,EL1,ELZ",45.774601,-129.479904,-2540.0,2012-06-27,2012-07-08
X6.84.,X6,84,,"EL2,EL1,ELZ",45.3932,-128.874496,-2820.0,2012-06-28,2012-07-07
X6.85.,X6,85,,"EL2,EL1,ELZ",45.197899,-128.987,-2832.0,2012-06-28,2012-07-07
X6.S04.,X6,S04,,"EL2,EL1,ELZ",44.6549,-125.450798,-2882.0,2012-06-07,2012-07-10
X6.S05.,X6,S05,,"EL2,EL1,ELZ",44.801102,-125.495903,-2838.0,2012-06-07,2012-07-10
X6.S06.,X6,S06,,"EL2,EL1,ELZ",44.921902,-125.5327,-2795.0,2012-06-07,2012-07-10
X6.S14.,X6,S14,,"EL2,EL1,ELZ",46.110001,-125.909203,-2622.0,2012-06-07,2012-06-24
X6.S15.,X6,S15,,"EL2,EL1,ELZ",46.266998,-125.959801,-2579.0,2012-06-07,2012-06-24
X6.S16.,X6,S16,,"EL2,EL1,ELZ",46.4011,-126.004097,-2599.0,2012-06-07,2012-06-24
X6.S23.,X6,S23,,"EL2,EL1,ELZ",47.4184,-126.3433,-2415.0,2012-06-09,2012-06-24
X6.S24.,X6,S24,,"EL2,EL1,ELZ",47.549599,-126.386002,-2353.0,2012-06-08,2012-06-23
X6.S25.,X6,S25,,"EL2,EL1,ELZ",47.681301,-126.428398,-2315.0,2012-06-08,2012-06-24
X6.S26.,X6,S26,,"EL2,EL1,ELZ",47.8125,-126.470901,-2266.0,2012-06-07,2012-07-23
X6.S35.,X6,S35,,"EL2,EL1,ELZ",47.340302,-125.986,-1752.0,2012-06-09,2012-06-22
X6.S36.,X6,S36,,"EL2,EL1,ELZ",47.381802,-126.1772,-2180.0,2012-06-09,2012-06-22
X6.S37.,X6,S37,,"EL2,EL1,ELZ",47.463299,-126.555901,-2419.0,2012-06-09,2012-06-22
X6.S42.,X6,S42,,"EL2,EL1,ELZ",47.6628,-127.518402,-2652.0,2012-06-09,2012-06-22
X6.S43.,X6,S43,,"EL2,EL1,ELZ",47.698101,-127.694,-2680.0,2012-06-09,2012-06-22
X6.S44.,X6,S44,,"EL2,EL1,ELZ",47.739101,-127.898697,-2658.0,2012-06-09,2012-06-22
X6.S57.,X6,S57,,"EL2,EL1,ELZ",44.603199,-125.274597,-2166.0,2012-06-24,2012-07-09
X6.S58.,X6,S58,,"EL2,EL1,ELZ",44.725899,-125.684303,-2870.0,2012-06-24,2012-07-09
X6.S59.,X6,S59,,"EL2,EL1,ELZ",44.776798,-125.854599,-2897.0,2012-06-24,2012-07-09
X6.S60.,X6,S60,,"EL2,EL1,ELZ",44.827,-126.027397,-2856.0,2012-06-24,2012-07-09
X6.S67.,X6,S67,,"EL2,EL1,ELZ",45.201,-127.331497,-2899.0,2012-06-25,2012-07-08
X6.S68.,X6,S68,,"EL2,EL1,ELZ",45.250599,-127.509399,-2914.0,2012-06-25,2012-07-08
X6.S69.,X6,S69,,"EL2,EL1,ELZ",45.2995,-127.687798,-2883.0,2012-06-25,2012-07-08
X6.S70.,X6,S70,,"EL2,EL1,ELZ",45.349602,-127.866699,-2954.0,2012-06-25,2012-07-08
X6.S80.,X6,S80,,"EL2,EL1,ELZ",45.810398,-129.621094,-2609.0,2012-06-25,2012-07-07
X6.S81.,X6,S81,,"EL2,EL1,ELZ",45.9515,-128.548096,-2785.0,2012-06-25,2012-07-07
X6.S82.,X6,S82,,"EL2,EL1,ELZ",45.842602,-128.611694,-2795.0,2012-06-25,2012-07-07
X6.S83.,X6,S83,,"EL2,EL1,ELZ",45.716599,-128.686295,-2806.0,2012-06-25,2012-07-06
X9.BB030.,X9,BB030,,"HH1,HH2,HHZ",42.9473,-126.933601,-2730.0,2012-09-18,2013-10-04
X9.BB060.,X9,BB060,,"HH1,HH2,HHZ",42.856098,-126.113297,-2795.0,2012-09-19,2013-10-05
X9.BB070.,X9,BB070,,"HH1,HH2,HHZ",43.306801,-126.006798,-3023.0,2012-09-19,2013-10-05
X9.BB090.,X9,BB090,,"HH1,HH2,HHZ",43.3736,-126.660301,-2901.0,2012-09-20,2013-10-05
X9.BB120.,X9,BB120,,"HH1,HH2,HHZ",43.9786,-127.2957,-2882.0,2012-09-20,2013-09-23
X9.BB130.,X9,BB130,,"HH1,HH2,HHZ",43.638802,-127.471298,-2902.0,2012-09-20,2013-09-23
X9.BB140.,X9,BB140,,"HH1,HH2,HHZ",43.423599,-127.6894,-2151.0,2012-09-20,2013-10-03
X9.BB150.,X9,BB150,,"HH1,HH2,HHZ",43.314701,-127.349998,-2512.0,2012-09-21,2013-10-04
X9.BB170.,X9,BB170,,"HH1,HH2,HHZ",43.142899,-127.777397,-4077.0,2012-09-21,2013-10-03
X9.BB180.,X9,BB180,,"HH1,HH2,HHZ",42.868198,-128.304993,-3305.0,2012-09-21,2013-10-03
X9.BB200.,X9,BB200,,"HH1,HH2,HHZ",43.488998,-127.958,-2477.0,2012-09-21,2013-10-03
X9.BB230.,X9,BB230,,"HH1,HH2,HHZ",43.566002,-128.258408,-2365.0,2012-09-22,2013-10-02
X9.BB240.,X9,BB240,,"HH1,HH2,HHZ",43.427502,-128.355698,-3220.0,2012-09-22,2013-10-02
X9.BB260.,X9,BB260,,"HH1,HH2,HHZ",43.623299,-128.863007,-3132.0,2012-09-22,2013-10-02
X9.BB290.,X9,BB290,,"HH1,HH2,HHZ",43.6264,-128.514404,-2760.0,2012-09-23,2013-10-02
X9.BB300.,X9,BB300,,"HH1,HH2,HHZ",43.838902,-128.317795,-2897.0,2012-09-23,2013-09-24
X9.BB320.,X9,BB320,,"HH1,HH2,HHZ",44.170799,-128.707703,-2769.0,2012-09-23,2013-09-24
X9.BB330.,X9,BB330,,"HH1,HH2,HHZ",44.614498,-128.600403,-2843.0,2012-09-23,2013-09-24
X9.BB350.,X9,BB350,,"HH1,HH2,HHZ",43.987,-129.075607,-3297.0,2012-09-24,2013-09-25
X9.BB370.,X9,BB370,,"HH1,HH2,HHZ",43.780201,-129.338898,-3108.0,2012-09-24,2013-10-01
X9.BB390.,X9,BB390,,"HH1,HH2,HHZ",43.9851,-129.680893,-3198.0,2012-09-24,2013-10-01
X9.BB410.,X9,BB410,,"HH1,HH2,HHZ",43.930698,-129.998306,-3212.0,2012-09-25,2013-10-01
X9.BB420.,X9,BB420,,"HH1,HH2,HHZ",43.6297,-130.208206,-3326.0,2012-09-25,2013-10-01
X9.BB440.,X9,BB440,,"HH1,HH2,HHZ",44.211102,-130.458099,-3145.0,2012-09-25,2013-09-28
X9.BB450.,X9,BB450,,"HH1,HH2,HHZ",44.225498,-130.766098,-3119.0,2012-09-25,2013-09-27
X9.BB480.,X9,BB480,,"HH1,HH2,HHZ",44.3489,-130.021194,-4787.0,2012-09-26,2013-09-27
X9.BB510.,X9,BB510,,"HH1,HH2,HHZ",44.310699,-129.337006,-2538.0,2012-09-26,2013-09-25
X9.BB530.,X9,BB530,,"HH1,HH2,HHZ",44.546101,-129.820007,-2912.0,2012-09-27,2013-09-26
X9.BB540.,X9,BB540,,"HH1,HH2,HHZ",44.594101,-130.190903,-2536.0,2012-09-27,2013-09-26
X9.BB550.,X9,BB550,,"HH1,HH2,HHZ",44.6772,-130.620193,-2995.0,2012-09-27,2013-09-26
X9.BS010.,X9,BS010,,"EL2,EL1,ELZ",43.205898,-127.049004,-4380.0,2012-09-19,2013-10-04
X9.BS020.,X9,BS020,,"EL2,EL1,ELZ",43.088001,-127.209396,-3046.0,2012-09-19,2013-10-04
X9.BS040.,X9,BS040,,"EL2,EL1,ELZ",43.123199,-126.716698,-3424.0,2012-09-19,2013-10-05
X9.BS050.,X9,BS050,,"EL2,EL1,ELZ",42.7943,-126.527,-2720.0,2012-09-20,2013-10-04
X9.BS080.,X9,BS080,,"EL2,EL1,ELZ",43.210499,-126.329498,-3005.0,2012-09-20,2013-10-05
X9.BS100.,X9,BS100,,"EL2,EL1,ELZ",43.5369,-126.857002,-2957.0,2012-09-21,2013-10-05
X9.BS110.,X9,BS110,,"EL2,EL1,ELZ",43.709499,-127.169502,-2981.0,2012-09-21,2013-10-06
X9.BS160.,X9,BS160,,"EL2,EL1,ELZ",43.209202,-127.499702,-2353.0,2012-09-22,2013-10-04
X9.BS190.,X9,BS190,,"EL2,EL1,ELZ",43.311699,-128.076996,-3071.0,2012-09-22,2013-10-03
X9.BS210.,X9,BS210,,"EL2,EL1,ELZ",43.668201,-127.808197,-2610.0,2012-09-23,2013-09-24
X9.BS220.,X9,BS220,,"EL2,EL1,ELZ",43.736599,-128.021103,-2977.0,2012-09-23,2013-09-24
X9.BS250.,X9,BS250,,"EL2,EL1,ELZ",43.506901,-128.659103,-3201.0,2012-09-23,2013-10-02
X9.BS280.,X9,BS280,,"EL2,EL1,ELZ",43.735802,-128.696503,-3535.0,2012-09-24,2013-10-02
X9.BS310.,X9,BS310,,"SL1,SL2,SLZ",43.924,-128.586807,-2582.0,2012-09-24,2013-09-24
X9.BS340.,X9,BS340,,"EL2,EL1,ELZ",44.137299,-129.002106,-2500.0,2012-09-25,2013-09-25
X9.BS360.,X9,BS360,,"EL2,EL1,ELZ",44.036701,-129.332596,-2427.0,2012-09-25,2013-09-25
X9.BS380.,X9,BS380,,"EL2,EL1,ELZ",43.810101,-129.6418,-3215.0,2012-09-25,2013-10-01
X9.BS401.,X9,BS401,,"EL2,EL1,ELZ",44.106098,-129.927094,-3210.0,2012-10-01,2013-10-01
X9.BS430.,X9,BS430,,"EL2,EL1,ELZ",44.1003,-130.207703,-3210.0,2012-09-26,2013-09-28
X9.BS460.,X9,BS460,,"EL2,EL1,ELZ",44.439201,-130.833206,-2847.0,2012-09-27,2013-09-27
X9.BS470.,X9,BS470,,"EL2,EL1,ELZ",44.3661,-130.372803,-2379.0,2012-09-27,2013-09-27
X9.BS490.,X9,BS490,,"EL2,EL1,ELZ",44.2393,-129.669998,-3652.0,2012-09-27,2013-09-26
X9.BS500.,X9,BS500,,"EL2,EL1,ELZ",44.161201,-129.483307,-3486.0,2012-09-27,2013-09-25
X9.BS520.,X9,BS520,,"EL2,EL1,ELZ",44.431499,-129.603607,-2527.0,2012-09-28,2013-09-26
XJ.OBS01.,XJ,OBS01,,"EL2,EL1,ELZ",28.8582,-88.490799,-881.0,2011-04-03,2011-04-07
XJ.OBS02.,XJ,OBS02,,"EL2,EL1,ELZ",28.8578,-88.490799,-882.0,2011-04-03,2011-04-07
XJ.OBS03.,XJ,OBS03,,"EL2,EL1,ELZ",28.8577,-88.490898,-880.0,2011-04-03,2011-04-07
XJ.OBS04.,XJ,OBS04,,"EL2,EL1,ELZ",28.857401,-88.490997,-882.0,2011-04-03,2011-04-08
XJ.OBS05.,XJ,OBS05,,"EL2,EL1,ELZ",28.857201,-88.490898,-883.0,2011-04-03,2011-04-08
XJ.OBS06.,XJ,OBS06,,"EL2,EL1,ELZ",28.857,-88.490997,-884.0,2011-04-03,2011-04-08
XJ.OBS07.,XJ,OBS07,,"EL2,EL1,ELZ",28.856701,-88.490898,-885.0,2011-04-03,2011-04-08
XJ.OBS08.,XJ,OBS08,,"EL2,EL1,ELZ",28.8566,-88.490898,-885.0,2011-04-03,2011-04-08
XJ.OBS09.,XJ,OBS09,,"EL2,EL1,ELZ",28.8563,-88.490898,-887.0,2011-04-03,2011-04-08
XJ.OBS10.,XJ,OBS10,,"EL2,EL1,ELZ",28.8561,-88.490898,-885.0,2011-04-03,2011-04-08
XJ.OBS11.,XJ,OBS11,,"EL2,EL1,ELZ",28.855801,-88.490898,-884.0,2011-04-03,2011-04-08
XJ.OBS12.,XJ,OBS12,,"EL2,EL1,ELZ",28.851299,-88.490799,-887.0,2011-04-03,2011-04-08
XJ.OBS13.,XJ,OBS13,,"EL2,EL1,ELZ",28.8468,-88.4907,-910.0,2011-04-03,2011-04-08
XJ.OBS14.,XJ,OBS14,,"EL2,EL1,ELZ",28.8627,-88.490898,-870.0,2011-04-03,2011-04-07
XJ.OBS15.,XJ,OBS15,,"EL2,EL1,ELZ",28.867201,-88.491096,-863.0,2011-04-03,2011-04-07
XO.LA21.,XO,LA21,,"BHN,HHZ,HH2,BHZ,HH1,BHE",38.774899,-155.0735,-5113.0,2012-07-29,2019-08-26
XO.LA23.,XO,LA23,,"HH1,HH2,HHZ",54.9163,-155.2376,-3977.0,2018-05-23,2019-08-26
XO.LA25.,XO,LA25,,"HH1,HH2,HHZ",54.8901,-155.9408,-2622.0,2018-05-14,2019-08-20
XO.LA26.,XO,LA26,,"HH1,HH2,HHZ",54.5129,-156.2561,-5103.0,2018-05-22,2019-08-20
XO.LA28.,XO,LA28,,"HH1,HH2,HHZ",54.8983,-156.603,-1852.0,2018-05-14,2019-08-20
XO.LA29.,XO,LA29,,"HH1,HH2,HHZ",54.2918,-157.3705,-4408.0,2018-05-21,2019-08-26
XO.LA30.,XO,LA30,,"HH1,HH2,HHZ",54.6727,-157.4203,-1564.0,2018-05-14,2019-08-21
XO.LA32.,XO,LA32,,"HH1,HH2,HHZ",54.4982,-157.8522,-1595.0,2018-05-15,2019-08-21
XO.LA33.,XO,LA33,,"HH1,HH2,HHZ",54.1528,-158.1143,-4478.0,2018-05-21,2019-08-25
XO.LA34.,XO,LA34,,"HH1,HH2,HHZ",54.0449,-158.5881,-4612.0,2018-05-20,2019-08-25
XO.LA39.,XO,LA39,,"HH1,HH2,HHZ",56.8827,-151.0011,-1628.0,2018-05-27,2019-08-11
XO.LD35.,XO,LD35,,"HH1,HH2,HHZ",54.2495,-158.872,-1993.0,2018-05-16,2019-08-25
XO.LD36.,XO,LD36,,"HH1,HH2,HHZ",55.2524,-155.7525,-935.0,2018-05-14,2019-08-20
XO.LD37.,XO,LD37,,"HH1,HH2,HHZ",55.6764,-151.1005,-4826.0,2018-05-25,2019-08-28
XO.LD38.,XO,LD38,,"HH1,HH2,HHZ",55.1649,-151.6756,-4043.0,2018-05-25,2019-08-28
XO.LD40.,XO,LD40,,"HH1,HH2,HHZ",56.3037,-152.4102,-1055.0,2018-05-25,2019-08-13
XO.LD41.,XO,LD41,,"HH1,HH2,HHZ",54.5219,-153.4074,-4284.0,2018-05-23,2019-08-27
XO.LD44.,XO,LD44,,"HH1,HH2,HHZ",53.8302,-159.7736,-4675.0,2018-05-20,2019-08-24
XO.LD45.,XO,LD45,,"HH1,HH2,HHZ",54.1025,-159.8829,-2019.0,2018-05-20,2019-08-24
XO.LT01.,XO,LT01,,"HH1,HH2,HHZ",56.7756,-152.5228,-156.0,2018-05-24,2019-08-14
XO.LT02.,XO,LT02,,"HH1,HH2,HHZ",56.6932,-153.2611,-152.0,2018-05-24,2019-08-28
XO.LT03.,XO,LT03,,"HH1,HH2,HHZ",57.8668,-154.1665,-202.0,2018-05-10,2019-08-15
XO.LT04.,XO,LT04,,"HH1,HH2,HHZ",56.1118,-154.4446,-157.0,2018-05-24,2019-08-14
XO.LT05.,XO,LT05,,"HH1,HH2,HHZ",56.823,-155.3469,-236.0,2018-05-11,2019-08-15
XO.LT06.,XO,LT06,,"HH1,HH2,HHZ",56.2167,-155.9979,-225.0,2018-05-12,2019-08-17
XO.LT07.,XO,LT07,,"HH1,HH2,HHZ",56.6712,-156.1199,-262.0,2018-05-11,2019-08-15
XO.LT08.,XO,LT08,,"HH1,HH2,HHZ",55.5883,-156.5975,-246.0,2018-05-13,2019-08-28
XO.LT09.,XO,LT09,,"HH1,HH2,HHZ",55.1215,-157.1389,-151.0,2018-05-14,2019-08-19
XO.LT10.,XO,LT10,,"HH1,HH2,HHZ",55.6251,-157.3251,-98.0,2018-05-13,2019-08-18
XO.LT11.,XO,LT11,,"HH1,HH2,HHZ",56.1202,-157.3355,-162.0,2018-05-12,2019-08-28
XO.LT12.,XO,LT12,,"HH1,HH2,HHZ",55.207,-157.778,-83.0,2018-05-13,2019-08-19
XO.LT13.,XO,LT13,,"HH1,HH2,HHZ",54.8439,-158.3466,-203.0,2018-05-15,2019-08-22
XO.LT14.,XO,LT14,,"HH1,HH2,HHZ",55.6998,-158.0302,-125.0,2018-05-12,2019-08-18
XO.LT15.,XO,LT15,,"HH1,HH2,HHZ",55.2002,-158.3598,-167.0,2018-05-12,2019-08-21
XO.LT16.,XO,LT16,,"HH1,HH2,HHZ",55.4916,-158.6013,-125.0,2018-05-12,2019-08-22
XO.LT17.,XO,LT17,,"HH1,HH2,HHZ",54.5677,-160.2016,-114.0,2018-05-16,2019-08-23
XO.LT18.,XO,LT18,,"HH1,HH2,HHZ",54.74,-160.5814,-115.0,2018-05-17,2019-08-23
XO.LT20.,XO,LT20,,"HH1,HH2,HHZ",54.8002,-161.3746,-150.0,2018-05-16,2019-08-22
XO.WD46.,XO,WD46,,"HH1,HH2,HHZ",55.521393,-149.703732,-4349.0,2018-07-12,2019-09-11
XO.WD47.,XO,WD47,,"HH1,HH2,HHZ",54.951352,-150.444792,-3999.0,2018-07-13,2019-09-11
XO.WD48.,XO,WD48,,"HH1,HH2,HHZ",56.627365,-151.731343,-1324.0,2018-07-21,2019-09-04
XO.WD49.,XO,WD49,,"HH1,HH2,HHZ",54.399083,-151.89947,-4091.0,2018-07-13,2019-09-11
XO.WD50.,XO,WD50,,"HH1,HH2,HHZ",55.449527,-152.391763,-4986.6,2018-07-21,2019-08-29
XO.WD51.,XO,WD51,,"HH1,HH2,HHZ",55.905087,-152.771768,-4361.0,2018-07-20,2019-09-01
XO.WD52.,XO,WD52,,"HH1,HH2,HHZ",54.046622,-159.346215,-2564.0,2018-07-18,2019-09-03
XO.WD53.,XO,WD53,,"HH1,HH2,HHZ",53.779448,-153.422908,-4646.0,2018-07-13,2019-09-10
XO.WD54.,XO,WD54,,"HH1,HH2,HHZ",56.331433,-149.066665,-4520.0,2018-07-22,2019-09-11
XO.WD55.,XO,WD55,,"HH1,HH2,HHZ",55.761625,-153.662817,-1284.0,2018-07-20,2019-09-01
XO.WD56.,XO,WD56,,"HH1,HH2,HHZ",55.322267,-154.047078,-4060.0,2018-07-19,2019-08-30
XO.WD57.,XO,WD57,,"HH1,HH2,HHZ",54.736387,-154.434305,-5053.0,2018-07-19,2019-08-31
XO.WD58.,XO,WD58,,"HH1,HH2,HHZ",53.906227,-155.035345,-4493.0,2018-07-14,2019-09-09
XO.WD59.,XO,WD59,,"HH1,HH2,HHZ",53.383713,-155.799387,-4550.0,2018-07-14,2019-09-10
XO.WD60.,XO,WD60,,"HH1,HH2,HHZ",52.644867,-156.579823,-4519.0,2018-07-14,2019-09-07
XO.WD61.,XO,WD61,,"HH1,HH2,HHZ",54.647613,-156.868282,-2067.0,2018-07-19,2019-09-01
XO.WD62.,XO,WD62,,"HH1,HH2,HHZ",53.361962,-157.331882,-4626.0,2018-07-15,2019-09-08
XO.WD63.,XO,WD63,,"HH1,HH2,HHZ",52.590072,-158.093575,-4656.0,2018-07-15,2019-09-08
XO.WD64.,XO,WD64,,"HH1,HH2,HHZ",52.001077,-158.691562,-4754.0,2018-07-16,2019-09-09
XO.WD65.,XO,WD65,,"HH1,HH2,HHZ",52.899057,-158.91238,-4718.0,2018-07-16,2019-09-08
XO.WD66.,XO,WD66,,"HH1,HH2,HHZ",53.31452,-159.617565,-4941.0,2018-07-17,2019-09-06
XO.WD67.,XO,WD67,,"HH1,HH2,HHZ",52.162563,-160.035832,-4652.0,2018-07-16,2019-09-07
XO.WD68.,XO,WD68,,"HH1,HH2,HHZ",52.917603,-160.081145,-4715.0,2018-07-17,2019-09-06
XO.WD69.,XO,WD69,,"HH1,HH2,HHZ",53.782065,-160.34289,-3896.0,2018-07-17,2019-09-03
XO.WD70.,XO,WD70,,"HH1,HH2,HHZ",56.541073,-151.234407,-3253.0,2018-07-22,2019-08-28
XO.WS71.,XO,WS71,,"HN1,HH2,HN2,HHZ,HH1,HNZ",56.15695,-153.078922,-1554.8,2018-07-20,2019-09-03
XO.WS72.,XO,WS72,,"HN1,HH2,HN2,HHZ,HH1,HNZ",56.257748,-151.81063,-4141.7,2018-07-21,2019-08-29
XO.WS73.,XO,WS73,,"HN1,HH2,HN2,HHZ,HH1,HNZ",54.419958,-158.513277,-2132.9,2018-07-18,2019-10-22
XO.WS74.,XO,WS74,,"HN1,HH2,HN2,HHZ,HH1,HNZ",54.369193,-159.361628,-902.9,2018-07-18,2019-09-04
XO.WS75.,XO,WS75,,"HN1,HH2,HN2,HHZ,HH1,HNZ",54.17963,-160.256908,-1108.9,2018-07-18,2019-09-04
XZ.GC001.,XZ,GC001,,"EL2,EL1,ELZ",27.002199,-90.436401,-2000.0,2013-04-19,2013-04-24
XZ.GC002.,XZ,GC002,,"EL2,EL1,ELZ",27.0007,-90.426498,-2000.0,2013-04-18,2013-04-25
XZ.GC003.,XZ,GC003,,"EL2,EL1,ELZ",27.0168,-90.4207,-2000.0,2013-04-19,2013-04-25
XZ.GC004.,XZ,GC004,,"EL2,EL1,ELZ",27.0019,-90.431801,-2000.0,2013-04-18,2013-04-24
XZ.GC005.,XZ,GC005,,"EL2,EL1,ELZ",26.999901,-90.421303,-2000.0,2013-04-19,2013-04-25
XZ.GC006.,XZ,GC006,,"EL2,EL1,ELZ",27.0005,-90.423897,-2000.0,2013-04-19,2013-04-25
XZ.GC007.,XZ,GC007,,"EL2,EL1,ELZ",26.9995,-90.419098,-2000.0,2013-04-19,2013-04-25
XZ.GC008.,XZ,GC008,,"EL2,EL1,ELZ",27.0021,-90.434097,-2000.0,2013-04-19,2013-04-24
XZ.GC009.,XZ,GC009,,"EL2,EL1,ELZ",27.0035,-90.441902,-2000.0,2013-04-19,2013-04-24
XZ.GC010.,XZ,GC010,,"EL2,EL1,ELZ",27.002899,-90.4394,-2000.0,2013-04-19,2013-04-24
XZ.GC012.,XZ,GC012,,"EL2,EL1,ELZ",27.004299,-90.436401,-2000.0,2013-04-20,2013-04-24
XZ.GC013.,XZ,GC013,,"EL2,EL1,ELZ",27.0005,-90.4366,-2000.0,2013-04-20,2013-04-24
XZ.GC015.,XZ,GC015,,"EL2,EL1,ELZ",26.9986,-90.426498,-2000.0,2013-04-20,2013-04-25
XZ.GC016.,XZ,GC016,,"EL2,EL1,ELZ",27.003901,-90.422203,-2000.0,2013-04-20,2013-04-25
XZ.GC017.,XZ,GC017,,"EL2,EL1,ELZ",27.0028,-90.426102,-2000.0,2013-04-20,2013-04-25
XZ.GC018.,XZ,GC018,,"EL2,EL1,ELZ",27.007299,-90.43,-2000.0,2013-04-19,2013-04-25
XZ.GC020.,XZ,GC020,,"EL2,EL1,ELZ",27.001301,-90.4291,-2000.0,2013-04-19,2013-04-24
XZ.GC021.,XZ,GC021,,"EL2,EL1,ELZ",27.004101,-90.431198,-2000.0,2013-04-20,2013-04-25
XZ.GC022.,XZ,GC022,,"EL2,EL1,ELZ",27.003401,-90.429199,-2000.0,2013-04-19,2013-04-24
XZ.GC023.,XZ,GC023,,"EL2,EL1,ELZ",26.9986,-90.429497,-2000.0,2013-04-20,2013-04-25
XZ.GC025.,XZ,GC025,,"EL2,EL1,ELZ",27.008499,-90.421997,-2000.0,2013-04-20,2013-04-25
XZ.WR001.,XZ,WR001,,"EL2,EL1,ELZ",26.6635,-91.683899,-1976.0,2013-04-26,2013-05-01
XZ.WR002.,XZ,WR002,,"EL2,EL1,ELZ",26.662901,-91.676201,-1976.0,2013-04-26,2013-05-02
XZ.WR003.,XZ,WR003,,"EL2,EL1,ELZ",26.663799,-91.687202,-1976.0,2013-04-26,2013-05-01
XZ.WR004.,XZ,WR004,,"EL2,EL1,ELZ",26.6626,-91.674896,-1976.0,2013-04-26,2013-05-02
XZ.WR005.,XZ,WR005,,"EL2,EL1,ELZ",26.658501,-91.6717,-1976.0,2013-04-26,2013-04-30
XZ.WR006.,XZ,WR006,,"EL2,EL1,ELZ",26.6672,-91.682602,-1976.0,2013-04-27,2013-04-30
XZ.WR007.,XZ,WR007,,"EL2,EL1,ELZ",26.6597,-91.683296,-1976.0,2013-04-26,2013-04-30
XZ.WR008.,XZ,WR008,,"EL2,EL1,ELZ",26.659201,-91.679497,-1976.0,2013-04-26,2013-05-02
XZ.WR009.,XZ,WR009,,"EL2,EL1,ELZ",26.6633,-91.6828,-1976.0,2013-04-26,2013-05-02
XZ.WR010.,XZ,WR010,,"EL2,EL1,ELZ",26.6591,-91.675499,-1976.0,2013-04-26,2013-04-30
XZ.WR011.,XZ,WR011,,"EL2,EL1,ELZ",26.662201,-91.671204,-1976.0,2013-04-27,2013-05-02
XZ.WR012.,XZ,WR012,,"EL2,EL1,ELZ",26.667101,-91.679001,-1976.0,2013-04-27,2013-04-30
XZ.WR013.,XZ,WR013,,"EL2,EL1,ELZ",26.6663,-91.674896,-1976.0,2013-04-27,2013-04-30
XZ.WR014.,XZ,WR014,,"EL2,EL1,ELZ",26.7059,-91.719398,-1976.0,2013-04-25,2013-05-01
XZ.WR015.,XZ,WR015,,"EL2,EL1,ELZ",26.700199,-91.7146,-1976.0,2013-04-25,2013-05-01
XZ.WR016.,XZ,WR016,,"EL2,EL1,ELZ",26.694201,-91.7089,-1976.0,2013-04-27,2013-05-01
XZ.WR017.,XZ,WR017,,"EL2,EL1,ELZ",26.688601,-91.704201,-1976.0,2013-04-27,2013-05-01
XZ.WR018.,XZ,WR018,,"EL2,EL1,ELZ",26.682899,-91.699501,-1976.0,2013-04-27,2013-05-01
XZ.WR019.,XZ,WR019,,"EL2,EL1,ELZ",26.6772,-91.694801,-1976.0,2013-04-27,2013-05-01
XZ.WR020.,XZ,WR020,,"EL2,EL1,ELZ",26.6731,-91.691101,-1976.0,2013-04-27,2013-05-01
XZ.WR021.,XZ,WR021,,"EL2,EL1,ELZ",26.6684,-91.687202,-1976.0,2013-04-27,2013-05-01
XZ.WR022.,XZ,WR022,,"EL2,EL1,ELZ",26.655399,-91.6763,-1976.0,2013-04-26,2013-05-02
XZ.WR023.,XZ,WR023,,"EL2,EL1,ELZ",26.6509,-91.672096,-1976.0,2013-04-26,2013-05-01
XZ.WR024.,XZ,WR024,,"EL2,EL1,ELZ",26.6471,-91.670197,-1976.0,2013-04-26,2013-05-01
XZ.WR025.,XZ,WR025,,"EL2,EL1,ELZ",26.641899,-91.664398,-1976.0,2013-04-26,2013-05-01
YN.OBS01.,YN,OBS01,,"EL2,EL1,ELZ",47.555302,-128.8246,-2647.0,2009-08-22,2009-09-16
YN.OBS02.,YN,OBS02,,"EL2,EL1,ELZ",47.644798,-128.8116,-2646.0,2009-08-22,2009-09-16
YN.OBS03.,YN,OBS03,,"EL2,EL1,ELZ",47.734699,-128.798706,-2652.0,2009-08-22,2009-09-15
YN.OBS04.,YN,OBS04,,"EL2,EL1,ELZ",47.823601,-128.785797,-2583.0,2009-08-22,2009-09-15
YN.OBS05.,YN,OBS05,,"EL2,EL1,ELZ",47.913399,-128.772598,-2615.0,2009-08-22,2009-09-15
YN.OBS06.,YN,OBS06,,"EL2,EL1,ELZ",48.003201,-128.760101,-2582.0,2009-08-22,2009-09-15
YN.OBS07.,YN,OBS07,,"EL2,EL1,ELZ",48.092201,-128.746994,-2571.0,2009-08-22,2009-09-12
YN.OBS08.,YN,OBS08,,"EL2,EL1,ELZ",48.181999,-128.734406,-2546.0,2009-08-22,2009-09-12
YN.OBS09.,YN,OBS09,,"EL2,EL1,ELZ",48.271999,-128.721497,-2502.0,2009-08-22,2009-09-12
YN.OBS10.,YN,OBS10,,"EL2,EL1,ELZ",48.361099,-128.708099,-2480.0,2009-08-22,2009-09-13
YN.OBS11.,YN,OBS11,,"EL2,EL1,ELZ",47.695599,-128.900803,-2544.0,2009-08-25,2009-09-16
YN.OBS12.,YN,OBS12,,"EL2,EL1,ELZ",47.874401,-128.872803,-2460.0,2009-08-25,2009-09-16
YN.OBS13.,YN,OBS13,,"EL2,EL1,ELZ",48.0355,-128.849792,-2449.0,2009-08-26,2009-09-12
YN.OBS14.,YN,OBS14,,"EL2,EL1,ELZ",48.233398,-128.821793,-2502.0,2009-08-24,2009-09-13
YN.OBS15.,YN,OBS15,,"EL2,EL1,ELZ",47.723099,-129.326599,-2756.0,2009-08-25,2009-09-14
YN.OBS16.,YN,OBS16,,"EL2,EL1,ELZ",47.901501,-129.300705,-2570.0,2009-08-24,2009-09-15
YN.OBS17.,YN,OBS17,,"EL2,EL1,ELZ",48.243099,-129.253204,-2376.0,2009-08-26,2009-09-12
YN.OBS18.,YN,OBS18,,"EL2,EL1,ELZ",48.0816,-129.274796,-2440.0,2009-08-26,2009-09-11
YN.OBS19.,YN,OBS19,,"EL2,EL1,ELZ",47.594799,-129.440308,-2626.0,2009-08-23,2009-09-14
YN.OBS20.,YN,OBS20,,"EL2,EL1,ELZ",47.667099,-129.428604,-2421.0,2009-08-23,2009-09-14
YN.OBS21.,YN,OBS21,,"EL2,EL1,ELZ",47.7743,-129.414001,-2465.0,2009-08-23,2009-09-14
YN.OBS22.,YN,OBS22,,"EL2,EL1,ELZ",47.8634,-129.401199,-2562.0,2009-08-23,2009-09-14
YN.OBS23.,YN,OBS23,,"EL2,EL1,ELZ",47.952599,-129.388397,-2548.0,2009-08-23,2009-09-15
YN.OBS24.,YN,OBS24,,"EL2,EL1,ELZ",48.0429,-129.375107,-2512.0,2009-08-24,2009-09-12
YN.OBS25.,YN,OBS25,,"EL2,EL1,ELZ",48.131802,-129.362793,-2593.0,2009-08-24,2009-09-12
YN.OBS26.,YN,OBS26,,"EL2,EL1,ELZ",48.222401,-129.350403,-2696.0,2009-08-24,2009-09-11
YN.OBS27.,YN,OBS27,,"EL2,EL1,ELZ",48.295799,-129.367401,-2590.0,2009-08-26,2009-09-11
YN.OBS28.,YN,OBS28,,"EL2,EL1,ELZ",48.432899,-129.252808,-2519.0,2009-08-24,2009-09-11
YN.OBS29.,YN,OBS29,,"EL2,EL1,ELZ",47.6968,-129.081802,-2605.0,2009-08-25,2009-09-14
YN.OBS30.,YN,OBS30,,"EL2,EL1,ELZ",47.760502,-129.0495,-2655.0,2009-08-25,2009-09-14
YN.OBS31.,YN,OBS31,,"EL2,EL1,ELZ",47.821602,-129.005295,-2648.0,2009-08-25,2009-09-14
YN.OBS32.,YN,OBS32,,"EL2,EL1,ELZ",47.8923,-129.003601,-2571.0,2009-08-25,2009-09-16
YN.OBS33.,YN,OBS33,,"EL2,EL1,ELZ",47.953701,-128.960907,-2414.0,2009-08-25,2009-09-16
YN.OBS34.,YN,OBS34,,"EL2,EL1,ELZ",48.0219,-128.947205,-2273.0,2009-08-26,2009-09-16
YN.OBS35.,YN,OBS35,,"EL2,EL1,ELZ",48.081902,-128.898102,-2514.0,2009-08-24,2009-09-12
YN.OBS36.,YN,OBS36,,"EL2,EL1,ELZ",48.147301,-128.8685,-2513.0,2009-08-24,2009-09-13
YN.OBS37.,YN,OBS37,,"EL2,EL1,ELZ",47.880798,-129.062698,-2274.0,2009-08-25,2009-09-16
YN.OBS38.,YN,OBS38,,"EL2,EL1,ELZ",47.9221,-129.049606,-2391.0,2009-08-25,2009-09-16
YN.OBS39.,YN,OBS39,,"EL2,EL1,ELZ",47.9716,-129.020493,-2318.0,2009-08-26,2009-09-15
YN.OBS40.,YN,OBS40,,"EL2,EL1,ELZ",48.009899,-129.002197,-2262.0,2009-08-26,2009-09-15
YN.OBS41.,YN,OBS41,,"EL2,EL1,ELZ",48.053001,-128.982193,-2324.0,2009-08-26,2009-09-12
YN.OBS42.,YN,OBS42,,"EL2,EL1,ELZ",47.752998,-129.182007,-2645.0,2009-08-25,2009-09-14
YN.OBS43.,YN,OBS43,,"EL2,EL1,ELZ",47.816898,-129.149597,-2500.0,2009-08-25,2009-09-14
YN.OBS44.,YN,OBS44,,"EL2,EL1,ELZ",47.869999,-129.124695,-2374.0,2009-08-25,2009-09-13
YN.OBS45.,YN,OBS45,,"EL2,EL1,ELZ",47.912998,-129.104706,-2215.0,2009-08-25,2009-09-16
YN.OBS46.,YN,OBS46,,"EL2,EL1,ELZ",47.956501,-129.083801,-2102.0,2009-08-26,2009-09-15
YN.OBS47.,YN,OBS47,,"EL2,EL1,ELZ",47.999401,-129.063705,-2174.0,2009-08-26,2009-09-15
YN.OBS48.,YN,OBS48,,"EL2,EL1,ELZ",48.042,-129.043793,-2288.0,2009-08-26,2009-09-12
YN.OBS49.,YN,OBS49,,"EL2,EL1,ELZ",48.084801,-129.023605,-2467.0,2009-08-26,2009-09-12
YN.OBS50.,YN,OBS50,,"EL2,EL1,ELZ",48.1395,-128.998398,-2647.0,2009-08-24,2009-09-13
YN.OBS51.,YN,OBS51,,"EL2,EL1,ELZ",48.2038,-128.968094,-2682.0,2009-08-24,2009-09-13
YN.OBS52.,YN,OBS52,,"EL2,EL1,ELZ",47.903599,-129.164093,-2478.0,2009-08-24,2009-09-13
YN.OBS53.,YN,OBS53,,"EL2,EL1,ELZ",47.946098,-129.145203,-2414.0,2009-08-24,2009-09-13
YN.OBS54.,YN,OBS54,,"EL2,EL1,ELZ",47.987999,-129.126297,-2333.0,2009-08-24,2009-09-15
YN.OBS55.,YN,OBS55,,"EL2,EL1,ELZ",48.0317,-129.104797,-2362.0,2009-08-26,2009-09-13
YN.OBS56.,YN,OBS56,,"EL2,EL1,ELZ",48.074001,-129.085495,-2479.0,2009-08-26,2009-09-12
YN.OBS57.,YN,OBS57,,"EL2,EL1,ELZ",47.806801,-129.267395,-2299.0,2009-08-25,2009-09-14
YN.OBS58.,YN,OBS58,,"EL2,EL1,ELZ",47.870399,-129.233902,-2427.0,2009-08-23,2009-09-13
YN.OBS59.,YN,OBS59,,"EL2,EL1,ELZ",47.935101,-129.206604,-2195.0,2009-08-24,2009-09-13
YN.OBS60.,YN,OBS60,,"EL2,EL1,ELZ",47.999901,-129.176193,-2182.0,2009-08-24,2009-09-13
YN.OBS61.,YN,OBS61,,"EL2,EL1,ELZ",48.064301,-129.146301,-2415.0,2009-08-24,2009-09-12
YN.OBS62.,YN,OBS62,,"EL2,EL1,ELZ",48.129101,-129.116302,-2592.0,2009-08-24,2009-09-13
YN.OBS63.,YN,OBS63,,"EL2,EL1,ELZ",48.1936,-129.086105,-2573.0,2009-08-24,2009-09-13
YN.OBS64.,YN,OBS64,,"EL2,EL1,ELZ",48.243599,-129.033997,-2541.0,2009-08-24,2009-09-13
YO.100.,YO,100,,"EL2,EL1,ELZ",35.924999,-75.193703,-35.0,2014-09-28,2014-10-05
YO.101.,YO,101,,"EL2,EL1,ELZ",35.925999,-75.191597,-35.0,2014-09-28,2014-10-05
YO.102.,YO,102,,"EL2,EL1,ELZ",35.868301,-75.042297,-40.0,2014-09-28,2014-10-05
YO.103.,YO,103,,"EL2,EL1,ELZ",35.807598,-74.880898,-96.0,2014-09-28,2014-10-05
YO.104.,YO,104,,"EL2,EL1,ELZ",35.7547,-74.739799,-878.0,2014-09-28,2014-10-05
YO.105.,YO,105,,"EL2,EL1,ELZ",35.692902,-74.5998,-1604.0,2014-09-28,2014-10-06
YO.106.,YO,106,,"EL2,EL1,ELZ",35.638199,-74.449501,-2368.0,2014-09-28,2014-10-06
YO.107.,YO,107,,"EL2,EL1,ELZ",35.583302,-74.300102,-2614.0,2014-09-28,2014-10-06
YO.108.,YO,108,,"EL2,EL1,ELZ",35.527599,-74.150497,-2829.0,2014-09-28,2014-10-06
YO.109.,YO,109,,"EL2,EL1,ELZ",35.471802,-74.0019,-3036.0,2014-09-28,2014-10-06
YO.110.,YO,110,,"EL2,EL1,ELZ",35.419601,-73.852699,-3271.0,2014-09-28,2014-10-06
YO.111.,YO,111,,"EL2,EL1,ELZ",35.362301,-73.704697,-3427.0,2014-09-28,2014-10-06
YO.112.,YO,112,,"EL2,EL1,ELZ",35.305,-73.557602,-3600.0,2014-09-28,2014-10-06
YO.113.,YO,113,,"EL2,EL1,ELZ",35.247398,-73.409897,-3774.0,2014-09-28,2014-10-06
YO.114.,YO,114,,"EL2,EL1,ELZ",35.190201,-73.262604,-3937.0,2014-09-28,2014-10-06
YO.115.,YO,115,,"EL2,EL1,ELZ",35.132999,-73.115997,-4080.0,2014-09-28,2014-10-07
YO.116.,YO,116,,"EL2,EL1,ELZ",35.075298,-72.969101,-4190.0,2014-09-28,2014-10-07
YO.117.,YO,117,,"EL2,EL1,ELZ",35.017399,-72.822502,-4265.0,2014-09-28,2014-10-07
YO.118.,YO,118,,"EL2,EL1,ELZ",34.959099,-72.676399,-4340.0,2014-09-28,2014-10-07
YO.119.,YO,119,,"EL2,EL1,ELZ",34.9002,-72.530701,-4395.0,2014-09-28,2014-10-07
YO.120.,YO,120,,"EL2,EL1,ELZ",34.841099,-72.3853,-4441.0,2014-09-28,2014-10-07
YO.121.,YO,121,,"EL2,EL1,ELZ",34.7822,-72.240799,-4447.0,2014-09-28,2014-10-07
YO.122.,YO,122,,"EL2,EL1,ELZ",34.7229,-72.095802,-4433.0,2014-09-28,2014-10-07
YO.123.,YO,123,,"EL2,EL1,ELZ",34.6632,-71.950798,-4388.0,2014-09-28,2014-10-07
YO.124.,YO,124,,"EL2,EL1,ELZ",34.603401,-71.806297,-4416.0,2014-09-28,2014-10-07
YO.125.,YO,125,,"EL2,EL1,ELZ",34.5434,-71.662598,-4491.0,2014-09-27,2014-10-08
YO.201.,YO,201,,"EL2,EL1,ELZ",34.449501,-76.888199,-26.0,2014-09-18,2014-09-22
YO.202.,YO,202,,"EL2,EL1,ELZ",34.356899,-76.674103,-28.0,2014-09-17,2014-09-22
YO.203.,YO,203,,"EL2,EL1,ELZ",34.265099,-76.464203,-33.0,2014-09-17,2014-09-22
YO.204.,YO,204,,"EL2,EL1,ELZ",34.172001,-76.253304,-40.0,2014-09-17,2014-09-22
YO.205.,YO,205,,"EL2,EL1,ELZ",34.076302,-76.044197,-381.0,2014-09-17,2014-09-22
YO.206.,YO,206,,"EL2,EL1,ELZ",33.9856,-75.829803,-864.0,2014-09-17,2014-09-21
YO.207.,YO,207,,"EL2,EL1,ELZ",33.888901,-75.621002,-2977.0,2014-09-17,2014-09-21
YO.208.,YO,208,,"EL2,EL1,ELZ",33.764301,-75.341103,-3203.0,2014-09-17,2014-09-21
YO.209.,YO,209,,"EL2,EL1,ELZ",33.700699,-75.199898,-3381.0,2014-09-17,2014-09-21
YO.210.,YO,210,,"EL2,EL1,ELZ",33.641602,-75.055199,-3553.0,2014-09-17,2014-09-21
YO.211.,YO,211,,"EL2,EL1,ELZ",33.577499,-74.914803,-3717.0,2014-09-17,2014-09-21
YO.212.,YO,212,,"EL2,EL1,ELZ",33.507,-74.780899,-3893.0,2014-09-17,2014-09-20
YO.213.,YO,213,,"EL2,EL1,ELZ",33.443401,-74.640099,-4068.0,2014-09-17,2014-09-20
YO.214.,YO,214,,"EL2,EL1,ELZ",33.378899,-74.5009,-4242.0,2014-09-17,2014-09-20
YO.215.,YO,215,,"EL2,EL1,ELZ",33.314701,-74.360703,-4379.0,2014-09-17,2014-09-20
YO.216.,YO,216,,"EL2,EL1,ELZ",33.2444,-74.220398,-4494.0,2014-09-17,2014-09-20
YO.217.,YO,217,,"EL2,EL1,ELZ",33.185299,-74.083603,-4572.0,2014-09-16,2014-09-20
YO.218.,YO,218,,"EL2,EL1,ELZ",33.119701,-73.944504,-4682.0,2014-09-16,2014-09-20
YO.219.,YO,219,,"EL2,EL1,ELZ",33.054901,-73.806198,-4770.0,2014-09-16,2014-09-20
YO.220.,YO,220,,"EL2,EL1,ELZ",32.9911,-73.670998,-4893.0,2014-09-16,2014-09-20
YO.221.,YO,221,,"EL2,EL1,ELZ",32.925598,-73.532303,-4993.0,2014-09-16,2014-09-19
YO.222.,YO,222,,"EL2,EL1,ELZ",32.8442,-73.359901,-5073.0,2014-09-16,2014-09-19
YO.223.,YO,223,,"EL2,EL1,ELZ",32.761902,-73.187599,-5134.0,2014-09-16,2014-09-19
YO.224.,YO,224,,"EL2,EL1,ELZ",32.68,-73.015602,-5197.0,2014-09-16,2014-09-19
YO.225.,YO,225,,"EL2,EL1,ELZ",32.598701,-72.843498,-4130.0,2014-09-16,2014-09-19
YO.2404.,YO,2404,,"EL2,EL1,ELZ",33.827801,-75.4804,-3044.0,2014-09-17,2014-09-21
YO.301.,YO,301,,"EL2,EL1,ELZ",32.870201,-73.737503,-4858.0,2014-09-16,2014-09-24
YO.302.,YO,302,,"EL2,EL1,ELZ",33.123199,-73.605499,-4864.0,2014-09-16,2014-09-25
YO.303.,YO,303,,"EL2,EL1,ELZ",33.255402,-73.539902,-4974.0,2014-09-16,2014-09-25
YO.304.,YO,304,,"EL2,EL1,ELZ",33.387699,-73.474503,-4748.0,2014-09-16,2014-09-25
YO.305.,YO,305,,"EL2,EL1,ELZ",33.519402,-73.408699,-4695.0,2014-09-16,2014-09-25
YO.306.,YO,306,,"EL2,EL1,ELZ",33.651402,-73.342697,-4659.0,2014-09-16,2014-09-25
YO.307.,YO,307,,"EL2,EL1,ELZ",33.7864,-73.283401,-4743.0,2014-09-16,2014-09-25
YO.308.,YO,308,,"EL2,EL1,ELZ",33.915001,-73.210403,-4646.0,2014-09-16,2014-09-25
YO.309.,YO,309,,"EL2,EL1,ELZ",34.047001,-73.143997,-4515.0,2014-09-16,2014-09-26
YO.310.,YO,310,,"EL2,EL1,ELZ",34.178699,-73.076698,-4453.0,2014-09-15,2014-09-26
YO.311.,YO,311,,"EL2,EL1,ELZ",34.311699,-73.011497,-4439.0,2014-09-15,2014-09-26
YO.312.,YO,312,,"EL2,EL1,ELZ",34.442902,-72.9422,-4502.0,2014-09-15,2014-09-26
YO.313.,YO,313,,"EL2,EL1,ELZ",34.574501,-72.874901,-4497.0,2014-09-15,2014-09-26
YO.314.,YO,314,,"EL2,EL1,ELZ",34.7057,-72.807297,-4404.0,2014-09-15,2014-09-26
YO.315.,YO,315,,"EL2,EL1,ELZ",34.837299,-72.740196,-4343.0,2014-09-15,2014-09-26
YO.316.,YO,316,,"EL2,EL1,ELZ",34.9585,-72.675797,-4333.0,2014-09-15,2014-09-26
YO.317.,YO,317,,"EL2,EL1,ELZ",35.104801,-72.601303,-4323.0,2014-09-15,2014-09-27
YO.318.,YO,318,,"EL2,EL1,ELZ",35.249802,-72.524696,-4301.0,2014-09-15,2014-09-27
YO.319.,YO,319,,"EL2,EL1,ELZ",35.3951,-72.447197,-4225.0,2014-09-15,2014-09-27
YO.320.,YO,320,,"EL2,EL1,ELZ",35.541199,-72.371399,-4175.0,2014-09-15,2014-09-27
YO.321.,YO,321,,"EL2,EL1,ELZ",35.686501,-72.294296,-4078.0,2014-09-15,2014-09-27
YO.401.,YO,401,,"EL2,EL1,ELZ",33.3979,-75.8339,-2900.0,2014-09-22,2014-10-02
YO.402.,YO,402,,"EL2,EL1,ELZ",33.567299,-75.725403,-3012.0,2014-09-22,2014-10-02
YO.403.,YO,403,,"EL2,EL1,ELZ",33.737301,-75.623901,-3073.0,2014-09-22,2014-10-02
YO.404.,YO,404,,"EL2,EL1,ELZ",33.9002,-75.518097,-3001.0,2014-09-22,2014-10-02
YO.405.,YO,405,,"EL2,EL1,ELZ",34.067799,-75.4123,-2967.0,2014-09-22,2014-10-03
YO.406.,YO,406,,"EL2,EL1,ELZ",34.235298,-75.304298,-3024.0,2014-09-22,2014-10-03
YO.407.,YO,407,,"EL2,EL1,ELZ",34.404301,-75.197701,-2979.0,2014-09-22,2014-10-03
YO.408.,YO,408,,"EL2,EL1,ELZ",34.568501,-75.089996,-2907.0,2014-09-22,2014-10-03
YO.409.,YO,409,,"EL2,EL1,ELZ",34.623199,-74.780296,-3156.0,2014-09-23,2014-10-03
YO.410.,YO,410,,"EL2,EL1,ELZ",34.723099,-74.995903,-2885.0,2014-09-23,2014-10-04
YO.411.,YO,411,,"EL2,EL1,ELZ",34.806599,-74.757004,-2973.0,2014-09-23,2014-10-04
YO.412.,YO,412,,"EL2,EL1,ELZ",34.876801,-74.895699,-2852.0,2014-09-23,2014-10-04
YO.413.,YO,413,,"EL2,EL1,ELZ",35.000401,-74.724701,-2828.0,2014-09-23,2014-10-04
YO.414.,YO,414,,"EL2,EL1,ELZ",35.033798,-74.794197,-2734.0,2014-09-23,2014-10-04
YO.415.,YO,415,,"EL2,EL1,ELZ",35.196999,-74.688202,-2600.0,2014-09-23,2014-10-04
YO.416.,YO,416,,"EL2,EL1,ELZ",35.330799,-74.599503,-2445.0,2014-09-23,2014-10-04
YO.417.,YO,417,,"EL2,EL1,ELZ",35.368198,-74.656898,-2248.0,2014-09-23,2014-10-04
YO.418.,YO,418,,"EL2,EL1,ELZ",35.465599,-74.513603,-2290.0,2014-09-23,2014-10-04
YO.420.,YO,420,,"EL2,EL1,ELZ",35.874802,-74.561203,-1925.0,2014-09-23,2014-10-05
YO.421.,YO,421,,"EL2,EL1,ELZ",36.052898,-74.529503,-1810.0,2014-09-23,2014-10-05
YO.422.,YO,422,,"EL2,EL1,ELZ",36.244701,-74.494301,-1631.0,2014-09-23,2014-10-05
YO.500.,YO,500,,"EL2,EL1,ELZ",34.336899,-76.686401,-29.0,2014-09-30,2014-10-01
YO.A01.,YO,A01,,"HH1,HH2,HHZ",33.9366,-75.726601,-1755.0,2014-04-11,2015-04-03
YO.A02.,YO,A02,,"HH1,HH2,HHZ",34.357498,-75.448799,-2779.0,2014-04-08,2015-04-05
YO.A03.,YO,A03,,"HH1,HH2,HHZ",34.691101,-75.210899,-2638.0,2014-04-08,2015-04-05
YO.A04.,YO,A04,,"HH1,HH2,HHZ",35.034901,-75.000397,-2293.0,2014-04-06,2015-04-01
YO.A05B.,YO,A05B,,"HH1,HH2,HHZ",35.3358,-74.664497,-2231.0,2014-04-05,2015-04-01
YO.A06B.,YO,A06B,,"HH1,HH2,HHZ",35.804501,-74.648804,-1325.0,2014-04-03,2015-03-30
YO.B01.,YO,B01,,"HH1,HH2,HHZ",33.792801,-75.408096,-3124.0,2014-04-11,2015-04-04
YO.B02B.,YO,B02B,,"HH1,HH2,HHZ",34.134701,-75.015701,-3338.0,2014-04-09,2015-04-05
YO.B05B.,YO,B05B,,"HH1,HH2,HHZ",35.1759,-74.3451,-2961.0,2014-04-05,2015-03-31
YO.B06.,YO,B06,,"HH1,HH2,HHZ",35.615898,-74.3722,-2517.0,2014-04-03,2015-03-30
YO.C01.,YO,C01,,"HH1,HH2,HHZ",33.665901,-75.118103,-3485.0,2014-04-11,2015-04-04
YO.C03.,YO,C03,,"HH1,HH2,HHZ",34.464901,-74.888802,-3246.0,2014-04-08,2015-04-05
YO.C04.,YO,C04,,"HH1,HH2,HHZ",34.879799,-74.6465,-3023.0,2014-04-06,2015-04-01
YO.C06.,YO,C06,,"HH1,HH2,HHZ",35.5061,-74.072601,-2933.0,2014-04-03,2015-03-30
YO.D01.,YO,D01,,"HH1,HH2,HHZ",33.539001,-74.849503,-3808.0,2014-04-11,2015-04-05
YO.D02B.,YO,D02B,,"HH1,HH2,HHZ",33.990501,-74.712898,-3760.0,2014-04-09,2015-04-05
YO.D03.,YO,D03,,"HH1,HH2,HHZ",34.3559,-74.488701,-3584.0,2014-04-07,2015-04-05
YO.D04.,YO,D04,,"HH1,HH2,HHZ",34.689999,-74.257896,-3417.0,2014-04-06,2015-04-01
YO.D05B.,YO,D05B,,"HH1,HH2,HHZ",35.013802,-74.0327,-3335.0,2014-04-05,2015-03-31
YO.D06.,YO,D06,,"HH1,HH2,HHZ",35.392601,-73.765701,-3352.0,2014-04-03,2015-03-30
YO.X01.,YO,X01,,"HH1,HH2,HHZ",36.225201,-74.5793,-1329.0,2014-04-03,2015-03-30
YO.X02.,YO,X02,,"HH1,HH2,HHZ",36.452599,-74.079002,-2548.0,2014-04-02,2015-03-30
YO.X03.,YO,X03,,"HH1,HH2,HHZ",35.893299,-72.719002,-3890.0,2014-04-12,2015-04-06
YO.X04.,YO,X04,,"HH1,HH2,HHZ",34.701099,-71.527496,-4459.0,2014-04-04,2015-03-30
YO.X05.,YO,X05,,"HH1,HH2,HHZ",34.7458,-73.075401,-4388.0,2014-04-04,2015-03-31
YO.X06.,YO,X06,,"HH1,HH2,HHZ",33.6507,-72.205704,-5154.0,2014-04-07,2015-04-02
YO.X07.,YO,X07,,"HH1,HH2,HHZ",33.8036,-73.670502,-4476.0,2014-04-07,2015-04-05
YO.X08.,YO,X08,,"HH1,HH2,HHZ",32.693199,-72.816498,-5271.0,2014-04-09,2015-04-02
YO.X09.,YO,X09,,"HH1,HH2,HHZ",32.516899,-74.3536,-4726.0,2014-04-10,2015-04-03
YO.X10.,YO,X10,,"HH1,HH2,HHZ",33.047501,-76.059898,-2243.0,2014-04-11,2015-04-03
YR.S001.,YR,S001,,"EL2,EL1,ELZ",45.91813,-124.39228,-157.0,2021-05-28,2021-06-29
YR.S002.,YR,S002,,"EL2,EL1,ELZ",45.90583,-124.56365,-162.0,2021-05-28,2021-06-29
YR.S003.,YR,S003,,"EL2,EL1,ELZ",45.89334,-124.73523,-336.0,2021-05-28,2021-07-01
YR.S004.,YR,S004,,"EL2,EL1,ELZ",45.88066,-124.9063,-805.0,2021-05-28,2021-06-29
YR.S005.,YR,S005,,"EL2,EL1,ELZ",45.86793,-125.07775,-1566.0,2021-05-27,2021-06-29
YR.S006.,YR,S006,,"EL2,EL1,ELZ",45.8545,-125.24908,-1533.0,2021-05-27,2021-06-29
YR.S007.,YR,S007,,"EL2,EL1,ELZ",45.84103,-125.42013,-1928.0,2021-05-27,2021-06-30
YR.S008.,YR,S008,,"EL2,EL1,ELZ",45.8271,-125.59097,-2203.0,2021-05-27,2021-06-29
YR.S009.,YR,S009,,"EL2,EL1,ELZ",45.81374,-125.76269,-2290.0,2021-05-27,2021-06-29
YR.S010.,YR,S010,,"EL2,EL1,ELZ",45.79945,-125.93274,-2426.0,2021-05-27,2021-06-29
YR.S011.,YR,S011,,"EL2,EL1,ELZ",45.05247,-125.89918,-2757.0,2021-05-27,2021-06-22
YR.S012.,YR,S012,,"EL2,EL1,ELZ",45.05805,-125.74385,-2771.0,2021-05-27,2021-06-20
YR.S013.,YR,S013,,"EL2,EL1,ELZ",45.06371,-125.58927,-2729.0,2021-05-27,2021-06-20
YR.S014.,YR,S014,,"EL2,EL1,ELZ",45.06911,-125.43399,-2434.0,2021-05-27,2021-06-20
YR.S015.,YR,S015,,"EL2,EL1,ELZ",45.07436,-125.27924,-1589.0,2021-05-27,2021-06-30
YR.S016.,YR,S016,,"EL2,EL1,ELZ",45.07895,-125.12468,-1499.0,2021-05-27,2021-06-29
YR.S017.,YR,S017,,"EL2,EL1,ELZ",45.08383,-124.96995,-971.0,2021-05-27,2021-06-28
YR.S018.,YR,S018,,"EL2,EL1,ELZ",45.08826,-124.81495,-644.0,2021-05-27,2021-06-28
YR.S019.,YR,S019,,"EL2,EL1,ELZ",45.09225,-124.65981,-463.0,2021-05-27,2021-06-30
YR.S020.,YR,S020,,"EL2,EL1,ELZ",45.09623,-124.50436,-338.0,2021-05-27,2021-06-28
YR.S021.,YR,S021,,"EL2,EL1,ELZ",45.09969,-124.34912,-241.0,2021-05-27,2021-06-28
YR.S022.,YR,S022,,"EL2,EL1,ELZ",45.10334,-124.19561,-134.0,2021-05-27,2021-06-28
YR.S023.,YR,S023,,"EL2,EL1,ELZ",44.51432,-125.7678,-2905.0,2021-05-26,2021-06-24
YR.S024.,YR,S024,,"EL2,EL1,ELZ",44.50644,-125.66542,-2899.0,2021-05-26,2021-06-24
YR.S025.,YR,S025,,"EL2,EL1,ELZ",44.49912,-125.56355,-2904.0,2021-05-26,2021-06-24
YR.S026.,YR,S026,,"EL2,EL1,ELZ",44.43562,-124.74926,-177.0,2021-05-26,2021-06-25
YR.S027.,YR,S027,,"EL2,EL1,ELZ",44.42708,-124.64768,-125.0,2021-05-26,2021-06-24
YR.S028.,YR,S028,,"EL2,EL1,ELZ",44.41919,-124.5461,-124.0,2021-05-26,2021-06-24
YR.S029.,YR,S029,,"EL2,EL1,ELZ",44.41008,-124.4439,-82.0,2021-05-26,2021-06-24
YR.S030.,YR,S030,,"EL2,EL1,ELZ",44.40172,-124.34309,-74.0,2021-05-26,2021-06-26
YR.S031.,YR,S031,,"EL2,EL1,ELZ",42.19655,-125.7184,-2677.0,2021-05-24,2021-06-23
YR.S032.,YR,S032,,"EL2,EL1,ELZ",42.19637,-125.61707,-3036.0,2021-05-24,2021-06-24
YR.S033.,YR,S033,,"EL2,EL1,ELZ",42.196318,-125.51562,-3088.0,2021-05-24,2021-06-23
YR.S034.,YR,S034,,"EL2,EL1,ELZ",42.195776,-125.41385,-3089.0,2021-05-24,2021-06-23
YR.S035.,YR,S035,,"EL2,EL1,ELZ",42.19533,-125.31192,-3088.0,2021-05-24,2021-06-23
YR.S036.,YR,S036,,"EL2,EL1,ELZ",42.19464,-125.21015,-2442.0,2021-05-24,2021-06-24
YR.S037.,YR,S037,,"EL2,EL1,ELZ",42.19381,-125.1081,-1994.0,2021-05-25,2021-06-23
YR.S038.,YR,S038,,"EL2,EL1,ELZ",42.19356,-125.00715,-1453.0,2021-05-25,2021-06-22
YR.S039.,YR,S039,,"EL2,EL1,ELZ",42.19248,-124.90524,-985.0,2021-05-25,2021-06-22
YR.S040.,YR,S040,,"EL2,EL1,ELZ",42.19147,-124.80337,-692.0,2021-05-25,2021-06-24
YR.S041.,YR,S041,,"EL2,EL1,ELZ",42.19105,-124.70221,-548.0,2021-05-25,2021-06-22
YR.S042.,YR,S042,,"EL2,EL1,ELZ",42.18963,-124.60062,-245.0,2021-05-25,2021-06-22
YR.S043.,YR,S043,,"EL2,EL1,ELZ",42.18809,-124.49883,-126.0,2021-05-25,2021-06-22
YR.S044.,YR,S044,,"EL2,EL1,ELZ",43.27678,-125.79368,-3060.0,2021-05-25,2021-06-22
YR.S045.,YR,S045,,"EL2,EL1,ELZ",43.28511,-125.69107,-3016.0,2021-05-25,2021-06-21
YR.S046.,YR,S046,,"EL2,EL1,ELZ",43.29265,-125.58785,-3060.0,2021-05-25,2021-06-21
YR.S047.,YR,S047,,"EL2,EL1,ELZ",43.30072,-125.48494,-3072.0,2021-05-25,2021-06-23
YR.S048.,YR,S048,,"EL2,EL1,ELZ",43.30843,-125.38188,-3063.0,2021-05-25,2021-06-21
YR.S049.,YR,S049,,"EL2,EL1,ELZ",43.31639,-125.27835,-2145.0,2021-05-25,2021-06-21
YR.S050.,YR,S050,,"EL2,EL1,ELZ",43.32413,-125.17524,-1698.0,2021-05-26,2021-06-21
YR.S051.,YR,S051,,"EL2,EL1,ELZ",43.33151,-125.07264,-1098.0,2021-05-26,2021-06-22
YR.S052.,YR,S052,,"EL2,EL1,ELZ",43.33875,-124.96962,-879.0,2021-05-26,2021-06-21
YR.S053.,YR,S053,,"EL2,EL1,ELZ",43.34624,-124.86663,-670.0,2021-05-26,2021-06-21
YR.S054.,YR,S054,,"EL2,EL1,ELZ",43.35335,-124.76324,-449.0,2021-05-26,2021-06-21
YR.S055.,YR,S055,,"EL2,EL1,ELZ",43.36058,-124.66074,-197.0,2021-05-26,2021-06-22
YR.S056.,YR,S056,,"EL2,EL1,ELZ",42.62248,-125.49863,-3078.0,2021-05-25,2021-06-23
YR.S057.,YR,S057,,"EL2,EL1,ELZ",42.63787,-125.3988,-3075.0,2021-05-25,2021-06-22
YR.S058.,YR,S058,,"EL2,EL1,ELZ",42.65315,-125.29871,-3082.0,2021-05-25,2021-06-22
YR.S059.,YR,S059,,"EL2,EL1,ELZ",42.66809,-125.19845,-3043.0,2021-05-25,2021-06-22
YR.S060.,YR,S060,,"EL2,EL1,ELZ",42.73547,-124.75625,-482.0,2021-05-25,2021-06-23
YR.S061.,YR,S061,,"EL2,EL1,ELZ",49.4128,-128.45673,-2337.0,2021-06-26,2021-07-06
YR.S062.,YR,S062,,"EL2,EL1,ELZ",49.4637,-128.3572,-2317.0,2021-06-26,2021-07-06
YR.S063.,YR,S063,,"EL2,EL1,ELZ",49.51414,-128.257122,-2349.0,2021-06-26,2021-07-05
YR.S064.,YR,S064,,"EL2,EL1,ELZ",49.5645,-128.15711,-2360.3,2021-06-26,2021-07-06
YR.S065.,YR,S065,,"EL2,EL1,ELZ",49.61468,-128.05661,-2194.0,2021-06-26,2021-07-05
YR.S066.,YR,S066,,"EL2,EL1,ELZ",49.66481,-127.95635,-1565.0,2021-06-26,2021-07-05
YR.S067.,YR,S067,,"EL2,EL1,ELZ",49.71467,-127.85597,-1277.0,2021-06-26,2021-07-05
YR.S068.,YR,S068,,"EL2,EL1,ELZ",49.76471,-127.75509,-666.0,2021-06-26,2021-07-05
YR.S069.,YR,S069,,"EL2,EL1,ELZ",49.81463,-127.65421,-194.5,2021-06-26,2021-07-06
YR.S070.,YR,S070,,"EL2,EL1,ELZ",49.86443,-127.55298,-78.0,2021-06-26,2021-07-05
YR.S071.,YR,S071,,"EL2,EL1,ELZ",49.91401,-127.45092,-66.0,2021-06-26,2021-07-05
YR.S072.,YR,S072,,"EL2,EL1,ELZ",48.42149,-127.5014,-2644.9,2021-06-27,2021-07-07
YR.S073.,YR,S073,,"EL2,EL1,ELZ",48.4681,-127.399251,-2607.0,2021-06-27,2021-07-06
YR.S074.,YR,S074,,"EL2,EL1,ELZ",48.514178,-127.29674,-2581.0,2021-06-27,2021-07-06
YR.S075.,YR,S075,,"EL2,EL1,ELZ",48.56078,-127.194387,-2567.0,2021-06-27,2021-07-06
YR.S076.,YR,S076,,"EL2,EL1,ELZ",48.60657,-127.091926,-2501.0,2021-06-27,2021-07-07
YR.S077.,YR,S077,,"EL2,EL1,ELZ",48.65267,-126.98842,-2157.0,2021-06-27,2021-07-06
YR.S078.,YR,S078,,"EL2,EL1,ELZ",48.698572,-126.88563,-1315.0,2021-06-27,2021-07-06
YR.S079.,YR,S079,,"EL2,EL1,ELZ",48.7442,-126.782292,-1357.0,2021-06-27,2021-07-08
YR.S080.,YR,S080,,"EL2,EL1,ELZ",48.790005,-126.678715,-950.0,2021-06-27,2021-07-07
YR.S081.,YR,S081,,"EL2,EL1,ELZ",48.835632,-126.57526,-383.0,2021-06-27,2021-07-07
YR.S082.,YR,S082,,"EL2,EL1,ELZ",48.8813,-126.471426,-176.4,2021-06-27,2021-07-08
YR.S083.,YR,S083,,"EL2,EL1,ELZ",48.9266,-126.3675,-180.0,2021-06-27,2021-07-07
YR.S084.,YR,S084,,"EL2,EL1,ELZ",48.97259,-126.26267,-120.0,2021-06-27,2021-07-07
YR.S085.,YR,S085,,"EL2,EL1,ELZ",49.01763,-126.1584,-76.0,2021-06-27,2021-07-07
YR.S086.,YR,S086,,"EL2,EL1,ELZ",47.94878,-126.93625,-2470.4,2021-06-27,2021-07-10
YR.S087.,YR,S087,,"EL2,EL1,ELZ",47.98715,-126.81674,-2399.0,2021-06-27,2021-07-08
YR.S088.,YR,S088,,"EL2,EL1,ELZ",48.02529,-126.69609,-2415.2,2021-06-27,2021-07-09
YR.S089.,YR,S089,,"EL2,EL1,ELZ",48.06332,-126.57641,-2486.0,2021-06-27,2021-07-07
YR.S090.,YR,S090,,"EL2,EL1,ELZ",48.10109,-126.45586,-2379.0,2021-06-27,2021-07-07
YR.S091.,YR,S091,,"EL2,EL1,ELZ",48.13902,-126.33485,-2019.0,2021-06-27,2021-07-07
YR.S092.,YR,S092,,"EL2,EL1,ELZ",48.17651,-126.21429,-1659.1,2021-06-27,2021-07-08
YR.S093.,YR,S093,,"EL2,EL1,ELZ",48.21399,-126.09341,-1442.0,2021-06-27,2021-07-07
YR.S094.,YR,S094,,"EL2,EL1,ELZ",48.25151,-125.97214,-832.0,2021-06-27,2021-07-07
YR.S095.,YR,S095,,"EL2,EL1,ELZ",48.28879,-125.85074,-565.0,2021-06-27,2021-07-07
YR.S096.,YR,S096,,"EL2,EL1,ELZ",48.32569,-125.72938,-182.2,2021-06-27,2021-07-08
YR.S097.,YR,S097,,"EL2,EL1,ELZ",48.36312,-125.60771,-142.0,2021-06-27,2021-07-07
YR.S098.,YR,S098,,"EL2,EL1,ELZ",48.39952,-125.48583,-145.0,2021-06-27,2021-07-07
YR.S099.,YR,S099,,"EL2,EL1,ELZ",46.94857,-126.57391,-2581.0,2021-06-30,2021-07-08
YR.S100.,YR,S100,,"EL2,EL1,ELZ",46.970188,-126.448921,-2561.0,2021-06-30,2021-07-09
YR.S101.,YR,S101,,"EL2,EL1,ELZ",46.991912,-126.32391,-2566.0,2021-06-30,2021-07-08
YR.S102.,YR,S102,,"EL2,EL1,ELZ",47.01329,-126.19897,-2564.0,2021-06-30,2021-07-08
YR.S103.,YR,S103,,"EL2,EL1,ELZ",47.03471,-126.07399,-2545.0,2021-06-30,2021-07-08
YR.S104.,YR,S104,,"EL2,EL1,ELZ",47.055743,-125.949047,-2526.0,2021-06-30,2021-07-09
YR.S105.,YR,S105,,"EL2,EL1,ELZ",47.07692,-125.82344,-1664.0,2021-06-30,2021-07-08
YR.S106.,YR,S106,,"EL2,EL1,ELZ",47.09802,-125.59833,-1783.0,2021-06-30,2021-07-08
YR.S107.,YR,S107,,"EL2,EL1,ELZ",47.11884,-125.57293,-1717.0,2021-06-30,2021-07-08
YR.S108.,YR,S108,,"EL2,EL1,ELZ",47.1394,-125.44713,-1701.0,2021-06-30,2021-07-10
YR.S109.,YR,S109,,"EL2,EL1,ELZ",47.159902,-125.321059,-1704.0,2021-06-30,2021-07-09
YR.S110.,YR,S110,,"EL2,EL1,ELZ",47.18019,-125.1957,-1483.0,2021-06-30,2021-07-09
YR.S111.,YR,S111,,"EL2,EL1,ELZ",47.200627,-125.069468,-1018.0,2021-06-30,2021-07-09
YR.S112.,YR,S112,,"EL2,EL1,ELZ",47.220813,-124.943206,-612.0,2021-06-30,2021-07-10
YR.S113.,YR,S113,,"EL2,EL1,ELZ",47.240937,-124.816816,-586.0,2021-06-30,2021-07-10
YR.S114.,YR,S114,,"EL2,EL1,ELZ",47.260635,-124.691251,-149.0,2021-06-30,2021-07-10
YR.S115.,YR,S115,,"EL2,EL1,ELZ",44.49038,-125.44747,-2909.8,2021-06-20,2021-06-26
YR.S116.,YR,S116,,"EL2,EL1,ELZ",44.481225,-125.33074,-2883.0,2021-06-20,2021-06-24
YR.S117.,YR,S117,,"EL2,EL1,ELZ",44.47243,-125.21467,-1422.0,2021-06-20,2021-06-25
YR.S118.,YR,S118,,"EL2,EL1,ELZ",44.46344,-125.048135,-1157.0,2021-06-20,2021-06-24
YR.S119.,YR,S119,,"EL2,EL1,ELZ",44.45477,-124.98169,-820.2,2021-06-20,2021-06-25
YR.S120.,YR,S120,,"EL2,EL1,ELZ",44.44512,-124.86561,-392.0,2021-06-20,2021-06-24
YS.PL01.,YS,PL01,,"BHZ,BH2,BH1",20.0889,-154.617798,-5580.0,2005-01-05,2006-01-15
YS.PL02.,YS,PL02,,"BHZ,BH2,BH1",20.499901,-154.9375,-5065.0,2005-01-06,2006-01-15
YS.PL03.,YS,PL03,,"BHZ,BH2,BH1",21.2055,-155.679398,-5144.0,2005-01-06,2006-01-17
YS.PL04.,YS,PL04,,"BHZ,BH2,BH1",22.289801,-155.595093,-4515.0,2005-01-09,2006-01-09
YS.PL05.,YS,PL05,,"BHZ,BH2,BH1",21.507,-154.9944,-5196.0,2005-01-07,2006-01-14
YS.PL06.,YS,PL06,,"BHZ,BH2,BH1",21.0019,-154.482803,-5373.0,2005-01-09,2006-01-09
YS.PL07.,YS,PL07,,"BHZ,BH2,BH1",21.519699,-153.982697,-4912.0,2005-01-08,2006-01-15
YS.PL08.,YS,PL08,,"BHZ,BH2,BH1",20.892599,-153.292099,-5157.0,2005-01-08,2006-01-15
YS.PL10.,YS,PL10,,"BHZ,BH2,BH1",19.979099,-153.902405,-5336.0,2005-01-09,2006-01-15
YS.PL11.,YS,PL11,,"BHZ,BH2,BH1",19.495199,-153.503204,-5181.0,2005-01-08,2006-01-17
YS.PL12.,YS,PL12,,"BHZ,BH2,BH1",19.5063,-154.017105,-5385.0,2005-01-11,2006-01-13
YS.PL13.,YS,PL13,,"BHZ,BH2,BH1",19.262501,-154.393997,-5515.0,2005-01-11,2006-01-18
YS.PL14.,YS,PL14,,"BHZ,BH2,BH1",18.7976,-153.992294,-5252.0,2005-01-11,2006-01-18
YS.PL15.,YS,PL15,,"BHZ,BH2,BH1",18.8009,-153.295898,-5077.0,2005-01-12,2006-01-17
YS.PL17.,YS,PL17,,"BHZ,BH2,BH1",18.4814,-152.132401,-5184.0,2005-01-11,2006-01-19
YS.PL18.,YS,PL18,,"BHZ,BH2,BH1",17.9062,-153.290604,-4938.0,2005-01-12,2006-01-20
YS.PL19.,YS,PL19,,"BHZ,BH2,BH1",16.711901,-153.407806,-5163.0,2005-01-16,2006-01-17
YS.PL20.,YS,PL20,,"BHZ,BH2,BH1",17.297501,-153.700806,-5120.0,2005-01-15,2006-01-21
YS.PL21.,YS,PL21,,"BHZ,BH2,BH1",17.180099,-154.691299,-4993.0,2005-01-17,2006-01-17
YS.PL22.,YS,PL22,,"BHZ,BH2,BH1",17.9884,-154.030502,-5057.0,2005-01-15,2006-01-19
YS.PL23.,YS,PL23,,"BHZ,BH2,BH1",18.401699,-154.495895,-5167.0,2005-01-14,2006-01-23
YS.PL24.,YS,PL24,,"BHZ,BH2,BH1",18.803101,-154.797394,-5319.0,2005-01-14,2006-01-22
YS.PL26.,YS,PL26,,"BHZ,BH2,BH1",17.9757,-155.002594,-4997.0,2005-01-16,2005-07-02
YS.PL27.,YS,PL27,,"BHZ,BH2,BH1",18.000299,-155.714996,-5099.0,2005-01-16,2006-01-22
YS.PL28.,YS,PL28,,"BHZ,BH2,BH1",17.6028,-156.499802,-4792.0,2005-01-18,2006-01-19
YS.PL29.,YS,PL29,,"BHZ,BH2,BH1",18.4042,-156.808197,-4627.0,2005-01-17,2006-01-24
YS.PL30.,YS,PL30,,"BHZ,BH2,BH1",18.301001,-156.167007,-5091.0,2005-01-18,2006-01-24
YS.PL31.,YS,PL31,,"BHZ,BH2,BH1",18.775,-156.465103,-4610.0,2005-01-18,2006-01-24
YS.PL32.,YS,PL32,,"BHZ,BH2,BH1",18.9848,-157.227295,-4604.0,2005-01-19,2006-01-20
YS.PL33.,YS,PL33,,"BHZ,BH2,BH1",19.477699,-156.510101,-4707.0,2005-01-19,2006-01-24
YS.PL34.,YS,PL34,,"BHZ,BH2,BH1",19.832701,-156.932007,-4748.0,2005-01-19,2006-01-24
YS.PL35.,YS,PL35,,"BHZ,BH2,BH1",20.3461,-157.627594,-4650.0,2005-01-10,2006-01-24
YS.PL36.,YS,PL36,,"BHZ,BH2,BH1",21.298401,-158.903,-4762.0,2006-04-11,2007-05-14
YS.PL37.,YS,PL37,,"BHZ,BH2,BH1",19.8234,-160.047501,-4676.0,2006-04-12,2007-06-06
YS.PL38.,YS,PL38,,"BHZ,BH2,BH1",19.9863,-162.025604,-4897.0,2006-04-15,2007-06-05
YS.PL39.,YS,PL39,,"BHZ,BH2,BH1",21.956301,-161.314896,-4543.0,2006-04-14,2007-05-14
YS.PL40.,YS,PL40,,"BHZ,BH2,BH1",23.9972,-161.095001,-4691.0,2006-04-16,2007-05-13
YS.PL41.,YS,PL41,,"BHZ,BH2,BH1",24.573799,-158.933105,-4749.0,2006-04-16,2007-05-15
YS.PL43.,YS,PL43,,"BHZ,BH2,BH1",26.776699,-155.765305,-5545.0,2006-04-18,2007-05-17
YS.PL44.,YS,PL44,,"BHZ,BH2,BH1",25.5928,-152.765793,-5420.0,2006-04-18,2007-05-18
YS.PL45.,YS,PL45,,"BHZ,BH2,BH1",24.2006,-154.811996,-4686.0,2006-04-19,2007-05-19
YS.PL46.,YS,PL46,,"BHZ,BH2,BH1",24.312099,-156.9646,-4428.0,2006-04-20,2007-05-19
YS.PL47.,YS,PL47,,"BHZ,BH2,BH1",22.620199,-158.185394,-4830.0,2006-04-22,2007-05-18
YS.PL48.,YS,PL48,,"BHZ,BH2,BH1",22.2999,-155.6362,-4528.0,2006-04-22,2007-05-20
YS.PL49.,YS,PL49,,"BHZ,BH2,BH1",21.168699,-154.251801,-5173.0,2006-04-24,2007-05-19
YS.PL50.,YS,PL50,,"BHZ,BH2,BH1",22.319901,-152.742706,-5021.0,2006-04-24,2007-05-21
YS.PL51.,YS,PL51,,"BHZ,BH2,BH1",23.684299,-151.695694,-5485.0,2006-04-25,2007-05-22
YS.PL55.,YS,PL55,,"BHZ,BH2,BH1",18.3018,-152.981201,-5076.0,2006-04-28,2007-05-25
YS.PL57.,YS,PL57,,"BHZ,BH2,BH1",18.9142,-150.914993,-5335.0,2006-04-29,2007-12-13
YS.PL59.,YS,PL59,,"BHZ,BH2,BH1",16.989,-149.0009,-5374.0,2006-04-26,2007-12-14
YS.PL61.,YS,PL61,,"BHZ,BH2,BH1",16.737801,-151.637604,-5186.0,2006-05-02,2007-05-26
YS.PL62.,YS,PL62,,"BHZ,BH2,BH1",14.6891,-151.6866,-5765.0,2006-05-02,2007-05-30
YS.PL63.,YS,PL63,,"BHZ,BH2,BH1",14.7313,-153.967499,-5603.0,2006-05-04,2007-05-28
YS.PL65.,YS,PL65,,"BHZ,BH2,BH1",17.315399,-153.868195,-5115.0,2006-05-04,2007-05-25
YS.PL66.,YS,PL66,,"BHZ,BH2,BH1",17.614901,-156.387695,-4826.0,2006-05-05,2007-05-31
YS.PL67.,YS,PL67,,"BHZ,BH2,BH1",16.162001,-156.206604,-5112.0,2006-05-08,2007-05-29
YS.PL68.,YS,PL68,,"BHZ,BH2,BH1",14.6596,-157.8591,-5637.0,2006-05-08,2007-06-01
YS.PL69.,YS,PL69,,"BHZ,BH2,BH1",16.3484,-157.700806,-5365.0,2006-05-05,2007-06-01
YS.PL70.,YS,PL70,,"BHZ,BH2,BH1",15.574,-158.982498,-5591.0,2006-05-09,2007-05-31
YS.PL71.,YS,PL71,,"BHZ,BH2,BH1",17.746901,-161.367599,-5601.0,2006-04-13,2007-06-03
YS.PL73.,YS,PL73,,"BHZ,BH2,BH1",18.564699,-158.760193,-4686.0,2006-05-10,2007-06-02
YS.PL74.,YS,PL74,,"BHZ,BH2,BH1",20.3778,-158.179504,-4541.0,2006-05-09,2007-06-05
Z5.BB630.,Z5,BB630,,"HH1,HH2,HHZ",42.877399,-126.636902,-3340.0,2013-10-04,2014-07-29
Z5.BB631.,Z5,BB631,,"HH1,HH2,HHZ",42.8787,-126.634399,-3320.0,2014-09-20,2015-04-18
Z5.BB640.,Z5,BB640,,"HH1,HH2,HHZ",42.993,-127.302002,-2854.0,2013-10-04,2014-07-30
Z5.BB650.,Z5,BB650,,"HH1,HH2,HHZ",43.465199,-127.134697,-2947.0,2013-10-05,2014-07-29
Z5.BB660.,Z5,BB660,,"HH1,HH2,HHZ",43.426201,-127.792702,-2182.0,2013-10-03,2014-07-29
Z5.BB670.,Z5,BB670,,"HH1,HH2,HHZ",43.4669,-128.400299,-3269.0,2013-10-02,2014-07-28
Z5.BB680.,Z5,BB680,,"HH1,HH2,HHZ",43.252499,-128.803497,-3253.0,2013-10-02,2014-07-28
Z5.BB690.,Z5,BB690,,"HH1,HH2,HHZ",43.851898,-128.436798,-2858.0,2013-09-24,2014-07-28
Z5.BB700.,Z5,BB700,,"HH1,HH2,HHZ",44.672401,-128.817307,-2800.0,2013-09-24,2014-07-26
Z5.BB710.,Z5,BB710,,"HH1,HH2,HHZ",44.171299,-129.142593,-2422.0,2013-09-25,2014-07-27
Z5.BB711.,Z5,BB711,,"HH1,HH2,HHZ",44.1684,-129.1427,-2441.0,2014-07-27,2015-09-11
Z5.BB720.,Z5,BB720,,"HH1,HH2,HHZ",43.749401,-129.413193,-3177.0,2013-10-01,2014-07-27
Z5.BB721.,Z5,BB721,,"HH1,HH2,HHZ",43.749901,-129.413696,-3170.0,2014-07-27,2015-09-11
Z5.BB730.,Z5,BB730,,"HH1,HH2,HHZ",44.293098,-129.964996,-3337.0,2013-09-27,2014-07-27
Z5.BB740.,Z5,BB740,,"HH1,HH2,HHZ",44.062199,-130.503693,-3179.0,2013-09-26,2014-07-26
Z5.BB750.,Z5,BB750,,"HH1,HH2,HHZ",44.589802,-130.6577,-3010.0,2013-09-26,2014-07-26
Z5.BB830.,Z5,BB830,,"HH1,HH2,HHZ",44.024399,-127.631104,-2939.0,2014-07-25,2015-09-09
Z5.BB840.,Z5,BB840,,"BHZ,BH2,BH1",43.425301,-128.033401,-3278.0,2014-07-28,2015-09-11
Z5.BB850.,Z5,BB850,,"BHZ,BH2,BH1",44.533199,-128.046005,-2875.0,2014-07-25,2015-10-28
Z5.BB870.,Z5,BB870,,"BHZ,BH2,BH1",44.045399,-130.101807,-3219.0,2014-07-27,2015-09-10
Z5.BS611.,Z5,BS611,,"EL2,EL1,ELZ",42.834702,-126.011597,-2720.0,2014-08-04,2015-09-17
Z5.BS620.,Z5,BS620,,"EL2,EL1,ELZ",43.2645,-126.488098,-2975.0,2013-10-12,2014-07-29
Z5.BS641.,Z5,BS641,,"EL2,EL1,ELZ",42.9939,-127.302002,-2840.0,2014-07-30,2015-09-12
Z5.BS810.,Z5,BS810,,"EL2,EL1,ELZ",43.217602,-126.709297,-2940.0,2014-07-29,2015-09-12
Z5.BS820.,Z5,BS820,,"EL2,EL1,ELZ",43.579899,-127.361801,-2935.0,2014-07-29,2015-09-12
Z5.GB030.,Z5,GB030,,"HH1,HH2,HHZ",42.356499,-125.857101,-2621.0,2013-11-03,2014-09-11
Z5.GB050.,Z5,GB050,,"HH1,HH2,HHZ",42.474998,-126.902702,-3948.0,2013-10-13,2014-09-20
Z5.GB080.,Z5,GB080,,"HH1,HH2,HHZ",41.9828,-125.307701,-3103.0,2013-11-01,2014-09-19
Z5.GB100.,Z5,GB100,,"HH1,HH2,HHZ",42.026001,-126.585197,-3571.0,2013-11-03,2014-09-19
Z5.GB101.,Z5,GB101,,"BHZ,BH2,BH1",42.0205,-126.587997,-3585.0,2014-08-08,2015-09-16
Z5.GB111.,Z5,GB111,,"HH1,HH2,HHZ",41.9217,-127.1716,-3403.0,2014-07-31,2015-09-13
Z5.GB130.,Z5,GB130,,"HH1,HH2,HHZ",41.409698,-124.689903,-1088.0,2013-10-31,2014-09-12
Z5.GB170.,Z5,GB170,,"HH1,HH2,HHZ",41.5956,-127.424004,-3454.0,2013-11-02,2014-09-18
Z5.GB171.,Z5,GB171,,"HH1,HH2,HHZ",41.597,-127.4254,-3469.0,2014-07-31,2015-09-13
Z5.GB180.,Z5,GB180,,"HH1,HH2,HHZ",41.951401,-128.296295,-3185.0,2013-10-13,2014-07-31
Z5.GB210.,Z5,GB210,,"HH1,HH2,HHZ",41.337002,-126.055801,-3094.0,2013-11-02,2014-09-18
Z5.GB220.,Z5,GB220,,"HH1,HH2,HHZ",41.073299,-126.914497,-2998.0,2013-10-16,2014-09-18
Z5.GB230.,Z5,GB230,,"HH1,HH2,HHZ",41.127201,-127.430702,-3310.0,2013-10-15,2014-09-17
Z5.GB260.,Z5,GB260,,"HH1,HH2,HHZ",40.975498,-125.221298,-3067.0,2013-11-01,2014-09-13
Z5.GB281.,Z5,GB281,,"BHZ,BH2,BH1",41.0284,-126.089897,-3124.0,2014-08-11,2015-09-16
Z5.GB320.,Z5,GB320,,"HH1,HH2,HHZ",40.396599,-125.912102,-2332.0,2013-10-17,2014-09-16
Z5.GB321.,Z5,GB321,,"HH1,HH2,HHZ",40.3922,-125.911697,-2283.0,2014-08-02,2015-09-14
Z5.GB330.,Z5,GB330,,"HH1,HH2,HHZ",40.511101,-126.5849,-3156.0,2013-10-16,2014-09-17
Z5.GB331.,Z5,GB331,,"BHZ,BH2,BH1",40.513,-126.584,-3137.0,2014-08-11,2015-09-14
Z5.GB340.,Z5,GB340,,"HH1,HH2,HHZ",40.3713,-127.442299,-1793.0,2013-10-16,2014-09-17
Z5.GB341.,Z5,GB341,,"HH1,HH2,HHZ",40.372101,-127.442299,-1791.0,2014-08-01,2015-09-14
Z5.GB350.,Z5,GB350,,"HH1,HH2,HHZ",40.861801,-128.111603,-3299.0,2013-10-15,2014-09-17
Z5.GB360.,Z5,GB360,,"HH1,HH2,HHZ",39.879601,-124.730797,-1312.0,2013-10-31,2014-09-15
Z5.GB380.,Z5,GB380,,"HH1,HH2,HHZ",40.059399,-126.162498,-4068.0,2013-10-16,2014-08-02
Z5.GS020.,Z5,GS020,,"EL2,EL1,ELZ",42.573502,-125.447998,-3105.0,2013-11-03,2014-08-05
Z5.GS040.,Z5,GS040,,"EL2,EL1,ELZ",42.554699,-126.403099,-2851.0,2013-10-12,2014-08-04
Z5.GS060.,Z5,GS060,,"EL2,EL1,ELZ",42.628799,-127.301598,-2821.0,2013-10-13,2014-07-30
Z5.GS070.,Z5,GS070,,"EL2,EL1,ELZ",41.981098,-124.726898,-699.0,2013-10-31,2014-08-12
Z5.GS090.,Z5,GS090,,"EL2,EL1,ELZ",42.001999,-125.981499,-2942.0,2013-11-02,2014-08-04
Z5.GS110.,Z5,GS110,,"EL2,EL1,ELZ",41.9226,-127.171204,-3601.0,2013-11-02,2014-07-31
Z5.GS120.,Z5,GS120,,"EL2,EL1,ELZ",42.216702,-127.604202,-2935.0,2013-10-13,2014-07-30
Z5.GS150.,Z5,GS150,,"EL2,EL1,ELZ",41.6964,-126.360703,-2965.0,2013-11-01,2014-08-03
Z5.GS240.,Z5,GS240,,"EL2,EL1,ELZ",41.428101,-128.055893,-3115.0,2013-10-13,2014-07-31
Z5.GS261.,Z5,GS261,,"EL2,EL1,ELZ",40.9785,-125.213501,-3077.0,2014-08-10,2015-09-16
Z5.GS270.,Z5,GS270,,"EL2,EL1,ELZ",40.785599,-125.556801,-3041.0,2013-11-01,2014-08-11
Z5.GS280.,Z5,GS280,,"EL2,EL1,ELZ",41.0336,-126.093399,-3125.0,2013-11-01,2014-08-03
Z5.GS300.,Z5,GS300,,"EL2,EL1,ELZ",40.7864,-126.468201,-3151.0,2013-10-15,2014-08-03
Z5.GS311.,Z5,GS311,,"EL2,EL1,ELZ",40.455399,-125.132004,-2498.0,2014-08-02,2015-09-15
Z5.GS400.,Z5,GS400,,"EL2,EL1,ELZ",40.141602,-127.822998,-4510.0,2013-10-14,2014-08-01
Z6.01.,Z6,01,,"BHZ,BH2,BH1",27.766001,149.092804,-5982.0,2009-10-19,2010-11-01
Z6.03.,Z6,03,,"BHZ,BH2,BH1",27.441799,150.326599,-5983.0,2009-10-20,2010-11-01
Z6.04.,Z6,04,,"BHZ,BH2,BH1",28.049101,149.707993,-6249.0,2009-10-21,2010-11-01
Z6.06.,Z6,06,,"BHZ,BH2,BH1",28.2738,150.554199,-5964.0,2009-10-22,2010-10-31
Z6.07.,Z6,07,,"BHZ,BH2,BH1",28.723801,150.995407,-5898.0,2009-10-22,2010-10-31
Z6.08L.,Z6,08L,,"BHZ,BH2,BH1",27.813601,151.491699,-5906.0,2009-10-23,2010-10-30
Z6.10.,Z6,10,,"BHZ,BH2,BH1",28.929701,154.490906,-6002.0,2009-10-23,2010-10-29
Z6.11.,Z6,11,,"BHZ,BH2,BH1",29.7521,154.237198,-5836.0,2009-10-24,2010-10-29
Z6.13.,Z6,13,,"BHZ,BH2,BH1",29.351299,155.244003,-5750.0,2009-10-26,2010-10-28
Z6.15.,Z6,15,,"BHZ,BH2,BH1",28.492201,155.239197,-6156.0,2009-10-27,2010-10-27
Z6.16.,Z6,16,,"BHZ,BH2,BH1",27.7988,155.108505,-5665.0,2009-10-27,2010-10-27
Z6.KSFA.,Z6,KSFA,,"EL2,EL1,ELZ",19.1202,-155.3389,-1540.0,2018-07-09,2018-09-15
Z6.KSFB.,Z6,KSFB,,"EL2,EL1,ELZ",19.1358,-155.1632,-1811.0,2018-07-10,2018-09-15
Z6.KSFD.,Z6,KSFD,,"EL2,EL1,ELZ",19.2632,-154.9797,-2200.0,2018-07-10,2018-09-16
Z6.KSFE.,Z6,KSFE,,"EL2,EL1,ELZ",19.2526,-154.886,-3100.0,2018-07-10,2018-09-16
Z6.KSFF.,Z6,KSFF,,"EL2,EL1,ELZ",19.2321,-154.8717,-3300.0,2018-07-10,2018-09-16
Z6.KSFG.,Z6,KSFG,,"EL2,EL1,ELZ",19.2135,-154.8496,-3800.0,2018-07-10,2018-09-16
Z6.KSFH.,Z6,KSFH,,"EL2,EL1,ELZ",19.1945,-154.8263,-4800.0,2018-07-11,2018-09-16
Z6.KSFI.,Z6,KSFI,,"EL2,EL1,ELZ",19.2522,-154.7067,-5000.0,2018-07-11,2018-09-16
Z6.KSFK.,Z6,KSFK,,"EL2,EL1,ELZ",19.4684,-154.7273,-2000.0,2018-07-12,2018-09-16
Z6.KSFL.,Z6,KSFL,,"EL2,EL1,ELZ",19.53,-154.7498,-700.0,2018-07-12,2018-09-16
ZF.301.,ZF,301,,"EL2,EL1,ELZ",53.67503,-155.506287,-4488.0,2011-07-02,2011-07-05
ZF.302.,ZF,302,,"EL2,EL1,ELZ",53.80061,-155.617615,-4577.0,2011-07-02,2011-07-05
ZF.303.,ZF,303,,"EL2,EL1,ELZ",53.926208,-155.730072,-4693.0,2011-07-02,2011-07-05
ZF.304.,ZF,304,,"EL2,EL1,ELZ",54.051521,-155.842575,-4915.0,2011-07-02,2011-07-05
ZF.305.,ZF,305,,"EL2,EL1,ELZ",54.176659,-155.957169,-5150.0,2011-07-02,2011-07-05
ZF.306.,ZF,306,,"EL2,EL1,ELZ",54.2752,-156.045731,-5484.0,2011-07-02,2011-07-05
ZF.307.,ZF,307,,"EL2,EL1,ELZ",54.45232,-156.207825,-5509.0,2011-07-02,2011-07-06
ZF.308.,ZF,308,,"EL2,EL1,ELZ",54.582039,-156.333954,-4151.0,2011-07-02,2011-07-06
ZF.309.,ZF,309,,"EL2,EL1,ELZ",54.707588,-156.446289,-3023.0,2011-07-02,2011-07-06
ZF.310.,ZF,310,,"EL2,EL1,ELZ",54.8311,-156.562027,-1771.0,2011-07-02,2011-07-06
ZF.311.,ZF,311,,"EL2,EL1,ELZ",54.95792,-156.682465,-1366.0,2011-07-02,2011-07-06
ZF.312.,ZF,312,,"EL2,EL1,ELZ",55.083229,-156.801453,-461.0,2011-07-02,2011-07-06
ZF.313.,ZF,313,,"EL2,EL1,ELZ",55.207802,-156.922043,-116.0,2011-07-02,2011-07-06
ZF.314.,ZF,314,,"EL2,EL1,ELZ",55.333752,-157.042496,-97.0,2011-07-02,2011-07-06
ZF.315.,ZF,315,,"EL2,EL1,ELZ",55.45726,-157.160889,-91.0,2011-07-02,2011-07-06
ZF.316.,ZF,316,,"EL2,EL1,ELZ",55.58102,-157.283676,-94.0,2011-07-02,2011-07-06
ZF.317.,ZF,317,,"EL2,EL1,ELZ",55.704899,-157.408279,-97.0,2011-07-03,2011-07-06
ZF.318.,ZF,318,,"EL2,EL1,ELZ",55.828449,-157.532288,-98.0,2011-07-03,2011-07-06
ZF.319.,ZF,319,,"EL2,EL1,ELZ",55.952629,-157.655685,-75.0,2011-07-03,2011-07-06
ZF.320.,ZF,320,,"EL2,EL1,ELZ",56.077412,-157.779221,-162.0,2011-07-03,2011-07-06
ZF.321.,ZF,321,,"EL2,EL1,ELZ",56.200878,-157.906631,-143.0,2011-07-03,2011-07-07
ZF.501.,ZF,501,,"EL2,EL1,ELZ",52.63435,-159.560745,-4696.0,2011-07-07,2011-07-10
ZF.502.,ZF,502,,"EL2,EL1,ELZ",52.744888,-159.611481,-4690.0,2011-07-08,2011-07-10
ZF.503.,ZF,503,,"EL2,EL1,ELZ",52.8549,-159.661743,-4695.0,2011-07-08,2011-07-10
ZF.504.,ZF,504,,"EL2,EL1,ELZ",52.965752,-159.712006,-4745.0,2011-07-08,2011-07-10
ZF.505.,ZF,505,,"EL2,EL1,ELZ",53.075249,-159.762985,-4785.0,2011-07-08,2011-07-10
ZF.506.,ZF,506,,"EL2,EL1,ELZ",53.186951,-159.815765,-4875.0,2011-07-08,2011-07-11
ZF.507.,ZF,507,,"EL2,EL1,ELZ",53.29705,-159.86676,-5122.0,2011-07-08,2011-07-11
ZF.508.,ZF,508,,"EL2,EL1,ELZ",53.407509,-159.917999,-5503.0,2011-07-08,2011-07-11
ZF.509.,ZF,509,,"EL2,EL1,ELZ",53.731541,-160.071762,-5400.0,2011-07-08,2011-07-11
ZF.510.,ZF,510,,"EL2,EL1,ELZ",53.8507,-160.128036,-3964.0,2011-07-08,2011-07-11
ZF.511.,ZF,511,,"EL2,EL1,ELZ",53.960091,-160.181305,-3017.0,2011-07-08,2011-07-11
ZF.512.,ZF,512,,"EL2,EL1,ELZ",54.070759,-160.235016,-1988.0,2011-07-08,2011-07-11
ZF.513.,ZF,513,,"EL2,EL1,ELZ",54.181549,-160.284439,-1135.0,2011-07-08,2011-07-11
ZF.514.,ZF,514,,"EL2,EL1,ELZ",54.290359,-160.342224,-297.0,2011-07-08,2011-07-11
ZF.515.,ZF,515,,"EL2,EL1,ELZ",54.40065,-160.397751,-133.0,2011-07-08,2011-07-11
ZF.516.,ZF,516,,"EL2,EL1,ELZ",54.510849,-160.451981,-148.0,2011-07-08,2011-07-11
ZF.517.,ZF,517,,"EL2,EL1,ELZ",54.620949,-160.50676,-117.0,2011-07-08,2011-07-11
ZF.518.,ZF,518,,"EL2,EL1,ELZ",54.731197,-160.561569,-117.0,2011-07-08,2011-07-11
ZF.519.,ZF,519,,"EL2,EL1,ELZ",54.841591,-160.617783,-97.0,2011-07-08,2011-07-12
ZF.520.,ZF,520,,"EL2,EL1,ELZ",54.95192,-160.67244,-81.0,2011-07-08,2011-07-12
ZF.521.,ZF,521,,"EL2,EL1,ELZ",55.06052,-160.735321,-108.0,2011-07-08,2011-07-12
ZS.S01.,ZS,S01,,"EL2,EL1,ELZ",39.870098,-70.962997,-880.0,2012-07-06,2012-12-06
ZS.S02.,ZS,S02,,"EL2,EL1,ELZ",39.865601,-70.962997,-816.0,2012-07-06,2012-12-06
ZS.S03.,ZS,S03,,"EL2,EL1,ELZ",39.862499,-70.962997,-825.0,2012-07-06,2012-12-06
ZS.S04.,ZS,S04,,"EL2,EL1,ELZ",39.859699,-70.962097,-832.0,2012-07-06,2012-12-06
ZS.S05.,ZS,S05,,"EL2,EL1,ELZ",39.862999,-70.956596,-838.0,2012-07-06,2012-12-06
ZS.S06.,ZS,S06,,"EL2,EL1,ELZ",39.8522,-70.962997,-860.0,2012-07-06,2012-12-06
ZS.S07.,ZS,S07,,"EL2,EL1,ELZ",39.856701,-70.957199,-843.0,2012-07-06,2012-12-07
ZS.S08.,ZS,S08,,"EL2,EL1,ELZ",39.861099,-70.957199,-833.0,2012-07-06,2012-11-30
ZS.S09.,ZS,S09,,"EL2,EL1,ELZ",39.8657,-70.9571,-838.0,2012-07-06,2012-12-06
ZS.S10.,ZS,S10,,"EL2,EL1,ELZ",39.856602,-70.968903,-841.0,2012-07-06,2012-12-06
ZS.S12.,ZS,S12,,"EL2,EL1,ELZ",39.8657,-70.968903,-816.0,2012-07-06,2012-12-07
ZS.W01.,ZS,W01,,"EL2,EL1,ELZ",39.816799,-70.426804,-1031.0,2012-11-29,2013-09-12
ZS.W02.,ZS,W02,,"EL2,EL1,ELZ",39.563499,-70.850502,-2386.0,2012-11-29,2013-09-12
ZS.W03.,ZS,W03,,"EL2,EL1,ELZ",39.7948,-71.293098,-978.0,2012-11-29,2013-09-11
ZS.W04.,ZS,W04,,"EL2,EL1,ELZ",39.432899,-71.475601,-2288.0,2012-11-29,2013-11-22
ZS.W05.,ZS,W05,,"EL2,EL1,ELZ",39.379101,-71.982002,-927.0,2012-11-29,2013-09-12
ZU.10.,ZU,10,,"EL2,EL1,ELZ",44.569099,-125.114197,-957.0,2002-08-16,2002-08-19
ZU.101.,ZU,101,,"EL2,EL1,ELZ",18.84335,-157.61711,-4555.0,2018-09-17,2018-10-14
ZU.102.,ZU,102,,"EL2,EL1,ELZ",18.938078,-157.515289,-4515.0,2018-09-15,2018-10-16
ZU.103.,ZU,103,,"EL2,EL1,ELZ",19.032829,-157.4133,-4549.0,2018-09-15,2018-10-16
ZU.104.,ZU,104,,"EL2,EL1,ELZ",19.127533,-157.312393,-4616.0,2018-09-15,2018-10-15
ZU.105.,ZU,105,,"EL2,EL1,ELZ",19.222176,-157.21051,-3934.0,2018-09-15,2018-10-15
ZU.106.,ZU,106,,"EL2,EL1,ELZ",19.316533,-157.10818,-2607.0,2018-09-18,2018-10-13
ZU.107.,ZU,107,,"EL2,EL1,ELZ",19.41124,-157.00605,-2221.0,2018-09-18,2018-10-13
ZU.108.,ZU,108,,"EL2,EL1,ELZ",19.505213,-156.90412,-4753.0,2018-09-18,2018-10-13
ZU.109.,ZU,109,,"EL2,EL1,ELZ",19.599493,-156.80096,-4482.0,2018-09-18,2018-10-13
ZU.110.,ZU,110,,"EL2,EL1,ELZ",19.69398,-156.69892,-4294.0,2018-09-18,2018-10-13
ZU.111.,ZU,111,,"EL2,EL1,ELZ",19.788172,-156.59609,-4807.0,2018-09-18,2018-10-13
ZU.112.,ZU,112,,"EL2,EL1,ELZ",19.880883,-156.49461,-4791.0,2018-09-18,2018-10-13
ZU.113.,ZU,113,,"EL2,EL1,ELZ",19.97648,-156.39162,-3087.0,2018-09-18,2018-10-13
ZU.114.,ZU,114,,"EL2,EL1,ELZ",20.07091,-156.28834,-1259.0,2018-09-18,2018-10-13
ZU.115.,ZU,115,,"EL2,EL1,ELZ",20.164118,-156.1854,-1085.0,2018-09-18,2018-10-12
ZU.116.,ZU,116,,"EL2,EL1,ELZ",20.2583,-156.0816,-957.0,2018-09-18,2018-10-12
ZU.117.,ZU,117,,"EL2,EL1,ELZ",20.352152,-155.97836,-744.0,2018-09-18,2018-10-12
ZU.118.,ZU,118,,"EL2,EL1,ELZ",20.44245,-155.87853,-937.0,2018-09-18,2018-10-12
ZU.119.,ZU,119,,"EL2,EL1,ELZ",20.53625,-155.77471,-2768.0,2018-09-18,2018-10-12
ZU.12.,ZU,12,,"EL2,EL1,ELZ",44.5695,-125.105499,-1037.0,2002-08-20,2002-08-25
ZU.120.,ZU,120,,"EL2,EL1,ELZ",20.6331,-155.66715,-1871.0,2018-09-18,2018-10-12
ZU.121.,ZU,121,,"EL2,EL1,ELZ",20.72672,-155.56336,-1723.0,2018-09-18,2018-10-12
ZU.122.,ZU,122,,"EL2,EL1,ELZ",20.820267,-155.460464,-3397.0,2018-09-16,2018-10-13
ZU.123.,ZU,123,,"EL2,EL1,ELZ",20.91371,-155.355377,-4909.0,2018-09-16,2018-10-13
ZU.124.,ZU,124,,"EL2,EL1,ELZ",20.991158,-155.271347,-5376.0,2018-09-16,2018-10-13
ZU.125.,ZU,125,,"EL2,EL1,ELZ",21.231358,-155.000961,-5485.0,2018-09-17,2018-10-13
ZU.127.,ZU,127,,"EL2,EL1,ELZ",21.39155,-154.82086,-5261.0,2018-09-19,2018-10-11
ZU.128.,ZU,128,,"EL2,EL1,ELZ",21.47153,-154.73073,-4961.0,2018-09-19,2018-10-11
ZU.129.,ZU,129,,"EL2,EL1,ELZ",21.55148,-154.64049,-4936.0,2018-09-19,2018-10-11
ZU.130.,ZU,130,,"EL2,EL1,ELZ",21.631445,-154.55012,-4991.0,2018-09-19,2018-10-11
ZU.131.,ZU,131,,"EL2,EL1,ELZ",21.72055,-154.44919,-5208.0,2018-09-19,2018-10-11
ZU.132.,ZU,132,,"EL2,EL1,ELZ",21.79127,-154.36921,-5153.0,2018-09-19,2018-10-11
ZU.133.,ZU,133,,"EL2,EL1,ELZ",21.87126,-154.27825,-5304.0,2018-09-19,2018-10-11
ZU.134.,ZU,134,,"EL2,EL1,ELZ",21.950873,-154.18751,-4861.0,2018-09-19,2018-10-11
ZU.135.,ZU,135,,"EL2,EL1,ELZ",22.03081,-154.09641,-4451.0,2018-09-19,2018-10-10
ZU.14.,ZU,14,,"EL2,EL1,ELZ",44.569698,-125.096199,-1113.0,2002-08-20,2002-08-25
ZU.16.,ZU,16,,"EL2,EL1,ELZ",44.569801,-125.087196,-1159.0,2002-08-20,2002-08-25
ZU.18.,ZU,18,,"EL2,EL1,ELZ",44.569901,-125.078598,-1203.0,2002-08-20,2002-08-24
ZU.2.,ZU,2,,"EL2,EL1,ELZ",44.568298,-125.150398,-805.0,2002-08-16,2002-08-20
ZU.20.,ZU,20,,"EL2,EL1,ELZ",44.570099,-125.069298,-1231.0,2002-08-20,2002-08-24
ZU.201.,ZU,201,,"EL2,EL1,ELZ",19.257943,-159.12765,-4621.0,2018-09-14,2018-10-14
ZU.202.,ZU,202,,"SL1,SL2,SLZ",19.37454,-159.09433,-4451.0,2018-09-14,2018-10-14
ZU.203.,ZU,203,,"EL2,EL1,ELZ",19.506808,-159.05757,-4861.0,2018-09-14,2018-10-15
ZU.204.,ZU,204,,"EL2,EL1,ELZ",19.638633,-159.02048,-4479.0,2018-09-14,2018-10-15
ZU.205.,ZU,205,,"EL2,EL1,ELZ",19.770768,-158.98245,-4394.0,2018-09-14,2018-10-15
ZU.206.,ZU,206,,"EL2,EL1,ELZ",19.902655,-158.94548,-4406.0,2018-09-14,2018-10-15
ZU.207.,ZU,207,,"EL2,EL1,ELZ",20.03461,-158.9077,-4406.0,2018-09-14,2018-10-15
ZU.208.,ZU,208,,"EL2,EL1,ELZ",20.166953,-158.87043,-4058.0,2018-09-14,2018-10-15
ZU.209.,ZU,209,,"EL2,EL1,ELZ",20.299023,-158.8326,-4298.0,2018-09-14,2018-10-15
ZU.210.,ZU,210,,"EL2,EL1,ELZ",20.430997,-158.79527,-4218.0,2018-09-14,2018-10-15
ZU.211.,ZU,211,,"EL2,EL1,ELZ",20.562618,-158.75854,-4023.0,2018-09-14,2018-10-15
ZU.212.,ZU,212,,"EL2,EL1,ELZ",20.69526,-158.71926,-3946.0,2018-09-14,2018-10-16
ZU.213.,ZU,213,,"EL2,EL1,ELZ",20.82699,-158.68137,-4145.0,2018-09-14,2018-10-16
ZU.214.,ZU,214,,"EL2,EL1,ELZ",20.959118,-158.64342,-4527.0,2018-09-14,2018-10-16
ZU.215.,ZU,215,,"EL2,EL1,ELZ",21.090965,-158.6053,-4160.0,2018-09-14,2018-10-16
ZU.216.,ZU,216,,"EL2,EL1,ELZ",21.223258,-158.56761,-2796.0,2018-09-13,2018-10-16
ZU.217.,ZU,217,,"EL2,EL1,ELZ",21.354947,-158.5295,-2617.0,2018-09-13,2018-10-16
ZU.218.,ZU,218,,"EL2,EL1,ELZ",21.487165,-158.490952,-2593.0,2018-09-11,2018-10-17
ZU.219.,ZU,219,,"EL2,EL1,ELZ",21.619179,-158.452271,-731.0,2018-09-11,2018-10-17
ZU.21A.,ZU,21A,,"EL2,EL1,ELZ",44.570301,-125.1474,-779.0,2002-08-25,2002-08-30
ZU.220.,ZU,220,,"EL2,EL1,ELZ",21.751154,-158.414383,-1139.0,2018-09-11,2018-10-18
ZU.221.,ZU,221,,"EL2,EL1,ELZ",21.88308,-158.376144,-2606.0,2018-09-11,2018-10-18
ZU.222.,ZU,222,,"EL2,EL1,ELZ",22.014998,-158.33737,-4225.0,2018-09-13,2018-10-17
ZU.223.,ZU,223,,"EL2,EL1,ELZ",22.14677,-158.29928,-4767.0,2018-09-13,2018-10-17
ZU.224.,ZU,224,,"EL2,EL1,ELZ",22.278447,-158.25989,-5098.0,2018-09-13,2018-10-17
ZU.225.,ZU,225,,"EL2,EL1,ELZ",22.41061,-158.22155,-4846.0,2018-09-13,2018-10-17
ZU.226.,ZU,226,,"EL2,EL1,ELZ",22.542453,-158.18258,-4854.0,2018-09-13,2018-10-17
ZU.227.,ZU,227,,"EL2,EL1,ELZ",22.674228,-158.1445,-4775.0,2018-09-13,2018-10-17
ZU.228.,ZU,228,,"EL2,EL1,ELZ",22.8071,-158.1054,-4747.0,2018-09-13,2018-10-17
ZU.229.,ZU,229,,"EL2,EL1,ELZ",22.938255,-158.06669,-4677.0,2018-09-12,2018-10-17
ZU.22A.,ZU,22A,,"EL2,EL1,ELZ",44.570301,-125.146202,-782.0,2002-08-25,2002-08-30
ZU.230.,ZU,230,,"EL2,EL1,ELZ",23.07074,-158.027328,-4823.0,2018-09-11,2018-10-19
ZU.231.,ZU,231,,"EL2,EL1,ELZ",23.202084,-157.987305,-4542.9,2018-09-11,2018-10-19
ZU.232.,ZU,232,,"EL2,EL1,ELZ",23.333622,-157.948517,-4505.0,2018-09-11,2018-10-19
ZU.233.,ZU,233,,"EL2,EL1,ELZ",23.465865,-157.9097,-4482.0,2018-09-12,2018-10-18
ZU.234.,ZU,234,,"EL2,EL1,ELZ",23.59762,-157.86481,-4452.0,2018-09-12,2018-10-18
ZU.235.,ZU,235,,"EL2,EL1,ELZ",23.729237,-157.83051,-4450.0,2018-09-12,2018-10-18
ZU.4.,ZU,4,,"EL2,EL1,ELZ",44.5686,-125.141403,-818.0,2002-08-16,2002-08-19
ZU.6A.,ZU,6A,,"EL2,EL1,ELZ",44.568901,-125.133301,-866.0,2002-08-25,2002-08-26
ZU.8.,ZU,8,,"EL2,EL1,ELZ",44.569,-125.123299,-892.0,2002-08-16,2002-08-19
ZU.E114.,ZU,E114,,"EL2,EL1,ELZ",46.0429,168.905304,-5499.0,2019-05-03,2019-05-12
ZU.E115.,ZU,E115,,"EL2,EL1,ELZ",46.066002,169.094299,-3629.4,2019-05-01,2019-05-12
ZU.E116.,ZU,E116,,"EL2,EL1,ELZ",46.085701,169.259598,-1595.1,2019-05-01,2019-05-12
ZU.E117.,ZU,E117,,"EL2,EL1,ELZ",46.106201,169.432297,-1336.5,2019-05-01,2019-05-11
ZU.E118.,ZU,E118,,"EL2,EL1,ELZ",46.122799,169.574997,-1394.7,2019-05-01,2019-05-27
ZU.E119.,ZU,E119,,"EL2,EL1,ELZ",46.140999,169.7332,-1936.6,2019-05-01,2019-05-11
ZU.E120.,ZU,E120,,"EL2,EL1,ELZ",46.161098,169.912094,-5372.5,2019-05-01,2019-05-11
ZU.E207.,ZU,E207,,"EL2,EL1,ELZ",46.525101,169.415695,-2238.5,2019-05-19,2019-05-27
ZU.E209.,ZU,E209,,"EL2,EL1,ELZ",46.323898,169.495895,-1644.6,2019-05-18,2019-05-26
ZU.E212.,ZU,E212,,"EL2,EL1,ELZ",45.905602,169.660904,-2867.6,2019-05-18,2019-05-27
ZU.E221.,ZU,E221,,"EL2,EL1,ELZ",44.670601,170.131607,-1409.6,2019-05-17,2019-05-27
ZU.E223.,ZU,E223,,"EL2,EL1,ELZ",44.465199,170.208099,-1196.2,2019-05-17,2019-05-27
ZU.E225.,ZU,E225,,"EL2,EL1,ELZ",44.260101,170.283707,-2069.1,2019-05-17,2019-05-27
ZU.E227.,ZU,E227,,"EL2,EL1,ELZ",44.054798,170.358902,-3663.6,2019-05-19,2019-05-27
ZU.NZ01.,ZU,NZ01,,"BHZ,BH2,BH1",-44.4981,165.001602,-4682.0,2009-01-31,2010-02-04
ZU.NZ02.,ZU,NZ02,,"BHZ,BH2,BH1",-43.998001,166.501099,-3816.0,2009-02-01,2010-02-04
ZU.NZ03.,ZU,NZ03,,"BHZ,BH2,BH1",-43.001801,165.999496,-4225.0,2009-02-02,2010-02-05
ZU.NZ04.,ZU,NZ04,,"BHZ,BH2,BH1",-41.999298,165.502396,-4470.0,2009-02-02,2010-02-06
ZU.NZ05.,ZU,NZ05,,"BHZ,BH2,BH1",-40.6493,167.251007,-1188.0,2009-02-03,2010-01-29
ZU.NZ06.,ZU,NZ06,,"BHZ,BH2,BH1",-39.749802,168.001099,-859.0,2009-02-03,2010-01-29
ZU.NZ07.,ZU,NZ07,,"BHZ,BH2,BH1",-40.250099,169.000305,-852.0,2009-02-03,2010-01-29
ZU.NZ08.,ZU,NZ08,,"BHZ,BH2,BH1",-40.999802,168.501099,-995.0,2009-02-04,2010-01-30
ZU.NZ09.,ZU,NZ09,,"BHZ,BH2,BH1",-41.6507,167.899796,-1335.0,2009-02-04,2010-02-01
ZU.NZ10.,ZU,NZ10,,"BHZ,BH2,BH1",-43.200699,168.000397,-1193.0,2009-02-04,2010-02-05
ZU.NZ11.,ZU,NZ11,,"BHZ,BH2,BH1",-43.299999,168.850204,-911.0,2009-02-04,2010-02-02
ZU.NZ12.,ZU,NZ12,,"BHZ,BH2,BH1",-43.001701,169.598602,-625.0,2009-02-05,2010-02-02
ZU.NZ13.,ZU,NZ13,,"BHZ,BH2,BH1",-42.499699,169.0,-1165.0,2009-02-05,2010-02-01
ZU.NZ14.,ZU,NZ14,,"BHZ,BH2,BH1",-42.6506,169.949997,-633.0,2009-02-06,2010-01-31
ZU.NZ15.,ZU,NZ15,,"BHZ,BH2,BH1",-42.1506,170.399597,-561.0,2009-02-06,2009-06-18
ZU.NZ16.,ZU,NZ16,,"BHZ,BH2,BH1",-41.749901,169.2491,-1063.0,2009-02-06,2010-01-30
ZU.NZ18.,ZU,NZ18,,"BHZ,BH2,BH1",-41.000198,170.0,-805.0,2009-02-07,2010-01-28
ZU.NZ19.,ZU,NZ19,,"BHZ,BH2,BH1",-40.750198,170.900406,-549.0,2009-02-08,2010-01-27
ZU.NZ20.,ZU,NZ20,,"BHZ,BH2,BH1",-40.199501,170.750305,-714.0,2009-02-08,2010-01-27
ZU.NZ21.,ZU,NZ21,,"BHZ,BH2,BH1",-39.5005,170.000107,-676.0,2009-02-08,2010-01-27
ZU.NZ22.,ZU,NZ22,,"BHZ,BH2,BH1",-44.500599,173.998703,-776.0,2009-02-12,2010-02-14
ZU.NZ23.,ZU,NZ23,,"BHZ,BH2,BH1",-45.149399,174.852005,-1091.0,2009-02-12,2010-02-12
ZU.NZ24.,ZU,NZ24,,"BHZ,BH2,BH1",-45.498402,176.002594,-1507.0,2009-02-14,2010-02-12
ZU.NZ25.,ZU,NZ25,,"BHZ,BH2,BH1",-45.997799,174.750397,-1727.0,2009-02-15,2010-02-12
ZU.NZ26.,ZU,NZ26,,"BHZ,BH2,BH1",-46.997898,174.498398,-1316.0,2009-02-15,2010-02-11
ZU.NZ27.,ZU,NZ27,,"BHZ,BH2,BH1",-46.500702,173.249695,-1544.0,2009-02-16,2010-02-11
ZU.NZ28.,ZU,NZ28,,"BHZ,BH2,BH1",-45.963902,171.751404,-1328.0,2009-02-16,2010-02-11
ZU.NZ29.,ZU,NZ29,,"BHZ,BH2,BH1",-45.247398,172.253494,-1383.0,2009-02-17,2010-02-13
ZU.NZ30.,ZU,NZ30,,"BHZ,BH2,BH1",-45.498001,173.501007,-1416.0,2009-02-17,2010-02-13
