id,network_code,station_code,location_code,channels,latitude,longitude,elevation,start_date,end_date
BK.FARB.,BK,FARB,,"HHZ,BHN,HHE,BHZ,HHN,BHE",37.697572,-123.001011,-18.5,1997-03-15,3000-01-01
BK.FARB.00,BK,FARB,00,"HHZ,BHN,HHE,HNN,BHZ,HHN,HNZ,HNE,BHE",37.697572,-123.001011,-18.5,1997-03-15,3000-01-01
BK.MOBB.,BK,MOBB,,"BHE,BHZ,BHN",36.690651,-122.166031,-1036.5,2002-04-10,2016-08-03
BK.MOBB.00,BK,MOBB,00,"BHE,BHZ,BHN",36.690651,-122.166031,-1036.5,2002-04-10,2016-08-03
1B.101.,1B,101,,"EL2,EL1,ELZ",53.735298,-139.328705,-3550.0,2011-06-16,2011-06-20
1B.103.,1B,103,,"EL2,EL1,ELZ",53.931499,-139.891205,-3523.0,2011-06-17,2011-06-20
1B.104.,1B,104,,"EL2,EL1,ELZ",54.027699,-140.173096,-3488.0,2011-06-17,2011-06-20
1B.105.,1B,105,,"EL2,EL1,ELZ",54.123699,-140.455994,-3607.0,2011-06-17,2011-06-21
1B.106.,1B,106,,"EL2,EL1,ELZ",54.219002,-140.740906,-3691.0,2011-06-17,2011-06-21
1B.107.,1B,107,,"EL2,EL1,ELZ",54.313499,-141.026901,-3727.0,2011-06-17,2011-06-21
1B.201.,1B,201,,"EL2,EL1,ELZ",54.6702,-141.267303,-3637.0,2011-06-17,2011-06-21
1B.202.,1B,202,,"EL2,EL1,ELZ",54.858299,-141.240997,-3589.0,2011-06-17,2011-06-21
1B.203.,1B,203,,"EL2,EL1,ELZ",55.001801,-141.220703,-3502.0,2011-06-17,2011-06-21
1B.204.,1B,204,,"EL2,EL1,ELZ",55.234402,-141.187195,-3478.0,2011-06-17,2011-06-21
1B.205.,1B,205,,"EL2,EL1,ELZ",55.422001,-141.159607,-3538.0,2011-06-17,2011-06-21
1B.206.,1B,206,,"EL2,EL1,ELZ",55.610401,-141.132706,-3559.0,2011-06-17,2011-06-22
1B.207.,1B,207,,"EL2,EL1,ELZ",55.798199,-141.105103,-3533.0,2011-06-17,2011-06-22
1B.208.,1B,208,,"EL2,EL1,ELZ",55.986401,-141.078293,-3590.0,2011-06-17,2011-06-22
1E.OS101.,1E,OS101,,"EL2,EL1,ELZ",36.633171,25.54211,-458.0,2015-11-22,2015-12-09
1E.OS102.,1E,OS102,,"EL2,EL1,ELZ",36.603992,25.475185,-423.0,2015-11-22,2015-12-09
1E.OS103.,1E,OS103,,"EL2,EL1,ELZ",36.562199,25.364401,-300.5,2015-11-19,2015-12-09
1E.OS104.,1E,OS104,,"EL2,EL1,ELZ",36.588505,25.519314,-415.0,2015-11-20,2015-12-09
1E.OS105.,1E,OS105,,"EL2,EL1,ELZ",36.561401,25.453899,-399.7,2015-11-20,2015-12-09
1E.OS106.,1E,OS106,,"EL2,EL1,ELZ",36.540081,25.395752,-352.0,2015-11-22,2015-12-09
1E.OS107.,1E,OS107,,"EL2,EL1,ELZ",36.514793,25.330902,-198.0,2015-11-22,2015-12-09
1E.OS108.,1E,OS108,,"EL2,EL1,ELZ",36.471298,25.2258,-126.6,2015-11-20,2015-12-09
1E.OS109.,1E,OS109,,"EL2,EL1,ELZ",36.579155,25.578089,-454.0,2015-11-20,2015-12-09
1E.OS110.,1E,OS110,,"EL2,EL1,ELZ",36.560902,25.5389,-381.1,2015-11-18,2015-12-09
1E.OS112.,1E,OS112,,"EL2,EL1,ELZ",36.524872,25.442156,-342.0,2015-11-22,2015-12-09
1E.OS113.,1E,OS113,,"EL2,EL1,ELZ",36.504971,25.387726,-242.0,2015-11-21,2015-12-08
1E.OS114.,1E,OS114,,"EL2,EL1,ELZ",36.492332,25.343569,-142.0,2015-11-22,2015-12-08
1E.OS115.,1E,OS115,,"EL2,EL1,ELZ",36.458698,25.278799,-181.1,2015-11-19,2015-12-09
1E.OS117.,1E,OS117,,"EL2,EL1,ELZ",36.401699,25.127399,-481.8,2015-11-20,2015-12-09
1E.OS118.,1E,OS118,,"EL2,EL1,ELZ",36.360203,25.02066,-527.0,2015-11-22,2015-12-10
1E.OS119.,1E,OS119,,"EL2,EL1,ELZ",36.653851,25.863108,-710.0,2015-11-20,2015-12-09
1E.OS120.,1E,OS120,,"EL2,EL1,ELZ",36.630646,25.809895,-716.0,2015-11-20,2015-12-09
1E.OS121.,1E,OS121,,"EL2,EL1,ELZ",36.602299,25.7188,-164.1,2015-11-18,2015-12-09
1E.OS122.,1E,OS122,,"EL2,EL1,ELZ",36.579342,25.669558,-202.0,2015-11-20,2015-12-09
1E.OS123.,1E,OS123,,"EL2,EL1,ELZ",36.554199,25.606001,-268.2,2015-11-18,2015-12-09
1E.OS124.,1E,OS124,,"EL2,EL1,ELZ",36.529228,25.542986,-365.0,2015-11-20,2015-12-08
1E.OS125.,1E,OS125,,"EL2,EL1,ELZ",36.495811,25.456099,-299.0,2015-11-20,2015-12-08
1E.OS126.,1E,OS126,,"EL2,EL1,ELZ",36.420074,25.257973,-288.0,2015-11-21,2015-12-08
1E.OS127.,1E,OS127,,"EL2,EL1,ELZ",36.394001,25.1933,-424.2,2015-11-19,2015-12-08
1E.OS128.,1E,OS128,,"EL2,EL1,ELZ",36.38504,25.163897,-462.0,2015-11-22,2015-12-07
1E.OS129.,1E,OS129,,"EL2,EL1,ELZ",36.370682,25.132051,-497.0,2015-11-22,2015-12-09
1E.OS130.,1E,OS130,,"EL2,EL1,ELZ",36.357395,25.098164,-506.0,2015-11-22,2015-12-10
1E.OS131.,1E,OS131,,"EL2,EL1,ELZ",36.343987,25.066536,-518.0,2015-11-22,2015-12-10
1E.OS132.,1E,OS132,,"EL2,EL1,ELZ",36.318619,25.001648,-529.0,2015-11-22,2015-12-10
1E.OS133.,1E,OS133,,"EL2,EL1,ELZ",36.304192,24.959627,-522.0,2015-11-22,2015-12-10
1E.OS134.,1E,OS134,,"EL2,EL1,ELZ",36.285831,24.913763,-517.0,2015-11-22,2015-12-10
1E.OS135.,1E,OS135,,"EL2,EL1,ELZ",36.59309,25.780199,-703.0,2015-11-20,2015-12-09
1E.OS136.,1E,OS136,,"EL2,EL1,ELZ",36.544945,25.653063,-327.0,2015-11-20,2015-12-09
1E.OS137.,1E,OS137,,"EL2,EL1,ELZ",36.520557,25.589087,-327.0,2015-11-20,2015-12-08
1E.OS138.,1E,OS138,,"EL2,EL1,ELZ",36.496101,25.524099,-343.8,2015-11-18,2015-12-08
1E.OS139.,1E,OS139,,"EL2,EL1,ELZ",36.472698,25.466299,-277.9,2015-11-19,2015-12-08
1E.OS140.,1E,OS140,,"EL2,EL1,ELZ",36.437199,25.377899,-383.2,2015-11-19,2015-12-08
1E.OS141.,1E,OS141,,"EL2,EL1,ELZ",36.409355,25.307932,-70.0,2015-11-21,2015-12-08
1E.OS142.,1E,OS142,,"EL2,EL1,ELZ",36.401814,25.275894,-263.0,2015-11-21,2015-12-08
1E.OS143.,1E,OS143,,"EL2,EL1,ELZ",36.385452,25.245848,-355.0,2015-11-21,2015-12-08
1E.OS144.,1E,OS144,,"EL2,EL1,ELZ",36.371269,25.199457,-432.0,2015-11-21,2015-12-07
1E.OS145.,1E,OS145,,"EL2,EL1,ELZ",36.357353,25.164661,-476.0,2015-11-21,2015-12-07
1E.OS146.,1E,OS146,,"EL2,EL1,ELZ",36.349602,25.145201,-494.0,2015-11-19,2015-12-09
1E.OS147.,1E,OS147,,"EL2,EL1,ELZ",36.335999,25.1103,-512.6,2015-11-20,2015-12-10
1E.OS148.,1E,OS148,,"EL2,EL1,ELZ",36.310902,25.051701,-539.4,2015-11-20,2015-12-10
1E.OS149.,1E,OS149,,"EL2,EL1,ELZ",36.302608,25.027534,-535.0,2015-11-22,2015-12-10
1E.OS150.,1E,OS150,,"EL2,EL1,ELZ",36.2859,24.985901,-520.5,2015-11-20,2015-12-10
1E.OS151.,1E,OS151,,"EL2,EL1,ELZ",36.267799,24.9356,-518.2,2015-11-20,2015-12-10
1E.OS153.,1E,OS153,,"EL2,EL1,ELZ",36.622799,25.917999,-705.3,2015-11-18,2015-12-09
1E.OS154.,1E,OS154,,"EL2,EL1,ELZ",36.589951,25.835037,-684.0,2015-11-20,2015-12-09
1E.OS155.,1E,OS155,,"EL2,EL1,ELZ",36.561787,25.760651,-689.0,2015-11-20,2015-12-08
1E.OS156.,1E,OS156,,"EL2,EL1,ELZ",36.5369,25.697201,-292.4,2015-11-18,2015-12-08
1E.OS157.,1E,OS157,,"EL2,EL1,ELZ",36.486828,25.56867,-373.0,2015-11-20,2015-12-08
1E.OS158.,1E,OS158,,"EL2,EL1,ELZ",36.462032,25.504393,-292.0,2015-11-20,2015-12-08
1E.OS160.,1E,OS160,,"EL2,EL1,ELZ",36.420811,25.371138,-380.0,2015-11-21,2015-12-08
1E.OS161.,1E,OS161,,"EL2,EL1,ELZ",36.392525,25.315357,-23.0,2015-11-21,2015-12-08
1E.OS162.,1E,OS162,,"EL2,EL1,ELZ",36.3759,25.2826,-261.1,2015-11-19,2015-12-08
1E.OS163.,1E,OS163,,"EL2,EL1,ELZ",36.367626,25.25458,-359.0,2015-11-21,2015-12-08
1E.OS164.,1E,OS164,,"EL2,EL1,ELZ",36.351501,25.219999,-436.8,2015-11-19,2015-12-08
1E.OS165.,1E,OS165,,"EL2,EL1,ELZ",36.340748,25.189852,-472.0,2015-11-21,2015-12-07
1E.OS166.,1E,OS166,,"EL2,EL1,ELZ",36.327911,25.158621,-499.0,2015-11-21,2015-12-09
1E.OS167.,1E,OS167,,"EL2,EL1,ELZ",36.312622,25.118374,-522.0,2015-11-21,2015-12-10
1E.OS168.,1E,OS168,,"EL2,EL1,ELZ",36.297955,25.077724,-541.0,2015-11-21,2015-12-10
1E.OS169.,1E,OS169,,"EL2,EL1,ELZ",36.276928,25.026081,-513.0,2015-11-22,2015-12-10
1E.OS170.,1E,OS170,,"EL2,EL1,ELZ",36.251801,24.9639,-447.9,2015-11-20,2015-12-10
1E.OS171.,1E,OS171,,"EL2,EL1,ELZ",36.237518,24.922472,-445.0,2015-11-22,2015-12-10
1E.OS172.,1E,OS172,,"EL2,EL1,ELZ",36.217999,24.8701,-885.2,2015-11-20,2015-12-10
1E.OS173.,1E,OS173,,"EL2,EL1,ELZ",36.582104,25.888123,-618.0,2015-11-20,2015-12-09
1E.OS174.,1E,OS174,,"EL2,EL1,ELZ",36.555698,25.8193,-541.6,2015-11-18,2015-12-08
1E.OS175.,1E,OS175,,"EL2,EL1,ELZ",36.527004,25.739513,-661.0,2015-11-20,2015-12-08
1E.OS176.,1E,OS176,,"EL2,EL1,ELZ",36.477901,25.6147,-410.2,2015-11-18,2015-12-08
1E.OS177.,1E,OS177,,"EL2,EL1,ELZ",36.455605,25.554821,-381.0,2015-11-20,2015-12-08
1E.OS178.,1E,OS178,,"EL2,EL1,ELZ",36.433739,25.5012,-207.0,2015-11-20,2015-12-08
1E.OS179.,1E,OS179,,"EL2,EL1,ELZ",36.381184,25.39673,-286.0,2015-11-21,2015-12-08
1E.OS180.,1E,OS180,,"EL2,EL1,ELZ",36.3708,25.3389,-22.0,2015-11-19,2015-12-08
1E.OS181.,1E,OS181,,"EL2,EL1,ELZ",36.35162,25.289003,-379.0,2015-11-21,2015-12-08
1E.OS182.,1E,OS182,,"EL2,EL1,ELZ",36.339687,25.256287,-428.0,2015-11-21,2015-12-08
1E.OS183.,1E,OS183,,"EL2,EL1,ELZ",36.330601,25.2302,-444.2,2015-11-19,2015-12-08
1E.OS184.,1E,OS184,,"EL2,EL1,ELZ",36.320583,25.208714,-475.0,2015-11-21,2015-12-07
1E.OS185.,1E,OS185,,"EL2,EL1,ELZ",36.312843,25.183765,-498.0,2015-11-21,2015-12-07
1E.OS186.,1E,OS186,,"EL2,EL1,ELZ",36.302799,25.1616,-517.1,2015-11-19,2015-12-09
1E.OS187.,1E,OS187,,"EL2,EL1,ELZ",36.2938,25.136538,-525.0,2015-11-21,2015-12-10
1E.OS188.,1E,OS188,,"EL2,EL1,ELZ",36.283001,25.1124,-540.1,2015-11-19,2015-12-10
1E.OS189.,1E,OS189,,"EL2,EL1,ELZ",36.272327,25.082321,-560.0,2015-11-21,2015-12-10
1E.OS190.,1E,OS190,,"EL2,EL1,ELZ",36.256901,25.0483,-534.8,2015-11-20,2015-12-10
1E.OS191.,1E,OS191,,"EL2,EL1,ELZ",36.24366,25.011288,-518.0,2015-11-22,2015-12-10
1E.OS192.,1E,OS192,,"EL2,EL1,ELZ",36.231995,24.979097,-451.0,2015-11-22,2015-12-10
1E.OS193.,1E,OS193,,"EL2,EL1,ELZ",36.207539,24.908974,-813.0,2015-11-22,2015-12-10
2A.28.,2A,28,,"HHZ,HH2,BH2,BH1,BHZ,HH1",-15.6994,-117.000801,-3390.0,2001-12-01,2001-12-16
2A.29.,2A,29,,"HHZ,HH2,BH2,BH1,BHZ,HH1",-15.2803,-116.370003,-3352.1,2001-12-01,2002-11-23
2A.30.,2A,30,,"HHZ,HH2,BH2,BH1,BHZ,HH1",-14.3692,-116.1567,-2633.0,2001-12-03,2002-11-21
2A.32.,2A,32,,"HHZ,HH2,BH2,BH1,BHZ,HH1",-12.9996,-115.8554,-3119.0,2001-12-04,2002-11-13
2A.34.,2A,34,,"HHZ,HH2,BH2,BH1,BHZ,HH1",-11.7336,-117.275101,-3578.0,2001-12-05,2002-11-14
2A.36.,2A,36,,"HHZ,HH2,BH2,BH1,BHZ,HH1",-12.4828,-116.633598,-3556.0,2001-12-06,2002-11-14
2A.38.,2A,38,,"HHZ,HH2,BH2,BH1,BHZ,HH1",-13.8003,-115.120399,-3413.0,2001-12-09,2002-11-24
2A.39.,2A,39,,"HHZ,HH2,BH2,BH1,BHZ,HH1",-12.37,-114.524902,-3397.0,2001-12-13,2002-06-20
2A.41.,2A,41,,"HHZ,HH2,BH2,BH1,BHZ,HH1",-14.4508,-114.949699,-2294.0,2001-12-16,2002-02-28
2A.42.,2A,42,,"HHZ,HH2,BH2,BH1,BHZ,HH1",-15.41,-115.203499,-3382.0,2001-12-16,2002-11-25
2A.43.,2A,43,,"HHZ,HH2,BH2,BH1,BHZ,HH1",-15.5517,-114.799797,-3202.0,2001-12-17,2002-11-18
2A.44.,2A,44,,"HHZ,HH2,BH2,BH1,BHZ,HH1",-16.002001,-115.2491,-3297.0,2001-12-17,2002-11-25
2A.46.,2A,46,,"BHZ,BH2,BH1",-14.85,-118.3703,-3666.0,2002-03-14,2002-11-16
2A.47.,2A,47,,"HHZ,HH2,BH2,BH1,BHZ,HH1",-15.2121,-117.600601,-3605.0,2001-12-19,2002-11-20
2A.48.,2A,48,,"BHZ,BH2,BH1",-13.1701,-117.201202,-3318.0,2002-02-01,2002-11-17
2A.49.,2A,49,,"HHZ,HH2,BH2,BH1,BHZ,HH1",-12.7201,-117.991798,-3714.0,2001-12-19,2002-11-14
2A.50.,2A,50,,"HHZ,HH2,BH2,BH1,BHZ,HH1",-13.7495,-117.901604,-3540.0,2001-12-20,2002-11-17
2A.52.,2A,52,,"HHZ,HH2,BH2,BH1,BHZ,HH1",-14.9995,-115.8004,-3414.0,2001-12-21,2002-11-22
2B.OBS01.,2B,OBS01,,"EL2,EL1,ELZ",56.817699,174.817307,-3840.0,2011-08-21,2011-08-29
2B.OBS02.,2B,OBS02,,"EL2,EL1,ELZ",56.956299,175.030899,-3797.0,2011-08-21,2011-08-29
2B.OBS03.,2B,OBS03,,"EL2,EL1,ELZ",57.094501,175.246094,-3793.0,2011-08-22,2011-08-29
2B.OBS04.,2B,OBS04,,"EL2,EL1,ELZ",57.2337,175.460602,-3786.0,2011-08-21,2011-08-28
2B.OBS05.,2B,OBS05,,"EL2,EL1,ELZ",57.371799,175.677002,-3784.0,2011-08-21,2011-08-28
2B.OBS06.,2B,OBS06,,"EL2,EL1,ELZ",57.509602,175.893997,-3783.0,2011-08-21,2011-08-28
2B.OBS07.,2B,OBS07,,"EL2,EL1,ELZ",57.647301,176.111404,-3777.0,2011-08-20,2011-08-28
2B.OBS08.,2B,OBS08,,"EL2,EL1,ELZ",57.605,176.255707,-3792.0,2011-08-20,2011-08-28
2B.OBS09.,2B,OBS09,,"EL2,EL1,ELZ",57.5093,176.538498,-3785.0,2011-08-20,2011-08-28
2B.OBS10.,2B,OBS10,,"EL2,EL1,ELZ",57.412899,176.843399,-3793.0,2011-08-20,2011-08-27
2B.OBS11.,2B,OBS11,,"EL2,EL1,ELZ",57.323101,177.113007,-3811.0,2011-08-20,2011-08-27
2B.OBS12.,2B,OBS12,,"EL2,EL1,ELZ",57.233501,177.382202,-3811.0,2011-08-20,2011-08-27
2B.OBS13.,2B,OBS13,,"EL2,EL1,ELZ",57.1437,177.6548,-3817.0,2011-08-20,2011-08-27
2B.OBS14.,2B,OBS14,,"EL2,EL1,ELZ",57.119598,177.726196,-3818.0,2011-08-20,2011-08-27
2B.OBS15.,2B,OBS15,,"EL2,EL1,ELZ",57.093899,177.7892,-3801.0,2011-08-20,2011-08-27
2B.OBS16.,2B,OBS16,,"EL2,EL1,ELZ",57.070801,177.863007,-3815.0,2011-08-20,2011-08-27
2B.OBS17.,2B,OBS17,,"EL2,EL1,ELZ",56.9813,178.132599,-3817.0,2011-08-20,2011-08-26
3B.S01.,3B,S01,,"EL2,EL1,ELZ",17.003934,-66.506722,-4680.0,2023-11-22,2023-11-29
3B.S02.,3B,S02,,"EL2,EL1,ELZ",17.07794,-66.50606,-4798.6,2023-11-22,2023-12-01
3B.S03.,3B,S03,,"EL2,EL1,ELZ",17.151689,-66.505319,-5062.8,2023-11-22,2023-12-01
3B.S04.,3B,S04,,"EL2,EL1,ELZ",17.22537,-66.504428,-5062.0,2023-11-22,2023-11-29
3B.S05.,3B,S05,,"EL2,EL1,ELZ",17.298353,-66.503339,-5067.0,2023-11-22,2023-11-30
3B.S06.,3B,S06,,"EL2,EL1,ELZ",17.372745,-66.502813,-4334.0,2023-11-22,2023-11-30
3B.S07.,3B,S07,,"EL2,EL1,ELZ",17.446501,-66.502125,-3891.0,2023-11-22,2023-12-01
3B.S08.,3B,S08,,"EL2,EL1,ELZ",17.520355,-66.501368,-3667.7,2023-11-22,2023-12-01
3B.S10.,3B,S10,,"EL2,EL1,ELZ",17.668243,-66.499668,-2695.0,2023-11-22,2023-11-30
3B.S11.,3B,S11,,"EL2,EL1,ELZ",17.741788,-66.499183,-1831.0,2023-11-22,2023-11-30
3B.S12.,3B,S12,,"EL2,EL1,ELZ",17.815457,-66.498325,-732.0,2023-11-22,2023-11-30
3B.S13.,3B,S13,,"EL2,EL1,ELZ",18.55846,-66.497298,-674.6,2023-11-23,2023-12-02
3B.S14.,3B,S14,,"EL2,EL1,ELZ",18.603834,-66.497089,-1137.8,2023-11-23,2023-12-02
3B.S15.,3B,S15,,"EL2,EL1,ELZ",18.648917,-66.496463,-1577.5,2023-11-23,2023-12-02
3B.S16.,3B,S16,,"EL2,EL1,ELZ",18.693686,-66.494798,-1890.0,2023-11-23,2023-12-01
3B.S17.,3B,S17,,"EL2,EL1,ELZ",18.739393,-66.495313,-2136.0,2023-11-23,2023-12-01
3B.S18.,3B,S18,,"EL2,EL1,ELZ",18.78432,-66.495041,-2423.2,2023-11-23,2023-12-02
3B.S19.,3B,S19,,"EL2,EL1,ELZ",18.829564,-66.494192,-3731.2,2023-11-23,2023-12-02
3B.S20.,3B,S20,,"EL2,EL1,ELZ",18.875193,-66.494041,-4270.0,2023-11-23,2023-12-01
3B.S21.,3B,S21,,"EL2,EL1,ELZ",18.920058,-66.494041,-4925.0,2023-11-23,2023-12-01
3B.S31.,3B,S31,,"EL2,EL1,ELZ",20.564553,-66.475453,-5495.8,2023-11-24,2023-12-04
3B.S32.,3B,S32,,"EL2,EL1,ELZ",20.6077,-66.475175,-5467.0,2023-11-24,2023-12-04
3B.S33.,3B,S33,,"EL2,EL1,ELZ",20.651163,-66.474904,-5444.0,2023-11-24,2023-12-03
3B.S34.,3B,S34,,"EL2,EL1,ELZ",20.694738,-66.474232,-5410.7,2023-11-24,2023-12-04
3B.S35.,3B,S35,,"EL2,EL1,ELZ",20.737703,-66.473818,-5417.4,2023-11-24,2023-12-04
3B.S36.,3B,S36,,"EL2,EL1,ELZ",20.780924,-66.473268,-5294.0,2023-11-24,2023-12-03
3B.S37.,3B,S37,,"EL2,EL1,ELZ",20.824393,-66.472692,-5354.0,2023-11-24,2023-12-03
3B.S38.,3B,S38,,"EL2,EL1,ELZ",20.867739,-66.472202,-5249.1,2023-11-24,2023-12-04
3B.S39.,3B,S39,,"EL2,EL1,ELZ",20.911235,-66.471508,-5205.4,2023-11-24,2023-12-04
3B.S40.,3B,S40,,"EL2,EL1,ELZ",18.806924,-66.494692,-2599.3,2023-12-11,2023-12-15
3B.S41.,3B,S41,,"EL2,EL1,ELZ",18.85216,-66.493378,-3896.9,2023-12-11,2023-12-15
3B.S42.,3B,S42,,"EL2,EL1,ELZ",18.897229,-66.493477,-4651.9,2023-12-11,2023-12-15
3B.S50.,3B,S50,,"EL2,EL1,ELZ",20.48292,-66.47658,-5460.8,2023-12-11,2023-12-14
3B.S51.,3B,S51,,"EL2,EL1,ELZ",20.523869,-66.476083,-5475.4,2023-12-11,2023-12-14
3B.S69.,3B,S69,,"EL2,EL1,ELZ",19.041221,-64.411385,-3684.0,2023-12-05,2023-12-10
3B.S70.,3B,S70,,"EL2,EL1,ELZ",19.103256,-64.392816,-4307.8,2023-12-05,2023-12-11
3B.S71.,3B,S71,,"EL2,EL1,ELZ",19.165092,-64.374251,-5030.0,2023-12-05,2023-12-10
3B.S72.,3B,S72,,"EL2,EL1,ELZ",19.22738,-64.355465,-5256.6,2023-12-05,2023-12-11
3B.S73.,3B,S73,,"EL2,EL1,ELZ",19.289361,-64.336762,-5265.0,2023-12-05,2023-12-10
3B.S74.,3B,S74,,"EL2,EL1,ELZ",19.345639,-64.319748,-5453.7,2023-12-05,2023-12-11
3B.S75.,3B,S75,,"EL2,EL1,ELZ",19.406823,-64.301557,-5422.2,2023-12-05,2023-12-11
3B.S83.,3B,S83,,"EL2,EL1,ELZ",20.136849,-64.080233,-5406.7,2023-12-04,2023-12-10
3B.S84.,3B,S84,,"EL2,EL1,ELZ",20.193772,-64.062691,-5347.7,2023-12-04,2023-12-10
3B.S85.,3B,S85,,"EL2,EL1,ELZ",20.250997,-64.045609,-5322.0,2023-12-04,2023-12-09
3B.S86.,3B,S86,,"EL2,EL1,ELZ",20.307317,-64.028206,-5399.9,2023-12-04,2023-12-10
3B.S88.,3B,S88,,"EL2,EL1,ELZ",20.421426,-63.993265,-4984.8,2023-12-04,2023-12-09
3B.S89.,3B,S89,,"EL2,EL1,ELZ",20.48668,-63.973226,-5263.0,2023-12-04,2023-12-09
3B.S90.,3B,S90,,"EL2,EL1,ELZ",20.552203,-63.953728,-5278.0,2023-12-04,2023-12-09
3B.S91.,3B,S91,,"EL2,EL1,ELZ",20.617477,-63.933514,-5148.4,2023-12-04,2023-12-09
3B.S92.,3B,S92,,"EL2,EL1,ELZ",20.682637,-63.913707,-4986.0,2023-12-04,2023-12-08
3B.S93.,3B,S93,,"EL2,EL1,ELZ",20.748091,-63.89344,-5113.0,2023-12-04,2023-12-08
3H.G01.,3H,G01,,"HH1,HH2,HHZ",1.0132,-88.9369,-2352.0,2023-04-08,2024-06-24
3H.G02.,3H,G02,,"HH1,HH2,HHZ",0.5157,-89.2889,-2369.0,2023-04-08,2024-06-27
3H.G03.,3H,G03,,"HH1,HH2,HHZ",0.1747,-89.6013,-2205.0,2023-04-08,2024-06-24
3H.G04.,3H,G04,,"HH1,HH2,HHZ",1.1931,-89.5193,-2260.0,2023-04-08,2024-06-24
3H.G06.,3H,G06,,"HH1,HH2,HHZ",2.0564,-90.6769,-2330.0,2023-04-09,2024-06-24
3H.G07.,3H,G07,,"HH1,HH2,HHZ",1.2915,-90.2716,-1642.0,2023-04-09,2024-06-24
3H.G08.,3H,G08,,"HH1,HH2,HHZ",0.7564,-90.4024,-2134.0,2023-04-07,2024-06-24
3H.G09.,3H,G09,,"HH1,HH2,HHZ",0.4995,-91.2001,-2716.0,2023-04-07,2024-06-21
3H.G10.,3H,G10,,"HH1,HH2,HHZ",1.1056,-91.383,-2092.0,2023-04-06,2024-06-23
3H.G11.,3H,G11,,"HH1,HH2,HHZ",1.4694,-91.0228,-2137.0,2023-04-06,2024-06-24
3H.G13.,3H,G13,,"HH1,HH2,HHZ",1.596,-91.808,-2313.0,2023-04-06,2024-06-23
3H.G14.,3H,G14,,"HH1,HH2,HHZ",1.8038,-92.6189,-2489.0,2023-04-04,2024-06-24
3H.G15.,3H,G15,,"HH1,HH2,HHZ",2.5843,-92.2501,-2389.0,2023-04-05,2024-06-27
3H.G16.,3H,G16,,"HH1,HH2,HHZ",2.7949,-93.3285,-2668.0,2023-04-05,2024-06-27
3H.G17.,3H,G17,,"HH1,HH2,HHZ",2.0987,-93.2777,-2586.0,2023-04-05,2024-06-28
3H.G18.,3H,G18,,"HH1,HH2,HHZ",1.5202,-93.2519,-2716.0,2023-04-04,2024-06-28
3H.G19.,3H,G19,,"HH1,HH2,HHZ",1.4682,-94.0306,-3055.0,2023-04-03,2024-06-28
3H.G20.,3H,G20,,"HH1,HH2,HHZ",0.8205,-93.4794,-2939.0,2023-04-03,2024-06-20
3H.G21.,3H,G21,,"HH1,HH2,HHZ",0.7071,-92.6766,-2980.0,2023-04-04,2024-06-20
3H.G22.,3H,G22,,"HH1,HH2,HHZ",1.2568,-92.5439,-2355.0,2023-04-04,2024-06-23
3H.G23.,3H,G23,,"HH1,HH2,HHZ",0.9001,-92.0216,-2414.0,2023-04-06,2024-06-22
3H.G24.,3H,G24,,"HH1,HH2,HHZ",0.3636,-91.7568,-2876.0,2023-04-07,2024-06-21
3H.G25.,3H,G25,,"HH1,HH2,HHZ",0.2167,-92.1838,-2845.0,2023-03-27,2024-06-22
3H.G26.,3H,G26,,"HH1,HH2,HHZ",0.0857,-92.6597,-2945.0,2023-03-28,2024-06-22
3H.G27.,3H,G27,,"HH1,HH2,HHZ",-0.183,-93.4209,-3114.0,2023-03-28,2024-06-20
3H.G28.,3H,G28,,"HH1,HH2,HHZ",0.2231,-93.9307,-3199.0,2023-03-30,2024-06-20
3H.G30.,3H,G30,,"HH1,HH2,HHZ",1.2999,-94.808,-3250.0,2023-04-02,2024-06-28
3H.G31.,3H,G31,,"HH1,HH2,HHZ",2.0998,-94.866,-2746.0,2023-04-02,2024-07-01
3H.G32.,3H,G32,,"HH1,HH2,HHZ",2.0958,-94.1394,-2821.0,2023-04-03,2024-07-01
3H.G33.,3H,G33,,"HH1,HH2,HHZ",2.8879,-94.4777,-2628.0,2023-04-02,2024-06-27
3H.G39.,3H,G39,,"HH1,HH2,HHZ",-0.9632,-95.7405,-3336.0,2023-03-31,2024-06-18
3H.G40.,3H,G40,,"HH1,HH2,HHZ",-0.6857,-95.0473,-3381.0,2023-03-31,2024-06-20
3H.G41.,3H,G41,,"HH1,HH2,HHZ",0.0968,-95.0055,-3342.0,2023-03-30,2024-07-01
3H.G42.,3H,G42,,"HH1,HH2,HHZ",-0.4653,-94.1213,-3390.0,2023-04-04,2024-07-03
3H.G43.,3H,G43,,"HH1,HH2,HHZ",-1.2543,-94.4167,-3351.0,2023-03-29,2024-06-19
3H.G44.,3H,G44,,"HH1,HH2,HHZ",-1.8313,-93.8518,-3410.0,2023-03-29,2024-06-20
3H.G45.,3H,G45,,"HH1,HH2,HHZ",-1.0878,-93.6678,-3401.0,2023-03-29,2024-07-03
3H.G47.,3H,G47,,"HH1,HH2,HHZ",-0.6645,-92.2008,-3218.0,2023-03-27,2024-07-03
3H.G48.,3H,G48,,"HH1,HH2,HHZ",-1.3364,-91.8914,-3306.0,2023-03-27,2024-07-04
3H.G49.,3H,G49,,"HH1,HH2,HHZ",-1.4457,-92.908,-3413.0,2023-03-26,2024-07-03
3H.G50.,3H,G50,,"HH1,HH2,HHZ",-2.2971,-93.1627,-3500.0,2023-03-26,2024-06-17
3H.G51.,3H,G51,,"HH1,HH2,HHZ",-1.91,-92.417,-3356.0,2023-03-26,2024-06-16
3H.G52.,3H,G52,,"HH1,HH2,HHZ",-2.3945,-91.89,-3431.0,2023-03-25,2024-06-18
3H.G53.,3H,G53,,"HH1,HH2,HHZ",-1.95,-91.361,-3137.0,2023-03-25,2024-06-19
3H.G54.,3H,G54,,"HH1,HH2,HHZ",-2.4119,-90.812,-3110.0,2023-03-25,2024-06-16
3H.G56.,3H,G56,,"HH1,HH2,HHZ",-2.4299,-89.0249,-3161.0,2023-03-23,2024-06-15
3H.G57.,3H,G57,,"HH1,HH2,HHZ",-1.9576,-89.4941,-3129.0,2023-03-24,2024-06-16
3H.G58.,3H,G58,,"HH1,HH2,HHZ",-1.9414,-90.3423,-3147.0,2023-03-24,2024-07-04
3H.G59.,3H,G59,,"HH1,HH2,HHZ",-1.4702,-90.9698,-3606.0,2023-03-24,2024-07-03
4E.MARS.,4E,MARS,,"HHN,HHE,HHZ",36.712898,-122.187202,-890.0,2010-04-03,2011-10-26
7B.MM01.,7B,MM01,,"BHZ,BH2,BH1",-33.4654,-152.90107,-5207.0,2019-11-17,2020-09-27
7B.MM02.,7B,MM02,,"BHZ,BH2,BH1",-33.70244,-153.33875,-5174.0,2019-11-17,2020-11-21
7B.MM03.,7B,MM03,,"BHZ,BH2,BH1",-33.91045,-153.79235,-5189.0,2019-11-17,2020-11-22
7B.MM04.,7B,MM04,,"BHZ,BH2,BH1",-34.0909,-154.12547,-5135.0,2019-11-18,2020-11-22
7B.MM05.,7B,MM05,,"BHZ,BH2,BH1",-34.2402,-154.48355,-5092.0,2019-11-20,2020-10-14
7B.MM06.,7B,MM06,,"BHZ,BH2,BH1",-34.39699,-154.84026,-5204.0,2019-11-19,2020-11-26
7B.MM07.,7B,MM07,,"BHZ,BH2,BH1",-34.57402,-155.17951,-5357.0,2019-11-25,2020-11-26
7B.MM08.,7B,MM08,,"BHZ,BH2,BH1",-34.7401,-155.52572,-5474.0,2019-11-26,2020-11-28
7B.MM09.,7B,MM09,,"BHZ,BH2,BH1",-34.91388,-155.87085,-5313.0,2019-11-26,2020-11-28
7B.MM10.,7B,MM10,,"BHZ,BH2,BH1",-35.06894,-156.23219,-5425.0,2019-11-27,2020-11-28
7B.MM11.,7B,MM11,,"BHZ,BH2,BH1",-35.27865,-156.69467,-5395.0,2019-11-27,2020-11-28
7B.MM12.,7B,MM12,,"BHZ,BH2,BH1",-35.50344,-157.16479,-5331.0,2019-11-27,2020-11-02
7B.NM01.,7B,NM01,,"BHZ,BH2,BH1",-32.71468,-154.00083,-5212.0,2019-11-16,2020-10-06
7B.NM02.,7B,NM02,,"BHZ,BH2,BH1",-33.27447,-154.72647,-5033.0,2019-11-18,2020-11-20
7B.NM03.,7B,NM03,,"BHZ,BH2,BH1",-33.51357,-155.67388,-5060.0,2019-11-18,2020-11-27
7B.NM04.,7B,NM04,,"BHZ,BH2,BH1",-34.07651,-156.41882,-5352.0,2019-11-26,2020-11-27
7B.NM05.,7B,NM05,,"BHZ,BH2,BH1",-34.31706,-157.37695,-5413.0,2019-11-27,2020-11-29
7B.NN01.,7B,NN01,,"BHZ,BH2,BH1",-31.70961,-154.60328,-5078.0,2019-11-16,2020-11-19
7B.NN02.,7B,NN02,,"BHZ,BH2,BH1",-32.46481,-155.61958,-5289.0,2019-11-30,2020-11-20
7B.NN03.,7B,NN03,,"BHZ,BH2,BH1",-33.01413,-156.78627,-5036.0,2019-11-29,2020-12-02
7B.NN04.,7B,NN04,,"BHZ,BH2,BH1",-33.35722,-158.09491,-5230.0,2019-11-28,2020-12-01
7B.SM01.,7B,SM01,,"BHZ,BH2,BH1",-34.65782,-152.64885,-5335.0,2019-11-22,2020-10-18
7B.SM02.,7B,SM02,,"BHZ,BH2,BH1",-34.90652,-153.56971,-5352.0,2019-11-20,2020-11-22
7B.SM03.,7B,SM03,,"BHZ,BH2,BH1",-35.51633,-154.3313,-5373.0,2019-11-25,2020-11-25
7B.SM04.,7B,SM04,,"BHZ,BH2,BH1",-35.72238,-155.28473,-5351.0,2019-11-25,2020-11-25
7B.SM05.,7B,SM05,,"BHZ,BH2,BH1",-36.28935,-156.05143,-5350.0,2019-11-24,2020-10-09
7B.SS01.,7B,SS01,,"BHZ,BH2,BH1",-35.53273,-151.77364,-5288.0,2019-11-23,2020-11-23
7B.SS02.,7B,SS02,,"BHZ,BH2,BH1",-35.96248,-153.19932,-5440.0,2019-11-23,2020-11-23
7B.SS03.,7B,SS03,,"BHZ,BH2,BH1",-36.54219,-154.34819,-5320.0,2019-11-24,2020-11-24
7B.SS04.,7B,SS04,,"BHZ,BH2,BH1",-37.25464,-155.45941,-5246.0,2019-11-24,2020-11-24
8A.A101.,8A,A101,,"EL2,EL1,ELZ",-4.585484,-105.891056,-3394.0,2019-11-30,2021-02-11
8A.A102.,8A,A102,,"EL2,EL1,ELZ",-4.591386,-105.892443,-3363.0,2019-11-30,2021-02-11
8A.A103.,8A,A103,,"EL2,EL1,ELZ",-4.597746,-105.894419,-3151.0,2019-12-01,2021-02-11
8A.A104.,8A,A104,,"EL2,EL1,ELZ",-4.586216,-105.897285,-3419.0,2019-12-01,2021-02-12
8A.A105.,8A,A105,,"EL2,EL1,ELZ",-4.589712,-105.900822,-3431.0,2019-12-01,2021-02-11
8A.A106.,8A,A106,,"EL2,EL1,ELZ",-4.591882,-105.904241,-3313.0,2019-12-01,2021-02-11
8A.A107.,8A,A107,,"EL2,EL1,ELZ",-4.593723,-105.905372,-3164.0,2019-12-02,2021-02-12
8A.A108.,8A,A108,,"EL2,EL1,ELZ",-4.591865,-105.906822,-3319.0,2019-12-02,2021-02-12
8A.A109.,8A,A109,,"EL2,EL1,ELZ",-4.587042,-105.905451,-3462.0,2019-12-02,2021-02-12
8A.A110.,8A,A110,,"HH1,HH2,HHZ",-4.584985,-105.901685,-3068.7,2019-12-01,2021-02-05
8A.A111.,8A,A111,,"HH1,HH2,HHZ",-4.585473,-105.89076,-3436.0,2021-02-14,2022-02-04
8A.A112.,8A,A112,,"EL2,EL1,ELZ",-4.591331,-105.892426,-3148.0,2021-02-12,2022-01-26
8A.A113.,8A,A113,,"EL2,EL1,ELZ",-4.598021,-105.894725,-2911.0,2021-02-12,2022-01-26
8A.A114.,8A,A114,,"EL2,EL1,ELZ",-4.586268,-105.897362,-3258.0,2021-02-12,2022-01-26
8A.A115.,8A,A115,,"EL2,EL1,ELZ",-4.589752,-105.900891,-3256.0,2021-02-12,2022-01-26
8A.A116.,8A,A116,,"EL2,EL1,ELZ",-4.59112,-105.903685,-3155.0,2021-02-12,2022-01-26
8A.A117.,8A,A117,,"EL2,EL1,ELZ",-4.594016,-105.906837,-2965.0,2021-02-13,2022-01-26
8A.A118.,8A,A118,,"EL2,EL1,ELZ",-4.591801,-105.906651,-3051.0,2021-02-13,2022-01-26
8A.A119.,8A,A119,,"EL2,EL1,ELZ",-4.587011,-105.905518,-3157.0,2021-02-13,2022-01-26
8A.A120.,8A,A120,,"EL2,EL1,ELZ",-4.584779,-105.901715,-3159.0,2021-02-13,2022-01-26
8A.A202.,8A,A202,,"EL2,EL1,ELZ",-4.540096,-105.976523,-3260.0,2019-11-26,2021-02-08
8A.A203.,8A,A203,,"EL2,EL1,ELZ",-4.534594,-105.972097,-3174.0,2019-11-26,2021-02-08
8A.A204.,8A,A204,,"EL2,EL1,ELZ",-4.546411,-105.973935,-3300.0,2019-11-26,2021-02-09
8A.A205.,8A,A205,,"EL2,EL1,ELZ",-4.544236,-105.96945,-3282.0,2019-11-27,2021-02-09
8A.A206.,8A,A206,,"EL2,EL1,ELZ",-4.544271,-105.966295,-3250.0,2019-11-27,2021-02-09
8A.A207.,8A,A207,,"EL2,EL1,ELZ",-4.542649,-105.962192,-3303.0,2019-11-27,2021-02-09
8A.A208.,8A,A208,,"EL2,EL1,ELZ",-4.544603,-105.963053,-3330.0,2019-11-27,2021-02-09
8A.A209.,8A,A209,,"EL2,EL1,ELZ",-4.548471,-105.965902,-3390.0,2019-11-27,2021-02-09
8A.A210.,8A,A210,,"HH1,HH2,HHZ",-4.549452,-105.970261,-3384.0,2019-11-28,2021-02-05
8A.A211.,8A,A211,,"BHZ,BH2,BH1",-4.545048,-105.980371,-3070.0,2021-02-09,2022-01-28
8A.A212.,8A,A212,,"BHZ,BH2,BH1",-4.539939,-105.976563,-3020.0,2021-02-10,2022-01-28
8A.A213.,8A,A213,,"BHZ,BH2,BH1",-4.534664,-105.972457,-3010.0,2021-02-10,2022-06-29
8A.A215.,8A,A215,,"BHZ,BH2,BH1",-4.544395,-105.969426,-3063.0,2021-02-10,2022-01-28
8A.A216.,8A,A216,,"BHZ,BH2,BH1",-4.544321,-105.966325,-3058.0,2021-02-10,2022-01-28
8A.A217.,8A,A217,,"BHZ,BH2,BH1",-4.542598,-105.962283,-3131.0,2021-02-10,2022-01-28
8A.A218.,8A,A218,,"EL2,EL1,ELZ",-4.544386,-105.963049,-3109.0,2021-02-11,2022-01-25
8A.A219.,8A,A219,,"EL2,EL1,ELZ",-4.548588,-105.965982,-3156.0,2021-02-11,2022-01-25
8A.A220.,8A,A220,,"EL2,EL1,ELZ",-4.549481,-105.970257,-3425.0,2021-02-11,2022-02-03
8A.A301.,8A,A301,,"EL2,EL1,ELZ",-4.597048,-105.937557,-3277.0,2019-11-28,2021-02-05
8A.A302.,8A,A302,,"EL2,EL1,ELZ",-4.601279,-105.942229,-3322.0,2019-11-28,2021-02-06
8A.A303.,8A,A303,,"EL2,EL1,ELZ",-4.605771,-105.947362,-3250.0,2019-11-28,2021-02-05
8A.A304.,8A,A304,,"HH1,HH2,HHZ",-4.594407,-105.943897,-3330.0,2019-11-29,2021-02-05
8A.A305.,8A,A305,,"HH1,HH2,HHZ",-4.595667,-105.948448,-3370.0,2019-11-29,2021-02-05
8A.A306.,8A,A306,,"HH1,HH2,HHZ",-4.595211,-105.951461,-3354.0,2019-11-29,2021-02-05
8A.A307.,8A,A307,,"HH1,HH2,HHZ",-4.596216,-105.955864,-3310.0,2019-11-29,2021-02-05
8A.A308.,8A,A308,,"HH1,HH2,HHZ",-4.59453,-105.954947,-3345.0,2019-11-29,2021-02-06
8A.A309.,8A,A309,,"HH1,HH2,HHZ",-4.590775,-105.951322,-3305.0,2019-11-30,2021-02-06
8A.A310.,8A,A310,,"HH1,HH2,HHZ",-4.59086,-105.946681,-3295.0,2019-11-30,2021-02-06
8A.A312.,8A,A312,,"EL2,EL1,ELZ",-4.60137,-105.942167,-3318.0,2021-02-06,2022-02-03
8A.A313.,8A,A313,,"EL2,EL1,ELZ",-4.605765,-105.947215,-3233.0,2021-02-06,2022-02-03
8A.A314.,8A,A314,,"EL2,EL1,ELZ",-4.594325,-105.943846,-3357.0,2021-02-06,2022-02-03
8A.A316.,8A,A316,,"EL2,EL1,ELZ",-4.595259,-105.951686,-3363.0,2021-02-07,2022-02-02
8A.A317.,8A,A317,,"EL2,EL1,ELZ",-4.595935,-105.955946,-3306.0,2021-02-07,2022-02-02
8A.A318.,8A,A318,,"EL2,EL1,ELZ",-4.594357,-105.954727,-3320.0,2021-02-07,2022-02-02
8A.A319.,8A,A319,,"EL2,EL1,ELZ",-4.590785,-105.951326,-3299.0,2021-02-08,2022-02-02
8A.A320.,8A,A320,,"EL2,EL1,ELZ",-4.590878,-105.946734,-3291.0,2021-02-08,2022-02-02
8A.G01.,8A,G01,,"HN2,HN1,HNZ",-4.495208,-104.805945,-3155.0,2019-11-25,2021-02-03
8A.G02.,8A,G02,,"HN2,HN1,HNZ",-4.574208,-104.81355,-3346.3,2019-11-25,2021-02-03
8A.G03.,8A,G03,,"HN2,HN1,HNZ",-4.67275,-104.83996,-3131.0,2019-11-25,2021-02-02
8A.G04.,8A,G04,,"HN2,HN1,HNZ",-4.551097,-104.858655,-3299.5,2019-11-25,2021-02-03
8A.G05.,8A,G05,,"HN2,HN1,HNZ",-4.552252,-104.903638,-3364.4,2019-11-25,2021-02-03
8A.G06.,8A,G06,,"HN2,HN1,HNZ",-4.460692,-104.913398,-3267.0,2019-11-25,2021-02-04
8A.G07.,8A,G07,,"HN2,HN1,HNZ",-4.640455,-104.948792,-3079.5,2019-11-25,2021-02-02
8A.G08.,8A,G08,,"HN2,HN1,HNZ",-4.532515,-104.949438,-3059.9,2019-11-25,2021-02-04
8A.G09.,8A,G09,,"HN2,HN1,HNZ",-4.541142,-104.994042,-3679.8,2019-11-25,2021-02-05
8A.G10.,8A,G10,,"HN2,HN1,HNZ",-4.443512,-105.021202,-2816.5,2019-11-25,2021-02-05
8A.G13.,8A,G13,,"HH1,HH2,HHZ",-4.559473,-106.016952,-3562.7,2019-12-03,2021-02-06
8A.G14.,8A,G14,,"HH1,HH2,HHZ",-4.619077,-106.011027,-3006.4,2019-12-03,2021-02-06
8A.G15.,8A,G15,,"HH1,HH2,HHZ",-4.569327,-105.94879,-3694.9,2019-12-03,2021-02-05
8A.G16.,8A,G16,,"HH1,HH2,HHZ",-4.52946,-105.872218,-3069.9,2019-12-03,2021-02-05
8A.G17.,8A,G17,,"HH1,HH2,HHZ",-4.472858,-105.082312,-2723.0,2019-12-04,2021-01-31
8A.G18.,8A,G18,,"HH1,HH2,HHZ",-4.620633,-105.05375,-2946.6,2019-12-04,2021-02-01
8A.G19.,8A,G19,,"HH1,HH2,HHZ",-4.55458,-105.029892,-3131.5,2019-12-04,2021-01-31
8A.G22.,8A,G22,,"HH1,HH2,HHZ",-4.588793,-104.727537,-3030.8,2019-12-04,2021-02-02
8A.G23.,8A,G23,,"HH1,HH2,HHZ",-4.498232,-104.700937,-3306.7,2019-12-04,2021-02-02
8A.G30.,8A,G30,,"HH1,HH2,HHZ",-4.529432,-105.870515,-3085.4,2021-02-09,2022-02-04
8A.G31.,8A,G31,,"HH1,HH2,HHZ",-4.619745,-106.015212,-3053.4,2021-02-09,2022-02-04
8A.G32.,8A,G32,,"HH1,HH2,HHZ",-4.559812,-106.014877,-3529.6,2021-02-09,2022-01-31
8A.G33.,8A,G33,,"HH1,HH2,HHZ",-4.569595,-105.948415,-3688.5,2021-02-09,2022-02-04
8A.G34.,8A,G34,,"HH1,HH2,HHZ",-4.619557,-105.200232,-3245.1,2021-01-30,2022-02-08
8A.G35.,8A,G35,,"HH1,HH2,HHZ",-4.654983,-105.301033,-3065.2,2021-01-30,2022-02-04
8A.G36.,8A,G36,,"HH1,HH2,HHZ",-4.519458,-105.229853,-3016.6,2021-01-30,2022-02-22
8A.G37.,8A,G37,,"HH1,HH2,HHZ",-4.57894,-105.279647,-3395.9,2021-01-30,2022-02-08
8A.G38.,8A,G38,,"HH1,HH2,HHZ",-4.56938,-105.348907,-3644.9,2021-01-30,2022-02-04
8A.G39.,8A,G39,,"HH1,HH2,HHZ",-4.588578,-104.727117,-3010.7,2021-01-29,2022-02-08
8A.G42.,8A,G42,,"HN2,HN1,HNZ",-4.533865,-104.948548,-3080.6,2021-01-29,2022-02-22
8A.G43.,8A,G43,,"HN2,HN1,HNZ",-4.552237,-104.903742,-3357.2,2021-01-29,2022-02-22
8A.G44.,8A,G44,,"HN2,HN1,HNZ",-4.551395,-104.839635,-3420.4,2021-01-29,2022-02-09
8A.G45.,8A,G45,,"HN2,HN1,HNZ",-4.554093,-105.028963,-3137.0,2021-01-30,2022-02-22
8A.G46.,8A,G46,,"HN2,HN1,HNZ",-4.491735,-105.102215,-3009.6,2021-02-03,2022-02-22
8A.G47.,8A,G47,,"HN2,HN1,HNZ",-4.44958,-104.973643,-3408.1,2021-02-03,2022-02-22
8A.G48.,8A,G48,,"HN2,HN1,HNZ",-4.465995,-104.868548,-3151.6,2021-02-03,2022-02-22
8A.G49.,8A,G49,,"HN2,HN1,HNZ",-4.63417,-104.971032,-3374.4,2021-02-03,2022-02-09
8A.G50.,8A,G50,,"HN2,HN1,HNZ",-4.619188,-105.084152,-3513.9,2021-02-03,2022-02-09
8Q.P01.,8Q,P01,,"BHZ,BH2,BH1",28.303733,-142.28413,-4918.0,2021-11-12,2023-01-30
8Q.P02.,8Q,P02,,"BHZ,BH2,BH1",28.287195,-141.720483,-4820.0,2021-11-20,2023-02-02
8Q.P03.,8Q,P03,,"BHZ,BH2,BH1",27.897,-141.755108,-4993.0,2021-11-20,2023-01-31
8Q.P04.,8Q,P04,,"BHZ,BH2,BH1",27.967133,-142.26247,-4996.0,2021-11-13,2023-01-30
8Q.P05.,8Q,P05,,"BHZ,BH2,BH1",29.022255,-142.119943,-5053.0,2021-11-21,2023-02-03
8Q.P06.,8Q,P06,,"BHZ,BH2,BH1",29.046848,-141.182085,-4974.0,2021-11-22,2023-02-02
8Q.P07.,8Q,P07,,"BHZ,BH2,BH1",28.327845,-140.916595,-4890.0,2021-11-22,2023-02-01
8Q.P08.,8Q,P08,,"BHZ,BH2,BH1",27.012373,-141.252573,-4894.0,2021-11-20,2023-01-31
8Q.P09.,8Q,P09,,"BHZ,BH2,BH1",26.612795,-142.356315,-4706.0,2021-11-20,2023-01-27
8Q.P10.,8Q,P10,,"BHZ,BH2,BH1",27.468335,-143.309602,-4936.0,2021-11-12,2023-01-27
8Q.P11.,8Q,P11,,"BHZ,BH2,BH1",28.19732,-143.482162,-4998.0,2021-11-10,2023-01-29
8Q.P12.,8Q,P12,,"BHZ,BH2,BH1",29.909498,-142.683938,-4995.0,2021-11-21,2023-02-03
8Q.P13.,8Q,P13,,"BHZ,BH2,BH1",29.966537,-141.146892,-4934.0,2021-11-21,2023-02-04
8Q.P14.,8Q,P14,,"BHZ,BH2,BH1",28.949705,-140.079823,-4868.0,2021-11-22,2023-02-05
8Q.P15.,8Q,P15,,"BHZ,BH2,BH1",27.844793,-139.753242,-4942.0,2021-11-22,2023-02-05
8Q.P16.,8Q,P16,,"BHZ,BH2,BH1",26.82636,-140.00232,-4793.0,2021-11-25,2023-01-26
8Q.P17.,8Q,P17,,"BHZ,BH2,BH1",25.826362,-141.048872,-4754.0,2021-11-25,2023-01-26
8Q.P18.,8Q,P18,,"BHZ,BH2,BH1",25.762145,-143.392715,-4876.0,2021-11-19,2023-01-28
8Q.P19.,8Q,P19,,"BHZ,BH2,BH1",26.723123,-144.689908,-4961.0,2021-11-09,2023-01-28
8Q.P20.,8Q,P20,,"BHZ,BH2,BH1",29.158303,-137.94284,-4691.0,2021-11-23,2023-02-07
8Q.P21.,8Q,P21,,"BHZ,BH2,BH1",29.6944,-139.63128,-4778.0,2021-11-23,2023-02-04
8Q.P22.,8Q,P22,,"BHZ,BH2,BH1",26.902167,-138.673857,-4869.0,2021-11-24,2023-01-25
8Q.P24.,8Q,P24,,"BHZ,BH2,BH1",28.69066,-139.01093,-4814.0,2021-11-23,2023-02-06
8Q.P25.,8Q,P25,,"BHZ,BH2,BH1",28.147768,-144.38646,-5031.0,2021-11-11,2023-01-29
CA.COBS.,CA,COBS,,"HH2,HHZ,HHE,HHN,HH1",40.7141,1.3573,-160.0,2005-08-13,3000-01-01
CN.BNAB.,CN,BNAB,,"HHZ,EHZ,HHE,HNN,HHN,HNZ,HNE",53.4932,-130.6368,-19.0,1999-04-16,3000-01-01
H2.H2O.00,H2,H2O,0,"EL2,SH1,SL2,SLZ,ELZ,HH2,HHZ,EHZ,SL1,BH2,BH1,EL1,EH1,BHZ,HH1,SHZ,EH2,SH2",27.88191,-141.991736,-4947.0,1999-10-04,2003-05-27
H2.H2O.10,H2,H2O,10,"BHZ,BH2,BH1",27.88191,-141.991736,-4947.0,1999-10-04,2003-05-27
IM.CY101.,IM,CY101,,"HHZ,HH2,EHZ,EH1,HH1,EH2",34.20406,31.62915,-2476.0,2017-07-11,3000-01-01
IM.CY201.,IM,CY201,,"HHZ,HH2,EHZ,EH1,HH1,EH2",33.69757,31.90889,-2585.0,2017-07-11,3000-01-01
IM.CY302.,IM,CY302,,"HHZ,HH2,EHZ,EH1,HH1,EH2",33.29619,33.04393,-1691.0,2017-07-11,3000-01-01
IM.CY304.,IM,CY304,,"HHZ,HH2,EHZ,EH1,HH1,EH2",33.30399,33.0461,-1700.0,2017-07-11,3000-01-01
IM.CY306.,IM,CY306,,"HH1,HH2,HHZ",33.30332,33.03706,-1699.0,2017-07-11,3000-01-01
IM.CY401.,IM,CY401,,"HHZ,HH2,EHZ,EH1,HH1,EH2",33.88134,33.90544,-2181.0,2017-07-11,3000-01-01
IM.CY501.,IM,CY501,,"HHZ,HH2,EHZ,EH1,HH1,EH2",34.13053,34.25426,-2110.0,2017-07-11,3000-01-01
IM.CY601.,IM,CY601,,"HHZ,HH2,EHZ,EH1,HH1,EH2",34.34469,34.5054,-2030.0,2017-07-11,3000-01-01
IM.CY602.,IM,CY602,,"HHZ,HH2,EHZ,EH1,HH1,EH2",34.34664,34.51679,-2027.0,2017-07-11,3000-01-01
IM.CY603.,IM,CY603,,"HHZ,HH2,EHZ,EH1,HH1,EH2",34.33495,34.50269,-2039.0,2017-07-11,3000-01-01
IM.CY604.,IM,CY604,,"HHZ,HH2,EHZ,EH1,HH1,EH2",34.33934,34.51207,-2034.0,2017-07-11,3000-01-01
IM.CY605.,IM,CY605,,"HHZ,HH2,EHZ,EH1,HH1,EH2",34.33143,34.51321,-2037.0,2017-07-11,3000-01-01
IM.CY606.,IM,CY606,,"HHZ,HH2,EHZ,EH1,HH1,EH2",34.33827,34.52103,-2032.0,2017-07-11,3000-01-01
KP.KPDR.,KP,KPDR,,"HH1,HH2,HHZ",-77.693298,178.343597,-741.0,2014-12-29,2015-12-12
X1.NKF01.,X1,NKF01,,"BH2,BH1,SHN,BHZ,SHE",49.311901,-127.721001,-2362.0,2004-05-16,2005-07-06
X3.OBS01.,X3,OBS01,,"EL2,EL1,ELZ",36.117802,-34.2104,-1503.0,2013-04-16,2013-05-01
X3.OBS02.,X3,OBS02,,"EL2,EL1,ELZ",36.163898,-34.144901,-1536.0,2013-04-16,2013-05-02
X3.OBS03.,X3,OBS03,,"EL2,EL1,ELZ",36.204201,-34.0896,-1689.0,2013-04-16,2013-05-02
X3.OBS05.,X3,OBS05,,ELZ,36.272598,-33.995602,-2339.0,2013-04-17,2013-05-02
X3.OBS06.,X3,OBS06,,"EL2,EL1,ELZ",36.296398,-33.9627,-1895.0,2013-04-17,2013-05-02
X3.OBS07.,X3,OBS07,,"EL2,EL1,ELZ",36.318699,-33.929798,-1612.0,2013-04-17,2013-05-02
X3.OBS08.,X3,OBS08,,"EL2,EL1,ELZ",36.350601,-33.888199,-2117.0,2013-04-17,2013-05-02
X3.OBS09.,X3,OBS09,,"EL2,EL1,ELZ",36.3867,-33.838299,-1823.0,2013-04-17,2013-05-02
X3.OBS10.,X3,OBS10,,"EL2,EL1,ELZ",36.4286,-33.778702,-1693.0,2013-04-17,2013-05-02
X3.OBS11.,X3,OBS11,,"EL2,EL1,ELZ",36.477402,-33.715698,-1908.0,2013-04-17,2013-05-02
X3.OBS12.,X3,OBS12,,ELZ,36.430401,-33.661999,-2534.0,2013-04-17,2013-05-02
X3.OBS13.,X3,OBS13,,"EL2,EL1,ELZ",36.380699,-33.727901,-2751.0,2013-04-17,2013-05-13
X3.OBS14.,X3,OBS14,,"EL2,EL1,ELZ",36.340199,-33.785999,-2865.0,2013-04-17,2013-05-13
X3.OBS15.,X3,OBS15,,"EL2,EL1,ELZ",36.303799,-33.835701,-2871.0,2013-04-17,2013-05-13
X3.OBS16.,X3,OBS16,,"EL2,EL1,ELZ",36.273499,-33.8773,-2475.0,2013-04-17,2013-05-14
X3.OBS17.,X3,OBS17,,"EL2,EL1,ELZ",36.244701,-33.867401,-2141.0,2013-04-17,2013-05-14
X3.OBS18.,X3,OBS18,,"EL2,EL1,ELZ",36.249699,-33.910301,-2721.0,2013-04-17,2013-05-14
X3.OBS19.,X3,OBS19,,"EL2,EL1,ELZ",36.2146,-33.909199,-2452.0,2013-04-17,2013-05-14
X3.OBS20.,X3,OBS20,,"EL2,EL1,ELZ",36.225498,-33.943199,-3219.0,2013-04-17,2013-05-14
X3.OBS21.,X3,OBS21,,"EL2,EL1,ELZ",36.195,-33.984699,-3035.0,2013-04-17,2013-05-14
X3.OBS22.,X3,OBS22,,"EL2,EL1,ELZ",36.1595,-34.034698,-2231.0,2013-04-17,2013-05-14
X3.OBS23.,X3,OBS23,,"EL2,EL1,ELZ",36.117001,-34.092701,-2506.0,2013-04-17,2013-05-14
X3.OBS24.,X3,OBS24,,ELZ,36.069,-34.158798,-2321.0,2013-04-18,2013-05-03
X3.OBS25.,X3,OBS25,,ELZ,36.028599,-34.114601,-2268.0,2013-04-18,2013-05-03
X3.OBS26.,X3,OBS26,,"EL2,EL1,ELZ",36.0774,-34.0485,-2620.0,2013-04-18,2013-05-14
X3.OBS27.,X3,OBS27,,"EL2,EL1,ELZ",36.1194,-33.990299,-2801.0,2013-04-17,2013-05-14
X3.OBS28.,X3,OBS28,,"EL2,EL1,ELZ",36.155499,-33.940399,-2693.0,2013-04-17,2013-05-14
X3.OBS29.,X3,OBS29,,"EL2,EL1,ELZ",36.185799,-33.8992,-2219.0,2013-04-17,2013-05-14
X3.OBS30.,X3,OBS30,,"EL2,EL1,ELZ",36.209599,-33.865898,-2071.0,2013-04-17,2013-05-13
X3.OBS31.,X3,OBS31,,"EL2,EL1,ELZ",36.233799,-33.8321,-2736.0,2013-04-17,2013-05-13
X3.OBS32.,X3,OBS32,,"EL2,EL1,ELZ",36.263901,-33.790699,-2836.0,2013-04-17,2013-05-13
X3.OBS33.,X3,OBS33,,"EL2,EL1,ELZ",36.300098,-33.741699,-2547.0,2013-04-17,2013-05-13
X3.OBS34.,X3,OBS34,,"EL2,EL1,ELZ",36.341999,-33.683601,-2786.0,2013-04-17,2013-05-13
X3.OBS35.,X3,OBS35,,ELZ,36.3904,-33.617599,-2212.0,2013-04-18,2013-05-02
X3.OBS36.,X3,OBS36,,"EL2,EL1,ELZ",36.343601,-33.5653,-1918.0,2013-04-17,2013-05-02
X3.OBS37.,X3,OBS37,,"EL2,EL1,ELZ",36.295502,-33.631401,-1966.0,2013-04-17,2013-05-02
X3.OBS38.,X3,OBS38,,ELZ,36.253399,-33.6889,-2277.0,2013-04-18,2013-05-02
X3.OBS39.,X3,OBS39,,ELZ,36.217098,-33.7388,-2435.0,2013-04-18,2013-05-03
X3.OBS41.,X3,OBS41,,"EL2,EL1,ELZ",36.162899,-33.813202,-1878.0,2013-04-17,2013-05-03
X3.OBS43.,X3,OBS43,,ELZ,36.108799,-33.8876,-2147.0,2013-04-18,2013-05-03
X3.OBS44.,X3,OBS44,,"EL2,EL1,ELZ",36.072399,-33.937302,-2315.0,2013-04-17,2013-05-03
X3.OBS45.,X3,OBS45,,ELZ,36.0303,-33.997799,-2234.0,2013-04-18,2013-05-03
X3.OBS46.,X3,OBS46,,"EL2,EL1,ELZ",35.982101,-34.061699,-2422.0,2013-04-17,2013-05-03
X3.OBS47.,X3,OBS47,,"EL2,EL1,ELZ",36.185501,-33.932701,-3153.0,2013-05-14,2014-01-09
X3.OBS48.,X3,OBS48,,"EL2,EL1,ELZ",36.213299,-33.898201,-2227.0,2013-05-03,2014-01-08
X3.OBS49.,X3,OBS49,,"EL2,EL1,ELZ",36.208302,-33.876701,-2021.0,2013-05-03,2014-01-08
X3.OBS50.,X3,OBS50,,"EL2,EL1,ELZ",36.221802,-33.860298,-2169.0,2013-05-03,2014-01-09
X3.OBS51.,X3,OBS51,,"EL2,EL1,ELZ",36.203499,-33.826,-2550.0,2013-05-14,2014-01-09
X3.OBS54.,X3,OBS54,,"EL2,EL1,ELZ",36.242199,-33.8894,-2282.0,2013-05-03,2014-01-09
X3.OBS55.,X3,OBS55,,"EL2,EL1,ELZ",36.252701,-33.944599,-3016.0,2013-05-03,2014-01-09
X3.OBS56.,X3,OBS56,,"EL2,EL1,ELZ",36.2286,-33.9076,-2345.0,2013-05-10,2014-01-08
X3.OBS57.,X3,OBS57,,"EL2,EL1,ELZ",36.231998,-33.903999,-2377.0,2013-05-03,2014-01-08
X3.OBS58.,X3,OBS58,,"EL2,EL1,ELZ",36.232101,-33.902,-2296.0,2013-05-10,2014-01-08
X3.OBS59.,X3,OBS59,,"EL2,EL1,ELZ",36.230099,-33.902,-2248.0,2013-05-10,2014-01-08
X3.OBS60.,X3,OBS60,,"EL2,EL1,ELZ",36.229,-33.902199,-2237.0,2013-05-10,2014-01-08
X3.OBS61.,X3,OBS61,,"EL2,EL1,ELZ",36.229099,-33.904301,-2294.0,2013-05-12,2014-01-08
X4.1AS01.,X4,1AS01,,"EL2,EL1,ELZ",14.355955,-104.41565,-3041.0,2022-05-16,2022-05-20
X4.1AS02.,X4,1AS02,,"EL2,EL1,ELZ",14.376656,-104.30642,-2844.0,2022-05-16,2022-05-19
X4.1AS03.,X4,1AS03,,"EL2,EL1,ELZ",14.396932,-104.197348,-3015.0,2022-05-16,2022-05-20
X4.1AS04.,X4,1AS04,,"EL2,EL1,ELZ",14.417645,-104.08471,-3089.0,2022-05-16,2022-05-19
X4.1AS05.,X4,1AS05,,"EL2,EL1,ELZ",14.43844,-103.978803,-3146.0,2022-05-16,2022-05-20
X4.1AS06.,X4,1AS06,,"EL2,EL1,ELZ",14.45939,-103.86755,-2956.0,2022-05-16,2022-05-19
X4.1AS07.,X4,1AS07,,"EL2,EL1,ELZ",14.47981,-103.760107,-3061.0,2022-05-16,2022-05-20
X4.1AS08.,X4,1AS08,,"EL2,EL1,ELZ",14.500315,-103.64987,-3037.0,2022-05-16,2022-05-19
X4.1AS09.,X4,1AS09,,"EL2,EL1,ELZ",14.520708,-103.541167,-3185.0,2022-05-16,2022-05-20
X4.1AS10.,X4,1AS10,,"EL2,EL1,ELZ",14.541782,-103.42987,-3267.0,2022-05-16,2022-05-19
X4.1AS11.,X4,1AS11,,"EL2,EL1,ELZ",14.561943,-103.322033,-3310.0,2022-05-16,2022-05-20
X4.1AS12.,X4,1AS12,,"EL2,EL1,ELZ",14.582364,-103.21136,-3363.0,2022-05-16,2022-05-19
X4.1AS13.,X4,1AS13,,"EL2,EL1,ELZ",14.602518,-103.102803,-3315.0,2022-05-16,2022-05-20
X4.1AS14.,X4,1AS14,,"EL2,EL1,ELZ",14.62245,-102.99151,-3531.0,2022-05-16,2022-05-20
X4.1AS15.,X4,1AS15,,"EL2,EL1,ELZ",14.642425,-102.884103,-3448.0,2022-05-16,2022-05-21
X4.1AS16.,X4,1AS16,,"EL2,EL1,ELZ",14.662458,-102.774515,-3499.0,2022-05-16,2022-05-20
X4.1AS17.,X4,1AS17,,"EL2,EL1,ELZ",14.682272,-102.664777,-3642.0,2022-05-16,2022-05-21
X4.1AS18.,X4,1AS18,,"EL2,EL1,ELZ",14.702368,-102.55471,-3611.0,2022-05-16,2022-05-20
X4.1AS19.,X4,1AS19,,"EL2,EL1,ELZ",14.72196,-102.44511,-3703.0,2022-05-16,2022-05-21
X4.1AS20.,X4,1AS20,,"EL2,EL1,ELZ",14.74188,-102.335678,-3582.0,2022-05-16,2022-05-20
X4.1AS21.,X4,1AS21,,"EL2,EL1,ELZ",14.76229,-102.226197,-3445.0,2022-05-16,2022-05-21
X4.1AS22.,X4,1AS22,,"EL2,EL1,ELZ",14.781773,-102.116483,-3637.0,2022-05-16,2022-05-20
X4.1AS23.,X4,1AS23,,"EL2,EL1,ELZ",14.801545,-102.006683,-3454.0,2022-05-16,2022-05-20
X4.1AS24.,X4,1AS24,,"EL2,EL1,ELZ",14.821068,-101.896972,-3299.0,2022-05-17,2022-05-21
X4.1AS25.,X4,1AS25,,"EL2,EL1,ELZ",14.84134,-101.786555,-3582.0,2022-05-17,2022-05-20
X4.1AS26.,X4,1AS26,,"EL2,EL1,ELZ",14.860732,-101.677377,-3608.0,2022-05-17,2022-05-21
X4.2S01.,X4,2S01,,"EL2,EL1,ELZ",14.785362,-101.875497,-3396.0,2022-05-21,2022-05-24
X4.2S02.,X4,2S02,,"EL2,EL1,ELZ",14.859852,-101.82376,-3438.0,2022-05-21,2022-05-23
X4.2S03.,X4,2S03,,"EL2,EL1,ELZ",14.935598,-101.771565,-3622.0,2022-05-21,2022-05-24
X4.2S04.,X4,2S04,,"EL2,EL1,ELZ",15.000013,-101.71825,-3548.0,2022-05-21,2022-05-24
X4.2S05.,X4,2S05,,"EL2,EL1,ELZ",15.083113,-101.666308,-3750.0,2022-05-21,2022-05-25
X4.2S06.,X4,2S06,,"EL2,EL1,ELZ",15.158666,-101.61329,-3662.0,2022-05-21,2022-05-24
X4.2S07.,X4,2S07,,"EL2,EL1,ELZ",15.231642,-101.561073,-3710.0,2022-05-21,2022-05-25
X4.2S08.,X4,2S08,,"EL2,EL1,ELZ",15.306715,-101.50828,-3608.0,2022-05-21,2022-05-24
X4.2S09.,X4,2S09,,"EL2,EL1,ELZ",15.38028,-101.456153,-3514.0,2022-05-21,2022-05-25
X4.2S10.,X4,2S10,,"EL2,EL1,ELZ",15.457625,-101.4013,-3618.0,2022-05-21,2022-05-24
X4.2S11.,X4,2S11,,"EL2,EL1,ELZ",15.528708,-101.350922,-3554.0,2022-05-21,2022-05-25
X4.2S12.,X4,2S12,,"EL2,EL1,ELZ",15.603778,-101.29833,-3481.0,2022-05-21,2022-05-24
X4.2S13.,X4,2S13,,"EL2,EL1,ELZ",15.677213,-101.245588,-3505.0,2022-05-21,2022-05-25
X4.2S14.,X4,2S14,,"EL2,EL1,ELZ",15.7515,-101.1926,-3609.0,2022-05-20,2022-05-23
X4.2S15.,X4,2S15,,"EL2,EL1,ELZ",15.825783,-101.140158,-3547.0,2022-05-21,2022-05-25
X4.2S16.,X4,2S16,,"EL2,EL1,ELZ",15.9002,-101.08708,-3627.0,2022-05-20,2022-05-24
X4.2S17.,X4,2S17,,"EL2,EL1,ELZ",15.973865,-101.033998,-3656.0,2022-05-21,2022-05-26
X4.2S18.,X4,2S18,,"EL2,EL1,ELZ",16.048623,-100.98075,-3675.0,2022-05-21,2022-05-25
X4.2S19.,X4,2S19,,"EL2,EL1,ELZ",16.122308,-100.928177,-3687.0,2022-05-21,2022-05-26
X4.2S20.,X4,2S20,,"EL2,EL1,ELZ",16.196373,-100.875143,-3776.0,2022-05-21,2022-05-25
X4.2S21.,X4,2S21,,"EL2,EL1,ELZ",16.270825,-100.822388,-4078.0,2022-05-21,2022-05-26
X4.2S22.,X4,2S22,,"EL2,EL1,ELZ",16.344758,-100.769358,-4241.0,2022-05-21,2022-05-25
X4.2S23.,X4,2S23,,"EL2,EL1,ELZ",16.371147,-100.75054,-4370.0,2022-05-21,2022-06-02
X4.2S24.,X4,2S24,,"EL2,EL1,ELZ",16.418777,-100.716142,-4626.0,2022-05-21,2022-05-25
X4.2S25.,X4,2S25,,"EL2,EL1,ELZ",16.493935,-100.662387,-5506.0,2022-05-21,2022-05-26
X4.2S26.,X4,2S26,,"EL2,EL1,ELZ",16.567058,-100.609812,-4555.0,2022-05-21,2022-05-25
X4.2S27.,X4,2S27,,"EL2,EL1,ELZ",16.641177,-100.556515,-3339.0,2022-05-21,2022-05-26
X4.2S28.,X4,2S28,,"EL2,EL1,ELZ",16.715267,-100.503173,-1519.0,2022-05-21,2022-05-25
X4.2S29.,X4,2S29,,"EL2,EL1,ELZ",16.789098,-100.44964,-982.0,2022-05-22,2022-05-26
X4.2S30.,X4,2S30,,"EL2,EL1,ELZ",16.863117,-100.396128,-743.0,2022-05-22,2022-05-26
X4.2S31.,X4,2S31,,"EL2,EL1,ELZ",16.937633,-100.342247,-423.0,2022-05-22,2022-05-26
X4.3S01.,X4,3S01,,"EL2,EL1,ELZ",16.612087,-99.506905,-150.0,2022-05-26,2022-05-28
X4.3S02.,X4,3S02,,"EL2,EL1,ELZ",16.53142,-99.54736,-1092.0,2022-05-26,2022-05-27
X4.3S03.,X4,3S03,,"EL2,EL1,ELZ",16.451322,-99.588402,-1495.0,2022-05-26,2022-05-28
X4.3S04.,X4,3S04,,"EL2,EL1,ELZ",16.36841,-99.63017,-2583.0,2022-05-26,2022-05-27
X4.3S05.,X4,3S05,,"EL2,EL1,ELZ",16.289433,-99.670525,-3960.0,2022-05-26,2022-05-28
X4.3S06.,X4,3S06,,"EL2,EL1,ELZ",16.208,-99.71204,-5032.0,2022-05-26,2022-05-28
X4.3S07.,X4,3S07,,"EL2,EL1,ELZ",16.127833,-99.752595,-5021.0,2022-05-26,2022-05-29
X4.3S08.,X4,3S08,,"EL2,EL1,ELZ",16.0463,-99.79405,-4399.0,2022-05-26,2022-05-28
X4.3S09.,X4,3S09,,"EL2,EL1,ELZ",16.015753,-99.80904,-4217.0,2022-05-26,2022-06-01
X4.3S10.,X4,3S10,,"EL2,EL1,ELZ",15.96482,-99.83526,-4037.0,2022-05-26,2022-05-28
X4.3S11.,X4,3S11,,"EL2,EL1,ELZ",15.885403,-99.87582,-3795.0,2022-05-26,2022-05-29
X4.3S12.,X4,3S12,,"EL2,EL1,ELZ",15.804195,-99.91686,-3241.0,2022-05-26,2022-05-28
X4.3S13.,X4,3S13,,"EL2,EL1,ELZ",15.7236,-99.9572,-3635.0,2022-05-26,2022-05-28
X4.4S01.,X4,4S01,,"EL2,EL1,ELZ",17.116977,-101.515085,-1639.0,2022-06-04,2022-06-08
X4.4S02.,X4,4S02,,"EL2,EL1,ELZ",17.079292,-101.41044,-1433.0,2022-06-04,2022-06-08
X4.4S03.,X4,4S03,,"EL2,EL1,ELZ",17.0406,-101.3043,-1525.0,2022-06-04,2022-06-07
X4.4S04.,X4,4S04,,"EL2,EL1,ELZ",17.00279,-101.199397,-1942.0,2022-06-04,2022-06-08
X4.4S06.,X4,4S06,,"EL2,EL1,ELZ",16.89129,-100.89144,-2298.0,2022-06-04,2022-06-07
X4.4S07.,X4,4S07,,"EL2,EL1,ELZ",16.891293,-100.89144,-2198.0,2022-06-04,2022-06-08
X4.4S08.,X4,4S08,,"EL2,EL1,ELZ",16.8469,-100.76858,-1775.0,2022-06-04,2022-06-07
X4.4S09.,X4,4S09,,"EL2,EL1,ELZ",16.811118,-100.672047,-974.0,2022-06-04,2022-06-08
X4.4S10.,X4,4S10,,"EL2,EL1,ELZ",16.7725,-100.5668,-910.0,2022-06-04,2022-06-07
X4.4S11.,X4,4S11,,"EL2,EL1,ELZ",16.74227,-100.484478,-1139.0,2022-06-04,2022-06-08
X4.4S12.,X4,4S12,,"EL2,EL1,ELZ",16.719837,-100.423093,-1412.0,2022-06-05,2022-06-08
X4.4S13.,X4,4S13,,"EL2,EL1,ELZ",16.69517,-100.3567,-1430.0,2022-06-05,2022-06-07
X4.4S14.,X4,4S14,,"EL2,EL1,ELZ",16.656273,-100.251452,-1823.0,2022-06-05,2022-06-08
X4.4S15.,X4,4S15,,"EL2,EL1,ELZ",16.61755,-100.14636,-2104.0,2022-06-05,2022-06-08
X4.4S16.,X4,4S16,,"EL2,EL1,ELZ",16.578902,-100.04117,-1522.0,2022-06-05,2022-06-09
X4.4S17.,X4,4S17,,"EL2,EL1,ELZ",16.5403,-99.9352,-1447.0,2022-06-05,2022-06-08
X4.4S18.,X4,4S18,,"EL2,EL1,ELZ",16.501185,-99.831262,-1780.0,2022-06-05,2022-06-09
X4.4S19.,X4,4S19,,"EL2,EL1,ELZ",16.4619,-99.7248,-1782.0,2022-06-05,2022-06-08
X4.4S20.,X4,4S20,,"EL2,EL1,ELZ",16.422913,-99.620778,-1750.0,2022-06-05,2022-06-09
X4.4S21.,X4,4S21,,"EL2,EL1,ELZ",16.390737,-99.533842,-1735.0,2022-06-05,2022-06-09
X4.4S22.,X4,4S22,,"EL2,EL1,ELZ",16.337,-99.3887,-1630.0,2022-06-05,2022-06-08
X4.4S23.,X4,4S23,,"EL2,EL1,ELZ",16.2946,-99.2761,-2114.0,2022-06-05,2022-06-08
X4.5S01.,X4,5S01,,"EL2,EL1,ELZ",15.920277,-99.558473,-4207.0,2022-05-28,2022-06-01
X4.5S02.,X4,5S02,,"EL2,EL1,ELZ",15.953418,-99.644308,-4280.0,2022-05-28,2022-06-01
X4.5S03.,X4,5S03,,"EL2,EL1,ELZ",15.986,-99.7315,-4368.0,2022-05-28,2022-05-31
X4.5S05.,X4,5S05,,"EL2,EL1,ELZ",16.05255,-99.905277,-4283.0,2022-05-28,2022-05-31
X4.5S06.,X4,5S06,,"EL2,EL1,ELZ",16.085957,-99.99241,-4405.0,2022-05-28,2022-06-01
X4.5S07.,X4,5S07,,"EL2,EL1,ELZ",16.1187,-100.0795,-4442.0,2022-05-28,2022-05-31
X4.5S08.,X4,5S08,,"EL2,EL1,ELZ",16.151873,-100.166635,-4260.0,2022-05-28,2022-06-02
X4.5S09.,X4,5S09,,"EL2,EL1,ELZ",16.1849,-100.253,-4372.0,2022-05-28,2022-06-01
X4.5S10.,X4,5S10,,"EL2,EL1,ELZ",16.21808,-100.341827,-4354.0,2022-05-28,2022-06-02
X4.5S11.,X4,5S11,,"EL2,EL1,ELZ",16.2506,-100.4281,-4323.0,2022-05-28,2022-06-01
X4.5S12.,X4,5S12,,"EL2,EL1,ELZ",16.283313,-100.515788,-4239.0,2022-05-29,2022-06-02
X4.5S13.,X4,5S13,,"EL2,EL1,ELZ",16.315817,-100.602785,-3901.0,2022-05-29,2022-06-01
X4.5S14.,X4,5S14,,"EL2,EL1,ELZ",16.348775,-100.689745,-4391.0,2022-05-29,2022-06-02
X4.5S16.,X4,5S16,,"EL2,EL1,ELZ",16.40826,-100.8464,-4223.0,2022-05-29,2022-06-01
X4.5S17.,X4,5S17,,"EL2,EL1,ELZ",16.4409,-100.9428,-4037.0,2022-05-29,2022-06-01
X4.5S18.,X4,5S18,,"EL2,EL1,ELZ",16.479983,-101.038638,-4300.0,2022-05-29,2022-06-02
X4.5S19.,X4,5S19,,"EL2,EL1,ELZ",16.51272,-101.12716,-4388.0,2022-05-29,2022-06-02
X4.5S20.,X4,5S20,,"EL2,EL1,ELZ",16.54493,-101.21433,-4335.0,2022-05-29,2022-06-02
X4.5S21.,X4,5S21,,"EL2,EL1,ELZ",16.571707,-101.28631,-3634.0,2022-05-29,2022-06-05
X4.5S22.,X4,5S22,,"EL2,EL1,ELZ",16.609748,-101.388388,-4412.0,2022-05-29,2022-06-03
X4.5S23.,X4,5S23,,"EL2,EL1,ELZ",16.64233,-101.47715,-4451.0,2022-05-29,2022-06-02
X4.5S24.,X4,5S24,,"EL2,EL1,ELZ",16.67495,-101.56452,-4400.0,2022-05-29,2022-06-02
X4.6S01.,X4,6S01,,"EL2,EL1,ELZ",16.21155,-101.47021,-3588.0,2022-05-29,2022-06-03
X4.6S02.,X4,6S02,,"EL2,EL1,ELZ",16.293412,-101.430002,-3632.0,2022-05-29,2022-06-04
X4.6S03.,X4,6S03,,"EL2,EL1,ELZ",16.3735,-101.38795,-3750.0,2022-05-29,2022-06-03
X4.6S04.,X4,6S04,,"EL2,EL1,ELZ",16.455178,-101.347537,-3983.0,2022-05-29,2022-06-04
X4.6S05.,X4,6S05,,"EL2,EL1,ELZ",16.5352,-101.3066,-3130.0,2022-05-29,2022-06-03
X4.6S07.,X4,6S07,,"EL2,EL1,ELZ",16.616,-101.265,-4704.0,2022-05-29,2022-06-04
X4.6S08.,X4,6S08,,"EL2,EL1,ELZ",16.696707,-101.223702,-5064.0,2022-06-02,2022-06-05
X4.6S09.,X4,6S09,,"EL2,EL1,ELZ",16.7781,-101.18178,-3800.0,2022-06-02,2022-06-04
X4.6S10.,X4,6S10,,"EL2,EL1,ELZ",16.857747,-101.140563,-3059.0,2022-06-02,2022-06-05
X4.6S11.,X4,6S11,,"EL2,EL1,ELZ",16.93931,-101.09875,-2753.0,2022-06-02,2022-06-04
X4.6S12.,X4,6S12,,"EL2,EL1,ELZ",16.961818,-101.08681,-2477.0,2022-06-02,2022-06-08
X4.6S13.,X4,6S13,,"EL2,EL1,ELZ",17.01963,-101.05755,-2015.0,2022-06-02,2022-06-04
X4.6S14.,X4,6S14,,"EL2,EL1,ELZ",17.10048,-101.01726,-1204.0,2022-06-02,2022-06-04
XA.S12.,XA,S12,,SHZ,-3.01084,-23.42456,-1424.0,1969-11-19,1977-09-30
XA.S14.,XA,S14,,SHZ,-3.6445,-17.47753,-1063.0,1971-02-05,1977-09-30
XE.CC01.,XE,CC01,,"BHZ,BH2,BH1",-4.04578,-132.47451,-4768.0,2018-04-24,2019-05-23
XE.CC02.,XE,CC02,,"BHZ,BH2,BH1",-4.46461,-132.58299,-4444.0,2018-04-24,2019-05-23
XE.CC03.,XE,CC03,,"BHZ,BH2,BH1",-4.8816,-132.68895,-4739.0,2018-04-24,2019-01-29
XE.CC04.,XE,CC04,,"BHZ,BH2,BH1",-5.19374,-132.78996,-4615.0,2018-04-22,2019-05-21
XE.CC05.,XE,CC05,,"BHZ,BH2,BH1",-5.51738,-132.873,-4798.0,2018-04-21,2019-05-21
XE.CC06.,XE,CC06,,"BHZ,BH2,BH1",-5.83853,-132.9518,-4824.0,2018-04-21,2019-05-21
XE.CC07.,XE,CC07,,"BHZ,BH2,BH1",-6.15879,-133.0464,-4628.0,2018-04-21,2019-05-20
XE.CC08.,XE,CC08,,"BHZ,BH2,BH1",-6.48164,-133.1233,-4745.0,2018-04-19,2019-05-19
XE.CC09.,XE,CC09,,"BHZ,BH2,BH1",-6.79945,-133.2164,-4615.0,2018-04-19,2019-05-18
XE.CC10.,XE,CC10,,"BHZ,BH2,BH1",-7.11482,-133.34575,-4618.0,2018-04-19,2018-06-08
XE.CC11.,XE,CC11,,"BHZ,BH2,BH1",-7.53678,-133.4166,-4636.0,2018-04-19,2019-05-19
XE.CC12.,XE,CC12,,"BHZ,BH2,BH1",-7.9544,-133.5317,-4595.0,2018-04-18,2018-05-06
XE.EC01.,XE,EC01,,"BHZ,BH2,BH1",-4.72613,-131.48519,-4576.0,2018-04-23,2019-03-08
XE.EC02.,XE,EC02,,"BHZ,BH2,BH1",-5.46195,-131.87689,-4773.0,2018-04-22,2018-09-26
XE.EC03.,XE,EC03,,"BHZ,BH2,BH1",-6.29162,-131.91041,-4742.3,2018-04-20,2018-10-09
XE.EC04.,XE,EC04,,"BHZ,BH2,BH1",-7.02749,-132.29424,-4778.5,2018-04-20,2019-02-12
XE.EC05.,XE,EC05,,"BHZ,BH2,BH1",-7.85622,-132.32978,-4587.0,2018-04-18,2019-05-16
XE.EE01.,XE,EE01,,"BHZ,BH2,BH1",-4.94698,-130.38143,-4645.2,2018-04-16,2019-05-14
XE.EE02.,XE,EE02,,"BHZ,BH2,BH1",-5.97635,-130.88959,-4632.9,2018-04-16,2019-04-08
XE.EE03.,XE,EE03,,"BHZ,BH2,BH1",-7.06435,-131.17881,-4628.9,2018-04-17,2019-03-11
XE.EE04.,XE,EE04,,"BHZ,BH2,BH1",-8.20435,-131.2551,-4683.0,2018-04-17,2019-05-26
XE.WC01.,XE,WC01,,"BHZ,BH2,BH1",-4.14331,-133.66494,-4483.2,2018-04-25,2019-03-07
XE.WC02.,XE,WC02,,"BHZ,BH2,BH1",-4.97259,-133.70537,-4618.6,2018-04-25,2019-05-22
XE.WC03.,XE,WC03,,"BHZ,BH2,BH1",-5.7077,-134.0913,-4483.0,2018-04-26,2019-05-20
XE.WC04.,XE,WC04,,"BHZ,BH2,BH1",-6.53525,-134.1305,-4534.0,2018-04-26,2019-05-20
XE.WC05.,XE,WC05,,"BHZ,BH2,BH1",-7.26945,-134.5177,-4478.0,2018-04-27,2019-05-18
XE.WW01.,XE,WW01,,"BHZ,BH2,BH1",-3.78521,-134.73696,-4534.3,2018-04-29,2019-01-04
XE.WW02.,XE,WW02,,"BHZ,BH2,BH1",-4.92831,-134.81356,-4681.6,2018-04-28,2018-10-11
XE.WW03.,XE,WW03,,"BHZ,BH2,BH1",-6.01551,-135.112,-4386.0,2018-04-28,2019-05-17
XE.WW04.,XE,WW04,,"BHZ,BH2,BH1",-7.0385,-135.62722,-4490.7,2018-04-27,2019-05-17
XF.B01.,XF,B01,,"HH1,HH2,HHZ",16.040501,149.281494,-5321.0,2012-01-29,2013-02-04
XF.B02.,XF,B02,,"HH1,HH2,HHZ",16.515301,148.334305,-5811.0,2012-01-28,2013-02-04
XF.B03.,XF,B03,,"HH1,HH2,HHZ",16.172899,147.979797,-5443.0,2012-01-27,2013-02-02
XF.B04.,XF,B04,,"HH1,HH2,HHZ",16.499901,147.531204,-4844.0,2012-01-27,2013-02-01
XF.B05.,XF,B05,,"HH1,HH2,HHZ",16.6626,146.958603,-3813.0,2012-01-28,2013-02-09
XF.B06.,XF,B06,,"HH1,HH2,HHZ",17.2486,146.802795,-3864.0,2012-02-01,2013-02-09
XF.B07.,XF,B07,,"HH1,HH2,HHZ",17.2096,147.601196,-4285.0,2012-02-01,2013-02-10
XF.B08.,XF,B08,,"HH1,HH2,HHZ",17.428801,148.180405,-4191.0,2012-02-01,2013-02-10
XF.B09.,XF,B09,,"HH1,HH2,HHZ",16.9986,148.512405,-5897.0,2012-01-28,2013-02-03
XF.B10.,XF,B10,,"HH1,HH2,HHZ",16.7971,149.580994,-5393.0,2012-01-29,2013-02-04
XF.B11.,XF,B11,,"HH1,HH2,HHZ",17.5944,149.650101,-5196.0,2012-01-30,2013-02-05
XF.B12.,XF,B12,,"HH1,HH2,HHZ",17.631901,148.591705,-5909.0,2012-01-31,2013-02-06
XF.B13.,XF,B13,,"HH1,HH2,HHZ",17.8734,147.530807,-4559.0,2012-02-02,2013-02-10
XF.B14.,XF,B14,,"HH1,HH2,HHZ",17.9988,146.747803,-3663.0,2012-02-02,2013-02-10
XF.B15.,XF,B15,,"HH1,HH2,HHZ",18.5613,146.902695,-3649.0,2012-02-04,2013-02-10
XF.B16.,XF,B16,,"HH1,HH2,HHZ",18.2295,147.509705,-5014.0,2012-02-04,2013-02-10
XF.B17.,XF,B17,,"HH1,HH2,HHZ",18.4245,147.9375,-4381.0,2012-02-04,2013-02-10
XF.B18.,XF,B18,,"HH1,HH2,HHZ",18.6635,148.492706,-5671.0,2012-02-03,2013-02-06
XF.B19.,XF,B19,,"HH1,HH2,HHZ",18.102501,148.521194,-5949.0,2012-02-02,2013-02-06
XF.B20.,XF,B20,,"HH1,HH2,HHZ",18.4828,149.454498,-5563.0,2012-01-31,2013-02-05
XF.E01.,XF,E01,,"EL2,EL1,ELZ",18.1954,149.478195,-5414.2,2012-01-30,2012-03-10
XF.E02.,XF,E02,,"EL2,EL1,ELZ",18.0172,149.444702,-5042.0,2012-01-30,2012-03-10
XF.E03.,XF,E03,,"EL2,EL1,ELZ",17.8391,149.409607,-5222.0,2012-01-30,2012-03-10
XF.E06.,XF,E06,,"EL2,EL1,ELZ",17.3333,149.300003,-5353.2,2012-01-28,2012-03-08
XF.E07.,XF,E07,,"EL2,EL1,ELZ",17.167,149.279205,-5404.0,2012-01-30,2012-03-08
XF.E08.,XF,E08,,"EL2,EL1,ELZ",16.9988,149.248001,-5482.0,2012-01-30,2012-03-08
XF.E09.,XF,E09,,"EL2,EL1,ELZ",16.8325,149.214203,-5283.0,2012-01-30,2012-03-08
XF.E11.,XF,E11,,"EL2,EL1,ELZ",16.4874,149.148605,-4468.3,2012-01-29,2012-03-07
XF.E12.,XF,E12,,"EL2,EL1,ELZ",16.311199,149.116196,-4981.6,2012-01-29,2012-03-07
XF.L01.,XF,L01,,"EL2,ELZ,BHN,HHZ,HHE,EL1,BHZ,HHN,BHE",16.564899,-105.525497,-4576.8,2000-09-01,2012-03-06
XF.L02.,XF,L02,,"EL2,ELZ,HHZ,BHN,HHE,EL1,BHZ,HHN,BHE",17.2999,-105.537399,-3536.6,2000-09-01,2012-03-14
XF.L06.,XF,L06,,"EL2,ELZ,HHZ,BHN,HHE,EL1,BHZ,HHN,BHE",17.483299,-105.605598,-3977.5,2000-09-01,2012-03-13
XF.L07.,XF,L07,,"EL2,ELZ,BHN,HHZ,HHE,EL1,BHZ,HHN,BHE",18.209101,-105.622902,-3248.9,2000-09-01,2012-03-12
XF.L08.,XF,L08,,"EL2,ELZ,BHN,HHZ,HHE,EL1,BHZ,HHN,BHE",18.3333,-105.642403,-4901.2,2000-09-01,2012-03-10
XF.N01.,XF,N01,,"EL2,EL1,ELZ",17.870001,146.390396,-3272.5,2012-02-01,2012-03-13
XF.N02.,XF,N02,,"EL2,EL1,ELZ",17.869301,146.569595,-3517.1,2012-02-01,2012-03-13
XF.N03.,XF,N03,,"EL2,EL1,ELZ",17.866699,146.75,-3302.1,2012-01-30,2012-03-12
XF.N04.,XF,N04,,"EL2,EL1,ELZ",17.867701,146.934692,-3462.0,2012-02-01,2012-03-12
XF.N05.,XF,N05,,"EL2,EL1,ELZ",17.8657,147.144699,-3826.9,2012-02-01,2012-03-12
XF.N06.,XF,N06,,"EL2,EL1,ELZ",17.864799,147.333694,-4080.8,2012-02-01,2012-03-12
XF.N07.,XF,N07,,"EL2,EL1,ELZ",17.8748,147.532104,-4523.0,2012-02-01,2012-03-11
XF.N16.,XF,N16,,"EL2,EL1,ELZ",17.8426,149.224396,-5458.0,2012-01-31,2012-03-10
XF.N18.,XF,N18,,"EL2,EL1,ELZ",17.8333,149.600006,-5105.3,2012-01-28,2012-03-08
XF.N19.,XF,N19,,"EL2,EL1,ELZ",17.8167,149.783295,-5052.4,2012-01-28,2012-03-08
XF.N20.,XF,N20,,"EL2,EL1,ELZ",17.826799,149.979706,-5144.2,2012-01-30,2012-03-10
XF.S01.,XF,S01,,"EL2,EL1,ELZ",17.0833,146.449997,-3132.1,2012-01-26,2012-03-12
XF.S02.,XF,S02,,"EL2,EL1,ELZ",17.075001,146.616394,-3527.0,2012-01-27,2012-03-13
XF.S03.,XF,S03,,"EL2,EL1,ELZ",17.0495,146.781998,-3823.0,2012-01-28,2012-03-13
XF.S04.,XF,S04,,"EL2,EL1,ELZ",17.024099,146.951004,-4279.2,2012-01-28,2012-03-14
XF.S05.,XF,S05,,"EL2,EL1,ELZ",16.9848,147.170105,-3227.7,2012-01-28,2012-03-15
XF.S06.,XF,S06,,"EL2,EL1,ELZ",16.966299,147.324799,-4485.0,2012-01-28,2012-03-15
XF.S14.,XF,S14,,"EL2,EL1,ELZ",16.7297,148.805405,-5312.7,2012-01-29,2012-03-07
XF.S15.,XF,S15,,"EL2,EL1,ELZ",16.6989,148.990601,-5161.0,2012-01-29,2012-03-07
XF.S16.,XF,S16,,"EL2,EL1,ELZ",16.65,149.166702,-5109.7,2012-01-27,2012-03-07
XF.S17.,XF,S17,,"EL2,EL1,ELZ",16.633301,149.350006,-5298.0,2012-01-27,2012-03-07
XF.W01.,XF,W01,,"EL2,EL1,ELZ",18.383301,146.916702,-3808.0,2012-02-02,2012-03-11
XF.W02.,XF,W02,,"EL2,EL1,ELZ",18.2167,146.916702,-3577.9,2012-02-02,2012-03-11
XF.W02A.,XF,W02A,,"EL2,EL1,ELZ",18.2202,146.9263,-3560.0,2012-02-04,2012-03-12
XF.W03.,XF,W03,,"EL2,EL1,ELZ",18.040001,146.931,-3610.0,2012-02-04,2012-03-12
XF.W05.,XF,W05,,"EL2,EL1,ELZ",17.6833,146.933304,-3848.5,2012-01-30,2012-03-12
XF.W06.,XF,W06,,"EL2,EL1,ELZ",17.525999,146.940994,-3978.0,2012-02-01,2012-03-14
XF.W07.,XF,W07,,"EL2,EL1,ELZ",17.3645,146.944504,-3935.0,2012-02-01,2012-03-14
XF.W08.,XF,W08,,"EL2,EL1,ELZ",17.193899,146.9487,-4129.0,2012-02-01,2012-03-14
XF.W10.,XF,W10,,"EL2,EL1,ELZ",16.8333,146.949997,-4121.7,2012-01-26,2012-03-13
XI.CMP01.,XI,CMP01,,"BHZ,BH2,BH1",26.142799,-44.8405,-3694.0,2003-10-30,2003-11-04
XI.D16.,XI,D16,,"EL2,EL1,ELZ",26.127399,-44.830299,-3684.0,2003-06-25,2004-03-31
XI.D17.,XI,D17,,"EL2,EL1,ELZ",26.1441,-44.822498,-3601.0,2003-06-25,2004-03-31
XI.D18.,XI,D18,,"EL2,EL1,ELZ",26.1374,-44.827,-3661.0,2003-06-25,2004-03-31
XI.D21.,XI,D21,,"EL2,EL1,ELZ",26.132401,-44.817101,-3651.0,2003-06-25,2004-03-31
XI.D29.,XI,D29,,"EL2,EL1,ELZ",26.1378,-44.826099,-3650.0,2003-06-25,2004-03-31
XI.D32.,XI,D32,,"EL2,EL1,ELZ",26.1665,-44.811901,-3404.0,2003-06-25,2004-03-31
XI.D35.,XI,D35,,"EL2,EL1,ELZ",26.1364,-44.825298,-3646.0,2003-06-25,2004-03-31
XI.D36.,XI,D36,,"EL2,EL1,ELZ",26.120001,-44.786301,-2893.0,2003-06-25,2004-03-31
XI.D41.,XI,D41,,"EL2,EL1,ELZ",26.137501,-44.825199,-3650.0,2003-06-25,2004-03-31
XI.D48.,XI,D48,,"EL2,EL1,ELZ",26.1486,-44.858601,-3678.0,2003-06-25,2004-03-31
XI.D55.,XI,D55,,"EL2,EL1,ELZ",26.105801,-44.840599,-3956.0,2003-06-25,2004-03-31
XI.D58.,XI,D58,,"EL2,EL1,ELZ",26.136499,-44.826698,-3644.0,2003-06-25,2004-03-31
XI.D62.,XI,D62,,"EL2,EL1,ELZ",26.1401,-44.8354,-3675.0,2003-06-25,2004-03-31
XI.OBS01.,XI,OBS01,,"HH1,HH2,HHZ",25.953369,-44.91341,-4238.0,2003-10-30,2003-11-02
XI.OBS02.,XI,OBS02,,"HH1,HH2,HHZ",25.9891,-44.894772,-4231.0,2003-10-30,2003-11-02
XI.OBS03.,XI,OBS03,,"HH1,HH2,HHZ",26.02791,-44.877689,-4334.0,2003-10-30,2003-11-02
XI.OBS04.,XI,OBS04,,"HH1,HH2,HHZ",26.067591,-44.8601,-4145.0,2003-10-30,2003-11-02
XI.OBS05.,XI,OBS05,,"HH1,HH2,HHZ",26.20422,-44.792542,-3937.0,2003-10-30,2003-11-02
XI.OBS06.,XI,OBS06,,"HH1,HH2,HHZ",26.243441,-44.773338,-2360.0,2003-10-30,2003-11-02
XI.OBS07.,XI,OBS07,,"HH1,HH2,HHZ",26.281799,-44.755878,-4228.0,2003-10-30,2003-11-02
XI.OBS08.,XI,OBS08,,"HH1,HH2,HHZ",26.31929,-44.737492,-4068.0,2003-10-30,2003-11-02
XI.OBS09.,XI,OBS09,,"HH1,HH2,HHZ",26.163509,-44.894451,-3771.0,2003-10-31,2003-11-04
XI.OBS10.,XI,OBS10,,"HH1,HH2,HHZ",26.177971,-44.930389,-2929.0,2003-10-31,2003-11-04
XI.OBS12.,XI,OBS12,,"HH1,HH2,HHZ",26.03269,-44.911949,-4232.0,2003-10-31,2003-11-04
XI.OBS14.,XI,OBS14,,"HH1,HH2,HHZ",26.10928,-44.876808,-4199.0,2003-10-31,2003-11-04
XI.OBS15.,XI,OBS15,,"HH1,HH2,HHZ",26.188551,-44.837669,-3712.0,2003-10-31,2003-11-04
XI.OBS16.,XI,OBS16,,"HH1,HH2,HHZ",26.225889,-44.819969,-3693.0,2003-10-31,2003-11-04
XI.OBS17.,XI,OBS17,,"HH1,HH2,HHZ",26.264151,-44.800228,-3870.0,2003-10-31,2003-11-04
XM.OSN1.,XM,OSN1,,"BHZ,BH2,BH1",19.3424,-159.093796,-4400.0,1998-02-03,1998-06-16
XM.OSN1B.,XM,OSN1B,,"BHZ,BH2,BH1",19.3424,-159.093796,-4150.0,1998-02-03,1998-06-16
XM.OSN1S.,XM,OSN1S,,"BHZ,BH2,BH1",19.3424,-159.093796,-4150.0,1998-02-03,1998-06-16
XP.CBOB.02,XP,CBOB,2.0,"BHE,BHZ,BHN",-77.034782,163.171188,-40.0,2000-12-08,2003-12-31
XS.I04D.00,XS,I04D,0.0,"BHZ,BH2,BH1",-2.123817,-16.17326,-3926.0,2016-03-07,2017-03-24
XS.I07D.00,XS,I07D,0.0,"BHZ,BH2,BH1",-1.5565,-14.042837,-3819.0,2016-03-08,2017-03-22
XS.I12D.00,XS,I12D,0.0,"BHZ,BH2,BH1",-0.868283,-10.77656,-4022.0,2016-03-09,2017-03-17
XS.I14D.00,XS,I14D,0.0,"BHZ,BH2,BH1",-0.3522,-7.952395,-4702.0,2016-03-10,2017-03-17
XS.I20D.00,XS,I20D,0.0,"BHZ,BH2,BH1",-0.368083,-10.535205,-4724.0,2016-03-12,2017-03-13
XS.I28D.00,XS,I28D,0.0,"BHZ,BH2,BH1",-0.491752,-14.268448,-3711.0,2016-03-13,2017-03-11
XS.I34D.00,XS,I34D,0.0,"BHZ,BH2,BH1",-0.957927,-16.34852,-2964.0,2016-03-14,2017-03-09
XS.L02A.,XS,L02A,,"HH1,HH2,HHZ",-1.1667,-17.4085,-3499.0,2016-03-06,2017-03-24
XS.L05A.,XS,L05A,,"HH1,HH2,HHZ",-1.8577,-15.4058,-4052.0,2016-03-07,2017-03-21
XS.L08D.,XS,L08D,,"HH1,HH2,HHZ",-1.4493,-13.6409,-3357.0,2016-03-08,2017-03-18
XS.L09A.,XS,L09A,,"HH1,HH2,HHZ",-1.3569,-13.3185,-3378.0,2016-03-08,2017-03-18
XS.L13D.,XS,L13D,,"HH1,HH2,HHZ",-0.5862,-9.5619,-4659.0,2016-03-09,2017-03-16
XS.L16D.,XS,L16D,,"HH1,HH2,HHZ",0.8933,-7.8953,-4581.0,2016-03-11,2017-03-15
XS.L18D.,XS,L18D,,"HH1,HH2,HHZ",0.5769,-9.3765,-4890.0,2016-03-11,2017-03-14
XS.L21D.,XS,L21D,,"HH1,HH2,HHZ",0.2364,-11.038,-4625.0,2016-03-11,2017-03-13
XS.L23D.,XS,L23D,,"HH1,HH2,HHZ",0.0521,-12.1478,-4631.0,2016-03-12,2017-03-12
XS.L25D.,XS,L25D,,"HH1,HH2,HHZ",-0.1745,-13.223,-4207.0,2016-03-12,2017-03-11
XS.L27A.,XS,L27A,,"HH1,HH2,HHZ",-0.4007,-13.9427,-3928.0,2016-03-12,2016-08-23
XS.L30A.,XS,L30A,,"HH1,HH2,HHZ",-0.588,-14.9467,-4003.0,2016-03-13,2017-03-10
XS.L33D.,XS,L33D,,"HH1,HH2,HHZ",-0.8747,-16.0152,-3933.0,2016-03-13,2017-03-09
XS.L37D.,XS,L37D,,"HH1,HH2,HHZ",1.5657,-14.9718,-5054.0,2016-03-19,2017-03-08
XS.L39D.,XS,L39D,,"HH1,HH2,HHZ",2.0557,-11.4905,-4438.0,2016-03-20,2017-03-07
XS.S03D.,XS,S03D,,"BHZ,BH2,BH1",-2.4021,-17.0315,-3750.0,2016-03-05,2017-03-25
XS.S06D.,XS,S06D,,"BHZ,BH2,BH1",-1.6703,-14.4298,-3778.0,2016-03-06,2017-03-19
XS.S10D.,XS,S10D,,"BHZ,BH2,BH1",-1.318,-12.9697,-3015.0,2016-03-07,2017-03-18
XS.S11D.,XS,S11D,,"BHZ,BH2,BH1",-1.1691,-12.4602,-2905.0,2016-03-07,2017-03-18
XS.S15D.,XS,S15D,,"BHZ,BH2,BH1",0.1814,-6.6228,-4927.0,2016-03-09,2017-03-16
XS.S17D.,XS,S17D,,"BHZ,BH2,BH1",0.7422,-8.5121,-5205.0,2016-03-09,2017-03-15
XS.S19D.,XS,S19D,,"BHZ,BH2,BH1",0.4809,-9.9754,-4607.0,2016-03-10,2017-03-14
XS.S22D.,XS,S22D,,"BHZ,BH2,BH1",0.1254,-11.6799,-4352.0,2016-03-10,2017-03-13
XS.S24D.,XS,S24D,,"BHZ,BH2,BH1",-0.1383,-12.7806,-4453.0,2016-03-10,2017-03-13
XS.S26D.,XS,S26D,,"BHZ,BH2,BH1",-0.3434,-13.626,-4216.0,2016-03-11,2017-03-12
XS.S29D.,XS,S29D,,"BHZ,BH2,BH1",-0.5597,-14.6272,-3626.0,2016-03-11,2017-03-11
XS.S31D.,XS,S31D,,"BHZ,BH2,BH1",-0.7141,-15.3187,-3408.0,2016-03-11,2017-03-11
XS.S32D.,XS,S32D,,"BHZ,BH2,BH1",-0.7968,-15.647,-2957.0,2016-03-11,2017-03-11
XS.S38D.,XS,S38D,,"BHZ,BH2,BH1",1.921838,-12.762288,-4926.0,2016-03-18,2017-03-08
XT.B151.,XT,B151,,"BHZ,BH2,BH1",12.9915,-67.651299,-3616.0,2004-03-16,2005-03-19
XT.BLOS.,XT,BLOS,,"BHZ,BH2,BH1",11.5708,-61.667702,-461.0,2004-03-22,2005-03-13
XT.BTBT.,XT,BTBT,,"BHZ,BH2,BH1",11.4989,-62.500999,-129.0,2004-03-22,2005-03-13
XT.CUBA.,XT,CUBA,,"BHZ,BH2,BH1",11.8499,-65.417999,-3997.0,2004-03-19,2005-03-17
XT.DKSS.,XT,DKSS,,"BHZ,BH2,BH1",11.7515,-63.769901,-1117.0,2004-03-21,2005-03-15
XT.DRKS.,XT,DRKS,,"BHZ,BH2,BH1",11.9992,-62.668499,-2400.0,2004-03-22,2005-03-14
XT.MHTO.,XT,MHTO,,"BHZ,BH2,BH1",13.9497,-66.490997,-4997.0,2004-03-16,2005-03-20
XT.PINA.,XT,PINA,,"BHZ,BH2,BH1",10.6796,-65.220001,-1103.0,2004-03-18,2005-03-18
XT.PNCH.,XT,PNCH,,"BHZ,BH2,BH1",11.2493,-66.5009,-908.0,2004-03-17,2005-03-18
XT.SHRB.,XT,SHRB,,"BHZ,BH2,BH1",11.2707,-67.349602,-1860.0,2004-03-17,2005-03-18
XT.SOMB.,XT,SOMB,,"BHZ,BH2,BH1",12.7209,-64.931297,-3853.0,2004-03-19,2005-03-16
XT.ST104.,XT,ST104,,"EL2,EL1,ELZ",14.3304,-69.935997,-4237.0,2004-04-20,2004-05-02
XT.ST105.,XT,ST105,,"EL2,EL1,ELZ",14.2638,-69.929001,-4219.0,2004-04-21,2004-05-02
XT.ST106.,XT,ST106,,"EL2,EL1,ELZ",14.1974,-69.919998,-4259.0,2004-04-21,2004-05-02
XT.ST107.,XT,ST107,,"EL2,EL1,ELZ",14.1308,-69.912003,-4402.0,2004-04-21,2004-05-02
XT.ST108.,XT,ST108,,"EL2,EL1,ELZ",14.0632,-69.905098,-4394.0,2004-04-21,2004-05-03
XT.ST109.,XT,ST109,,"EL2,EL1,ELZ",13.997,-69.895897,-4322.0,2004-04-21,2004-05-03
XT.ST110.,XT,ST110,,"EL2,EL1,ELZ",13.9304,-69.887802,-4525.0,2004-04-21,2004-05-03
XT.ST111.,XT,ST111,,"EL2,EL1,ELZ",13.8649,-69.879501,-4565.0,2004-04-21,2004-05-03
XT.ST112.,XT,ST112,,"EL2,EL1,ELZ",13.7975,-69.872002,-4848.0,2004-04-21,2004-05-03
XT.ST113.,XT,ST113,,"EL2,EL1,ELZ",13.7309,-69.863197,-4865.0,2004-04-20,2004-05-03
XT.ST114.,XT,ST114,,"EL2,EL1,ELZ",13.6638,-69.855904,-4899.0,2004-04-20,2004-05-03
XT.ST115.,XT,ST115,,"EL2,EL1,ELZ",13.5983,-69.847,-3854.0,2004-04-21,2004-05-03
XT.ST116.,XT,ST116,,"EL2,EL1,ELZ",13.5313,-69.839699,-3741.0,2004-04-21,2004-05-03
XT.ST117.,XT,ST117,,"EL2,EL1,ELZ",13.4643,-69.831596,-3638.0,2004-04-21,2004-05-03
XT.ST118.,XT,ST118,,"EL2,EL1,ELZ",13.3977,-69.823303,-3285.0,2004-04-21,2004-05-03
XT.ST119.,XT,ST119,,"EL2,EL1,ELZ",13.3311,-69.815498,-3135.0,2004-04-20,2004-05-04
XT.ST120.,XT,ST120,,"EL2,EL1,ELZ",13.2647,-69.807198,-2939.0,2004-04-20,2004-05-04
XT.ST121.,XT,ST121,,"EL2,EL1,ELZ",13.1982,-69.7994,-2903.0,2004-04-20,2004-05-04
XT.ST122.,XT,ST122,,"EL2,EL1,ELZ",13.1319,-69.7911,-2069.0,2004-04-21,2004-05-04
XT.ST123.,XT,ST123,,"EL2,EL1,ELZ",13.0654,-69.783401,-1545.0,2004-04-21,2004-05-04
XT.ST124.,XT,ST124,,"EL2,EL1,ELZ",12.9982,-69.775299,-1538.0,2004-04-21,2004-05-04
XT.ST125.,XT,ST125,,"EL2,EL1,ELZ",12.9331,-69.767403,-1540.0,2004-04-21,2004-05-04
XT.ST127.,XT,ST127,,"EL2,EL1,ELZ",12.7977,-69.748497,-1311.0,2004-04-21,2004-05-04
XT.ST128.,XT,ST128,,"EL2,EL1,ELZ",12.7321,-69.7435,-1295.0,2004-04-21,2004-05-04
XT.ST130.,XT,ST130,,"EL2,EL1,ELZ",12.5989,-69.7276,-1231.0,2004-04-21,2004-05-04
XT.ST131.,XT,ST131,,"EL2,EL1,ELZ",12.5322,-69.719597,-1093.0,2004-04-21,2004-05-05
XT.ST132.,XT,ST132,,"EL2,EL1,ELZ",12.4658,-69.7118,-866.0,2004-04-21,2004-05-01
XT.ST138.,XT,ST138,,"EL2,EL1,ELZ",12.0661,-69.664001,-281.0,2004-04-22,2004-05-01
XT.ST201.,XT,ST201,,"EL2,EL1,ELZ",14.1,-67.700203,-5020.0,2004-05-07,2004-05-11
XT.ST202.,XT,ST202,,"EL2,EL1,ELZ",14.0152,-67.692398,-5015.0,2004-05-06,2004-05-11
XT.ST203.,XT,ST203,,"EL2,EL1,ELZ",13.9306,-67.684196,-5014.0,2004-05-07,2004-05-11
XT.ST204.,XT,ST204,,"EL2,EL1,ELZ",13.846,-67.676697,-5010.0,2004-05-07,2004-05-11
XT.ST205.,XT,ST205,,"EL2,EL1,ELZ",13.7613,-67.669502,-5011.0,2004-05-07,2004-05-11
XT.ST206.,XT,ST206,,"EL2,EL1,ELZ",13.6765,-67.661797,-5016.0,2004-05-07,2004-05-11
XT.ST207.,XT,ST207,,"EL2,EL1,ELZ",13.5919,-67.654198,-4998.0,2004-05-06,2004-05-11
XT.ST208.,XT,ST208,,"EL2,EL1,ELZ",13.5074,-67.646599,-5003.0,2004-05-06,2004-05-11
XT.ST209.,XT,ST209,,"EL2,EL1,ELZ",13.423,-67.639099,-4778.0,2004-05-06,2004-05-11
XT.ST210.,XT,ST210,,"EL2,EL1,ELZ",13.3381,-67.6306,-4775.0,2004-05-07,2004-05-13
XT.ST211.,XT,ST211,,"EL2,EL1,ELZ",13.2537,-67.624001,-4435.0,2004-05-07,2004-05-10
XT.ST212.,XT,ST212,,"EL2,EL1,ELZ",13.1686,-67.616402,-4014.0,2004-05-07,2004-05-10
XT.ST213.,XT,ST213,,"EL2,EL1,ELZ",13.0843,-67.6082,-4021.0,2004-05-06,2004-05-10
XT.ST214.,XT,ST214,,"EL2,EL1,ELZ",12.9995,-67.6007,-3698.0,2004-05-06,2004-05-10
XT.ST215.,XT,ST215,,"EL2,EL1,ELZ",12.9151,-67.593102,-3220.0,2004-05-06,2004-05-10
XT.ST216.,XT,ST216,,"EL2,EL1,ELZ",12.8304,-67.5858,-3482.0,2004-05-06,2004-05-10
XT.ST217.,XT,ST217,,"EL2,EL1,ELZ",12.7457,-67.5784,-4286.0,2004-05-06,2004-05-10
XT.ST218.,XT,ST218,,"EL2,EL1,ELZ",12.6608,-67.570602,-4468.0,2004-05-06,2004-05-10
XT.ST219.,XT,ST219,,"EL2,EL1,ELZ",12.576,-67.562202,-4656.0,2004-05-06,2004-05-10
XT.ST220.,XT,ST220,,"EL2,EL1,ELZ",12.4916,-67.554703,-4644.0,2004-05-06,2004-05-10
XT.ST221.,XT,ST221,,"EL2,EL1,ELZ",12.4071,-67.547302,-2956.0,2004-05-06,2004-05-09
XT.ST222.,XT,ST222,,"EL2,EL1,ELZ",12.3216,-67.539703,-1505.0,2004-05-06,2004-05-09
XT.ST223.,XT,ST223,,"EL2,EL1,ELZ",12.2375,-67.532402,-751.0,2004-05-06,2004-05-09
XT.ST224.,XT,ST224,,"EL2,EL1,ELZ",12.153,-67.524498,-358.0,2004-05-06,2004-05-09
XT.ST225.,XT,ST225,,"EL2,EL1,ELZ",12.0684,-67.517197,-308.0,2004-05-06,2004-05-09
XT.ST238.,XT,ST238,,"EL2,EL1,ELZ",10.9681,-67.418999,-1084.0,2004-05-06,2004-05-08
XT.ST239.,XT,ST239,,"EL2,EL1,ELZ",10.8833,-67.411598,-867.0,2004-05-05,2004-05-08
XT.ST240.,XT,ST240,,"EL2,EL1,ELZ",10.7985,-67.404297,-761.0,2004-05-05,2004-05-08
XT.ST241.,XT,ST241,,"EL2,EL1,ELZ",10.714,-67.396599,-869.0,2004-05-05,2004-05-08
XT.ST242.,XT,ST242,,"EL2,EL1,ELZ",10.6291,-67.389,-867.0,2004-05-06,2004-05-08
XT.ST301.,XT,ST301,,"EL2,EL1,ELZ",13.3501,-64.300301,-3226.0,2004-05-14,2004-05-23
XT.ST302.,XT,ST302,,"EL2,EL1,ELZ",13.2725,-64.282204,-3230.0,2004-05-14,2004-05-23
XT.ST303.,XT,ST303,,"EL2,EL1,ELZ",13.1951,-64.264297,-3214.0,2004-05-14,2004-05-23
XT.ST304.,XT,ST304,,"EL2,EL1,ELZ",13.1172,-64.2463,-3167.0,2004-05-14,2004-05-23
XT.ST305.,XT,ST305,,"EL2,EL1,ELZ",13.0395,-64.228699,-3152.0,2004-05-14,2004-05-23
XT.ST306.,XT,ST306,,"EL2,EL1,ELZ",12.9616,-64.2108,-3131.0,2004-05-13,2004-05-23
XT.ST307.,XT,ST307,,"EL2,EL1,ELZ",12.8836,-64.192703,-3081.0,2004-05-13,2004-05-23
XT.ST308.,XT,ST308,,"EL2,EL1,ELZ",12.8076,-64.175301,-3047.0,2004-05-14,2004-05-23
XT.ST310.,XT,ST310,,"EL2,EL1,ELZ",12.6515,-64.140297,-3166.0,2004-05-14,2004-05-22
XT.ST311.,XT,ST311,,"EL2,EL1,ELZ",12.5739,-64.122002,-3328.0,2004-05-13,2004-05-22
XT.ST312.,XT,ST312,,"EL2,EL1,ELZ",12.4964,-64.104202,-3221.0,2004-05-14,2004-05-22
XT.ST313.,XT,ST313,,"EL2,EL1,ELZ",12.4188,-64.0868,-3366.0,2004-05-13,2004-05-22
XT.ST314.,XT,ST314,,"EL2,EL1,ELZ",12.3413,-64.068001,-3559.0,2004-05-13,2004-05-22
XT.ST320.,XT,ST320,,"EL2,EL1,ELZ",11.8752,-63.962002,-353.0,2004-05-13,2004-05-21
XT.ST321.,XT,ST321,,"EL2,EL1,ELZ",11.7971,-63.944698,-435.0,2004-05-13,2004-05-21
XT.ST322.,XT,ST322,,"EL2,EL1,ELZ",11.7197,-63.927101,-632.0,2004-05-13,2004-05-21
XT.ST323.,XT,ST323,,"EL2,EL1,ELZ",11.6417,-63.909302,-573.0,2004-05-13,2004-05-21
XT.ST324.,XT,ST324,,"EL2,EL1,ELZ",11.5641,-63.891701,-175.0,2004-05-14,2004-05-21
XT.ST325.,XT,ST325,,"EL2,EL1,ELZ",11.4865,-63.8741,-65.0,2004-05-13,2004-05-21
XT.ST326.,XT,ST326,,"EL2,EL1,ELZ",11.4089,-63.8563,-48.0,2004-05-13,2004-05-21
XT.ST327.,XT,ST327,,"EL2,EL1,ELZ",11.331,-63.838799,-32.0,2004-05-13,2004-05-21
XT.ST328.,XT,ST328,,"EL2,EL1,ELZ",11.2535,-63.821098,-33.0,2004-05-13,2004-05-21
XT.ST329.,XT,ST329,,"EL2,EL1,ELZ",11.1759,-63.8032,-24.0,2004-05-13,2004-05-21
XT.ST330.,XT,ST330,,"EL2,EL1,ELZ",11.0982,-63.785801,-18.0,2004-05-13,2004-05-21
XT.ST331.,XT,ST331,,"EL2,EL1,ELZ",11.0207,-63.768002,-20.0,2004-05-13,2004-05-21
XT.ST332.,XT,ST332,,"EL2,EL1,ELZ",10.9429,-63.750801,-22.0,2004-05-13,2004-05-21
XT.ST333.,XT,ST333,,"EL2,EL1,ELZ",10.8652,-63.733002,-31.0,2004-05-13,2004-05-21
XT.ST334.,XT,ST334,,"EL2,EL1,ELZ",10.788,-63.715698,-23.0,2004-05-13,2004-05-21
XT.ST335.,XT,ST335,,"EL2,EL1,ELZ",10.7095,-63.698299,-25.0,2004-05-13,2004-05-21
XT.ST401.,XT,ST401,,"EL2,EL1,ELZ",13.0023,-64.068298,-2970.0,2004-05-23,2004-05-31
XT.ST403.,XT,ST403,,"EL2,EL1,ELZ",12.8501,-63.8209,-2020.0,2004-05-23,2004-05-31
XT.ST405.,XT,ST405,,"EL2,EL1,ELZ",12.6981,-63.5741,-1000.0,2004-05-23,2004-05-31
XT.ST406.,XT,ST406,,"EL2,EL1,ELZ",12.6221,-63.451099,-1036.0,2004-05-23,2004-05-31
XT.ST407.,XT,ST407,,"EL2,EL1,ELZ",12.5459,-63.327702,-1551.0,2004-05-23,2004-05-31
XT.ST415.,XT,ST415,,"EL2,EL1,ELZ",11.9998,-62.450901,-1940.0,2004-05-24,2004-05-30
XT.ST416.,XT,ST416,,"EL2,EL1,ELZ",11.863,-62.231998,-1870.0,2004-05-24,2004-05-30
XT.ST417.,XT,ST417,,"EL2,EL1,ELZ",11.8118,-62.149899,-428.0,2004-05-24,2004-05-30
XT.ST418.,XT,ST418,,"EL2,EL1,ELZ",11.7604,-62.068401,-399.0,2004-05-23,2004-05-30
XT.ST419.,XT,ST419,,"EL2,EL1,ELZ",11.7085,-61.986099,-761.0,2004-05-24,2004-05-30
XT.ST420.,XT,ST420,,"EL2,EL1,ELZ",11.657,-61.9048,-705.0,2004-05-24,2004-05-30
XT.ST421.,XT,ST421,,"EL2,EL1,ELZ",11.5887,-61.795502,-578.0,2004-05-23,2004-05-30
XT.ST422.,XT,ST422,,"EL2,EL1,ELZ",11.5204,-61.686199,-253.0,2004-05-24,2004-05-30
XT.ST423.,XT,ST423,,"EL2,EL1,ELZ",11.4518,-61.577301,-177.0,2004-05-23,2004-05-30
XT.ST424.,XT,ST424,,"EL2,EL1,ELZ",11.383,-61.468601,-166.0,2004-05-23,2004-05-30
XT.ST425.,XT,ST425,,"EL2,EL1,ELZ",11.3141,-61.358799,-160.0,2004-05-24,2004-05-30
XT.ST426.,XT,ST426,,"EL2,EL1,ELZ",11.2453,-61.2505,-139.0,2004-05-24,2004-05-29
XT.ST427.,XT,ST427,,"EL2,EL1,ELZ",11.1763,-61.141701,-102.0,2004-05-24,2004-05-29
XT.ST428.,XT,ST428,,"EL2,EL1,ELZ",11.1074,-61.032902,-83.0,2004-05-24,2004-05-29
XT.ST429.,XT,ST429,,"EL2,EL1,ELZ",11.0384,-60.924301,-55.0,2004-05-24,2004-05-29
XT.ST430.,XT,ST430,,"EL2,EL1,ELZ",10.9695,-60.815701,-60.0,2004-05-24,2004-05-29
XT.ST431.,XT,ST431,,"EL2,EL1,ELZ",10.9002,-60.707001,-49.0,2004-05-24,2004-05-29
XT.ST432.,XT,ST432,,"EL2,EL1,ELZ",10.8315,-60.598598,-65.0,2004-05-24,2004-05-29
XT.ST433.,XT,ST433,,"EL2,EL1,ELZ",10.7625,-60.490002,-64.0,2004-05-24,2004-05-29
XT.ST434.,XT,ST434,,"EL2,EL1,ELZ",10.6933,-60.381599,-83.0,2004-05-24,2004-05-29
XT.ST435.,XT,ST435,,"EL2,EL1,ELZ",10.6241,-60.273102,-294.0,2004-05-24,2004-05-29
XT.ST436.,XT,ST436,,"EL2,EL1,ELZ",10.5548,-60.165001,-597.0,2004-05-25,2004-05-29
XU.111.,XU,111,,"HH1,HH2,HHZ",-63.306599,-60.193001,-590.0,2005-01-07,2005-01-13
XU.112.,XU,112,,"HH1,HH2,HHZ",-62.937801,-60.663101,-176.0,2005-01-07,2005-01-11
XU.113.,XU,113,,"HH1,HH2,HHZ",-62.9585,-60.638302,-198.0,2005-01-07,2005-01-11
XU.114.,XU,114,,"HH1,HH2,HHZ",-62.940201,-60.623001,-147.0,2005-01-08,2005-01-11
XU.201.,XU,201,,"HH1,HH2,HHZ",-62.869999,-60.747898,-183.0,2005-01-15,2005-02-22
XU.202.,XU,202,,"HH1,HH2,HHZ",-62.870998,-60.585098,-253.0,2005-01-16,2005-02-18
XU.203.,XU,203,,"HH1,HH2,HHZ",-62.9133,-60.464699,-408.0,2005-01-16,2005-02-18
XU.204.,XU,204,,"HH1,HH2,HHZ",-62.979401,-60.443401,-506.0,2005-01-16,2005-02-18
XU.206.,XU,206,,"HH1,HH2,HHZ",-63.043701,-60.688499,-112.0,2005-01-15,2005-02-20
XU.207.,XU,207,,"HH1,HH2,HHZ",-63.004601,-60.805302,-256.0,2005-01-15,2005-02-20
XU.208.,XU,208,,"HH1,HH2,HHZ",-62.9328,-60.828602,-125.0,2005-01-15,2005-02-19
XU.209.,XU,209,,"HH1,HH2,HHZ",-62.762501,-60.882198,-110.0,2005-01-15,2005-01-19
XU.211.,XU,211,,"HH1,HH2,HHZ",-63.1908,-60.338902,-686.0,2005-01-15,2005-01-18
XU.213.,XU,213,,"HH1,HH2,HHZ",-62.940201,-60.623001,-157.0,2005-01-16,2005-02-18
XU.301.,XU,301,,"HH1,HH2,HHZ",-62.937801,-60.663601,-170.0,2005-01-21,2005-02-17
XU.302.,XU,302,,"HH1,HH2,HHZ",-62.978199,-60.616001,-137.0,2005-01-21,2005-02-19
YB.CR101.,YB,CR101,,"EL2,EL1,ELZ",-29.9398,-15.062,-3649.0,2016-01-16,2016-01-17
YB.CR102.,YB,CR102,,"EL2,EL1,ELZ",-30.0296,-15.0541,-3712.0,2016-01-16,2016-01-17
YB.CR103.,YB,CR103,,"EL2,EL1,ELZ",-30.119101,-15.0462,-3365.0,2016-01-16,2016-01-17
YB.CR104.,YB,CR104,,"EL2,EL1,ELZ",-30.2089,-15.0388,-3102.0,2016-01-16,2016-01-17
YB.CR105.,YB,CR105,,"EL2,EL1,ELZ",-30.298401,-15.0314,-3051.0,2016-01-16,2016-01-17
YB.CR106.,YB,CR106,,"EL2,EL1,ELZ",-30.388201,-15.0239,-2934.0,2016-01-16,2016-01-17
YB.CR107.,YB,CR107,,"EL2,EL1,ELZ",-30.477699,-15.0159,-3085.0,2016-01-16,2016-01-17
YB.CR201.,YB,CR201,,"EL2,EL1,ELZ",-30.1308,-16.946301,-3543.0,2016-01-18,2016-01-20
YB.CR202.,YB,CR202,,"EL2,EL1,ELZ",-30.2206,-16.938601,-3723.0,2016-01-18,2016-01-20
YB.CR203.,YB,CR203,,"EL2,EL1,ELZ",-30.310101,-16.930799,-3596.0,2016-01-18,2016-01-21
YB.CR204.,YB,CR204,,"EL2,EL1,ELZ",-30.3995,-16.923201,-3719.0,2016-01-18,2016-01-19
YB.CR205.,YB,CR205,,"EL2,EL1,ELZ",-30.489401,-16.9154,-3678.0,2016-01-18,2016-01-19
YB.CR206.,YB,CR206,,"EL2,EL1,ELZ",-30.5791,-16.907801,-3733.0,2016-01-18,2016-01-19
YB.CR207.,YB,CR207,,"EL2,EL1,ELZ",-30.6688,-16.900101,-3666.0,2016-01-18,2016-01-19
YB.CR301.,YB,CR301,,"EL2,EL1,ELZ",-30.409901,-20.441299,-4129.0,2016-01-21,2016-01-22
YB.CR302.,YB,CR302,,"EL2,EL1,ELZ",-30.5,-20.4396,-4507.0,2016-01-21,2016-01-22
YB.CR303.,YB,CR303,,"EL2,EL1,ELZ",-30.59,-20.4368,-4232.0,2016-01-21,2016-01-22
YB.CR304.,YB,CR304,,"EL2,EL1,ELZ",-30.6798,-20.434401,-4198.0,2016-01-21,2016-01-22
YB.CR305.,YB,CR305,,"EL2,EL1,ELZ",-30.7696,-20.4326,-4204.0,2016-01-21,2016-01-22
YB.CR306.,YB,CR306,,"EL2,EL1,ELZ",-30.859699,-20.430099,-4281.0,2016-01-21,2016-01-22
YB.CR307.,YB,CR307,,"EL2,EL1,ELZ",-30.9498,-20.427601,-4306.0,2016-01-21,2016-01-22
YB.CR401.,YB,CR401,,"EL2,EL1,ELZ",-30.6259,-24.828501,-4828.0,2016-01-23,2016-01-24
YB.CR402.,YB,CR402,,"EL2,EL1,ELZ",-30.715799,-24.8267,-4829.0,2016-01-23,2016-01-24
YB.CR403.,YB,CR403,,"EL2,EL1,ELZ",-30.805599,-24.824499,-4481.0,2016-01-23,2016-01-24
YB.CR404.,YB,CR404,,"EL2,EL1,ELZ",-30.8957,-24.822599,-4328.0,2016-01-23,2016-01-24
YB.CR405.,YB,CR405,,"EL2,EL1,ELZ",-30.985701,-24.819901,-4445.0,2016-01-23,2016-01-24
YB.CR406.,YB,CR406,,"EL2,EL1,ELZ",-31.0753,-24.817499,-4453.0,2016-01-23,2016-01-24
YB.CR407.,YB,CR407,,"EL2,EL1,ELZ",-31.164499,-24.814699,-4466.0,2016-01-23,2016-01-24
YB.CR501.,YB,CR501,,"EL2,EL1,ELZ",-30.6723,-26.696501,-4974.0,2016-01-25,2016-01-26
YB.CR502.,YB,CR502,,"EL2,EL1,ELZ",-30.7619,-26.684099,-4931.0,2016-01-25,2016-01-26
YB.CR503.,YB,CR503,,"EL2,EL1,ELZ",-30.8519,-26.6919,-4948.0,2016-01-25,2016-01-26
YB.CR504.,YB,CR504,,"EL2,EL1,ELZ",-30.9417,-26.689699,-5012.0,2016-01-25,2016-01-26
YB.CR505.,YB,CR505,,"EL2,EL1,ELZ",-31.0317,-26.687599,-4956.0,2016-01-25,2016-01-26
YB.CR506.,YB,CR506,,"EL2,EL1,ELZ",-31.121599,-26.6852,-4781.0,2016-01-25,2016-01-26
YB.CR507.,YB,CR507,,"EL2,EL1,ELZ",-31.2115,-26.6831,-4917.0,2016-01-25,2016-01-26
YD.OBS05.,YD,OBS05,,"BHZ,BH2,BH1",38.968399,14.7487,-3245.0,2004-10-07,2005-08-25
YD.OBS09.,YD,OBS09,,"HHZ,HH2,BH2,BH1,BHZ,HH1",39.499901,17.4312,-1060.0,2004-10-07,2005-08-27
YD.OBS10.,YD,OBS10,,"HHZ,HH2,BH2,BH1,BHZ,HH1",39.655998,17.802401,-950.0,2004-11-19,2005-02-23
YD.OBS14.,YD,OBS14,,"HHZ,HH2,BH2,BH1,BHZ,HH1",39.169399,14.4694,-3233.0,2004-10-07,2005-02-14
YH.EBS1.,YH,EBS1,,"EHZ,EH2,EH1",-38.745899,178.678894,-995.0,2014-05-13,2015-06-20
YH.EBS2.,YH,EBS2,,"EHZ,EH2,EH1",-38.7771,178.583496,-930.0,2014-05-11,2015-06-20
YH.EBS3.,YH,EBS3,,"EHZ,EH2,EH1",-38.694599,178.650604,-1023.0,2014-05-11,2015-06-21
YH.EBS4.,YH,EBS4,,"EHZ,EH2,EH1",-38.688801,178.819901,-1712.0,2014-05-13,2015-06-21
YH.EBS5.,YH,EBS5,,"EHZ,EH2,EH1",-38.9944,178.325699,-1348.0,2014-05-11,2015-06-25
YH.LOB10.,YH,LOB10,,"HH1,HH2,HHZ",-39.133301,178.313202,-1444.0,2014-05-11,2015-06-22
YH.LOBS1.,YH,LOBS1,,"HH1,HH2,HHZ",-38.592098,178.818695,-993.6,2014-05-14,2015-06-22
YH.LOBS2.,YH,LOBS2,,"HH1,HH2,HHZ",-38.620998,179.046097,-3562.5,2014-05-15,2015-06-22
YH.LOBS3.,YH,LOBS3,,"HH1,HH2,HHZ",-38.792198,179.147293,-3540.3,2014-05-15,2015-06-23
YH.LOBS4.,YH,LOBS4,,"HH1,HH2,HHZ",-39.120098,178.981506,-3440.5,2014-05-15,2015-06-22
YH.LOBS5.,YH,LOBS5,,"HH1,HH2,HHZ",-39.119301,178.698395,-2361.0,2014-05-15,2015-06-23
YH.LOBS6.,YH,LOBS6,,"HH1,HH2,HHZ",-38.977798,178.796005,-1873.5,2014-05-14,2015-06-26
YH.LOBS7.,YH,LOBS7,,"HH1,HH2,HHZ",-38.711498,178.5681,-784.1,2014-05-15,2015-06-25
YH.LOBS8.,YH,LOBS8,,"HH1,HH2,HHZ",-38.843201,178.459396,-651.3,2014-05-13,2015-06-26
YH.LOBS9.,YH,LOBS9,,"HH1,HH2,HHZ",-39.071602,178.521393,-1457.4,2014-05-11,2015-06-23
YI.12S01.,YI,12S01,,"EL2,EL1,ELZ",55.10332,-135.75949,-2263.0,2021-07-28,2021-08-03
YI.12S02.,YI,12S02,,"EL2,EL1,ELZ",55.15589,-135.63181,-2084.0,2021-07-28,2021-08-03
YI.12S03.,YI,12S03,,"EL2,EL1,ELZ",55.20815,-135.50342,-2021.0,2021-07-28,2021-08-03
YI.12S04.,YI,12S04,,"EL2,EL1,ELZ",55.26036,-135.37511,-2105.0,2021-07-28,2021-08-04
YI.12S05.,YI,12S05,,"EL2,EL1,ELZ",55.31258,-135.24642,-2723.0,2021-07-28,2021-08-03
YI.12S06.,YI,12S06,,"EL2,EL1,ELZ",55.364601,-135.11717,-1332.0,2021-07-28,2021-08-03
YI.12S07.,YI,12S07,,"EL2,EL1,ELZ",55.39057,-135.05221,-1336.0,2021-07-28,2021-08-04
YI.12S08.,YI,12S08,,"EL2,EL1,ELZ",55.41637,-134.9877,-683.0,2021-07-28,2021-08-03
YI.12S09.,YI,12S09,,"EL2,EL1,ELZ",55.44244,-134.92266,-413.0,2021-07-28,2021-08-03
YI.12S10.,YI,12S10,,"EL2,EL1,ELZ",55.46779,-134.85811,-301.0,2021-07-28,2021-08-04
YI.12S11.,YI,12S11,,"EL2,EL1,ELZ",55.493857,-134.79301,-299.0,2021-07-28,2021-08-03
YI.12S12.,YI,12S12,,"EL2,EL1,ELZ",55.519505,-134.72801,-303.0,2021-07-28,2021-08-03
YI.12S13.,YI,12S13,,"EL2,EL1,ELZ",55.571208,-134.59823,-282.0,2021-07-28,2021-08-04
YI.12S14.,YI,12S14,,"EL2,EL1,ELZ",55.62193,-134.46736,-227.0,2021-07-28,2021-08-03
YI.12S15.,YI,12S15,,"EL2,EL1,ELZ",55.67307,-134.33627,-208.0,2021-07-28,2021-08-03
YI.12S16.,YI,12S16,,"EL2,EL1,ELZ",55.724,-134.2058,-156.0,2021-07-28,2021-08-03
YI.1AS03.,YI,1AS03,,"EL2,EL1,ELZ",53.91332,-133.79831,-1167.0,2021-07-22,2021-08-01
YI.1AS04.,YI,1AS04,,"EL2,EL1,ELZ",54.01076,-133.87854,-1188.0,2021-07-22,2021-08-01
YI.1AS05.,YI,1AS05,,"EL2,EL1,ELZ",54.10755,-133.95823,-1580.0,2021-07-22,2021-08-02
YI.1AS06.,YI,1AS06,,"EL2,EL1,ELZ",54.204725,-134.03881,-1252.0,2021-07-22,2021-08-01
YI.1AS07.,YI,1AS07,,"EL2,EL1,ELZ",54.30219,-134.1192,-1314.0,2021-07-23,2021-08-01
YI.1AS08.,YI,1AS08,,"EL2,EL1,ELZ",54.39876,-134.20186,-1580.0,2021-07-23,2021-08-02
YI.1AS09.,YI,1AS09,,"EL2,EL1,ELZ",54.49514,-134.28353,-1823.0,2021-07-27,2021-07-31
YI.1AS10.,YI,1AS10,,"EL2,EL1,ELZ",54.5925,-134.36559,-2115.0,2021-07-27,2021-07-31
YI.1AS11.,YI,1AS11,,"EL2,EL1,ELZ",54.68915,-134.44787,-2254.0,2021-07-27,2021-08-01
YI.1AS12.,YI,1AS12,,"EL2,EL1,ELZ",54.75005,-134.50013,-2168.0,2021-07-27,2021-07-31
YI.1AS13.,YI,1AS13,,"EL2,EL1,ELZ",54.89944,-134.62875,-1945.0,2021-07-27,2021-07-31
YI.1AS14.,YI,1AS14,,"EL2,EL1,ELZ",54.97911,-134.69775,-1903.0,2021-07-27,2021-08-01
YI.1AS15.,YI,1AS15,,"EL2,EL1,ELZ",55.07571,-134.78178,-2066.0,2021-07-27,2021-07-31
YI.1AS16.,YI,1AS16,,"EL2,EL1,ELZ",55.17238,-134.86631,-1502.0,2021-07-27,2021-07-31
YI.1AS17.,YI,1AS17,,"EL2,EL1,ELZ",55.26865,-134.95125,-1669.0,2021-07-27,2021-08-03
YI.1AS18.,YI,1AS18,,"EL2,EL1,ELZ",55.36504,-135.03668,-1437.0,2021-07-27,2021-08-02
YI.1AS19.,YI,1AS19,,"EL2,EL1,ELZ",55.461298,-135.12277,-955.0,2021-07-27,2021-08-02
YI.1AS20.,YI,1AS20,,"EL2,EL1,ELZ",55.55737,-135.20902,-1465.0,2021-07-27,2021-08-03
YI.1AS21.,YI,1AS21,,"EL2,EL1,ELZ",55.65351,-135.29534,-795.0,2021-07-27,2021-08-02
YI.1AS22.,YI,1AS22,,"EL2,EL1,ELZ",55.749735,-135.38254,-733.0,2021-07-27,2021-08-02
YI.1AS23.,YI,1AS23,,"EL2,EL1,ELZ",55.84562,-135.4699,-1229.0,2021-07-27,2021-08-03
YI.1AS24.,YI,1AS24,,"EL2,EL1,ELZ",55.9427,-135.5574,-928.0,2021-07-27,2021-08-02
YI.1AS25.,YI,1AS25,,"EL2,EL1,ELZ",56.037517,-135.64616,-1067.0,2021-07-27,2021-08-02
YI.1AS26.,YI,1AS26,,"EL2,EL1,ELZ",56.13342,-135.73487,-1349.0,2021-07-25,2021-08-03
YI.1AS27.,YI,1AS27,,"EL2,EL1,ELZ",56.22945,-135.82404,-1590.0,2021-07-27,2021-08-02
YI.1BS01.,YI,1BS01,,"EL2,EL1,ELZ",52.45609,-132.1885,-1855.0,2021-07-19,2021-07-26
YI.1BS02.,YI,1BS02,,"EL2,EL1,ELZ",52.5456,-132.28721,-1876.0,2021-07-19,2021-07-26
YI.1BS03.,YI,1BS03,,"EL2,EL1,ELZ",52.5625,-132.3088,-1841.0,2021-07-19,2021-07-26
YI.1BS04.,YI,1BS04,,"EL2,EL1,ELZ",52.7247,-132.4856,-1439.2,2021-07-19,2021-07-27
YI.1BS05.,YI,1BS05,,"EL2,EL1,ELZ",52.8135,-132.5862,-1046.0,2021-07-19,2021-07-26
YI.1BS06.,YI,1BS06,,"EL2,EL1,ELZ",52.9034,-132.6854,-1187.0,2021-07-19,2021-07-22
YI.1BS07.,YI,1BS07,,"EL2,EL1,ELZ",52.9924,-132.7872,-1206.6,2021-07-19,2021-07-23
YI.1BS08.,YI,1BS08,,"EL2,EL1,ELZ",53.08166,-132.88877,-1160.0,2021-07-19,2021-07-22
YI.1BS09.,YI,1BS09,,"EL2,EL1,ELZ",53.17054,-132.99048,-798.0,2021-07-19,2021-07-22
YI.1BS10.,YI,1BS10,,"EL2,EL1,ELZ",53.2593,-133.0926,-717.7,2021-07-19,2021-07-23
YI.1BS11.,YI,1BS11,,"EL2,EL1,ELZ",53.3481,-133.19553,-914.0,2021-07-19,2021-07-22
YI.1BS12.,YI,1BS12,,"EL2,EL1,ELZ",53.43697,-133.29829,-1657.0,2021-07-20,2021-07-22
YI.1BS13.,YI,1BS13,,"EL2,EL1,ELZ",53.5255,-133.4018,-1838.0,2021-07-20,2021-07-23
YI.1BS14.,YI,1BS14,,"EL2,EL1,ELZ",53.61399,-133.50603,-1988.0,2021-07-20,2021-07-22
YI.1BS15.,YI,1BS15,,"EL2,EL1,ELZ",53.71076,-133.62545,-2107.0,2021-07-20,2021-08-01
YI.1BS16.,YI,1BS16,,"EL2,EL1,ELZ",53.80345,-133.717,-1035.8,2021-07-20,2021-08-02
YI.2S01.,YI,2S01,,"EL2,EL1,ELZ",53.5928,-133.19121,-702.0,2021-08-01,2021-08-07
YI.2S02.,YI,2S02,,"EL2,EL1,ELZ",53.69006,-133.26993,-426.0,2021-08-01,2021-08-08
YI.2S03.,YI,2S03,,"EL2,EL1,ELZ",53.78734,-133.34932,-237.0,2021-08-01,2021-08-07
YI.2S04.,YI,2S04,,"EL2,EL1,ELZ",53.8843,-133.4289,-180.0,2021-08-01,2021-08-07
YI.2S05.,YI,2S05,,"EL2,EL1,ELZ",53.9811,-133.5088,-205.0,2021-08-01,2021-08-07
YI.2S06.,YI,2S06,,"EL2,EL1,ELZ",54.07849,-133.58874,-363.0,2021-08-01,2021-08-08
YI.2S07.,YI,2S07,,"EL2,EL1,ELZ",54.17567,-133.66934,-280.0,2021-08-01,2021-08-07
YI.2S08.,YI,2S08,,"EL2,EL1,ELZ",54.27277,-133.75061,-245.0,2021-08-01,2021-08-07
YI.2S09.,YI,2S09,,"EL2,EL1,ELZ",54.369701,-133.83182,-360.0,2021-08-01,2021-08-07
YI.2S10.,YI,2S10,,"EL2,EL1,ELZ",54.46644,-133.91359,-358.0,2021-08-01,2021-08-08
YI.2S11.,YI,2S11,,"EL2,EL1,ELZ",54.56326,-133.99536,-217.0,2021-08-01,2021-08-06
YI.2S12.,YI,2S12,,"EL2,EL1,ELZ",54.66001,-134.07811,-228.0,2021-08-01,2021-08-06
YI.2S13.,YI,2S13,,"EL2,EL1,ELZ",54.75674,-134.1609,-235.0,2021-08-01,2021-08-06
YI.2S14.,YI,2S14,,"EL2,EL1,ELZ",54.85319,-134.24463,-234.0,2021-08-01,2021-08-07
YI.2S15.,YI,2S15,,"EL2,EL1,ELZ",54.94966,-134.32801,-267.0,2021-08-01,2021-08-06
YI.2S16.,YI,2S16,,"EL2,EL1,ELZ",55.046105,-134.4127,-634.0,2021-08-02,2021-08-06
YI.2S17.,YI,2S17,,"EL2,EL1,ELZ",55.14272,-134.49667,-810.0,2021-08-02,2021-08-06
YI.2S18.,YI,2S18,,"EL2,EL1,ELZ",55.23933,-134.5818,-349.0,2021-08-02,2021-08-07
YI.2S19.,YI,2S19,,"EL2,EL1,ELZ",55.33562,-134.6673,-253.0,2021-07-28,2021-08-06
YI.2S20.,YI,2S20,,"EL2,EL1,ELZ",55.43205,-134.75352,-215.0,2021-07-28,2021-08-06
YI.2S21.,YI,2S21,,"EL2,EL1,ELZ",55.52829,-134.83959,-295.0,2021-07-27,2021-08-06
YI.2S22.,YI,2S22,,"EL2,EL1,ELZ",55.62442,-134.92575,-219.0,2021-07-27,2021-08-07
YI.2S23.,YI,2S23,,"EL2,EL1,ELZ",55.72041,-135.01281,-198.0,2021-07-27,2021-08-06
YI.2S24.,YI,2S24,,"EL2,EL1,ELZ",55.81652,-135.10048,-191.0,2021-07-27,2021-08-06
YI.2S25.,YI,2S25,,"EL2,EL1,ELZ",55.91235,-135.18829,-189.0,2021-07-27,2021-08-06
YI.2S26.,YI,2S26,,"EL2,EL1,ELZ",56.00851,-135.27646,-351.0,2021-07-25,2021-08-07
YI.2S27.,YI,2S27,,"EL2,EL1,ELZ",56.10469,-135.36529,-312.0,2021-07-27,2021-08-06
YI.2S28.,YI,2S28,,"EL2,EL1,ELZ",56.20022,-135.45502,-229.0,2021-07-27,2021-08-06
YI.2S29.,YI,2S29,,"EL2,EL1,ELZ",56.29332,-135.54249,-218.0,2021-07-27,2021-08-06
YI.3S01.,YI,3S01,,"EL2,EL1,ELZ",52.35865,-133.07017,-2754.0,2021-07-21,2021-07-25
YI.3S02.,YI,3S02,,"EL2,EL1,ELZ",52.39146,-132.99277,-2803.0,2021-07-21,2021-07-25
YI.3S03.,YI,3S03,,"EL2,EL1,ELZ",52.42396,-132.9149,-2860.0,2021-07-21,2021-07-26
YI.3S04.,YI,3S04,,"EL2,EL1,ELZ",52.4565,-132.83726,-2907.0,2021-07-21,2021-07-25
YI.3S05.,YI,3S05,,"EL2,EL1,ELZ",52.4891,-132.75847,-2915.0,2021-07-22,2021-07-25
YI.3S06.,YI,3S06,,"EL2,EL1,ELZ",52.52136,-132.68044,-2929.0,2021-07-22,2021-07-26
YI.3S07.,YI,3S07,,"EL2,EL1,ELZ",52.55372,-132.60227,-2930.0,2021-07-22,2021-07-25
YI.3S08.,YI,3S08,,"EL2,EL1,ELZ",52.58596,-132.52355,-2515.0,2021-07-22,2021-07-25
YI.3S09.,YI,3S09,,"EL2,EL1,ELZ",52.61824,-132.44512,-1729.0,2021-07-22,2021-07-26
YI.3S10.,YI,3S10,,"EL2,EL1,ELZ",52.65045,-132.36625,-1453.0,2021-07-22,2021-07-25
YI.3S11.,YI,3S11,,"EL2,EL1,ELZ",52.68239,-132.28766,-1553.0,2021-07-22,2021-07-25
YI.3S12.,YI,3S12,,"EL2,EL1,ELZ",52.71262,-132.21429,-1593.0,2021-07-22,2021-07-26
YI.8S01.,YI,8S01,,"EL2,EL1,ELZ",54.00483,-134.54498,-2813.0,2021-07-20,2021-07-24
YI.8S02.,YI,8S02,,"EL2,EL1,ELZ",54.04136,-134.40581,-2782.0,2021-07-20,2021-07-24
YI.8S03.,YI,8S03,,"EL2,EL1,ELZ",54.07713,-134.26634,-2744.0,2021-07-20,2021-07-24
YI.8S04.,YI,8S04,,"EL2,EL1,ELZ",54.11324,-134.12562,-2136.0,2021-07-20,2021-07-25
YI.8S05.,YI,8S05,,"EL2,EL1,ELZ",54.1493,-133.9846,-1354.0,2021-07-20,2021-07-24
YI.8S06.,YI,8S06,,"EL2,EL1,ELZ",54.16719,-133.91283,-1138.0,2021-07-20,2021-07-24
YI.8S07.,YI,8S07,,"EL2,EL1,ELZ",54.1849,-133.84248,-760.0,2021-07-20,2021-07-24
YI.8S08.,YI,8S08,,"EL2,EL1,ELZ",54.2025,-133.77214,-286.8,2021-07-20,2021-07-25
YI.8S09.,YI,8S09,,"EL2,EL1,ELZ",54.22023,-133.70142,-264.0,2021-07-20,2021-07-24
YI.8S10.,YI,8S10,,"EL2,EL1,ELZ",54.23798,-133.63077,-311.0,2021-07-20,2021-07-24
YI.8S11.,YI,8S11,,"EL2,EL1,ELZ",54.25573,-133.56071,-316.0,2021-07-20,2021-07-24
YI.8S12.,YI,8S12,,"EL2,EL1,ELZ",54.29135,-133.4184,-425.0,2021-07-20,2021-07-25
YI.8S13.,YI,8S13,,"EL2,EL1,ELZ",54.32675,-133.27687,-444.0,2021-07-20,2021-07-24
YI.8S14.,YI,8S14,,"EL2,EL1,ELZ",54.360965,-133.13377,-450.0,2021-07-20,2021-07-24
YI.8S15.,YI,8S15,,"EL2,EL1,ELZ",54.3965,-132.9898,-159.0,2021-07-20,2021-07-24
YI.8S16.,YI,8S16,,"EL2,EL1,ELZ",54.42991,-132.84877,-378.0,2021-07-20,2021-07-25
YI.8S17.,YI,8S17,,"EL2,EL1,ELZ",54.46403,-132.7056,-396.0,2021-07-20,2021-07-23
YI.8S18.,YI,8S18,,"EL2,EL1,ELZ",54.498115,-132.56249,-362.0,2021-07-20,2021-07-23
YI.8S19.,YI,8S19,,"EL2,EL1,ELZ",54.53223,-132.41944,-362.0,2021-07-20,2021-07-23
YI.8S20.,YI,8S20,,"EL2,EL1,ELZ",54.56616,-132.27557,-218.0,2021-07-20,2021-07-24
YI.8S21.,YI,8S21,,"EL2,EL1,ELZ",54.600128,-132.13212,-159.0,2021-07-20,2021-07-23
YI.8S22.,YI,8S22,,"EL2,EL1,ELZ",54.63387,-131.98781,-230.0,2021-07-20,2021-07-23
YI.8S23.,YI,8S23,,"EL2,EL1,ELZ",54.66683,-131.8437,-360.0,2021-07-20,2021-07-23
YI.8S24.,YI,8S24,,"EL2,EL1,ELZ",54.69979,-131.69942,-415.0,2021-07-20,2021-07-24
YI.8S25.,YI,8S25,,"EL2,EL1,ELZ",54.73281,-131.55482,-173.0,2021-07-20,2021-07-23
YI.D16.,YI,D16,,"EL2,EL1,ELZ",20.396299,-65.352203,-5531.0,2007-03-09,2007-09-05
YI.D18.,YI,D18,,"EL2,EL1,ELZ",19.4363,-65.371803,-5150.0,2007-03-09,2007-09-05
YI.D21.,YI,D21,,"EL2,EL1,ELZ",19.2362,-63.782799,-5008.0,2007-03-09,2007-09-06
YI.D29.,YI,D29,,"EL2,EL1,ELZ",20.237,-64.324402,-5300.0,2007-03-09,2007-09-05
YI.D35.,YI,D35,,"EL2,EL1,ELZ",20.112801,-63.517601,-5178.0,2007-03-09,2007-09-06
YI.QCB01.,YI,QCB01,,"HH1,HH2,HHZ",56.170532,-135.481313,-270.0,2021-08-28,2022-09-17
YI.QCB02.,YI,QCB02,,"HH1,HH2,HHZ",55.977393,-135.590397,-882.0,2021-08-28,2022-09-17
YI.QCB03.,YI,QCB03,,"HH1,HH2,HHZ",56.030347,-135.275692,-365.0,2021-08-28,2022-09-18
YI.QCB04.,YI,QCB04,,"HH1,HH2,HHZ",55.980497,-135.39896,-277.0,2021-08-28,2022-09-17
YI.QCB05.,YI,QCB05,,"HH1,HH2,HHZ",55.817685,-135.44411,-1098.0,2021-08-29,2022-09-19
YI.QCB06.,YI,QCB06,,"HH1,HH2,HHZ",55.823987,-135.265252,-805.0,2021-08-29,2022-04-23
YI.QCB08.,YI,QCB08,,"HH1,HH2,HHZ",55.699205,-135.52571,-2515.0,2021-08-29,2022-09-19
YI.QCB09.,YI,QCB09,,"HH1,HH2,HHZ",55.720193,-135.289973,-683.0,2021-08-29,2022-09-18
YI.QCB10.,YI,QCB10,,"HH1,HH2,HHZ",55.719913,-135.0405,-199.0,2021-08-29,2022-09-17
YI.QCB11.,YI,QCB11,,"HH1,HH2,HHZ",55.6112,-135.471805,-2447.0,2021-08-30,2022-09-19
YI.QCB12.,YI,QCB12,,"HH1,HH2,HHZ",55.60236,-135.248332,-1254.0,2021-08-30,2022-09-18
YI.QCB13.,YI,QCB13,,"HH1,HH2,HHZ",55.620352,-135.049318,-231.0,2021-08-29,2022-09-15
YI.QCB14.,YI,QCB14,,"HH1,HH2,HHZ",55.640382,-134.89986,-207.0,2021-08-29,2022-09-15
YI.QCB15.,YI,QCB15,,"HH1,HH2,HHZ",55.491158,-135.150265,-1170.0,2021-08-30,2022-09-18
YI.QCB16.,YI,QCB16,,"HH1,HH2,HHZ",55.529722,-134.97074,-291.0,2021-08-30,2022-09-16
YI.QCB17.,YI,QCB17,,"HH1,HH2,HHZ",55.580032,-134.80994,-254.0,2021-08-30,2022-09-17
YI.QCB18.,YI,QCB18,,"HH1,HH2,HHZ",55.388728,-135.059598,-1322.0,2021-08-30,2022-09-18
YI.QCB20.,YI,QCB20,,"HH1,HH2,HHZ",55.495892,-134.787668,-297.0,2021-08-31,2022-09-15
YI.QCB22.,YI,QCB22,,"HH1,HH2,HHZ",55.352548,-134.880752,-1179.0,2021-08-30,2022-09-18
YI.QCB23.,YI,QCB23,,"HH1,HH2,HHZ",55.430152,-134.689752,-203.0,2021-08-31,2022-09-16
YI.QCB24.,YI,QCB24,,"HH1,HH2,HHZ",55.227538,-134.91563,-2024.0,2021-08-30,2022-09-19
YI.QCB25.,YI,QCB25,,"HH1,HH2,HHZ",55.240613,-134.75176,-1526.0,2021-08-31,2022-09-18
YI.QCB26.,YI,QCB26,,"HH1,HH2,HHZ",55.352963,-134.658475,-208.0,2021-08-31,2022-09-16
YI.QCB27.,YI,QCB27,,"HH1,HH2,HHZ",55.265118,-134.580873,-219.0,2021-08-31,2022-09-14
YI.QCB28.,YI,QCB28,,"HH1,HH2,HHZ",55.127347,-134.660765,-1791.0,2021-08-31,2022-09-14
YL.A01.,YL,A01,,"BHZ,BH2,BH1",-21.533899,-175.623505,-1059.0,2009-11-22,2010-11-28
YL.A02W.,YL,A02W,,"HH1,HH2,HHZ",-21.4895,-175.789993,-2015.0,2009-11-21,2010-11-29
YL.A03.,YL,A03,,"BHZ,BH2,BH1",-21.4431,-175.896103,-1955.0,2009-11-22,2010-11-29
YL.A04W.,YL,A04W,,"HH1,HH2,HHZ",-21.3967,-176.033295,-2230.0,2009-11-14,2010-11-29
YL.A05.,YL,A05,,"BHZ,BH2,BH1",-21.3521,-176.171005,-2368.0,2009-11-23,2010-11-29
YL.A06W.,YL,A06W,,"HH1,HH2,HHZ",-21.303699,-176.321594,-2137.0,2009-11-22,2010-11-30
YL.A07.,YL,A07,,"BHZ,BH2,BH1",-21.2743,-176.394302,-2485.0,2009-11-23,2010-11-30
YL.A08W.,YL,A08W,,"HH1,HH2,HHZ",-21.2269,-176.530106,-2290.0,2009-11-22,2010-11-30
YL.A09.,YL,A09,,"BHZ,BH2,BH1",-21.1807,-176.668106,-2455.0,2009-11-23,2010-11-30
YL.A10W.,YL,A10W,,"HH1,HH2,HHZ",-21.126801,-176.806702,-1879.0,2009-11-22,2010-11-30
YL.A11.,YL,A11,,"BHZ,BH2,BH1",-21.041901,-177.029007,-1990.0,2009-11-24,2010-11-30
YL.A12W.,YL,A12W,,"HH1,HH2,HHZ",-20.980499,-177.255905,-2574.0,2009-11-23,2010-12-01
YL.A13.,YL,A13,,"BHZ,BH2,BH1",-20.885401,-177.525894,-2674.0,2009-11-24,2010-12-01
YL.A14W.,YL,A14W,,"HH1,HH2,HHZ",-20.6658,-178.155304,-884.0,2009-11-23,2010-12-01
YL.B01W.,YL,B01W,,"HH1,HH2,HHZ",-20.0483,-175.018005,-1723.0,2009-11-27,2010-11-27
YL.B02.,YL,B02,,"BHZ,BH2,BH1",-19.9965,-175.190598,-1495.0,2009-11-27,2010-11-29
YL.B03.,YL,B03,,"BHZ,BH2,BH1",-19.941401,-175.385498,-2015.0,2009-11-27,2010-11-27
YL.B04W.,YL,B04W,,"HH1,HH2,HHZ",-19.8918,-175.5345,-2197.0,2009-11-27,2010-11-27
YL.B05W.,YL,B05W,,"HH1,HH2,HHZ",-19.837799,-175.705093,-2349.0,2009-11-27,2010-11-27
YL.B06.,YL,B06,,"BHZ,BH2,BH1",-19.792,-175.8414,-2201.0,2009-11-28,2010-11-26
YL.B07W.,YL,B07W,,"HH1,HH2,HHZ",-19.7442,-175.979507,-2623.0,2009-11-27,2010-11-26
YL.B08.,YL,B08,,"BHZ,BH2,BH1",-19.7164,-176.065704,-2625.0,2009-11-28,2010-11-26
YL.B09W.,YL,B09W,,"HH1,HH2,HHZ",-19.6544,-176.195602,-2626.0,2009-11-27,2010-11-26
YL.B10.,YL,B10,,"BHZ,BH2,BH1",-19.6071,-176.333206,-2237.0,2009-11-29,2010-11-25
YL.B11W.,YL,B11W,,"HH1,HH2,HHZ",-19.5804,-176.480392,-2060.0,2009-11-29,2010-11-25
YL.B12.,YL,B12,,"BHZ,BH2,BH1",-19.5012,-176.701401,-2335.0,2009-11-29,2010-11-25
YL.B13.,YL,B13,,"BHZ,BH2,BH1",-19.2906,-177.268997,-2077.0,2009-11-30,2010-11-24
YL.B14W.,YL,B14W,,"HH1,HH2,HHZ",-19.0427,-177.987701,-2219.0,2009-11-27,2010-11-24
YL.C01W.,YL,C01W,,"HH1,HH2,HHZ",-20.5308,-175.220398,-1655.0,2009-11-26,2010-11-28
YL.C02.,YL,C02,,"BHZ,BH2,BH1",-20.408899,-175.643494,-2062.0,2009-11-27,2010-11-27
YL.C03W.,YL,C03W,,"HH1,HH2,HHZ",-20.941401,-175.716705,-2084.0,2009-11-25,2010-12-02
YL.C04.,YL,C04,,"BHZ,BH2,BH1",-20.183599,-175.9198,-2197.0,2009-11-25,2010-12-03
YL.C05W.,YL,C05W,,"HH1,HH2,HHZ",-20.6012,-175.951904,-2289.0,2009-11-25,2010-12-03
YL.C06.,YL,C06,,"BHZ,BH2,BH1",-20.947701,-176.054703,-2406.0,2009-11-26,2010-12-02
YL.C07W.,YL,C07W,,"HH1,HH2,HHZ",-19.992201,-176.097397,-2648.0,2009-11-24,2010-12-03
YL.C08W.,YL,C08W,,"HH1,HH2,HHZ",-20.2521,-176.117096,-2785.0,2009-11-24,2010-12-03
YL.C09W.,YL,C09W,,"HH1,HH2,HHZ",-20.5511,-176.149796,-2537.0,2009-11-24,2010-12-03
YL.C10W.,YL,C10W,,"HH1,HH2,HHZ",-20.771099,-176.194794,-2162.0,2009-11-25,2010-12-02
YL.C11W.,YL,C11W,,"HH1,HH2,HHZ",-21.030899,-176.255005,-2214.0,2009-11-25,2010-12-02
YL.C12.,YL,C12,,"BHZ,BH2,BH1",-20.058201,-176.2854,-2587.0,2009-11-25,2010-12-03
YL.C13.,YL,C13,,"BHZ,BH2,BH1",-20.4536,-176.358093,-2280.0,2009-11-26,2010-12-03
YL.C15.,YL,C15,,"BHZ,BH2,BH1",-20.048,-176.715195,-2512.0,2009-11-25,2010-12-01
YL.C16W.,YL,C16W,,"HH1,HH2,HHZ",-20.5704,-176.828903,-2213.0,2009-11-24,2010-12-01
YL.C17W.,YL,C17W,,"HH1,HH2,HHZ",-20.1308,-177.259796,-2822.0,2009-11-23,2010-12-01
YL.F01.,YL,F01,,"BHZ,BH2,BH1",-20.795,-173.913193,-3852.0,2009-11-21,2010-11-24
YL.F02W.,YL,F02W,,"HH1,HH2,HHZ",-21.349199,-174.438797,-2602.0,2009-11-20,2010-11-28
YL.LBA01.,YL,LBA01,,"EL2,EL1,ELZ",-20.970699,-176.051697,-2406.0,2009-01-22,2009-02-11
YL.LBA02.,YL,LBA02,,"EL2,EL1,ELZ",-20.896799,-176.035995,-2416.0,2009-01-22,2009-02-11
YL.LBA03.,YL,LBA03,,"EL2,EL1,ELZ",-20.823,-176.019897,-2334.0,2009-01-22,2009-02-11
YL.LBA04.,YL,LBA04,,"EL2,EL1,ELZ",-20.7523,-175.985901,-2200.0,2009-01-22,2009-02-11
YL.LBA17.,YL,LBA17,,"EL2,EL1,ELZ",-20.697399,-176.071106,-2300.0,2009-01-23,2009-02-25
YL.LBA18.,YL,LBA18,,"EL2,EL1,ELZ",-20.7227,-176.139999,-2330.0,2009-01-23,2009-02-10
YL.LBA19.,YL,LBA19,,"EL2,EL1,ELZ",-20.770399,-176.089905,-2304.0,2009-01-23,2009-02-10
YL.LBA20.,YL,LBA20,,"EL2,EL1,ELZ",-20.791901,-176.155594,-2217.0,2009-01-23,2009-02-11
YL.LBA21.,YL,LBA21,,"EL2,EL1,ELZ",-20.8456,-176.102493,-2389.0,2009-01-23,2009-02-11
YL.LBA22.,YL,LBA22,,"EL2,EL1,ELZ",-20.8701,-176.177094,-2099.0,2009-01-23,2009-02-11
YL.LBA25.,YL,LBA25,,"EL2,EL1,ELZ",-20.899599,-176.222794,-2247.0,2009-01-23,2009-02-10
YL.LBA26.,YL,LBA26,,"EL2,EL1,ELZ",-20.927299,-176.280106,-2422.0,2009-01-23,2009-02-10
YL.LBA27.,YL,LBA27,,"EL2,EL1,ELZ",-20.8533,-176.263504,-2483.0,2009-01-23,2009-02-10
YL.LBA28.,YL,LBA28,,"EL2,EL1,ELZ",-20.8258,-176.205994,-2143.0,2009-01-23,2009-02-10
YL.LBA29.,YL,LBA29,,"EL2,EL1,ELZ",-20.7798,-176.244904,-2359.0,2009-01-23,2009-02-10
YL.LBA30.,YL,LBA30,,"EL2,EL1,ELZ",-20.752199,-176.187805,-2129.0,2009-01-23,2009-02-10
YL.LBA46.,YL,LBA46,,"EL2,EL1,ELZ",-20.51,-176.245895,-2375.0,2009-01-24,2009-02-26
YL.LBA47.,YL,LBA47,,"EL2,EL1,ELZ",-20.583599,-176.261902,-2273.0,2009-01-24,2009-02-26
YL.LBA48.,YL,LBA48,,"EL2,EL1,ELZ",-20.658001,-176.278107,-2367.0,2009-01-24,2009-03-02
YL.LBA49.,YL,LBA49,,"EL2,EL1,ELZ",-20.7325,-176.294006,-2365.0,2009-01-24,2009-02-10
YL.LBA50.,YL,LBA50,,"EL2,EL1,ELZ",-20.8064,-176.309906,-2432.0,2009-01-24,2009-02-10
YL.LBA60.,YL,LBA60,,"EL2,EL1,ELZ",-20.306999,-176.297806,-2298.0,2009-02-09,2009-02-25
YL.LBA61.,YL,LBA61,,"EL2,EL1,ELZ",-20.2309,-176.292999,-2390.0,2009-02-09,2009-02-25
YL.LBA62.,YL,LBA62,,"EL2,EL1,ELZ",-20.163099,-176.278397,-2607.0,2009-02-09,2009-02-25
YL.LBA63.,YL,LBA63,,"EL2,EL1,ELZ",-20.082399,-176.260895,-2623.0,2009-02-09,2009-02-25
YL.LBA64.,YL,LBA64,,"EL2,EL1,ELZ",-20.134501,-176.193298,-2466.0,2009-02-09,2009-02-25
YL.LBA65.,YL,LBA65,,"EL2,EL1,ELZ",-20.2082,-176.209106,-2489.0,2009-02-09,2009-02-27
YL.LBA74.,YL,LBA74,,"EL2,EL1,ELZ",-20.1243,-176.035797,-2504.0,2009-02-09,2009-02-26
YL.LBA75.,YL,LBA75,,"EL2,EL1,ELZ",-20.174999,-175.981094,-2352.0,2009-02-10,2009-02-26
YL.LBA76.,YL,LBA76,,"EL2,EL1,ELZ",-20.200199,-176.048203,-2382.0,2009-02-09,2009-02-27
YL.LBA77.,YL,LBA77,,"EL2,EL1,ELZ",-20.2488,-175.997406,-2432.0,2009-02-10,2009-02-26
YL.LBA78.,YL,LBA78,,"EL2,EL1,ELZ",-20.273701,-176.069901,-2445.0,2009-02-10,2009-02-27
YL.LBA79.,YL,LBA79,,"EL2,EL1,ELZ",-20.348499,-176.083099,-2392.0,2009-02-10,2009-02-27
YL.LBA80.,YL,LBA80,,"EL2,EL1,ELZ",-20.3214,-176.018402,-2416.0,2009-02-10,2009-02-26
YL.LBA81.,YL,LBA81,,"EL2,EL1,ELZ",-20.373501,-175.951004,-2132.0,2009-02-10,2009-02-24
YL.LBA82.,YL,LBA82,,"EL2,EL1,ELZ",-20.292801,-175.944199,-2150.0,2009-02-10,2009-02-24
YL.LBA83.,YL,LBA83,,"EL2,EL1,ELZ",-20.2248,-175.919098,-2207.0,2009-02-10,2009-02-24
YL.LBA84.,YL,LBA84,,"EL2,EL1,ELZ",-20.152399,-175.903397,-2254.0,2009-02-10,2009-02-24
YL.N01W.,YL,N01W,,"HH1,HH2,HHZ",-19.0243,-175.485504,-2325.0,2009-11-27,2010-11-26
YL.N02W.,YL,N02W,,"HH1,HH2,HHZ",-18.749001,-176.403198,-2717.0,2009-11-28,2010-11-25
YL.N03W.,YL,N03W,,"HH1,HH2,HHZ",-18.4034,-177.034897,-2304.0,2009-11-28,2010-11-25
YL.S01W.,YL,S01W,,"HH1,HH2,HHZ",-21.951799,-176.039307,-1980.0,2009-11-22,2010-11-29
YL.S02W.,YL,S02W,,"HH1,HH2,HHZ",-21.799101,-176.897995,-2043.0,2009-11-23,2010-11-30
YY.OBS02.,YY,OBS02,,"HHZ,HH2,BH2,BH1,BHZ,HH1",16.899799,146.550095,-3492.0,2003-06-21,2003-07-31
YY.OBS06.,YY,OBS06,,"BHZ,BH2,BH1",16.083401,145.165695,-3608.0,2003-06-23,2003-07-31
YY.OBS07.,YY,OBS07,,"HHZ,HH2,BH2,BH1,BHZ,HH1",16.4604,147.251907,-3224.0,2003-06-19,2003-07-30
YY.OBS08.,YY,OBS08,,"HHZ,HH2,BH2,BH1,BHZ,HH1",16.520599,147.119095,-3541.0,2003-06-21,2004-05-12
YY.OBS09.,YY,OBS09,,"HHZ,HH2,BH2,BH1,BHZ,HH1",16.600201,147.249893,-3334.0,2003-06-21,2004-05-11
YY.OBS10.,YY,OBS10,,"HHZ,HH2,BH2,BH1,BHZ,HH1",17.561399,143.196396,-2418.0,2003-06-23,2003-08-10
YY.OBS11.,YY,OBS11,,"HHZ,HH2,BH2,BH1,BHZ,HH1",17.6304,143.857605,-3889.0,2003-06-23,2003-08-10
YY.OBS12.,YY,OBS12,,"HH1,HH2,HHZ",17.678699,144.232193,-3948.0,2003-06-23,2003-06-29
YY.OBS14.,YY,OBS14,,"HHZ,HH2,BH2,BH1,BHZ,HH1",17.745001,144.780304,-3671.0,2003-06-23,2004-05-03
YY.OBS15.,YY,OBS15,,"HHZ,HH2,BH2,BH1,BHZ,HH1",17.7677,144.909393,-4152.0,2003-06-22,2003-08-01
YY.OBS17.,YY,OBS17,,"HHZ,HH2,BH2,BH1,BHZ,HH1",17.803301,145.248901,-3595.0,2003-06-22,2003-07-31
YY.OBS18.,YY,OBS18,,"HHZ,HH2,BH2,BH1,BHZ,HH1",17.8309,145.466705,-3244.0,2003-06-21,2003-07-31
YY.OBS19.,YY,OBS19,,"HHZ,HH2,BH2,BH1,BHZ,HH1",17.8577,145.716904,-2882.0,2003-06-22,2004-05-07
YY.OBS20.,YY,OBS20,,"HHZ,HH2,BH2,BH1,BHZ,HH1",17.884899,145.951004,-2702.0,2003-06-22,2003-07-31
YY.OBS21.,YY,OBS21,,"HHZ,HH2,BH2,BH1,BHZ,HH1",17.9114,146.185104,-2602.0,2003-06-21,2003-07-31
YY.OBS23.,YY,OBS23,,"HHZ,HH2,BH2,BH1,BHZ,HH1",17.9659,146.716293,-3491.0,2003-06-20,2004-04-30
YY.OBS25.,YY,OBS25,,"BHZ,BH2,BH1",18.0333,147.282501,-3723.0,2003-06-19,2003-07-31
YY.OBS26.,YY,OBS26,,"BHZ,BH2,BH1",18.162399,148.497894,-5923.0,2003-06-19,2003-07-01
YY.OBS27.,YY,OBS27,,"HHZ,HH2,BH2,BH1,BHZ,HH1",17.888,144.744293,-3883.0,2003-06-23,2003-07-27
YY.OBS28.,YY,OBS28,,"HHZ,HH2,BH2,BH1,BHZ,HH1",17.9158,144.841202,-4624.0,2003-06-23,2004-05-05
YY.OBS29.,YY,OBS29,,"HHZ,HH2,BH2,BH1,BHZ,HH1",17.922899,144.967194,-3740.0,2003-06-22,2003-08-01
YY.OBS31.,YY,OBS31,,"HHZ,HH2,BH2,BH1,BHZ,HH1",18.060499,144.783493,-4386.0,2003-06-23,2003-07-31
YY.OBS32.,YY,OBS32,,"HHZ,HH2,BH2,BH1,BHZ,HH1",18.0809,144.909805,-3565.0,2003-06-16,2004-05-05
YY.OBS33.,YY,OBS33,,"HHZ,HH2,BH2,BH1,BHZ,HH1",17.9072,144.199799,-3847.0,2003-06-12,2004-05-02
YY.OBS34.,YY,OBS34,,"HHZ,HH2,BH2,BH1,BHZ,HH1",17.940399,144.480896,-3880.0,2003-06-16,2003-07-30
YY.OBS36.,YY,OBS36,,"HHZ,HH2,BH2,BH1,BHZ,HH1",18.0529,145.431702,-3176.0,2003-06-19,2004-05-08
YY.OBS37.,YY,OBS37,,"HHZ,HH2,BH2,BH1,BHZ,HH1",18.134501,146.158203,-3034.0,2003-06-18,2003-07-31
YY.OBS38.,YY,OBS38,,"HHZ,HH2,BH2,BH1,BHZ,HH1",18.1297,144.172501,-4154.0,2003-06-16,2003-07-30
YY.OBS43.,YY,OBS43,,"HHZ,HH2,BH2,BH1,BHZ,HH1",18.276199,145.382401,-3338.0,2003-06-18,2003-07-31
YY.OBS44.,YY,OBS44,,"HHZ,HH2,BH2,BH1,BHZ,HH1",18.3027,145.619095,-2585.0,2003-06-18,2004-05-08
YY.OBS45.,YY,OBS45,,"HHZ,HH2,BH2,BH1,BHZ,HH1",18.3311,145.900208,-2669.0,2003-06-18,2003-07-31
YY.OBS47.,YY,OBS47,,"HHZ,HH2,BH2,BH1,BHZ,HH1",18.250099,145.769302,-1898.0,2003-06-18,2004-05-08
YY.OBS48.,YY,OBS48,,"HHZ,HH2,BH2,BH1,BHZ,HH1",18.1085,145.923004,-2247.0,2003-06-18,2004-05-09
YY.OBS49.,YY,OBS49,,"HHZ,HH2,BH2,BH1,BHZ,HH1",17.959499,145.798996,-2287.0,2003-06-22,2004-05-09
YY.OBS50.,YY,OBS50,,"HHZ,HH2,BH2,BH1,BHZ,HH1",18.0984,145.616104,-2339.0,2003-06-21,2003-07-31
YY.OBS51.,YY,OBS51,,"BHZ,BH2,BH1",18.349701,147.101303,-2757.0,2003-06-19,2003-07-31
YY.OBS52.,YY,OBS52,,"BHZ,BH2,BH1",19.450399,145.600098,-2475.0,2003-06-17,2003-07-31
YY.OBS53.,YY,OBS53,,"HHZ,HH2,BH2,BH1,BHZ,HH1",18.7006,143.699295,-3656.0,2003-06-16,2003-07-30
YY.OBS55.,YY,OBS55,,"BHZ,BH2,BH1",19.4498,146.849701,-4735.0,2003-06-18,2003-07-31
YY.OBS57.,YY,OBS57,,"BHZ,BH2,BH1",19.599899,143.400299,-4070.0,2003-06-16,2003-07-31
Z4.CP06.,Z4,CP06,,"BHZ,BH2,BH1",-34.5457,-73.192497,-3667.0,2012-05-05,2013-03-17
Z4.CP07.,Z4,CP07,,"BHZ,BH2,BH1",-34.588001,-73.067497,-2835.0,2012-05-06,2013-03-16
Z4.CP08.,Z4,CP08,,"BHZ,BH2,BH1",-34.7537,-73.009804,-2469.0,2012-05-06,2013-03-16
Z4.CP09.,Z4,CP09,,"BHZ,BH2,BH1",-34.673302,-73.254097,-3272.0,2012-05-06,2013-03-17
ZA.A02.,ZA,A02,,"EL2,EL1,ELZ",8.7872,-147.821793,-5115.0,2011-12-02,2011-12-24
ZA.A03.,ZA,A03,,"EL2,EL1,ELZ",8.8245,-147.643799,-5284.0,2011-12-02,2011-12-24
ZA.A04.,ZA,A04,,"EL2,EL1,ELZ",8.8614,-147.465805,-5264.0,2011-12-02,2011-12-23
ZA.A05.,ZA,A05,,"EL2,EL1,ELZ",8.899,-147.286697,-5299.0,2011-12-02,2011-12-23
ZA.A06.,ZA,A06,,"EL2,EL1,ELZ",8.9361,-147.110992,-5342.0,2011-12-02,2011-12-23
ZA.A07.,ZA,A07,,"EL2,EL1,ELZ",8.9729,-146.930893,-5226.0,2011-12-02,2011-12-23
ZA.A11.,ZA,A11,,"EL2,EL1,ELZ",9.1184,-146.218796,-5264.0,2011-12-01,2011-12-22
ZA.A12.,ZA,A12,,"EL2,EL1,ELZ",9.1546,-146.038895,-5054.0,2011-12-01,2011-12-22
ZA.A13.,ZA,A13,,"EL2,EL1,ELZ",9.1892,-145.865707,-5174.0,2011-12-01,2011-12-22
ZA.A14.,ZA,A14,,"EL2,EL1,ELZ",9.2272,-145.678802,-5171.0,2011-12-01,2011-12-22
ZA.A15.,ZA,A15,,"EL2,EL1,ELZ",9.2659,-145.503601,-5150.0,2011-12-01,2011-12-22
ZA.A19.,ZA,A19,,"EL2,EL1,ELZ",9.4069,-144.793594,-5143.0,2011-12-01,2011-12-19
ZA.A20.,ZA,A20,,"EL2,EL1,ELZ",9.4403,-144.620102,-5145.0,2011-12-01,2011-12-19
ZA.A21.,ZA,A21,,"EL2,EL1,ELZ",9.4761,-144.434998,-5282.0,2011-12-01,2011-12-19
ZA.A22.,ZA,A22,,"EL2,EL1,ELZ",9.5132,-144.253204,-5079.0,2011-12-01,2011-12-21
ZA.A23.,ZA,A23,,"EL2,EL1,ELZ",9.5485,-144.074005,-5300.0,2011-12-01,2011-12-21
ZA.A24.,ZA,A24,,"EL2,EL1,ELZ",9.5825,-143.901794,-5310.0,2011-12-01,2011-12-21
ZA.A25.,ZA,A25,,"EL2,EL1,ELZ",9.6177,-143.720398,-5104.6,2011-12-03,2012-01-22
ZA.A26.,ZA,A26,,"EL2,EL1,ELZ",9.6531,-143.542801,-5059.9,2011-12-03,2012-01-11
ZA.A27.,ZA,A27,,"EL2,EL1,ELZ",9.6903,-143.352707,-5163.8,2011-12-03,2012-01-30
ZA.A28.,ZA,A28,,"EL2,EL1,ELZ",9.7239,-143.179398,-5133.0,2011-11-30,2011-12-20
ZA.A29.,ZA,A29,,"EL2,EL1,ELZ",9.7587,-143.000793,-5061.0,2011-11-30,2011-12-20
ZA.A30.,ZA,A30,,"EL2,EL1,ELZ",9.794,-142.819702,-5118.0,2011-11-30,2011-12-20
ZA.A31.,ZA,A31,,"EL2,EL1,ELZ",9.8244,-142.662506,-5189.0,2011-11-30,2011-12-20
ZA.B01.,ZA,B01,,"BHZ,BH2,BH1",10.6729,-147.497299,-5331.5,2011-12-02,2012-12-27
ZA.B02.,ZA,B02,,"BHZ,BH2,BH1",11.0639,-145.714005,-5276.5,2011-12-01,2012-12-28
ZA.B04.,ZA,B04,,"BHZ,BH2,BH1",10.4593,-146.3694,-5111.5,2011-12-02,2012-12-27
ZA.B05.,ZA,B05,,"BHZ,BH2,BH1",10.7755,-144.848007,-5196.5,2011-12-01,2012-12-28
ZA.B06.,ZA,B06,,"BHZ,BH2,BH1",9.7074,-147.748093,-5253.5,2011-12-01,2012-12-26
ZA.B07.,ZA,B07,,"BHZ,BH2,BH1",10.6383,-143.286697,-5169.5,2011-12-03,2012-12-29
ZA.B08.,ZA,B08,,"BHZ,BH2,BH1",8.7507,-147.9991,-5198.5,2011-12-05,2012-12-25
ZA.B11.,ZA,B11,,"BHZ,BH2,BH1",9.1618,-146.003693,-4889.5,2011-12-04,2013-01-04
ZA.B13.,ZA,B13,,"BHZ,BH2,BH1",9.2538,-145.549103,-5174.5,2011-12-03,2012-12-10
ZA.B14.,ZA,B14,,"BHZ,BH2,BH1",9.2999,-145.323807,-5273.5,2011-12-03,2013-01-05
ZA.B15.,ZA,B15,,"BHZ,BH2,BH1",9.3471,-145.085693,-5274.5,2011-12-03,2013-01-06
ZA.B16.,ZA,B16,,"BHZ,BH2,BH1",9.3887,-144.881195,-5077.5,2011-12-03,2013-01-06
ZA.B17.,ZA,B17,,"BHZ,BH2,BH1",9.4333,-144.654907,-5137.5,2011-12-04,2013-01-07
ZA.B18.,ZA,B18,,"BHZ,BH2,BH1",9.4777,-144.431107,-5275.5,2011-12-04,2013-01-07
ZA.B19.,ZA,B19,,"BHZ,BH2,BH1",9.6522,-143.546707,-5058.5,2011-12-03,2013-01-05
ZA.B20.,ZA,B20,,"BHZ,BH2,BH1",9.8252,-142.660507,-5174.5,2011-12-02,2012-12-26
ZA.B21.,ZA,B21,,"BHZ,BH2,BH1",7.9484,-147.358002,-5166.5,2011-12-04,2013-01-02
ZA.B22.,ZA,B22,,"BHZ,BH2,BH1",7.8186,-145.798996,-5220.5,2011-12-05,2013-01-01
ZA.B23.,ZA,B23,,"BHZ,BH2,BH1",8.1362,-144.287903,-5115.5,2011-12-06,2012-12-31
ZA.B24.,ZA,B24,,"BHZ,BH2,BH1",8.8785,-142.911407,-5157.5,2011-12-07,2012-12-30
ZA.B25.,ZA,B25,,"BHZ,BH2,BH1",7.1643,-146.723206,-5109.5,2011-12-06,2013-01-02
ZA.B26.,ZA,B26,,"BHZ,BH2,BH1",7.5382,-144.945801,-5042.5,2011-12-05,2013-01-01
ZA.C01.,ZA,C01,,"EL2,EL1,ELZ",8.8547,-145.231598,-5245.0,2011-12-03,2011-12-18
ZA.C02.,ZA,C02,,"EL2,EL1,ELZ",8.4191,-145.134399,-5237.0,2011-12-03,2011-12-18
ZA.C03.,ZA,C03,,"EL2,EL1,ELZ",7.9735,-145.041504,-5028.0,2011-12-03,2011-12-18
ZD.D01.,ZD,D01,,"BHZ,BH2,BH1",-4.0091,-104.419296,-3269.0,2007-12-25,2009-01-18
ZD.D02.,ZD,D02,,"BHZ,BH2,BH1",-3.9313,-104.499298,-3020.0,2007-12-27,2009-01-19
ZD.D03.,ZD,D03,,"BHZ,BH2,BH1",-4.0416,-104.491798,-3031.0,2007-12-26,2009-01-21
ZD.D04.,ZD,D04,,"HH1,HH2,HHZ",-4.0596,-104.351501,-3124.0,2007-12-26,2009-01-18
ZD.D05.,ZD,D05,,"HH1,HH2,HHZ",-4.0906,-104.228203,-3088.0,2007-12-26,2009-01-21
ZD.D06.,ZD,D06,,"HH1,HH2,HHZ",-3.9304,-104.199097,-3241.0,2007-12-26,2009-01-20
ZD.D07.,ZD,D07,,"HH1,HH2,HHZ",-4.0059,-104.278099,-3238.0,2007-12-28,2009-01-20
ZD.D08.,ZD,D08,,"HH1,HH2,HHZ",-3.9513,-104.351303,-2681.0,2007-12-27,2009-01-19
ZD.G01.,ZD,G01,,"HH1,HH2,HHZ",-4.4516,-106.260498,-3209.0,2007-12-23,2009-01-25
ZD.G02.,ZD,G02,,"HH1,HH2,HHZ",-4.5465,-106.199203,-3050.0,2007-12-23,2009-01-26
ZD.G03.,ZD,G03,,"HH1,HH2,HHZ",-4.6161,-106.149803,-3187.0,2007-12-23,2009-01-24
ZD.G04.,ZD,G04,,"BHZ,BH2,BH1",-4.5553,-106.126602,-3170.0,2007-12-23,2009-01-25
ZD.G05.,ZD,G05,,"BHZ,BH2,BH1",-4.4907,-106.080101,-3558.0,2007-12-23,2009-01-25
ZD.G06.,ZD,G06,,"BHZ,BH2,BH1",-4.5694,-106.035896,-3601.0,2007-12-23,2009-01-24
ZD.G07.,ZD,G07,,"BHZ,BH2,BH1",-4.6591,-105.968498,-3195.0,2007-12-24,2009-01-24
ZD.G08.,ZD,G08,,"BHZ,BH2,BH1",-4.5962,-105.948097,-3358.0,2007-12-24,2009-01-24
ZD.G09.,ZD,G09,,"BHZ,BH2,BH1",-4.5022,-105.909698,-3258.0,2007-12-24,2009-01-23
ZD.G10.,ZD,G10,,"BHZ,BH2,BH1",-4.5932,-105.866898,-3395.0,2007-12-24,2009-01-23
ZD.G11.,ZD,G11,,"HH1,HH2,HHZ",-4.6205,-105.791702,-3238.0,2007-12-25,2008-07-17
ZD.G12.,ZD,G12,,"HH1,HH2,HHZ",-4.6778,-105.800003,-3192.0,2007-12-24,2009-01-22
ZD.G13.,ZD,G13,,"HH1,HH2,HHZ",-4.54,-105.706497,-3402.0,2007-12-25,2009-01-22
ZD.G14.,ZD,G14,,"HH1,HH2,HHZ",-4.6051,-105.7024,-3926.0,2007-12-24,2009-01-23
ZD.G15.,ZD,G15,,"HH1,HH2,HHZ",-4.6566,-105.600899,-3313.0,2007-12-25,2008-02-16
ZD.G16.,ZD,G16,,"HH1,HH2,HHZ",-4.7169,-105.584198,-2961.0,2007-12-25,2009-01-21
ZD.L1Q1.,ZD,L1Q1,,"EL2,EL1,ELZ",-3.3555,-102.793701,-3292.0,2008-04-28,2008-05-01
ZD.L1Q2.,ZD,L1Q2,,"EL2,EL1,ELZ",-3.4999,-102.823402,-3255.0,2008-04-28,2008-05-01
ZD.L1Q3.,ZD,L1Q3,,"EL2,EL1,ELZ",-3.6058,-102.845802,-3091.0,2008-04-28,2008-05-02
ZD.L1Q4.,ZD,L1Q4,,"EL2,EL1,ELZ",-3.7205,-102.870399,-3405.0,2008-04-28,2008-05-02
ZD.L1Q5.,ZD,L1Q5,,"EL2,EL1,ELZ",-3.7556,-102.877998,-4191.0,2008-04-28,2008-05-02
ZD.L1Q6.,ZD,L1Q6,,"EL2,EL1,ELZ",-3.8701,-102.902199,-2864.0,2008-04-28,2008-05-02
ZD.L1Q7.,ZD,L1Q7,,"EL2,EL1,ELZ",-3.9758,-102.924896,-3204.0,2008-04-28,2008-05-02
ZD.L1Q8.,ZD,L1Q8,,"EL2,EL1,ELZ",-4.1168,-102.954498,-3442.0,2008-04-28,2008-05-02
ZD.L2Q1.,ZD,L2Q1,,"EL2,EL1,ELZ",-4.9844,-106.0345,-3148.0,2008-05-01,2008-05-04
ZD.L2Q3.,ZD,L2Q3,,"EL2,EL1,ELZ",-4.7378,-105.982201,-3136.0,2008-05-01,2008-05-04
ZD.L2Q4.,ZD,L2Q4,,"EL2,EL1,ELZ",-4.6273,-105.958702,-3263.0,2008-05-03,2008-05-06
ZD.L2Q5.,ZD,L2Q5,,"EL2,EL1,ELZ",-4.5527,-105.942596,-3779.0,2008-05-01,2008-05-05
ZD.L2Q6.,ZD,L2Q6,,"EL2,EL1,ELZ",-4.5089,-105.932999,-3234.0,2008-05-01,2008-05-05
ZD.L2Q7.,ZD,L2Q7,,"EL2,EL1,ELZ",-4.4649,-105.923798,-3199.0,2008-05-01,2008-05-05
ZD.L2Q8.,ZD,L2Q8,,"EL2,EL1,ELZ",-4.3767,-105.9049,-3534.0,2008-05-01,2008-05-05
ZD.L2Q9.,ZD,L2Q9,,"EL2,EL1,ELZ",-4.2358,-105.874802,-3226.0,2008-05-01,2008-05-05
ZD.Q01.,ZD,Q01,,"EL2,EL1,ELZ",-3.7982,-103.749496,-3391.0,2007-12-30,2009-01-18
ZD.Q02.,ZD,Q02,,"EL2,EL1,ELZ",-3.6799,-103.700104,-3653.0,2007-12-30,2009-01-17
ZD.Q03.,ZD,Q03,,"EL2,EL1,ELZ",-3.7544,-103.670601,-3845.0,2007-12-30,2009-01-18
ZD.Q05.,ZD,Q05,,"EL2,EL1,ELZ",-3.6995,-103.517502,-3632.0,2007-12-30,2009-01-17
ZD.Q06.,ZD,Q06,,"HH1,HH2,HHZ",-3.8384,-103.549301,-2961.0,2007-12-30,2009-01-17
ZD.Q08.,ZD,Q08,,"HH1,HH2,HHZ",-3.6536,-103.019798,-3036.0,2007-12-31,2009-01-16
ZD.Q09.,ZD,Q09,,"HH1,HH2,HHZ",-3.6835,-102.855499,-3309.0,2007-12-31,2009-01-16
ZD.Q10.,ZD,Q10,,"HH1,HH2,HHZ",-3.7113,-102.714302,-3344.0,2007-12-31,2009-01-15
ZD.Q12.,ZD,Q12,,"EL2,EL1,ELZ",-3.7492,-102.7798,-3874.0,2008-01-03,2009-01-15
ZD.Q13.,ZD,Q13,,"EL2,EL1,ELZ",-3.7926,-102.890099,-3368.0,2008-01-01,2009-01-16
ZD.Q14.,ZD,Q14,,"EL2,EL1,ELZ",-3.7341,-102.850403,-3822.0,2008-01-01,2009-01-15
ZD.Q15.,ZD,Q15,,"EL2,EL1,ELZ",-3.7222,-102.9198,-3680.0,2008-01-01,2009-01-16
ZL.A12.,ZL,A12,,"EL2,EL1,ELZ",32.775398,158.610901,-2480.0,2010-07-27,2010-09-01
ZL.A13.,ZL,A13,,"EL2,EL1,ELZ",32.704498,158.771393,-2463.0,2010-07-27,2010-09-01
ZL.A14.,ZL,A14,,"EL2,EL1,ELZ",32.650398,158.894806,-2537.0,2010-07-27,2010-09-01
ZL.A15.,ZL,A15,,"EL2,EL1,ELZ",32.5457,159.131104,-3080.0,2010-07-27,2010-09-01
ZL.A16.,ZL,A16,,"EL2,EL1,ELZ",32.453499,159.338806,-3755.0,2010-07-27,2010-09-02
ZL.A17.,ZL,A17,,"EL2,EL1,ELZ",32.3568,159.555206,-4334.0,2010-07-27,2010-09-02
ZL.A18.,ZL,A18,,"EL2,EL1,ELZ",32.271999,159.743103,-4494.0,2010-07-27,2010-09-02
ZL.A19.,ZL,A19,,"EL2,EL1,ELZ",32.187599,159.930298,-4992.0,2010-07-27,2010-09-02
ZL.A20.,ZL,A20,,"EL2,EL1,ELZ",32.1022,160.117599,-5162.0,2010-07-27,2010-09-02
ZL.A21.,ZL,A21,,"EL2,EL1,ELZ",31.995399,160.351196,-5334.0,2010-07-27,2010-09-02
ZL.I01.,ZL,I01,,"BHZ,BH2,BH1",26.7139,-110.467201,-1331.0,2005-10-18,2006-10-09
ZL.I02.,ZL,I02,,"BHZ,BH2,BH1",25.684299,-110.099602,-2376.0,2005-10-18,2006-10-08
ZL.N03.,ZL,N03,,"BHZ,BH2,BH1",27.457899,-111.6129,-1791.0,2005-10-19,2006-10-10
ZL.N04.,ZL,N04,,"BHZ,BH2,BH1",27.365801,-111.458397,-2049.0,2005-10-19,2006-10-10
ZL.N06.,ZL,N06,,"BHZ,BH2,BH1",27.174299,-111.153603,-1785.0,2005-10-19,2006-10-10
ZL.S02.,ZL,S02,,"BHZ,BH2,BH1",23.7045,-108.612503,-2785.0,2005-10-17,2006-10-07
ZL.S03.,ZL,S03,,"BHZ,BH2,BH1",23.598101,-108.458603,-2703.0,2005-10-17,2006-10-07
ZL.S04.,ZL,S04,,"BHZ,BH2,BH1",23.4559,-108.250801,-2498.0,2005-10-16,2006-10-07
ZL.S05.,ZL,S05,,"BHZ,BH2,BH1",23.347799,-108.094299,-2564.0,2005-10-16,2006-10-07
ZM.D18.,ZM,D18,,"EL2,EL1,ELZ",30.1243,-42.080299,-1287.0,2005-06-05,2006-03-25
ZM.D21.,ZM,D21,,"EL2,EL1,ELZ",30.187901,-41.987301,-3987.0,2005-06-05,2006-03-25
ZM.D29.,ZM,D29,,"EL2,EL1,ELZ",30.0511,-42.125099,-3953.0,2005-06-05,2006-03-25
ZM.D41.,ZM,D41,,"EL2,EL1,ELZ",30.0923,-41.976601,-4422.0,2005-06-05,2006-03-25
ZM.D58.,ZM,D58,,"EL2,EL1,ELZ",30.191401,-42.115601,-1715.0,2005-06-05,2006-03-25
ZN.B.,ZN,B,,"BHZ,BH2,BH1",-9.7494,150.350494,-1205.0,2010-03-02,2011-01-27
ZN.D.,ZN,D,,"BHZ,BH2,BH1",-9.9434,150.707001,-1040.0,2010-03-02,2011-01-26
ZN.E.,ZN,E,,"BHZ,BH2,BH1",-10.0805,150.621307,-1400.0,2010-03-02,2011-01-26
ZN.F.,ZN,F,,"BHZ,BH2,BH1",-9.9505,150.200394,-1358.0,2010-03-02,2011-01-26
ZN.G.,ZN,G,,"BHZ,BH2,BH1",-9.3332,149.666794,-555.0,2010-03-03,2011-01-27
ZN.H.,ZN,H,,"BHZ,BH2,BH1",-8.9998,149.667694,-557.0,2010-03-03,2011-01-27
ZN.I.,ZN,I,,"BHZ,BH2,BH1",-9.4667,149.929504,-959.0,2010-03-03,2011-01-27
ZN.J.,ZN,J,,"BHZ,BH2,BH1",-8.8702,149.933502,-508.0,2010-03-03,2011-01-28
ZT.ALST0.,ZT,ALST0,,"BH2,BH1,SHN,BHZ,SHE",39.272598,-70.055199,-2645.0,2003-11-19,2004-01-19
ZV.OBS01.,ZV,OBS01,,"EL2,EL1,ELZ",59.368198,-153.263596,-46.8,2006-02-08,2006-03-26
ZV.OBS02.,ZV,OBS02,,"EL2,EL1,ELZ",59.468201,-153.401398,-25.2,2006-02-08,2006-03-26
ZV.OBS03.,ZV,OBS03,,"EL2,EL1,ELZ",59.424702,-153.565002,-27.0,2006-02-08,2006-03-27
ZV.OBS04.,ZV,OBS04,,"EL2,EL1,ELZ",59.273399,-153.546906,-32.4,2006-02-08,2006-03-27
ZV.OBS05.,ZV,OBS05,,"EL2,EL1,ELZ",59.229698,-153.395798,-48.6,2006-02-08,2006-03-26
ZX.BRA13.,ZX,BRA13,,"SL1,SL2,ELZ",-62.456,-58.5994,-1460.0,2019-01-10,2020-02-14
ZX.BRA14.,ZX,BRA14,,"SL1,SL2,ELZ",-62.4797,-58.5699,-1495.0,2019-01-10,2020-02-14
ZX.BRA15.,ZX,BRA15,,"SL1,SL2,ELZ",-62.4333,-58.5485,-1349.0,2019-01-10,2020-02-14
ZX.BRA16.,ZX,BRA16,,"SL1,SL2,ELZ",-62.455,-58.5089,-1335.0,2019-01-10,2020-02-17
ZX.BRA18.,ZX,BRA18,,"SL1,SL2,ELZ",-62.4222,-58.4942,-1254.0,2019-01-11,2020-02-14
ZX.BRA19.,ZX,BRA19,,"SL1,SL2,ELZ",-62.4392,-58.4603,-1103.0,2019-01-11,2020-02-17
ZX.BRA20.,ZX,BRA20,,"SL1,SL2,ELZ",-62.4685,-58.4549,-1374.0,2019-01-11,2020-02-17
ZX.BRA21.,ZX,BRA21,,"SL1,SL2,ELZ",-62.4275,-58.414,-1092.0,2019-01-11,2020-02-20
ZX.BRA22.,ZX,BRA22,,"SL1,SL2,ELZ",-62.4364,-58.3908,-1019.0,2019-01-11,2020-02-17
ZX.BRA23.,ZX,BRA23,,"SL1,SL2,ELZ",-62.4637,-58.3867,-1365.0,2019-01-11,2020-02-17
ZX.BRA24.,ZX,BRA24,,"SL1,SL2,ELZ",-62.3965,-58.4007,-1161.0,2019-01-16,2020-02-20
ZX.BRA25.,ZX,BRA25,,"SL1,SL2,ELZ",-62.4143,-58.39,-1326.0,2019-01-12,2020-02-20
ZX.BRA26.,ZX,BRA26,,"SL1,SL2,ELZ",-62.4213,-58.3379,-1431.0,2019-01-12,2020-02-20
ZX.BRA27.,ZX,BRA27,,"SL1,SL2,ELZ",-62.4436,-58.3313,-1467.0,2019-01-11,2020-02-17
ZZ.XABV.,ZZ,XABV,,"HH1,HH2,HHZ",19.341801,-64.1353,-5426.3,2015-05-14,2016-05-31
ZZ.XAGP.,ZZ,XAGP,,"HH1,HH2,HHZ",19.148899,-67.154503,-4752.9,2015-05-15,2016-06-01
ZZ.XMTP.,ZZ,XMTP,,"HH1,HH2,HHZ",19.461901,-65.3983,-5234.0,2015-05-14,2016-06-01
ZZ.XPCD.,ZZ,XPCD,,"HH1,HH2,HHZ",19.376301,-68.292297,-5288.7,2015-05-16,2016-06-02
ZZ.XSJN.,ZZ,XSJN,,"HH1,HH2,HHZ",18.9669,-66.213501,-3505.1,2015-05-15,2016-06-01
ZZ.XSTV.,ZZ,XSTV,,"HH1,HH2,HHZ",18.952299,-65.042503,-2544.4,2015-05-13,2016-05-31
2P.OBS01.,2P,OBS01,,"ED,EL",-1.3847,-14.3458,-3691.0,2024-11-25,2025-03-22
2P.OBS03.,2P,OBS03,,"ED,EL",-1.4438,-14.5541,-3852.0,2024-11-26,2025-03-23
2P.OBS04.,2P,OBS04,,"ED,EL",-1.3605,-14.6781,-3493.0,2024-11-26,2025-03-23
2P.OBS05.,2P,OBS05,,"ED,EL",-1.5121,-14.7196,-3624.0,2024-11-26,2025-03-23
2P.OBS06.,2P,OBS06,,"ED,EL",-1.4399,-14.8399,-3756.0,2024-11-26,2025-03-23
2P.OBS07.,2P,OBS07,,"ED,EL",-1.5295,-14.9301,-3805.0,2024-11-26,2025-03-23
2P.OBS08.,2P,OBS08,,"ED,EL",-1.4701,-15.0402,-4159.0,2024-11-27,2025-03-23
2P.OBS09.,2P,OBS09,,"ED,EL",-1.5896,-15.0798,-3584.0,2024-11-27,2025-03-23
2P.OBS10.,2P,OBS10,,"ED,EL",-1.5099,-15.1999,-4027.0,2024-11-27,2025-03-23
2P.OBS12.,2P,OBS12,,"ED,EL",-1.3052,-15.1345,-3826.0,2024-11-27,2025-03-21
2P.OBS13.,2P,OBS13,,"ED,EL",-1.1795,-15.06,-3199.0,2024-11-27,2025-03-21
2P.OBS14.,2P,OBS14,,"ED,EL",-1.2695,-14.9708,-4243.0,2024-11-28,2025-03-22
2P.OBS15.,2P,OBS15,,"ED,EL",-1.1794,-14.9054,-3803.0,2024-11-28,2025-03-22
2P.OBS16.,2P,OBS16,,"ED,EL",-1.2048,-14.7641,-4226.0,2024-11-28,2025-03-22
2P.OBS17.,2P,OBS17,,"ED,EL",-1.0898,-14.7086,-3765.0,2024-11-28,2025-03-22
2P.OBS18.,2P,OBS18,,"ED,EL",-1.1899,-14.619,-5001.0,2024-11-28,2025-03-22
2P.OBS19.,2P,OBS19,,"ED,EL",-1.0818,-14.5587,-4026.0,2024-11-28,2025-03-22
2P.OBS20.,2P,OBS20,,"ED,EL",-1.1342,-14.4602,-4538.0,2024-11-28,2025-03-22
3J.OBS01.,3J,OBS01,,"BD,BH",-13.155,-171.40391,-4866.0,2023-11-23,2025-08-03
3J.OBS02.,3J,OBS02,,"BD,BH",-12.67413,-172.74025,-4703.0,2023-11-23,2025-08-03
3J.OBS03.,3J,OBS03,,"BD,BH",-13.51623,-173.5195,-4757.0,2023-11-24,2025-08-04
3J.OBS04.,3J,OBS04,,"BD,BH",-12.90699,-174.27149,-3353.0,2023-11-25,2025-08-04
3J.OBS05.,3J,OBS05,,"BD,BH",-12.4025,-175.31305,-4509.0,2023-11-25,2025-08-04
3J.OBS06.,3J,OBS06,,"BD,BH",-13.00074,-176.45963,-3369.0,2023-11-26,2025-08-05
3J.OBS07.,3J,OBS07,,"BD,BH",-13.88132,-175.38604,-4543.0,2023-11-26,2025-08-05
3J.OBS08.,3J,OBS08,,"BD,BH",-14.6554,-176.30897,-2191.0,2023-11-27,2025-08-05
3J.OBS09.,3J,OBS09,,"BD,BH",-15.41702,-176.94874,-2137.0,2023-11-27,2025-08-06
3J.OBS10.,3J,OBS10,,"BD,BH",-16.02551,-176.12563,-2439.0,2023-11-27,2025-08-06
3J.OBS11.,3J,OBS11,,"BD,BH",-14.79489,-175.24356,-2377.0,2023-11-28,2025-08-06
3J.OBS12.,3J,OBS12,,"BD,BH",-15.39064,-175.1455,-2210.0,2023-11-28,2025-08-07
3J.OBS13.,3J,OBS13,,"BD,BH",-16.1503,-174.71751,-2112.0,2023-11-28,2025-08-07
3J.OBS14.,3J,OBS14,,"BD,BH",-15.35119,-174.17743,-2677.0,2023-11-29,2025-08-07
3J.OBS15.,3J,OBS15,,"BD,BH",-14.80377,-174.18065,-2614.0,2023-11-29,2025-08-07
3J.OBS17.,3J,OBS17,,"BD,BH",-14.43021,-173.2349,-5361.0,2023-11-29,2025-08-08
3J.OBS18.,3J,OBS18,,"BD,BH",-15.21651,-173.33565,-2688.0,2023-11-29,2025-08-09
3J.OBS19.,3J,OBS19,,"BD,BH",-16.28387,-173.17295,-2123.0,2023-11-30,2025-08-08
3J.OBS21.,3J,OBS21,,"BD,BH",-15.58293,-172.73311,-3785.0,2023-11-30,2025-08-09
3J.OBS22.,3J,OBS22,,"BD,BH",-14.75676,-172.52805,-5188.0,2023-12-01,2025-08-09
3J.OBS23.,3J,OBS23,,"BD,BH",-15.39963,-171.86155,-4628.0,2023-12-01,2025-08-10
3J.OBS24.,3J,OBS24,,"BD,BH",-15.29728,-170.63915,-4907.0,2023-12-01,2025-08-10
3J.OBS26.,3J,OBS26,,"BD,BH",-15.36052,-169.11661,-5170.0,2023-12-02,2025-08-10
3J.OBS27.,3J,OBS27,,"BD,BH",-13.37239,-169.93224,-4932.0,2023-12-03,2025-08-11
3J.OBS28.,3J,OBS28,,"BD,BH",-13.46713,-168.51582,-5161.0,2023-12-03,2025-08-12
3J.OBS29.,3J,OBS29,,"BD,BH",-14.08586,-167.21641,-5387.0,2023-12-04,2025-08-12
3J.OBS30.,3J,OBS30,,"BD,BH",-14.95702,-167.2441,-5283.0,2023-12-05,2025-08-12
9P.ATL.00,9P,ATL,00,"HD,HH",40.5,-71.3,-70.0,2018-08-24,2018-09-05
9P.ATL.01,9P,ATL,01,"HD,HH",40.5,-71.3,-70.0,2018-08-24,2018-08-25
9P.PAC.00,9P,PAC,00,"HD,HH",43.085,-124.539,-87.0,2015-10-12,2015-10-12
9P.PAC.01,9P,PAC,01,"HD,HH",43.085,-124.539,-87.0,2015-10-12,2015-10-12
OO.AXCC2.,OO,AXCC2,,"AH,BK,BN,BX,MK,MN,MX",45.955001,-130.008745,-1529.9,2018-07-06,2021-08-27
XB.1ET5.,XB,1ET5,,"AC,ED,EL,LC,LD,LL,LO,OA,OC,VC,VE,VF,VK",10.9341,-83.156998,-1572.3,2008-02-16,2008-03-03
XB.1ET6.,XB,1ET6,,"AC,ED,EL,LC,LD,LL,LO,OA,OC,VC,VE,VF,VK",11.0076,-83.0812,-1693.4,2008-02-16,2008-03-03
XB.1ET7.,XB,1ET7,,"AC,ED,EL,LC,LD,LL,LO,OA,OC,VC,VE,VF,VK",11.0807,-83.005302,-1887.7,2008-02-16,2008-03-03
XB.1WT11.,XB,1WT11,,"AC,ED,EL,LC,LD,LL,LO,OA,OC,VC,VE,VF,VK",9.0847,-85.049103,-2533.0,2008-03-21,2008-03-30
XB.1WT7.,XB,1WT7,,"AC,ED,EL,LC,LD,LL,LO,OA,OC,VC,VE,VF,VK",8.7799,-85.358299,-2891.0,2008-03-21,2008-03-29
XB.1WT8.,XB,1WT8,,"AC,ED,EL,LC,LD,LL,LO,OA,OC,VC,VE,VF,VK",8.8404,-85.297203,-2973.0,2008-03-21,2008-03-29
XB.ANET1.,XB,ANET1,,"AC,ED,EL,LC,LD,LL,LO,OA,OC,VC,VE,VF,VK",11.0684,-86.867897,-543.0,2008-03-31,2008-04-13
XB.ANET2.,XB,ANET2,,"AC,ED,EL,LC,LD,LL,LO,OA,OC,VC,VE,VF,VK",10.9774,-86.9813,-1677.0,2008-03-31,2008-04-13
XB.ANT01.,XB,ANT01,,"AC,ED,EL,LC,LD,LL,LO,OA,OC,VC,VE,VF,VK",11.2746,-87.317902,-1675.0,2008-03-30,2008-04-09
XB.ANT06.,XB,ANT06,,"AC,ED,EL,LC,LD,LL,LO,OA,OC,VC,VE,VF,VK",10.1234,-87.318199,-2962.0,2008-03-30,2008-04-10
XB.AWT06.,XB,AWT06,,"AC,ED,EL,LC,LD,LL,LO,OA,OC,VC,VE,VF,VK",10.7009,-86.739403,-1832.0,2008-03-31,2008-04-13
XB.CRT10.,XB,CRT10,,"AC,ED,EL,LC,LD,LL,LO,OA,OC,VC,VE,VF,VK",9.0095,-85.284897,-3329.0,2008-03-21,2008-03-27
XB.CRT12.,XB,CRT12,,"AC,ED,EL,LC,LD,LL,LO,OA,OC,VC,VE,VF,VK",9.0929,-85.525902,-3207.0,2008-03-21,2008-03-28
XB.CRT13.,XB,CRT13,,"AC,ED,EL,LC,LD,LL,LO,OA,OC,VC,VE,VF,VK",9.134,-85.646202,-3631.0,2008-03-21,2008-03-28
XB.CRT14.,XB,CRT14,,"AC,ED,EL,LC,LD,LL,LO,OA,OC,VC,VE,VF,VK",9.1758,-85.766602,-3638.0,2008-03-21,2008-03-28
XB.ELYS0.65,XB,ELYS0,65,EH,4.502384,135.623447,-2613.4,2018-12-01,2018-12-20
XB.ELYS0.68,XB,ELYS0,68,SH,4.502384,135.623447,-2613.4,2018-12-07,2018-12-20
XB.ELYSE.00,XB,ELYSE,00,"HH,LF,LK,LM,VM",4.502384,135.623447,-2613.4,2019-01-15,2023-12-31
XB.ELYSE.02,XB,ELYSE,02,"BD,BF,BH,MD,MF,MH,VF,VK",4.502384,135.623447,-2613.4,2018-12-20,2023-12-31
XB.ELYSE.03,XB,ELYSE,03,"BD,BF,BH,UK,VF,VK",4.502384,135.623447,-2613.4,2018-12-20,2023-12-31
XB.ELYSE.10,XB,ELYSE,10,"HH,LD,LK,LM,LW,UW,VD,VK,VM,VW",4.502384,135.623447,-2613.4,2018-12-20,2023-12-31
XB.ELYSE.12,XB,ELYSE,12,"BD,BH,BK,MD,MH,VD,VK,VW",4.502384,135.623447,-2613.4,2018-12-20,2023-12-31
XB.ELYSE.65,XB,ELYSE,65,EH,4.502384,135.623447,-2613.4,2018-12-21,2023-12-31
XB.ELYSE.67,XB,ELYSE,67,"MH,SH",4.502384,135.623447,-2613.4,2018-12-21,2023-12-31
XB.ELYSE.68,XB,ELYSE,68,SH,4.502384,135.623447,-2613.4,2018-12-21,2023-12-31
XB.ELYSE.70,XB,ELYSE,70,EH,4.502384,135.623447,-2613.4,2019-01-23,2023-12-31
XB.ELYSE.72,XB,ELYSE,72,"MH,SH",4.502384,135.623447,-2613.4,2019-01-23,2023-12-31
XB.ELYSE.73,XB,ELYSE,73,SH,4.502384,135.623447,-2613.4,2019-01-23,2023-12-31
XB.HT11.,XB,HT11,,"AC,ED,EL,LC,LD,LL,LO,OA,OC,VC,VE,VF,VK",11.3734,-82.532402,-2412.3,2008-02-16,2008-03-08
XB.HT12.,XB,HT12,,"AC,ED,EL,LC,LD,LL,LO,OA,OC,VC,VE,VF,VK",11.282,-82.4506,-2413.1,2008-02-16,2008-03-08
XB.HT7.,XB,HT7,,"AC,ED,EL,LC,LD,LL,LO,OA,OC,VC,VE,VF,VK",11.7393,-82.858498,-1480.3,2008-02-17,2008-03-08
XB.HT9.,XB,HT9,,"AC,ED,EL,LC,LD,LL,LO,OA,OC,VC,VE,VF,VK",11.5563,-82.695198,-1692.4,2008-02-16,2008-03-08
XB.NRT6.,XB,NRT6,,"AC,ED,EL,LC,LD,LL,LO,OA,OC,VC,VE,VF,VK",12.4478,-83.000801,-33.9,2008-02-17,2008-03-07
XB.NRT7.,XB,NRT7,,"AC,ED,EL,LC,LD,LL,LO,OA,OC,VC,VE,VF,VK",12.5604,-82.933403,-45.4,2008-02-16,2008-03-06
XB.ST14.,XB,ST14,,"AC,ED,EL,LC,LD,LL,LO,OA,OC,VC,VE,VF,VK",10.384,-87.017502,-4068.0,2008-03-29,2008-04-11
XW.SS04.,XW,SS04,,"ED,EL",-21.12392,-70.62265,-1827.0,2016-10-29,2016-11-29
XW.SS05.,XW,SS05,,"ED,EL",-20.991011,-70.640312,-1639.0,2016-10-29,2016-11-29
XW.SS06.,XW,SS06,,"ED,EL",-20.85512,-70.660339,-1785.0,2016-10-28,2016-11-29
XW.SS07.,XW,SS07,,"ED,EL",-20.732639,-70.683502,-1912.0,2016-10-28,2016-11-29
XW.SS08.,XW,SS08,,"ED,EL",-20.5639,-70.695839,-1641.0,2016-10-27,2016-11-30
XW.SS10.,XW,SS10,,"ED,EL",-20.294161,-70.73111,-2112.0,2016-10-27,2016-12-01
XW.SS11.,XW,SS11,,"ED,EL",-20.15259,-70.749199,-2100.0,2016-10-27,2016-12-01
XW.SS12.,XW,SS12,,"ED,EL",-20.019341,-70.769203,-1383.0,2016-10-27,2016-12-02
XW.SS16.,XW,SS16,,"ED,EL",-19.45178,-70.855873,-1430.0,2016-10-26,2016-12-02
XW.SS17.,XW,SS17,,"ED,EL",-19.306589,-70.870239,-980.0,2016-10-24,2016-12-03
XW.SS18.,XW,SS18,,"ED,EL",-19.183599,-70.892311,-1520.0,2016-10-24,2016-12-03
XW.SS19.,XW,SS19,,"ED,EL",-19.040085,-70.905281,-1580.0,2016-10-23,2016-12-03
XW.SS20.,XW,SS20,,"ED,EL",-18.908386,-70.926254,-1525.0,2016-10-23,2016-12-03
XW.SS21.,XW,SS21,,"ED,EL",-20.31501,-72.440041,-4423.0,2016-10-25,2016-11-02
XW.SS21A.,XW,SS21A,,"ED,EL",-20.31518,-72.438164,-4400.0,2016-11-02,2016-12-06
XW.SS22.,XW,SS22,,"ED,EL",-20.24737,-72.297401,-4158.0,2016-10-25,2016-12-06
XW.SS23.,XW,SS23,,"ED,EL",-20.18539,-72.162437,-2853.0,2016-10-25,2016-12-06
XW.SS24.,XW,SS24,,"ED,EL",-20.124901,-72.033081,-3330.0,2016-10-25,2016-12-06
XW.SS25.,XW,SS25,,"ED,EL",-20.062969,-71.900047,-4555.0,2016-10-25,2016-12-06
XW.SS26.,XW,SS26,,"ED,EL",-20.004589,-71.770416,-4564.0,2016-10-25,2016-12-06
XW.SS29.,XW,SS29,,"ED,EL",-19.758801,-71.224167,-5244.0,2016-10-24,2016-12-04
XW.SS30.,XW,SS30,,"ED,EL",-19.703699,-71.11348,-4221.0,2016-10-26,2016-12-04
XW.SS32.,XW,SS32,,"ED,EL",-19.519279,-70.691101,-772.0,2016-10-26,2016-12-02
XW.SS33.,XW,SS33,,"ED,EL",-19.459351,-70.565979,-775.0,2016-10-24,2016-12-02
XW.SS34.,XW,SS34,,"ED,EL",-19.402275,-70.442223,-735.0,2016-10-24,2016-12-02
XW.SS35.,XW,SS35,,"ED,EL",-19.403179,-71.16304,-3153.0,2016-10-24,2016-12-03
XW.SS36.,XW,SS36,,"ED,EL",-19.3494,-71.004349,-1697.0,2016-10-24,2016-12-03
XW.SS37.,XW,SS37,,"ED,EL",-19.25618,-70.725975,-1049.0,2016-10-24,2016-12-03
XW.SS38.,XW,SS38,,"ED,EL",-19.55237,-71.135712,-3634.0,2016-10-26,2016-12-03
XW.SS39.,XW,SS39,,"ED,EL",-19.496679,-70.985542,-2412.0,2016-10-26,2016-12-03
XW.SS40.,XW,SS40,,"ED,EL",-19.37879,-70.71386,-870.0,2016-10-24,2016-12-03
XW.SS41.,XW,SS41,,"ED,EL",-19.321737,-70.596085,-934.0,2016-10-24,2016-12-03
XW.SS42.,XW,SS42,,"ED,EL",-19.850161,-71.092758,-4142.0,2016-10-26,2016-12-04
XW.SS43.,XW,SS43,,"ED,EL",-19.79281,-70.94339,-3070.0,2016-10-26,2016-12-04
XW.SS45.,XW,SS45,,"ED,EL",-19.605391,-70.540962,-729.0,2016-10-26,2016-12-02
XW.SS48.,XW,SS48,,"ED,EL",-19.936159,-70.926422,-2689.0,2016-10-26,2016-12-01
XW.SS49.,XW,SS49,,"ED,EL",-19.83201,-70.627792,-1303.0,2016-10-27,2016-12-02
XW.SS50.,XW,SS50,,"ED,EL",-19.770081,-70.501839,-998.0,2016-10-26,2016-12-02
XW.SS51.,XW,SS51,,"ED,EL",-20.249729,-71.021973,-3995.0,2016-10-25,2016-12-01
XW.SS52.,XW,SS52,,"ED,EL",-20.07019,-70.912872,-2729.0,2016-10-26,2016-12-01
XW.SS53.,XW,SS53,,"ED,EL",-19.96063,-70.60125,-1236.0,2016-10-27,2016-12-02
XW.SS54.,XW,SS54,,"ED,EL",-19.914249,-70.469231,-1177.0,2016-10-27,2016-12-02
XW.SS55.,XW,SS55,,"ED,EL",-20.35981,-71.002502,-4261.0,2016-10-27,2016-12-01
XW.SS57.,XW,SS57,,"ED,EL",-20.102751,-70.581123,-1179.0,2016-10-27,2016-12-01
XW.SS58.,XW,SS58,,"ED,EL",-20.06682,-70.436417,-1150.0,2016-10-27,2016-12-01
XW.SS59.,XW,SS59,,"ED,EL",-20.32408,-70.879303,-3277.0,2016-10-27,2016-12-01
XW.SS60.,XW,SS60,,"ED,EL",-20.24992,-70.571602,-1071.0,2016-10-27,2016-12-01
XW.SS61.,XW,SS61,,"ED,EL",-20.591789,-70.841278,-2436.0,2016-10-28,2016-11-30
XW.SS64.,XW,SS64,,"ED,EL",-20.54295,-70.552582,-884.0,2016-10-27,2016-11-30
XW.SS67.,XW,SS67,,"ED,EL",-20.48863,-70.991219,-4063.0,2016-10-27,2016-11-30
XW.SS68.,XW,SS68,,"ED,EL",-20.63176,-70.972717,-3772.0,2016-10-28,2016-11-30
YB.14700.,YB,14700,,DP,52.27165,-126.933108,-10.2,2009-07-17,2009-07-20
YB.15875.,YB,15875,,DP,52.245613,-127.277697,-12.0,2009-07-17,2009-07-20
YB.16200.,YB,16200,,DP,52.224567,-127.374531,-11.7,2009-07-17,2009-07-20
YB.16250.,YB,16250,,DP,52.220916,-127.388728,-10.8,2009-07-17,2009-07-20
YB.16800.,YB,16800,,DP,52.18593,-127.552534,-51.8,2009-07-17,2009-07-20
YB.16900.,YB,16900,,DP,52.174614,-127.581321,-22.8,2009-07-17,2009-07-20
YB.17150.,YB,17150,,DP,52.268446,-127.651955,-10.9,2009-07-17,2009-07-20
YB.17225.,YB,17225,,DP,52.264522,-127.673714,-12.9,2009-07-17,2009-07-20
YB.17250.,YB,17250,,DP,52.261507,-127.681285,-12.8,2009-07-17,2009-07-20
YB.17275.,YB,17275,,DP,52.259433,-127.688136,-11.9,2009-07-17,2009-07-20
YB.17300.,YB,17300,,DP,52.255968,-127.695962,-13.3,2009-07-17,2009-07-20
YB.17825.,YB,17825,,DP,52.2115,-127.851108,-13.3,2009-07-17,2009-07-20
YB.17925.,YB,17925,,DP,52.199993,-127.881629,-13.7,2009-07-17,2009-07-20
YB.18175.,YB,18175,,DP,52.166341,-127.954382,-17.2,2009-07-17,2009-07-20
YB.18575.,YB,18575,,DP,52.173154,-128.071807,-25.7,2009-07-17,2009-07-20
YB.18675.,YB,18675,,DP,52.177228,-128.101025,-13.1,2009-07-17,2009-07-20
YB.18700.,YB,18700,,DP,52.179152,-128.108803,-12.1,2009-07-17,2009-07-20
YB.18725.,YB,18725,,DP,52.186647,-128.11578,-10.0,2009-07-17,2009-07-20
YB.18750.,YB,18750,,DP,52.193455,-128.122264,-11.8,2009-07-17,2009-07-20
YB.18775.,YB,18775,,DP,52.19356,-128.129494,-15.5,2009-07-17,2009-07-20
YB.18875.,YB,18875,,DP,52.208287,-128.158641,-11.9,2009-07-17,2009-07-20
YB.18900.,YB,18900,,DP,52.208233,-128.163845,-12.8,2009-07-17,2009-07-20
YB.18950.,YB,18950,,DP,52.211493,-128.181475,-12.9,2009-07-17,2009-07-20
YB.19050.,YB,19050,,DP,52.208124,-128.210947,-12.3,2009-07-17,2009-07-20
YB.19075.,YB,19075,,DP,52.216702,-128.216174,-13.2,2009-07-17,2009-07-20
YB.19125.,YB,19125,,DP,52.220946,-128.230846,-15.1,2009-07-17,2009-07-20
YB.19150.,YB,19150,,DP,52.223122,-128.239189,-12.8,2009-07-17,2009-07-20
YB.19675.,YB,19675,,DP,52.236694,-128.39145,-21.5,2009-07-17,2009-07-20
YB.31120.,YB,31120,,DP,54.027618,-128.606708,-27.0,2009-07-17,2009-07-20
YF.STN01.,YF,STN01,,"AC,ED,EL,LC,LD,LL,LO,OA,OC,VC,VE,VF,VK",19.0231,-65.526703,-3915.0,2005-03-27,2005-11-03
YF.STN02.,YF,STN02,,"AC,ED,EL,LC,LD,LL,LO,OA,OC,VC,VE,VF,VK",19.387199,-65.3153,-5675.0,2005-09-21,2005-11-03
YF.STN03.,YF,STN03,,"AC,ED,EL,LC,LD,LL,LO,OA,OC,VC,VE,VF,VK",19.3197,-65.0411,-5788.0,2005-09-19,2005-11-03
YF.STN04.,YF,STN04,,"AC,ED,EL,LC,LD,LL,LO,OA,OC,VC,VE,VF,VK",18.8794,-64.839401,-1767.0,2005-03-27,2005-04-16
YF.STN05.,YF,STN05,,"AC,ED,EL,LC,LD,LL,LO,OA,OC,VC,VE,VF,VK",19.240499,-64.666901,-4419.0,2005-08-10,2005-11-03
YF.STN06.,YF,STN06,,"AC,ED,EL,LC,LD,LL,LO,OA,OC,VC,VE,VF,VK",19.140301,-64.214401,-4550.0,2005-09-25,2005-11-05
YF.STN07.,YF,STN07,,"AC,ED,EL,LC,LD,LL,LO,OA,OC,VC,VE,VF,VK",19.5028,-64.438599,-5787.0,2005-09-19,2005-11-04
YF.STN08.,YF,STN08,,"AC,ED,EL,LC,LD,LL,LO,OA,OC,VC,VE,VF,VK",20.056101,-63.896099,-5771.0,2005-09-17,2005-11-04
YF.STN10.,YF,STN10,,"AC,ED,EL,LC,LD,LL,LO,OA,OC,VC,VE,VF,VK",20.3675,-65.524498,-5644.0,2005-08-10,2005-11-05
YM.01.,YM,01,,"BD,BH",24.3216,122.017799,-2878.0,2008-05-08,2009-06-21
YM.02.,YM,02,,"BD,BH",24.1646,122.239601,-2312.0,2008-05-08,2009-06-23
YM.04.,YM,04,,"BD,BH",23.884399,122.706596,-3659.0,2008-05-08,2009-06-11
YM.06.,YM,06,,"BD,BH",23.7897,122.210297,-2219.0,2007-11-13,2008-05-07
YM.09.,YM,09,,"BD,BH",23.6369,121.802002,-3710.0,2008-05-09,2009-05-28
YM.10.,YM,10,,"BD,BH",23.617701,122.104103,-3175.0,2007-11-13,2009-05-28
YM.11.,YM,11,,"BD,BH",23.5065,122.412903,-3352.0,2008-05-08,2009-06-30
YM.12.,YM,12,,"BD,BH",23.405899,122.687202,-4139.0,2008-05-08,2009-06-30
YM.18.,YM,18,,"BD,BH",23.1696,122.0159,-4277.0,2007-11-14,2009-06-30
YM.19.,YM,19,,"BD,BH",23.0914,122.150803,-4966.0,2008-05-09,2009-05-29
YM.22.,YM,22,,"BD,BH",22.961599,121.973198,-4677.0,2007-11-14,2008-05-06
YM.25.,YM,25,,"BD,BH",22.835199,121.543198,-1755.0,2008-05-11,2009-06-29
YM.26.,YM,26,,"BD,BH",22.7103,121.854897,-4376.0,2007-11-14,2008-05-24
YM.27.,YM,27,,"BD,BH",22.472601,122.264099,-4714.0,2008-05-10,2009-05-29
YM.28.,YM,28,,"BD,BH",22.3466,122.482597,-4876.0,2008-05-10,2009-04-25
YM.30.,YM,30,,"BD,BH",22.242901,121.755402,-3834.0,2007-11-15,2008-05-09
YM.33.,YM,33,,"BD,BH",21.969801,120.105499,-1243.0,2008-01-25,2009-05-29
YM.35.,YM,35,,"BD,BH",21.923,122.107201,-4794.0,2008-05-11,2009-05-30
YM.37.,YM,37,,"BD,BH",21.6698,119.495399,-2785.0,2008-05-12,2009-01-28
YM.38.,YM,38,,"BD,BH",21.609501,120.128799,-2738.0,2008-05-12,2009-05-31
YM.39.,YM,39,,"BD,BH",21.599701,121.364098,-2508.0,2008-05-11,2009-05-30
YM.D101.,YM,D101,,"AC,ED,EL,LC,LD,LL,LO,OA,OC,VC,VE,VF,VK,VM,VP",53.236433,-175.143535,-3716.0,2020-09-13,2020-09-19
YM.D102.,YM,D102,,"AC,ED,EL,LC,LD,LL,LO,OA,OC,VC,VE,VF,VK,VM,VP",53.105088,-175.091358,-3707.0,2020-09-13,2020-09-19
YM.D103.,YM,D103,,"AC,ED,EL,LC,LD,LL,LO,OA,OC,VC,VE,VF,VK,VM,VP",52.973275,-175.040277,-3623.0,2020-09-13,2020-09-19
YM.D104.,YM,D104,,"AC,ED,EL,LC,LD,LL,LO,OA,OC,VC,VE,VF,VK,VM,VP",52.85141,-174.992043,-3551.0,2020-09-13,2020-09-19
YM.D105.,YM,D105,,"ED,EL",52.729012,-174.945297,-3366.0,2020-09-15,2020-09-18
YM.D106.,YM,D106,,"ED,EL",52.62441,-174.90507,-3178.0,2020-09-15,2020-09-18
YM.D107.,YM,D107,,"ED,EL",52.519488,-174.864817,-2941.0,2020-09-15,2020-09-18
YM.D108.,YM,D108,,"AC,ED,EL,LC,LD,LL,LO,OA,OC,VC,VE,VF,VK,VM,VP",52.414017,-174.824678,-2363.0,2020-09-06,2020-09-20
YM.D109.,YM,D109,,"AC,ED,EL,LC,LD,LL,LO,OA,OC,VC,VE,VF,VK,VM,VP",52.30888,-174.784983,-456.0,2020-09-06,2020-09-20
YM.D111.,YM,D111,,"AC,ED,EL,LC,LD,LL,LO,OA,OC,VC,VE,VF,VK,VM,VP",51.950412,-174.648277,-100.0,2020-09-13,2020-09-21
YM.D112.,YM,D112,,"AC,ED,EL,LC,LD,LL,LO,OA,OC,VC,VE,VF,VK,VM,VP",51.844132,-174.609328,-186.0,2020-09-14,2020-09-21
YM.D113.,YM,D113,,"AC,ED,EL,LC,LD,LL,LO,OA,OC,VC,VE,VF,VK,VM,VP",51.740087,-174.570057,-1358.0,2020-09-14,2020-09-21
YM.D114.,YM,D114,,"ED,EL",51.635063,-174.531375,-3121.0,2020-09-16,2020-09-20
YM.D115.,YM,D115,,"ED,EL",51.512468,-174.484743,-4540.0,2020-09-16,2020-09-20
YM.D116.,YM,D116,,"ED,EL",51.38971,-174.441273,-4674.0,2020-09-16,2020-09-19
YM.D117.,YM,D117,,"AC,ED,EL,LC,LD,LL,LO,OA,OC,VC,VE,VF,VK,VM,VP",51.266927,-174.396195,-4645.0,2020-09-14,2020-09-20
YM.D118.,YM,D118,,"AC,ED,EL,LC,LD,LL,LO,OA,OC,VC,VE,VF,VK,VM,VP",51.135605,-174.348408,-4649.0,2020-09-14,2020-09-20
YM.D206.,YM,D206,,"AC,ED,EL,LC,LD,LL,LO,OA,OC,VC,VE,VF,VK,VM,VP",51.923637,-176.27966,-166.0,2020-09-06,2020-09-14
YM.S101.,YM,S101,,"AC,ED,EL,LC,LD,LL,LO,OA,OC,VC,VE,VF,VK,VM,VP",52.450698,-172.463255,-163.0,2020-09-05,2020-09-13
YM.S102.,YM,S102,,"AC,ED,EL,LC,LD,LL,LO,OA,OC,VC,VE,VF,VK,VM,VP",52.429807,-172.681097,-532.0,2020-09-05,2020-09-13
YM.S103.,YM,S103,,"ED,EL",52.407891,-172.898019,-991.0,2020-09-07,2020-09-12
YM.S105.,YM,S105,,"ED,EL",52.365492,-173.319321,-672.0,2020-09-07,2020-09-12
YM.S106.,YM,S106,,"ED,EL",52.347074,-173.493603,-615.0,2020-09-07,2020-09-12
YM.S107.,YM,S107,,"ED,EL",52.329278,-173.667626,-463.0,2020-09-07,2020-09-13
YM.S108.,YM,S108,,"ED,EL",52.310393,-173.840783,-112.0,2020-09-07,2020-09-13
YM.S109.,YM,S109,,"AC,ED,EL,LC,LD,LL,LO,OA,OC,VC,VE,VF,VK,VM,VP",52.245652,-174.56785,-107.0,2020-09-06,2020-09-14
YM.S110.,YM,S110,,"AC,ED,EL,LC,LD,LL,LO,OA,OC,VC,VE,VF,VK,VM,VP",52.223325,-174.632133,-108.0,2020-09-06,2020-09-14
YM.S111.,YM,S111,,"AC,ED,EL,LC,LD,LL,LO,OA,OC,VC,VE,VF,VK,VM,VP",52.209365,-174.74842,-124.0,2020-09-06,2020-09-20
YM.S112.,YM,S112,,"ED,EL",52.190465,-174.906311,-129.0,2020-09-08,2020-09-19
YM.S113.,YM,S113,,"ED,EL",52.172172,-175.06427,-280.0,2020-09-08,2020-09-13
YM.S114.,YM,S114,,"ED,EL",52.153269,-175.221988,-186.0,2020-09-08,2020-09-13
YM.S115.,YM,S115,,"ED,EL",52.134199,-175.379806,-117.0,2020-09-08,2020-09-13
YM.S116.,YM,S116,,"ED,EL",52.109756,-175.580883,-105.0,2020-09-08,2020-09-13
YM.S117.,YM,S117,,"ED,EL",52.093713,-175.709204,-133.0,2020-09-08,2020-09-13
YM.S118.,YM,S118,,"ED,EL",52.078883,-175.827412,-122.0,2020-09-08,2020-09-13
YM.S119.,YM,S119,,"AC,ED,EL,LC,LD,LL,LO,OA,OC,VC,VE,VF,VK,VM,VP",52.018713,-176.3159,-183.0,2020-09-06,2020-09-14
YM.S120.,YM,S120,,"AC,ED,EL,LC,LD,LL,LO,OA,OC,VC,VE,VF,VK,VM,VP",51.999798,-176.450975,-120.0,2020-09-06,2020-09-14
YM.S121.,YM,S121,,"AC,ED,EL,LC,LD,LL,LO,OA,OC,VC,VE,VF,VK,VM,VP",51.942132,-176.884862,-403.0,2020-09-06,2020-09-15
YM.S122.,YM,S122,,"AC,ED,EL,LC,LD,LL,LO,OA,OC,VC,VE,VF,VK,VM,VP",51.929997,-176.977935,-196.0,2020-09-07,2020-09-15
YM.S123.,YM,S123,,"ED,EL",51.889031,-177.275071,-790.0,2020-09-08,2020-09-14
YM.S124.,YM,S124,,"ED,EL",51.88071,-177.33058,-1209.0,2020-09-09,2020-09-14
YM.S125.,YM,S125,,"ED,EL",51.854334,-177.509304,-453.0,2020-09-09,2020-09-14
YM.S126.,YM,S126,,"ED,EL",51.764595,-178.147434,-122.0,2020-09-09,2020-09-14
YM.S127.,YM,S127,,"ED,EL",51.742511,-178.291314,-575.0,2020-09-09,2020-09-14
YM.S128.,YM,S128,,"AC,ED,EL,LC,LD,LL,LO,OA,OC,VC,VE,VF,VK,VM,VP",51.712293,-178.488425,-963.0,2020-09-07,2020-09-15
YM.S129.,YM,S129,,"AC,ED,EL,LC,LD,LL,LO,OA,OC,VC,VE,VF,VK,VM,VP",51.683208,-178.685538,-1041.0,2020-09-07,2020-09-15
YM.S130.,YM,S130,,"AC,ED,EL,LC,LD,LL,LO,OA,OC,VC,VE,VF,VK,VM,VP",51.651008,-178.896225,-624.0,2020-09-07,2020-09-15
