id,network_code,station_code,location_code,channels,latitude,longitude,elevation,start_date,end_date,state
1A.BOC1.,1A,BOC1,,EH,35.2562,-111.6232,2256.0,2019.227,2019.326,Arizona
1A.BOC2.,1A,BOC2,,"EH,SH",35.2561,-111.6236,2347.0,2020.168,2020.316,Arizona
1A.C18A.,1A,C18A,,EH,35.2582,-111.608,2608.0,2019.225,2019.329,Arizona
1A.C19A.,1A,C19A,,EH,35.2563,-111.6087,2621.0,2019.225,2019.283,Arizona
1A.C19B.,1A,C19B,,EH,35.2557,-111.6084,2637.0,2019.225,2019.327,Arizona
1A.C19C.,1A,C19C,,EH,35.2569,-111.6108,2514.5,2019.226,2019.326,Arizona
1A.C19D.,1A,C19D,,EH,35.2567,-111.6116,2495.0,2019.227,2019.327,Arizona
1A.CFSG.00,1A,CFSG,00,"HH,LH",35.2536,-111.6246,2304.0,2020.237,2022.365,Arizona
1A.COCA.00,1A,COCA,00,"HH,LH",35.2591,-111.6135,2434.0,2019.221,2021.173,Arizona
1A.CUW1.,1A,CUW1,,EH,35.2614,-111.6058,2568.0,2019.225,2019.33,Arizona
1A.CUW2.,1A,CUW2,,EH,35.2627,-111.6081,2560.0,2019.226,2019.323,Arizona
1A.D19A.,1A,D19A,,"EH,SH",35.2564,-111.6078,2676.0,2020.17,2020.309,Arizona
1A.D19B.,1A,D19B,,"EH,MH",35.2564,-111.6089,2622.0,2020.17,2020.309,Arizona
1A.D19C.,1A,D19C,,"EH,SH",35.2564,-111.6103,2535.0,2020.167,2020.309,Arizona
1A.D19D.,1A,D19D,,"EH,SH",35.2572,-111.6108,2512.0,2020.168,2020.309,Arizona
1A.D19E.,1A,D19E,,"EH,MH",35.2564,-111.6117,2486.0,2020.168,2020.311,Arizona
1A.D19F.,1A,D19F,,"EH,SH",35.2567,-111.6136,2453.0,2020.168,2020.309,Arizona
1A.LBB1.,1A,LBB1,,EH,35.2598,-111.6239,2391.0,2019.227,2019.323,Arizona
1A.LBB2.,1A,LBB2,,"EH,SH",35.2597,-111.6239,2384.0,2020.168,2020.31,Arizona
1A.LG1A.,1A,LG1A,,EH,35.2525,-111.6345,2288.0,2019.226,2019.326,Arizona
1A.LG2A.,1A,LG2A,,EH,35.2526,-111.6362,2320.0,2019.226,2019.326,Arizona
1A.LG2B.,1A,LG2B,,"EH,SH",35.25,-111.6319,2250.0,2020.169,2020.31,Arizona
1A.LW1A.00,1A,LW1A,00,"HH,LH",35.259,-111.6126,2443.0,2019.221,2020.197,Arizona
1A.UO1A.00,1A,UO1A,00,"HH,LH",35.2593,-111.6064,2605.0,2019.221,2022.365,Arizona
1A.UOCA.,1A,UOCA,,EH,35.2577,-111.6149,2432.0,2019.227,2019.327,Arizona
1A.UOCC.,1A,UOCC,,"EH,MH",35.2583,-111.6182,2282.0,2020.236,2020.301,Arizona
2G.IUGFS.,2G,IUGFS,,"AC,BH,LC,LH,LO,OC,VC,VE,VK,VM,VP",45.728371,-111.970802,1633.7,2010.167,2015.088,Montana
3C.DUN1.,3C,DUN1,,"HH,LO",32.553799,-109.090103,1257.0,2014.19,2014.288,Arizona
3C.DUN2.,3C,DUN2,,"HH,LO",32.5504,-109.172302,1394.0,2014.183,2014.288,Arizona
3C.DUN3.,3C,DUN3,,"EH,LO",32.598,-109.005798,1241.0,2014.189,2014.24,New Mexico
3C.DUN4.,3C,DUN4,,"EH,LO",32.5774,-109.138496,1313.0,2014.189,2014.24,Arizona
3C.DUN5.,3C,DUN5,,"EH,LO",32.489201,-109.146004,1364.0,2014.204,2014.24,Arizona
3C.TOM.,3C,TOM,,"EH,LO",32.683701,-109.138496,1188.0,2014.189,2014.252,Arizona
3L.MFS.,3L,MFS,,"HH,LH,LO,VM",45.7284,-111.9707,1627.0,2019.213,2023.365,Montana
4A.BB1A.,4A,BB1A,,"HH,LH",35.605339,-111.625763,1795.0,2016.287,2018.365,Arizona
4A.BB1A.00,4A,BB1A,00,"HH,LH",35.605339,-111.625763,1795.0,2017.13,2019.159,Arizona
4A.BB1A.D0,4A,BB1A,D0,"GA,GE,GL,GN,GP,GS,LC,VC,VD,VE,VM,VP",35.605339,-111.625763,1795.0,2017.13,2019.159,Arizona
4A.BB4A.,4A,BB4A,,"HH,LH",35.570831,-111.651222,1932.0,2016.286,2018.365,Arizona
4A.BB4A.00,4A,BB4A,00,"HH,LH",35.570831,-111.651222,1932.0,2017.123,2018.19,Arizona
4A.BB4A.D0,4A,BB4A,D0,"GA,GE,GL,GN,GP,GS,LC,VC,VD,VE,VM,VP",35.570831,-111.651222,1932.0,2017.13,2018.19,Arizona
4A.BB5A.,4A,BB5A,,"HH,LH",35.576328,-111.61911,1902.0,2016.286,2018.365,Arizona
4A.BB5A.00,4A,BB5A,00,"HH,LH",35.576328,-111.61911,1902.0,2017.13,2019.025,Arizona
4A.BB5A.D0,4A,BB5A,D0,"GA,GE,GL,GN,GP,GS,LC,VC,VD,VE,VM,VP",35.576328,-111.61911,1902.0,2017.13,2019.025,Arizona
4A.BB6A.,4A,BB6A,,"HH,LH",35.58395,-111.591927,1820.0,2016.287,2018.365,Arizona
4A.BB6A.00,4A,BB6A,00,"HH,LH",35.58395,-111.591927,1820.0,2017.13,2019.159,Arizona
4A.BB6A.D0,4A,BB6A,D0,"GA,GE,GL,GN,GP,GS,LC,VC,VD,VE,VM,VP",35.58395,-111.591927,1820.0,2017.13,2019.159,Arizona
4A.BB8A.,4A,BB8A,,"HH,LH",35.546421,-111.614471,1944.0,2016.288,2018.365,Arizona
4A.BB8A.00,4A,BB8A,00,"HH,LH",35.546421,-111.614471,1944.0,2017.13,2019.159,Arizona
4A.BB8A.D0,4A,BB8A,D0,"GA,GE,GL,GN,GP,GS,LC,VC,VD,VE,VM,VP",35.546421,-111.614471,1944.0,2017.13,2019.159,Arizona
5P.AQUAA.,5P,AQUAA,,HH,38.1371,-109.5168,1750.0,2017.049,2018.146,Utah
5P.AQUAB.,5P,AQUAB,,HH,38.1369,-109.5177,1758.0,2017.049,2018.146,Utah
5P.CRT1.,5P,CRT1,,DP,38.70119,-109.73307,1522.0,2020.017,2020.017,Utah
5P.CRT10.,5P,CRT10,,DP,38.7029,-109.73315,1524.0,2020.017,2020.017,Utah
5P.CRT11.,5P,CRT11,,DP,38.70303,-109.73322,1522.0,2020.017,2020.017,Utah
5P.CRT12.,5P,CRT12,,DP,38.70315,-109.73327,1522.0,2020.017,2020.017,Utah
5P.CRT13.,5P,CRT13,,DP,38.70333,-109.7333,1522.0,2020.017,2020.017,Utah
5P.CRT14.,5P,CRT14,,DP,38.70348,-109.73331,1521.0,2020.017,2020.017,Utah
5P.CRT15.,5P,CRT15,,DP,38.70356,-109.73324,1520.0,2020.017,2020.017,Utah
5P.CRT16.,5P,CRT16,,DP,38.70372,-109.73325,1522.0,2020.017,2020.017,Utah
5P.CRT17.,5P,CRT17,,DP,38.70385,-109.73327,1522.0,2020.017,2020.017,Utah
5P.CRT18.,5P,CRT18,,DP,38.70398,-109.7333,1520.0,2020.017,2020.017,Utah
5P.CRT19.,5P,CRT19,,DP,38.70411,-109.7333,1518.0,2020.017,2020.017,Utah
5P.CRT2.,5P,CRT2,,DP,38.70168,-109.73313,1517.0,2020.017,2020.017,Utah
5P.CRT20.,5P,CRT20,,DP,38.70424,-109.73337,1518.0,2020.017,2020.017,Utah
5P.CRT21.,5P,CRT21,,DP,38.70438,-109.73331,1518.0,2020.017,2020.017,Utah
5P.CRT22.,5P,CRT22,,DP,38.70454,-109.73328,1516.0,2020.017,2020.017,Utah
5P.CRT23.,5P,CRT23,,DP,38.70466,-109.73338,1515.0,2020.017,2020.017,Utah
5P.CRT24.,5P,CRT24,,DP,38.70478,-109.73342,1512.0,2020.017,2020.017,Utah
5P.CRT25.,5P,CRT25,,DP,38.7049,-109.7335,1512.0,2020.017,2020.017,Utah
5P.CRT26.,5P,CRT26,,DP,38.70503,-109.73347,1510.0,2020.017,2020.017,Utah
5P.CRT27.,5P,CRT27,,DP,38.70224,-109.73324,1533.0,2020.017,2020.017,Utah
5P.CRT28.,5P,CRT28,,DP,38.70225,-109.73351,1532.0,2020.017,2020.017,Utah
5P.CRT29.,5P,CRT29,,DP,38.70328,-109.73365,1523.0,2020.017,2020.017,Utah
5P.CRT3.,5P,CRT3,,DP,38.70198,-109.73308,1536.0,2020.017,2020.017,Utah
5P.CRT30.,5P,CRT30,,DP,38.70424,-109.73392,1514.0,2020.017,2020.017,Utah
5P.CRT4.,5P,CRT4,,DP,38.70208,-109.7331,1536.0,2020.017,2020.017,Utah
5P.CRT5.,5P,CRT5,,DP,38.70225,-109.7331,1533.0,2020.017,2020.017,Utah
5P.CRT6.,5P,CRT6,,DP,38.70235,-109.73308,1532.0,2020.017,2020.017,Utah
5P.CRT7.,5P,CRT7,,DP,38.70252,-109.73309,1530.0,2020.017,2020.017,Utah
5P.CRT8.,5P,CRT8,,DP,38.7026,-109.73315,1527.0,2020.017,2020.017,Utah
5P.CRT9.,5P,CRT9,,DP,38.70273,-109.73314,1523.0,2020.017,2020.017,Utah
5P.CRTA.,5P,CRTA,,HH,38.70225,-109.73311,1535.0,2018.285,2021.285,Utah
5P.CRTB.,5P,CRTB,,HH,38.70227,-109.73353,1541.0,2018.285,2019.128,Utah
5P.HNT01.,5P,HNT01,,DP,38.506317,-109.592699,1392.0,2022.281,2022.281,Utah
5P.HNT02.,5P,HNT02,,DP,38.506289,-109.592708,1392.0,2022.281,2022.281,Utah
5P.HNT03.,5P,HNT03,,DP,38.506283,-109.59273,1393.0,2022.281,2022.281,Utah
5P.HNT04.,5P,HNT04,,DP,38.506259,-109.592742,1393.0,2022.281,2022.281,Utah
5P.HNT05.,5P,HNT05,,DP,38.506236,-109.592752,1393.0,2022.281,2022.281,Utah
5P.HNT06.,5P,HNT06,,DP,38.506213,-109.592781,1393.0,2022.281,2022.281,Utah
5P.HNT07.,5P,HNT07,,DP,38.506197,-109.592809,1393.0,2022.281,2022.281,Utah
5P.HNT08.,5P,HNT08,,DP,38.506206,-109.592937,1395.0,2022.281,2022.281,Utah
5P.HNT09.,5P,HNT09,,DP,38.506168,-109.593026,1395.0,2022.281,2022.281,Utah
5P.HNT10.,5P,HNT10,,DP,38.506106,-109.593124,1395.0,2022.281,2022.281,Utah
5P.KSLTA.,5P,KSLTA,,HH,38.483,-109.5955,1590.0,2021.017,2021.017,Utah
5P.KSLTA.,5P,KSLTA,,"BH,HJ",38.483,-109.5955,1590.0,2021.051,2023.052,Utah
5P.RAINA.,5P,RAINA,,HH,38.6156,-109.6227,1311.0,2016.31,2017.313,Utah
5P.RAINB.,5P,RAINB,,HH,38.6156,-109.6226,1311.0,2016.31,2017.313,Utah
5P.RAINB.,5P,RAINB,,HH,38.6156,-109.6226,1311.0,2019.129,2020.156,Utah
5P.SQNT1.,5P,SQNT1,,DP,38.646487,-110.673839,1629.5,2018.12,2018.121,Utah
5P.SQNT2.,5P,SQNT2,,DP,38.646506,-110.673859,1630.0,2018.12,2018.121,Utah
5P.SQNT3.,5P,SQNT3,,DP,38.646518,-110.673872,1630.0,2018.12,2018.121,Utah
5P.SQNT4.,5P,SQNT4,,DP,38.646543,-110.673899,1630.0,2018.12,2018.121,Utah
5P.SQNT5.,5P,SQNT5,,DP,38.646556,-110.673913,1630.0,2018.12,2018.121,Utah
5P.SQNT6.,5P,SQNT6,,DP,38.646565,-110.673923,1630.0,2018.12,2018.121,Utah
8J.1.,8J,1,,EH,38.399342,-113.018051,1496.0,2016.349,2017.015,Utah
8J.10.,8J,10,,EH,38.43222,-112.880234,1747.1,2016.349,2017.015,Utah
8J.11.,8J,11,,EH,38.426651,-112.846428,1902.4,2016.349,2017.015,Utah
8J.12.,8J,12,,EH,38.43272,-112.743973,2016.3,2016.349,2017.015,Utah
8J.13.,8J,13,,EH,38.46545,-113.017754,1488.2,2016.349,2017.015,Utah
8J.14.,8J,14,,EH,38.464458,-112.971916,1500.2,2016.349,2017.015,Utah
8J.15.,8J,15,,EH,38.468449,-112.927071,1574.4,2016.349,2017.015,Utah
8J.16.,8J,16,,EH,38.468189,-112.88131,1703.6,2016.349,2017.015,Utah
8J.17.,8J,17,,EH,38.46315,-112.837753,1944.5,2016.349,2017.015,Utah
8J.18.,8J,18,,EH,38.470501,-112.743629,2189.0,2016.349,2017.015,Utah
8J.19.,8J,19,,EH,38.493629,-113.016899,1483.4,2016.349,2017.015,Utah
8J.2.,8J,2,,EH,38.39473,-112.971001,1506.8,2016.349,2017.015,Utah
8J.20.,8J,20,,EH,38.504059,-112.973053,1489.1,2016.349,2017.015,Utah
8J.21.,8J,21,,EH,38.50425,-112.929573,1531.4,2016.349,2017.015,Utah
8J.22.,8J,22,,EH,38.505009,-112.836418,1889.2,2016.349,2017.015,Utah
8J.23.,8J,23,,EH,38.506851,-112.748108,1926.2,2016.349,2017.015,Utah
8J.24.,8J,24,,EH,38.537849,-113.021927,1482.5,2016.349,2017.015,Utah
8J.25.,8J,25,,EH,38.538502,-112.973953,1480.4,2016.349,2017.015,Utah
8J.26.,8J,26,,EH,38.53915,-112.928101,1511.0,2016.349,2017.015,Utah
8J.27.,8J,27,,EH,38.53875,-112.889236,1511.0,2016.349,2017.015,Utah
8J.28.,8J,28,,EH,38.545052,-112.848648,1720.7,2016.349,2017.015,Utah
8J.29.,8J,29,,EH,38.552681,-112.776756,1806.3,2016.349,2017.015,Utah
8J.3.,8J,3,,EH,38.395401,-112.925217,1616.8,2016.349,2017.015,Utah
8J.30.,8J,30,,EH,38.553741,-112.743561,1779.9,2016.349,2017.015,Utah
8J.31.,8J,31,,EH,38.574421,-113.022339,1465.0,2016.349,2017.015,Utah
8J.32.,8J,32,,EH,38.577332,-112.978981,1466.5,2016.349,2017.015,Utah
8J.33.,8J,33,,EH,38.574532,-112.930939,1487.3,2016.349,2017.015,Utah
8J.34.,8J,34,,EH,38.586609,-112.875847,1556.1,2016.349,2017.015,Utah
8J.35.,8J,35,,EH,38.5755,-112.847618,1723.7,2016.349,2017.015,Utah
8J.36.,8J,36,,EH,38.57336,-112.796127,1792.8,2016.349,2017.015,Utah
8J.37.,8J,37,,EH,38.589569,-112.7239,1702.4,2016.349,2017.015,Utah
8J.38.,8J,38,,EH,38.60957,-113.021378,1459.6,2016.349,2017.015,Utah
8J.39.,8J,39,,EH,38.61021,-112.977097,1464.5,2016.349,2017.015,Utah
8J.4.,8J,4,,EH,38.395611,-112.881104,1797.0,2016.349,2017.015,Utah
8J.40.,8J,40,,EH,38.610191,-112.930969,1476.8,2016.349,2017.015,Utah
8J.41.,8J,41,,EH,38.61377,-112.886749,1504.7,2016.349,2017.015,Utah
8J.42.,8J,42,,EH,38.60434,-112.850212,1617.3,2016.349,2017.015,Utah
8J.43.,8J,43,,EH,38.625149,-112.805946,1627.6,2016.349,2017.015,Utah
8J.44.,8J,44,,EH,38.62632,-112.746101,1676.5,2016.349,2017.015,Utah
8J.45.,8J,45,,EH,38.486191,-112.903214,1618.2,2016.349,2017.015,Utah
8J.46.,8J,46,,EH,38.486401,-112.89579,1645.9,2016.349,2017.015,Utah
8J.47.,8J,47,,EH,38.486488,-112.888313,1674.7,2016.349,2017.015,Utah
8J.48.,8J,48,,EH,38.486599,-112.88089,1704.8,2016.349,2017.015,Utah
8J.49.,8J,49,,EH,38.486698,-112.873398,1736.3,2016.349,2017.015,Utah
8J.5.,8J,5,,EH,38.399689,-112.84996,2002.8,2016.349,2017.015,Utah
8J.50.,8J,50,,EH,38.486801,-112.866013,1777.5,2016.349,2017.015,Utah
8J.51.,8J,51,,EH,38.487381,-112.858276,1787.1,2016.349,2017.015,Utah
8J.52.,8J,52,,EH,38.4921,-112.903397,1610.7,2016.349,2017.015,Utah
8J.53.,8J,53,,EH,38.492199,-112.895912,1634.2,2016.349,2017.015,Utah
8J.54.,8J,54,,EH,38.49231,-112.88858,1666.0,2016.349,2017.015,Utah
8J.55.,8J,55,,EH,38.49239,-112.88102,1692.8,2016.349,2017.015,Utah
8J.56.,8J,56,,EH,38.492599,-112.873611,1730.3,2016.349,2017.015,Utah
8J.57.,8J,57,,EH,38.49271,-112.866127,1768.5,2016.349,2017.015,Utah
8J.58.,8J,58,,EH,38.492809,-112.858704,1797.6,2016.349,2017.015,Utah
8J.59.,8J,59,,EH,38.497879,-112.903442,1600.5,2016.349,2017.015,Utah
8J.6.,8J,6,,EH,38.397839,-112.743973,1921.7,2016.349,2017.015,Utah
8J.60.,8J,60,,EH,38.498138,-112.896103,1624.0,2016.349,2017.015,Utah
8J.61.,8J,61,,EH,38.498211,-112.888588,1649.5,2016.349,2017.015,Utah
8J.62.,8J,62,,EH,38.498291,-112.881203,1689.2,2016.349,2017.015,Utah
8J.63.,8J,63,,EH,38.498409,-112.873703,1722.2,2016.349,2017.015,Utah
8J.64.,8J,64,,EH,38.498501,-112.866318,1757.3,2016.349,2017.015,Utah
8J.65.,8J,65,,EH,38.498711,-112.858803,1773.9,2016.349,2017.015,Utah
8J.66.,8J,66,,EH,38.503792,-112.903732,1593.3,2016.349,2017.015,Utah
8J.67.,8J,67,,EH,38.503922,-112.896271,1628.2,2016.349,2017.015,Utah
8J.68.,8J,68,,EH,38.50399,-112.888809,1622.2,2016.349,2017.015,Utah
8J.69.,8J,69,,EH,38.5042,-112.881378,1641.4,2016.349,2017.015,Utah
8J.7.,8J,7,,EH,38.43021,-113.018982,1511.0,2016.349,2017.015,Utah
8J.70.,8J,70,,EH,38.504311,-112.873932,1674.1,2016.349,2017.015,Utah
8J.71.,8J,71,,EH,38.50444,-112.866402,1712.3,2016.349,2017.015,Utah
8J.72.,8J,72,,EH,38.50449,-112.859009,1777.5,2016.349,2017.015,Utah
8J.73.,8J,73,,EH,38.50967,-112.903877,1580.1,2016.349,2017.015,Utah
8J.74.,8J,74,,EH,38.509811,-112.896393,1619.2,2016.349,2017.015,Utah
8J.75.,8J,75,,EH,38.50988,-112.888977,1638.4,2016.349,2017.015,Utah
8J.76.,8J,76,,EH,38.509998,-112.881462,1661.2,2016.349,2017.015,Utah
8J.77.,8J,77,,EH,38.510109,-112.8741,1700.0,2016.349,2017.015,Utah
8J.78.,8J,78,,EH,38.5103,-112.866608,1734.5,2016.349,2017.015,Utah
8J.79.,8J,79,,EH,38.510399,-112.859123,1759.4,2016.349,2017.015,Utah
8J.8.,8J,8,,EH,38.420399,-112.975677,1500.5,2016.349,2017.015,Utah
8J.80.,8J,80,,EH,38.515621,-112.903976,1573.8,2016.349,2017.015,Utah
8J.81.,8J,81,,EH,38.515598,-112.896744,1591.2,2016.349,2017.015,Utah
8J.82.,8J,82,,EH,38.515709,-112.889122,1627.0,2016.349,2017.015,Utah
8J.83.,8J,83,,EH,38.515949,-112.881599,1658.5,2016.349,2017.015,Utah
8J.84.,8J,84,,EH,38.515968,-112.874237,1680.7,2016.349,2017.015,Utah
8J.85.,8J,85,,EH,38.516109,-112.866837,1719.2,2016.349,2017.015,Utah
8J.86.,8J,86,,EH,38.516209,-112.859253,1750.4,2016.349,2017.015,Utah
8J.87.,8J,87,,EH,38.52145,-112.904297,1558.5,2016.349,2017.015,Utah
8J.88.,8J,88,,EH,38.52153,-112.896843,1584.0,2016.349,2017.015,Utah
8J.89.,8J,89,,EH,38.52169,-112.889282,1610.7,2016.349,2017.015,Utah
8J.9.,8J,9,,EH,38.431492,-112.926201,1610.1,2016.349,2017.015,Utah
8J.90.,8J,90,,EH,38.521702,-112.881767,1641.1,2016.349,2017.015,Utah
8J.91.,8J,91,,EH,38.52174,-112.874397,1668.7,2016.349,2017.015,Utah
8J.92.,8J,92,,EH,38.52206,-112.866859,1700.0,2016.349,2017.015,Utah
8J.93.,8J,93,,EH,38.522141,-112.859322,1742.3,2016.349,2017.015,Utah
8L.MG00.,8L,MG00,,DP,50.63626,-123.40807,470.0,2019.188,2019.214,British Columbia (Ca)
8L.MG01.,8L,MG01,,DP,50.60462,-123.41161,902.0,2019.19,2019.216,British Columbia (Ca)
8L.MG02.,8L,MG02,,DP,50.64072,-123.51139,2548.0,2019.19,2019.215,British Columbia (Ca)
8L.MG03.,8L,MG03,,DP,50.62653,-123.46885,1910.0,2019.189,2019.288,British Columbia (Ca)
8L.MG04.,8L,MG04,,DP,50.58922,-123.46811,1127.0,2019.189,2019.266,British Columbia (Ca)
8L.MG05.,8L,MG05,,DP,50.64132,-123.5547,1978.0,2019.189,2019.215,British Columbia (Ca)
8L.MG06.,8L,MG06,,DP,50.6236,-123.48434,2081.0,2019.192,2019.288,British Columbia (Ca)
8L.MG07.,8L,MG07,,DP,50.67776,-123.47342,671.0,2019.19,2019.263,British Columbia (Ca)
8L.MG08.,8L,MG08,,DP,50.59293,-123.49815,1761.0,2019.19,2019.215,British Columbia (Ca)
8L.MG09.,8L,MG09,,DP,50.5868,-123.55324,1600.0,2019.189,2019.215,British Columbia (Ca)
8L.MG10.,8L,MG10,,DP,50.637,-123.48003,1489.0,2019.189,2019.215,British Columbia (Ca)
8L.MG11.,8L,MG11,,DP,50.64925,-123.47657,1274.0,2019.189,2019.216,British Columbia (Ca)
8L.MG12.,8L,MG12,,DP,50.60435,-123.4879,1875.0,2019.19,2019.215,British Columbia (Ca)
8L.MG13.,8L,MG13,,DP,50.55408,-123.5088,1275.0,2019.188,2019.214,British Columbia (Ca)
8L.MG14.,8L,MG14,,DP,50.62062,-123.3905,404.0,2019.189,2019.262,British Columbia (Ca)
8L.MG15.,8L,MG15,,DP,50.62427,-123.53842,2326.0,2019.193,2019.218,British Columbia (Ca)
8L.MG16.,8L,MG16,,DP,50.63279,-123.56402,2299.0,2019.189,2019.214,British Columbia (Ca)
8L.MG17.,8L,MG17,,DP,50.68472,-123.45925,995.0,2019.19,2019.264,British Columbia (Ca)
8L.MG18.,8L,MG18,,DP,50.64873,-123.5298,1837.0,2019.189,2019.215,British Columbia (Ca)
8L.MG19.,8L,MG19,,DP,50.57404,-123.40156,1873.0,2019.19,2019.216,British Columbia (Ca)
8L.MG20.,8L,MG20,,DP,50.6149,-123.51068,1896.0,2019.19,2019.216,British Columbia (Ca)
8L.MG21.,8L,MG21,,DP,50.579068,-123.518038,1075.0,2019.239,2019.265,British Columbia (Ca)
8L.MG22.,8L,MG22,,DP,50.64381,-123.42794,457.0,2019.19,2019.264,British Columbia (Ca)
8L.MG23.,8L,MG23,,DP,50.62841,-123.40408,434.0,2019.189,2019.264,British Columbia (Ca)
8L.MG24.,8L,MG24,,DP,50.63169,-123.51539,2210.0,2019.19,2019.215,British Columbia (Ca)
8L.MG25.,8L,MG25,,DP,50.67159,-123.45297,975.0,2019.19,2019.264,British Columbia (Ca)
8L.MG26.,8L,MG26,,DP,50.61806,-123.57202,2320.0,2019.19,2019.216,British Columbia (Ca)
8L.MG27.,8L,MG27,,DP,50.61248,-123.38276,397.0,2019.191,2019.264,British Columbia (Ca)
8L.MG28.,8L,MG28,,DP,50.62561,-123.47639,2019.0,2019.189,2019.287,British Columbia (Ca)
8L.MG29.,8L,MG29,,DP,50.63884,-123.4142,458.0,2019.19,2019.262,British Columbia (Ca)
8L.MG30.,8L,MG30,,DP,50.54525,-123.54939,1430.0,2019.188,2019.215,British Columbia (Ca)
8L.MG31.,8L,MG31,,DP,50.65802,-123.44321,530.0,2019.19,2019.264,British Columbia (Ca)
8L.MG32.,8L,MG32,,DP,50.56797,-123.44536,1100.0,2019.188,2019.214,British Columbia (Ca)
8L.MG33.,8L,MG33,,DP,50.57565,-123.56944,940.0,2019.188,2019.214,British Columbia (Ca)
8L.MG34.,8L,MG34,,DP,50.59634,-123.57192,1511.0,2019.189,2019.216,British Columbia (Ca)
8L.MG35.,8L,MG35,,DP,50.63783,-123.52672,1943.0,2019.189,2019.214,British Columbia (Ca)
8L.MG36.,8L,MG36,,DP,50.6459,-123.54264,1478.0,2019.19,2019.214,British Columbia (Ca)
8L.MG37.,8L,MG37,,DP,50.61205,-123.53722,1851.0,2019.192,2019.218,British Columbia (Ca)
8L.MG38.,8L,MG38,,DP,50.62365,-123.4253,1018.0,2019.19,2019.198,British Columbia (Ca)
8L.MG39.,8L,MG39,,DP,50.60485,-123.44855,971.0,2019.189,2019.266,British Columbia (Ca)
8L.MG40.,8L,MG40,,DP,50.5621,-123.46964,760.0,2019.188,2019.213,British Columbia (Ca)
8L.MG41.,8L,MG41,,DP,50.66012,-123.50732,1536.0,2019.189,2019.195,British Columbia (Ca)
8L.MG42.,8L,MG42,,DP,50.68544,-123.52715,728.0,2019.189,2019.212,British Columbia (Ca)
8L.MG43.,8L,MG43,,DP,50.68297,-123.51312,740.0,2019.19,2019.266,British Columbia (Ca)
8L.MG44.,8L,MG44,,DP,50.56822,-123.53552,860.0,2019.19,2019.263,British Columbia (Ca)
8L.MG45.,8L,MG45,,DP,50.57728,-123.48107,1003.0,2019.19,2019.216,British Columbia (Ca)
8L.MG46.,8L,MG46,,DP,50.58015,-123.42284,1717.0,2019.19,2019.216,British Columbia (Ca)
8L.MG47.,8L,MG47,,DP,50.61831,-123.54012,2022.0,2019.192,2019.215,British Columbia (Ca)
8L.MG48.,8L,MG48,,DP,50.56578,-123.48325,718.0,2019.19,2019.217,British Columbia (Ca)
8L.MG49.,8L,MG49,,DP,50.58718,-123.38298,875.0,2019.19,2019.216,British Columbia (Ca)
8L.MG50.,8L,MG50,,DP,50.60378,-123.36972,393.0,2019.191,2019.267,British Columbia (Ca)
8L.MG51.,8L,MG51,,DP,50.60088,-123.35293,347.0,2019.191,2019.267,British Columbia (Ca)
8L.MG52.,8L,MG52,,DP,50.54021,-123.48535,763.0,2019.191,2019.265,British Columbia (Ca)
8L.MG53.,8L,MG53,,DP,50.55171,-123.47782,730.0,2019.191,2019.266,British Columbia (Ca)
8L.MG54.,8L,MG54,,DP,50.57605,-123.45898,584.0,2019.191,2019.268,British Columbia (Ca)
8L.MG55.,8L,MG55,,DP,50.5841,-123.34467,460.0,2019.191,2019.217,British Columbia (Ca)
8L.MG56.,8L,MG56,,DP,50.5789,-123.32178,374.0,2019.191,2019.214,British Columbia (Ca)
8L.MG57.,8L,MG57,,DP,50.58395,-123.53534,1755.0,2019.193,2019.219,British Columbia (Ca)
8L.MG58.,8L,MG58,,DP,50.64865,-123.03358,1207.0,2019.193,2019.216,British Columbia (Ca)
8L.MG59.,8L,MG59,,DP,50.624421,-123.480907,2051.0,2019.261,2019.288,British Columbia (Ca)
8L.MG60.,8L,MG60,,DP,50.624531,-123.480962,2049.0,2019.261,2019.288,British Columbia (Ca)
8L.RDG.,8L,RDG,,HH,50.6254,-123.4772,1979.0,2019.24,2019.3,British Columbia (Ca)
9H.10.,9H,10,,DP,40.761859,-111.856309,1000.0,2018.039,2018.073,Utah
9H.11.,9H,11,,DP,40.7619,-111.8613,1000.0,2018.039,2018.073,Utah
9H.118.,9H,118,,DP,40.733903,-111.870139,1308.0,2018.041,2018.079,Utah
9H.119.,9H,119,,DP,40.733952,-111.868804,1309.0,2018.041,2018.08,Utah
9H.12.,9H,12,,DP,40.736112,-111.812442,1526.0,2018.039,2018.073,Utah
9H.120.,9H,120,,DP,40.73355,-111.867707,1312.0,2018.041,2018.078,Utah
9H.121.,9H,121,,DP,40.733983,-111.867603,1311.0,2018.041,2018.078,Utah
9H.122.,9H,122,,DP,40.733058,-111.866483,1218.0,2018.041,2018.079,Utah
9H.123.,9H,123,,DP,40.733804,-111.864871,1321.0,2018.041,2018.079,Utah
9H.124.,9H,124,,DP,40.733143,-111.8647,1319.0,2018.041,2018.078,Utah
9H.125.,9H,125,,DP,40.733927,-111.864276,1317.0,2018.041,2018.078,Utah
9H.126.,9H,126,,DP,40.733874,-111.863708,1322.0,2018.041,2018.073,Utah
9H.129.,9H,129,,DP,40.73382,-111.862158,1320.0,2018.041,2018.077,Utah
9H.130.,9H,130,,DP,40.733838,-111.861364,1322.0,2018.041,2018.079,Utah
9H.131.,9H,131,,DP,40.7337,-111.8604,1321.0,2018.041,2018.077,Utah
9H.132.,9H,132,,DP,40.733173,-111.859022,1323.0,2018.041,2018.077,Utah
9H.133.,9H,133,,DP,40.734015,-111.858305,1323.0,2018.041,2018.075,Utah
9H.134.,9H,134,,DP,40.733639,-111.856518,1331.0,2018.041,2018.078,Utah
9H.136.,9H,136,,DP,40.733664,-111.855642,1338.0,2018.041,2018.077,Utah
9H.137.,9H,137,,DP,40.733912,-111.855178,1341.0,2018.041,2018.078,Utah
9H.139.,9H,139,,DP,40.733247,-111.853437,1349.0,2018.041,2018.077,Utah
9H.140.,9H,140,,DP,40.733227,-111.852117,1357.0,2018.041,2018.076,Utah
9H.141.,9H,141,,DP,40.7331,-111.85168,1361.0,2018.041,2018.079,Utah
9H.142.,9H,142,,DP,40.733392,-111.849844,1365.0,2018.041,2018.077,Utah
9H.143.,9H,143,,DP,40.73311,-111.84933,1369.0,2018.041,2018.078,Utah
9H.144.,9H,144,,DP,40.73324,-111.848296,1368.0,2018.041,2018.049,Utah
9H.145.,9H,145,,DP,40.73335,-111.84721,1370.0,2018.041,2018.077,Utah
9H.146.,9H,146,,DP,40.733167,-111.846461,1371.0,2018.041,2018.077,Utah
9H.147.,9H,147,,DP,40.733098,-111.844582,1372.0,2018.041,2018.077,Utah
9H.149.,9H,149,,DP,40.7333,-111.84328,1384.0,2018.041,2018.077,Utah
9H.150.,9H,150,,DP,40.73349,-111.84152,1387.0,2018.041,2018.079,Utah
9H.152.,9H,152,,DP,40.733307,-111.840608,1390.0,2018.041,2018.078,Utah
9H.153.,9H,153,,DP,40.733464,-111.839193,1390.0,2018.041,2018.078,Utah
9H.155.,9H,155,,DP,40.733456,-111.838115,1392.0,2018.041,2018.078,Utah
9H.157.,9H,157,,DP,40.733435,-111.836157,1395.0,2018.041,2018.076,Utah
9H.16.,9H,16,,DP,40.730428,-111.840778,1381.0,2018.039,2018.071,Utah
9H.17.,9H,17,,DP,40.710804,-111.870555,1311.0,2018.039,2018.073,Utah
9H.18.,9H,18,,DP,40.724055,-111.80666,1500.0,2018.039,2018.072,Utah
9H.19.,9H,19,,DP,40.813465,-111.729679,1000.0,2018.049,2018.082,Utah
9H.20.,9H,20,,DP,40.7859,-111.8621,1000.0,2018.039,2018.074,Utah
9H.208.,9H,208,,DP,40.734246,-111.861624,1500.0,2018.048,2018.083,Utah
9H.209.,9H,209,,DP,40.734052,-111.861624,1500.0,2018.048,2018.083,Utah
9H.21.,9H,21,,DP,40.750392,-111.837795,1430.0,2018.039,2018.073,Utah
9H.210.,9H,210,,DP,40.735963,-111.86163,1500.0,2018.048,2018.082,Utah
9H.211.,9H,211,,DP,40.738784,-111.861721,1500.0,2018.048,2018.081,Utah
9H.214.,9H,214,,DP,40.76361,-111.86014,1500.0,2018.048,2018.082,Utah
9H.217.,9H,217,,DP,40.73382,-111.846677,1500.0,2018.048,2018.078,Utah
9H.218.,9H,218,,DP,40.733625,-111.846454,1500.0,2018.048,2018.081,Utah
9H.219.,9H,219,,DP,40.73388,-111.845571,1500.0,2018.048,2018.082,Utah
9H.22.,9H,22,,DP,40.741165,-111.853155,1000.0,2018.049,2018.081,Utah
9H.222.,9H,222,,DP,40.733632,-111.846656,1500.0,2018.048,2018.082,Utah
9H.223.,9H,223,,DP,40.734308,-111.846421,1500.0,2018.048,2018.083,Utah
9H.224.,9H,224,,DP,40.735221,-111.84664,1500.0,2018.048,2018.083,Utah
9H.225.,9H,225,,DP,40.73889,-111.846597,1500.0,2018.048,2018.083,Utah
9H.23.,9H,23,,DP,40.738307,-111.82616,1435.0,2018.039,2018.073,Utah
9H.24.,9H,24,,DP,40.752614,-111.875536,1000.0,2018.049,2018.081,Utah
9H.27.,9H,27,,DP,40.735707,-111.868603,1312.0,2018.039,2018.071,Utah
9H.29.,9H,29,,DP,40.786944,-111.870537,1000.0,2018.049,2018.08,Utah
9H.30.,9H,30,,DP,40.713154,-111.881501,1311.0,2018.039,2018.069,Utah
9H.31.,9H,31,,DP,40.7674,-111.857,1000.0,2018.039,2018.073,Utah
9H.36.,9H,36,,DP,40.74296,-111.856109,1346.0,2018.039,2018.057,Utah
9H.37.,9H,37,,DP,40.727528,-111.882552,1304.0,2018.039,2018.07,Utah
9H.38.,9H,38,,DP,40.779651,-111.920483,1000.0,2018.049,2018.082,Utah
9H.4.,9H,4,,DP,40.781224,-111.723482,1000.0,2018.049,2018.083,Utah
9H.40.,9H,40,,DP,40.742572,-111.858447,1332.0,2018.039,2018.071,Utah
9H.41.,9H,41,,DP,40.758,-111.8672,1000.0,2018.039,2018.073,Utah
9H.43.,9H,43,,DP,40.737609,-111.843882,1395.0,2018.039,2018.072,Utah
9H.45.,9H,45,,DP,40.7597,-111.859,1000.0,2018.039,2018.073,Utah
9H.48.,9H,48,,DP,40.777017,-111.867006,1000.0,2018.049,2018.082,Utah
9H.49.,9H,49,,DP,40.738854,-111.86767,1000.0,2018.049,2018.082,Utah
9H.51.,9H,51,,DP,40.727756,-111.81536,1500.0,2018.039,2018.072,Utah
9H.52.,9H,52,,DP,40.7724,-111.8588,1000.0,2018.039,2018.073,Utah
9H.55.,9H,55,,DP,40.723485,-111.866947,1320.0,2018.039,2018.069,Utah
9H.56.,9H,56,,DP,40.782044,-111.920483,1000.0,2018.049,2018.081,Utah
9H.58.,9H,58,,DP,40.723604,-111.83353,1379.0,2018.039,2018.073,Utah
9H.6.,9H,6,,DP,40.7637,-111.8602,1000.0,2018.039,2018.072,Utah
AE.113A.,AE,113A,,"BH,HH,VE",32.768299,-113.766701,118.0,2009.028,3000.001,Arizona
AE.214A.,AE,214A,,"AC,HH,HN",31.9559,-112.811501,543.0,2018.25,3000.001,Arizona
AE.214A.EP,AE,214A,EP,"BD,LC,LD,LE,LI,LK",31.9559,-112.811501,543.0,2018.25,3000.001,Arizona
AE.319A.,AE,319A,,"BH,HH,VE",31.3757,-109.280899,1187.0,2011.335,3000.001,Arizona
AE.BABIT.,AE,BABIT,,HH,35.745548,-112.422218,1693.6,2017.3,3000.001,Arizona
AE.BARN.,AE,BARN,,HH,35.27668,-111.73571,2254.0,2017.3,3000.001,Arizona
AE.DOVA.,AE,DOVA,,HH,35.307304,-111.73078,2505.0,2022.3,3000.001,Arizona
AE.DUN6.,AE,DUN6,,HH,32.553799,-109.090103,1259.0,2016.001,3000.001,Arizona
AE.HANNA.,AE,HANNA,,HH,33.63636,-109.32029,2796.0,2017.3,3000.001,Arizona
AE.HANNA.EP,AE,HANNA,EP,"BD,LC,LD,LE,LI,LK",33.63636,-109.32029,2796.0,2017.3,3000.001,Arizona
AE.LOGN.,AE,LOGN,,"AC,HH,LC,LH,LO,OC,UH,VC,VE,VH,VK,VM,VP",36.352953,-113.198284,2296.0,2022.2,3000.001,Arizona
AE.LOGN.EP,AE,LOGN,EP,"BD,LC,LD,LE,LI,LK",36.352953,-113.198284,2296.0,2022.2,3000.001,Arizona
AE.PRCT.,AE,PRCT,,HH,35.055786,-112.710289,1410.0,2017.3,3000.001,Arizona
AE.TONTO.,AE,TONTO,,HH,33.649147,-111.007675,660.6,2017.3,3000.001,Arizona
AE.U15A.,AE,U15A,,"BH,HH,LT,VE",36.428001,-112.291496,2489.0,2011.335,3000.001,Arizona
AE.W13A.,AE,W13A,,"BH,HH,VE",35.097382,-113.894318,2113.0,2011.335,3000.001,Arizona
AE.W18A.,AE,W18A,,"AC,HH,LC,LH,LO,OC,UH,VC,VE,VH,VK,VM,VP",35.118099,-109.735703,1750.0,2018.25,3000.001,Arizona
AE.W18A.EP,AE,W18A,EP,"BD,LC,LD,LE,LI,LK",35.118099,-109.735703,1750.0,2018.25,3000.001,Arizona
AE.X16A.,AE,X16A,,"BH,HH,VE",34.417801,-111.441101,1759.4,2009.035,3000.001,Arizona
AE.X18A.,AE,X18A,,"BH,HH,VE",34.529301,-109.950104,1751.0,2011.335,3000.001,Arizona
AE.Y14A.,AE,Y14A,,"BH,HH,VE",33.938301,-113.004799,730.7,2011.335,3000.001,Arizona
AE.Y14B.,AE,Y14B,,HH,34.05799,-113.113267,765.8,2024.089,3000.001,Arizona
AP.PVFF.00,AP,PVFF,00,CN,33.39,-112.86,260.0,2015.344,3000.001,Arizona
AP.PVFF.01,AP,PVFF,01,CN,33.39,-112.86,260.0,2015.344,3000.001,Arizona
AP.PVFF.02,AP,PVFF,02,CN,33.39,-112.86,260.0,2015.344,3000.001,Arizona
AR.113A.,AR,113A,,"AC,BH,LC,LH,LO,OC,UH,VC,VE,VH,VK,VM,VP",32.768299,-113.766701,118.0,2010.148,2011.33,Arizona
AR.319A.,AR,319A,,"AC,BH,LC,LH,LO,OC,UH,VC,VE,VH,VK,VM,VP",31.3757,-109.280899,1187.0,2010.148,2011.33,Arizona
AR.319A.00,AR,319A,00,VH,31.3757,-109.280899,1187.0,2010.148,2011.33,Arizona
AR.AJAR.,AR,AJAR,,EH,34.8862,-110.571503,1586.0,2000.001,3000.001,Arizona
AR.CCAZ.,AR,CCAZ,,EH,35.65163,-112.298416,1724.0,2000.001,2013.18,Arizona
AR.CCAZ.01,AR,CCAZ,01,EH,35.65163,-112.298416,1724.0,2013.181,3000.001,Arizona
AR.FLAG.,AR,FLAG,,EH,35.167198,-111.6437,2120.0,2000.001,2013.18,Arizona
AR.FLAG.01,AR,FLAG,01,EH,35.167198,-111.6437,2120.0,2013.181,3000.001,Arizona
AR.GCAZ.01,AR,GCAZ,01,EH,36.058537,-112.183601,2072.0,2013.181,3000.001,Arizona
AR.GCN.,AR,GCN,,EH,36.043999,-112.127998,2294.0,2000.001,2013.18,Arizona
AR.HTCH.,AR,HTCH,,EH,34.806,-111.393997,2559.0,2000.001,3000.001,Arizona
AR.MTLO.,AR,MTLO,,EH,36.3214,-113.1689,2146.0,2000.001,2013.18,Arizona
AR.PGAZ.,AR,PGAZ,,EH,36.905998,-111.461998,2418.0,2000.001,2013.18,Arizona
AR.PGAZ.01,AR,PGAZ,01,EH,36.905998,-111.461998,2418.0,2013.181,3000.001,Arizona
AR.SMAZ.01,AR,SMAZ,01,EH,36.321419,-113.168953,2200.0,2013.181,3000.001,Arizona
AR.TSAZ.01,AR,TSAZ,01,EH,35.270111,-112.232933,2313.1,2013.181,3000.001,Arizona
AR.U15A.,AR,U15A,,"AC,BH,LC,LH,LO,OC,UH,VC,VE,VH,VK,VM,VP",36.428001,-112.291496,2489.0,2010.148,2011.33,Arizona
AR.W13A.,AR,W13A,,"AC,BH,LC,LH,LO,OC,UH,VC,VE,VH,VK,VM,VP",35.098999,-113.885399,1988.2,2010.148,2011.33,Arizona
AR.WMZ.,AR,WMZ,,EH,35.157295,-112.326393,2037.0,2000.001,2013.18,Arizona
AR.WMZ.01,AR,WMZ,01,EH,35.157295,-112.326393,2037.0,2013.181,3000.001,Arizona
AR.X16A.,AR,X16A,,"AC,BH,LC,LH,LO,OC,UH,VC,VE,VH,VK,VM,VP",34.417801,-111.441101,1759.4,2010.148,2011.328,Arizona
AR.X18A.,AR,X18A,,"AC,BH,LC,LH,LO,OC,UH,VC,VE,VH,VK,VM,VP",34.529301,-109.950104,1751.0,2010.148,2011.33,Arizona
AR.Y14A.,AR,Y14A,,"AC,BH,LC,LH,LO,OC,UH,VC,VE,VH,VK,VM,VP",33.938301,-113.004799,730.7,2010.148,2011.33,Arizona
AR.Z14A.,AR,Z14A,,"AC,BH,LC,LH,LO,OC,UH,VC,VE,VH,VK,VM,VP",33.362701,-112.945801,297.8,2010.148,2010.267,Arizona
BC.AGSX.,BC,AGSX,,"HH,HN",32.2658,-115.1605,0.0,2017.335,3000.001,Baja California (Me)
BC.AGUTJ.01,BC,AGUTJ,01,HN,32.4758,-117.006,223.4,2013.297,3000.001,Baja California (Me)
BC.ALAMX.,BC,ALAMX,,"HH,HN",32.0075,-115.7083,325.0,2015.337,3000.001,Baja California (Me)
BC.CBX.,BC,CBX,,"HH,HN",32.3131,-116.6636,1250.0,2002.053,3000.001,Baja California (Me)
BC.CCX.,BC,CCX,,"HH,HN",31.867887,-116.66446,36.6,2011.18,3000.001,Baja California (Me)
BC.CHX.,BC,CHX,,"BH,HH,HN",31.4721,-115.0521,40.0,2013.305,3000.001,Baja California (Me)
BC.CNAEN.01,BC,CNAEN,01,HN,31.8915,-116.603,46.0,2023.181,3000.001,Baja California (Me)
BC.CORX.,BC,CORX,,"HH,HN",32.4154,-117.2482,74.24,2018.138,3000.001,Baja California (Me)
BC.CPX.,BC,CPX,,"BH,HH,HN",32.4195,-115.305,192.0,2009.303,3000.001,Baja California (Me)
BC.DEPTJ.01,BC,DEPTJ,01,HN,32.51,-117.054,205.5,2014.297,3000.001,Baja California (Me)
BC.DOCTX.,BC,DOCTX,,"HH,HN",31.9595,-114.7452,0.0,2015.174,3000.001,Sonora (Me)
BC.DOCX.,BC,DOCX,,"HH,HN",31.9595,-114.7452,0.0,2015.174,3000.001,Sonora (Me)
BC.GUVIX.,BC,GUVIX,,"HH,HN",32.3029,-115.076,10.0,2014.164,3000.001,Baja California (Me)
BC.HGTTJ.01,BC,HGTTJ,01,HN,32.526,-117.009,25.0,2013.324,3000.001,Baja California (Me)
BC.JARAX.,BC,JARAX,,"HH,HN",32.5378,-115.5815,0.0,2015.169,3000.001,Baja California (Me)
BC.OJONX.,BC,OJONX,,"HH,HN",31.8573,-116.099,894.0,2022.359,3000.001,Baja California (Me)
BC.PBX.,BC,PBX,,"HH,HN",31.7415,-116.7251,345.0,2017.194,3000.001,Baja California (Me)
BC.PESCX.,BC,PESCX,,"HH,HN",32.4338,-114.9649,0.0,2015.192,3000.001,Baja California (Me)
BC.PIPTJ.01,BC,PIPTJ,01,HN,32.4985,-116.886,0.0,2013.297,3000.001,Baja California (Me)
BC.PIX.,BC,PIX,,"HH,HN",31.5629,-113.4599,77.8,2011.196,3000.001,Sonora (Me)
BC.PLATJ.01,BC,PLATJ,01,HN,32.5056,-117.123,22.1,2013.297,3000.001,Baja California (Me)
BC.POT2.01,BC,POT2,01,HN,32.627,-115.385,5.8,2011.191,3000.001,Baja California (Me)
BC.RHX.,BC,RHX,,"HH,HN",32.135,-115.2843,16.0,2013.238,3000.001,Baja California (Me)
BC.RITX.,BC,RITX,,"HH,HN",32.166,-114.96158,9.0,2015.169,3000.001,Sonora (Me)
BC.RMX.,BC,RMX,,"HH,HN",32.5535,-116.0288,1278.0,2011.284,3000.001,Baja California (Me)
BC.SFX.,BC,SFX,,"HH,HN",31.0376,-114.851,39.0,2012.186,3000.001,Baja California (Me)
BC.SJX.,BC,SJX,,"HH,HN",32.0048,-115.948,1616.0,2012.08,3000.001,Baja California (Me)
BC.SLRCX.,BC,SLRCX,,"HH,HN",32.4579,-114.7049,47.0,2015.157,3000.001,Sonora (Me)
BC.SLRX.,BC,SLRX,,"HH,HN",32.45885,-114.706,49.0,2014.164,2015.153,Sonora (Me)
BC.SPX.,BC,SPX,,"HH,HN",31.0451,-115.466,2835.0,2001.152,2015.189,Baja California (Me)
BC.SQX.,BC,SQX,,"HH,HN",30.57618,-115.875796,101.0,2011.342,3000.001,Baja California (Me)
BC.SV2X.,BC,SV2X,,"HH,HN",31.3398,-116.2384,135.0,2017.095,3000.001,Baja California (Me)
BC.TJX.,BC,TJX,,"HH,HN",32.51017,-117.0543,210.0,2011.29,3000.001,Baja California (Me)
BC.TKX.,BC,TKX,,"HH,HN",32.5687,-116.6075,541.0,2011.284,3000.001,Baja California (Me)
BC.TL2X.,BC,TL2X,,HH,32.4481,-115.109,15.0,2021.135,3000.001,Baja California (Me)
BC.TLX.,BC,TLX,,HH,32.448,-115.0587,15.0,2013.142,3000.001,Baja California (Me)
BC.UABX.,BC,UABX,,"HH,HN",32.6316,-115.4447,44.29,2011.181,3000.001,Baja California (Me)
BC.VTX.,BC,VTX,,"HH,HN",31.3914,-115.784,746.0,2011.313,3000.001,Baja California (Me)
BC.YUC2X.,BC,YUC2X,,"HH,HN",32.6054,-115.094,22.0,2021.135,3000.001,Baja California (Me)
BC.YUCAX.,BC,YUCAX,,"HH,HN",32.6054,-115.0094,0.0,2015.173,3000.001,Baja California (Me)
C8.AHCB.,C8,AHCB,,HH,48.9325,-123.7373,50.0,2003.058,2007.05,British Columbia (Ca)
C8.ATLB.,C8,ATLB,,"BH,HH",50.2184,-127.06,266.0,2005.111,2006.255,British Columbia (Ca)
C8.CPLB.,C8,CPLB,,"BH,HH",48.6118,-124.7512,40.0,2004.112,2005.285,British Columbia (Ca)
C8.FCBC.,C8,FCBC,,HH,48.9742,-124.7358,255.0,2006.353,2007.046,British Columbia (Ca)
C8.FHRB.,C8,FHRB,,HH,50.0604,-127.1158,5.0,2009.071,2015.297,British Columbia (Ca)
C8.GLBC.,C8,GLBC,,"BH,HH",48.396,-123.6363,100.0,2004.093,2005.289,British Columbia (Ca)
C8.JRBB.,C8,JRBB,,HH,48.43,-124.0522,24.0,2008.134,2008.157,British Columbia (Ca)
C8.JRBC.,C8,JRBC,,"BH,HH",48.3957,-123.96,20.0,2004.094,2007.015,British Columbia (Ca)
C8.KHVB.,C8,KHVB,,BH,48.5688,-123.4663,39.0,2003.059,2004.218,British Columbia (Ca)
C8.LCBC.,C8,LCBC,,HH,48.4834,-124.2619,100.0,2004.09,2005.285,British Columbia (Ca)
C8.MGCB.,C8,MGCB,,HH,48.6317,-123.6808,236.0,2002.098,2007.05,British Columbia (Ca)
C8.MWAB.,C8,MWAB,,HH,49.7411,-125.3032,1176.0,2009.212,3000.001,British Columbia (Ca)
C8.PHYB.,C8,PHYB,,HH,49.0828,-123.8431,39.0,2003.06,2005.287,British Columbia (Ca)
C8.PPSB.,C8,PPSB,,HH,48.3956,-123.6768,101.0,2006.306,2007.046,British Columbia (Ca)
C8.SHDB.,C8,SHDB,,"BH,HH",48.797,-123.636,55.0,2003.059,2007.083,British Columbia (Ca)
C8.SHVB.,C8,SHVB,,"BH,HH",48.4723,-123.636,69.0,2003.058,2005.286,British Columbia (Ca)
C8.SOKB.,C8,SOKB,,HH,48.3947,-123.6731,45.0,2008.077,2015.018,British Columbia (Ca)
C8.SPLB.,C8,SPLB,,HH,49.8921,-125.6526,276.0,2009.211,3000.001,British Columbia (Ca)
C8.TASB.,C8,TASB,,"BH,HH",49.9266,-126.6513,18.0,2005.014,2006.272,British Columbia (Ca)
C8.TFRB.,C8,TFRB,,HH,48.9332,-124.6363,853.0,2004.149,2004.231,British Columbia (Ca)
C8.THAB.,C8,THAB,,"BH,HH",49.28,-124.9184,115.0,2003.074,2007.05,British Columbia (Ca)
C8.TWBB.,C8,TWBB,,HH,48.5846,-124.092,122.0,2002.331,2007.045,British Columbia (Ca)
C8.WTRB.,C8,WTRB,,"BH,HH",50.1298,-126.0353,353.0,2005.111,2006.272,British Columbia (Ca)
CI.CDD.,CI,CDD,,"AB,AC,AD,AL,AM,AN,AP,AR,AS,AT,AW,BH,HH,HN,LA,LC,LE,LF,LH,LN,LO,LS,OC,VA,VC,VE,VF,VG,VH,VI,VK,VM,VP",32.58395,-114.35617,213.6,2019.192,3000.001,Arizona
CI.CDD.2C,CI,CDD,2C,HN,32.58395,-114.35617,213.6,2019.192,2025.252,Arizona
CI.Q0080.01,CI,Q0080,01,HN,34.092167,-118.401436,176.0,2014.345,3000.001,California
CI.YMD.,CI,YMD,,EH,32.553951,-114.55352,39.0,1975.001,2017.306,Arizona
CN.ALB.,CN,ALB,,EH,49.27,-124.8287,27.0,1996.088,2012.323,British Columbia (Ca)
CN.BAIB.,CN,BAIB,,"HH,HN",52.5757,-131.7534,804.0,2017.222,3000.001,British Columbia (Ca)
CN.BLBC.,CN,BLBC,,EH,52.044,-119.2439,2357.0,1997.168,2018.046,British Columbia (Ca)
CN.BNB.,CN,BNB,,EH,52.5758,-131.7522,756.0,1996.057,2019.031,British Columbia (Ca)
CN.BOIB.,CN,BOIB,,"HH,HN",49.3903,-123.3788,470.0,2021.08,3000.001,British Columbia (Ca)
CN.BPBC.,CN,BPBC,,EH,50.1571,-127.7721,729.0,1995.04,2018.165,British Columbia (Ca)
CN.BPEB.,CN,BPEB,,"HH,HN",50.1566,-127.7719,737.0,2018.173,3000.001,British Columbia (Ca)
CN.BTB.,CN,BTB,,"EH,HH,HN",49.4686,-125.5226,1607.0,1996.3,3000.001,British Columbia (Ca)
CN.CBB.,CN,CBB,,"BH,HH,HN",50.0315,-125.3652,277.0,1996.333,3000.001,British Columbia (Ca)
CN.CLRS.,CN,CLRS,,"HH,HN",48.8203,-124.1309,174.0,2014.254,3000.001,British Columbia (Ca)
CN.DOWB.,CN,DOWB,,EH,51.518,-118.517,592.0,1997.164,2012.125,British Columbia (Ca)
CN.EDB.,CN,EDB,,"BH,EH,HH,HN,SH",49.873,-127.1216,150.0,1982.119,3000.001,British Columbia (Ca)
CN.EDB.00,CN,EDB,00,BH,49.873,-127.1216,150.0,2004.163,3000.001,British Columbia (Ca)
CN.FHBB.,CN,FHBB,,"HH,HN",50.0605,-127.1146,12.0,2019.323,3000.001,British Columbia (Ca)
CN.GDR.,CN,GDR,,"EH,HH,HN",49.7805,-126.0557,123.0,1996.333,3000.001,British Columbia (Ca)
CN.GHNB.,CN,GHNB,,"BH,HH,HN",49.3065,-124.2364,5.0,2003.06,3000.001,British Columbia (Ca)
CN.GOBB.,CN,GOBB,,"EH,HH,HN",48.9493,-123.5105,173.0,1999.033,3000.001,British Columbia (Ca)
CN.HG1B.,CN,HG1B,,"EH,HH",52.9345,-132.1307,5.0,2012.312,3000.001,British Columbia (Ca)
CN.HG4B.,CN,HG4B,,"EH,HH,HN",52.2931,-131.1976,328.0,2012.31,2018.031,British Columbia (Ca)
CN.HNB.,CN,HNB,,"BH,EH",49.2745,-122.5792,183.0,1997.067,2010.212,British Columbia (Ca)
CN.HNBB.,CN,HNBB,,"HH,HN",49.2873,-122.5729,392.0,2013.322,2019.177,British Columbia (Ca)
CN.HNYB.,CN,HNYB,,"HH,HN",49.3055,-122.5793,425.0,2020.241,3000.001,British Columbia (Ca)
CN.HOLB.,CN,HOLB,,"EH,HH,HN",50.6402,-128.1331,547.0,1995.04,3000.001,British Columbia (Ca)
CN.HOPB.,CN,HOPB,,"BH,HH,HN",49.3872,-121.4206,236.0,2001.327,3000.001,British Columbia (Ca)
CN.JEDB.,CN,JEDB,,"HH,HN",52.2931,-131.1976,328.0,2018.031,3000.001,British Columbia (Ca)
CN.LLLB.,CN,LLLB,,"BH,HH,HN",50.609,-121.8815,700.0,1998.321,3000.001,British Columbia (Ca)
CN.LZB.,CN,LZB,,BH,48.6122,-123.824,794.0,2001.01,2014.168,British Columbia (Ca)
CN.MAYB.,CN,MAYB,,"EH,HH,HN",50.4025,-127.1737,1418.0,1994.321,3000.001,British Columbia (Ca)
CN.MCMB1.,CN,MCMB1,,BH,52.8217,-123.819,1233.8,2007.326,2008.166,British Columbia (Ca)
CN.MGB.,CN,MGB,,"EH,HH",48.9999,-124.697,1310.0,1996.3,2017.173,British Columbia (Ca)
CN.MGMB.,CN,MGMB,,"HH,HN",50.6279,-123.4081,420.0,2016.255,2019.198,British Columbia (Ca)
CN.MGRB.,CN,MGRB,,"HH,HN",48.9997,-124.6971,1310.0,2018.297,3000.001,British Columbia (Ca)
CN.MNB.,CN,MNB,,EH,52.1976,-118.3887,2167.0,1997.168,2018.046,British Columbia (Ca)
CN.MYRA.,CN,MYRA,,HH,49.551,-125.5705,632.0,2018.299,3000.001,British Columbia (Ca)
CN.NAB.,CN,NAB,,EH,49.2221,-124.0042,258.0,1997.067,2003.363,British Columbia (Ca)
CN.NCRB.,CN,NCRB,,EH,50.4035,-126.0553,1293.0,1998.321,2020.029,British Columbia (Ca)
CN.NCSB.,CN,NCSB,,"HH,HN",50.4031,-126.0559,1297.0,2017.305,3000.001,British Columbia (Ca)
CN.NLLB.,CN,NLLB,,"BH,HH,HN",49.2271,-123.9882,199.0,2003.001,3000.001,British Columbia (Ca)
CN.OZB.,CN,OZB,,"BH,HH,HN",48.9612,-125.4978,626.0,1996.088,3000.001,British Columbia (Ca)
CN.PFB.,CN,PFB,,"EH,HH",48.5747,-124.4541,449.0,1997.074,2018.354,British Columbia (Ca)
CN.PHC.,CN,PHC,,"BH,HH,HN",50.7067,-127.433,32.0,1995.348,3000.001,British Columbia (Ca)
CN.PMB.,CN,PMB,,BH,50.5188,-123.0765,400.0,1993.155,1998.271,British Columbia (Ca)
CN.PNT.,CN,PNT,,"BH,HH",49.3224,-119.6254,531.0,1993.034,3000.001,British Columbia (Ca)
CN.PTRF.,CN,PTRF,,"HH,HN",48.5442,-124.4131,164.0,2017.048,3000.001,British Columbia (Ca)
CN.QEPB.,CN,QEPB,,"HH,HN",49.2419,-123.1141,128.0,2020.02,3000.001,British Columbia (Ca)
CN.SHB.,CN,SHB,,"BH,EH,HH,HN",49.5985,-123.8771,1129.0,1996.333,3000.001,British Columbia (Ca)
CN.SHB.00,CN,SHB,00,BH,49.5985,-123.8771,1129.0,2004.204,3000.001,British Columbia (Ca)
CN.SLEB.,CN,SLEB,,BH,51.1685,-118.1326,2029.0,1997.339,2018.046,British Columbia (Ca)
CN.SNB.,CN,SNB,,"BH,EH,HH,HN",48.7751,-123.1723,402.0,1996.248,2021.087,British Columbia (Ca)
CN.SYMB.,CN,SYMB,,"HH,HN",48.5593,-123.7989,945.0,2016.263,3000.001,British Columbia (Ca)
CN.TAHB.,CN,TAHB,,"HH,HN",49.8925,-126.677,455.0,2019.353,3000.001,British Columbia (Ca)
CN.TSUB.,CN,TSUB,,EH,52.7551,-132.0415,314.0,2012.312,2013.124,British Columbia (Ca)
CN.TXB.,CN,TXB,,EH,49.698,-124.4376,492.0,1997.254,2019.234,British Columbia (Ca)
CN.TXDB.,CN,TXDB,,"HH,HN",49.6979,-124.4377,501.0,2019.254,3000.001,British Columbia (Ca)
CN.UBRB.,CN,UBRB,,HH,52.8918,-124.0832,1240.0,2007.289,2019.174,British Columbia (Ca)
CN.VDB.,CN,VDB,,EH,49.0261,-122.1028,404.0,1997.067,2020.008,British Columbia (Ca)
CN.VDEB.,CN,VDEB,,"HH,HN",49.057,-122.0571,351.0,2018.355,3000.001,British Columbia (Ca)
CN.VGZ.,CN,VGZ,,"BH,EH,HH,HN",48.4131,-123.3251,67.0,1994.202,3000.001,British Columbia (Ca)
CN.WALA.,CN,WALA,,"BH,HH,HN",49.059,-113.911,1400.0,1992.155,3000.001,Alberta (Ca)
CN.WOSB.,CN,WOSB,,"EH,HH,HN",50.1608,-126.5704,961.0,1998.321,3000.001,British Columbia (Ca)
CN.WPB.,CN,WPB,,"EH,HH,HN",49.6478,-123.2094,260.0,1996.248,3000.001,British Columbia (Ca)
CN.WSLR.,CN,WSLR,,"BH,HH,HN",50.1266,-122.9212,907.0,2003.129,3000.001,British Columbia (Ca)
CN.YOUB.,CN,YOUB,,HH,48.901,-124.2618,771.0,2003.059,2014.246,British Columbia (Ca)
EO.EVR1.,EO,EVR1,,BH,52.27795,-114.548,1006.0,2020.17,2022.329,Alberta (Ca)
EO.EVR2.,EO,EVR2,,BH,52.23869,-114.531,1000.0,2020.17,2022.329,Alberta (Ca)
EO.EVR3.,EO,EVR3,,BH,52.21475,-114.605,989.0,2020.17,2022.329,Alberta (Ca)
EO.EVR4.,EO,EVR4,,BH,52.25307,-114.608,998.0,2020.17,2022.329,Alberta (Ca)
GS.MT01.00,GS,MT01,00,"HH,LH",46.952991,-112.656059,1317.7,2017.189,2017.29,Montana
GS.MT01.20,GS,MT01,20,"HN,LN",46.952991,-112.656059,1317.7,2017.189,2017.29,Montana
GS.MT02.00,GS,MT02,00,"HH,LH",46.858528,-112.88047,1671.8,2017.19,2017.29,Montana
GS.MT02.20,GS,MT02,20,"HN,LN",46.858528,-112.88047,1671.8,2017.19,2017.29,Montana
GS.MT03.00,GS,MT03,00,"HH,LH",46.912991,-112.497528,2024.8,2017.19,2017.291,Montana
GS.MT03.20,GS,MT03,20,"HN,LN",46.912991,-112.497528,2024.8,2017.19,2017.291,Montana
GS.MT04.00,GS,MT04,00,HN,46.9554,-112.656,1420.0,2017.29,3000.001,Montana
GS.MT04.20,GS,MT04,20,HN,46.9554,-112.656,1420.0,2017.29,3000.001,Montana
GS.UT01.00,GS,UT01,00,"HH,LH",40.65933,-112.239,1572.0,2020.084,2020.262,Utah
GS.UT01.20,GS,UT01,20,"HN,LN",40.65933,-112.239,1572.0,2020.084,2020.262,Utah
GS.UT02.00,GS,UT02,00,"HH,LH",40.69749,-112.61024,1400.01,2020.087,2020.255,Utah
GS.UT02.20,GS,UT02,20,"HN,LN",40.69749,-112.61024,1400.01,2020.087,2020.255,Utah
GS.UT03.00,GS,UT03,00,"HH,LH",41.90264,-111.95246,1392.06,2023.007,2023.039,Utah
GS.UT03.20,GS,UT03,20,"HN,LN",41.90264,-111.95246,1392.06,2023.007,2023.039,Utah
IU.SLBS.00,IU,SLBS,00,"BH,HH,LH,VH,VM,VY",23.6858,-109.9443,825.0,2008.35,3000.001,Baja California Sur (Me)
IU.SLBS.10,IU,SLBS,10,"BH,HH,LH,VH,VM,VY",23.6858,-109.9443,825.0,2008.35,3000.001,Baja California Sur (Me)
IU.SLBS.20,IU,SLBS,20,"HN,LN",23.6858,-109.9443,825.0,2008.35,3000.001,Baja California Sur (Me)
IU.SLBS.30,IU,SLBS,30,LD,23.6858,-109.9443,825.0,2008.35,3000.001,Baja California Sur (Me)
IU.SLBS.31,IU,SLBS,31,LD,23.6858,-109.9443,825.0,2018.222,3000.001,Baja California Sur (Me)
IU.SLBS.50,IU,SLBS,50,"LD,LE,LI,LK,LR,LW",23.6858,-109.9443,825.0,2018.222,3000.001,Baja California Sur (Me)
IU.TUC.,IU,TUC,,"BH,LH,UE,UH,VE,VH,VK,VM",32.3098,-110.7847,910.0,1992.165,1998.309,Arizona
IU.TUC.00,IU,TUC,00,"BH,HH,LH,LK,UE,UH,VE,VH,VK,VM,VY",32.3098,-110.7847,910.0,1998.309,3000.001,Arizona
IU.TUC.10,IU,TUC,10,"BH,HH,LH,LK,VH,VM",32.3098,-110.7847,910.0,2009.148,3000.001,Arizona
IU.TUC.20,IU,TUC,20,"HN,LN",32.3098,-110.7847,910.0,2009.148,3000.001,Arizona
IU.TUC.30,IU,TUC,30,"LD,LK",32.3098,-110.7847,910.0,2011.18,3000.001,Arizona
IU.TUC.31,IU,TUC,31,LD,32.3098,-110.7847,910.0,2012.297,3000.001,Arizona
IU.TUC.40,IU,TUC,40,BF,32.3098,-110.7847,910.0,2026.036,3000.001,Arizona
IU.TUC.50,IU,TUC,50,"LD,LE,LI,LK,LR,LW",32.3098,-110.7847,910.0,2016.067,3000.001,Arizona
IU.TUC.60,IU,TUC,60,"BH,HN,LH,LN,VH,VM,VY",32.3098,-110.7847,910.0,2012.143,3000.001,Arizona
IW.DLMT.,IW,DLMT,,"BH,HL",45.3625,-112.5964,1569.0,2005.229,2013.206,Montana
IW.DLMT.00,IW,DLMT,00,"BH,LH",45.3625,-112.5964,1569.0,2013.206,3000.001,Montana
IW.DLMT.20,IW,DLMT,20,"HN,LN",45.3625,-112.5964,1569.0,2013.206,3000.001,Montana
IW.DLMT.D0,IW,DLMT,D0,VM,45.3625,-112.5964,1569.0,2023.293,3000.001,Montana
LB.LDS.,LB,LDS,,"BH,LH",37.2425,-113.351387,1101.0,1996.358,1998.169,Utah
LB.MVU.,LB,MVU,,"BH,HH,LH",38.5037,-112.212303,2239.0,1998.342,3000.001,Utah
MB.ALMT.,MB,ALMT,,EH,47.03,-114.4438,1696.0,2006.293,2019.08,Montana
MB.ALMT.01,MB,ALMT,01,EH,47.03,-114.4438,1696.0,2019.08,3000.001,Montana
MB.BCMT.01,MB,BCMT,01,"HH,HN",44.973344,-111.688037,2005.0,2024.225,3000.001,Montana
MB.BDMT.01,MB,BDMT,01,"HH,HN",46.260458,-112.070335,1564.0,2024.22,3000.001,Montana
MB.BEMT.,MB,BEMT,,EH,46.7483,-112.33,2228.0,2005.292,2019.08,Montana
MB.BEMT.01,MB,BEMT,01,EH,46.7483,-112.33,2228.0,2019.08,3000.001,Montana
MB.BGMT.,MB,BGMT,,EH,45.2333,-112.0405,2172.0,2001.227,2019.08,Montana
MB.BGMT.01,MB,BGMT,01,EH,45.2333,-112.0405,2172.0,2019.08,3000.001,Montana
MB.BHMT.,MB,BHMT,,EH,47.5825,-115.037,1628.0,2001.227,2019.08,Montana
MB.BHMT.01,MB,BHMT,01,EH,47.5825,-115.037,1628.0,2019.08,3000.001,Montana
MB.BLMT.,MB,BLMT,,"EH,HN",48.0108,-114.3633,2052.0,2001.227,2019.08,Montana
MB.BLMT.01,MB,BLMT,01,"EH,HN",48.0108,-114.3633,2052.0,2019.08,3000.001,Montana
MB.BNMT.01,MB,BNMT,01,"HH,HN",45.755698,-113.633255,2017.2,2024.214,3000.001,Montana
MB.BPMT.,MB,BPMT,,EH,46.4375,-113.4463,2408.0,2001.227,2019.08,Montana
MB.BPMT.01,MB,BPMT,01,EH,46.4375,-113.4463,2408.0,2019.08,3000.001,Montana
MB.BSMT.,MB,BSMT,,EH,47.85133,-114.787,1950.0,2001.227,2019.08,Montana
MB.BSMT.01,MB,BSMT,01,EH,47.85133,-114.787,1950.0,2019.08,3000.001,Montana
MB.BUT.,MB,BUT,,"EH,EL,HN",46.010833,-112.556667,1758.0,2001.227,2016.077,Montana
MB.BUT.01,MB,BUT,01,HH,46.010833,-112.556667,1758.0,2019.045,3000.001,Montana
MB.BZMT.,MB,BZMT,,EH,45.64817,-110.7967,1905.0,2001.227,2019.08,Montana
MB.BZMT.01,MB,BZMT,01,EH,45.64817,-110.7967,1905.0,2019.08,3000.001,Montana
MB.CBMT.01,MB,CBMT,01,"HH,HN",48.679566,-112.592579,1170.0,2024.242,3000.001,Montana
MB.CHMT.,MB,CHMT,,EH,46.914333,-113.252,2077.0,2001.227,2019.08,Montana
MB.CHMT.01,MB,CHMT,01,EH,46.914333,-113.252,2077.0,2019.08,3000.001,Montana
MB.CPMT.01,MB,CPMT,01,"HH,HN",47.367334,-115.16347,1794.0,2024.244,3000.001,Montana
MB.CRMT.,MB,CRMT,,EH,45.45583,-110.1402,2941.0,2001.227,2019.08,Montana
MB.CRMT.01,MB,CRMT,01,EH,45.45583,-110.1402,2941.0,2019.08,3000.001,Montana
MB.ECMT.01,MB,ECMT,01,"EN,HH",45.321184,-110.739816,1567.0,2023.172,3000.001,Montana
MB.ELMT.,MB,ELMT,,EH,46.52217,-112.4945,1981.0,2001.227,3000.001,Montana
MB.ELMT.01,MB,ELMT,01,EH,46.52217,-112.4945,1981.0,2019.08,3000.001,Montana
MB.FBMT.,MB,FBMT,,EH,47.40683,-114.4222,1518.0,2001.227,2019.08,Montana
MB.FBMT.01,MB,FBMT,01,EH,47.40683,-114.4222,1518.0,2019.08,3000.001,Montana
MB.FCMT.01,MB,FCMT,01,"EN,HH",46.462002,-110.857554,1836.0,2022.158,3000.001,Montana
MB.GBMT.01,MB,GBMT,01,"EN,HH",46.859202,-112.456997,2248.0,2020.212,3000.001,Montana
MB.GCMT.,MB,GCMT,,EH,45.79117,-109.6672,1530.0,2001.227,2019.08,Montana
MB.GCMT.01,MB,GCMT,01,EH,45.79117,-109.6672,1530.0,2019.08,3000.001,Montana
MB.HBMT.,MB,HBMT,,EH,45.793,-112.6078,2481.0,2001.227,2019.08,Montana
MB.HBMT.01,MB,HBMT,01,EH,45.793,-112.6078,2481.0,2019.08,3000.001,Montana
MB.HLMT.01,MB,HLMT,01,"EN,HH",45.902781,-112.555256,1843.0,2020.346,2022.186,Montana
MB.HRY.,MB,HRY,,EH,46.711285,-111.831786,1344.0,2001.227,2019.08,Montana
MB.HRY.01,MB,HRY,01,"EH,HH,HN",46.711285,-111.831786,1344.0,2019.08,3000.001,Montana
MB.JTMT.,MB,JTMT,,"BH,EH,EN",47.74667,-114.2825,1469.0,2001.227,2019.302,Montana
MB.JTMT.01,MB,JTMT,01,"EH,EN,HH",47.74667,-114.2825,1469.0,2019.08,3000.001,Montana
MB.LCCM.,MB,LCCM,,EH,45.838,-111.878,1669.0,2001.227,3000.001,Montana
MB.LCCM.00,MB,LCCM,00,EH,45.838,-111.878,1669.0,2019.08,3000.001,Montana
MB.LCCM.01,MB,LCCM,01,EH,45.838,-111.878,1669.0,2019.08,3000.001,Montana
MB.LDM.,MB,LDM,,HH,48.45384,-115.31912,840.0,2015.306,2018.318,Montana
MB.LDM.01,MB,LDM,01,HH,48.45384,-115.31912,840.0,2018.318,3000.001,Montana
MB.LIMT.01,MB,LIMT,01,"EN,HH",44.61723,-112.64399,1956.0,2022.32,3000.001,Montana
MB.LNMT.01,MB,LNMT,01,"HH,HN",47.788895,-113.760353,1345.0,2024.262,3000.001,Montana
MB.LRM.,MB,LRM,,EH,45.822178,-112.45187,2329.0,2001.227,2019.08,Montana
MB.LRM.01,MB,LRM,01,"EH,HH,HN",45.822178,-112.45187,2329.0,2019.08,3000.001,Montana
MB.LYMT.,MB,LYMT,,EH,46.97,-112.2895,2237.0,2001.227,2019.08,Montana
MB.LYMT.01,MB,LYMT,01,EH,46.97,-112.2895,2237.0,2019.08,3000.001,Montana
MB.MCMT.,MB,MCMT,,EH,44.82767,-112.8488,2323.0,2001.227,2019.08,Montana
MB.MCMT.01,MB,MCMT,01,EH,44.82767,-112.8488,2323.0,2019.08,3000.001,Montana
MB.MKMT.,MB,MKMT,,EH,47.10317,-115.1138,2088.0,2003.281,2019.08,Montana
MB.MKMT.01,MB,MKMT,01,EH,47.10317,-115.1138,2088.0,2019.08,3000.001,Montana
MB.MOMT.,MB,MOMT,,EH,44.59333,-112.3943,2220.0,2001.227,2019.08,Montana
MB.MOMT.01,MB,MOMT,01,EH,44.59333,-112.3943,2220.0,2019.08,3000.001,Montana
MB.MSMT.,MB,MSMT,,EH,45.6305,-110.3537,1926.0,2001.297,2019.08,Montana
MB.MSMT.01,MB,MSMT,01,EH,45.6305,-110.3537,1926.0,2019.08,3000.001,Montana
MB.MSO.,MB,MSO,,EH,46.82917,-113.9407,1264.0,2001.227,2004.249,Montana
MB.NCM.,MB,NCM,,EH,47.18017,-114.5658,1183.0,2000.201,2006.219,Montana
MB.NDMT.,MB,NDMT,,EH,47.269,-114.7988,1917.0,1996.275,2019.08,Montana
MB.NDMT.01,MB,NDMT,01,EH,47.269,-114.7988,1917.0,2019.08,3000.001,Montana
MB.NQBU.01,MB,NQBU,01,HN,46.00037,-112.49824,1681.0,2010.202,3000.001,Montana
MB.NQCV.01,MB,NQCV,01,HN,46.0337,-111.4141,1215.0,2017.316,3000.001,Montana
MB.NQMA.01,MB,NQMA,01,HN,45.904772,-111.332252,1386.0,2013.207,3000.001,Montana
MB.NQSO.01,MB,NQSO,01,HN,48.098168,-114.200716,890.0,2013.117,3000.001,Montana
MB.NQWL.01,MB,NQWL,01,HN,44.804116,-111.56164,1915.0,2016.21,3000.001,Montana
MB.ODMT.01,MB,ODMT,01,"HH,HN",47.063943,-113.016439,1536.0,2024.24,3000.001,Montana
MB.OVMT.,MB,OVMT,,EH,47.06433,-112.9967,1494.0,1996.233,2019.08,Montana
MB.OVMT.01,MB,OVMT,01,EH,47.06433,-112.9967,1494.0,2019.08,3000.001,Montana
MB.PCMT.,MB,PCMT,,EH,47.21517,-114.0278,1873.0,2000.202,2019.08,Montana
MB.PCMT.01,MB,PCMT,01,EH,47.21517,-114.0278,1873.0,2019.08,3000.001,Montana
MB.QLMT.,MB,QLMT,,EH,44.83067,-111.43,2064.0,2001.16,2019.08,Montana
MB.QLMT.01,MB,QLMT,01,EH,44.83067,-111.43,2064.0,2019.08,3000.001,Montana
MB.SLMT.,MB,SLMT,,EH,47.24183,-113.4935,1701.0,2000.263,2019.08,Montana
MB.SLMT.01,MB,SLMT,01,EH,47.24183,-113.4935,1701.0,2019.08,3000.001,Montana
MB.SMMT.01,MB,SMMT,01,"HH,HN",44.65716,-111.530268,2310.0,2024.225,3000.001,Montana
MB.SRMT.01,MB,SRMT,01,"EN,HH",47.775002,-112.607201,1522.0,2020.31,3000.001,Montana
MB.STMT.,MB,STMT,,EH,45.386,-109.8608,1756.0,2001.16,2019.08,Montana
MB.STMT.01,MB,STMT,01,EH,45.386,-109.8608,1756.0,2019.08,3000.001,Montana
MB.SWMT.,MB,SWMT,,EH,47.509333,-113.998833,1297.0,2001.16,2019.08,Montana
MB.SWMT.01,MB,SWMT,01,EH,47.509333,-113.998833,1297.0,2019.08,3000.001,Montana
MB.SXM.,MB,SXM,,EH,46.1495,-111.2088,1996.0,2001.16,2019.08,Montana
MB.SXM.01,MB,SXM,01,EH,46.1495,-111.2088,1996.0,2019.08,3000.001,Montana
MB.SXMT.01,MB,SXMT,01,"HH,HN",46.149838,-111.211419,1996.3,2024.227,3000.001,Montana
MB.TPMT.,MB,TPMT,,EH,44.72983,-111.6657,2518.0,2001.16,2019.08,Montana
MB.TPMT.01,MB,TPMT,01,EH,44.72983,-111.6657,2518.0,2019.08,3000.001,Montana
MB.VCMT.,MB,VCMT,,EH,46.4425,-114.1872,1254.0,2004.294,2019.08,Montana
MB.VCMT.01,MB,VCMT,01,EH,46.4425,-114.1872,1254.0,2019.08,3000.001,Montana
MB.WCMT.01,MB,WCMT,01,"HH,HN",45.266437,-112.041,1772.0,2024.212,3000.001,Montana
MB.WFMT.01,MB,WFMT,01,"HH,HN",48.373949,-114.467544,936.0,2024.242,3000.001,Montana
MB.YBMT.,MB,YBMT,,EH,47.86333,-114.0115,1415.0,2001.16,2019.08,Montana
MB.YBMT.01,MB,YBMT,01,EH,47.86333,-114.0115,1415.0,2019.08,3000.001,Montana
MX.DEPC2.01,MX,DEPC2,01,HN,32.627266,-115.485504,1.0,2011.144,3000.001,Baja California (Me)
MX.HSIG.,MX,HSIG,,"BH,HH,HL,HN",29.019754,-110.94928,250.0,2007.169,3000.001,Sonora (Me)
MX.MBIG.,MX,MBIG,,"BH,HH",32.407185,-115.198143,2.0,2008.059,2011.277,Baja California (Me)
MX.MBIG.,MX,MBIG,,"BH,HH,HL,HN",32.407185,-115.198143,2.0,2011.277,2014.288,Baja California (Me)
MX.MBIG.,MX,MBIG,,"BH,HH,HL",32.407185,-115.198143,2.0,2014.288,3000.001,Baja California (Me)
MX.SPIG.,MX,SPIG,,"BH,EL,HH,HL",31.045971,-115.466026,2769.0,2008.057,2010.301,Baja California (Me)
MX.SPIG.,MX,SPIG,,"BH,HH,HL,HN",31.045971,-115.466026,2769.0,2010.301,3000.001,Baja California (Me)
MX.SRIG.,MX,SRIG,,"BH,HH,HL",27.319826,-112.241058,61.0,2008.059,3000.001,Baja California Sur (Me)
MX.TJIG.,MX,TJIG,,"BH,EL,HH,HL",32.433762,-116.676247,365.0,2010.303,2014.282,Baja California (Me)
MX.TJIG.,MX,TJIG,,"BH,HH,HL,HN",32.433762,-116.676247,365.0,2014.282,3000.001,Baja California (Me)
N4.O20A.,N4,O20A,,"AC,BH,HH,LC,LH,LO,OC,UH,VC,VE,VH,VK,VM,VP",40.1348,-108.2416,1915.0,2018.227,2019.076,Colorado
N4.O20A.00,N4,O20A,00,"HH,LH,VH,VM",40.1348,-108.2416,1915.0,2019.073,3000.001,Colorado
N4.O20A.30,N4,O20A,30,LD,40.1348,-108.2416,1915.0,2019.073,3000.001,Colorado
N4.O20A.31,N4,O20A,31,LD,40.1348,-108.2416,1915.0,2019.073,3000.001,Colorado
N4.O20A.32,N4,O20A,32,BD,40.1348,-108.2416,1915.0,2019.073,3000.001,Colorado
N4.O20A.40,N4,O20A,40,"BF,LF",40.1348,-108.2416,1915.0,2024.163,3000.001,Colorado
N4.O20A.EP,N4,O20A,EP,"BD,LC,LD,LE,LI,LK",40.1348,-108.2416,1915.0,2018.227,2019.076,Colorado
NC.PD01.01,NC,PD01,01,HN,38.255131,-120.848907,184.0,2016.293,3000.001,California
NP.2197.,NP,2197,,HN,48.996,-122.742,20.0,1981.076,1997.092,British Columbia (Ca)
NP.2201.0B,NP,2201,0B,HN,46.01079,-112.55733,1760.0,1980.1,1998.316,Montana
NP.2202.,NP,2202,,"DE,EH,HN,HU,LC,LN,VE",46.60007,-112.03767,1226.0,1980.313,2026.153,Montana
NP.2202.10,NP,2202,10,HN,46.60007,-112.03767,1226.0,2026.153,3000.001,Montana
NP.2202.2C,NP,2202,2C,"DE,EH,HN,HU,LC,LN,VE",46.60007,-112.03767,1226.0,2026.153,3000.001,Montana
NP.2203.0B,NP,2203,0B,HN,41.74049,-111.814,1457.0,1981.001,1994.251,Utah
NP.2205.,NP,2205,,"CP,DE,DS,HU,LC,LN,VE,VV",45.6671,-111.046,1497.0,2024.088,3000.001,Montana
NP.2205.0B,NP,2205,0B,"EH,HN",45.6671,-111.046,1497.0,1981.006,2026.154,Montana
NP.2205.10,NP,2205,10,HN,45.6671,-111.046,1497.0,2026.154,3000.001,Montana
NP.2205.2C,NP,2205,2C,"DE,EH,HN,HU,LC,LN,VE",45.6671,-111.046,1497.0,2026.154,3000.001,Montana
NP.2210.07,NP,2210,07,HN,40.75778,-111.84016,1447.0,1972.264,3000.001,Utah
NP.2210.1G,NP,2210,1G,HN,40.75778,-111.84016,1447.0,1972.264,3000.001,Utah
NP.2242.,NP,2242,,"CP,DE,LC,LN,VE",48.4099,-115.3157,675.0,2024.262,2024.262,Montana
NP.2242.10,NP,2242,10,HN,48.4099,-115.3157,675.0,2024.262,2024.262,Montana
NP.2242.DA,NP,2242,DA,"CP,DE,HN,LC,LN,VE",48.4099,-115.3157,675.0,1973.076,3000.001,Montana
NP.2242.LC,NP,2242,LC,"CP,DE,HN,LC,LN,VE",48.4099,-115.3157,675.0,2024.262,3000.001,Montana
NP.2242.LG,NP,2242,LG,HN,48.4099,-115.3157,675.0,1973.076,3000.001,Montana
NP.2242.PR,NP,2242,PR,"CP,DE,DS,HN,HU,LC,LN,VE,VV",48.4099,-115.3157,675.0,1973.076,3000.001,Montana
NP.2242.UG,NP,2242,UG,"CP,DE,HN,HU,LC,VE",48.4099,-115.3157,675.0,1973.076,3000.001,Montana
NP.2245.0B,NP,2245,0B,HN,46.61891,-112.105,1221.0,1972.267,2021.232,Montana
NP.2255.,NP,2255,,"EH,HN",46.01076,-112.55681,1758.0,2016.077,2017.188,Montana
NP.2255.0B,NP,2255,0B,"EH,HN",46.01076,-112.55681,1758.0,1998.316,3000.001,Montana
NP.2256.HP,NP,2256,HP,HN,40.23418,-111.63143,1425.0,1981.015,1993.225,Utah
NP.2256.LT,NP,2256,LT,HN,40.23418,-111.63143,1425.0,1993.225,2001.304,Utah
NP.2257.,NP,2257,,HN,41.19564,-111.9366,1460.0,1981.014,2001.303,Utah
NP.2258.,NP,2258,,HN,39.72012,-111.82516,1575.0,1981.016,2001.299,Utah
NP.2267.0B,NP,2267,0B,HN,37.6754,-113.0692,1777.0,1981.1,2026.132,Utah
NP.2268.,NP,2268,,HN,38.75758,-112.08699,1616.0,1981.099,2005.208,Utah
NP.2271.,NP,2271,,HN,40.65621,-111.81505,1369.0,1982.042,1994.06,Utah
NP.2272.,NP,2272,,HN,40.6997,-111.7935,1519.0,1982.216,2011.02,Utah
NP.2272.01,NP,2272,01,HN,40.6997,-111.7935,1519.0,2011.02,2026.14,Utah
NP.2272.02,NP,2272,02,HN,40.6997,-111.7935,1519.0,2011.02,2026.14,Utah
NP.2272.10,NP,2272,10,HN,40.6997,-111.7935,1519.0,2026.14,3000.001,Utah
NP.2272.2C,NP,2272,2C,"GA,GE,GL,GN,GP,GS,HN,LC,VC,VD,VE,VP",40.6997,-111.7935,1519.0,2026.14,3000.001,Utah
NP.2281.0B,NP,2281,0B,HN,41.5106,-112.0169,1349.0,1984.117,2001.136,Utah
NP.2282.,NP,2282,,HN,40.75,-111.8015,1581.0,1984.088,2011.082,Utah
NP.2282.01,NP,2282,01,HN,40.75,-111.8015,1581.0,2011.082,2026.138,Utah
NP.2282.02,NP,2282,02,HN,40.75,-111.8015,1581.0,2011.082,2026.138,Utah
NP.2282.10,NP,2282,10,HN,40.75,-111.8015,1581.0,2026.138,3000.001,Utah
NP.2282.2C,NP,2282,2C,"GA,GE,GL,GN,GP,GS,HN,LC,VC,VD,VE,VP",40.75,-111.8015,1581.0,2026.138,3000.001,Utah
NP.2283.,NP,2283,,HN,40.7479,-111.8194,1649.0,1985.088,1994.25,Utah
NP.2284.,NP,2284,,HN,40.77,-111.8962,1311.0,1985.218,1999.161,Utah
NP.2285.,NP,2285,,HN,40.745,-111.8748,1299.0,2011.063,2013.09,Utah
NP.2285.01,NP,2285,01,HN,40.745,-111.8748,1299.0,2011.063,2026.14,Utah
NP.2285.02,NP,2285,02,HN,40.745,-111.8748,1299.0,1984.088,2026.14,Utah
NP.2286.,NP,2286,,HN,40.70129,-111.86675,1313.0,2003.062,2013.09,Utah
NP.2286.01,NP,2286,01,HN,40.70129,-111.86675,1313.0,2000.308,2026.139,Utah
NP.2286.02,NP,2286,02,HN,40.70129,-111.86675,1313.0,1984.088,2026.139,Utah
NP.2286.10,NP,2286,10,HN,40.70129,-111.86675,1313.0,2026.139,3000.001,Utah
NP.2286.2C,NP,2286,2C,"GA,GE,GL,GN,GP,GS,HN,LC,VC,VD,VE,VP",40.70129,-111.86675,1313.0,2026.139,3000.001,Utah
NP.2287.,NP,2287,,HN,40.77214,-111.95493,1288.0,1984.084,2026.139,Utah
NP.2287.10,NP,2287,10,HN,40.77214,-111.95493,1288.0,2026.139,3000.001,Utah
NP.2287.2C,NP,2287,2C,"GA,GE,GL,GN,GP,GS,HN,LC,VC,VD,VE,VP",40.77214,-111.95493,1288.0,2026.139,3000.001,Utah
NP.2289.5C,NP,2289,5C,HN,40.75955,-111.88672,1300.0,1989.105,3000.001,Utah
NP.2289.5N,NP,2289,5N,HN,40.75955,-111.88672,1300.0,1989.105,3000.001,Utah
NP.2289.CA,NP,2289,CA,HN,40.75955,-111.88672,1300.0,1989.105,3000.001,Utah
NP.2289.CB,NP,2289,CB,HN,40.75955,-111.88672,1300.0,1989.105,3000.001,Utah
NP.2289.FF,NP,2289,FF,HN,40.75955,-111.88672,1300.0,1989.105,3000.001,Utah
NP.2289.NA,NP,2289,NA,HN,40.75955,-111.88672,1300.0,1989.105,3000.001,Utah
NP.2289.NB,NP,2289,NB,HN,40.75955,-111.88672,1300.0,1989.105,3000.001,Utah
NP.2289.SA,NP,2289,SA,HN,40.75955,-111.88672,1300.0,1989.105,3000.001,Utah
NP.2289.SB,NP,2289,SB,HN,40.75955,-111.88672,1300.0,1989.105,3000.001,Utah
NP.2289.TN,NP,2289,TN,HN,40.75955,-111.88672,1300.0,1989.105,3000.001,Utah
NP.2289.TS,NP,2289,TS,HN,40.75955,-111.88672,1300.0,1989.105,3000.001,Utah
NP.2289.TW,NP,2289,TW,HN,40.75955,-111.88672,1300.0,1989.105,3000.001,Utah
NP.2290.CR,NP,2290,CR,HN,40.7652,-111.70836,1712.0,1993.224,2008.214,Utah
NP.2290.DS,NP,2290,DS,HN,40.7652,-111.70836,1712.0,1993.224,2008.214,Utah
NP.2290.LA,NP,2290,LA,HN,40.7652,-111.70836,1712.0,1993.224,2008.214,Utah
NP.2290.MD,NP,2290,MD,HN,40.7652,-111.70836,1712.0,1993.224,2008.214,Utah
NP.2290.RA,NP,2290,RA,HN,40.7652,-111.70836,1712.0,1993.224,2008.214,Utah
NP.2291.0B,NP,2291,0B,HN,41.7418,-111.8117,1460.0,1994.251,2026.134,Utah
NP.2291.10,NP,2291,10,HN,41.7418,-111.8117,1460.0,2026.134,3000.001,Utah
NP.2291.2C,NP,2291,2C,"DE,HN,HU,LC,LN,VE",41.7418,-111.8117,1460.0,2026.134,3000.001,Utah
NP.2292.,NP,2292,,HN,37.09952,-113.56816,809.0,1996.085,2005.207,Utah
NP.2293.,NP,2293,,HN,38.27376,-112.64211,1793.0,1996.085,2005.208,Utah
NP.2294.,NP,2294,,HN,39.1431,-111.8177,1556.0,1996.092,2005.209,Utah
NP.2295.,NP,2295,,HN,39.97373,-111.79206,1516.0,1996.086,2005.209,Utah
NP.2296.,NP,2296,,HN,40.52052,-111.89341,1348.0,1996.087,2004.315,Utah
NP.2297.,NP,2297,,HN,41.036,-111.93715,1330.0,1996.087,2005.213,Utah
NP.2298.,NP,2298,,HN,41.717,-112.183,1320.0,1996.088,2005.21,Utah
NP.2299.,NP,2299,,HN,40.71237,-112.03819,1294.0,1997.227,2009.239,Utah
NP.2301.CR,NP,2301,CR,HN,34.23085,-113.6014,385.0,1982.112,2009.015,Arizona
NP.2301.LA,NP,2301,LA,HN,34.23085,-113.6014,385.0,1982.112,3000.001,Arizona
NP.2305.0B,NP,2305,0B,HN,33.4966,-112.0659,341.0,1973.045,2004.175,Arizona
NP.2306.0B,NP,2306,0B,HN,32.1809,-110.9654,747.0,1973.046,2004.173,Arizona
NP.2307.0B,NP,2307,0B,HN,34.55473,-112.45315,1617.0,1973.339,3000.001,Arizona
NP.2314.,NP,2314,,HN,32.18391,-110.96221,750.0,2004.173,3000.001,Arizona
NP.2319.,NP,2319,,HN,33.50009,-112.06623,342.0,2004.175,3000.001,Arizona
NP.2320.00,NP,2320,00,HN,33.07616,-113.01056,215.0,2014.022,3000.001,Arizona
NP.7200.,NP,7200,,HN,40.655,-111.9862,1387.0,1997.226,2005.102,Utah
NP.7201.,NP,7201,,HN,40.623,-111.9334,1327.0,1997.226,2007.156,Utah
NP.7202.,NP,7202,,HN,40.6821,-111.9227,1293.0,1997.226,2013.09,Utah
NP.7202.01,NP,7202,01,HN,40.6821,-111.9227,1293.0,2011.073,3000.001,Utah
NP.7202.02,NP,7202,02,HN,40.6821,-111.9227,1293.0,2011.073,3000.001,Utah
NP.7203.,NP,7203,,HN,40.7468,-111.8271,1458.0,1997.225,2011.07,Utah
NP.7203.01,NP,7203,01,HN,40.7468,-111.8271,1458.0,2011.07,2026.138,Utah
NP.7203.02,NP,7203,02,HN,40.7468,-111.8271,1458.0,2011.07,2026.138,Utah
NP.7203.10,NP,7203,10,HN,40.7468,-111.8271,1458.0,2026.138,3000.001,Utah
NP.7203.2C,NP,7203,2C,"GA,GE,GL,GN,GP,GS,HN,LC,VC,VD,VE,VP",40.7468,-111.8271,1458.0,2026.138,3000.001,Utah
NP.7204.0B,NP,7204,0B,HN,40.579,-111.854,1437.0,1997.225,2009.001,Utah
NP.7205.,NP,7205,,HN,40.747,-111.813,1513.0,1998.147,2009.001,Utah
NP.7207.,NP,7207,,HN,41.51006,-112.01777,1348.0,2001.136,2026.134,Utah
NP.7207.10,NP,7207,10,HN,41.51006,-112.01777,1348.0,2026.134,3000.001,Utah
NP.7207.2C,NP,7207,2C,"DE,HN,LC,LN,VE",41.51006,-112.01777,1348.0,2026.134,3000.001,Utah
NP.7208.0F,NP,7208,0F,HN,40.723,-111.907,1291.0,2001.146,2008.244,Utah
NP.7208.16,NP,7208,16,HN,40.723,-111.907,1291.0,2003.108,2008.244,Utah
NP.7208.25,NP,7208,25,HN,40.723,-111.907,1291.0,2003.108,2008.244,Utah
NP.7208.40,NP,7208,40,HN,40.723,-111.907,1291.0,2003.108,2008.244,Utah
NP.7208.60,NP,7208,60,HN,40.723,-111.907,1291.0,2003.108,2008.244,Utah
NP.7208.7N,NP,7208,7N,HN,40.723,-111.907,1291.0,2001.146,2008.244,Utah
NP.7208.7S,NP,7208,7S,HN,40.723,-111.907,1291.0,2001.146,2008.244,Utah
NP.7208.C7,NP,7208,C7,HN,40.723,-111.907,1291.0,2001.146,2008.244,Utah
NP.7208.C9,NP,7208,C9,HN,40.723,-111.907,1291.0,2001.146,2008.244,Utah
NP.7208.D6,NP,7208,D6,HN,40.723,-111.907,1291.0,2001.146,2008.244,Utah
NP.7208.D9,NP,7208,D9,HN,40.723,-111.907,1291.0,2001.146,2008.244,Utah
NP.7208.DE,NP,7208,DE,HN,40.723,-111.907,1291.0,2001.146,2008.244,Utah
NP.7208.DM,NP,7208,DM,HN,40.723,-111.907,1291.0,2001.146,2008.244,Utah
NP.7208.DQ,NP,7208,DQ,HN,40.723,-111.907,1291.0,2001.146,2008.244,Utah
NP.7209.,NP,7209,,"CP,DE,DS,HU,LC,LN,VE,VV",48.18969,-114.31102,898.0,2024.083,3000.001,Montana
NP.7209.0B,NP,7209,0B,HN,48.18969,-114.31102,898.0,2001.268,3000.001,Montana
NP.7210.,NP,7210,,"CP,DE,DS,HN,HU,LC,LN,VE,VV",46.84859,-114.04056,965.0,2001.269,3000.001,Montana
NP.7211.,NP,7211,,HN,39.70879,-111.83588,1564.0,2001.299,2026.138,Utah
NP.7211.10,NP,7211,10,HN,39.70879,-111.83588,1564.0,2026.138,3000.001,Utah
NP.7211.2C,NP,7211,2C,"DE,HN,LC,LN,VE",39.70879,-111.83588,1564.0,2026.138,3000.001,Utah
NP.7212.,NP,7212,,"CP,DE,DS,HN,HU,LC,VE,VV",41.19592,-111.94169,1421.0,2002.113,2026.135,Utah
NP.7212.01,NP,7212,01,HN,41.19592,-111.94169,1421.0,2011.026,2026.135,Utah
NP.7212.02,NP,7212,02,HN,41.19592,-111.94169,1421.0,2011.026,2026.135,Utah
NP.7212.0B,NP,7212,0B,HN,41.19592,-111.94169,1421.0,2001.303,2011.026,Utah
NP.7212.10,NP,7212,10,HN,41.19592,-111.94169,1421.0,2026.135,3000.001,Utah
NP.7212.2C,NP,7212,2C,"GA,GE,GL,GN,GP,GS,HN,LC,VC,VD,VE,VP",41.19592,-111.94169,1421.0,2026.135,3000.001,Utah
NP.7213.,NP,7213,,HN,40.23548,-111.63239,1406.0,2001.304,2026.139,Utah
NP.7213.10,NP,7213,10,HN,40.23548,-111.63239,1406.0,2026.139,3000.001,Utah
NP.7213.2C,NP,7213,2C,"DE,HN,LC,LN,VE",40.23548,-111.63239,1406.0,2026.139,3000.001,Utah
NP.7215.1E,NP,7215,1E,HN,40.7665,-111.8867,1310.0,2007.18,3000.001,Utah
NP.7215.1W,NP,7215,1W,HN,40.7665,-111.8867,1310.0,2007.18,3000.001,Utah
NP.7215.2E,NP,7215,2E,HN,40.7665,-111.8867,1310.0,2007.18,3000.001,Utah
NP.7215.2W,NP,7215,2W,HN,40.7665,-111.8867,1310.0,2007.18,3000.001,Utah
NP.7215.3E,NP,7215,3E,HN,40.7665,-111.8867,1310.0,2007.18,3000.001,Utah
NP.7215.3W,NP,7215,3W,HN,40.7665,-111.8867,1310.0,2007.18,3000.001,Utah
NP.7215.5E,NP,7215,5E,HN,40.7665,-111.8867,1310.0,2007.18,3000.001,Utah
NP.7215.5W,NP,7215,5W,HN,40.7665,-111.8867,1310.0,2007.18,3000.001,Utah
NP.7215.6E,NP,7215,6E,HN,40.7665,-111.8867,1310.0,2007.18,3000.001,Utah
NP.7215.6W,NP,7215,6W,HN,40.7665,-111.8867,1310.0,2007.18,3000.001,Utah
NP.7215.8C,NP,7215,8C,HN,40.7665,-111.8867,1310.0,2004.056,3000.001,Utah
NP.7215.8E,NP,7215,8E,HN,40.7665,-111.8867,1310.0,2004.056,3000.001,Utah
NP.7215.8W,NP,7215,8W,HN,40.7665,-111.8867,1310.0,2004.056,3000.001,Utah
NP.7215.BW,NP,7215,BW,HN,40.7665,-111.8867,1310.0,2004.056,3000.001,Utah
NP.7215.RC,NP,7215,RC,HN,40.7665,-111.8867,1310.0,2004.056,3000.001,Utah
NP.7215.RE,NP,7215,RE,HN,40.7665,-111.8867,1310.0,2004.056,3000.001,Utah
NP.7215.RW,NP,7215,RW,HN,40.7665,-111.8867,1310.0,2004.056,3000.001,Utah
NP.7216.,NP,7216,,HN,45.2091,-112.6381,1565.0,2004.061,2024.087,Montana
NP.7216B.,NP,7216B,,"CP,DE,DS,HN,HU,LC,LN,VE,VV",45.209064,-112.638636,1560.0,2024.087,3000.001,Montana
NP.7220.,NP,7220,,"DE,EH,HN,HU,LC,LN,VE",44.66699,-111.09911,2033.0,2004.148,3000.001,Montana
NP.7223.,NP,7223,,HN,37.10027,-113.56564,812.0,2005.215,2021.341,Utah
NP.7223.01,NP,7223,01,HN,37.10027,-113.56564,812.0,2021.341,2026.131,Utah
NP.7223.10,NP,7223,10,HN,37.10027,-113.56564,812.0,2026.131,3000.001,Utah
NP.7223.2C,NP,7223,2C,"DE,HN,LC,LN,VE",37.10027,-113.56564,812.0,2026.131,3000.001,Utah
NP.7224.,NP,7224,,HN,37.6725,-113.07149,1780.0,2005.207,2010.349,Utah
NP.7224.01,NP,7224,01,HN,37.6725,-113.07149,1780.0,2010.349,2026.132,Utah
NP.7224.02,NP,7224,02,HN,37.6725,-113.07149,1780.0,2010.349,2026.132,Utah
NP.7224.10,NP,7224,10,HN,37.6725,-113.07149,1780.0,2026.132,3000.001,Utah
NP.7224.2C,NP,7224,2C,"GA,GE,GL,GN,GP,GS,HN,LC,VC,VD,VE,VP",37.6725,-113.07149,1780.0,2026.132,3000.001,Utah
NP.7225.,NP,7225,,HN,38.28346,-112.63873,1808.0,2005.208,2023.047,Utah
NP.7225.01,NP,7225,01,HN,38.28346,-112.63873,1808.0,2023.047,2026.133,Utah
NP.7225.10,NP,7225,10,HN,38.28346,-112.63873,1808.0,2026.133,3000.001,Utah
NP.7225.2C,NP,7225,2C,"DE,HN,LC,LN,VE",38.28346,-112.63873,1808.0,2026.133,3000.001,Utah
NP.7226.,NP,7226,,HN,38.75715,-112.08773,1616.0,2005.208,2010.35,Utah
NP.7226.01,NP,7226,01,HN,38.75715,-112.08773,1616.0,2010.35,2026.134,Utah
NP.7226.02,NP,7226,02,HN,38.75715,-112.08773,1616.0,2010.35,2026.134,Utah
NP.7226.10,NP,7226,10,HN,38.75715,-112.08773,1616.0,2026.134,3000.001,Utah
NP.7226.2C,NP,7226,2C,"GA,GE,GL,GN,GP,GS,HN,LC,VC,VD,VE,VP",38.75715,-112.08773,1616.0,2026.134,3000.001,Utah
NP.7227.,NP,7227,,HN,39.15586,-111.81946,1566.0,2005.209,2011.035,Utah
NP.7227.01,NP,7227,01,HN,39.15586,-111.81946,1566.0,2011.035,2026.135,Utah
NP.7227.02,NP,7227,02,HN,39.15586,-111.81946,1566.0,2011.035,2026.135,Utah
NP.7227.10,NP,7227,10,HN,39.15586,-111.81946,1566.0,2026.135,3000.001,Utah
NP.7227.2C,NP,7227,2C,"GA,GE,GL,GN,GP,GS,HN,LC,VC,VD,VE,VP",39.15586,-111.81946,1566.0,2026.135,3000.001,Utah
NP.7228.,NP,7228,,HN,39.72116,-111.8248,1574.0,2005.241,2011.034,Utah
NP.7228.01,NP,7228,01,HN,39.72116,-111.8248,1574.0,2011.034,2026.138,Utah
NP.7228.02,NP,7228,02,HN,39.72116,-111.8248,1574.0,2011.034,2026.138,Utah
NP.7228.10,NP,7228,10,HN,39.72116,-111.8248,1574.0,2026.138,3000.001,Utah
NP.7228.2C,NP,7228,2C,"GA,GE,GL,GN,GP,GS,HN,LC,VC,VD,VE,VP",39.72116,-111.8248,1574.0,2026.138,3000.001,Utah
NP.7229.,NP,7229,,HN,39.97256,-111.79295,1518.0,2005.209,2019.114,Utah
NP.7229.01,NP,7229,01,HN,39.97256,-111.79295,1518.0,2013.091,2019.114,Utah
NP.7231.,NP,7231,,HN,40.6531,-111.99244,1396.0,2005.213,2011.084,Utah
NP.7231.01,NP,7231,01,HN,40.6531,-111.99244,1396.0,2011.084,2026.139,Utah
NP.7231.02,NP,7231,02,HN,40.6531,-111.99244,1396.0,2011.084,2026.139,Utah
NP.7231.10,NP,7231,10,HN,40.6531,-111.99244,1396.0,2026.139,3000.001,Utah
NP.7231.2C,NP,7231,2C,"GA,GE,GL,GN,GP,GS,HN,LC,VC,VD,VE,VP",40.6531,-111.99244,1396.0,2026.139,3000.001,Utah
NP.7232.,NP,7232,,"CP,DE,HN,LC,VE",41.7188,-112.18183,1321.0,2005.21,2026.133,Utah
NP.7232.01,NP,7232,01,HN,41.7188,-112.18183,1321.0,2019.339,2026.133,Utah
NP.7232.10,NP,7232,10,HN,41.7188,-112.18183,1321.0,2026.133,3000.001,Utah
NP.7232.2C,NP,7232,2C,"DE,HN,LC,LN,VE",41.7188,-112.18183,1321.0,2026.133,3000.001,Utah
NP.7233.,NP,7233,,HN,40.76797,-111.88467,1316.0,2008.1,2026.138,Utah
NP.7233.10,NP,7233,10,HN,40.76797,-111.88467,1316.0,2026.138,3000.001,Utah
NP.7233.2C,NP,7233,2C,"DE,HN,LC,LN,VE",40.76797,-111.88467,1316.0,2026.138,3000.001,Utah
NP.7234.1N,NP,7234,1N,HN,40.77739,-111.88834,1377.0,2009.105,2016.084,Utah
NP.7234.1S,NP,7234,1S,HN,40.77739,-111.88834,1377.0,2009.105,2016.084,Utah
NP.7234.3N,NP,7234,3N,HN,40.77739,-111.88834,1377.0,2009.105,2016.084,Utah
NP.7234.3S,NP,7234,3S,HN,40.77739,-111.88834,1377.0,2009.105,2016.084,Utah
NP.7234.AA,NP,7234,AA,HN,40.77739,-111.88834,1377.0,2009.105,2016.084,Utah
NP.7234.AB,NP,7234,AB,HN,40.77739,-111.88834,1377.0,2009.105,2016.084,Utah
NP.7234.CA,NP,7234,CA,HN,40.77739,-111.88834,1377.0,2009.105,2016.084,Utah
NP.7234.CB,NP,7234,CB,HN,40.77739,-111.88834,1377.0,2009.105,2016.084,Utah
NP.7234.DA,NP,7234,DA,HN,40.77739,-111.88834,1377.0,2009.105,2016.084,Utah
NP.7234.DB,NP,7234,DB,HN,40.77739,-111.88834,1377.0,2009.105,2016.084,Utah
NP.7234.LD,NP,7234,LD,HN,40.77739,-111.88834,1377.0,2009.105,2016.084,Utah
NP.7234.MD,NP,7234,MD,HN,40.77739,-111.88834,1377.0,2009.105,2016.084,Utah
NP.7234.PN,NP,7234,PN,HN,40.77739,-111.88834,1377.0,2009.105,2016.084,Utah
NP.7234.PS,NP,7234,PS,HN,40.77739,-111.88834,1377.0,2009.105,2016.084,Utah
NP.7234.RN,NP,7234,RN,HN,40.77739,-111.88834,1377.0,2009.105,2016.084,Utah
NP.7234.RS,NP,7234,RS,HN,40.77739,-111.88834,1377.0,2009.105,2016.084,Utah
NP.7234.UD,NP,7234,UD,HN,40.77739,-111.88834,1377.0,2009.105,2016.084,Utah
NP.7235.01,NP,7235,01,HN,46.61868,-112.10216,1218.0,2012.082,3000.001,Montana
NP.7235.02,NP,7235,02,HN,46.61868,-112.10216,1218.0,2012.082,3000.001,Montana
NP.7235.03,NP,7235,03,HN,46.61868,-112.10216,1218.0,2012.082,3000.001,Montana
NP.7235.04,NP,7235,04,HN,46.61868,-112.10216,1218.0,2012.082,3000.001,Montana
NP.7235.05,NP,7235,05,HN,46.61868,-112.10216,1218.0,2012.082,3000.001,Montana
NP.7235.06,NP,7235,06,HN,46.61868,-112.10216,1218.0,2012.082,3000.001,Montana
NP.7235.07,NP,7235,07,HN,46.61868,-112.10216,1218.0,2012.082,3000.001,Montana
NP.7235.08,NP,7235,08,HN,46.61868,-112.10216,1218.0,2012.082,3000.001,Montana
NP.7235.09,NP,7235,09,HN,46.61868,-112.10216,1218.0,2012.082,3000.001,Montana
NP.7235.10,NP,7235,10,HN,46.61868,-112.10216,1218.0,2012.082,3000.001,Montana
NP.7235.11,NP,7235,11,HN,46.61868,-112.10216,1218.0,2012.082,3000.001,Montana
NP.7235.12,NP,7235,12,HN,46.61868,-112.10216,1218.0,2012.082,3000.001,Montana
NP.7235.13,NP,7235,13,HN,46.61868,-112.10216,1218.0,2012.082,3000.001,Montana
NP.7235.14,NP,7235,14,HN,46.61868,-112.10216,1218.0,2012.082,3000.001,Montana
NP.7235.15,NP,7235,15,HN,46.61868,-112.10216,1218.0,2012.082,3000.001,Montana
NP.7235.16,NP,7235,16,HN,46.61868,-112.10216,1218.0,2012.082,3000.001,Montana
NP.7235.17,NP,7235,17,HN,46.61868,-112.10216,1218.0,2012.082,3000.001,Montana
NP.7235.18,NP,7235,18,HN,46.61868,-112.10216,1218.0,2012.082,3000.001,Montana
NP.7235.19,NP,7235,19,HN,46.61868,-112.10216,1218.0,2012.082,3000.001,Montana
NP.7235.20,NP,7235,20,HN,46.61868,-112.10216,1218.0,2012.082,3000.001,Montana
NP.7235.21,NP,7235,21,HN,46.61868,-112.10216,1218.0,2012.082,3000.001,Montana
NP.7235.22,NP,7235,22,HN,46.61868,-112.10216,1218.0,2012.082,3000.001,Montana
NP.7235.23,NP,7235,23,HN,46.61868,-112.10216,1218.0,2012.082,3000.001,Montana
NP.7235.24,NP,7235,24,HN,46.61868,-112.10216,1218.0,2012.082,3000.001,Montana
NP.7235.S1,NP,7235,S1,"CP,DE,DS,HU,LC,VE,VV",46.61868,-112.10216,1218.0,2026.16,3000.001,Montana
NP.7237.01,NP,7237,01,HN,40.757137,-111.84147,1443.0,2018.002,3000.001,Utah
NP.7237.02,NP,7237,02,HN,40.757137,-111.84147,1443.0,2018.002,3000.001,Utah
NP.7237.03,NP,7237,03,HN,40.757137,-111.84147,1443.0,2018.002,3000.001,Utah
NP.7237.04,NP,7237,04,HN,40.757137,-111.84147,1443.0,2018.002,3000.001,Utah
NP.7237.05,NP,7237,05,HN,40.757137,-111.84147,1443.0,2018.002,3000.001,Utah
NP.7237.06,NP,7237,06,HN,40.757137,-111.84147,1443.0,2018.002,3000.001,Utah
NP.7237.07,NP,7237,07,HN,40.757137,-111.84147,1443.0,2018.002,3000.001,Utah
NP.7237.08,NP,7237,08,HN,40.757137,-111.84147,1443.0,2018.002,3000.001,Utah
NP.7237.09,NP,7237,09,HN,40.757137,-111.84147,1443.0,2018.002,3000.001,Utah
NP.7237.10,NP,7237,10,HN,40.757137,-111.84147,1443.0,2018.002,3000.001,Utah
NP.7237.11,NP,7237,11,HN,40.757137,-111.84147,1443.0,2018.002,3000.001,Utah
NP.7237.12,NP,7237,12,HN,40.757137,-111.84147,1443.0,2018.002,3000.001,Utah
NP.7237.13,NP,7237,13,HN,40.757137,-111.84147,1443.0,2018.002,3000.001,Utah
NP.7237.14,NP,7237,14,HN,40.757137,-111.84147,1443.0,2018.002,3000.001,Utah
NP.7237.15,NP,7237,15,HN,40.757137,-111.84147,1443.0,2018.002,3000.001,Utah
NP.7237.16,NP,7237,16,HN,40.757137,-111.84147,1443.0,2018.002,3000.001,Utah
NP.7237.1S,NP,7237,1S,HN,40.757137,-111.84147,1443.0,2014.099,2018.002,Utah
NP.7237.2W,NP,7237,2W,HN,40.757137,-111.84147,1443.0,2014.099,2018.002,Utah
NP.7237.3W,NP,7237,3W,HN,40.757137,-111.84147,1443.0,2014.099,2018.002,Utah
NP.7237.BN,NP,7237,BN,HN,40.757137,-111.84147,1443.0,2014.099,2018.002,Utah
NP.7237.BS,NP,7237,BS,HN,40.757137,-111.84147,1443.0,2014.099,2018.002,Utah
NP.7237.BW,NP,7237,BW,HN,40.757137,-111.84147,1443.0,2014.099,2018.002,Utah
NP.7237.GW,NP,7237,GW,HN,40.757137,-111.84147,1443.0,2014.099,2018.002,Utah
NP.7237.RS,NP,7237,RS,HN,40.757137,-111.84147,1443.0,2014.099,2018.002,Utah
NP.7237.RW,NP,7237,RW,HN,40.757137,-111.84147,1443.0,2014.099,2018.002,Utah
NR.NE70.,NR,NE70,,"BH,LH,WK",32.420952,-115.26078,-23.0,2002.091,3000.001,Baja California (Me)
NR.NE71.,NR,NE71,,"BH,LH,WD,WK",31.68973,-115.905258,1155.0,2002.091,3000.001,Baja California (Me)
NR.NE72.,NR,NE72,,"BH,LH,WK",30.848431,-116.058571,17.0,2002.091,3000.001,Baja California (Me)
NR.NE73.,NR,NE73,,"BH,LH,WK",30.0651,-115.348473,489.0,2002.091,3000.001,Baja California (Me)
NR.NE74.,NR,NE74,,"BH,LH,WK",28.007509,-114.013802,21.0,2002.091,3000.001,Baja California (Me)
NR.NE75.,NR,NE75,,"BH,LH,WK",27.293341,-112.856491,137.0,2002.091,3000.001,Baja California Sur (Me)
NR.NE76.,NR,NE76,,"BH,LH,WK",26.888941,-111.999046,35.0,2002.091,3000.001,Baja California Sur (Me)
NR.NE77.,NR,NE77,,"BH,LH,WK",26.015779,-111.361328,40.0,2002.091,3000.001,Baja California Sur (Me)
NR.NE78.,NR,NE78,,"BH,LH,WK",24.398199,-111.10643,82.0,2002.091,3000.001,Baja California Sur (Me)
NR.NE79.,NR,NE79,,"BH,LH,WK",23.11937,-109.756111,225.0,2002.091,3000.001,Baja California Sur (Me)
NR.NE80.,NR,NE80,,"BH,LH,WK",30.5,-112.319931,225.0,2002.091,3000.001,Sonora (Me)
NR.NE81.,NR,NE81,,"BH,LH,WK",28.918341,-109.636261,295.0,2002.091,3000.001,Sonora (Me)
NR.NE82.,NR,NE82,,"BH,LH,WK",26.915661,-109.230843,183.0,2002.091,3000.001,Sonora (Me)
NR.NE84.,NR,NE84,,"BH,LH,WK",24.91354,-111.545158,20.0,2002.091,3000.001,Baja California Sur (Me)
NR.NE85.,NR,NE85,,"BH,LH,WK",24.129629,-110.436798,-12.0,2002.091,3000.001,Baja California Sur (Me)
OW.AL2H.,OW,AL2H,,HN,48.38981,-123.48739,29.0,2018.295,3000.001,British Columbia (Ca)
OW.CMBR.,OW,CMBR,,HN,49.59497,-125.01135,328.0,2021.265,3000.001,British Columbia (Ca)
OW.FAHB.,OW,FAHB,,HN,50.060578,-127.114685,6.0,2019.357,2021.181,British Columbia (Ca)
OW.GLRI.,OW,GLRI,,HN,49.778594,-126.047062,120.0,2022.311,3000.001,British Columbia (Ca)
OW.JRDR.,OW,JRDR,,HN,48.420143,-124.045709,5.0,2023.012,3000.001,British Columbia (Ca)
OW.MYRA.,OW,MYRA,,HN,49.5509,-125.57053,626.0,2018.294,3000.001,British Columbia (Ca)
OW.NANA.,OW,NANA,,HN,49.237216,-124.063018,105.27,2023.108,3000.001,British Columbia (Ca)
OW.NITI.,OW,NITI,,HN,48.860686,-124.655785,15.0,2022.305,3000.001,British Columbia (Ca)
OW.PHRD.,OW,PHRD,,HN,50.70615,-127.514717,149.0,2019.357,3000.001,British Columbia (Ca)
OW.PTAL.,OW,PTAL,,HN,49.25632,-124.8611,92.0,2018.295,3000.001,British Columbia (Ca)
OW.SNCH.,OW,SNCH,,HN,48.468465,-123.296153,20.0,2022.265,3000.001,British Columbia (Ca)
OW.STRA.,OW,STRA,,HN,49.90003,-125.64718,513.0,2018.295,3000.001,British Columbia (Ca)
OW.TAYR.,OW,TAYR,,HN,49.294836,-125.299886,60.0,2021.336,3000.001,British Columbia (Ca)
OW.TELC.,OW,TELC,,HN,50.545933,-126.832395,9.0,2022.081,3000.001,British Columbia (Ca)
OW.VICP.,OW,VICP,,HN,50.00632,-126.10854,1572.0,2018.295,3000.001,British Columbia (Ca)
OW.WINH.,OW,WINH,,HN,50.52703,-128.01686,1.0,2023.347,3000.001,British Columbia (Ca)
OW.ZEBA.W3,OW,ZEBA,W3,HN,49.98961,-126.85058,42.0,2018.334,3000.001,British Columbia (Ca)
PB.B926.,PB,B926,,"EH,LC,LD,LH,LP,QB,QD,QG,QL,QR,QW,VC,VE,VK,VP",48.820202,-124.131203,191.6,2007.316,3000.001,British Columbia (Ca)
PB.B926.T0,PB,B926,T0,"BS,LS,RC,RE,RK,RS",48.820202,-124.131203,191.6,2007.316,3000.001,British Columbia (Ca)
PB.B926.T1,PB,B926,T1,RC,48.820202,-124.131203,191.6,2007.316,3000.001,British Columbia (Ca)
PB.B926.T2,PB,B926,T2,RC,48.820202,-124.131203,191.6,2007.316,3000.001,British Columbia (Ca)
PB.B926.T3,PB,B926,T3,RC,48.820202,-124.131203,191.6,2007.316,3000.001,British Columbia (Ca)
PB.B926.T4,PB,B926,T4,RC,48.820202,-124.131203,191.6,2007.316,3000.001,British Columbia (Ca)
PB.B926.T5,PB,B926,T5,RC,48.820202,-124.131203,191.6,2007.316,3000.001,British Columbia (Ca)
PB.B926.T6,PB,B926,T6,RC,48.820202,-124.131203,191.6,2007.316,3000.001,British Columbia (Ca)
PB.B926.T7,PB,B926,T7,RC,48.820202,-124.131203,191.6,2007.316,3000.001,British Columbia (Ca)
PB.B926.T8,PB,B926,T8,RC,48.820202,-124.131203,191.6,2007.316,3000.001,British Columbia (Ca)
PB.B926.TS,PB,B926,TS,"RD,RR",48.820202,-124.131203,191.6,2007.316,3000.001,British Columbia (Ca)
PB.GUAX.,PB,GUAX,,HN,28.88406,-118.28968,84.1,2016.171,3000.001,Baja California (Me)
PB.P001.,PB,P001,,HN,31.949381,-112.801697,475.0,2016.315,3000.001,Arizona
PN.PPCIB.,PN,PPCIB,,BH,32.700001,-114.627998,61.0,1999.01,3000.001,Arizona
PN.PPDGL.,PN,PPDGL,,BH,31.400999,-109.866997,1231.0,1999.01,3000.001,Arizona
PN.PPFLO.,PN,PPFLO,,BH,33.021,-111.388,616.4,1999.01,3000.001,Arizona
PN.PPREH.,PN,PPREH,,BH,35.528999,-108.653999,2003.0,1999.01,3000.001,New Mexico
PN.PPSAH.,PN,PPSAH,,BH,31.57,-110.580002,850.0,1999.01,3000.001,Arizona
PN.PPSTJ.,PN,PPSTJ,,BH,34.300999,-109.233002,1615.0,1999.01,3000.001,Arizona
PN.PPWHS.,PN,PPWHS,,BH,35.027,-110.705002,1478.0,1999.01,3000.001,Arizona
PO.ALRB.,PO,ALRB,,HH,52.5103,-125.0844,1237.0,2006.242,2009.239,British Columbia (Ca)
PO.ANMB.,PO,ANMB,,HH,49.3187,-122.8585,179.0,2002.322,2004.232,British Columbia (Ca)
PO.CLSB.,PO,CLSB,,HH,52.7587,-122.5551,792.0,2006.245,2009.238,British Columbia (Ca)
PO.CLVB.,PO,CLVB,,HH,49.3817,-123.1447,427.0,2002.321,2005.216,British Columbia (Ca)
PO.COQB.,PO,COQB,,HH,49.3542,-122.7747,161.0,2002.097,2005.215,British Columbia (Ca)
PO.ENGB.,PO,ENGB,,HH,49.008,-123.0889,55.0,2002.095,2005.273,British Columbia (Ca)
PO.FLLB.,PO,FLLB,,HH,51.739,-123.1059,1189.0,2006.236,2008.162,British Columbia (Ca)
PO.FPLB.,PO,FPLB,,HH,52.9541,-123.779,1005.0,2007.321,2008.163,British Columbia (Ca)
PO.HBDB.,PO,HBDB,,HH,49.1697,-122.2135,6.0,2003.149,2005.209,British Columbia (Ca)
PO.HLSB.,PO,HLSB,,HH,49.2837,-121.7249,18.0,2002.314,2005.207,British Columbia (Ca)
PO.HRMB.,PO,HRMB,,HH,49.2446,-121.9391,3.0,2002.316,2005.208,British Columbia (Ca)
PO.KELB.,PO,KELB,,HH,48.6611,-123.5701,53.0,2002.098,2004.155,British Columbia (Ca)
PO.KLNB.,PO,KLNB,,HH,48.6611,-123.5706,0.0,2004.155,2006.173,British Columbia (Ca)
PO.MEDA.,PO,MEDA,,BH,49.9815,-110.7424,721.7,2009.287,2012.197,Alberta (Ca)
PO.PIMB.,PO,PIMB,,HH,49.2743,-122.6661,43.0,2002.318,2005.209,British Columbia (Ca)
PO.PRDA.,PO,PRDA,,HH,50.8674,-114.2918,1252.0,2009.317,2016.329,Alberta (Ca)
PO.RAMB.,PO,RAMB,,HH,52.632,-123.1227,1259.0,2006.246,2007.326,British Columbia (Ca)
PO.RAYA.,PO,RAYA,,HH,49.3863,-112.6873,1023.0,2010.19,2014.147,Alberta (Ca)
PO.SILB.,PO,SILB,,HH,48.602,-123.2815,76.0,2003.053,2006.185,British Columbia (Ca)
PO.SSIB.,PO,SSIB,,HH,48.7558,-123.3875,12.0,2002.338,2006.167,British Columbia (Ca)
PO.TALB.,PO,TALB,,HH,52.0147,-124.2536,1127.0,2006.24,2008.163,British Columbia (Ca)
PO.THMB.,PO,THMB,,HH,52.5489,-124.1323,1126.0,2006.239,2008.162,British Columbia (Ca)
PO.TSJB.,PO,TSJB,,HH,48.6013,-123.9885,378.0,2003.063,2006.17,British Columbia (Ca)
PO.TWGB.,PO,TWGB,,HH,48.6076,-124.2558,127.0,2002.329,2005.13,British Columbia (Ca)
PO.TWKB.,PO,TWKB,,HH,48.6448,-123.7332,128.0,2002.324,2006.134,British Columbia (Ca)
PO.VI01.,PO,VI01,,"BH,HH",50.354771,-125.919724,13.0,2005.001,3000.001,British Columbia (Ca)
PO.VI02.,PO,VI02,,"BH,HH",50.331299,-126.071007,524.0,2005.001,3000.001,British Columbia (Ca)
PO.VI03.,PO,VI03,,"BH,HH",50.34269,-126.180687,295.0,2005.001,3000.001,British Columbia (Ca)
PO.VI04.,PO,VI04,,"BH,HH",50.313339,-126.247864,245.0,2005.001,3000.001,British Columbia (Ca)
PO.VI05.,PO,VI05,,"BH,HH",50.286301,-126.371384,512.0,2005.001,3000.001,British Columbia (Ca)
PO.VI06.,PO,VI06,,"BH,HH",50.267399,-126.452789,333.0,2005.001,3000.001,British Columbia (Ca)
PO.VI07.,PO,VI07,,"BH,HH",50.248051,-126.542976,393.0,2005.001,3000.001,British Columbia (Ca)
PO.VI08.,PO,VI08,,"BH,HH",50.202591,-126.601082,198.0,2005.001,3000.001,British Columbia (Ca)
PO.VI09.,PO,VI09,,"BH,HH",50.1674,-126.574913,913.0,2005.001,3000.001,British Columbia (Ca)
PO.VI10.,PO,VI10,,"BH,HH",50.224152,-126.940598,156.0,2005.001,3000.001,British Columbia (Ca)
PO.VI11.,PO,VI11,,"BH,HH",49.989399,-126.856827,156.0,2005.001,3000.001,British Columbia (Ca)
PO.VI12.,PO,VI12,,"BH,HH",50.053719,-127.118607,9.0,2005.001,3000.001,British Columbia (Ca)
PO.VI30.,PO,VI30,,"BH,HH",50.558739,-127.002998,9.0,2005.001,3000.001,British Columbia (Ca)
PO.VI31.,PO,VI31,,HH,50.58242,-127.108238,60.0,2005.001,3000.001,British Columbia (Ca)
PO.VI32.,PO,VI32,,HH,50.616779,-127.236267,55.0,2005.001,3000.001,British Columbia (Ca)
PO.VI51.,PO,VI51,,HH,50.473801,-126.814919,305.0,2005.001,3000.001,British Columbia (Ca)
PO.VI52.,PO,VI52,,HH,50.389839,-126.765427,635.0,2005.001,3000.001,British Columbia (Ca)
PO.VI53.,PO,VI53,,HH,50.311649,-126.757072,292.0,2005.001,3000.001,British Columbia (Ca)
PO.VI54.,PO,VI54,,HH,50.121422,-126.441467,311.0,2005.001,3000.001,British Columbia (Ca)
PO.VI55.,PO,VI55,,HH,49.998119,-126.319023,396.0,2005.001,3000.001,British Columbia (Ca)
PO.VI56.,PO,VI56,,HH,49.92532,-126.210037,319.0,2005.001,3000.001,British Columbia (Ca)
PO.VI57.,PO,VI57,,HH,49.83942,-126.100891,169.0,2005.001,3000.001,British Columbia (Ca)
PO.VW01.,PO,VW01,,HH,50.16507,-126.66066,407.0,2005.001,3000.001,British Columbia (Ca)
PO.VW02.,PO,VW02,,HH,50.14212,-126.808563,448.0,2005.001,3000.001,British Columbia (Ca)
PO.VW03.,PO,VW03,,HH,50.083771,-126.922836,152.0,2005.001,3000.001,British Columbia (Ca)
PQ.ALBHB.,PQ,ALBHB,,HH,48.38985,-123.487609,40.0,2022.001,3000.001,British Columbia (Ca)
PQ.DAOB.,PQ,DAOB,,HH,48.520348,-123.41927,228.0,2024.032,3000.001,British Columbia (Ca)
PQ.HAKB.,PQ,HAKB,,"HH,SO",51.6474,-128.1423,45.0,2020.264,3000.001,British Columbia (Ca)
PQ.JRDRB.,PQ,JRDRB,,HH,48.432977,-124.053978,100.0,2021.091,3000.001,British Columbia (Ca)
PQ.LHLYB.,PQ,LHLYB,,HH,48.536332,-123.729633,740.0,2023.305,3000.001,British Columbia (Ca)
RB.BAHB.,RB,BAHB,,"BH,HH",28.944,-113.561996,35.0,2004.051,3000.001,Baja California (Me)
RB.CDORB.,RB,CDORB,,"HH,HN",27.41532,-110.13253,0.0,2016.33,3000.001,Sonora (Me)
RB.EVAR0.,RB,EVAR0,,HH,24.9107,-110.711899,29.0,2013.339,3000.001,Baja California Sur (Me)
RB.GUAY.,RB,GUAY,,"BH,HH,HN",27.89866,-110.87272,50.0,2002.091,3000.001,Sonora (Me)
RB.HUAT.,RB,HUAT,,"HH,HN",26.82229,-109.603,3.0,2023.147,3000.001,Sonora (Me)
RB.MULRB.,RB,MULRB,,"HH,HN",26.889,-111.999,20.0,2022.176,3000.001,Baja California Sur (Me)
RB.NAVRB.,RB,NAVRB,,HH,26.915,-109.23,183.0,2016.241,3000.001,Sonora (Me)
RB.NE74.,RB,NE74,,"BH,HH",28.007,-114.013,21.0,2009.282,3000.001,Baja California (Me)
RB.NE77.,RB,NE77,,"BH,HH,HN",26.015,-111.361,40.0,2009.313,3000.001,Baja California Sur (Me)
RB.NE80.,RB,NE80,,"HH,HN",30.5,-112.319,255.0,2009.183,3000.001,Sonora (Me)
RB.NOVRB.,RB,NOVRB,,"HH,HN",28.941,-109.644,287.0,2016.237,3000.001,Sonora (Me)
RB.PLIB.,RB,PLIB,,"BH,HH,HN",29.915,-112.694,40.0,2002.01,3000.001,Sonora (Me)
RB.PPXB.,RB,PPXB,,"BH,HH,HN",31.335,-113.632,10.0,2002.091,3000.001,Sonora (Me)
RB.SFQB.,RB,SFQB,,"HH,HN",28.405,-112.861,50.0,2011.194,3000.001,Baja California (Me)
RB.SIGRB.,RB,SIGRB,,"HH,HN",27.293,-112.8565,50.0,2010.344,3000.001,Baja California Sur (Me)
RB.SLGB.,RB,SLGB,,"BH,HH,HN",29.83,-114.404,15.0,2006.24,3000.001,Baja California (Me)
RB.SNIRB.,RB,SNIRB,,"HH,HN",26.542,-111.549,7.0,2014.344,3000.001,Baja California Sur (Me)
RB.UAGRB.,RB,UAGRB,,"HH,HN",25.562,-111.257,180.0,2016.327,3000.001,Baja California Sur (Me)
RE.CAFE.,RE,CAFE,,"EN,HN,SO",46.64875,-111.7274,1156.7,2021.267,3000.001,Montana
RE.CAFE.34,RE,CAFE,34,"EN,HN",46.64875,-111.7274,1156.7,2021.267,3000.001,Montana
RE.CAFE1.44,RE,CAFE1,44,"EN,HN",46.648492,-111.727849,1100.3,2024.2,3000.001,Montana
RE.CAFE2.,RE,CAFE2,,"EN,HN,SO",46.65026,-111.72697,1186.0,2021.287,2021.288,Montana
RE.CAFE2.12,RE,CAFE2,12,"EN,HN,SO",46.65026,-111.72697,1186.0,2021.288,3000.001,Montana
RE.EACA.30,RE,EACA,30,"HH,HN",40.92045,-111.60099,1738.0,2019.214,3000.001,Utah
RE.EACA1.33,RE,EACA1,33,"HH,HN",40.92026,-111.60108,1735.0,2019.214,2024.233,Utah
RE.EACA2.14,RE,EACA2,14,"HH,HN",40.9211,-111.60333,1691.0,2019.214,3000.001,Utah
RE.ECHO.11,RE,ECHO,11,HN,40.965698,-111.430809,1697.8,2017.001,2018.191,Utah
RE.ECHO.30,RE,ECHO,30,HN,40.965698,-111.430809,1697.8,2017.001,2018.191,Utah
RE.GCYN.34,RE,GCYN,34,HN,36.937801,-111.484177,1132.3,2017.001,2018.191,Arizona
RE.HHRS.11,RE,HHRS,11,HN,48.341383,-114.0127,1082.0,2017.001,2022.075,Montana
RE.HHRS.34,RE,HHRS,34,HN,48.341383,-114.0127,1082.0,2017.001,2022.075,Montana
RE.HHRS.12,RE,HHRS,12,"EN,HN",48.341383,-114.0127,1082.0,2022.23,2022.23,Montana
RE.HHRS.30,RE,HHRS,30,"EN,HN",48.341383,-114.0127,1082.0,2022.23,3000.001,Montana
RE.HHRS1.40,RE,HHRS1,40,"EN,HN",48.341383,-114.0127,981.2,2023.22,3000.001,Montana
RE.HHRS2.12,RE,HHRS2,12,"EN,HN,SO",48.35665,-114.03761,982.0,2022.244,3000.001,Montana
RE.HOVA.30,RE,HOVA,30,HN,36.016201,-114.737289,369.2,2017.001,2022.011,Arizona
RE.HOVA.32,RE,HOVA,32,HN,36.016201,-114.737289,369.2,2017.001,2021.106,Arizona
RE.HOVB.50,RE,HOVB,50,HN,36.016201,-114.737289,297.1,2017.001,2022.011,Arizona
RE.HOVB.52,RE,HOVB,52,HN,36.016201,-114.737289,297.1,2017.001,2021.106,Arizona
RE.HOVC.40,RE,HOVC,40,HN,36.016201,-114.737289,205.4,2017.001,2022.013,Arizona
RE.HOVC.42,RE,HOVC,42,HN,36.016201,-114.737289,205.4,2017.001,2022.013,Arizona
RE.HOVR.30,RE,HOVR,30,"EN,HN,SO",36.016277,-114.737386,370.0,2022.013,3000.001,Arizona
RE.HOVR1.40,RE,HOVR1,40,"EN,HN,SO",36.016277,-114.737386,205.4,2022.013,3000.001,Arizona
RE.HOVR5.40,RE,HOVR5,40,SO,36.016277,-114.737386,297.1,2022.013,3000.001,Arizona
RE.HOVR5.50,RE,HOVR5,50,"EN,HN",36.016277,-114.737386,297.1,2022.013,3000.001,Arizona
RE.JRDN.23,RE,JRDN,23,HN,40.598473,-111.423775,1889.0,2018.001,2019.207,Utah
RE.JRDN.33,RE,JRDN,33,HN,40.598473,-111.423775,1889.0,2018.001,2019.207,Utah
RE.JRDN.13,RE,JRDN,13,"HH,HN",40.59851,-111.4238,1886.0,2019.214,2099.365,Utah
RE.JRDN.24,RE,JRDN,24,"HH,HN",40.59851,-111.4238,1886.0,2019.214,2099.365,Utah
RE.JRDN.30,RE,JRDN,30,"EN,HH,HN,SO",40.59851,-111.4238,1886.0,2019.214,3000.001,Utah
RE.JRDN1.20,RE,JRDN1,20,"EN,HH,HN,SO",40.59688,-111.42485,1785.0,2019.214,3000.001,Utah
RE.JRDN2.11,RE,JRDN2,11,"EN,HH,HN,SO",40.59584,-111.42103,1870.0,2019.214,3000.001,Utah
RE.PV01.,RE,PV01,,"EH,HH",38.134209,-108.568916,2191.0,1992.214,3000.001,Colorado
RE.PV02.,RE,PV02,,"EH,HH",38.206841,-108.735497,2177.0,1992.214,3000.001,Colorado
RE.PV03.,RE,PV03,,"EH,HH",38.254559,-108.847794,1972.0,1992.214,3000.001,Colorado
RE.PV04.,RE,PV04,,"EH,HH",38.391239,-108.903069,2176.0,1992.214,3000.001,Colorado
RE.PV05.,RE,PV05,,"EH,HH",38.147869,-108.968132,2142.0,1992.214,3000.001,Colorado
RE.PV07.,RE,PV07,,"EH,HH",38.44215,-108.644371,2040.0,1992.214,3000.001,Colorado
RE.PV08.,RE,PV08,,EH,38.576302,-108.647102,2940.0,1992.118,3000.001,Colorado
RE.PV09.,RE,PV09,,EH,38.498699,-109.133499,2652.0,1992.118,3000.001,Utah
RE.PV10.,RE,PV10,,"EH,HH",38.288471,-109.039772,2266.0,1992.118,3000.001,Colorado
RE.PV11.,RE,PV11,,HH,38.298868,-108.872691,1881.3,2008.294,2011.281,Colorado
RE.PV11.,RE,PV11,,HH,38.298868,-108.872691,1881.3,2011.281,2020.262,Colorado
RE.PV11.,RE,PV11,,HH,38.298868,-108.872691,1881.3,2020.262,3000.001,Colorado
RE.PV12.,RE,PV12,,HH,38.317484,-108.802306,2091.7,2005.325,2008.298,Colorado
RE.PV12.,RE,PV12,,HH,38.317484,-108.802306,2091.7,2008.298,2009.262,Colorado
RE.PV12.,RE,PV12,,HH,38.317484,-108.802306,2091.7,2009.262,2019.123,Colorado
RE.PV12.,RE,PV12,,HH,38.317484,-108.802306,2091.7,2019.123,3000.001,Colorado
RE.PV13.,RE,PV13,,HH,38.158899,-108.820301,2158.5,2010.132,2020.26,Colorado
RE.PV13.,RE,PV13,,HH,38.158899,-108.820301,2158.5,2020.26,3000.001,Colorado
RE.PV14.,RE,PV14,,HH,38.372887,-109.022935,2233.9,2007.187,2007.233,Colorado
RE.PV14.,RE,PV14,,HH,38.372887,-109.022935,2233.9,2007.233,2008.297,Colorado
RE.PV14.,RE,PV14,,HH,38.372887,-109.022935,2233.9,2008.297,2019.121,Colorado
RE.PV14.,RE,PV14,,HH,38.372887,-109.022935,2233.9,2019.121,2020.255,Colorado
RE.PV14.,RE,PV14,,HH,38.372887,-109.022935,2233.9,2020.255,3000.001,Colorado
RE.PV15.,RE,PV15,,"EH,HH",38.341541,-108.480057,2234.0,2002.219,3000.001,Colorado
RE.PV16.,RE,PV16,,HH,38.311363,-108.915811,2024.8,2010.131,2020.29,Colorado
RE.PV16.,RE,PV16,,HH,38.311363,-108.915811,2024.8,2020.29,3000.001,Colorado
RE.PV17.,RE,PV17,,HH,38.279886,-108.959487,1991.0,2005.322,2020.256,Colorado
RE.PV17.,RE,PV17,,HH,38.279886,-108.959487,1991.0,2020.256,3000.001,Colorado
RE.PV18.,RE,PV18,,HH,38.246194,-108.909198,1999.8,2011.198,2018.102,Colorado
RE.PV18.,RE,PV18,,HH,38.246194,-108.909198,1999.8,2018.102,3000.001,Colorado
RE.PV19.,RE,PV19,,HH,38.309654,-108.982939,2041.3,2011.199,2018.242,Colorado
RE.PV19.,RE,PV19,,HH,38.309654,-108.982939,2041.3,2018.242,2019.123,Colorado
RE.PV19.,RE,PV19,,HH,38.309654,-108.982939,2041.3,2019.123,3000.001,Colorado
RE.PV20.,RE,PV20,,HH,38.341542,-108.967047,1852.6,2011.2,2018.102,Colorado
RE.PV20.,RE,PV20,,HH,38.341542,-108.967047,1852.6,2018.102,3000.001,Colorado
RE.PV21.,RE,PV21,,HH,38.561289,-108.974801,2232.1,2011.201,2020.258,Colorado
RE.PV21.,RE,PV21,,HH,38.561289,-108.974801,2232.1,2020.258,3000.001,Colorado
RE.PV22.,RE,PV22,,HH,38.53509,-108.78723,1914.4,2011.202,2020.258,Colorado
RE.PV22.,RE,PV22,,HH,38.53509,-108.78723,1914.4,2020.258,3000.001,Colorado
RE.PV23.,RE,PV23,,HH,38.451924,-109.010998,2452.0,2011.282,2018.101,Colorado
RE.PV23.,RE,PV23,,HH,38.451924,-109.010998,2452.0,2018.101,3000.001,Colorado
RE.UPST.33,RE,UPST,33,"HH,HN",40.55981,-110.69682,2492.0,2020.258,3000.001,Utah
RE.UPST1.43,RE,UPST1,43,"HH,HN",40.55981,-110.69682,2451.2,2020.225,3000.001,Utah
RE.UPST2.14,RE,UPST2,14,"HH,HN",40.5587,-110.70304,2451.0,2020.225,3000.001,Utah
RE.UPST3.34,RE,UPST3,34,"HH,HN",40.5598,-110.70135,2492.0,2020.24,3000.001,Utah
RE.UPST4.44,RE,UPST4,44,"HH,HN",40.5598,-110.70135,2436.0,2020.24,3000.001,Utah
RV.BASHA.,RV,BASHA,,HH,52.629965,-113.096403,789.0,2024.284,3000.001,Alberta (Ca)
RV.BELVA.,RV,BELVA,,"EX,GA,GE,GL,GN,GP,GS,HH,LC,SO,VC,VD,VE,VM,VP",49.587654,-114.377174,1242.0,2018.178,3000.001,Alberta (Ca)
RV.BLSTA.,RV,BLSTA,,HH,52.773838,-116.330968,1560.0,2022.273,3000.001,Alberta (Ca)
RV.BRGNA.,RV,BRGNA,,HH,51.676849,-114.726883,1247.0,2013.322,2014.154,Alberta (Ca)
RV.BSLNA.,RV,BSLNA,,HH,52.131092,-115.428293,1892.0,2023.25,3000.001,Alberta (Ca)
RV.CHNKA.,RV,CHNKA,,HH,51.425878,-110.995661,774.0,2024.289,3000.001,Alberta (Ca)
RV.HACKA.,RV,HACKA,,HH,52.12844,-112.433336,827.0,2024.29,3000.001,Alberta (Ca)
RV.HSPGA.,RV,HSPGA,,HH,49.359268,-113.652328,1155.0,2014.213,3000.001,Alberta (Ca)
RV.HUGHA.,RV,HUGHA,,HH,52.601405,-110.90958,716.0,2024.291,3000.001,Alberta (Ca)
RV.MKRVA.,RV,MKRVA,,HH,49.143002,-111.775467,962.0,2014.212,3000.001,Alberta (Ca)
RV.PKSKA.,RV,PKSKA,,HH,50.433651,-114.122925,1231.0,2019.135,3000.001,Alberta (Ca)
RV.REDDA.,RV,REDDA,,"EX,GA,GE,GL,GN,GP,GS,HH,LC,SO,TS,VC,VD,VE,VM,VP",52.179264,-113.903442,892.0,2018.242,3000.001,Alberta (Ca)
RV.ROCKA.,RV,ROCKA,,HH,52.45266,-114.768528,967.0,2024.285,3000.001,Alberta (Ca)
SC.FAR1.,SC,FAR1,,"AC,HH,LC,LH,LO,OC,VC,VE,VK,VM,VP",36.90071,-108.06104,1899.0,2022.025,2024.241,New Mexico
SC.FAR2.,SC,FAR2,,"AC,HH,LC,LH,LO,OC,VC,VE,VK,VM,VP",36.90211,-108.05401,1896.0,2022.026,2024.241,New Mexico
SC.FAR3.,SC,FAR3,,"AC,HH,LC,LH,LO,OC,VC,VE,VK,VM,VP",36.89208,-108.04971,1852.0,2022.025,2024.24,New Mexico
SN.S13A.,SN,S13A,,HH,37.580898,-113.860397,1702.0,2016.055,3000.001,Utah
SN.WG07.,SN,WG07,,HH,37.0341,-113.860901,1141.0,2016.09,3000.001,Utah
SN.WG08.,SN,WG08,,EH,37.027699,-113.577202,863.0,2016.091,3000.001,Utah
SN.WG10.,SN,WG10,,EH,37.0681,-113.128998,1504.0,2016.092,3000.001,Utah
TA.112A.,TA,112A,,"AC,BH,LC,LH,LO,OC,UH,VC,VE,VH,VK,VM,VP",32.535599,-114.580399,87.0,2007.126,2008.296,Arizona
TA.113A.,TA,113A,,"AC,BH,LC,LH,LO,OC,UH,VC,VE,VH,VK,VM,VP",32.768299,-113.766701,118.0,2007.128,2010.148,Arizona
TA.114A.,TA,114A,,"AC,BH,LC,LH,LO,OC,UH,VC,VE,VH,VK,VM,VP",32.751301,-112.883003,279.0,2008.036,2009.049,Arizona
TA.115A.,TA,115A,,"AC,BH,LC,LH,LO,OC,UH,VC,VE,VH,VK,VM,VP",32.7006,-112.227898,606.2,2006.08,2008.339,Arizona
TA.116A.,TA,116A,,"AC,BH,LC,LH,LO,OC,UH,VC,VE,VH,VK,VM,VP",32.561798,-111.704201,477.3,2006.079,2008.34,Arizona
TA.117A.,TA,117A,,"AC,BH,LC,LH,LO,OC,UH,VC,VE,VH,VK,VM,VP",32.571602,-110.739304,1544.0,2007.096,2008.338,Arizona
TA.118A.,TA,118A,,"AC,BH,LC,LH,LO,OC,UH,VC,VE,VH,VK,VM,VP",32.6399,-109.969704,1440.0,2007.095,2009.021,Arizona
TA.119A.,TA,119A,,"AC,BH,LC,LH,LO,OC,UH,VC,VE,VH,VK,VM,VP",32.7663,-109.302902,1406.0,2007.07,2009.018,Arizona
TA.120A.,TA,120A,,"AC,BH,LC,LH,LO,OC,UH,VC,VE,VH,VK,VM,VP",32.5466,-108.633003,1528.0,2008.033,2009.344,New Mexico
TA.214A.,TA,214A,,"AC,BH,HH,HN,LC,LH,LN,LO,OC,UH,VC,VE,VH,VK,VM,VP",31.9559,-112.811501,543.0,2007.127,2018.25,Arizona
TA.214A.EP,TA,214A,EP,"BD,LC,LD,LE,LI,LK",31.9559,-112.811501,543.0,2010.281,2018.25,Arizona
TA.216A.,TA,216A,,"AC,BH,LC,LH,LO,OC,UH,VC,VE,VH,VK,VM,VP",32.002201,-111.457397,908.0,2007.061,2008.344,Arizona
TA.217A.,TA,217A,,"AC,BH,LC,LH,LO,OC,UH,VC,VE,VH,VK,VM,VP",31.774799,-110.8162,1412.0,2007.062,2008.341,Arizona
TA.218A.,TA,218A,,"AC,BH,LC,LH,LO,OC,UH,VC,VE,VH,VK,VM,VP",31.9737,-110.046402,1486.0,2007.064,2009.02,Arizona
TA.219A.,TA,219A,,"AC,BH,LC,LH,LO,OC,UH,VC,VE,VH,VK,VM,VP",31.998899,-109.259201,1581.0,2007.069,2009.019,Arizona
TA.220A.,TA,220A,,"AC,BH,LC,LH,LO,OC,UH,VC,VE,VH,VK,VM,VP",31.9041,-108.526604,1395.0,2008.046,2009.344,New Mexico
TA.318A.,TA,318A,,"AC,BH,LC,LH,LO,OC,UH,VC,VE,VH,VK,VM,VP",31.438999,-109.9907,1576.0,2007.066,2009.02,Arizona
TA.319A.,TA,319A,,"AC,BH,LC,LH,LO,OC,UH,VC,VE,VH,VK,VM,VP",31.3757,-109.280899,1187.0,2007.065,2010.148,Arizona
TA.320A.,TA,320A,,"AC,BH,LC,LH,LO,OC,UH,VC,VE,VH,VK,VM,VP",31.336901,-108.528397,1414.0,2008.047,2010.019,New Mexico
TA.A05A.,TA,A05A,,"AC,BH,LC,LH,LO,OC,UH,VC,VE,VH,VK,VM,VP",48.998299,-122.085197,174.3,2005.329,2009.008,British Columbia (Ca)
TA.A06A.,TA,A06A,,"AC,BH,LC,LH,LO,OC,UH,VC,VE,VH,VK,VM,VP",49.098301,-121.4804,576.0,2006.291,2008.142,British Columbia (Ca)
TA.A07A.,TA,A07A,,"AC,BH,LC,LH,LO,OC,UH,VC,VE,VH,VK,VM,VP",49.048,-120.383698,1842.0,2006.287,2008.169,British Columbia (Ca)
TA.A12A.,TA,A12A,,"AC,BH,LC,LH,LO,OC,UH,VC,VE,VH,VK,VM,VP",48.933899,-115.652603,928.0,2006.27,2009.217,Montana
TA.A13A.,TA,A13A,,"AC,BH,LC,LH,LO,OC,UH,VC,VE,VH,VK,VM,VP",48.932999,-114.413498,1199.0,2006.271,2009.218,Montana
TA.A14A.,TA,A14A,,"AC,BH,LC,LH,LO,OC,UH,VC,VE,VH,VK,VM,VP",48.9725,-113.421799,1420.0,2007.246,2009.225,Montana
TA.A15A.,TA,A15A,,"AC,BH,LC,LH,LO,OC,UH,VC,VE,VH,VK,VM,VP",48.977699,-112.732697,1236.0,2007.256,2009.225,Montana
TA.A16A.,TA,A16A,,"AC,BH,LC,LH,LO,OC,UH,VC,VE,VH,VK,VM,VP",48.9482,-111.596802,1394.0,2007.259,2009.223,Montana
TA.A17A.,TA,A17A,,"AC,BH,LC,LH,LO,OC,UH,VC,VE,VH,VK,VM,VP",48.944801,-110.699402,973.0,2007.321,2009.228,Montana
TA.A18A.,TA,A18A,,"AC,BH,LC,LH,LO,OC,UH,VC,VE,VH,VK,VM,VP",48.9198,-109.845901,804.0,2007.324,2009.246,Montana
TA.A19A.,TA,A19A,,"AC,BH,LC,LH,LO,OC,UH,VC,VE,VH,VK,VM,VP",48.9286,-108.742897,971.0,2008.24,2010.201,Montana
TA.B12A.,TA,B12A,,"AC,BH,LC,LH,LO,OC,UH,VC,VE,VH,VK,VM,VP",48.469398,-115.588898,764.0,2006.266,2009.219,Montana
TA.B13A.,TA,B13A,,"AC,BH,LC,LH,LO,OC,UH,VC,VE,VH,VK,VM,VP",48.373901,-114.467598,933.0,2006.268,2009.219,Montana
TA.B14A.,TA,B14A,,"AC,BH,LC,LH,LO,OC,UH,VC,VE,VH,VK,VM,VP",48.360901,-113.272903,1529.0,2007.257,2009.222,Montana
TA.B15A.,TA,B15A,,"AC,BH,LC,LH,LO,OC,UH,VC,VE,VH,VK,VM,VP",48.312901,-112.561897,1222.0,2007.254,2009.226,Montana
TA.B16A.,TA,B16A,,"AC,BH,LC,LH,LO,OC,UH,VC,VE,VH,VK,VM,VP",48.4128,-111.707298,1038.0,2007.269,2009.224,Montana
TA.B17A.,TA,B17A,,"AC,BH,LC,LH,LO,OC,UH,VC,VE,VH,VK,VM,VP",48.292099,-110.798798,894.0,2007.319,2009.248,Montana
TA.B18A.,TA,B18A,,"AC,BH,LC,LH,LO,OC,UH,VC,VE,VH,VK,VM,VP",48.394299,-109.777496,950.0,2007.318,2009.247,Montana
TA.B19A.,TA,B19A,,"AC,BH,LC,LH,LO,OC,UH,VC,VE,VH,VK,VM,VP",48.455101,-108.944298,803.0,2008.247,2010.199,Montana
TA.B20A.,TA,B20A,,"AC,BH,LC,LH,LO,OC,UH,VC,VE,VH,VK,VM,VP",48.4389,-108.020897,827.0,2008.256,2010.199,Montana
TA.C12A.,TA,C12A,,"AC,BH,LC,LH,LO,OC,UH,VC,VE,VH,VK,VM,VP",47.703899,-115.481102,782.0,2006.265,2006.337,Montana
TA.C12B.,TA,C12B,,"AC,BH,LC,LH,LO,OC,UH,VC,VE,VH,VK,VM,VP",47.709202,-115.474998,801.0,2007.239,2009.214,Montana
TA.C13A.,TA,C13A,,"AC,BH,LC,LH,LO,OC,UH,VC,VE,VH,VK,VM,VP",47.679501,-114.573502,976.0,2006.264,2009.216,Montana
TA.C14A.,TA,C14A,,"AC,BH,LC,LH,LO,OC,UH,VC,VE,VH,VK,VM,VP",47.7687,-113.746803,1173.0,2006.276,2009.22,Montana
TA.C15A.,TA,C15A,,"AC,BH,LC,LH,LO,OC,UH,VC,VE,VH,VK,VM,VP",47.775002,-112.607201,1522.0,2007.252,2009.226,Montana
TA.C16A.,TA,C16A,,"AC,BH,LC,LH,LO,OC,UH,VC,VE,VH,VK,VM,VP",47.801201,-111.745796,1240.0,2007.245,2009.224,Montana
TA.C17A.,TA,C17A,,"AC,BH,LC,LH,LO,OC,UH,VC,VE,VH,VK,VM,VP",47.632702,-110.762604,1080.0,2007.244,2009.249,Montana
TA.C19A.,TA,C19A,,"AC,BH,LC,LH,LO,OC,UH,VC,VE,VH,VK,VM,VP",47.734299,-109.048897,966.0,2008.235,2010.155,Montana
TA.C20A.,TA,C20A,,"AC,BH,LC,LH,LO,OC,UH,VC,VE,VH,VK,VM,VP",47.713299,-108.004204,781.0,2008.237,2010.203,Montana
TA.D13A.,TA,D13A,,"AC,BH,LC,LH,LO,OC,UH,VC,VE,VH,VK,VM,VP",47.094299,-114.458702,1000.0,2006.279,2009.198,Montana
TA.D14A.,TA,D14A,,"AC,BH,LC,LH,LO,OC,UH,VC,VE,VH,VK,VM,VP",47.0816,-113.506203,1444.0,2006.277,2009.197,Montana
TA.D15A.,TA,D15A,,"AC,BH,LC,LH,LO,OC,UH,VC,VE,VH,VK,VM,VP",47.041801,-112.520401,1593.0,2006.278,2009.196,Montana
TA.D16A.,TA,D16A,,"AC,BH,LC,LH,LO,OC,UH,VC,VE,VH,VK,VM,VP",47.0308,-111.549202,1427.0,2007.27,2009.195,Montana
TA.D17A.,TA,D17A,,"AC,BH,LC,LH,LO,OC,UH,VC,VE,VH,VK,VM,VP",47.152302,-110.687302,1535.0,2007.286,2009.254,Montana
TA.D18A.,TA,D18A,,"AC,BH,LC,LH,LO,OC,UH,VC,VE,VH,VK,VM,VP",47.196098,-109.802299,1202.0,2007.288,2009.253,Montana
TA.D19A.,TA,D19A,,"AC,BH,LC,LH,LO,OC,UH,VC,VE,VH,VK,VM,VP",47.1646,-108.879997,1047.0,2008.242,2010.156,Montana
TA.D20A.,TA,D20A,,"AC,BH,LC,LH,LO,OC,UH,VC,VE,VH,VK,VM,VP",47.091099,-108.1362,902.0,2008.228,2010.156,Montana
TA.E13A.,TA,E13A,,"AC,BH,LC,LH,LO,OC,UH,VC,VE,VH,VK,VM,VP",46.442299,-114.188004,1257.0,2006.284,2009.162,Montana
TA.E14A.,TA,E14A,,"AC,BH,LC,LH,LO,OC,UH,VC,VE,VH,VK,VM,VP",46.416199,-113.492599,1675.0,2006.285,2009.163,Montana
TA.E15A.,TA,E15A,,"AC,BH,LC,LH,LO,OC,UH,VC,VE,VH,VK,VM,VP",46.424599,-112.641197,1520.0,2006.283,2009.163,Montana
TA.E16A.,TA,E16A,,"AC,BH,LC,LH,LO,OC,UH,VC,VE,VH,VK,VM,VP",46.5336,-111.676399,1398.0,2007.255,2009.194,Montana
TA.E17A.,TA,E17A,,"AC,BH,LC,LH,LO,OC,UH,VC,VE,VH,VK,VM,VP",46.462002,-110.857597,1835.0,2007.256,2009.25,Montana
TA.E18A.,TA,E18A,,"AC,BH,LC,LH,LO,OC,UH,VC,VE,VH,VK,VM,VP",46.566299,-109.913696,1459.0,2007.257,2009.251,Montana
TA.E19A.,TA,E19A,,"AC,BH,LC,LH,LO,OC,UH,VC,VE,VH,VK,VM,VP",46.461102,-108.786003,1059.0,2008.226,2010.157,Montana
TA.E20A.,TA,E20A,,"AC,BH,LC,LH,LO,OC,UH,VC,VE,VH,VK,VM,VP",46.503799,-108.130096,954.0,2008.222,2010.15,Montana
TA.F13A.,TA,F13A,,"AC,BH,LC,LH,LO,OC,UH,VC,VE,VH,VK,VM,VP",45.789299,-114.331703,1462.0,2006.291,2009.162,Montana
TA.F14A.,TA,F14A,,"AC,BH,LC,LH,LO,OC,UH,VC,VE,VH,VK,VM,VP",45.812199,-113.369904,1851.0,2006.292,2009.19,Montana
TA.F15A.,TA,F15A,,"AC,BH,LC,LH,LO,OC,UH,VC,VE,VH,VK,VM,VP",45.8409,-112.492897,1995.0,2006.3,2009.191,Montana
TA.F16A.,TA,F16A,,"AC,BH,LC,LH,LO,OC,UH,VC,VE,VH,VK,VM,VP",45.784302,-111.626198,1350.0,2007.291,2009.192,Montana
TA.F17A.,TA,F17A,,"AC,BH,LC,LH,LO,OC,UH,VC,VE,VH,VK,VM,VP",45.905399,-110.658997,1545.0,2007.294,2009.252,Montana
TA.F18A.,TA,F18A,,"AC,BH,LC,LH,LO,OC,UH,VC,VE,VH,VK,VM,VP",45.904598,-109.715797,1291.0,2007.261,2009.255,Montana
TA.F19A.,TA,F19A,,"AC,BH,LC,LH,LO,OC,UH,VC,VE,VH,VK,VM,VP",45.853802,-108.943703,1243.0,2008.22,2010.158,Montana
TA.F20A.,TA,F20A,,"AC,BH,LC,LH,LO,OC,UH,VC,VE,VH,VK,VM,VP",45.800598,-108.148804,1194.0,2008.205,2010.225,Montana
TA.G14A.,TA,G14A,,"AC,BH,LC,LH,LO,OC,UH,VC,VE,VH,VK,VM,VP",45.243198,-113.460403,2140.0,2006.314,2009.161,Montana
TA.G15A.,TA,G15A,,"AC,BH,LC,LH,LO,OC,UH,VC,VE,VH,VK,VM,VP",45.166,-112.488701,1857.0,2006.313,2009.16,Montana
TA.G16A.,TA,G16A,,"AC,BH,LC,LH,LO,OC,UH,VC,VE,VH,VK,VM,VP",45.2285,-111.804604,1769.0,2007.267,2009.16,Montana
TA.G17A.,TA,G17A,,"AC,BH,LC,LH,LO,OC,UH,VC,VE,VH,VK,VM,VP",45.321201,-110.739799,1574.0,2007.293,2009.251,Montana
TA.G18A.,TA,G18A,,"AC,BH,LC,LH,LO,OC,UH,VC,VE,VH,VK,VM,VP",45.317101,-109.563103,1699.0,2007.301,2009.258,Montana
TA.G20A.,TA,G20A,,"AC,BH,LC,LH,LO,OC,UH,VC,VE,VH,VK,VM,VP",45.2202,-108.214104,1431.0,2008.227,2010.224,Montana
TA.H15A.,TA,H15A,,"AC,BH,LC,LH,LO,OC,UH,VC,VE,VH,VK,VM,VP",44.617298,-112.643898,1957.0,2007.228,2009.158,Montana
TA.H16A.,TA,H16A,,"AC,BH,LC,LH,LO,OC,UH,VC,VE,VH,VK,VM,VP",44.7038,-111.247803,2080.0,2007.237,2009.25,Montana
TA.M14A.,TA,M14A,,"AC,BH,LC,LH,LO,OC,UH,VC,VE,VH,VK,VM,VP",41.502998,-113.347099,1318.0,2007.041,2008.234,Utah
TA.M15A.,TA,M15A,,"AC,BH,LC,LH,LO,OC,UH,VC,VE,VH,VK,VM,VP",41.4632,-112.447701,1348.0,2007.043,2009.098,Utah
TA.M16A.,TA,M16A,,"AC,BH,LC,LH,LO,OC,UH,VC,VE,VH,VK,VM,VP",41.314602,-111.629799,1872.0,2007.19,2009.111,Utah
TA.N14A.,TA,N14A,,"AC,BH,LC,LH,LO,OC,UH,VC,VE,VH,VK,VM,VP",40.851299,-113.186699,1325.0,2007.051,2008.233,Utah
TA.N15A.,TA,N15A,,"AC,BH,LC,LH,LO,OC,UH,VC,VE,VH,VK,VM,VP",40.890301,-112.520103,1408.0,2007.049,2009.094,Utah
TA.N16A.,TA,N16A,,"AC,BH,LC,LH,LO,OC,UH,VC,VE,VH,VK,VM,VP",40.886902,-111.436996,2028.0,2007.191,2009.097,Utah
TA.N17A.,TA,N17A,,"AC,BH,LC,LH,LO,OC,UH,VC,VE,VH,VK,VM,VP",40.942501,-110.833504,2500.0,2007.192,2009.112,Utah
TA.N18A.,TA,N18A,,"AC,BH,LC,LH,LO,OC,UH,VC,VE,VH,VK,VM,VP",40.976299,-109.673103,1893.0,2007.205,2009.113,Utah
TA.N19A.,TA,N19A,,"AC,BH,LC,LH,LO,OC,UH,VC,VE,VH,VK,VM,VP",40.8936,-109.1772,1703.0,2007.23,2009.114,Utah
TA.N20A.,TA,N20A,,"AC,BH,LC,LH,LO,OC,UH,VC,VE,VH,VK,VM,VP",40.833801,-108.262604,2192.0,2007.317,2010.161,Colorado
TA.O13A.,TA,O13A,,"AC,BH,LC,LH,LO,OC,UH,VC,VE,VH,VK,VM,VP",40.131401,-113.9814,1573.0,2007.052,2008.245,Utah
TA.O15A.,TA,O15A,,"AC,BH,LC,LH,LO,OC,UH,VC,VE,VH,VK,VM,VP",40.280701,-112.469398,1611.0,2007.179,2009.098,Utah
TA.O16A.,TA,O16A,,"AC,BH,LC,LH,LO,OC,UH,VC,VE,VH,VK,VM,VP",40.206699,-111.502403,1789.0,2007.178,2009.099,Utah
TA.O17A.,TA,O17A,,"AC,BH,LC,LH,LO,OC,UH,VC,VE,VH,VK,VM,VP",40.194801,-110.737801,2079.0,2007.227,2009.1,Utah
TA.O18A.,TA,O18A,,"AC,BH,LC,LH,LO,OC,UH,VC,VE,VH,VK,VM,VP",40.265499,-110.008202,1582.0,2007.206,2009.1,Utah
TA.O19A.,TA,O19A,,"AC,BH,LC,LH,LO,OC,UH,VC,VE,VH,VK,VM,VP",40.298199,-109.123596,1649.0,2007.232,2009.315,Utah
TA.O20A.,TA,O20A,,"AC,BH,HH,LC,LH,LO,OC,UH,VC,VE,VH,VK,VM,VP",40.1348,-108.2416,1915.0,2007.316,2018.227,Colorado
TA.O20A.EP,TA,O20A,EP,"BD,LC,LD,LE,LI,LK",40.1348,-108.2416,1915.0,2011.198,2018.227,Colorado
TA.P13A.,TA,P13A,,"AC,BH,LC,LH,LO,OC,UH,VC,VE,VH,VK,VM,VP",39.455002,-114.015602,1555.0,2007.06,2008.249,Utah
TA.P14A.,TA,P14A,,"AC,BH,LC,LH,LO,OC,UH,VC,VE,VH,VK,VM,VP",39.590599,-113.068703,1784.0,2007.163,2008.323,Utah
TA.P15A.,TA,P15A,,"AC,BH,LC,LH,LO,OC,UH,VC,VE,VH,VK,VM,VP",39.570801,-112.278603,1576.0,2007.143,2009.101,Utah
TA.P16A.,TA,P16A,,"AC,BH,LC,LH,LO,OC,UH,VC,VE,VH,VK,VM,VP",39.6092,-111.6595,1822.0,2007.148,2009.101,Utah
TA.P17A.,TA,P17A,,"AC,BH,LC,LH,LO,OC,UH,VC,VE,VH,VK,VM,VP",39.473,-110.739998,1687.0,2007.195,2009.141,Utah
TA.P18A.,TA,P18A,,"AC,BH,LC,LH,LO,OC,UH,VC,VE,VH,VK,VM,VP",39.627899,-110.245697,2743.0,2007.207,2009.154,Utah
TA.P19A.,TA,P19A,,"AC,BH,LC,LH,LO,OC,UH,VC,VE,VH,VK,VM,VP",39.633301,-108.981201,2099.0,2007.233,2009.313,Colorado
TA.P20A.,TA,P20A,,"AC,BH,LC,LH,LO,OC,UH,VC,VE,VH,VK,VM,VP",39.499802,-108.391197,1738.0,2007.342,2009.308,Colorado
TA.Q13A.,TA,Q13A,,"AC,BH,LC,LH,LO,OC,UH,VC,VE,VH,VK,VM,VP",38.955101,-114.020203,1583.0,2007.061,2008.248,Utah
TA.Q14A.,TA,Q14A,,"AC,BH,LC,LH,LO,OC,UH,VC,VE,VH,VK,VM,VP",38.988201,-113.276901,1464.0,2007.162,2008.322,Utah
TA.Q15A.,TA,Q15A,,"AC,BH,LC,LH,LO,OC,UH,VC,VE,VH,VK,VM,VP",38.9995,-112.379303,1477.0,2007.142,2008.32,Utah
TA.Q16A.,TA,Q16A,,"AC,BH,LC,LH,LO,OC,UH,VC,VE,VH,VK,VM,VP",38.917599,-111.1716,1912.0,2007.151,2009.342,Utah
TA.Q18A.,TA,Q18A,,"AC,BH,LC,LH,LO,OC,UH,VC,VE,VH,VK,VM,VP",39.102501,-110.132797,1295.0,2007.195,2009.068,Utah
TA.Q19A.,TA,Q19A,,"AC,BH,LC,LH,LO,OC,UH,VC,VE,VH,VK,VM,VP",38.955299,-109.263,1283.0,2007.165,2009.116,Utah
TA.Q20A.,TA,Q20A,,"AC,BH,LC,LH,LO,OC,UH,VC,VE,VH,VK,VM,VP",38.954102,-108.295601,1716.0,2007.334,2009.31,Colorado
TA.R13A.,TA,R13A,,"AC,BH,LC,LH,LO,OC,UH,VC,VE,VH,VK,VM,VP",38.180199,-113.969101,1969.0,2007.159,2009.075,Utah
TA.R14A.,TA,R14A,,"AC,BH,LC,LH,LO,OC,UH,VC,VE,VH,VK,VM,VP",38.298698,-113.021301,1542.0,2007.058,2008.262,Utah
TA.R15A.,TA,R15A,,"AC,BH,LC,LH,LO,OC,UH,VC,VE,VH,VK,VM,VP",38.2108,-112.276703,1861.0,2007.141,2009.07,Utah
TA.R16A.,TA,R16A,,"AC,BH,LC,LH,LO,OC,UH,VC,VE,VH,VK,VM,VP",38.284302,-111.482697,2202.0,2007.177,2009.069,Utah
TA.R17A.,TA,R17A,,"AC,BH,LC,LH,LO,OC,UH,VC,VE,VH,VK,VM,VP",38.418701,-110.710899,1357.0,2007.177,2009.069,Utah
TA.R18A.,TA,R18A,,"AC,BH,LC,LH,LO,OC,UH,VC,VE,VH,VK,VM,VP",38.3862,-109.894203,1828.0,2007.167,2009.066,Utah
TA.R19A.,TA,R19A,,"AC,BH,LC,LH,LO,OC,UH,VC,VE,VH,VK,VM,VP",38.291599,-109.260696,2035.0,2007.175,2009.065,Utah
TA.R20A.,TA,R20A,,"AC,BH,LC,LH,LO,OC,UH,VC,VE,VH,VK,VM,VP",38.188801,-108.379204,2003.0,2008.005,2009.321,Colorado
TA.S13A.,TA,S13A,,"AC,BH,LC,LH,LO,OC,UH,VC,VE,VH,VK,VM,VP",37.580799,-113.860397,1698.0,2007.046,2008.283,Utah
TA.S14A.,TA,S14A,,"AC,BH,LC,LH,LO,OC,UH,VC,VE,VH,VK,VM,VP",37.760101,-113.168404,1746.0,2007.027,2008.282,Utah
TA.S15A.,TA,S15A,,"AC,BH,LC,LH,LO,OC,UH,VC,VE,VH,VK,VM,VP",37.676102,-112.362701,2102.0,2007.135,2008.32,Utah
TA.S16A.,TA,S16A,,"AC,BH,LC,LH,LO,OC,UH,VC,VE,VH,VK,VM,VP",37.722198,-111.5961,1785.0,2007.213,2009.071,Utah
TA.S17A.,TA,S17A,,"AC,BH,LC,LH,LO,OC,UH,VC,VE,VH,VK,VM,VP",37.635399,-110.801804,1373.0,2007.209,2009.072,Utah
TA.S18A.,TA,S18A,,"AC,BH,LC,LH,LO,OC,UH,VC,VE,VH,VK,VM,VP",37.6903,-109.994797,2351.0,2007.176,2009.169,Utah
TA.S19A.,TA,S19A,,"AC,BH,LC,LH,LO,OC,UH,VC,VE,VH,VK,VM,VP",37.745899,-109.136597,2059.0,2007.174,2009.065,Utah
TA.S20A.,TA,S20A,,"AC,BH,LC,LH,LO,OC,UH,VC,VE,VH,VK,VM,VP",37.830002,-108.360497,2355.0,2008.171,2009.315,Colorado
TA.T13A.,TA,T13A,,"AC,BH,LC,LH,LO,OC,UH,VC,VE,VH,VK,VM,VP",37.019501,-113.907303,878.0,2007.029,2008.283,Utah
TA.T14A.,TA,T14A,,"AC,BH,LC,LH,LO,OC,UH,VC,VE,VH,VK,VM,VP",37.061501,-113.084,1529.0,2007.028,2008.284,Utah
TA.T15A.,TA,T15A,,"AC,BH,LC,LH,LO,OC,UH,VC,VE,VH,VK,VM,VP",37.018299,-112.382401,1561.0,2007.045,2008.316,Utah
TA.T16A.,TA,T16A,,"AC,BH,LC,LH,LO,OC,UH,VC,VE,VH,VK,VM,VP",36.983898,-111.505997,1177.0,2007.076,2008.324,Arizona
TA.T17A.,TA,T17A,,"AC,BH,LC,LH,LO,OC,UH,VC,VE,VH,VK,VM,VP",36.996899,-110.8041,1876.0,2007.211,2009.063,Arizona
TA.T18A.,TA,T18A,,"AC,BH,LC,LH,LO,OC,UH,VC,VE,VH,VK,VM,VP",37.136398,-109.8741,1297.0,2007.174,2009.064,Utah
TA.T19A.,TA,T19A,,"AC,BH,LC,LH,LO,OC,UH,VC,VE,VH,VK,VM,VP",36.829899,-109.024902,1736.0,2007.173,2009.062,New Mexico
TA.U13A.,TA,U13A,,"AC,BH,LC,LH,LO,OC,UH,VC,VE,VH,VK,VM,VP",36.4151,-113.965302,712.0,2007.047,2008.317,Arizona
TA.U14A.,TA,U14A,,"AC,BH,LC,LH,LO,OC,UH,VC,VE,VH,VK,VM,VP",36.418201,-113.180496,1916.0,2007.049,2008.318,Arizona
TA.U15A.,TA,U15A,,"AC,BH,LC,LH,LO,OC,UH,VC,VE,VH,VK,VM,VP",36.428001,-112.291496,2489.0,2007.136,2010.148,Arizona
TA.U16A.,TA,U16A,,"AC,BH,LC,LH,LO,OC,UH,VC,VE,VH,VK,VM,VP",36.142799,-111.1297,1544.0,2007.138,2009.039,Arizona
TA.U17A.,TA,U17A,,"AC,BH,LC,LH,LO,OC,UH,VC,VE,VH,VK,VM,VP",36.599602,-110.662399,1976.0,2007.159,2009.04,Arizona
TA.U18A.,TA,U18A,,"AC,BH,LC,LH,LO,OC,UH,VC,VE,VH,VK,VM,VP",36.419899,-109.869598,1878.0,2007.139,2009.042,Arizona
TA.U19A.,TA,U19A,,"AC,BH,LC,LH,LO,OC,UH,VC,VE,VH,VK,VM,VP",36.2925,-109.207603,2166.0,2008.052,2009.077,Arizona
TA.U20A.,TA,U20A,,"AC,BH,LC,LH,LO,OC,UH,VC,VE,VH,VK,VM,VP",36.375801,-108.520401,1682.0,2008.05,2009.325,New Mexico
TA.V13A.,TA,V13A,,"AC,BH,LC,LH,LO,OC,UH,VC,VE,VH,VK,VM,VP",35.8522,-113.984001,1402.0,2007.069,2008.291,Arizona
TA.V14A.,TA,V14A,,"AC,BH,LC,LH,LO,OC,UH,VC,VE,VH,VK,VM,VP",35.6339,-113.105301,1731.0,2007.068,2008.312,Arizona
TA.V15A.,TA,V15A,,"AC,BH,LC,LH,LO,OC,UH,VC,VE,VH,VK,VM,VP",35.819099,-112.173103,1891.0,2007.109,2008.326,Arizona
TA.V17A.,TA,V17A,,"AC,BH,LC,LH,LO,OC,UH,VC,VE,VH,VK,VM,VP",35.621799,-110.7938,1596.0,2008.045,2009.037,Arizona
TA.V18A.,TA,V18A,,"AC,BH,LC,LH,LO,OC,UH,VC,VE,VH,VK,VM,VP",35.7113,-109.932701,1977.0,2007.131,2009.038,Arizona
TA.V19A.,TA,V19A,,"AC,BH,LC,LH,LO,OC,UH,VC,VE,VH,VK,VM,VP",35.714699,-109.045601,2082.0,2007.13,2009.052,New Mexico
TA.V20A.,TA,V20A,,"AC,BH,LC,LH,LO,OC,UH,VC,VE,VH,VK,VM,VP",35.799198,-108.466202,1889.0,2008.047,2009.326,New Mexico
TA.W13A.,TA,W13A,,"AC,BH,LC,LH,LO,OC,UH,VC,VE,VH,VK,VM,VP",35.098999,-113.885399,1988.2,2006.068,2010.148,Arizona
TA.W14A.,TA,W14A,,"AC,BH,LC,LH,LO,OC,UH,VC,VE,VH,VK,VM,VP",35.2127,-113.083397,1756.3,2006.069,2008.294,Arizona
TA.W15A.,TA,W15A,,"AC,BH,LC,LH,LO,OC,UH,VC,VE,VH,VK,VM,VP",35.178699,-112.266602,2034.2,2006.07,2008.313,Arizona
TA.W16A.,TA,W16A,,"AC,BH,LC,LH,LO,OC,UH,VC,VE,VH,VK,VM,VP",35.0951,-111.531799,2192.0,2007.117,2008.326,Arizona
TA.W17A.,TA,W17A,,"AC,BH,LC,LH,LO,OC,UH,VC,VE,VH,VK,VM,VP",35.078899,-110.7127,1461.0,2007.118,2009.035,Arizona
TA.W18A.,TA,W18A,,"AC,BH,HH,LC,LH,LO,OC,UH,VC,VE,VH,VK,VM,VP",35.118099,-109.735703,1750.0,2007.121,2018.25,Arizona
TA.W18A.EP,TA,W18A,EP,"BD,LC,LD,LE,LI,LK",35.118099,-109.735703,1750.0,2011.104,2018.25,Arizona
TA.W19A.,TA,W19A,,"AC,BH,LC,LH,LO,OC,UH,VC,VE,VH,VK,VM,VP",35.111801,-109.387901,1785.0,2007.119,2009.033,Arizona
TA.W20A.,TA,W20A,,"AC,BH,LC,LH,LO,OC,UH,VC,VE,VH,VK,VM,VP",35.1259,-108.500099,2110.0,2008.013,2009.328,New Mexico
TA.X13A.,TA,X13A,,"AC,BH,LC,LH,LO,OC,UH,VC,VE,VH,VK,VM,VP",34.593498,-113.8302,889.4,2006.073,2008.292,Arizona
TA.X14A.,TA,X14A,,"AC,BH,LC,LH,LO,OC,UH,VC,VE,VH,VK,VM,VP",34.4692,-112.890602,1077.5,2006.071,2008.311,Arizona
TA.X15A.,TA,X15A,,"AC,BH,LC,LH,LO,OC,UH,VC,VE,VH,VK,VM,VP",34.486599,-112.236801,1331.8,2006.081,2008.311,Arizona
TA.X16A.,TA,X16A,,"AC,BH,LC,LH,LO,OC,UH,VC,VE,VH,VK,VM,VP",34.417801,-111.441101,1759.4,2007.089,2010.148,Arizona
TA.X17A.,TA,X17A,,"AC,BH,LC,LH,LO,OC,UH,VC,VE,VH,VK,VM,VP",34.337101,-110.805801,2280.0,2007.103,2009.051,Arizona
TA.X18A.,TA,X18A,,"AC,BH,LC,LH,LO,OC,UH,VC,VE,VH,VK,VM,VP",34.529301,-109.950104,1751.0,2007.102,2010.148,Arizona
TA.X19A.,TA,X19A,,"AC,BH,LC,LH,LO,OC,UH,VC,VE,VH,VK,VM,VP",34.427502,-109.2901,1861.0,2007.1,2009.034,Arizona
TA.X20A.,TA,X20A,,"AC,BH,LC,LH,LO,OC,UH,VC,VE,VH,VK,VM,VP",34.542099,-108.498001,2057.0,2008.036,2009.328,New Mexico
TA.Y13A.,TA,Y13A,,"AC,BH,LC,LH,LO,OC,UH,VC,VE,VH,VK,VM,VP",33.814201,-113.828697,356.9,2006.075,2008.295,Arizona
TA.Y14A.,TA,Y14A,,"AC,BH,LC,LH,LO,OC,UH,VC,VE,VH,VK,VM,VP",33.938301,-113.004799,730.7,2006.073,2010.148,Arizona
TA.Y15A.,TA,Y15A,,"AC,BH,LC,LH,LO,OC,UH,VC,VE,VH,VK,VM,VP",33.953499,-112.333099,572.0,2007.079,2008.337,Arizona
TA.Y16A.,TA,Y16A,,"AC,BH,LC,LH,LO,OC,UH,VC,VE,VH,VK,VM,VP",33.879799,-111.478302,1068.0,2007.08,2008.337,Arizona
TA.Y17A.,TA,Y17A,,"AC,BH,LC,LH,LO,OC,UH,VC,VE,VH,VK,VM,VP",33.695301,-110.844398,866.0,2007.107,2009.022,Arizona
TA.Y18A.,TA,Y18A,,"AC,BH,LC,LH,LO,OC,UH,VC,VE,VH,VK,VM,VP",33.777599,-110.034103,1512.0,2007.101,2009.036,Arizona
TA.Y19A.,TA,Y19A,,"AC,BH,LC,LH,LO,OC,UH,VC,VE,VH,VK,VM,VP",33.9571,-109.254097,2448.0,2007.094,2009.052,Arizona
TA.Y20A.,TA,Y20A,,"AC,BH,LC,LH,LO,OC,UH,VC,VE,VH,VK,VM,VP",33.908501,-108.3769,2177.0,2008.041,2009.34,New Mexico
TA.Z13A.,TA,Z13A,,"AC,BH,LC,LH,LO,OC,UH,VC,VE,VH,VK,VM,VP",33.199902,-113.656799,375.0,2008.038,2009.03,Arizona
TA.Z14A.,TA,Z14A,,"AC,BH,LC,LH,LO,OC,UH,VC,VE,VH,VK,VM,VP",33.362701,-112.945801,297.8,2006.075,2010.148,Arizona
TA.Z15A.,TA,Z15A,,"AC,BH,LC,LH,LO,OC,UH,VC,VE,VH,VK,VM,VP",33.289299,-112.158096,318.0,2007.104,2008.34,Arizona
TA.Z16A.,TA,Z16A,,"AC,BH,LC,LH,LO,OC,UH,VC,VE,VH,VK,VM,VP",33.341,-111.427299,537.0,2007.074,2008.338,Arizona
TA.Z17A.,TA,Z17A,,"AC,BH,LC,LH,LO,OC,UH,VC,VE,VH,VK,VM,VP",33.296902,-110.472298,846.0,2007.106,2009.021,Arizona
TA.Z18A.,TA,Z18A,,"AC,BH,LC,LH,LO,OC,UH,VC,VE,VH,VK,VM,VP",33.085098,-110.036201,812.0,2007.068,2009.018,Arizona
TA.Z19A.,TA,Z19A,,"AC,BH,LC,LH,LO,OC,UH,VC,VE,VH,VK,VM,VP",33.292099,-109.265701,1397.0,2007.093,2009.017,Arizona
TA.Z20A.,TA,Z20A,,"AC,BH,LC,LH,LO,OC,UH,VC,VE,VH,VK,VM,VP",33.113201,-108.592201,1547.0,2008.051,2009.345,New Mexico
TD.COP01.,TD,COP01,,HH,52.90385,-115.3398,912.0,2013.305,3000.001,Alberta (Ca)
TD.TD007.,TD,TD007,,HH,52.907001,-115.616096,988.0,2013.212,3000.001,Alberta (Ca)
TD.TD007.D0,TD,TD007,D0,SO,52.907001,-115.616096,988.0,2013.212,3000.001,Alberta (Ca)
TD.TD008.,TD,TD008,,HH,52.804089,-115.431763,964.0,2013.347,3000.001,Alberta (Ca)
TD.TD009.,TD,TD009,,"GA,GN,GP,GS,HH,LC,VC,VE,VM,VP",52.32058,-116.323372,1335.0,2013.356,3000.001,Alberta (Ca)
TD.TD009.D0,TD,TD009,D0,SO,52.32058,-116.323372,1335.0,2013.356,3000.001,Alberta (Ca)
TD.TD010.,TD,TD010,,HH,52.63863,-116.33301,1637.0,2013.356,2020.202,Alberta (Ca)
TD.TD011.,TD,TD011,,HH,52.54942,-115.5157,1103.0,2013.357,2020.202,Alberta (Ca)
TD.TD012.,TD,TD012,,HH,52.13135,-115.39685,1556.0,2014.017,2020.202,Alberta (Ca)
TD.TD013.,TD,TD013,,HH,52.51791,-115.02345,975.0,2013.357,2020.202,Alberta (Ca)
TD.TD016.,TD,TD016,,HH,51.210331,-114.835472,1380.0,2014.297,3000.001,Alberta (Ca)
TD.TD016.D0,TD,TD016,D0,SO,51.210331,-114.835472,1380.0,2014.297,3000.001,Alberta (Ca)
TD.TD022.,TD,TD022,,HH,51.17701,-114.228798,1267.0,2014.188,3000.001,Alberta (Ca)
TD.TD022.D0,TD,TD022,D0,SO,51.17701,-114.228798,1267.0,2014.188,3000.001,Alberta (Ca)
TD.TD023.,TD,TD023,,HH,51.11063,-114.305161,1169.0,2014.125,3000.001,Alberta (Ca)
TD.TD023.D0,TD,TD023,D0,SO,51.11063,-114.305161,1169.0,2014.125,3000.001,Alberta (Ca)
TD.TD024.,TD,TD024,,HH,51.04789,-114.362083,1155.0,2014.124,3000.001,Alberta (Ca)
TD.TD024.D0,TD,TD024,D0,SO,51.04789,-114.362083,1155.0,2014.124,3000.001,Alberta (Ca)
TD.TD025.,TD,TD025,,HH,51.161411,-114.676308,1309.0,2014.125,3000.001,Alberta (Ca)
TD.TD025.D0,TD,TD025,D0,SO,51.161411,-114.676308,1309.0,2014.125,3000.001,Alberta (Ca)
TD.TD026.,TD,TD026,,HH,51.29277,-114.70697,1359.0,2014.189,2029.365,Alberta (Ca)
TD.TD026.D0,TD,TD026,D0,SO,51.29277,-114.70697,1359.0,2014.189,3000.001,Alberta (Ca)
TD.TD027.,TD,TD027,,HH,51.050789,-114.231819,1219.0,2014.187,3000.001,Alberta (Ca)
TD.TD027.D0,TD,TD027,D0,SO,51.050789,-114.231819,1219.0,2014.187,3000.001,Alberta (Ca)
TD.TD028.,TD,TD028,,HH,51.24942,-114.587807,1228.0,2014.297,3000.001,Alberta (Ca)
TD.TD028.D0,TD,TD028,D0,SO,51.24942,-114.587807,1228.0,2014.297,3000.001,Alberta (Ca)
TD.TD029.,TD,TD029,,HH,52.21709,-115.20005,1164.0,2014.296,2020.202,Alberta (Ca)
TD.TD06A.,TD,TD06A,,HH,52.949871,-115.520607,961.0,2013.214,3000.001,Alberta (Ca)
TD.TD06A.D0,TD,TD06A,D0,SO,52.949871,-115.520607,961.0,2013.214,3000.001,Alberta (Ca)
TD.TD07A.,TD,TD07A,,HH,52.98373,-115.744766,1068.0,2013.213,3000.001,Alberta (Ca)
TD.TD07A.D0,TD,TD07A,D0,SO,52.98373,-115.744766,1068.0,2013.213,3000.001,Alberta (Ca)
TD.TD08A.,TD,TD08A,,HH,52.947559,-115.277641,932.0,2013.215,3000.001,Alberta (Ca)
TD.TD08A.D0,TD,TD08A,D0,SO,52.947559,-115.277641,932.0,2013.215,3000.001,Alberta (Ca)
TD.TD09A.,TD,TD09A,,"GA,GN,GP,GS,HH,LC,VC,VE,VM,VP",52.924969,-116.389732,1034.0,2013.215,3000.001,Alberta (Ca)
TD.TD09A.D0,TD,TD09A,D0,SO,52.924969,-116.389732,1034.0,2013.215,3000.001,Alberta (Ca)
TD.TD13A.,TD,TD13A,,HH,52.00769,-114.76824,1182.0,2013.353,2020.202,Alberta (Ca)
UM.BMMT.00,UM,BMMT,00,HH,47.49065,-112.87633,1676.0,2018.234,2021.208,Montana
UM.BRMT.00,UM,BRMT,00,HH,47.1055,-113.2277,1388.0,2020.21,2025.267,Montana
UM.CLMT.00,UM,CLMT,00,HH,46.81868,-112.76988,1616.0,2018.233,2021.21,Montana
UM.COMT.00,UM,COMT,00,HH,47.07883,-112.6144,1665.0,2018.235,2021.209,Montana
UM.EKMT.00,UM,EKMT,00,HH,47.35053,-112.53827,1473.0,2018.235,2021.105,Montana
UM.ESMT.00,UM,ESMT,00,HH,46.65665,-112.4426,1742.0,2018.233,2021.21,Montana
UM.FPMT.00,UM,FPMT,00,HH,46.99877,-112.40255,1660.0,2018.235,2021.209,Montana
UM.GBMT.00,UM,GBMT,00,HH,46.85923,-112.4568,2235.0,2017.236,2018.28,Montana
UM.GBMT.00,UM,GBMT,00,HH,46.85923,-112.4568,2235.0,2018.28,2020.212,Montana
UM.LGMT.00,UM,LGMT,00,HH,46.88137,-112.60508,1784.0,2017.236,2018.28,Montana
UM.LGMT.00,UM,LGMT,00,HH,46.88137,-112.60508,1784.0,2018.28,2020.285,Montana
UM.MVMT.00,UM,MVMT,00,HH,47.033783,-112.929617,1327.0,2019.127,2021.185,Montana
UM.NVMT.00,UM,NVMT,00,HH,46.78763,-112.59965,1741.0,2017.237,2018.28,Montana
UM.NVMT.00,UM,NVMT,00,HH,46.78763,-112.59965,1741.0,2018.28,2018.321,Montana
UM.OGMT.00,UM,OGMT,00,HH,46.88643,-112.88782,1620.0,2018.236,2021.21,Montana
US.BOZ.,US,BOZ,,"BH,BL,HH,HL,LH",45.59697,-111.62967,1589.0,1999.315,2011.122,Montana
US.BOZ.00,US,BOZ,00,"BH,LH,VH,VM",45.59697,-111.62967,1589.0,2009.124,3000.001,Montana
US.BOZ.20,US,BOZ,20,"HN,LN",45.59697,-111.62967,1589.0,2009.124,3000.001,Montana
US.DUG.,US,DUG,,"BH,BL,HH,HL,LH",40.195,-112.8133,1477.0,1993.049,2011.122,Utah
US.DUG.00,US,DUG,00,"BH,HH,LH,VH,VM",40.195,-112.8133,1477.0,2011.122,3000.001,Utah
US.DUG.20,US,DUG,20,"HN,LN",40.195,-112.8133,1477.0,2011.122,3000.001,Utah
US.EGMT.,US,EGMT,,"BH,HL,LH",48.024,-109.7547,1055.0,2005.321,2011.122,Montana
US.EGMT.00,US,EGMT,00,"BH,LH,VH,VM",48.024,-109.7547,1055.0,2011.122,3000.001,Montana
US.EGMT.20,US,EGMT,20,"HN,LN",48.024,-109.7547,1055.0,2011.122,3000.001,Montana
US.HWUT.,US,HWUT,,"BH,BL,HH,HL,LH",41.6069,-111.5652,1830.0,1997.085,2009.125,Utah
US.HWUT.00,US,HWUT,00,"BH,HH,LH,VH,VM",41.6069,-111.5652,1830.0,2009.125,3000.001,Utah
US.HWUT.20,US,HWUT,20,"HN,LN",41.6069,-111.5652,1830.0,2009.125,3000.001,Utah
US.KNB.,US,KNB,,"BH,LH",37.0166,-112.8224,1715.0,1995.137,2003.304,Utah
US.MSO.,US,MSO,,"BH,BL,HL,LH",46.8292,-113.9406,1264.0,2002.235,2011.122,Montana
US.MSO.00,US,MSO,00,"BH,HH,LH,VH,VM",46.8292,-113.9406,1264.0,2011.122,3000.001,Montana
US.MSO.20,US,MSO,20,"HN,LN",46.8292,-113.9406,1264.0,2011.122,3000.001,Montana
US.MVCO.,US,MVCO,,"BH,HL,LH",37.19956,-108.49251,2169.9,2006.108,2011.122,Colorado
US.MVCO.00,US,MVCO,00,"BH,HH,LH,VH,VM",37.19956,-108.49251,2169.9,2011.122,3000.001,Colorado
US.MVCO.20,US,MVCO,20,"HN,LN",37.19956,-108.49251,2169.9,2011.122,3000.001,Colorado
US.RLMT.,US,RLMT,,"BH,BL,HH,HL,LH",45.1221,-109.2673,2086.0,2006.255,2011.122,Montana
US.RLMT.00,US,RLMT,00,"BH,LH,VH,VM",45.1221,-109.2673,2086.0,2009.125,3000.001,Montana
US.RLMT.20,US,RLMT,20,"HN,LN",45.1221,-109.2673,2086.0,2009.125,3000.001,Montana
US.WUAZ.,US,WUAZ,,"BH,BL,HH,HL,LH",35.5169,-111.3739,1592.0,1998.132,2011.122,Arizona
US.WUAZ.00,US,WUAZ,00,"BH,LH,VH,VM",35.5169,-111.3739,1592.0,2011.122,3000.001,Arizona
US.WUAZ.20,US,WUAZ,20,"HN,LN",35.5169,-111.3739,1592.0,2011.122,3000.001,Arizona
UU.AIUT.,UU,AIUT,,EH,40.85583,-112.1755,1334.0,1985.155,1990.13,Utah
UU.ANU.,UU,ANU,,EH,41.03967,-112.23167,1353.0,1985.338,1991.316,Utah
UU.ARGU.,UU,ARGU,,EH,39.822833,-110.543667,2828.0,2004.259,2013.09,Utah
UU.ARGU.01,UU,ARGU,01,EH,39.822833,-110.543667,2828.0,2013.091,3000.001,Utah
UU.ARUT.,UU,ARUT,,EH,37.788,-113.44033,1646.0,1981.001,2013.09,Utah
UU.ARUT.01,UU,ARUT,01,EH,37.788,-113.44033,1646.0,2013.091,3000.001,Utah
UU.ASU1.,UU,ASU1,,"EN,HH",37.7997,-112.1074,2366.0,2012.104,2012.145,Utah
UU.ASU2.,UU,ASU2,,"EN,HH",37.7538,-112.2136,2415.0,2012.104,2012.145,Utah
UU.ASU7.01,UU,ASU7,01,"EN,HH",38.552595,-112.220772,1894.0,2022.063,2022.077,Utah
UU.ASU9.01,UU,ASU9,01,"EN,HH",41.616003,-112.543516,1511.3,2024.128,2024.208,Utah
UU.BBU.,UU,BBU,,EH,40.7455,-112.01117,1291.0,1985.189,2008.282,Utah
UU.BCE.,UU,BCE,,"EH,EN",39.6131,-110.4084,2666.0,2003.236,2013.09,Utah
UU.BCE.01,UU,BCE,01,"EH,EN",39.6131,-110.4084,2666.0,2013.091,3000.001,Utah
UU.BCW.,UU,BCW,,"EH,EN",39.7303,-110.7425,2614.0,2003.233,2013.09,Utah
UU.BCW.01,UU,BCW,01,"EH,EN",39.7303,-110.7425,2614.0,2013.091,3000.001,Utah
UU.BDU.,UU,BDU,,EH,40.87417,-111.534,2198.0,1985.303,1989.114,Utah
UU.BGU.,UU,BGU,,"EN,HH",40.92083,-113.02983,1640.0,2001.297,2013.09,Utah
UU.BGU.01,UU,BGU,01,"EN,HH",40.92083,-113.02983,1640.0,2013.091,3000.001,Utah
UU.BGVA.,UU,BGVA,,EH,36.96416,-113.561,878.0,1992.25,1993.064,Arizona
UU.BHDU.,UU,BHDU,,EH,37.00467,-113.458,883.0,1992.25,1993.064,Utah
UU.BHU.,UU,BHU,,EH,37.5939,-112.8621,3250.0,1995.223,2013.09,Utah
UU.BHU.01,UU,BHU,01,"EH,EN",37.5939,-112.8621,3250.0,2013.091,3000.001,Utah
UU.BHU.02,UU,BHU,02,EN,37.5939,-112.8621,3250.0,2022.23,3000.001,Utah
UU.BKU.,UU,BKU,,EH,38.53517,-113.12683,1859.0,1984.298,1988.272,Utah
UU.BLGU.,UU,BLGU,,EH,37.206,-113.58767,1329.0,1992.248,1993.064,Utah
UU.BMUT.,UU,BMUT,,EH,41.958248,-111.236389,2243.0,1981.001,2013.09,Utah
UU.BMUT.01,UU,BMUT,01,"EH,EN,HH",41.958248,-111.236389,2243.0,2013.091,3000.001,Utah
UU.BRO.,UU,BRO,,EH,40.623,-111.87867,1337.0,1990.227,1991.137,Utah
UU.BRPU.,UU,BRPU,,"EN,HH",39.473,-110.74,1687.0,2009.265,2013.09,Utah
UU.BRPU.01,UU,BRPU,01,"EN,HH",39.473,-110.74,1687.0,2013.091,3000.001,Utah
UU.BSUT.,UU,BSUT,,"EN,HH",40.5365,-110.7612,3211.0,2012.263,2013.09,Utah
UU.BSUT.01,UU,BSUT,01,"EN,HH",40.5365,-110.7612,3211.0,2013.091,3000.001,Utah
UU.BTU.,UU,BTU,,EH,37.756052,-111.8749,3234.5,1995.215,2013.09,Utah
UU.BTU.01,UU,BTU,01,"EH,EN,HH",37.756052,-111.8749,3234.5,2013.091,3000.001,Utah
UU.CAPU.,UU,CAPU,,"EN,HN",40.77845,-111.889967,1384.0,2004.336,2013.09,Utah
UU.CAPU.01,UU,CAPU,01,"EN,HN",40.77845,-111.889967,1384.0,2013.091,2022.258,Utah
UU.CCU.,UU,CCU,,EH,37.67533,-113.0685,1775.0,1981.001,1994.336,Utah
UU.CCU2.,UU,CCU2,,EH,37.68133,-113.08833,1757.0,1994.337,1995.22,Utah
UU.CCUT.,UU,CCUT,,"EN,HH",37.550598,-113.362701,2127.0,2006.009,2013.121,Utah
UU.CCUT.01,UU,CCUT,01,"EN,HH",37.550598,-113.362701,2127.0,2013.091,3000.001,Utah
UU.CDCU.,UU,CDCU,,EH,41.505,-112.17683,1288.0,1992.04,1992.154,Utah
UU.CFU.,UU,CFU,,EH,38.61883,-112.53867,2012.0,1985.289,1987.238,Utah
UU.CM3.,UU,CM3,,EH,39.446267,-111.214367,3193.0,2007.222,2007.276,Utah
UU.CM4.,UU,CM4,,EH,39.508817,-111.2614,2765.0,2007.222,2007.276,Utah
UU.CM5.,UU,CM5,,EH,39.4674,-111.148333,2359.0,2007.222,2007.275,Utah
UU.CMU.,UU,CMU,,EH,39.17133,-110.61933,2332.0,1981.001,1990.185,Utah
UU.CPU.,UU,CPU,,EH,40.67233,-112.19633,2377.0,1985.269,1992.155,Utah
UU.CRLU.,UU,CRLU,,"EH,EN",38.2916,-109.2607,2035.0,2010.224,2013.09,Utah
UU.CRLU.01,UU,CRLU,01,"EH,EN",38.2916,-109.2607,2035.0,2013.091,3000.001,Utah
UU.CTU.,UU,CTU,,"EN,HH",40.6925,-111.75034,1731.0,1997.239,2013.09,Utah
UU.CTU.01,UU,CTU,01,"EN,HH",40.6925,-111.75034,1731.0,2013.091,3000.001,Utah
UU.CVRU.,UU,CVRU,,"EN,HH",38.9176,-111.1716,1910.3,2009.331,2013.09,Utah
UU.CVRU.01,UU,CVRU,01,"EN,HH",38.9176,-111.1716,1910.3,2013.091,3000.001,Utah
UU.CWU.,UU,CWU,,EH,40.44584,-112.10217,1945.0,1985.128,2013.09,Utah
UU.CWU.01,UU,CWU,01,EH,40.44584,-112.10217,1945.0,2013.091,3000.001,Utah
UU.DAU.,UU,DAU,,EH,40.4125,-111.25584,2771.0,1985.26,2013.09,Utah
UU.DAU.01,UU,DAU,01,EH,40.4125,-111.25584,2771.0,2013.091,3000.001,Utah
UU.DBD.,UU,DBD,,EH,39.31367,-111.0925,2265.0,1995.175,2013.09,Utah
UU.DBD.01,UU,DBD,01,EH,39.31367,-111.0925,2265.0,2013.091,3000.001,Utah
UU.DCM.,UU,DCM,,"EH,EN",39.695,-110.58334,2537.0,2003.133,2013.09,Utah
UU.DCM.01,UU,DCM,01,"EH,EN",39.695,-110.58334,2537.0,2013.091,3000.001,Utah
UU.DCU.,UU,DCU,,EH,40.41367,-111.52683,1829.0,1985.305,2013.09,Utah
UU.DCU.01,UU,DCU,01,EH,40.41367,-111.52683,1829.0,2013.091,3000.001,Utah
UU.DUG.,UU,DUG,,"EH,EL",40.195,-112.81333,1477.0,1982.055,2013.09,Utah
UU.DUG.01,UU,DUG,01,EH,40.195,-112.81333,1477.0,2013.091,2014.044,Utah
UU.DWU.,UU,DWU,,EH,38.10577,-112.99935,2307.3,1982.174,2013.09,Utah
UU.DWU.01,UU,DWU,01,EH,38.10577,-112.99935,2307.3,2013.091,3000.001,Utah
UU.ECUT.01,UU,ECUT,01,HH,39.171697,-112.133201,2136.0,2018.2,3000.001,Utah
UU.EKU.,UU,EKU,,EH,37.07467,-112.49683,1829.0,1996.081,2013.09,Utah
UU.EKU.01,UU,EKU,01,"EH,EN,HH",37.07467,-112.49683,1829.0,2013.091,3000.001,Utah
UU.ELU.,UU,ELU,,EH,39.64017,-111.20383,2970.0,2000.255,2013.09,Utah
UU.ELU.01,UU,ELU,01,EH,39.64017,-111.20383,2970.0,2013.091,3000.001,Utah
UU.EMU.,UU,EMU,,"EH,EL,EN",39.814,-110.81533,2268.0,1986.287,2013.09,Utah
UU.EMU.01,UU,EMU,01,"EH,EN",39.814,-110.81533,2268.0,2013.091,3000.001,Utah
UU.EPU.,UU,EPU,,EH,41.3915,-112.40884,1436.0,1985.26,2013.09,Utah
UU.EPU.01,UU,EPU,01,"EH,EN",41.3915,-112.40884,1436.0,2013.091,3000.001,Utah
UU.EPU.02,UU,EPU,02,EH,41.3915,-112.40884,1436.0,2022.245,3000.001,Utah
UU.ERUT.,UU,ERUT,,EH,41.1815,-113.2085,1309.0,1987.302,1988.231,Utah
UU.FDU.,UU,FDU,,EH,39.75683,-110.99,2975.0,1982.285,1986.287,Utah
UU.FLU.,UU,FLU,,"EH,EN",39.37817,-112.1715,1951.0,1981.244,2013.09,Utah
UU.FLU.01,UU,FLU,01,"EH,EN",39.37817,-112.1715,1951.0,2013.091,3000.001,Utah
UU.FLU.02,UU,FLU,02,EH,39.37817,-112.1715,1951.0,2013.091,3000.001,Utah
UU.FLUT.,UU,FLUT,,EH,39.1,-110.83884,1682.0,1988.231,1988.348,Utah
UU.FOR1.01,UU,FOR1,01,HH,38.3689,-113.0938,1642.0,2016.315,3000.001,Utah
UU.FOR2.01,UU,FOR2,01,HH,38.495,-112.8723,1760.0,2016.315,3000.001,Utah
UU.FOR3.01,UU,FOR3,01,"EN,HH",38.5133,-112.8809,1699.0,2016.315,2021.097,Utah
UU.FOR4.01,UU,FOR4,01,HH,38.4986,-112.8965,1657.0,2016.314,2021.098,Utah
UU.FOR5.01,UU,FOR5,01,HH,38.569727,-112.85453,1739.1,2021.112,3000.001,Utah
UU.FOR6.01,UU,FOR6,01,HH,38.489818,-112.787486,2421.0,2021.292,3000.001,Utah
UU.FOR7.01,UU,FOR7,01,HH,38.420718,-112.852595,1964.0,2021.298,3000.001,Utah
UU.FOR8.01,UU,FOR8,01,HH,38.528575,-113.077933,1654.0,2021.294,3000.001,Utah
UU.FORK.01,UU,FORK,01,"EH,EN,GH,GN",38.501227,-112.886489,1408.0,2019.1,3000.001,Utah
UU.FORU.01,UU,FORU,01,HH,38.4588,-112.8614,1840.0,2015.337,3000.001,Utah
UU.FPU.,UU,FPU,,EH,41.02633,-111.83683,2816.0,1985.284,2013.09,Utah
UU.FPU.01,UU,FPU,01,"EH,EN,HH",41.02633,-111.83683,2816.0,2013.091,3000.001,Utah
UU.FSB1.01,UU,FSB1,01,"CH,DN,EN,HH",38.484942,-112.89136,1697.0,2020.287,3000.001,Utah
UU.FSB2.01,UU,FSB2,01,"CH,DN,EN,HH",38.507381,-112.916377,1587.0,2020.288,2024.254,Utah
UU.FSB3.01,UU,FSB3,01,"CH,DN,EN,HH",38.513377,-112.880675,1701.0,2020.286,3000.001,Utah
UU.FSB4.01,UU,FSB4,01,HH,38.425726,-112.933649,1578.0,2022.116,3000.001,Utah
UU.FSB5.01,UU,FSB5,01,HH,38.50317,-113.013784,1474.0,2022.117,3000.001,Utah
UU.FSB6.01,UU,FSB6,01,HH,38.602002,-112.941152,1462.0,2022.116,3000.001,Utah
UU.FSU.,UU,FSU,,EH,39.7225,-113.39133,1487.0,1981.04,2013.09,Utah
UU.FSU.01,UU,FSU,01,"EH,EN,HH",39.7225,-113.39133,1487.0,2013.091,3000.001,Utah
UU.GMU.,UU,GMU,,"EH,EL",40.5755,-111.76317,1829.0,1985.067,2013.09,Utah
UU.GMU.01,UU,GMU,01,EH,40.5755,-111.76317,1829.0,2013.091,3000.001,Utah
UU.GRD.,UU,GRD,,EH,40.59834,-111.92583,1323.0,1993.281,2010.343,Utah
UU.GVUT.,UU,GVUT,,EH,41.00383,-113.07467,1530.0,1987.28,1988.231,Utah
UU.GZU.,UU,GZU,,"EH,EL",41.42516,-111.975,2649.0,1985.254,2013.09,Utah
UU.GZU.01,UU,GZU,01,"EH,EN",41.42516,-111.975,2649.0,2013.091,3000.001,Utah
UU.HCSU.,UU,HCSU,,"EH,EN",40.2067,-111.5024,1789.0,2010.225,2013.09,Utah
UU.HCSU.01,UU,HCSU,01,"EH,EN",40.2067,-111.5024,1789.0,2010.225,2019.21,Utah
UU.HDU.,UU,HDU,,EH,41.8045,-111.76483,1853.0,1984.129,2013.09,Utah
UU.HDU.01,UU,HDU,01,EH,41.8045,-111.76483,1853.0,2013.091,2023.193,Utah
UU.HDUT.01,UU,HDUT,01,"EN,HH",41.80322,-111.76595,1846.3,2023.18,3000.001,Utah
UU.HEB.,UU,HEB,,EH,40.5015,-111.33583,1925.0,2004.175,2013.09,Utah
UU.HEB.01,UU,HEB,01,EH,40.5015,-111.33583,1925.0,2013.091,3000.001,Utah
UU.HLJ.,UU,HLJ,,"EH,EN",40.610614,-111.400836,1945.0,1992.296,2013.09,Utah
UU.HLJ.01,UU,HLJ,01,"EH,EN,HH",40.610614,-111.400836,1945.0,2013.091,3000.001,Utah
UU.HMU.,UU,HMU,,HH,37.938,-110.7418,2430.0,2005.322,2013.09,Utah
UU.HMU.01,UU,HMU,01,"EN,HH",37.938,-110.7418,2430.0,2013.091,3000.001,Utah
UU.HONU.,UU,HONU,,EH,41.615,-112.05,1515.0,1989.164,2013.09,Utah
UU.HONU.01,UU,HONU,01,EH,41.615,-112.05,1515.0,2013.091,2019.281,Utah
UU.HRBU.,UU,HRBU,,EH,37.20383,-113.38084,1109.0,1992.248,1993.063,Utah
UU.HRU.,UU,HRU,,"EH,EN",40.7945,-111.88567,1620.0,1993.351,2013.09,Utah
UU.HRU.01,UU,HRU,01,"EH,EN",40.7945,-111.88567,1620.0,2013.091,3000.001,Utah
UU.HRUT.,UU,HRUT,,EH,41.22717,-113.08083,1408.0,1987.28,1988.231,Utah
UU.HTU.,UU,HTU,,"EH,EN",40.67453,-111.22075,2586.0,1981.001,2013.09,Utah
UU.HTU.01,UU,HTU,01,"EH,EN",40.67453,-111.22075,2586.0,2013.091,3000.001,Utah
UU.HTU.02,UU,HTU,02,EH,40.67453,-111.22075,2586.0,2013.091,3000.001,Utah
UU.HVU.,UU,HVU,,"EH,EL,EN,HH",41.77967,-112.775,1609.0,1981.001,2013.09,Utah
UU.HVU.01,UU,HVU,01,"EN,HH",41.77967,-112.775,1609.0,2013.091,3000.001,Utah
UU.ICU.,UU,ICU,,EH,37.14995,-113.92526,1445.0,1995.217,2013.09,Utah
UU.ICU.01,UU,ICU,01,EH,37.14995,-113.92526,1445.0,2013.091,3000.001,Utah
UU.IMU.,UU,IMU,,EH,38.63317,-113.15833,1833.0,1988.277,2013.09,Utah
UU.IMU.01,UU,IMU,01,EH,38.63317,-113.15833,1833.0,2013.091,3000.001,Utah
UU.JLU.,UU,JLU,,"EH,EL,EN,HH",40.60195,-111.44995,2285.0,1984.271,2013.09,Utah
UU.JLU.01,UU,JLU,01,"EN,HH",40.60195,-111.44995,2285.0,2013.091,2019.318,Utah
UU.KCUT.,UU,KCUT,,EH,40.72766,-112.07283,1288.0,1985.249,1987.213,Utah
UU.KHUT.01,UU,KHUT,01,"EH,EN",41.721572,-112.029595,1829.0,2022.235,3000.001,Utah
UU.KLJ.,UU,KLJ,,EH,40.63083,-111.405,2003.1,1992.304,2013.09,Utah
UU.KLJ.01,UU,KLJ,01,EH,40.63083,-111.405,2003.1,2013.091,2025.315,Utah
UU.KNB.,UU,KNB,,"EN,HH",37.0166,-112.822,1715.0,2009.028,2013.09,Utah
UU.KNB.01,UU,KNB,01,"EN,HH",37.0166,-112.822,1715.0,2013.091,3000.001,Utah
UU.LCMT.,UU,LCMT,,"EN,HH",37.0118,-113.2439,1411.0,2009.134,2013.09,Utah
UU.LCMT.01,UU,LCMT,01,"EN,HH",37.0118,-113.2439,1411.0,2013.091,3000.001,Utah
UU.LDJ.,UU,LDJ,,EH,40.5815,-111.40867,2217.0,1992.274,2013.09,Utah
UU.LDJ.01,UU,LDJ,01,EH,40.5815,-111.40867,2217.0,2013.091,2025.318,Utah
UU.LEVU.,UU,LEVU,,"EH,EN",39.5065,-111.81467,1996.0,1991.36,2013.09,Utah
UU.LEVU.01,UU,LEVU,01,"EH,EN",39.5065,-111.81467,1996.0,2013.091,3000.001,Utah
UU.LEVU.02,UU,LEVU,02,EH,39.5065,-111.81467,1996.0,2013.091,3000.001,Utah
UU.LHUT.,UU,LHUT,,EH,40.891417,-110.99635,3084.0,2008.19,2013.09,Utah
UU.LHUT.01,UU,LHUT,01,EH,40.891417,-110.99635,3084.0,2013.091,3000.001,Utah
UU.LIUT.01,UU,LIUT,01,HH,39.4241,-110.3251,2178.0,2015.198,3000.001,Utah
UU.LSUT.,UU,LSUT,,EH,41.68483,-111.5575,2225.0,1984.214,1997.311,Utah
UU.LTU.,UU,LTU,,"EH,EN",41.59184,-112.24717,1585.0,1985.26,2013.09,Utah
UU.LTU.01,UU,LTU,01,"EH,EN",41.59184,-112.24717,1585.0,2013.091,3000.001,Utah
UU.LTU.02,UU,LTU,02,EH,41.59184,-112.24717,1585.0,2013.091,3000.001,Utah
UU.LVU.,UU,LVU,,EH,39.49166,-111.82667,2530.0,1981.301,1992.028,Utah
UU.MCU.,UU,MCU,,EH,41.461855,-111.508505,2668.0,1981.001,2013.09,Utah
UU.MCU.01,UU,MCU,01,"EH,EN,HH",41.461855,-111.508505,2668.0,2013.091,3000.001,Utah
UU.MGU.,UU,MGU,,EH,40.6815,-111.91817,1291.0,1993.173,2010.343,Utah
UU.MGU2.,UU,MGU2,,EH,40.6815,-111.91817,1291.0,1993.173,1994.039,Utah
UU.MHD.,UU,MHD,,"EH,EN",40.66067,-111.80083,1597.0,1990.227,2013.09,Utah
UU.MHD.01,UU,MHD,01,"EH,EN",40.66067,-111.80083,1597.0,2013.091,3000.001,Utah
UU.MHD.02,UU,MHD,02,EH,40.66067,-111.80083,1597.0,2013.091,3000.001,Utah
UU.MMU.,UU,MMU,,EH,38.1985,-111.29433,2391.4,1985.003,2013.09,Utah
UU.MMU.01,UU,MMU,01,"EH,EN,HH",38.1985,-111.29433,2391.4,2013.091,3000.001,Utah
UU.MOUT.,UU,MOUT,,EH,41.19894,-111.87953,2748.0,1984.227,2013.09,Utah
UU.MOUT.01,UU,MOUT,01,"EH,EN,HH",41.19894,-111.87953,2748.0,2013.091,3000.001,Utah
UU.MPU.,UU,MPU,,"EN,HH",40.0155,-111.63333,1909.0,1998.244,2013.09,Utah
UU.MPU.01,UU,MPU,01,"EN,HH",40.0155,-111.63333,1909.0,2013.091,3000.001,Utah
UU.MSU.,UU,MSU,,EH,38.51233,-112.17717,2105.0,1983.018,2013.09,Utah
UU.MSU.01,UU,MSU,01,EH,38.51233,-112.17717,2105.0,2013.091,3000.001,Utah
UU.MTPU.,UU,MTPU,,"EN,HH",38.0415,-112.1843,3112.0,2009.297,2013.09,Utah
UU.MTPU.01,UU,MTPU,01,"EN,HH",38.0415,-112.1843,3112.0,2013.091,3000.001,Utah
UU.MTUT.,UU,MTUT,,EH,41.6709,-112.4551,1373.0,1989.186,2013.09,Utah
UU.MTUT.01,UU,MTUT,01,"EH,EN",41.6709,-112.4551,1373.0,2013.091,3000.001,Utah
UU.MTUT.02,UU,MTUT,02,EN,41.6709,-112.4551,1373.0,2023.145,3000.001,Utah
UU.NAI.,UU,NAI,,EN,41.01617,-112.228,1472.0,2000.227,2013.09,Utah
UU.NAI.01,UU,NAI,01,"EH,EN",41.01617,-112.228,1472.0,2013.091,3000.001,Utah
UU.NAIU.,UU,NAIU,,EH,41.01617,-112.228,1472.0,1991.329,2013.09,Utah
UU.NAIU.01,UU,NAIU,01,EH,41.01617,-112.228,1472.0,2013.091,2023.145,Utah
UU.NFUT.,UU,NFUT,,EH,41.18767,-113.33217,1378.0,1987.28,1988.231,Utah
UU.NLU.,UU,NLU,,"EH,EL,EN,HH",39.95483,-112.075,2036.0,1981.213,2013.09,Utah
UU.NLU.01,UU,NLU,01,"EN,HH",39.95483,-112.075,2036.0,2013.091,3000.001,Utah
UU.NMU.,UU,NMU,,"EH,EL",38.5165,-112.85,1853.0,1987.286,2013.09,Utah
UU.NMU.01,UU,NMU,01,EH,38.5165,-112.85,1853.0,2013.091,3000.001,Utah
UU.NOQ.,UU,NOQ,,"EH,EN,HH",40.6525,-112.12033,1622.0,1992.161,2013.09,Utah
UU.NOQ.01,UU,NOQ,01,"EN,HH",40.6525,-112.12033,1622.0,2013.091,3000.001,Utah
UU.NOQ2.,UU,NOQ2,,EH,40.6525,-112.12033,1622.0,1995.017,1996.012,Utah
UU.OPUT.,UU,OPUT,,EH,39.06783,-110.9535,1768.0,1988.231,1988.349,Utah
UU.OWUT.,UU,OWUT,,EH,38.78,-111.42367,2568.0,1989.04,2013.09,Utah
UU.OWUT.01,UU,OWUT,01,EH,38.78,-111.42367,2568.0,2013.091,3000.001,Utah
UU.PKCU.,UU,PKCU,,"EN,HH",37.4439,-112.311,2834.0,2009.297,2013.09,Utah
UU.PKCU.01,UU,PKCU,01,"EN,HH",37.4439,-112.311,2834.0,2013.091,3000.001,Utah
UU.PNSU.,UU,PNSU,,HH,39.62793,-110.24574,2749.5,2010.084,2013.09,Utah
UU.PNSU.01,UU,PNSU,01,HH,39.62793,-110.24574,2749.5,2013.091,3000.001,Utah
UU.PSUT.,UU,PSUT,,"EN,HH",38.5337,-113.8547,1999.0,2009.294,2013.09,Utah
UU.PSUT.01,UU,PSUT,01,"EN,HH",38.5337,-113.8547,1999.0,2013.091,3000.001,Utah
UU.PTU.,UU,PTU,,"EH,EN",41.92933,-112.32467,2192.0,1981.001,2013.09,Utah
UU.PTU.01,UU,PTU,01,EN,41.92933,-112.32467,2192.0,2013.091,3000.001,Utah
UU.PTU.02,UU,PTU,02,EH,41.92933,-112.32467,2192.0,2013.091,3000.001,Utah
UU.QBHW.,UU,QBHW,,HN,40.5038,-111.8559,1396.6,2010.211,2013.09,Utah
UU.QBHW.01,UU,QBHW,01,HN,40.5038,-111.8559,1396.6,2013.091,2025.323,Utah
UU.QBNA.,UU,QBNA,,HN,40.357,-111.9652,1461.0,2011.208,2013.09,Utah
UU.QBNA.01,UU,QBNA,01,HN,40.357,-111.9652,1461.0,2013.091,2015.129,Utah
UU.QCSP.,UU,QCSP,,HN,40.5458,-112.276,1524.8,2011.258,2013.09,Utah
UU.QCSP.01,UU,QCSP,01,HN,40.5458,-112.276,1524.8,2013.091,2025.336,Utah
UU.QCWC.,UU,QCWC,,HN,40.7257,-111.8323,1373.0,2009.013,2013.09,Utah
UU.QCWC.01,UU,QCWC,01,HN,40.7257,-111.8323,1373.0,2013.091,3000.001,Utah
UU.QDPS.,UU,QDPS,,HN,40.76,-111.841,1449.5,2011.257,2013.09,Utah
UU.QDPS.01,UU,QDPS,01,HN,40.76,-111.841,1449.5,2013.091,2022.242,Utah
UU.QFTG.,UU,QFTG,,HN,40.1737,-111.602,1389.8,2011.349,2013.09,Utah
UU.QFTG.01,UU,QFTG,01,HN,40.1737,-111.602,1389.8,2013.091,2025.325,Utah
UU.QJMH.,UU,QJMH,,HN,40.7035,-111.8661,1312.0,2010.046,2013.09,Utah
UU.QJMH.01,UU,QJMH,01,HN,40.7035,-111.8661,1312.0,2013.091,3000.001,Utah
UU.QJOT.,UU,QJOT,,HN,40.7416,-111.4939,1971.9,2010.14,2013.09,Utah
UU.QJOT.01,UU,QJOT,01,HN,40.7416,-111.4939,1971.9,2013.091,2025.323,Utah
UU.QKSL.,UU,QKSL,,HN,40.3771,-111.861,1379.0,2010.193,2013.09,Utah
UU.QKSL.01,UU,QKSL,01,HN,40.3771,-111.861,1379.0,2013.091,2014.301,Utah
UU.QKSL2.01,UU,QKSL2,01,HN,40.3663,-111.8345,1373.4,2015.12,2025.338,Utah
UU.QLIN.,UU,QLIN,,HN,40.3472,-111.6947,1538.0,2012.277,2013.09,Utah
UU.QLIN.01,UU,QLIN,01,HN,40.3472,-111.6947,1538.0,2013.091,3000.001,Utah
UU.QMDS.,UU,QMDS,,HN,40.729,-111.8161,1405.0,2010.077,2013.09,Utah
UU.QMDS.01,UU,QMDS,01,HN,40.729,-111.8161,1405.0,2013.091,3000.001,Utah
UU.QNRL.,UU,QNRL,,HN,41.7407,-111.8249,1407.0,2012.075,2013.09,Utah
UU.QNRL.01,UU,QNRL,01,HN,41.7407,-111.8249,1407.0,2013.091,3000.001,Utah
UU.QOGD.01,UU,QOGD,01,HN,41.2896,-111.9519,1361.0,2013.121,3000.001,Utah
UU.QPAY.,UU,QPAY,,HN,40.053,-111.7284,1404.0,2012.081,2013.09,Utah
UU.QPAY.01,UU,QPAY,01,HN,40.053,-111.7284,1404.0,2013.091,3000.001,Utah
UU.QPML.,UU,QPML,,HN,40.0578,-111.9539,1406.0,2010.351,2013.09,Utah
UU.QPML.01,UU,QPML,01,HN,40.0578,-111.9539,1406.0,2013.091,2023.198,Utah
UU.QRJG.,UU,QRJG,,HN,40.2609,-111.6327,1561.8,2010.162,2013.09,Utah
UU.QRJG.01,UU,QRJG,01,HN,40.2609,-111.6327,1561.8,2013.091,2025.351,Utah
UU.QSAR.,UU,QSAR,,HN,40.2911,-111.8825,1413.0,2012.054,2013.09,Utah
UU.QSAR.01,UU,QSAR,01,HN,40.2911,-111.8825,1413.0,2013.091,2015.166,Utah
UU.QSAR2.01,UU,QSAR2,01,HN,40.3362,-111.9239,1420.0,2015.18,3000.001,Utah
UU.QSPA.,UU,QSPA,,HN,40.1031,-111.673,1392.8,2012.062,2013.09,Utah
UU.QSPA.01,UU,QSPA,01,HN,40.1031,-111.673,1392.8,2013.091,2025.338,Utah
UU.QSTV.,UU,QSTV,,HN,40.6708,-112.0364,1415.0,2011.251,2013.09,Utah
UU.QSTV.01,UU,QSTV,01,HN,40.6708,-112.0364,1415.0,2013.091,2025.323,Utah
UU.QSUN.,UU,QSUN,,HN,41.134,-112.0328,1373.0,2012.314,2013.09,Utah
UU.QSUN.01,UU,QSUN,01,HN,41.134,-112.0328,1373.0,2013.091,3000.001,Utah
UU.QUGS.01,UU,QUGS,01,HN,40.7742,-111.9387,1286.7,2014.086,2018.032,Utah
UU.QVOL.,UU,QVOL,,HN,37.2613,-113.6024,1435.0,2012.292,2013.09,Utah
UU.QVOL.01,UU,QVOL,01,HN,37.2613,-113.6024,1435.0,2013.091,2014.085,Utah
UU.RBU.,UU,RBU,,"EH,EL,EN",40.78083,-111.80833,1676.0,1985.24,2013.09,Utah
UU.RBU.01,UU,RBU,01,"EH,EN",40.78083,-111.80833,1676.0,2013.091,3000.001,Utah
UU.RBU.02,UU,RBU,02,EH,40.78083,-111.80833,1676.0,2013.091,3000.001,Utah
UU.RBU2.,UU,RBU2,,EH,40.78083,-111.80833,1676.0,1994.356,1996.176,Utah
UU.RCJ.,UU,RCJ,,EH,40.6585,-111.43933,2108.0,1992.304,2013.09,Utah
UU.RCJ.01,UU,RCJ,01,"EH,EN",40.6585,-111.43933,2108.0,2013.091,3000.001,Utah
UU.RCJ.02,UU,RCJ,02,EN,40.6585,-111.43933,2108.0,2023.243,3000.001,Utah
UU.RDMU.,UU,RDMU,,"EN,HH",40.5708,-109.5695,2088.0,2009.336,2013.09,Utah
UU.RDMU.01,UU,RDMU,01,"EN,HH",40.5708,-109.5695,2088.0,2013.091,3000.001,Utah
UU.RLUT.,UU,RLUT,,EH,39.15217,-110.81866,1779.0,1988.231,1988.349,Utah
UU.ROA.,UU,ROA,,EH,39.6615,-110.364667,2962.0,2004.289,2013.09,Utah
UU.ROA.01,UU,ROA,01,EH,39.6615,-110.364667,2962.0,2013.091,3000.001,Utah
UU.RRCU.,UU,RRCU,,"EH,EN",40.8869,-111.437,2028.0,2010.224,2013.09,Utah
UU.RRCU.01,UU,RRCU,01,"EH,EN",40.8869,-111.437,2028.0,2013.091,3000.001,Utah
UU.RSUT.,UU,RSUT,,"EH,EN",41.6385,-111.43166,2682.0,1982.264,2013.09,Utah
UU.RSUT.01,UU,RSUT,01,"EH,EN",41.6385,-111.43166,2682.0,2013.091,3000.001,Utah
UU.RSUT.02,UU,RSUT,02,EH,41.6385,-111.43166,2682.0,2013.091,3000.001,Utah
UU.SAIU.,UU,SAIU,,"EH,EN",40.85483,-112.1815,1384.0,1990.134,2013.09,Utah
UU.SAIU.01,UU,SAIU,01,"EH,EN",40.85483,-112.1815,1384.0,2013.091,3000.001,Utah
UU.SAIU.02,UU,SAIU,02,EH,40.85483,-112.1815,1384.0,2013.091,3000.001,Utah
UU.SGU.,UU,SGU,,EH,39.18233,-111.64467,2357.0,1982.308,2013.09,Utah
UU.SGU.01,UU,SGU,01,"EH,EN,HH",39.18233,-111.64467,2357.0,2013.091,3000.001,Utah
UU.SHED.01,UU,SHED,01,HN,40.721983,-111.906205,1290.0,2008.244,3000.001,Utah
UU.SKYM.,UU,SKYM,,EH,39.68817,-111.2105,2941.0,1995.18,1999.173,Utah
UU.SLC.,UU,SLC,,"EL,EN",40.76617,-111.84766,1436.0,1994.001,2005.36,Utah
UU.SLC2.,UU,SLC2,,"EL,EN",40.763828,-111.847832,1423.0,1997.105,2005.36,Utah
UU.SNO.,UU,SNO,,EH,39.31967,-111.53883,2503.0,1985.149,2013.09,Utah
UU.SNO.01,UU,SNO,01,"EH,EN",39.31967,-111.53883,2503.0,2013.091,3000.001,Utah
UU.SNO.02,UU,SNO,02,EN,39.31967,-111.53883,2503.0,2022.221,3000.001,Utah
UU.SNQU.,UU,SNQU,,EH,39.79467,-111.9025,1853.0,1990.243,1991.288,Utah
UU.SNU.,UU,SNU,,EH,40.92383,-112.51,1378.0,1983.243,1986.255,Utah
UU.SNUT.,UU,SNUT,,"EH,EN",40.88567,-112.509,1652.0,1986.259,2013.09,Utah
UU.SNUT.01,UU,SNUT,01,"EH,EN",40.88567,-112.509,1652.0,2013.091,3000.001,Utah
UU.SNUT.02,UU,SNUT,02,EH,40.88567,-112.509,1652.0,2013.091,3000.001,Utah
UU.SOQ.,UU,SOQ,,EH,40.2655,-112.18066,1821.0,1992.079,1992.133,Utah
UU.SPU.,UU,SPU,,"EN,HH",41.30867,-112.44917,2086.0,2001.318,2013.09,Utah
UU.SPU.01,UU,SPU,01,"EN,HH",41.30867,-112.44917,2086.0,2013.091,3000.001,Utah
UU.SRSU.,UU,SRSU,,EH,39.16617,-110.5555,1771.0,1990.164,1990.314,Utah
UU.SRU.,UU,SRU,,"BH,EH,EN,HH",39.11083,-110.52383,1804.0,1990.324,2013.123,Utah
UU.SRU.01,UU,SRU,01,"BH,EH,EN,HH",39.11083,-110.52383,1804.0,2013.091,3000.001,Utah
UU.SUU.,UU,SUU,,EH,39.88817,-111.79083,2024.0,1982.259,2013.09,Utah
UU.SUU.01,UU,SUU,01,"EH,EN",39.88817,-111.79083,2024.0,2013.091,3000.001,Utah
UU.SWUT.01,UU,SWUT,01,"EN,HH",39.3286,-113.1954,1644.0,2013.219,3000.001,Utah
UU.SZCU.,UU,SZCU,,"EN,HH",37.595429,-113.087485,2020.2,2009.295,2013.09,Utah
UU.SZCU.01,UU,SZCU,01,"EN,HH",37.595429,-113.087485,2020.2,2013.091,3000.001,Utah
UU.TCMU.01,UU,TCMU,01,"EH,EN",40.4377,-111.7118,2045.0,2016.256,3000.001,Utah
UU.TCRU.,UU,TCRU,,"EN,HH",38.6095,-112.4472,2293.0,2009.321,2013.09,Utah
UU.TCRU.01,UU,TCRU,01,"EN,HH",38.6095,-112.4472,2293.0,2013.091,3000.001,Utah
UU.TCU.,UU,TCU,,"EN,HH",41.11733,-111.40784,2269.0,2001.299,2013.09,Utah
UU.TCU.01,UU,TCU,01,"EN,HH",41.11733,-111.40784,2269.0,2013.091,3000.001,Utah
UU.TCUT.,UU,TCUT,,EH,41.11733,-111.40784,2299.0,1989.242,2013.09,Utah
UU.TCUT.01,UU,TCUT,01,EH,41.11733,-111.40784,2299.0,2013.091,2022.182,Utah
UU.TCVU.,UU,TCVU,,"EH,EN",40.4436,-111.7052,1730.0,2012.257,2013.09,Utah
UU.TCVU.01,UU,TCVU,01,"EH,EN",40.4436,-111.7052,1730.0,2013.091,2016.256,Utah
UU.TM2.,UU,TM2,,EH,39.2965,-111.20817,2731.0,2000.336,2008.018,Utah
UU.TMTA.,UU,TMTA,,EH,36.97683,-113.348,988.0,1992.25,1993.064,Arizona
UU.TMU.,UU,TMU,,"EN,HH",39.2965,-111.20817,2731.0,2000.336,2013.09,Utah
UU.TMU.01,UU,TMU,01,"EN,HH",39.2965,-111.20817,2731.0,2013.091,3000.001,Utah
UU.TMUT.,UU,TMUT,,EH,41.6975,-112.3425,1715.0,1989.185,1989.325,Utah
UU.TS1.,UU,TS1,,EH,39.36367,-111.21183,2827.0,2000.284,2001.232,Utah
UU.TS2.,UU,TS2,,EH,39.30317,-111.25283,2621.0,2000.272,2001.29,Utah
UU.TS3.,UU,TS3,,EH,39.306,-111.223,2627.0,2000.257,2001.29,Utah
UU.TS4.,UU,TS4,,EH,39.25834,-111.256,2536.0,2000.258,2001.296,Utah
UU.TS5.,UU,TS5,,EH,39.26383,-111.17733,2598.0,2000.271,2001.296,Utah
UU.TS6.,UU,TS6,,EH,39.18333,-111.08617,1811.0,2000.286,2001.229,Utah
UU.TWUT.,UU,TWUT,,EH,39.09033,-110.77167,1878.0,1988.231,1988.349,Utah
UU.UTSC.01,UU,UTSC,01,HN,40.777347,-111.88762,1385.0,2023.087,3000.001,Utah
UU.UTSC.02,UU,UTSC,02,HN,40.777347,-111.88762,1385.0,2023.087,3000.001,Utah
UU.UTSC.03,UU,UTSC,03,HN,40.777347,-111.88762,1385.0,2023.087,3000.001,Utah
UU.UTSC.04,UU,UTSC,04,HN,40.777347,-111.88762,1385.0,2023.087,3000.001,Utah
UU.UTSC.05,UU,UTSC,05,HN,40.777347,-111.88762,1385.0,2023.087,3000.001,Utah
UU.UTSC.06,UU,UTSC,06,HN,40.777347,-111.88762,1385.0,2023.087,3000.001,Utah
UU.UTSC.07,UU,UTSC,07,HN,40.777347,-111.88762,1385.0,2023.087,3000.001,Utah
UU.UTSC.08,UU,UTSC,08,HN,40.777347,-111.88762,1385.0,2023.087,3000.001,Utah
UU.UTSC.09,UU,UTSC,09,HN,40.777347,-111.88762,1385.0,2023.087,3000.001,Utah
UU.UTSC.10,UU,UTSC,10,HN,40.777347,-111.88762,1385.0,2023.087,3000.001,Utah
UU.UTSC.11,UU,UTSC,11,HN,40.777347,-111.88762,1385.0,2023.087,3000.001,Utah
UU.UTSC.12,UU,UTSC,12,HN,40.777347,-111.88762,1385.0,2023.087,3000.001,Utah
UU.UTSC.13,UU,UTSC,13,HN,40.777347,-111.88762,1385.0,2023.087,3000.001,Utah
UU.UTSC.14,UU,UTSC,14,HN,40.777347,-111.88762,1385.0,2023.087,3000.001,Utah
UU.UTSC.15,UU,UTSC,15,HN,40.777347,-111.88762,1385.0,2023.087,3000.001,Utah
UU.UTSC.16,UU,UTSC,16,HN,40.777347,-111.88762,1385.0,2023.087,3000.001,Utah
UU.UTSC.17,UU,UTSC,17,HN,40.777347,-111.88762,1385.0,2023.087,3000.001,Utah
UU.UTSC.18,UU,UTSC,18,HN,40.777347,-111.88762,1385.0,2023.087,3000.001,Utah
UU.UTSC.19,UU,UTSC,19,HN,40.777347,-111.88762,1385.0,2023.087,3000.001,Utah
UU.UTSC.20,UU,UTSC,20,HN,40.777347,-111.88762,1385.0,2023.087,3000.001,Utah
UU.UTSC.21,UU,UTSC,21,HN,40.777347,-111.88762,1385.0,2023.087,3000.001,Utah
UU.UTSC.22,UU,UTSC,22,HN,40.777347,-111.88762,1385.0,2023.087,3000.001,Utah
UU.UTSC.23,UU,UTSC,23,HN,40.777347,-111.88762,1385.0,2023.087,3000.001,Utah
UU.UTSC.24,UU,UTSC,24,HN,40.777347,-111.88762,1385.0,2023.087,3000.001,Utah
UU.UTSC.25,UU,UTSC,25,HN,40.777347,-111.88762,1385.0,2023.087,3000.001,Utah
UU.UTSC.26,UU,UTSC,26,HN,40.777347,-111.88762,1385.0,2023.087,3000.001,Utah
UU.UTSC.27,UU,UTSC,27,HN,40.777347,-111.88762,1385.0,2023.087,3000.001,Utah
UU.UTSC.28,UU,UTSC,28,HN,40.777347,-111.88762,1385.0,2023.087,3000.001,Utah
UU.UTSC.29,UU,UTSC,29,HN,40.777347,-111.88762,1385.0,2023.087,3000.001,Utah
UU.UTSC.30,UU,UTSC,30,HN,40.777347,-111.88762,1385.0,2023.087,3000.001,Utah
UU.UTSC.31,UU,UTSC,31,HN,40.777347,-111.88762,1385.0,2023.087,3000.001,Utah
UU.UTSC.32,UU,UTSC,32,HN,40.777347,-111.88762,1385.0,2023.087,3000.001,Utah
UU.UTSC.33,UU,UTSC,33,HN,40.777347,-111.88762,1385.0,2023.087,3000.001,Utah
UU.UTSC.34,UU,UTSC,34,HN,40.777347,-111.88762,1385.0,2023.087,3000.001,Utah
UU.UTSC.35,UU,UTSC,35,HN,40.777347,-111.88762,1385.0,2023.087,3000.001,Utah
UU.UTSC.36,UU,UTSC,36,HN,40.777347,-111.88762,1385.0,2023.087,3000.001,Utah
UU.VRUT.,UU,VRUT,,"EN,HH",37.4618,-113.8569,1874.0,2012.293,2013.09,Utah
UU.VRUT.01,UU,VRUT,01,"EN,HH",37.4618,-113.8569,1874.0,2013.091,3000.001,Utah
UU.WADU.,UU,WADU,,EH,37.092,-113.48766,853.0,1992.269,1993.063,Utah
UU.WCU.,UU,WCU,,"EH,EN",38.96467,-112.09067,2673.0,1981.001,2013.09,Utah
UU.WCU.01,UU,WCU,01,"EH,EN",38.96467,-112.09067,2673.0,2013.091,3000.001,Utah
UU.WCU.02,UU,WCU,02,EH,38.96467,-112.09067,2673.0,2013.091,3000.001,Utah
UU.WLJ.,UU,WLJ,,EH,40.61333,-111.34467,2075.0,1992.304,2003.204,Utah
UU.WMUT.,UU,WMUT,,"EH,EN",40.07667,-111.83334,1981.0,1985.157,2013.09,Utah
UU.WMUT.01,UU,WMUT,01,"EH,EN",40.07667,-111.83334,1981.0,2013.091,3000.001,Utah
UU.WMUT.02,UU,WMUT,02,EH,40.07667,-111.83334,1981.0,2013.091,3000.001,Utah
UU.WPUT.01,UU,WPUT,01,HH,38.9975,-111.3589,2618.0,2014.198,3000.001,Utah
UU.WRU.,UU,WRU,,EH,41.01617,-112.06133,1472.0,1991.29,1991.329,Utah
UU.WTU.,UU,WTU,,"EH,EL,EN",40.45483,-111.9535,1552.0,1992.161,2013.09,Utah
UU.WTU.01,UU,WTU,01,"EH,EN",40.45483,-111.9535,1552.0,2013.091,3000.001,Utah
UU.WTU2.,UU,WTU2,,EH,40.45483,-111.9535,1552.0,1995.053,1996.316,Utah
UU.WVUT.,UU,WVUT,,EH,41.61017,-111.95917,1828.0,1984.138,2013.09,Utah
UU.WVUT.01,UU,WVUT,01,"EH,EN",41.61017,-111.95917,1828.0,2013.091,3000.001,Utah
UU.WVUT.02,UU,WVUT,02,EN,41.61017,-111.95917,1828.0,2023.166,3000.001,Utah
UU.ZNPU.,UU,ZNPU,,"EN,HH",37.3561,-113.1254,1953.0,2009.295,2013.09,Utah
UU.ZNPU.01,UU,ZNPU,01,"EN,HH",37.3561,-113.1254,1953.0,2013.091,3000.001,Utah
UW.PASS.,UW,PASS,,"AC,BH,EN,HH,LC,LH,LO,LT,OC,SB,SC,SD,SI,SM,SN,SP,SR,SS,ST,SW,VA,VC,VE,VF,VH,VK,VM,VP",48.998299,-122.085197,175.4,2009.008,3000.001,British Columbia (Ca)
UW.SUMAS.,UW,SUMAS,,HN,48.99333,-122.2589,12.1,2021.216,3000.001,British Columbia (Ca)
UW.SUMAS.D0,UW,SUMAS,D0,"GA,GE,GL,GN,GP,GS,LC,VC,VD,VE,VP",48.99333,-122.2589,12.1,2021.216,3000.001,British Columbia (Ca)
WY.YDC.,WY,YDC,,EH,44.7095,-111.23967,2025.0,1984.222,2013.09,Montana
WY.YDC.01,WY,YDC,01,"EH,HH",44.7095,-111.23967,2025.0,2013.091,3000.001,Montana
WY.YGC.,WY,YGC,,EH,44.79617,-111.1065,2075.0,1983.354,2013.09,Montana
WY.YGC.01,WY,YGC,01,"EH,HH",44.79617,-111.1065,2075.0,2013.091,3000.001,Montana
WY.YHB.,WY,YHB,,"EH,EN,HH",44.7508,-111.1962,2167.0,1995.292,2013.09,Montana
WY.YHB.01,WY,YHB,01,"EH,EN,HH",44.7508,-111.1962,2167.0,2013.091,3000.001,Montana
WY.YHL.,WY,YHL,,"EN,HH",44.8509,-111.183,2695.8,2011.245,2013.09,Montana
WY.YHL.01,WY,YHL,01,"EN,HH",44.8509,-111.183,2695.8,2013.091,3000.001,Montana
WY.YNE.,WY,YNE,,HH,45.0076,-110.008,2343.0,2011.233,2013.09,Montana
WY.YNE.01,WY,YNE,01,HH,45.0076,-110.008,2343.0,2013.091,3000.001,Montana
WY.YWB.,WY,YWB,,EH,44.60583,-111.10083,2310.0,1984.221,2013.09,Montana
WY.YWB.01,WY,YWB,01,"EH,HH",44.60583,-111.10083,2310.0,2013.091,3000.001,Montana
X2.CRAT.,X2,CRAT,,"BH,LO,MH,VM",35.318199,-111.317902,1730.0,2013.158,2014.233,Arizona
X2.HOWY.,X2,HOWY,,"BH,LO,MH,VM",35.381699,-111.736099,2496.0,2013.158,2014.232,Arizona
X2.ONIL.,X2,ONIL,,"BH,LO,MH,VM",35.250198,-111.463699,1962.0,2013.202,2014.233,Arizona
X2.RICH.,X2,RICH,,"BH,LO,MH,VM",35.402901,-111.3517,1688.0,2013.157,2014.233,Arizona
X2.SCRD.,X2,SCRD,,"BH,LO,MH,VM",35.454498,-111.564697,1933.0,2013.202,2014.233,Arizona
X2.SSET.,X2,SSET,,"BH,LO,MH,VM",35.377602,-111.490097,2112.0,2013.157,2014.233,Arizona
X2.TTOP.,X2,TTOP,,"BH,LO,MH,VM",35.272598,-111.734901,2253.0,2013.204,2014.232,Arizona
X3.FEB15.,X3,FEB15,,"HH,LH",34.137371,-112.173393,774.0,2018.128,2018.293,Arizona
X3.FES08.,X3,FES08,,EH,34.150539,-112.170486,738.0,2018.126,2018.296,Arizona
X3.FES10.,X3,FES10,,EH,34.147049,-112.167503,727.0,2018.124,2018.297,Arizona
X3.FES12.,X3,FES12,,EH,34.145359,-112.163078,764.0,2018.125,2018.296,Arizona
X3.FES14.,X3,FES14,,EH,34.14043,-112.165482,766.0,2018.125,2018.246,Arizona
X3.FES14.,X3,FES14,,EH,34.14043,-112.165482,766.0,2018.246,2018.298,Arizona
X3.FES16.,X3,FES16,,EH,34.133961,-112.167862,756.0,2018.127,2018.293,Arizona
X3.FES17.,X3,FES17,,EH,34.133701,-112.169746,753.0,2018.128,2018.293,Arizona
X3.FES18.,X3,FES18,,EH,34.13343,-112.170753,741.0,2018.127,2018.293,Arizona
X3.FES19.,X3,FES19,,EH,34.126789,-112.169144,796.0,2018.129,2018.296,Arizona
X3.FES20.,X3,FES20,,EH,34.12447,-112.169144,776.0,2018.126,2018.296,Arizona
X3.FES21.,X3,FES21,,EH,34.121941,-112.172981,724.0,2018.128,2018.297,Arizona
X3.FWS01.,X3,FWS01,,EH,34.155849,-112.173561,710.0,2018.127,2018.298,Arizona
X3.FWS03.,X3,FWS03,,EH,34.154751,-112.17498,706.0,2018.126,2018.298,Arizona
XA.AZ01.,XA,AZ01,,"BH,LO",37.042999,-113.127998,1514.8,1993.262,1993.365,Utah
XA.AZ02.,XA,AZ02,,"BH,LO",37.036999,-113.313004,1066.8,1993.262,1993.365,Utah
XA.AZ03.,XA,AZ03,,"BH,LO",37.027,-113.575996,868.6,1993.262,1993.365,Utah
XA.AZ04.,XA,AZ04,,"BH,LO",37.027,-113.867996,1060.7,1993.262,1993.365,Utah
XA.AZ01.,XA,AZ01,,"AC,HH,LC,LH,LO,OC,VC,VE,VK,VM,VP",40.2397,48.9043,153.0,2017.147,2022.365,Utah
XA.AZ02.,XA,AZ02,,"AC,HH,LC,LH,LO,OC,VC,VE,VK,VM,VP",40.5798,47.9805,120.0,2017.148,2022.365,Utah
XA.AZ03.,XA,AZ03,,"AC,HH,LC,LH,LO,OC,VC,VE,VK,VM,VP",41.5429,48.5358,279.0,2017.149,2022.365,Utah
XA.AZ04.,XA,AZ04,,"AC,HH,LC,LH,LO,OC,VC,VE,VK,VM,VP",39.3731,49.2392,-22.0,2017.146,2022.365,Utah
XB.BNJI.,XB,BNJI,,"EH,EL",34.162498,-116.320999,827.0,1992.181,1992.207,California
XB.BRCC.,XB,BRCC,,"HH,HL",34.072102,-116.391502,1207.0,1992.182,1992.246,California
XB.BRDO.,XB,BRDO,,HH,33.829601,-116.149002,483.0,1992.184,1992.19,California
XB.CGTS.,XB,CGTS,,"EL,HH",34.951401,-116.863899,694.0,1992.19,1992.224,California
XB.EDC2.,XB,EDC2,,"EL,HH",33.916599,-116.326599,480.0,1992.182,1992.206,California
XB.EORD.,XB,EORD,,"EH,EL",34.656101,-116.718002,1160.0,1992.182,1992.246,California
XB.ERWL.,XB,ERWL,,"EH,EL",34.234901,-116.798401,2102.0,1992.181,1992.2,California
XB.FIRE.,XB,FIRE,,EL,34.048599,-116.578003,749.0,1992.181,1992.189,California
XB.FORF.,XB,FORF,,"EH,EL",34.088299,-116.920502,1596.0,1992.181,1992.2,California
XB.GPOE.,XB,GPOE,,EH,34.422699,-116.716904,894.0,1992.182,1992.206,California
XB.GRAC.,XB,GRAC,,"EH,EL",34.2668,-116.388199,913.0,1992.181,1992.206,California
XB.GRAV.,XB,GRAV,,"EH,EL",34.187,-116.719803,2454.0,1992.181,1992.2,California
XB.HILL.,XB,HILL,,EL,34.361401,-116.454102,891.0,1992.181,1992.22,California
XB.IRON.,XB,IRON,,"EH,EL",34.616699,-116.567101,1152.0,1992.185,1992.228,California
XB.JFRG.,XB,JFRG,,"HH,HL",34.0457,-116.621498,862.0,1992.185,1992.231,California
XB.LADY.,XB,LADY,,EL,34.1306,-116.313904,811.0,1992.189,1992.22,California
XB.LPMA.,XB,LPMA,,"EH,EL",34.360298,-116.419197,733.0,1992.182,1992.206,California
XB.RIMR.,XB,RIMR,,EL,34.186501,-116.463402,1099.0,1992.181,1992.22,California
XB.UCVF.,XB,UCVF,,EH,34.010799,-116.306,1441.0,1992.182,1992.207,California
XB.UGGP.,XB,UGGP,,"EH,EL",34.749901,-116.660599,857.0,1992.185,1992.231,California
XB.VIPC.,XB,VIPC,,"HH,HL",34.0177,-116.1903,1246.0,1992.184,1992.231,California
XB.VVST.,XB,VVST,,"EH,EL",34.3596,-116.578903,912.0,1992.181,1992.206,California
XB.YKNF.,XB,YKNF,,"EH,EL",34.2075,-116.445702,1094.0,1992.181,1992.206,California
XC.Y101.,XC,Y101,,LO,45.0075,-109.991997,2286.0,2000.191,2001.365,Montana
XC.Y101.01,XC,Y101,01,BH,45.0075,-109.991997,2286.0,2000.191,2001.365,Montana
XC.Y12.,XC,Y12,,LO,45.598618,-113.112076,2051.0,2000.196,2001.365,Montana
XC.Y12.01,XC,Y12,01,BH,45.598618,-113.112076,2051.0,2000.196,2001.365,Montana
XC.Y13.,XC,Y13,,LO,45.269993,-112.819572,1808.0,2000.195,2001.365,Montana
XC.Y13.01,XC,Y13,01,BH,45.269993,-112.819572,1808.0,2000.195,2001.365,Montana
XC.Y14.,XC,Y14,,LO,44.989849,-112.458916,1863.0,2000.196,2001.365,Montana
XC.Y14.01,XC,Y14,01,BH,44.989849,-112.458916,1863.0,2000.196,2001.365,Montana
XC.Y15.,XC,Y15,,LO,44.5816,-112.064178,2100.0,2000.196,2001.365,Montana
XC.Y15.01,XC,Y15,01,BH,44.5816,-112.064178,2100.0,2000.196,2001.365,Montana
XC.Y23.,XC,Y23,,LO,46.279205,-112.925354,1651.0,2000.196,2001.365,Montana
XC.Y23.01,XC,Y23,01,BH,46.279205,-112.925354,1651.0,2000.196,2001.365,Montana
XC.Y24.,XC,Y24,,LO,45.981915,-112.615028,1741.0,2000.192,2001.365,Montana
XC.Y24.01,XC,Y24,01,BH,45.981915,-112.615028,1741.0,2000.192,2001.365,Montana
XC.Y25.,XC,Y25,,LO,45.70689,-112.183418,1393.0,2000.191,2001.365,Montana
XC.Y25.01,XC,Y25,01,BH,45.70689,-112.183418,1393.0,2000.191,2001.365,Montana
XC.Y26.,XC,Y26,,LO,45.44857,-111.749893,1529.0,2000.22,2001.365,Montana
XC.Y26.01,XC,Y26,01,BH,45.44857,-111.749893,1529.0,2000.22,2001.365,Montana
XC.Y37.,XC,Y37,,LO,46.178696,-112.029503,1454.0,2000.198,2001.365,Montana
XC.Y37.01,XC,Y37,01,BH,46.178696,-112.029503,1454.0,2000.198,2001.365,Montana
XC.Y38.,XC,Y38,,LO,45.898441,-111.607735,1298.0,2000.191,2001.365,Montana
XC.Y38.01,XC,Y38,01,BH,45.898441,-111.607735,1298.0,2000.191,2001.365,Montana
XC.Y39.,XC,Y39,,LO,45.594784,-111.223068,1517.0,2000.19,2001.365,Montana
XC.Y39.01,XC,Y39,01,BH,45.594784,-111.223068,1517.0,2000.19,2001.365,Montana
XC.Y40.,XC,Y40,,LO,45.353935,-110.753677,1547.0,2000.191,2001.365,Montana
XC.Y40.01,XC,Y40,01,BH,45.353935,-110.753677,1547.0,2000.191,2001.365,Montana
XC.Y47.,XC,Y47,,LO,45.99334,-110.042473,1644.0,2000.191,2001.365,Montana
XC.Y47.01,XC,Y47,01,BH,45.99334,-110.042473,1644.0,2000.191,2001.365,Montana
XC.Y50.,XC,Y50,,LO,45.152763,-108.965797,1197.0,2000.173,2001.365,Montana
XC.Y50.01,XC,Y50,01,BH,45.152763,-108.965797,1197.0,2000.173,2001.365,Montana
XC.Y61.,XC,Y61,,LO,46.595699,-111.02829,1510.0,2000.219,2001.365,Montana
XC.Y61.01,XC,Y61,01,BH,46.595699,-111.02829,1510.0,2000.219,2001.365,Montana
XC.Y62.,XC,Y62,,LO,46.17371,-110.555351,1797.0,2000.192,2001.365,Montana
XC.Y62.01,XC,Y62,01,BH,46.17371,-110.555351,1797.0,2000.192,2001.365,Montana
XD.M01.,XD,M01,,BH,32.1731,-116.706398,266.0,2011.018,2011.178,Baja California (Me)
XD.M02.,XD,M02,,BH,32.246899,-116.004204,1513.0,2011.018,2011.177,Baja California (Me)
XD.M03.,XD,M03,,HH,32.4072,-115.198097,26.0,2011.001,2013.365,Baja California (Me)
XD.S01.,XD,S01,,"BH,LH,LM,LO,VM",32.772099,-114.332298,58.0,2011.016,2011.184,Arizona
XG.DBQ.02,XG,DBQ,02,BH,39.2458,-108.176201,1693.0,1992.248,1992.365,Colorado
XG.DBQ.03,XG,DBQ,03,BH,39.2458,-108.176201,1693.0,1992.248,1992.365,Colorado
XG.GRM.01,XG,GRM,01,MH,39.099998,-108.129997,2112.0,1992.144,1992.365,Colorado
XG.GRM.02,XG,GRM,02,BH,39.099998,-108.129997,2112.0,1992.144,1992.365,Colorado
XG.GRM.03,XG,GRM,03,BH,39.099998,-108.129997,2112.0,1992.144,1992.365,Colorado
XG.HLD.02,XG,HLD,02,BH,39.228699,-109.140198,1452.0,1992.144,1992.365,Utah
XG.HLD.03,XG,HLD,03,BH,39.228699,-109.140198,1452.0,1992.144,1992.365,Utah
XG.MBL.02,XG,MBL,02,BH,40.556499,-108.098503,1866.0,1992.241,1992.365,Colorado
XG.MBL.03,XG,MBL,03,BH,40.556499,-108.098503,1866.0,1992.241,1992.365,Colorado
XG.MGP.01,XG,MGP,01,MH,40.259998,-108.779999,1811.0,1992.144,1992.365,Colorado
XG.MGP.02,XG,MGP,02,BH,40.259998,-108.779999,1811.0,1992.144,1992.365,Colorado
XG.MGP.03,XG,MGP,03,BH,40.259998,-108.779999,1811.0,1992.144,1992.365,Colorado
XG.PAR.02,XG,PAR,02,BH,38.350201,-108.983002,1810.0,1992.144,1992.365,Colorado
XG.PAR.03,XG,PAR,03,BH,38.350201,-108.983002,1810.0,1992.144,1992.365,Colorado
XG.YJK.02,XG,YJK,02,BH,37.5438,-108.767502,2061.0,1992.144,1992.365,Colorado
XG.YJK.03,XG,YJK,03,BH,37.5438,-108.767502,2061.0,1992.144,1992.365,Colorado
XH.CYF.,XH,CYF,,BH,37.554199,-109.865799,2057.0,1994.291,1995.365,Utah
XH.LMP.,XH,LMP,,BH,37.978298,-111.195999,1922.0,1994.327,1995.365,Utah
XH.MDW.,XH,MDW,,BH,38.892799,-112.357399,1640.0,1994.291,1995.365,Utah
XH.NWC.,XH,NWC,,"BH,SH",37.633202,-113.556602,1750.0,1994.317,1995.365,Utah
XH.RCC.,XH,RCC,,BH,40.516201,-110.585602,2280.0,1994.317,1995.365,Utah
XH.SRS.,XH,SRS,,BH,38.912701,-110.601601,2019.0,1994.291,1995.365,Utah
XH.WMT.,XH,WMT,,BH,40.111099,-111.837997,1516.0,1994.317,1995.365,Utah
XH.SOOK1.,XH,SOOK1,,"AC,HH,LC,LH,LO,OC,VC,VE,VH,VK,VM,VP",48.383301,-123.805,135.0,2004.141,2004.223,British Columbia (Ca)
XH.SOOK3.,XH,SOOK3,,"AC,HH,LC,LH,LO,OC,VC,VE,VH,VK,VM,VP",48.384499,-123.803001,156.0,2004.14,2004.223,British Columbia (Ca)
XH.SOOK4.,XH,SOOK4,,"AC,HH,LC,LH,LO,OC,VC,VE,VH,VK,VM,VP",48.3829,-123.801003,129.0,2004.141,2004.223,British Columbia (Ca)
XH.SOOK5.,XH,SOOK5,,"AC,HH,LC,LH,LO,OC,VC,VE,VH,VK,VM,VP",48.382198,-123.805,120.0,2004.141,2004.223,British Columbia (Ca)
XH.SOOK6.,XH,SOOK6,,"AC,HH,LC,LH,LO,OC,VC,VE,VH,VK,VM,VP",48.384499,-123.808998,121.0,2004.167,2004.223,British Columbia (Ca)
XH.XH2.,XH,XH2,,"AC,HH,LC,LH,LO,OC,VC,VE,VH,VK,VM,VP",48.384499,-123.806,149.0,2004.141,2004.223,British Columbia (Ca)
XK.UT53.00,XK,UT53,00,LH,37.346001,-110.330803,1291.0,2004.161,2006.244,Utah
XK.UT53.01,XK,UT53,01,LH,37.346001,-110.330803,1291.0,2004.161,2006.244,Utah
XK.UT53.02,XK,UT53,02,LH,37.346001,-110.330803,1291.0,2004.161,2006.244,Utah
XK.UT53.30,XK,UT53,30,BH,37.346001,-110.330803,1291.0,2004.161,2006.244,Utah
XK.UT53.31,XK,UT53,31,BH,37.346001,-110.330803,1291.0,2004.161,2006.244,Utah
XK.UT53.32,XK,UT53,32,BH,37.346001,-110.330803,1291.0,2004.161,2006.244,Utah
XK.UT54.,XK,UT54,,LO,37.407299,-110.488899,1439.0,2005.074,2006.244,Utah
XK.UT54.30,XK,UT54,30,BH,37.407299,-110.488899,1439.0,2005.074,2006.244,Utah
XK.UT54.31,XK,UT54,31,BH,37.407299,-110.488899,1439.0,2005.074,2006.244,Utah
XK.UT54.32,XK,UT54,32,BH,37.407299,-110.488899,1439.0,2005.074,2006.244,Utah
XK.UT55.00,XK,UT55,00,LH,37.610001,-110.697998,1189.0,2004.161,2006.244,Utah
XK.UT55.01,XK,UT55,01,LH,37.610001,-110.697998,1189.0,2004.161,2006.244,Utah
XK.UT55.02,XK,UT55,02,LH,37.610001,-110.697998,1189.0,2004.161,2006.244,Utah
XK.UT55.30,XK,UT55,30,BH,37.610001,-110.697998,1189.0,2004.161,2006.244,Utah
XK.UT55.31,XK,UT55,31,BH,37.610001,-110.697998,1189.0,2004.161,2006.244,Utah
XK.UT55.32,XK,UT55,32,BH,37.610001,-110.697998,1189.0,2004.161,2006.244,Utah
XK.UT57.00,XK,UT57,00,LH,37.743999,-110.917999,1219.0,2004.161,2006.244,Utah
XK.UT57.01,XK,UT57,01,LH,37.743999,-110.917999,1219.0,2004.161,2006.244,Utah
XK.UT57.02,XK,UT57,02,LH,37.743999,-110.917999,1219.0,2004.161,2006.244,Utah
XK.UT57.30,XK,UT57,30,BH,37.743999,-110.917999,1219.0,2004.161,2006.244,Utah
XK.UT57.31,XK,UT57,31,BH,37.743999,-110.917999,1219.0,2004.161,2006.244,Utah
XK.UT57.32,XK,UT57,32,BH,37.743999,-110.917999,1219.0,2004.161,2006.244,Utah
XK.UT59.,XK,UT59,,LO,37.979,-111.198196,1920.0,2005.185,2006.244,Utah
XK.UT59.00,XK,UT59,00,LH,37.979,-111.198196,1920.0,2004.162,2006.244,Utah
XK.UT59.01,XK,UT59,01,LH,37.979,-111.198196,1920.0,2004.162,2006.244,Utah
XK.UT59.02,XK,UT59,02,LH,37.979,-111.198196,1920.0,2004.162,2006.244,Utah
XK.UT59.30,XK,UT59,30,BH,37.979,-111.198196,1920.0,2004.162,2006.244,Utah
XK.UT59.31,XK,UT59,31,BH,37.979,-111.198196,1920.0,2004.162,2006.244,Utah
XK.UT59.32,XK,UT59,32,BH,37.979,-111.198196,1920.0,2004.162,2006.244,Utah
XK.UT60.,XK,UT60,,LO,38.235001,-111.608002,2415.0,2004.274,2006.244,Utah
XK.UT60.30,XK,UT60,30,BH,38.235001,-111.608002,2415.0,2004.274,2006.244,Utah
XK.UT60.31,XK,UT60,31,BH,38.235001,-111.608002,2415.0,2004.274,2006.244,Utah
XK.UT60.32,XK,UT60,32,BH,38.235001,-111.608002,2415.0,2004.274,2006.244,Utah
XK.UT62.,XK,UT62,,LO,38.366001,-111.713997,2372.0,2005.075,2006.244,Utah
XK.UT62.30,XK,UT62,30,BH,38.366001,-111.713997,2372.0,2005.075,2006.244,Utah
XK.UT62.31,XK,UT62,31,BH,38.366001,-111.713997,2372.0,2005.075,2006.244,Utah
XK.UT62.32,XK,UT62,32,BH,38.366001,-111.713997,2372.0,2005.075,2006.244,Utah
XK.UT63.,XK,UT63,,LO,38.352001,-111.956001,2068.0,2005.075,2006.244,Utah
XK.UT63.30,XK,UT63,30,BH,38.352001,-111.956001,2068.0,2005.075,2006.244,Utah
XK.UT63.31,XK,UT63,31,BH,38.352001,-111.956001,2068.0,2005.075,2006.244,Utah
XK.UT63.32,XK,UT63,32,BH,38.352001,-111.956001,2068.0,2005.075,2006.244,Utah
XK.UT64.,XK,UT64,,LO,38.457001,-112.182999,1987.0,2005.076,2006.244,Utah
XK.UT64.30,XK,UT64,30,BH,38.457001,-112.182999,1987.0,2005.076,2006.244,Utah
XK.UT64.31,XK,UT64,31,BH,38.457001,-112.182999,1987.0,2005.076,2006.244,Utah
XK.UT64.32,XK,UT64,32,BH,38.457001,-112.182999,1987.0,2005.076,2006.244,Utah
XK.UT65.,XK,UT65,,LO,38.584999,-112.425003,1960.0,2004.18,2006.244,Utah
XK.UT65.30,XK,UT65,30,BH,38.584999,-112.425003,1960.0,2004.18,2006.244,Utah
XK.UT65.31,XK,UT65,31,BH,38.584999,-112.425003,1960.0,2004.18,2006.244,Utah
XK.UT65.32,XK,UT65,32,BH,38.584999,-112.425003,1960.0,2004.18,2006.244,Utah
XK.UT66.,XK,UT66,,LO,38.681,-112.552002,1875.0,2004.18,2006.244,Utah
XK.UT66.30,XK,UT66,30,BH,38.681,-112.552002,1875.0,2004.18,2006.244,Utah
XK.UT66.31,XK,UT66,31,BH,38.681,-112.552002,1875.0,2004.18,2006.244,Utah
XK.UT66.32,XK,UT66,32,BH,38.681,-112.552002,1875.0,2004.18,2006.244,Utah
XK.UT67.,XK,UT67,,LO,38.757,-112.742996,1575.0,2004.276,2006.244,Utah
XK.UT67.30,XK,UT67,30,BH,38.757,-112.742996,1575.0,2004.276,2006.244,Utah
XK.UT67.31,XK,UT67,31,BH,38.757,-112.742996,1575.0,2004.276,2006.244,Utah
XK.UT67.32,XK,UT67,32,BH,38.757,-112.742996,1575.0,2004.276,2006.244,Utah
XK.UT68.,XK,UT68,,LO,38.833,-112.873001,1585.0,2004.276,2006.244,Utah
XK.UT68.30,XK,UT68,30,BH,38.833,-112.873001,1585.0,2004.276,2006.244,Utah
XK.UT68.31,XK,UT68,31,BH,38.833,-112.873001,1585.0,2004.276,2006.244,Utah
XK.UT68.32,XK,UT68,32,BH,38.833,-112.873001,1585.0,2004.276,2006.244,Utah
XK.UT69.,XK,UT69,,LO,38.908001,-112.990997,1804.0,2005.077,2006.244,Utah
XK.UT69.30,XK,UT69,30,BH,38.908001,-112.990997,1804.0,2005.077,2006.244,Utah
XK.UT69.31,XK,UT69,31,BH,38.908001,-112.990997,1804.0,2005.077,2006.244,Utah
XK.UT69.32,XK,UT69,32,BH,38.908001,-112.990997,1804.0,2005.077,2006.244,Utah
XK.UT70.,XK,UT70,,LO,39.016998,-113.261002,1445.0,2004.274,2006.244,Utah
XK.UT70.30,XK,UT70,30,BH,39.016998,-113.261002,1445.0,2004.274,2006.244,Utah
XK.UT70.31,XK,UT70,31,BH,39.016998,-113.261002,1445.0,2004.274,2006.244,Utah
XK.UT70.32,XK,UT70,32,BH,39.016998,-113.261002,1445.0,2004.274,2006.244,Utah
XK.UT71.,XK,UT71,,LO,39.094002,-113.43,1523.0,2005.077,2006.244,Utah
XK.UT71.30,XK,UT71,30,BH,39.094002,-113.43,1523.0,2005.077,2006.244,Utah
XK.UT71.31,XK,UT71,31,BH,39.094002,-113.43,1523.0,2005.077,2006.244,Utah
XK.UT71.32,XK,UT71,32,BH,39.094002,-113.43,1523.0,2005.077,2006.244,Utah
XK.UT72.,XK,UT72,,LO,39.146999,-113.555,1449.0,2004.274,2006.244,Utah
XK.UT72.30,XK,UT72,30,BH,39.146999,-113.555,1449.0,2004.274,2006.244,Utah
XK.UT72.31,XK,UT72,31,BH,39.146999,-113.555,1449.0,2004.274,2006.244,Utah
XK.UT72.32,XK,UT72,32,BH,39.146999,-113.555,1449.0,2004.274,2006.244,Utah
XK.BNSF.,XK,BNSF,,"EL,LO",46.048199,-112.809601,1561.9,2011.086,2011.111,Montana
XK.BOB.,XK,BOB,,"EL,LO",46.0453,-112.833298,1655.0,2011.086,2011.111,Montana
XK.BONES.,XK,BONES,,"EL,LO",46.048302,-112.830498,1579.5,2011.086,2011.111,Montana
XK.CWSHT.,XK,CWSHT,,"EL,LO",46.0266,-112.825401,1669.1,2011.086,2011.111,Montana
XK.DCR1.,XK,DCR1,,"EL,LO",46.043098,-112.789101,1567.8,2011.086,2011.111,Montana
XK.DCR2.,XK,DCR2,,"EL,LO",46.0368,-112.790901,1566.7,2011.086,2011.111,Montana
XK.DCR3.,XK,DCR3,,"EL,LO",46.032299,-112.791496,1571.2,2011.086,2011.111,Montana
XK.DCR4.,XK,DCR4,,"EL,LO",46.027199,-112.7938,1565.8,2011.086,2011.111,Montana
XK.DRSHT.,XK,DRSHT,,"EL,LO",46.0327,-112.836304,1726.6,2011.086,2011.111,Montana
XK.GGR1.,XK,GGR1,,"EL,LO",46.038799,-112.807602,1576.0,2011.086,2011.111,Montana
XK.GGR2.,XK,GGR2,,"EL,LO",46.034401,-112.814697,1583.0,2011.086,2011.111,Montana
XK.GGR3.,XK,GGR3,,"EL,LO",46.032101,-112.808601,1598.3,2011.086,2011.111,Montana
XK.GGR4.,XK,GGR4,,"EL,LO",46.026901,-112.812302,1663.7,2011.086,2011.111,Montana
XK.MTHGN.,XK,MTHGN,,"EL,LO",46.0187,-112.813301,1676.7,2011.086,2011.111,Montana
XK.NOWR.,XK,NOWR,,"EL,LO",46.029202,-112.818604,1616.9,2011.086,2011.111,Montana
XK.PPST1.,XK,PPST1,,"EL,LO",46.0438,-112.816902,1575.6,2011.086,2011.111,Montana
XK.PPST2.,XK,PPST2,,"EL,LO",46.0438,-112.8293,1613.4,2011.086,2011.111,Montana
XK.PPST3.,XK,PPST3,,"EL,LO",46.040298,-112.820602,1583.1,2011.086,2011.111,Montana
XK.PPST4.,XK,PPST4,,"EL,LO",46.035599,-112.826202,1594.1,2011.086,2011.111,Montana
XK.ROCKY.,XK,ROCKY,,"EL,LO",46.021198,-112.8032,1693.2,2011.086,2011.111,Montana
XK.RSNK1.,XK,RSNK1,,"EL,LO",46.0392,-112.7995,1566.3,2011.086,2011.111,Montana
XK.RSNK2.,XK,RSNK2,,"EL,LO",46.035198,-112.7995,1593.5,2011.086,2011.111,Montana
XK.RSNK3.,XK,RSNK3,,"EL,LO",46.0271,-112.799797,1624.8,2011.086,2011.111,Montana
XK.SCG1.,XK,SCG1,,"EL,LO",46.034599,-112.807198,1581.4,2011.086,2011.111,Montana
XK.SCG3.,XK,SCG3,,"EL,LO",46.0313,-112.802696,1596.5,2011.086,2011.111,Montana
XK.SCG4.,XK,SCG4,,"EL,LO",46.028801,-112.8032,1624.7,2011.086,2011.111,Montana
XK.SWR2.,XK,SWR2,,"EL,LO",46.030602,-112.822502,1593.7,2011.086,2011.111,Montana
XK.SWR3.,XK,SWR3,,"EL,LO",46.030201,-112.8321,1652.3,2011.086,2011.111,Montana
XK.SWR4.,XK,SWR4,,"EL,LO",46.0247,-112.834503,1642.6,2011.086,2011.111,Montana
XL.S118.,XL,S118,,"BH,LO",40.917515,-108.825768,2298.0,1997.156,1997.365,Colorado
XL.S119.,XL,S119,,"BH,LO",40.836708,-108.907593,1882.0,1997.129,1997.365,Colorado
XL.S120.,XL,S120,,"LO,SH",40.744236,-108.834023,1716.0,1997.128,1997.365,Colorado
XL.S121.,XL,S121,,"BH,LO",40.64436,-108.834236,2011.0,1997.128,1997.365,Colorado
XL.S122.,XL,S122,,"BH,LO",40.598259,-108.789726,2093.0,1997.127,1997.365,Colorado
XL.S125.,XL,S125,,"BH,LO",40.260399,-108.769279,1849.0,1997.125,1997.365,Colorado
XL.S126.,XL,S126,,"BH,LO,SP",40.189049,-108.730865,1761.0,1997.125,1997.365,Colorado
XL.S127.,XL,S127,,"LO,SH",40.120872,-108.815147,1685.0,1997.124,1997.365,Colorado
XL.S128.,XL,S128,,"BH,LO",39.992188,-108.78759,1735.0,1997.125,1997.365,Colorado
XL.S129.,XL,S129,,"BH,LO",39.9119,-108.682465,1929.0,1997.129,1997.365,Colorado
XL.S130.,XL,S130,,"BH,LO",39.839256,-108.773811,1932.0,1997.125,1997.365,Colorado
XL.S131.,XL,S131,,"BH,LO",39.747929,-108.769577,2072.0,1997.126,1997.365,Colorado
XL.S132.,XL,S132,,"BH,LO",39.676693,-108.789406,2169.0,1997.131,1997.365,Colorado
XL.S133.,XL,S133,,"BH,LO,SP",39.598145,-108.756363,2585.0,1997.149,1997.365,Colorado
XL.S134.,XL,S134,,"BH,LO",39.489799,-108.773933,1811.0,1997.128,1997.365,Colorado
XL.S135.,XL,S135,,"BH,LO",39.402599,-108.816132,1554.0,1997.128,1997.365,Colorado
XL.S136.,XL,S136,,"LO,SH",39.306862,-108.772141,1528.0,1997.128,1997.365,Colorado
XL.S137.,XL,S137,,"BH,LO",39.211784,-108.774132,1401.0,1997.132,1997.365,Colorado
XL.S138.,XL,S138,,"LO,SH",39.11385,-108.707275,1401.0,1997.128,1997.365,Colorado
XL.S139.,XL,S139,,"BH,LO",39.004669,-108.739998,2067.0,1997.132,1997.365,Colorado
XL.S140.,XL,S140,,"BH,LO",38.94746,-108.738205,2244.0,1997.151,1997.365,Colorado
XL.S141.,XL,S141,,"BH,LO",38.882923,-108.759995,2615.0,1997.156,1997.365,Colorado
XL.S142.,XL,S142,,"LO,SH",38.767979,-108.741409,2074.0,1997.13,1997.365,Colorado
XL.S143.,XL,S143,,"BH,LO",38.686394,-108.730484,2700.0,1997.129,1997.365,Colorado
XL.S144.,XL,S144,,"BH,LO",38.604443,-108.684952,2779.0,1997.153,1997.365,Colorado
XL.S214.,XL,S214,,"BH,LO",40.96743,-109.864418,2377.0,1997.231,1997.365,Utah
XL.S217.,XL,S217,,"BH,LO",40.695896,-109.511627,2577.0,1997.233,1997.365,Utah
XL.S218.,XL,S218,,"LO,SH",40.596863,-109.405602,1780.0,1997.233,1997.365,Utah
XL.S220.,XL,S220,,"BH,LO",40.510006,-109.211128,1585.0,1997.234,1997.365,Utah
XL.S221.,XL,S221,,"BH,LO",40.3876,-109.272102,1675.0,1997.266,1997.365,Utah
XL.S222.,XL,S222,,"BH,LO",40.303383,-109.157806,1608.0,1997.232,1997.365,Utah
XL.S224.,XL,S224,,"BH,LO",40.215458,-108.981026,1819.0,1997.231,1997.365,Colorado
XL.S225.,XL,S225,,"BH,LO",40.155865,-108.87252,1719.0,1997.231,1997.365,Colorado
XL.S226.,XL,S226,,"BH,LO",40.064613,-108.840096,1645.0,1997.232,1997.365,Colorado
XL.S227.,XL,S227,,"LO,SH",39.960899,-108.780884,1746.0,1997.23,1997.365,Colorado
XL.S228.,XL,S228,,"LO,SH",39.911884,-108.682442,1929.0,1997.233,1997.365,Colorado
XL.S229.,XL,S229,,"BH,LO",39.781872,-108.602852,1937.0,1997.23,1997.365,Colorado
XL.S230.,XL,S230,,"BH,LO",39.693127,-108.542793,2681.0,1997.234,1997.365,Colorado
XL.S233.,XL,S233,,"BH,LO",39.413364,-108.248421,1696.0,1997.23,1997.365,Colorado
XL.S234.,XL,S234,,"BH,LO",39.360374,-108.152069,1509.0,1997.225,1997.365,Colorado
XL.S235.,XL,S235,,"BH,LO",39.265354,-108.040733,1948.0,1997.225,1997.365,Colorado
XL.ABBY.00,XL,ABBY,00,"BH,HH,LH,MM",32.897202,-110.568802,794.4,2003.157,2006.191,Arizona
XL.DSRT.00,XL,DSRT,00,"BH,LH,MM",32.219002,-111.002998,801.9,2004.068,2005.111,Arizona
XL.KATH.00,XL,KATH,00,"BH,HH,LH,MM",32.688999,-111.610001,478.3,2002.11,2005.078,Arizona
XL.KITT1.00,XL,KITT1,00,"BH,LH,MM",31.950001,-111.583,1466.9,2003.04,2004.146,Arizona
XL.KITT2.00,XL,KITT2,00,"BH,HH,LH,MM",31.976999,-111.575996,1426.7,2004.282,2005.112,Arizona
XL.KNTH.00,XL,KNTH,00,"BH,HH,LH,MM",34.328999,-110.802002,2288.5,2003.231,2006.203,Arizona
XL.LEMN.00,XL,LEMN,00,"BH,HH,LH,MM",32.432999,-110.782997,2488.8,2003.04,2003.286,Arizona
XL.PFNP.00,XL,PFNP,00,"BH,HH,LH,MM",34.896999,-109.865997,1758.6,2004.157,2006.329,Arizona
XL.RENO.00,XL,RENO,00,"BH,LH,MM",33.620899,-109.429001,1908.5,2004.115,2006.015,Arizona
XL.SQRL.00,XL,SQRL,00,"BH,HH,LH,MM",32.702,-109.890999,3084.9,2003.049,2005.02,Arizona
XL.ZIZZ.00,XL,ZIZZ,00,"BH,HH,LH,MM",34.2616,-109.719704,2010.9,2003.227,2007.02,Arizona
XM.AZ45.,XM,AZ45,,LO,36.455196,-109.08242,2683.0,1999.223,2001.365,Arizona
XM.AZ45.01,XM,AZ45,01,BH,36.455196,-109.08242,2683.0,1999.223,2001.365,Arizona
XM.AZ46.,XM,AZ46,,LO,36.551254,-109.229424,2009.0,1999.21,2001.365,Arizona
XM.AZ46.01,XM,AZ46,01,BH,36.551254,-109.229424,2009.0,1999.21,2001.365,Arizona
XM.AZ47.,XM,AZ47,,LO,36.635983,-109.333214,1752.0,1999.211,2001.365,Arizona
XM.AZ47.01,XM,AZ47,01,BH,36.635983,-109.333214,1752.0,1999.211,2001.365,Arizona
XM.AZ48.,XM,AZ48,,LO,36.760639,-109.539322,1664.0,1999.222,2001.365,Arizona
XM.AZ48.01,XM,AZ48,01,BH,36.760639,-109.539322,1664.0,1999.222,2001.365,Arizona
XM.AZ49.,XM,AZ49,,LO,36.88694,-109.691345,1512.0,1999.211,2001.365,Arizona
XM.AZ49.01,XM,AZ49,01,BH,36.88694,-109.691345,1512.0,1999.211,2001.365,Arizona
XM.AZ50.,XM,AZ50,,LO,36.977684,-109.863716,1469.0,1999.21,2001.365,Arizona
XM.AZ50.01,XM,AZ50,01,BH,36.977684,-109.863716,1469.0,1999.21,2001.365,Arizona
XM.MB05.,XM,MB05,,LO,34.663605,-108.011375,2143.0,2000.078,2001.365,New Mexico
XM.MB05.01,XM,MB05,01,BH,34.663605,-108.011375,2143.0,2000.078,2001.365,New Mexico
XM.NM37.,XM,NM37,,LO,35.577545,-108.001724,2254.0,1999.216,2001.365,New Mexico
XM.NM37.01,XM,NM37,01,BH,35.577545,-108.001724,2254.0,1999.216,2001.365,New Mexico
XM.NM38.,XM,NM38,,LO,35.702332,-108.162926,2077.0,1999.209,2001.365,New Mexico
XM.NM38.01,XM,NM38,01,BH,35.702332,-108.162926,2077.0,1999.209,2001.365,New Mexico
XM.NM39.,XM,NM39,,LO,35.79261,-108.267258,1949.0,1999.209,2001.365,New Mexico
XM.NM39.01,XM,NM39,01,BH,35.79261,-108.267258,1949.0,1999.209,2001.365,New Mexico
XM.NM40.,XM,NM40,,LO,35.945053,-108.428963,1796.0,1999.188,2001.365,New Mexico
XM.NM40.01,XM,NM40,01,BH,35.945053,-108.428963,1796.0,1999.209,2001.365,New Mexico
XM.NM40.02,XM,NM40,02,HH,35.945053,-108.428963,1796.0,1999.188,1999.188,New Mexico
XM.NM41.,XM,NM41,,LO,36.035278,-108.570343,1718.0,1999.21,2001.365,New Mexico
XM.NM41.01,XM,NM41,01,BH,36.035278,-108.570343,1718.0,1999.21,2001.365,New Mexico
XM.NM42.,XM,NM42,,LO,36.148506,-108.717117,1794.0,1999.209,2001.365,New Mexico
XM.NM42.01,XM,NM42,01,BH,36.148506,-108.717117,1794.0,1999.209,2001.365,New Mexico
XM.NM43.,XM,NM43,,LO,36.249557,-108.887115,1991.0,1999.319,2001.365,New Mexico
XM.NM43.01,XM,NM43,01,BH,36.249557,-108.887115,1991.0,1999.319,2001.365,New Mexico
XM.NM44.,XM,NM44,,LO,36.421383,-108.958275,1921.0,1999.209,2001.365,New Mexico
XM.NM44.01,XM,NM44,01,BH,36.421383,-108.958275,1921.0,1999.209,2001.365,New Mexico
XM.UT51.,XM,UT51,,LO,37.073154,-109.996056,1498.0,1999.21,2001.365,Utah
XM.UT51.01,XM,UT51,01,BH,37.073154,-109.996056,1498.0,1999.21,2001.365,Utah
XM.UT52.,XM,UT52,,LO,37.234776,-110.131325,1671.0,1999.21,2001.365,Utah
XM.UT52.01,XM,UT52,01,BH,37.234776,-110.131325,1671.0,1999.21,2001.365,Utah
XM.UT53.,XM,UT53,,LO,37.345848,-110.33107,1291.0,1999.317,2001.365,Utah
XM.UT53.01,XM,UT53,01,BH,37.345848,-110.33107,1291.0,1999.317,2001.365,Utah
XM.UT54.,XM,UT54,,LO,37.418697,-110.505157,1439.0,1999.318,2001.365,Utah
XM.UT54.01,XM,UT54,01,BH,37.418697,-110.505157,1439.0,1999.318,2001.365,Utah
XP.N12.,XP,N12,,"BH,LH,LO",39.270802,-108.2052,1532.0,2008.217,2009.365,Colorado
XP.N16.,XP,N16,,"BH,LH,LO",39.146099,-108.593597,1439.0,2008.22,2009.365,Colorado
XP.N21.,XP,N21,,"BH,LH,LO",38.8694,-108.509201,1874.0,2008.22,2009.365,Colorado
XP.N25.,XP,N25,,"BH,LH,LO",38.6432,-108.009003,1612.0,2008.219,2009.365,Colorado
XQ.A01.,XQ,A01,,"HH,LO,VM",39.440701,-111.236702,2674.0,2011.182,2011.212,Utah
XQ.A02.,XQ,A02,,"HH,LO,VM",39.440701,-111.232399,2716.0,2011.182,2011.212,Utah
XQ.A03.,XQ,A03,,"HH,LO,VM",39.440201,-111.2267,2975.0,2011.182,2011.212,Utah
XQ.A04.,XQ,A04,,"HH,LO,VM",39.4403,-111.223099,3017.0,2011.182,2011.212,Utah
XQ.A05.,XQ,A05,,"HH,LO,VM",39.440102,-111.220802,3058.0,2011.182,2011.212,Utah
XQ.A06.,XQ,A06,,"HH,LO,VM",39.439999,-111.217003,3152.0,2011.182,2011.212,Utah
XQ.A07.,XQ,A07,,"HH,LO,VM",39.439999,-111.215698,3175.0,2011.182,2011.212,Utah
XQ.A08.,XQ,A08,,"HH,LO,VM",39.439999,-111.214798,3166.0,2011.182,2011.212,Utah
XQ.A09.,XQ,A09,,"HH,LO,VM",39.439701,-111.210297,3108.0,2011.182,2011.212,Utah
XQ.A10.,XQ,A10,,"HH,LO,VM",39.439602,-111.206802,3107.0,2011.182,2011.212,Utah
XQ.H01.,XQ,H01,,"EL,LO",39.454399,-111.258102,2692.0,2011.182,2011.212,Utah
XQ.H02.,XQ,H02,,"EL,LO",39.455799,-111.219704,3124.0,2011.182,2011.212,Utah
XQ.H03.,XQ,H03,,"EL,LO",39.420799,-111.193901,3012.0,2011.182,2011.212,Utah
XQ.H04.,XQ,H04,,"EL,LO",39.409302,-111.214996,3007.0,2011.182,2011.212,Utah
XQ.H05.,XQ,H05,,"EL,LO",39.412399,-111.249298,2629.0,2011.182,2011.212,Utah
XQ.V01.,XQ,V01,,"HH,LO,VM",39.438801,-111.223297,2948.0,2011.182,2011.212,Utah
XQ.V02.,XQ,V02,,"HH,LO,VM",39.437599,-111.223503,2877.0,2011.182,2011.212,Utah
XR.FA27.,XR,FA27,,LO,49.942284,-108.108139,883.0,2001.156,2002.365,Saskatchewan (Ca)
XR.FA27.01,XR,FA27,01,LH,49.942284,-108.108139,883.0,2001.156,2002.365,Saskatchewan (Ca)
XR.FA27.02,XR,FA27,02,BH,49.942284,-108.108139,883.0,2001.156,2002.365,Saskatchewan (Ca)
XR.FA28.,XR,FA28,,LO,50.760864,-111.523766,618.0,2001.156,2002.365,Alberta (Ca)
XR.FA28.01,XR,FA28,01,LH,50.760864,-111.523766,618.0,2001.156,2002.365,Alberta (Ca)
XR.FA28.02,XR,FA28,02,BH,50.760864,-111.523766,618.0,2001.156,2002.365,Alberta (Ca)
XS.N01.,XS,N01,,"BH,HH,LH",46.280998,-109.411003,1800.0,1999.233,2000.236,Montana
XS.N02.,XS,N02,,"BH,HH,LH",46.250999,-109.205002,1800.0,1999.233,2000.236,Montana
XS.N04.,XS,N04,,"BH,HH,LH",46.205002,-108.540001,1800.0,1999.233,2000.236,Montana
XS.N05.,XS,N05,,"BH,HH,LH",46.25,-108.300003,1800.0,1999.233,2000.236,Montana
XS.N06.,XS,N06,,"BH,HH,LH",46.416,-109.518997,1800.0,1999.233,2000.236,Montana
XS.N07.,XS,N07,,"BH,HH,LH",46.443001,-109.236,1800.0,1999.233,2000.236,Montana
XS.N08.,XS,N08,,"BH,HH,LH",46.5,-108.861,1800.0,1999.233,2000.236,Montana
XS.N09.,XS,N09,,"BH,HH,LH",46.513,-108.591003,1800.0,1999.233,2000.236,Montana
XS.N10.,XS,N10,,"BH,HH,LH",46.609001,-109.193001,1800.0,1999.233,2000.236,Montana
XS.N11.,XS,N11,,"BH,HH,LH",46.672001,-108.885002,1800.0,1999.233,2000.236,Montana
XS.N12.,XS,N12,,"BH,HH,LH",46.648998,-108.650002,1800.0,1999.233,2000.236,Montana
XS.S01.,XS,S01,,"BH,HH,LH",45.182999,-109.219002,1800.0,1999.233,2000.236,Montana
XS.S02.,XS,S02,,"BH,HH,LH",45.268002,-108.768997,1800.0,1999.233,2000.236,Montana
XS.S03.,XS,S03,,"BH,HH,LH",45.383999,-109.433998,1800.0,1999.233,2000.236,Montana
XS.S04.,XS,S04,,"BH,HH,LH",45.383999,-109.181999,1800.0,1999.233,2000.236,Montana
XS.S05.,XS,S05,,"BH,HH,LH",45.414001,-108.940002,1800.0,1999.233,2000.236,Montana
XS.S06.,XS,S06,,"BH,HH,LH",45.577,-108.608002,1800.0,1999.233,2000.236,Montana
XS.S07.,XS,S07,,"BH,HH,LH",45.574001,-109.744003,1800.0,1999.233,2000.236,Montana
XS.S09.,XS,S09,,"BH,HH,LH",45.556999,-109.200996,1800.0,1999.233,2000.236,Montana
XS.S10.,XS,S10,,"BH,HH,LH",45.617001,-108.870003,1800.0,1999.233,2000.236,Montana
XS.S11.,XS,S11,,"BH,HH,LH",45.578999,-108.607002,1800.0,1999.233,2000.236,Montana
XS.S13.,XS,S13,,"BH,HH,LH",45.744999,-109.433998,1800.0,1999.233,2000.236,Montana
XS.S14.,XS,S14,,"BH,HH,LH",45.785999,-109.184998,1800.0,1999.233,2000.236,Montana
XS.S15.,XS,S15,,"BH,HH,LH",45.827,-108.818001,1800.0,1999.233,2000.236,Montana
XS.S16.,XS,S16,,"BH,HH,LH",45.839001,-108.575996,1800.0,1999.233,2000.236,Montana
XS.S17.,XS,S17,,"BH,HH,LH",45.799999,-108.25,1800.0,1999.233,2000.236,Montana
XS.S18.,XS,S18,,"BH,HH,LH",45.953999,-109.498001,1800.0,1999.233,2000.236,Montana
XS.S19.,XS,S19,,"BH,HH,LH",46.077999,-109.150002,1800.0,1999.233,2000.236,Montana
XS.S20.,XS,S20,,"BH,HH,LH",46.062,-108.940002,1800.0,1999.233,2000.236,Montana
XS.S21.,XS,S21,,"BH,HH,LH",45.950001,-108.599998,1800.0,1999.233,2000.236,Montana
XS.S22.,XS,S22,,"BH,HH,LH",46.000999,-108.290001,1800.0,1999.233,2000.236,Montana
XS.MC11B.,XS,MC11B,,EH,33.1137,-109.3858,1615.1,2003.229,2003.234,Arizona
XS.MC1A.,XS,MC1A,,EH,33.1169,-109.3889,1677.1,2003.229,2003.234,Arizona
XS.MC6A.,XS,MC6A,,EH,33.1108,-109.3884,1615.7,2003.229,2003.234,Arizona
XS.MC7A.,XS,MC7A,,EH,33.1118,-109.384,1600.5,2003.229,2003.234,Arizona
XT.BLUE.,XT,BLUE,,"BH,HH,LH",40.992298,-108.542,2098.0,1997.213,1998.194,Colorado
XT.CALA.,XT,CALA,,"BH,HH,LH",40.1134,-108.535896,2345.0,1997.213,1998.194,Colorado
XT.CALI.,XT,CALI,,"BH,HH,LH",40.365299,-108.567001,2085.0,1997.213,1998.194,Colorado
XT.CSD.,XT,CSD,,"BH,HH,LH",40.436401,-108.279198,1931.0,1997.213,1998.194,Colorado
XT.DOUG.,XT,DOUG,,"BH,HH,LH",40.570301,-108.688698,2153.0,1997.213,1998.194,Colorado
XT.DRY.,XT,DRY,,"BH,HH,LH",40.699501,-108.536697,2059.0,1997.213,1998.194,Colorado
XT.FWGP.,XT,FWGP,,"BH,HH,LH",40.964199,-108.768097,2077.0,1997.213,1998.194,Colorado
XT.JNMT.,XT,JNMT,,"BH,HH,LH",40.459202,-108.020302,2231.0,1997.213,1998.194,Colorado
XT.JWM.,XT,JWM,,"BH,HH,LH",40.571701,-108.603897,2077.0,1997.213,1998.194,Colorado
XT.LANG.,XT,LANG,,"BH,HH,LH",40.8731,-108.290604,2258.0,1997.213,1998.194,Colorado
XT.LIME.,XT,LIME,,"BH,HH,LH",40.871399,-108.785896,2371.0,1997.213,1998.194,Colorado
XT.LOOK.,XT,LOOK,,"BH,HH,LH",40.8634,-108.4823,2415.0,1997.213,1998.194,Colorado
XT.LSC.,XT,LSC,,"BH,HH,LH",40.532799,-108.441399,1802.0,1997.213,1998.194,Colorado
XT.MAYB.,XT,MAYB,,"BH,HH,LH",40.4828,-108.192802,1888.0,1997.213,1998.194,Colorado
XT.NDH.,XT,NDH,,"BH,HH,LH",40.370602,-108.136398,1957.0,1997.213,1998.194,Colorado
XT.PINR.,XT,PINR,,"BH,HH,LH",40.3634,-108.368401,2097.0,1997.213,1998.194,Colorado
XT.POW.,XT,POW,,"BH,HH,LH",40.935299,-108.421204,2169.0,1997.213,1998.194,Colorado
XT.SMR.,XT,SMR,,"BH,HH,LH",40.721699,-108.302803,1900.0,1997.213,1998.194,Colorado
XT.SUTT.,XT,SUTT,,"BH,HH,LH",40.578701,-108.285896,1852.0,1997.213,1998.194,Colorado
XT.SWB.,XT,SWB,,"BH,HH,LH",40.654202,-108.3806,1815.0,1997.213,1998.194,Colorado
XT.TANK.,XT,TANK,,"BH,HH,LH",40.4053,-108.737,2441.0,1997.213,1998.194,Colorado
XT.TWIN.,XT,TWIN,,"BH,HH,LH",40.7556,-108.384499,1883.0,1997.213,1998.194,Colorado
XT.VMSC.,XT,VMSC,,"BH,HH,LH",40.928398,-108.648399,2006.0,1997.213,1998.194,Colorado
XT.YSCF.,XT,YSCF,,"BH,HH,LH",40.428902,-108.430099,1966.0,1997.213,1998.194,Colorado
XT.ZENO.,XT,ZENO,,"BH,HH,LH",40.602798,-108.824501,2302.0,1997.213,1998.194,Colorado
XV.BH2B.,XV,BH2B,,"AC,BH,LC,LH,LO,OC,VC,VE,VF,VK,VM,VP",45.200001,-108.258301,1402.0,2009.121,2010.365,Montana
XY.ALAM.,XY,ALAM,,BH,30.986,-115.566498,2396.0,1997.293,1998.18,Baja California (Me)
XY.ELAR.,XY,ELAR,,BH,31.078899,-115.091599,540.0,1997.298,1998.18,Baja California (Me)
XY.LACB.,XY,LACB,,BH,30.962799,-115.796799,672.0,1997.296,1998.18,Baja California (Me)
XY.LOQI.,XY,LOQI,,BH,30.9517,-115.903,206.0,1997.29,1998.18,Baja California (Me)
XY.OBTO.,XY,OBTO,,BH,31.0453,-115.464203,2774.0,1997.293,1998.18,Baja California (Me)
XY.PUPE.,XY,PUPE,,BH,31.3353,-113.6325,96.0,1997.301,1998.18,Sonora (Me)
XY.SACA.,XY,SACA,,BH,31.075701,-115.279404,370.0,1997.299,1998.18,Baja California (Me)
XY.SAFE.,XY,SAFE,,BH,30.881701,-114.752502,91.0,1997.297,1998.18,Baja California (Me)
XY.SAJO.,XY,SAJO,,BH,30.957399,-115.686401,1039.0,1997.293,1998.18,Baja California (Me)
XY.TELM.,XY,TELM,,BH,30.982599,-116.134201,140.0,1997.289,1998.18,Baja California (Me)
XY.BS05.,XY,BS05,,"AC,LC,LO,OC,VC,VE,VK,VM,VP",52.317101,-127.153099,6.6,2005.171,2006.304,British Columbia (Ca)
XY.BS05.01,XY,BS05,01,BH,52.317101,-127.153099,6.6,2005.171,2006.304,British Columbia (Ca)
XY.BS05.02,XY,BS05,02,LH,52.317101,-127.153099,6.6,2005.171,2006.304,British Columbia (Ca)
XY.BS07.,XY,BS07,,"AC,LC,LO,OC,VC,VE,VK,VM,VP",52.390099,-126.834999,7.3,2005.17,2006.304,British Columbia (Ca)
XY.BS07.01,XY,BS07,01,BH,52.390099,-126.834999,7.3,2005.17,2006.304,British Columbia (Ca)
XY.BS07.02,XY,BS07,02,LH,52.390099,-126.834999,7.3,2005.17,2006.304,British Columbia (Ca)
XY.BS09.,XY,BS09,,"AC,LC,LO,OC,VC,VE,VK,VM,VP",52.374802,-126.6847,10.0,2005.17,2006.304,British Columbia (Ca)
XY.BS09.01,XY,BS09,01,BH,52.374802,-126.6847,10.0,2005.17,2006.304,British Columbia (Ca)
XY.BS09.02,XY,BS09,02,LH,52.374802,-126.6847,10.0,2005.17,2006.304,British Columbia (Ca)
XY.BS10.,XY,BS10,,"AC,LC,LO,OC,VC,VE,VK,VM,VP",52.403999,-126.554604,135.0,2005.17,2006.304,British Columbia (Ca)
XY.BS10.01,XY,BS10,01,BH,52.403999,-126.554604,135.0,2005.17,2006.304,British Columbia (Ca)
XY.BS10.02,XY,BS10,02,LH,52.403999,-126.554604,135.0,2005.17,2006.304,British Columbia (Ca)
XY.BS11.,XY,BS11,,"AC,LC,LO,OC,VC,VE,VK,VM,VP",52.431499,-126.417503,90.0,2005.171,2006.304,British Columbia (Ca)
XY.BS11.01,XY,BS11,01,BH,52.431499,-126.417503,90.0,2005.171,2006.304,British Columbia (Ca)
XY.BS11.02,XY,BS11,02,LH,52.431499,-126.417503,90.0,2005.171,2006.304,British Columbia (Ca)
XY.BS12.,XY,BS12,,"AC,LC,LO,OC,VC,VE,VK,VM,VP",52.441502,-126.3451,124.0,2005.17,2005.213,British Columbia (Ca)
XY.BS12.01,XY,BS12,01,BH,52.441502,-126.3451,124.0,2005.17,2005.213,British Columbia (Ca)
XY.BS12.02,XY,BS12,02,LH,52.441502,-126.3451,124.0,2005.17,2005.213,British Columbia (Ca)
XY.BS12M.,XY,BS12M,,"AC,LC,LO,OC,VC,VE,VK,VM,VP",52.4412,-126.346497,109.0,2005.211,2006.304,British Columbia (Ca)
XY.BS12M.01,XY,BS12M,01,BH,52.4412,-126.346497,109.0,2005.211,2006.304,British Columbia (Ca)
XY.BS12M.02,XY,BS12M,02,LH,52.4412,-126.346497,109.0,2005.211,2006.304,British Columbia (Ca)
XY.BS13.,XY,BS13,,"AC,LC,LO,OC,VC,VE,VK,VM,VP",52.438599,-126.217499,120.0,2005.171,2006.304,British Columbia (Ca)
XY.BS13.01,XY,BS13,01,BH,52.438599,-126.217499,120.0,2005.171,2006.304,British Columbia (Ca)
XY.BS13.02,XY,BS13,02,LH,52.438599,-126.217499,120.0,2005.171,2006.304,British Columbia (Ca)
XY.BS14.,XY,BS14,,"AC,LC,LO,OC,VC,VE,VK,VM,VP",52.406898,-126.130997,150.0,2005.171,2006.304,British Columbia (Ca)
XY.BS14.01,XY,BS14,01,BH,52.406898,-126.130997,150.0,2005.171,2006.304,British Columbia (Ca)
XY.BS14.02,XY,BS14,02,LH,52.406898,-126.130997,150.0,2005.171,2006.304,British Columbia (Ca)
XY.BS15.,XY,BS15,,"AC,LC,LO,OC,VC,VE,VK,VM,VP",52.368099,-126.0672,160.0,2005.173,2006.304,British Columbia (Ca)
XY.BS15.01,XY,BS15,01,BH,52.368099,-126.0672,160.0,2005.173,2006.304,British Columbia (Ca)
XY.BS15.02,XY,BS15,02,LH,52.368099,-126.0672,160.0,2005.173,2006.304,British Columbia (Ca)
XY.BS15A.,XY,BS15A,,"AC,LC,LO,OC,VC,VE,VK,VM,VP",52.398102,-125.966499,250.0,2005.213,2006.304,British Columbia (Ca)
XY.BS15A.01,XY,BS15A,01,BH,52.398102,-125.966499,250.0,2005.213,2006.304,British Columbia (Ca)
XY.BS15A.02,XY,BS15A,02,LH,52.398102,-125.966499,250.0,2005.213,2006.304,British Columbia (Ca)
XY.BS16.,XY,BS16,,"AC,LC,LO,OC,VC,VE,VK,VM,VP",52.401901,-125.850403,330.0,2005.177,2006.304,British Columbia (Ca)
XY.BS16.01,XY,BS16,01,BH,52.401901,-125.850403,330.0,2005.177,2006.304,British Columbia (Ca)
XY.BS16.02,XY,BS16,02,LH,52.401901,-125.850403,330.0,2005.177,2006.304,British Columbia (Ca)
XY.BS17.,XY,BS17,,"AC,LC,LO,OC,VC,VE,VK,VM,VP",52.362,-125.777298,395.0,2005.172,2006.304,British Columbia (Ca)
XY.BS17.01,XY,BS17,01,BH,52.362,-125.777298,395.0,2005.172,2006.304,British Columbia (Ca)
XY.BS17.02,XY,BS17,02,LH,52.362,-125.777298,395.0,2005.172,2006.304,British Columbia (Ca)
XY.BS18.,XY,BS18,,"AC,LC,LO,OC,VC,VE,VK,VM,VP",52.412601,-125.632698,830.0,2005.175,2006.304,British Columbia (Ca)
XY.BS18.01,XY,BS18,01,BH,52.412601,-125.632698,830.0,2005.175,2006.304,British Columbia (Ca)
XY.BS18.02,XY,BS18,02,LH,52.412601,-125.632698,830.0,2005.175,2006.304,British Columbia (Ca)
XY.BS19.,XY,BS19,,"AC,LC,LO,OC,VC,VE,VK,VM,VP",52.3773,-125.508003,1213.0,2005.176,2006.304,British Columbia (Ca)
XY.BS19.01,XY,BS19,01,BH,52.3773,-125.508003,1213.0,2005.176,2006.304,British Columbia (Ca)
XY.BS19.02,XY,BS19,02,LH,52.3773,-125.508003,1213.0,2005.176,2006.304,British Columbia (Ca)
XY.BS21.,XY,BS21,,"AC,LC,LO,OC,VC,VE,VK,VM,VP",52.380001,-125.262199,1132.0,2005.175,2006.304,British Columbia (Ca)
XY.BS21.01,XY,BS21,01,BH,52.380001,-125.262199,1132.0,2005.175,2006.304,British Columbia (Ca)
XY.BS21.02,XY,BS21,02,LH,52.380001,-125.262199,1132.0,2005.175,2006.304,British Columbia (Ca)
XY.BS22.,XY,BS22,,"AC,LC,LO,OC,VC,VE,VK,VM,VP",52.378201,-125.083,1253.0,2005.175,2006.304,British Columbia (Ca)
XY.BS22.01,XY,BS22,01,BH,52.378201,-125.083,1253.0,2005.175,2006.304,British Columbia (Ca)
XY.BS22.02,XY,BS22,02,LH,52.378201,-125.083,1253.0,2005.175,2006.304,British Columbia (Ca)
Y5.CLA.,Y5,CLA,,BH,50.009998,-113.519997,1039.0,2006.26,2013.365,Alberta (Ca)
Y5.CZA.,Y5,CZA,,BH,52.490002,-110.860001,701.0,2007.227,2013.365,Alberta (Ca)
Y5.JOF.,Y5,JOF,,BH,52.34,-113.510002,929.0,2006.26,2007.144,Alberta (Ca)
Y5.LYA.,Y5,LYA,,BH,51.16,-113.470001,943.0,2006.261,2013.365,Alberta (Ca)
Y5.MHB.,Y5,MHB,,BH,50.32,-110.160004,719.0,2009.132,2013.365,Alberta (Ca)
Y5.NOR.,Y5,NOR,,BH,52.4701,-116.077599,943.0,2006.26,2013.365,Alberta (Ca)
Y5.RDR.,Y5,RDR,,BH,52.2659,-113.556999,0.0,2011.257,2013.365,Alberta (Ca)
Y5.WALA.,Y5,WALA,,BH,49.056,-113.911499,1400.0,2006.26,2013.365,Alberta (Ca)
YE.GVR00.,YE,GVR00,,"EH,LO",33.661301,-116.672401,1335.0,2008.102,2009.365,California
YE.GVR01.,YE,GVR01,,"EH,LO",33.661499,-116.671997,1332.7,2008.102,2009.365,California
YE.GVR02.,YE,GVR02,,"EH,LO",33.6618,-116.6716,1326.7,2008.102,2009.365,California
YE.GVR03.,YE,GVR03,,"EH,LO",33.662102,-116.671097,1326.7,2008.102,2009.365,California
YE.GVR04.,YE,GVR04,,"EH,LO",33.662399,-116.6707,1326.0,2008.102,2009.365,California
YE.GVR05.,YE,GVR05,,"EH,LO",33.662701,-116.670303,1324.3,2008.102,2009.365,California
YE.GVR06.,YE,GVR06,,"EH,LO",33.662998,-116.669899,1327.0,2008.102,2009.365,California
YE.GVR07.,YE,GVR07,,"EH,LO",33.6633,-116.669502,1330.1,2008.102,2009.365,California
YE.GVR08.,YE,GVR08,,"EH,LO",33.663502,-116.669098,1317.4,2008.102,2009.365,California
YE.GVR09.,YE,GVR09,,"EH,LO",33.663799,-116.668602,1309.7,2008.102,2009.365,California
YE.GVR10.,YE,GVR10,,"EH,LO",33.665001,-116.666901,1286.6,2008.102,2009.365,California
YE.GVR11.,YE,GVR11,,"EH,LO",33.665199,-116.666496,1328.6,2008.102,2009.365,California
YE.GVR12.,YE,GVR12,,"EH,LO",33.665501,-116.6661,1333.2,2008.102,2009.365,California
YE.GVR13.,YE,GVR13,,"EH,LO",33.665798,-116.665703,1330.8,2008.102,2009.365,California
YE.GVR14.,YE,GVR14,,"EH,LO",33.6661,-116.665298,1330.8,2008.102,2009.365,California
YE.GVR15.,YE,GVR15,,"EH,LO",33.666401,-116.664902,1330.8,2008.102,2009.365,California
YE.GVR16.,YE,GVR16,,"EH,LO",33.666599,-116.664398,1331.8,2008.102,2009.365,California
YE.GVR17.,YE,GVR17,,"EH,LO",33.666901,-116.664001,1330.8,2008.102,2009.365,California
YE.GVR18.,YE,GVR18,,"EH,LO",33.667198,-116.663597,1330.8,2008.102,2009.365,California
YE.GVR19.,YE,GVR19,,"EH,LO",33.6675,-116.6632,1330.8,2008.102,2009.365,California
YE.GVR20.,YE,GVR20,,"EH,LO",33.667801,-116.662804,1331.3,2008.102,2009.365,California
YE.GVR21.,YE,GVR21,,"EH,LO",33.668098,-116.6623,1333.2,2008.102,2009.365,California
YE.GVR22.,YE,GVR22,,"EH,LO",33.668301,-116.661903,1334.7,2008.102,2009.365,California
YE.GVR23.,YE,GVR23,,"EH,LO",33.668598,-116.661499,1335.4,2008.102,2009.365,California
YE.GVR24.,YE,GVR24,,"EH,LO",33.6689,-116.661102,1340.5,2008.102,2009.365,California
YE.GVR25.,YE,GVR25,,"EH,LO",33.669201,-116.660698,1337.6,2008.102,2009.365,California
YE.GVR26.,YE,GVR26,,"EH,LO",33.669498,-116.660202,1336.8,2008.102,2009.365,California
YE.GVR27.,YE,GVR27,,"EH,LO",33.669701,-116.659798,1344.7,2008.102,2009.365,California
YE.GVR28.,YE,GVR28,,"EH,LO",33.669998,-116.659401,1338.7,2008.102,2009.365,California
YE.GVR29.,YE,GVR29,,"EH,LO",33.6703,-116.658997,1332.7,2008.102,2009.365,California
YF.N01.,YF,N01,,LO,44.723202,-110.707298,2278.0,2003.219,2003.273,Wyoming
YF.N01.01,YF,N01,01,HH,44.723202,-110.707298,2278.0,2003.219,2003.273,Wyoming
YF.N02.,YF,N02,,LO,44.7215,-110.709099,2279.0,2003.219,2003.273,Wyoming
YF.N02.01,YF,N02,01,HH,44.7215,-110.709099,2279.0,2003.219,2003.273,Wyoming
YF.N03.,YF,N03,,LO,44.723701,-110.710403,2287.0,2003.222,2003.256,Wyoming
YF.N03.01,YF,N03,01,HH,44.723701,-110.710403,2287.0,2003.222,2003.256,Wyoming
YF.N04.,YF,N04,,LO,44.725899,-110.707901,2284.0,2003.219,2003.273,Wyoming
YF.N04.01,YF,N04,01,HH,44.725899,-110.707901,2284.0,2003.219,2003.273,Wyoming
YF.N05.,YF,N05,,LO,44.729462,-110.705688,2277.0,2003.22,2003.238,Wyoming
YF.N05.01,YF,N05,01,HH,44.729462,-110.705688,2277.0,2003.22,2003.238,Wyoming
YF.N06.,YF,N06,,LO,44.730103,-110.69931,2294.0,2003.22,2003.273,Wyoming
YF.N06.01,YF,N06,01,HH,44.730103,-110.69931,2294.0,2003.22,2003.273,Wyoming
YF.N07.,YF,N07,,LO,44.723499,-110.702103,2300.0,2003.218,2003.26,Wyoming
YF.N07.01,YF,N07,01,HH,44.723499,-110.702103,2300.0,2003.218,2003.26,Wyoming
YG.BAM.,YG,BAM,,LO,37.457699,-122.107666,-29.0,1999.14,2004.366,California
YG.BAM.01,YG,BAM,01,"EG,HH",37.457699,-122.107666,-29.0,1999.14,2004.366,California
YG.BMT.,YG,BMT,,LO,37.318611,-122.15313,786.0,1999.365,2004.366,California
YG.BMT.01,YG,BMT,01,"EG,HH",37.318611,-122.15313,786.0,1999.365,2004.366,California
YG.FIT.,YG,FIT,,LO,37.331772,-121.958427,2.0,1999.125,2004.366,California
YG.FIT.01,YG,FIT,01,"EG,HH",37.331772,-121.958427,2.0,1999.125,2004.366,California
YG.IAN.,YG,IAN,,LO,37.37822,-122.053497,7.0,1999.144,2004.366,California
YG.IAN.01,YG,IAN,01,"EG,HH",37.37822,-122.053497,7.0,1999.144,2004.366,California
YG.KAT.,YG,KAT,,LO,37.347561,-122.023117,16.0,1999.216,2004.366,California
YG.KAT.01,YG,KAT,01,"EG,HH",37.347561,-122.023117,16.0,1999.216,2004.366,California
YG.LEX.,YG,LEX,,LO,37.205791,-121.976562,347.0,1999.014,2004.366,California
YG.LEX.01,YG,LEX,01,"EG,HH",37.205791,-121.976562,347.0,1999.014,2004.366,California
YG.MCL.,YG,MCL,,LO,37.393936,-121.985558,-24.0,1999.092,2004.366,California
YG.MCL.01,YG,MCL,01,"EG,HH",37.393936,-121.985558,-24.0,1999.092,2004.366,California
YG.PRS.,YG,PRS,,LO,37.290714,-122.003075,50.0,1999.063,2004.366,California
YG.PRS.01,YG,PRS,01,"EG,HH",37.290714,-122.003075,50.0,1999.063,2004.366,California
YG.STV.,YG,STV,,LO,37.281132,-122.075584,159.0,1999.086,2004.366,California
YG.STV.01,YG,STV,01,"EG,HH",37.281132,-122.075584,159.0,1999.086,2004.366,California
YG.WNG.,YG,WNG,,LO,37.378845,-122.053314,3.0,2002.072,2004.366,California
YG.WNG.01,YG,WNG,01,"EG,HH",37.378845,-122.053314,3.0,2002.072,2004.366,California
YG.WVC.,YG,WVC,,LO,37.262447,-122.006363,86.0,1999.085,2004.366,California
YG.WVC.01,YG,WVC,01,"EG,HH",37.262447,-122.006363,86.0,1999.085,2004.366,California
YG.STA06.,YG,STA06,,BH,33.894016,-116.455269,239.0,2010.053,2010.16,California
YG.STA07.,YG,STA07,,BH,33.843567,-116.375153,136.0,2010.052,2010.16,California
YG.STA08.,YG,STA08,,BH,33.844467,-116.310997,189.0,2010.051,2010.16,California
YG.STA10.,YG,STA10,,BH,33.7743,-116.2308,73.0,2010.054,2010.16,California
YG.STA12.,YG,STA12,,BH,33.696815,-116.134453,7.0,2010.052,2010.16,California
YG.OR01.,YG,OR01,,"EH,LO",44.869499,-123.997597,218.0,2012.161,2012.19,Oregon
YG.OR02.,YG,OR02,,"EH,LO",44.844799,-123.866501,468.0,2012.161,2012.19,Oregon
YG.OR03.,YG,OR03,,"EH,LO",44.536701,-123.911201,288.0,2012.161,2012.19,Oregon
YG.OR07.,YG,OR07,,"EH,LO",44.658001,-123.789299,192.0,2012.161,2012.19,Oregon
YG.OR09.,YG,OR09,,"EH,LO",44.6777,-123.5075,320.0,2012.165,2012.19,Oregon
YG.OR10.,YG,OR10,,"EH,LO",44.6735,-123.316002,471.0,2012.161,2012.19,Oregon
YG.OR11.,YG,OR11,,"EH,LO",44.392799,-124.046303,97.0,2012.161,2012.19,Oregon
YG.OR12.,YG,OR12,,"EH,LO",44.418301,-123.904297,116.0,2012.162,2012.19,Oregon
YG.OR13B.,YG,OR13B,,"EH,LO",44.4021,-123.745499,191.0,2012.168,2012.19,Oregon
YG.OR17.,YG,OR17,,"EH,LO",44.223999,-123.8479,374.0,2012.162,2012.19,Oregon
YG.OR21.,YG,OR21,,"EH,LO",44.0242,-124.048897,49.0,2012.17,2012.2,Oregon
YG.OR25.,YG,OR25,,"EH,LO",44.051601,-123.612297,425.0,2012.161,2012.19,Oregon
YG.OR26.,YG,OR26,,"EH,LO",44.013401,-123.413696,281.0,2012.166,2012.19,Oregon
YG.OR27.,YG,OR27,,"EH,LO",43.920399,-123.169098,343.0,2012.161,2012.19,Oregon
YG.OR28.,YG,OR28,,"EH,LO",43.874901,-122.881699,629.0,2012.162,2012.19,Oregon
YG.OR31.,YG,OR31,,"EH,LO",44.336498,-123.992798,266.0,2012.161,2012.19,Oregon
YG.OR32.,YG,OR32,,"EH,LO",44.3298,-123.790901,93.0,2012.162,2012.19,Oregon
YG.OR33.,YG,OR33,,"EH,LO",43.8279,-123.466599,351.0,2012.161,2012.19,Oregon
YW.PA01.,YW,PA01,,LO,48.053101,-123.471199,715.0,2005.223,2005.365,Washington
YW.PA01.01,YW,PA01,01,EH,48.053101,-123.471199,715.0,2005.223,2005.365,Washington
YW.PA02.,YW,PA02,,LO,48.053799,-123.4655,761.0,2005.223,2005.365,Washington
YW.PA02.01,YW,PA02,01,EH,48.053799,-123.4655,761.0,2005.223,2005.365,Washington
YW.PA03.,YW,PA03,,LO,48.052502,-123.457001,711.0,2005.223,2005.365,Washington
YW.PA03.01,YW,PA03,01,EH,48.052502,-123.457001,711.0,2005.223,2005.365,Washington
YW.PA04.,YW,PA04,,LO,48.056999,-123.454697,693.0,2005.223,2005.365,Washington
YW.PA04.01,YW,PA04,01,EH,48.056999,-123.454697,693.0,2005.223,2005.365,Washington
YW.PA05.,YW,PA05,,LO,48.057598,-123.459999,723.0,2005.223,2005.365,Washington
YW.PA05.01,YW,PA05,01,EH,48.057598,-123.459999,723.0,2005.223,2005.365,Washington
YW.PA06.,YW,PA06,,LO,48.065102,-123.466797,627.0,2005.223,2005.365,Washington
YW.PA06.01,YW,PA06,01,EH,48.065102,-123.466797,627.0,2005.223,2005.365,Washington
YW.PA11.,YW,PA11,,LO,48.056301,-123.471703,745.0,2005.223,2005.365,Washington
YW.PA11.01,YW,PA11,01,HH,48.056301,-123.471703,745.0,2005.223,2005.365,Washington
YW.PA12.,YW,PA12,,LO,48.046799,-123.4533,572.0,2005.223,2005.365,Washington
YW.PA12.01,YW,PA12,01,HH,48.046799,-123.4533,572.0,2005.223,2005.365,Washington
YW.PA13.,YW,PA13,,LO,48.050098,-123.4095,460.0,2005.223,2005.365,Washington
YW.PA13.01,YW,PA13,01,HH,48.050098,-123.4095,460.0,2005.223,2005.365,Washington
YW.PA14.,YW,PA14,,LO,48.071499,-123.4571,426.0,2005.223,2005.365,Washington
YW.PA14.01,YW,PA14,01,HH,48.071499,-123.4571,426.0,2005.223,2005.365,Washington
YW.PA15.,YW,PA15,,LO,48.0574,-123.504898,310.0,2005.223,2005.365,Washington
YW.PA15.01,YW,PA15,01,HH,48.0574,-123.504898,310.0,2005.223,2005.365,Washington
Z2.EHMT.,Z2,EHMT,,BH,45.066818,-111.191483,2050.0,2009.159,2010.251,Montana
Z2.SGMT.,Z2,SGMT,,BH,45.006916,-109.992264,2260.0,2009.16,2010.253,Montana
Z2.SRMT.,Z2,SRMT,,BH,45.196468,-110.901833,1524.0,2010.166,2010.252,Montana
Z2.TMMT.,Z2,TMMT,,BH,45.038784,-110.699867,1743.0,2009.16,2009.243,Montana
Z2.WYMT.,Z2,WYMT,,BH,44.760601,-111.178284,1999.0,2009.157,2010.251,Montana
ZO.P13A1.,ZO,P13A1,,"BD,EH,LO",39.455002,-114.015602,1555.0,2007.206,2007.242,Utah
ZO.UTTR1.,ZO,UTTR1,,"BD,EH,LO",41.130001,-112.897499,1440.0,2007.207,2007.242,Utah
ZO.UTTR2.,ZO,UTTR2,,"BD,EH,LO",41.136002,-112.922302,1528.0,2007.207,2007.242,Utah
ZO.UTTR3.,ZO,UTTR3,,"BD,EH,LO",41.048801,-112.935799,1356.0,2007.207,2007.242,Utah
ZV.BH1.,ZV,BH1,,"EH,LO",37.742565,-112.782433,2650.5,2017.224,2017.28,Utah
ZV.BH10.,ZV,BH10,,"EH,LO",37.747646,-112.773972,2653.6,2017.225,2017.28,Utah
ZV.BH2.,ZV,BH2,,"EH,LO",37.74445,-112.781372,2597.5,2017.224,2017.28,Utah
ZV.BH3.,ZV,BH3,,"EH,LO",37.75909,-112.765366,2586.3,2017.224,2017.28,Utah
ZV.BH4.,ZV,BH4,,"EH,LO",37.769325,-112.750854,2521.6,2017.224,2017.28,Utah
ZV.BH5.,ZV,BH5,,"EH,LO",37.776535,-112.747887,2481.7,2017.224,2017.28,Utah
ZV.BH6.,ZV,BH6,,"EH,LO",37.781986,-112.748047,2467.4,2017.224,2017.28,Utah
ZV.BH7.,ZV,BH7,,"EH,LO",37.76173,-112.75766,2582.6,2017.224,2017.28,Utah
ZV.BH8.,ZV,BH8,,"EH,LO",37.792294,-112.788322,2141.2,2017.224,2017.28,Utah
ZV.BH9.,ZV,BH9,,"EH,LO",37.768684,-112.754959,2522.5,2017.225,2017.28,Utah
ZY.MGD.,ZY,MGD,,"EH,HN,LC,LH,LN,VC,VE,VK,VM,VP",32.188801,-116.760597,1300.0,2010.174,2025.365,Baja California (Me)
