sequence,event,origin,lat,lon,depth,mag,track
Kaikoura 2016,2016p858021,2016-11-13 11:12:35.486341+00:00,-42.42848206,173.7769012,5.603704929,6.026432759,track2-msas
Kaikoura 2016,2016p858025,2016-11-13 11:16:07.143576+00:00,-42.60528183,172.9548798,16.25598907,4.972231376,track2-msas
Kaikoura 2016,2016p858026,2016-11-13 11:16:53.912618+00:00,-41.97641754,174.0692749,5.0,4.780315751,track2-msas
Kaikoura 2016,2016p858027,2016-11-13 11:17:18.994519+00:00,-42.55535507,173.0496368,14.44154739,4.858002852,track2-msas
Kaikoura 2016,2016p858030,2016-11-13 11:18:38.600009+00:00,-42.01209259,173.7884369,5.0,5.03046443,track2-msas
Kaikoura 2016,2016p858033,2016-11-13 11:19:10.035225+00:00,-41.86848068,173.9481201,10.678106309999999,4.823920716,track2-msas
Kaikoura 2016,2016p858032,2016-11-13 11:19:32.825892+00:00,-42.02248001,173.7016907,5.0,5.318619852,track2-msas
Kaikoura 2016,2016p858034,2016-11-13 11:21:15.633552+00:00,-42.60958481,173.0251007,9.518454552,4.965940038,track2-msas
Kaikoura 2016,2016p858035,2016-11-13 11:21:59.701981+00:00,-41.79732513,174.2312012,10.15599918,4.575887664,track2-msas
Kaikoura 2016,2016p858037,2016-11-13 11:22:31.472048+00:00,-42.15118408,173.4656067,5.0,4.848249243,track2-msas
Kaikoura 2016,2016p858036,2016-11-13 11:23:32.903574+00:00,-42.16729355,173.8248901,4.238160133,4.774444777,track2-msas
Kaikoura 2016,2016p858041,2016-11-13 11:24:16.908165+00:00,-42.03785324,173.7319031,7.260608673,5.545570123,track2-msas
Kaikoura 2016,2016p858048,2016-11-13 11:28:01.616638+00:00,-41.78926086,174.0532379,9.815570831,4.22466103,track2-msas
Kaikoura 2016,2016p858049,2016-11-13 11:28:17.129822+00:00,-41.86572266,174.1859131,5.0,4.139461622,track2-msas
Kaikoura 2016,2016p858052,2016-11-13 11:30:24.885250+00:00,-42.52959824,173.3555603,20.47912598,4.483022753,track2-msas
Kaikoura 2016,2016p858053,2016-11-13 11:30:26.739959+00:00,-42.14182663,173.8280334,6.452077389,5.108869636,track2-msas
Kaikoura 2016,2016p858054,2016-11-13 11:30:40.445674+00:00,-42.70393372,172.7563782,5.0,4.018992078,track2-msas
Kaikoura 2016,2016p858057,2016-11-13 11:31:24.158508+00:00,-42.14592361,173.6165771,6.903105259,4.803847889,track2-msas
Kaikoura 2016,2016p858055,2016-11-13 11:32:07.000958+00:00,-42.24645996,173.6727753,11.26408863,6.183156744,track2-msas
Kaikoura 2016,2016p858058,2016-11-13 11:33:49.041737+00:00,-41.81458282,174.2102814,5.496979237,5.45523004,track2-msas
Kaikoura 2016,2016p858059,2016-11-13 11:35:05.711942+00:00,-42.22956848,173.7826996,5.0,4.678642487,track2-msas
Kaikoura 2016,2016p858062,2016-11-13 11:35:42.293355+00:00,-41.74907684,174.2016602,8.462139129999999,5.010202647,track2-msas
Kaikoura 2016,2016p858072,2016-11-13 11:40:22.690692+00:00,-42.66152573,172.7606659,4.230461597000001,4.127967103,track2-msas
Kaikoura 2016,2016p858069,2016-11-13 11:40:48.635725+00:00,-42.32665253,173.4771729,9.762313843,5.008149217,track2-msas
Kaikoura 2016,2016p858071,2016-11-13 11:41:08.061697+00:00,-42.4037056,173.7074127,1.372720003,4.064400289,track2-msas
Kaikoura 2016,2016p858074,2016-11-13 11:41:48.748980+00:00,-41.79508209,174.2585754,5.780201912000001,5.582634237,track2-msas
Kaikoura 2016,2016p858076,2016-11-13 11:42:45.377266+00:00,-41.80768204,174.0328522,11.81918144,4.662647177,track2-msas
Kaikoura 2016,2016p858077,2016-11-13 11:44:16.258943+00:00,-41.90325546,173.8865356,12.74179554,4.088879253,track2-msas
Kaikoura 2016,2016p858080,2016-11-13 11:45:25.993697+00:00,-41.686306,174.2298584,11.64010715,4.441806642,track2-msas
Kaikoura 2016,2016p858081,2016-11-13 11:45:52.394374+00:00,-42.00214386,173.6719666,6.585529327000001,4.600441839,track2-msas
Kaikoura 2016,2016p858083,2016-11-13 11:47:03.845099+00:00,-41.68528366,174.1980896,8.601322174000002,4.228200397,track2-msas
Kaikoura 2016,2016p858085,2016-11-13 11:47:50.726649+00:00,-41.98524475,173.7293701,8.836837769,4.83864275,track2-msas
Kaikoura 2016,2016p858086,2016-11-13 11:49:02.185005+00:00,-41.72706604,174.2352142,13.876153949999999,4.638221943,track2-msas
Kaikoura 2016,2016p858089,2016-11-13 11:50:13.635584+00:00,-41.7590065,174.2753906,3.327513456,4.574474222,track2-msas
Kaikoura 2016,2016p858093,2016-11-13 11:51:03.676712+00:00,-42.35023117,173.4546967,4.866723061,4.549469386,track2-msas
Kaikoura 2016,2016p858094,2016-11-13 11:52:44.351646+00:00,-42.20107269,173.6026306,9.046556473,6.136439961,track2-msas
Kaikoura 2016,2016p858097,2016-11-13 11:53:14.229117+00:00,-41.78520584,174.4197998,5.0,5.226144565,track2-msas
Kaikoura 2016,2016p858095,2016-11-13 11:53:41.745711+00:00,-41.72347641,174.2764282,5.0,5.320425248,track2-msas
Kaikoura 2016,2016p858109,2016-11-13 11:59:37.724515+00:00,-42.28684998,173.8170471,10.00060463,4.604215113,track2-msas
Kaikoura 2016,2016p858108,2016-11-13 12:00:23.493868+00:00,-41.86897278,173.9737244,9.116514206,4.565564635,track2-msas
Kaikoura 2016,2016p858110,2016-11-13 12:00:58.927088+00:00,-41.61247253,174.339035,5.0,4.131936778,track2-msas
Kaikoura 2016,2016p858115,2016-11-13 12:03:55.580497+00:00,-41.73196793,174.1649628,5.0,5.147072764,track2-msas
Kaikoura 2016,2016p858116,2016-11-13 12:04:13.879857+00:00,-41.66528702,174.3447266,10.04419327,5.07044771,track2-msas
Kaikoura 2016,2016p858117,2016-11-13 12:04:26.677522+00:00,-41.68189621,174.2514343,5.517437458000001,4.898313193,track2-msas
Kaikoura 2016,2016p858118,2016-11-13 12:06:39.670140+00:00,-42.58607864,172.8027191,0.5259768963,4.0323017,track2-msas
Kaikoura 2016,2016p858122,2016-11-13 12:07:29.743447+00:00,-42.14527512,173.6002655,12.27823734,4.632073733,track2-msas
Kaikoura 2016,2016p858126,2016-11-13 12:10:00.511199+00:00,-41.66382599,174.320816,6.702774525,4.560928896,track2-msas
Kaikoura 2016,2016p858128,2016-11-13 12:10:21.365947+00:00,-41.87003326,173.9710999,7.335517406,4.457834551,track2-msas
Kaikoura 2016,2016p858131,2016-11-13 12:11:45.849049+00:00,-41.93925476,174.2323914,5.0,4.38780776,track2-msas
Kaikoura 2016,2016p858134,2016-11-13 12:12:00.634556+00:00,-41.95685959,173.9850616,8.148046494,5.044006012,track2-msas
Kaikoura 2016,2016p858132,2016-11-13 12:13:21.543402+00:00,-41.79608154,173.9726105,11.559453009999999,4.496078218,track2-msas
Kaikoura 2016,2016p858133,2016-11-13 12:14:32.715775+00:00,-41.72147751,174.1812592,15.09668636,4.111741623,track2-msas
Kaikoura 2016,2016p858139,2016-11-13 12:16:27.332602+00:00,-41.84268951,174.0100708,12.37898064,4.180059381,track2-msas
Kaikoura 2016,2016p858144,2016-11-13 12:17:58.157044+00:00,-42.19194794,173.8181915,16.863706590000003,4.506975759,track2-msas
Kaikoura 2016,2016p858148,2016-11-13 12:19:10.028661+00:00,-41.66959763,174.2064667,9.420630455000001,3.837852419,track2-msas
Kaikoura 2016,2016p858145,2016-11-13 12:19:29.839126+00:00,-42.5918808,172.8708496,38.69797516,4.352516879,track2-msas
Kaikoura 2016,2016p858147,2016-11-13 12:20:40.905840+00:00,-42.28661728,173.9790192,9.752326965,5.033383097,track2-msas
Kaikoura 2016,2016p858146,2016-11-13 12:22:13.021861+00:00,-41.73374176,174.276062,5.199304581000001,5.102442812,track2-msas
Kaikoura 2016,2016p858149,2016-11-13 12:22:20.379748+00:00,-42.62676239,172.8751831,11.88705063,4.6252295,track2-msas
Kaikoura 2016,2016p858151,2016-11-13 12:23:09.937467+00:00,-42.45174408,173.1503754,10.00735474,5.184655113,track2-msas
Kaikoura 2016,2016p858152,2016-11-13 12:23:37.329714+00:00,-42.52782059,173.1630249,5.436423779,4.934253935,track2-msas
Kaikoura 2016,2016p858150,2016-11-13 12:24:25.072543+00:00,-42.43663406,173.2032928,8.100306511,4.618213367,track2-msas
Kaikoura 2016,2016p858156,2016-11-13 12:25:55.365623+00:00,-42.6702919,172.8690033,10.12402534,5.258754998,track2-msas
Kaikoura 2016,2016p858160,2016-11-13 12:28:00.311003+00:00,-42.32509232,173.736557,18.83562851,5.156143227,track2-msas
Kaikoura 2016,2016p858167,2016-11-13 12:31:23.345822+00:00,-41.86607742,174.1652374,7.252886295000001,4.554202607,track2-msas
Kaikoura 2016,2016p858168,2016-11-13 12:31:47.268002+00:00,-42.64306641,172.8258057,8.546375275,4.033911781,track2-msas
Kaikoura 2016,2016p858171,2016-11-13 12:32:21.969446+00:00,-42.27850342,173.4971466,5.0,4.40973561,track2-msas
Kaikoura 2016,2016p858170,2016-11-13 12:33:16.196472+00:00,-41.91569138,173.9768829,8.834962845,4.582711102,track2-msas
Kaikoura 2016,2016p858172,2016-11-13 12:34:18.628629+00:00,-42.62500381,172.9144745,13.33457756,4.129002677,track2-msas
Kaikoura 2016,2016p858166,2016-11-13 12:35:32.964572+00:00,-42.64937592,172.8868103,11.656558989999999,3.872181924,track2-msas
Kaikoura 2016,2016p858178,2016-11-13 12:37:44.960969+00:00,-42.40984726,173.3363647,6.058712959,4.839225459,track2-msas
Kaikoura 2016,2016p858180,2016-11-13 12:38:38.171456+00:00,-41.70980072,174.2624969,4.872344971,5.286243834,track2-msas
Kaikoura 2016,2016p858181,2016-11-13 12:39:56.577833+00:00,-41.85031128,173.9479828,12.0,3.847592104,track2-msas
Kaikoura 2016,2016p858184,2016-11-13 12:40:54.687701+00:00,-42.42881713,173.3327939,8.046875,4.850520403,track2-msas
Kaikoura 2016,2016p858185,2016-11-13 12:41:24.282092+00:00,-42.52948761,173.1735229,5.0,4.48586194,track2-msas
Kaikoura 2016,2016p858192,2016-11-13 12:45:10.450998+00:00,-42.49598694,173.2827759,7.0167074199999995,4.538374653,track2-msas
Kaikoura 2016,2016p858193,2016-11-13 12:45:43.381251+00:00,-41.76298904,174.2113647,5.0,4.596886409,track2-msas
Kaikoura 2016,2016p858195,2016-11-13 12:46:29.913233+00:00,-41.7205925,174.3026733,6.246483326,4.661830596,track2-msas
Kaikoura 2016,2016p858199,2016-11-13 12:48:34.339400+00:00,-42.29551315,173.7342377,16.41565514,4.4049695,track2-msas
Kaikoura 2016,2016p858206,2016-11-13 12:52:19.288318+00:00,-42.22275162,173.6719208,5.0,4.474042451,track2-msas
Kaikoura 2016,2016p858207,2016-11-13 12:52:52.722224+00:00,-42.14778519,173.581665,9.475849152,5.398860153,track2-msas
Kaikoura 2016,2016p858213,2016-11-13 12:56:17.108936+00:00,-42.54594803,173.7507935,6.0839667319999995,4.507018761,track2-msas
Kaikoura 2016,2016p858216,2016-11-13 12:56:53.254872+00:00,-41.84850311,174.1002502,13.828298570000001,3.859213021,track2-msas
Kaikoura 2016,2016p858217,2016-11-13 12:57:53.346089+00:00,-41.63564301,174.2409973,5.0,3.745814854,track2-msas
Kaikoura 2016,2016p858219,2016-11-13 12:58:30.459078+00:00,-41.94383621,174.2024078,5.0,4.011556623,track2-msas
Kaikoura 2016,2016p858218,2016-11-13 12:59:09.801172+00:00,-41.69551468,174.2755585,4.740044117,4.607072815,track2-msas
Kaikoura 2016,2016p858231,2016-11-13 13:04:39.524463+00:00,-41.71879959,174.2612152,6.9435343739999995,4.083870934,track2-msas
Kaikoura 2016,2016p858229,2016-11-13 13:04:59.029038+00:00,-41.74618912,174.2754517,4.65229702,4.410768692,track2-msas
Kaikoura 2016,2016p858230,2016-11-13 13:05:40.661088+00:00,-41.73857498,174.1779938,4.941074848,4.189668429,track2-msas
Kaikoura 2016,2016p858239,2016-11-13 13:09:59.242519+00:00,-41.77859879,174.1686096,8.631071090999999,4.050979359,track2-msas
Kaikoura 2016,2016p858244,2016-11-13 13:12:31.124074+00:00,-41.80104828,174.0092621,12.481574060000002,4.639006809,track2-msas
Kaikoura 2016,2016p858251,2016-11-13 13:14:35.859637+00:00,-42.03466415,174.0286407,5.770973682,3.999210952,track2-msas
Kaikoura 2016,2016p858250,2016-11-13 13:15:47.363281+00:00,-42.49452972,173.2635193,11.18840599,4.370798411,track2-msas
Kaikoura 2016,2016p858253,2016-11-13 13:17:15.970575+00:00,-41.71461105,174.262085,5.808275223,3.879529541,track2-msas
Kaikoura 2016,2016p858254,2016-11-13 13:17:48.250141+00:00,-42.34515381,173.8178558,11.63631344,4.667221807,track2-msas
Kaikoura 2016,2016p858255,2016-11-13 13:18:42.885572+00:00,-41.78564072,174.0699615,11.896868710000001,4.076679535,track2-msas
Kaikoura 2016,2016p858259,2016-11-13 13:20:39.210313+00:00,-41.688797,174.1843567,5.0,4.022824207,track2-msas
Kaikoura 2016,2016p858260,2016-11-13 13:21:11.086055+00:00,-41.79623795,174.2338867,5.0,5.804140771,track2-msas
Kaikoura 2016,2016p858268,2016-11-13 13:25:25.245108+00:00,-41.72200775,174.3761597,7.256168365000001,4.404020204,track2-msas
Kaikoura 2016,2016p858272,2016-11-13 13:26:58.015595+00:00,-41.73530579,174.1843262,20.49364662,3.400245741,track2-msas
Kaikoura 2016,2016p858271,2016-11-13 13:27:17.591710+00:00,-41.68173599,174.2166595,13.04690933,4.357351971,track2-msas
Kaikoura 2016,2016p858276,2016-11-13 13:29:43.277626+00:00,-41.74695206,174.2937775,5.727933407,4.523965964,track2-msas
Kaikoura 2016,2016p858279,2016-11-13 13:31:27.507278+00:00,-42.2741127,173.6455231,13.954163549999999,5.987634877,track2-msas
Kaikoura 2016,2016p858281,2016-11-13 13:33:38.485238+00:00,-42.2379303,173.8206482,5.0,4.405247551,track2-msas
Kaikoura 2016,2016p858286,2016-11-13 13:35:14.981870+00:00,-41.78201675,173.504425,18.09215927,3.992477392,track2-msas
Kaikoura 2016,2016p858290,2016-11-13 13:37:25.009296+00:00,-42.4613266,173.1970978,10.46934795,4.342912165,track2-msas
Kaikoura 2016,2016p858295,2016-11-13 13:38:25.226575+00:00,-41.9795723,173.8778687,5.0,3.770117059,track2-msas
Kaikoura 2016,2016p858296,2016-11-13 13:39:44.212933+00:00,-41.98872375,173.680481,5.707504272,3.981290707,track2-msas
Kaikoura 2016,2016p858298,2016-11-13 13:40:04.250782+00:00,-42.02533722,173.8137512,5.0,4.05386694,track2-msas
Kaikoura 2016,2016p858297,2016-11-13 13:41:02.407905+00:00,-41.95036316,174.0729218,4.805838585,4.140505981,track2-msas
Kaikoura 2016,2016p858300,2016-11-13 13:42:29.986564+00:00,-42.28810883,173.6781006,10.78446865,4.20705136,track2-msas
Kaikoura 2016,2016p858301,2016-11-13 13:43:03.216224+00:00,-42.05459595,173.8029327,11.07826233,4.231708975,track2-msas
Kaikoura 2016,2016p858305,2016-11-13 13:44:23.978697+00:00,-42.22655106,173.7473755,5.0,4.054174361,track2-msas
Kaikoura 2016,2016p858304,2016-11-13 13:44:51.912022+00:00,-41.65490723,174.1441956,9.925386429,3.962491353,track2-msas
Kaikoura 2016,2016p858307,2016-11-13 13:46:15.417660+00:00,-42.15080643,173.6315765,5.0,4.284513558,track2-msas
Kaikoura 2016,2016p858309,2016-11-13 13:46:51.007771+00:00,-42.51102066,173.2125549,13.08431721,4.135344083,track2-msas
Kaikoura 2016,2016p858312,2016-11-13 13:49:09.679230+00:00,-41.70110703,174.2788391,6.57918644,4.035213074,track2-msas
Kaikoura 2016,2016p858314,2016-11-13 13:50:01.248764+00:00,-41.75642014,174.2903137,5.193205833,5.044271231,track2-msas
Kaikoura 2016,2016p858321,2016-11-13 13:53:36.260706+00:00,-41.84092331,174.1635132,7.0,4.635579971,track2-msas
Kaikoura 2016,2016p858323,2016-11-13 13:54:39.280566+00:00,-42.33499527,174.0606384,8.568597793999999,4.532750405,track2-msas
Kaikoura 2016,2016p858327,2016-11-13 13:56:42.490541+00:00,-42.64139175,172.7759094,11.20367908,4.149212513,track2-msas
Kaikoura 2016,2016p858329,2016-11-13 13:58:08.341242+00:00,-41.7834549,174.2169647,12.33386326,3.979479827,track2-msas
Kaikoura 2016,2016p858330,2016-11-13 13:58:36.141075+00:00,-42.22372437,173.5831604,8.0,4.014297845,track2-msas
Kaikoura 2016,2016p858331,2016-11-13 13:58:57.362940+00:00,-42.54875565,173.3216705,14.798880579999999,3.528456416,track2-msas
Kaikoura 2016,2016p858332,2016-11-13 13:59:42.681080+00:00,-42.55233002,173.4058685,11.929708479999999,4.376669416,track2-msas
Kaikoura 2016,2016p858334,2016-11-13 14:00:27.531376+00:00,-42.04532242,173.8656921,5.0,4.259083295,track2-msas
Kaikoura 2016,2016p858335,2016-11-13 14:01:23.031852+00:00,-42.02679062,173.6488647,9.78265667,4.186603543,track2-msas
Kaikoura 2016,2016p858337,2016-11-13 14:03:41.133951+00:00,-41.76478195,174.2087555,9.17606163,3.9735962,track2-msas
Kaikoura 2016,2016p858338,2016-11-13 14:04:03.942804+00:00,-42.42387772,173.3104095,27.06696129,4.427011559,track2-msas
Kaikoura 2016,2016p858340,2016-11-13 14:04:23.670948+00:00,-42.59799576,173.0162811,11.86807919,5.140240672,track2-msas
Kaikoura 2016,2016p858341,2016-11-13 14:05:20.899934+00:00,-42.25891495,173.9133453,5.0,4.371502389,track2-msas
Kaikoura 2016,2016p858343,2016-11-13 14:06:26.770701+00:00,-42.17938995,173.7006836,5.0,3.842743306,track2-msas
Kaikoura 2016,2016p858347,2016-11-13 14:07:23.088291+00:00,-42.67722321,172.777359,8.511013985,4.758805722,track2-msas
Kaikoura 2016,2016p858348,2016-11-13 14:08:10.595897+00:00,-41.78155136,174.0567932,11.04689407,4.324383602,track2-msas
Kaikoura 2016,2016p858352,2016-11-13 14:08:42.593612+00:00,-42.65197372,172.7860413,5.0,4.665203958,track2-msas
Kaikoura 2016,2016p858351,2016-11-13 14:09:28.886123+00:00,-41.73537064,174.3340607,6.467542647999999,4.65128805,track2-msas
Kaikoura 2016,2016p858354,2016-11-13 14:11:00.373680+00:00,-41.82044601,174.0729218,6.727848053,4.088855222,track2-msas
Kaikoura 2016,2016p858356,2016-11-13 14:12:29.127984+00:00,-41.81515884,174.2026672,4.60449028,4.515065929,track2-msas
Norcia 2016,8864001,2016-10-30 06:48:27.140000+00:00,42.7833,13.1642,10.6,3.7,track2-msas
Norcia 2016,8864031,2016-10-30 06:48:52.630000+00:00,42.6867,13.198,9.5,3.9,track2-msas
Norcia 2016,8864121,2016-10-30 06:50:43.710000+00:00,42.8068,13.1952,10.5,3.6,track2-msas
Norcia 2016,8864161,2016-10-30 06:51:14.270000+00:00,42.8933,13.0772,9.1,3.7,track2-msas
Norcia 2016,8864141,2016-10-30 06:51:55.310000+00:00,42.7832,13.1297,10.1,3.6,track2-msas
Norcia 2016,8864181,2016-10-30 06:53:13.130000+00:00,42.8188,13.0952,10.6,3.3,track2-msas
Norcia 2016,8864221,2016-10-30 06:53:54.850000+00:00,42.7618,13.1653,10.9,3.1,track2-msas
Norcia 2016,8864191,2016-10-30 06:54:46.760000+00:00,42.7958,13.209,11.3,2.8,track2-msas
Norcia 2016,8864241,2016-10-30 06:55:41.040000+00:00,42.7137,13.1953,11.0,3.6,track2-msas
Norcia 2016,8864271,2016-10-30 06:55:54.160000+00:00,42.7513,13.2273,10.7,4.1,track2-msas
Norcia 2016,8864261,2016-10-30 06:56:05.760000+00:00,42.7997,13.1095,10.3,4.2,track2-msas
Norcia 2016,8864341,2016-10-30 06:56:38.110000+00:00,42.8437,13.1453,9.7,3.5,track2-msas
Norcia 2016,8864441,2016-10-30 06:57:21.570000+00:00,42.8612,13.0923,9.5,3.8,track2-msas
Norcia 2016,8864381,2016-10-30 06:58:02.960000+00:00,42.9078,13.1008,7.3,3.2,track2-msas
Norcia 2016,8864561,2016-10-30 06:59:31.400000+00:00,42.8812,13.142,10.0,3.9,track2-msas
Norcia 2016,8864611,2016-10-30 06:59:45.450000+00:00,42.8308,13.1903,12.5,3.6,track2-msas
Norcia 2016,8864661,2016-10-30 07:00:40.240000+00:00,42.8778,13.0523,9.8,3.8,track2-msas
Norcia 2016,8864641,2016-10-30 07:00:53.760000+00:00,42.8368,13.072,9.0,3.2,track2-msas
Norcia 2016,8864691,2016-10-30 07:01:32.630000+00:00,42.7777,13.2213,8.2,4.0,track2-msas
Norcia 2016,8864741,2016-10-30 07:03:22.580000+00:00,42.8067,13.1207,10.7,3.9,track2-msas
Norcia 2016,8864841,2016-10-30 07:04:59.380000+00:00,42.8273,13.0602,10.0,3.8,track2-msas
Norcia 2016,8864881,2016-10-30 07:05:56.270000+00:00,42.7937,13.1568,8.3,4.0,track2-msas
Norcia 2016,8864921,2016-10-30 07:06:45.180000+00:00,42.8747,13.0583,9.6,3.8,track2-msas
Norcia 2016,8864961,2016-10-30 07:07:10.230000+00:00,42.7938,13.1543,10.3,3.2,track2-msas
Norcia 2016,8864991,2016-10-30 07:07:53.690000+00:00,42.7163,13.1902,10.2,4.1,track2-msas
Norcia 2016,8865031,2016-10-30 07:08:25.260000+00:00,42.8163,13.158,9.3,3.7,track2-msas
Norcia 2016,8865061,2016-10-30 07:08:35.440000+00:00,42.7133,13.1412,9.7,4.2,track2-msas
Norcia 2016,8865211,2016-10-30 07:09:24.350000+00:00,42.8603,13.0558,9.8,3.5,track2-msas
Norcia 2016,8865151,2016-10-30 07:10:06.380000+00:00,42.8043,13.1048,10.5,3.7,track2-msas
Norcia 2016,8865171,2016-10-30 07:10:39.360000+00:00,42.6807,13.2987,11.1,2.9,track2-msas
Norcia 2016,8865251,2016-10-30 07:12:53.530000+00:00,42.7937,13.1002,11.0,3.0,track2-msas
Norcia 2016,8865281,2016-10-30 07:13:05.200000+00:00,42.6943,13.2248,10.5,4.2,track2-msas
Norcia 2016,8865391,2016-10-30 07:13:37.930000+00:00,42.7687,13.2307,11.1,3.5,track2-msas
Norcia 2016,8865341,2016-10-30 07:14:00.680000+00:00,42.6823,13.2267,10.6,3.8,track2-msas
Norcia 2016,8865381,2016-10-30 07:14:21.360000+00:00,42.8157,13.0982,10.7,3.3,track2-msas
Norcia 2016,8865441,2016-10-30 07:15:53.750000+00:00,42.8593,13.0773,10.2,3.6,track2-msas
Norcia 2016,8865451,2016-10-30 07:16:00.560000+00:00,42.7342,13.1613,9.6,3.4,track2-msas
Norcia 2016,8865501,2016-10-30 07:16:34.570000+00:00,42.7218,13.1943,8.8,3.5,track2-msas
Norcia 2016,8865601,2016-10-30 07:19:54.660000+00:00,42.8253,13.0915,10.5,3.5,track2-msas
Norcia 2016,8865681,2016-10-30 07:21:06.730000+00:00,43.0543,13.0608,9.5,2.9,track2-msas
Norcia 2016,8865741,2016-10-30 07:21:26.800000+00:00,42.8743,13.1225,9.4,3.2,track2-msas
Norcia 2016,8865791,2016-10-30 07:22:50.840000+00:00,42.8573,13.0602,8.9,3.1,track2-msas
Norcia 2016,8865821,2016-10-30 07:23:21.870000+00:00,42.851,13.0875,10.5,3.0,track2-msas
Norcia 2016,8865841,2016-10-30 07:23:40.600000+00:00,42.7827,13.1348,10.7,3.5,track2-msas
Norcia 2016,8865901,2016-10-30 07:24:38.030000+00:00,42.7283,13.2223,7.7,3.8,track2-msas
Norcia 2016,8865911,2016-10-30 07:25:08.210000+00:00,42.8688,13.0927,10.4,3.2,track2-msas
Norcia 2016,8865981,2016-10-30 07:25:42.730000+00:00,42.8602,13.0287,13.1,2.6,track2-msas
Norcia 2016,8866001,2016-10-30 07:26:55.060000+00:00,42.767,13.1967,12.3,2.5,track2-msas
Norcia 2016,8866011,2016-10-30 07:27:10.420000+00:00,42.7263,13.1823,8.0,2.9,track2-msas
Norcia 2016,8866051,2016-10-30 07:28:00.830000+00:00,42.8873,13.13,7.2,3.3,track2-msas
Norcia 2016,8866141,2016-10-30 07:28:39.870000+00:00,42.784,13.1898,8.7,3.4,track2-msas
Norcia 2016,8866211,2016-10-30 07:29:39.470000+00:00,42.8032,13.0963,10.6,3.0,track2-msas
Norcia 2016,8866261,2016-10-30 07:30:12.960000+00:00,42.8032,13.08,10.3,3.6,track2-msas
Norcia 2016,8866341,2016-10-30 07:31:08.320000+00:00,42.8033,13.0842,10.4,3.3,track2-msas
Norcia 2016,8866371,2016-10-30 07:31:50.570000+00:00,42.8012,13.0612,10.5,2.6,track2-msas
Norcia 2016,8866381,2016-10-30 07:32:10.060000+00:00,42.8997,13.1707,6.0,2.9,track2-msas
Norcia 2016,8866451,2016-10-30 07:32:31.850000+00:00,42.7303,13.2512,12.8,3.1,track2-msas
Norcia 2016,8866411,2016-10-30 07:32:56.450000+00:00,42.7477,13.0762,10.4,3.1,track2-msas
Norcia 2016,8866511,2016-10-30 07:33:12.010000+00:00,42.7603,13.0665,10.4,2.9,track2-msas
Norcia 2016,8866461,2016-10-30 07:34:01.600000+00:00,42.7678,13.1615,10.4,3.0,track2-msas
Norcia 2016,8866521,2016-10-30 07:34:47.900000+00:00,42.9273,13.1328,9.5,4.0,track2-msas
Norcia 2016,8866601,2016-10-30 07:36:50.630000+00:00,42.7013,13.2945,18.7,2.7,track2-msas
Norcia 2016,8866591,2016-10-30 07:36:57.770000+00:00,42.8812,13.2717,9.2,3.1,track2-msas
Norcia 2016,8866631,2016-10-30 07:37:20.230000+00:00,42.8837,13.1027,8.7,3.7,track2-msas
Norcia 2016,8866661,2016-10-30 07:38:45.420000+00:00,42.739,13.152,9.8,3.3,track2-msas
Norcia 2016,8866681,2016-10-30 07:38:59.030000+00:00,42.6822,13.1567,10.7,4.0,track2-msas
Norcia 2016,8866781,2016-10-30 07:40:18.680000+00:00,42.8242,13.0985,10.8,2.8,track2-msas
Norcia 2016,8866821,2016-10-30 07:40:32.610000+00:00,42.7778,13.1773,7.9,3.6,track2-msas
Norcia 2016,8866851,2016-10-30 07:40:48.550000+00:00,42.8063,13.152,10.3,3.1,track2-msas
Norcia 2016,8866891,2016-10-30 07:41:07.140000+00:00,42.8587,13.0567,10.1,3.6,track2-msas
Norcia 2016,8866941,2016-10-30 07:42:01.620000+00:00,42.9285,13.1977,6.8,2.9,track2-msas
Norcia 2016,8866971,2016-10-30 07:42:16.360000+00:00,42.7772,13.1825,9.2,3.3,track2-msas
Norcia 2016,8867001,2016-10-30 07:42:45.350000+00:00,42.6682,13.3028,16.9,3.5,track2-msas
Norcia 2016,8867011,2016-10-30 07:42:56.570000+00:00,42.7427,13.1807,8.7,3.7,track2-msas
Norcia 2016,8867061,2016-10-30 07:44:05.350000+00:00,42.8475,13.0722,10.1,3.0,track2-msas
Norcia 2016,8867141,2016-10-30 07:44:15.560000+00:00,42.9378,13.194,6.8,3.5,track2-msas
Norcia 2016,8867111,2016-10-30 07:44:29.650000+00:00,42.9338,13.2072,3.0,3.4,track2-msas
Norcia 2016,8867121,2016-10-30 07:44:45.590000+00:00,42.8097,13.1407,10.8,3.6,track2-msas
Norcia 2016,8867161,2016-10-30 07:45:03+00:00,42.8332,13.0402,9.7,3.6,track2-msas
Norcia 2016,8867181,2016-10-30 07:46:09.880000+00:00,42.8553,13.1083,9.6,2.9,track2-msas
Norcia 2016,8867221,2016-10-30 07:46:43.510000+00:00,42.9333,13.192,6.6,3.3,track2-msas
Norcia 2016,8867381,2016-10-30 07:47:32.740000+00:00,42.8467,13.0725,10.5,3.0,track2-msas
Norcia 2016,8867421,2016-10-30 07:47:58.120000+00:00,42.7228,13.1468,12.9,2.9,track2-msas
Norcia 2016,8867461,2016-10-30 07:48:33.180000+00:00,42.7878,13.0965,10.5,2.6,track2-msas
Norcia 2016,8867471,2016-10-30 07:48:51.670000+00:00,42.7113,13.2135,13.0,2.6,track2-msas
Norcia 2016,8867501,2016-10-30 07:49:17.020000+00:00,42.9177,13.151,8.1,3.3,track2-msas
Norcia 2016,8867591,2016-10-30 07:50:04.620000+00:00,42.9328,13.1943,3.9,3.0,track2-msas
Norcia 2016,8867621,2016-10-30 07:51:17.220000+00:00,42.8525,13.0862,10.4,2.9,track2-msas
Norcia 2016,8867651,2016-10-30 07:51:41.150000+00:00,42.8887,13.164,7.4,3.3,track2-msas
Norcia 2016,8867761,2016-10-30 07:52:49.470000+00:00,42.7293,13.2038,12.8,2.5,track2-msas
Norcia 2016,8867801,2016-10-30 07:53:01.090000+00:00,42.8852,13.0418,10.3,2.9,track2-msas
Norcia 2016,8867831,2016-10-30 07:53:31.760000+00:00,42.7668,13.1447,7.6,3.3,track2-msas
Norcia 2016,8867881,2016-10-30 07:55:04.990000+00:00,42.777,13.163,10.2,2.8,track2-msas
Norcia 2016,8867911,2016-10-30 07:55:30.350000+00:00,42.7867,13.1223,10.9,3.2,track2-msas
Norcia 2016,8867951,2016-10-30 07:55:59.540000+00:00,42.9017,13.1887,7.3,3.4,track2-msas
Norcia 2016,8868011,2016-10-30 07:56:07.330000+00:00,42.8415,13.061,10.6,3.2,track2-msas
Norcia 2016,8868031,2016-10-30 07:57:12.160000+00:00,42.6997,13.1882,10.3,3.0,track2-msas
Norcia 2016,8868071,2016-10-30 07:57:55.090000+00:00,42.7998,13.1482,9.9,2.9,track2-msas
Norcia 2016,8868141,2016-10-30 07:59:17.150000+00:00,42.7867,13.0865,10.3,3.5,track2-msas
Norcia 2016,8868191,2016-10-30 08:00:09.110000+00:00,42.9125,13.1747,4.6,3.4,track2-msas
Norcia 2016,8868181,2016-10-30 08:00:09.490000+00:00,42.7967,13.122,10.1,3.5,track2-msas
Norcia 2016,8868231,2016-10-30 08:00:27.620000+00:00,42.8223,13.0708,10.2,2.8,track2-msas
Norcia 2016,8868261,2016-10-30 08:01:57.390000+00:00,42.7168,13.264,10.2,2.8,track2-msas
Norcia 2016,8868301,2016-10-30 08:02:40.100000+00:00,42.8313,13.0748,10.3,3.3,track2-msas
Norcia 2016,8868351,2016-10-30 08:03:05.330000+00:00,42.7918,13.0775,10.5,3.2,track2-msas
Norcia 2016,8868401,2016-10-30 08:03:41.550000+00:00,42.853,13.0562,10.0,2.8,track2-msas
Norcia 2016,8868381,2016-10-30 08:03:49.870000+00:00,42.7108,13.2302,10.5,3.2,track2-msas
Norcia 2016,8868391,2016-10-30 08:03:59.820000+00:00,42.8032,13.213,6.5,3.2,track2-msas
Norcia 2016,8868491,2016-10-30 08:05:01.780000+00:00,42.921,13.0878,8.6,3.2,track2-msas
Norcia 2016,8868601,2016-10-30 08:07:59.200000+00:00,42.9342,13.1923,5.8,3.0,track2-msas
Norcia 2016,8868711,2016-10-30 08:09:56.990000+00:00,42.7833,13.0312,9.5,3.0,track2-msas
Norcia 2016,8868731,2016-10-30 08:10:31.130000+00:00,42.6957,13.1292,15.6,2.5,track2-msas
Norcia 2016,8868791,2016-10-30 08:10:51.110000+00:00,42.8593,13.0505,9.8,3.5,track2-msas
Norcia 2016,8868821,2016-10-30 08:12:07.730000+00:00,42.7558,13.1652,11.9,2.8,track2-msas
Norcia 2016,8868861,2016-10-30 08:12:23.350000+00:00,42.9403,13.1848,5.2,3.1,track2-msas
Norcia 2016,8868891,2016-10-30 08:13:04.730000+00:00,42.8928,13.1535,8.0,3.5,track2-msas
Norcia 2016,8869001,2016-10-30 08:15:42.480000+00:00,42.8703,13.0548,9.3,2.6,track2-msas
Norcia 2016,8869041,2016-10-30 08:16:33.690000+00:00,42.8832,13.0365,9.3,3.0,track2-msas
Norcia 2016,8869031,2016-10-30 08:16:41.030000+00:00,42.929,13.1897,4.9,3.3,track2-msas
Norcia 2016,8869081,2016-10-30 08:17:40.330000+00:00,42.844,13.0797,10.8,2.8,track2-msas
Norcia 2016,8869141,2016-10-30 08:19:02.010000+00:00,42.713,13.1912,12.0,2.5,track2-msas
Norcia 2016,8869181,2016-10-30 08:19:39.690000+00:00,42.9068,13.1837,6.4,3.2,track2-msas
Norcia 2016,8869211,2016-10-30 08:21:01.640000+00:00,42.7528,13.1983,10.2,2.6,track2-msas
Norcia 2016,8869241,2016-10-30 08:21:54.930000+00:00,42.8277,13.1128,10.5,3.5,track2-msas
Norcia 2016,8869281,2016-10-30 08:22:52.120000+00:00,42.7287,13.1367,9.7,3.7,track2-msas
Norcia 2016,8869341,2016-10-30 08:24:05.520000+00:00,42.7987,13.1588,10.6,2.7,track2-msas
Norcia 2016,8869381,2016-10-30 08:24:35.180000+00:00,42.7762,13.0708,10.5,3.5,track2-msas
Norcia 2016,8869411,2016-10-30 08:25:34.950000+00:00,42.8552,13.0748,10.2,2.6,track2-msas
Norcia 2016,8869481,2016-10-30 08:26:57.680000+00:00,42.7188,13.1952,13.3,2.9,track2-msas
Norcia 2016,8869581,2016-10-30 08:28:48.260000+00:00,42.7392,13.0933,11.0,2.6,track2-msas
Norcia 2016,8869601,2016-10-30 08:29:28.730000+00:00,42.672,13.183,11.5,2.8,track2-msas
Norcia 2016,8869711,2016-10-30 08:31:06.710000+00:00,42.8848,13.1008,9.9,3.5,track2-msas
Norcia 2016,8869771,2016-10-30 08:32:00.820000+00:00,42.9003,13.1557,6.4,3.7,track2-msas
Norcia 2016,8869791,2016-10-30 08:32:59.900000+00:00,42.8202,13.1602,10.1,2.8,track2-msas
Norcia 2016,8869841,2016-10-30 08:34:02.960000+00:00,42.67,13.301,18.2,2.9,track2-msas
Norcia 2016,8869861,2016-10-30 08:34:21.840000+00:00,42.8603,13.0538,10.3,3.8,track2-msas
Norcia 2016,8869911,2016-10-30 08:35:07.670000+00:00,42.9108,13.2362,4.2,3.2,track2-msas
Norcia 2016,8869961,2016-10-30 08:35:26.600000+00:00,42.7602,13.1418,11.1,3.2,track2-msas
Norcia 2016,8870011,2016-10-30 08:35:58.560000+00:00,42.8367,13.0788,10.3,4.3,track2-msas
Norcia 2016,8870181,2016-10-30 08:37:04.220000+00:00,42.7405,13.261,9.3,3.8,track2-msas
Norcia 2016,8870221,2016-10-30 08:37:55.860000+00:00,42.7847,13.0333,9.6,3.1,track2-msas
Norcia 2016,8870291,2016-10-30 08:38:54.860000+00:00,42.8183,13.0777,10.7,2.8,track2-msas
Norcia 2016,8870421,2016-10-30 08:41:19.810000+00:00,42.895,13.1898,8.2,3.6,track2-msas
Norcia 2016,8870461,2016-10-30 08:42:53.640000+00:00,42.7653,13.2198,8.7,3.2,track2-msas
Norcia 2016,8870491,2016-10-30 08:43:26.490000+00:00,42.7685,13.0678,10.0,2.9,track2-msas
Norcia 2016,8870511,2016-10-30 08:43:59.870000+00:00,42.7977,13.1308,10.0,2.7,track2-msas
Norcia 2016,8870591,2016-10-30 08:45:38.050000+00:00,42.8157,13.151,9.9,3.0,track2-msas
Norcia 2016,8870701,2016-10-30 08:46:01.020000+00:00,42.665,13.2302,11.2,2.4,track2-msas
Norcia 2016,8870631,2016-10-30 08:46:19.220000+00:00,42.8318,13.0825,10.5,2.5,track2-msas
Norcia 2016,8870761,2016-10-30 08:47:47.620000+00:00,42.7472,13.2002,10.5,2.7,track2-msas
Norcia 2016,8870831,2016-10-30 08:48:49.810000+00:00,42.9018,13.1517,7.5,3.4,track2-msas
Norcia 2016,8870841,2016-10-30 08:49:13.210000+00:00,42.8808,13.1878,5.5,3.2,track2-msas
Thessaly 2021,noa2021eigwp,2021-03-03 10:23:08.538873+00:00,39.69268799,22.16400146,7.562133789000001,4.083446679,track2-msas
Thessaly 2021,noa2021eigxy,2021-03-03 10:24:41.848409+00:00,39.71832275,22.16217041,6.820515951,3.839514153,track2-msas
Thessaly 2021,noa2021eigzj,2021-03-03 10:26:18.744295+00:00,39.67025757,22.20199585,8.146870931,4.138390336,track2-msas
Thessaly 2021,noa2021eiham,2021-03-03 10:27:38.727703+00:00,39.75128174,22.18231201,5.736612956,3.603324541,track2-msas
Thessaly 2021,noa2021eihcx,2021-03-03 10:30:30.142945+00:00,39.79660034,22.16262817,12.65362549,3.518443174,track2-msas
Thessaly 2021,noa2021eihfk,2021-03-03 10:33:25.128045+00:00,39.78561401,22.2038269,14.36505127,3.238822243,track2-msas
Thessaly 2021,noa2021eihga,2021-03-03 10:34:08.191997+00:00,39.72702026,22.28347778,8.014261882,4.888175304,track2-msas
Thessaly 2021,noa2021eihhv,2021-03-03 10:36:13.643987+00:00,39.6697998,22.28210449,6.734944661,3.479228475,track2-msas
Thessaly 2021,noa2021eihip,2021-03-03 10:37:07.454546+00:00,39.7013855,22.22671509,9.145202637,3.323425041,track2-msas
Thessaly 2021,noa2021eihmo,2021-03-03 10:41:44.790521+00:00,39.73846436,22.11090088,10.18631999,3.216341038,track2-msas
Thessaly 2021,noa2021eihst,2021-03-03 10:48:56.774330+00:00,39.75631714,22.12509155,11.997578939999999,3.614390835,track2-msas
Thessaly 2021,noa2021eihxg,2021-03-03 10:54:12.949412+00:00,39.7769165,22.20428467,6.021850585999999,3.071908327,track2-msas
Thessaly 2021,noa2021eihyg,2021-03-03 10:55:21.482250+00:00,39.80895996,22.07336426,11.18465169,2.88238558,track2-msas
Thessaly 2021,noa2021eihzv,2021-03-03 10:57:12.657443+00:00,39.74899292,22.11959839,7.262634277,3.028368314,track2-msas
Thessaly 2021,noa2021eiihy,2021-03-03 11:06:40.410289+00:00,39.72793579,22.20291138,9.316345215,3.239621478,track2-msas
Thessaly 2021,noa2021eiimh,2021-03-03 11:11:44.610288+00:00,39.73114014,22.16949463,9.216512044,3.660851689,track2-msas
Thessaly 2021,noa2021eiind,2021-03-03 11:12:22.370628+00:00,39.77554321,22.21298218,5.807922362999999,4.257675523,track2-msas
Thessaly 2021,noa2021eiioq,2021-03-03 11:14:28.145984+00:00,39.81582642,22.09396362,8.859965007000001,3.114315929,track2-msas
Thessaly 2021,noa2021eiipn,2021-03-03 11:15:31.535280+00:00,39.69085693,22.25006104,5.907755534,3.176376287,track2-msas
Thessaly 2021,noa2021eiiso,2021-03-03 11:19:02.042925+00:00,39.74578857,22.21893311,9.387654622,4.031036784,track2-msas
Thessaly 2021,noa2021eiiuk,2021-03-03 11:21:13.003566+00:00,39.71832275,22.1786499,17.14611816,2.5730614,track2-msas
Thessaly 2021,noa2021eiiwh,2021-03-03 11:23:23.053044+00:00,39.75265503,22.12875366,8.118347168,3.038200768,track2-msas
Thessaly 2021,noa2021eiixk,2021-03-03 11:24:41.105298+00:00,39.68353271,22.22991943,8.98832194,2.668894064,track2-msas
Thessaly 2021,noa2021eiiyc,2021-03-03 11:25:29.804985+00:00,39.71694946,22.21755981,10.37172445,2.833589077,track2-msas
Thessaly 2021,noa2021eijac,2021-03-03 11:27:49.085253+00:00,39.75402832,22.2052002,8.104085286,3.523153609,track2-msas
Thessaly 2021,noa2021eijdw,2021-03-03 11:32:12.363193+00:00,39.73617554,22.26242065,7.490824382,3.197970924,track2-msas
Thessaly 2021,noa2021eijfo,2021-03-03 11:34:11.539461+00:00,39.73114014,22.12005615,6.192993164000001,3.553263283,track2-msas
Thessaly 2021,noa2021eijgj,2021-03-03 11:35:08.771026+00:00,39.73709106,22.19100952,7.014261882,3.847529097,track2-msas
Thessaly 2021,noa2021eijgu,2021-03-03 11:35:57.035628+00:00,39.70001221,22.23175049,6.454711914000001,4.784802867,track2-msas
Thessaly 2021,noa2021eijky,2021-03-03 11:40:43.406427+00:00,39.73617554,22.15988159,9.002583822,3.776045982,track2-msas
Thessaly 2021,noa2021eijmp,2021-03-03 11:42:24.226418+00:00,39.79156494,22.49542236,14.63602702,2.44611287,track2-msas
Thessaly 2021,noa2021eijpm,2021-03-03 11:45:45.987164+00:00,39.69955444,22.24777222,7.148539225,5.045984774,track2-msas
Thessaly 2021,noa2021eijsi,2021-03-03 11:49:03.922206+00:00,39.70413208,22.27890015,7.690490723,4.540993141,track2-msas
Thessaly 2021,noa2021eijuv,2021-03-03 11:52:01.066462+00:00,39.7315979,22.12692261,10.62843831,3.056255618,track2-msas
Thessaly 2021,noa2021eijvi,2021-03-03 11:52:35.901816+00:00,39.70367432,22.22259521,7.048706054999999,3.546760055,track2-msas
Thessaly 2021,noa2021eijyc,2021-03-03 11:55:47.717432+00:00,39.72930908,22.12005615,15.20650228,2.526487957,track2-msas
Thessaly 2021,noa2021eijzw,2021-03-03 11:57:49.912398+00:00,39.67941284,22.24227905,7.633443196999999,3.002116396,track2-msas
Thessaly 2021,noa2021eikay,2021-03-03 11:59:07.032691+00:00,39.67941284,22.23220825,7.014261882,3.295140039,track2-msas
Thessaly 2021,noa2021eikdy,2021-03-03 12:02:37.605592+00:00,39.77554321,22.16171265,9.801249186,3.836972743,track2-msas
Thessaly 2021,noa2021eikhu,2021-03-03 12:07:04.067153+00:00,39.71099854,22.16217041,12.63936361,2.904753448,track2-msas
Thessaly 2021,noa2021eikht,2021-03-03 12:08:09.377740+00:00,39.75311279,22.09991455,12.29707845,2.973342484,track2-msas
Thessaly 2021,noa2021eikmc,2021-03-03 12:12:08.480868+00:00,39.72518921,22.13516235,8.51767985,2.525135014,track2-msas
Thessaly 2021,noa2021eikqg,2021-03-03 12:16:58.370092+00:00,39.66751099,22.17178345,6.8062540689999995,2.60707903,track2-msas
Thessaly 2021,noa2021eikta,2021-03-03 12:20:09.581908+00:00,39.68948364,22.26425171,8.660298665000001,2.831497909,track2-msas
Thessaly 2021,noa2021eiksz,2021-03-03 12:21:01.395976+00:00,39.71832275,22.12921143,5.96480306,2.804000191,track2-msas
Thessaly 2021,noa2021eikwk,2021-03-03 12:24:09.867741+00:00,39.70275879,22.2052002,12.78198242,3.038593468,track2-msas
Thessaly 2021,noa2021eikyd,2021-03-03 12:26:10.990650+00:00,39.66842651,22.19741821,7.804585775,3.302290272,track2-msas
Thessaly 2021,noa2021eilcs,2021-03-03 12:31:28.925027+00:00,39.64920044,22.2038269,8.375061035,3.023532578,track2-msas
Thessaly 2021,noa2021eildy,2021-03-03 12:32:57.005820+00:00,39.69497681,22.27706909,5.922017415,3.17514911,track2-msas
Thessaly 2021,noa2021eilgb,2021-03-03 12:35:24.053519+00:00,39.68307495,22.21572876,5.922017415,2.275190715,track2-msas
Thessaly 2021,noa2021eilgv,2021-03-03 12:36:18.310589+00:00,39.6913147,22.23403931,11.68381755,2.9139395,track2-msas
Thessaly 2021,noa2021eilia,2021-03-03 12:37:41.805823+00:00,39.62356567,22.20748901,13.02443441,2.647478518,track2-msas
Thessaly 2021,noa2021eilnu,2021-03-03 12:44:24.761706+00:00,39.70550537,22.1786499,6.535278320000001,2.470131116,track2-msas
Thessaly 2021,noa2021eilpx,2021-03-03 12:46:52.891316+00:00,39.77966309,22.09533691,5.9362792970000005,2.432929811,track2-msas
Thessaly 2021,noa2021eilrl,2021-03-03 12:48:21.754928+00:00,39.76547241,22.14523315,7.8331095379999995,3.460470858,track2-msas
Thessaly 2021,noa2021eilvk,2021-03-03 12:53:15.887277+00:00,39.76135254,22.18322754,16.66121419,2.109740166,track2-msas
Thessaly 2021,noa2021eilwr,2021-03-03 12:54:45.007362+00:00,39.80987549,22.14752197,5.96480306,3.393705338,track2-msas
Thessaly 2021,noa2021eimbe,2021-03-03 12:59:59.715908+00:00,39.70321655,22.20108032,10.25762939,2.372906376,track2-msas
Thessaly 2021,noa2021eimdo,2021-03-03 13:02:47.258567+00:00,39.64828491,22.21481323,8.917012533,2.493093385,track2-msas
Thessaly 2021,noa2021eimhn,2021-03-03 13:07:12.763789+00:00,39.68307495,22.21298218,11.11334229,2.853159545,track2-msas
Thessaly 2021,noa2021eimho,2021-03-03 13:07:39.703729+00:00,39.74075317,22.18643188,7.66196696,2.486696278,track2-msas
Thessaly 2021,noa2021eimhp,2021-03-03 13:07:49.456748+00:00,39.68765259,22.16445923,12.197245279999999,2.636311004,track2-msas
Thessaly 2021,noa2021eimis,2021-03-03 13:08:46.510279+00:00,39.78012085,22.06283569,8.917012533,2.891676891,track2-msas
Thessaly 2021,noa2021eimjd,2021-03-03 13:09:17.262954+00:00,39.72839355,22.17956543,10.38598633,2.256348955,track2-msas
Thessaly 2021,noa2021eimnt,2021-03-03 13:14:41.235409+00:00,39.67300415,22.27615356,9.573059082,2.132217949,track2-msas
Thessaly 2021,noa2021eimoi,2021-03-03 13:15:19.724772+00:00,39.7517395,22.11410522,15.22076416,2.627264169,track2-msas
Thessaly 2021,noa2021eimor,2021-03-03 13:15:45.692602+00:00,39.57000732,22.01385498,22.62268066,2.806728089,track2-msas
Thessaly 2021,noa2021eimpk,2021-03-03 13:16:37.192120+00:00,39.71603394,22.22763062,10.28615316,2.301340196,track2-msas
Thessaly 2021,noa2021eimqv,2021-03-03 13:18:16.227583+00:00,39.7215271,22.19833374,6.749206543000001,2.696145515,track2-msas
Thessaly 2021,noa2021eimrp,2021-03-03 13:19:10.381170+00:00,39.77600098,22.17590332,4.9094238279999995,2.223660583,track2-msas
Thessaly 2021,noa2021eimsa,2021-03-03 13:19:37.898702+00:00,39.6963501,22.14385986,15.54878743,2.34585159,track2-msas
Thessaly 2021,noa2021eimsm,2021-03-03 13:20:09.913593+00:00,39.7883606,22.15621948,13.1100057,2.816028965,track2-msas
Thessaly 2021,noa2021eimsx,2021-03-03 13:20:49.194423+00:00,39.70550537,22.14752197,18.85754395,2.569036262,track2-msas
Thessaly 2021,noa2021eimtf,2021-03-03 13:21:03.013953+00:00,39.72976685,22.19833374,13.8801473,2.377009351,track2-msas
Thessaly 2021,noa2021eimty,2021-03-03 13:21:53.595038+00:00,39.76043701,22.29400635,36.42818197,2.355974763,track2-msas
Thessaly 2021,noa2021eimwd,2021-03-03 13:24:26.469593+00:00,39.67071533,22.09442139,32.7771403,2.361014134,track2-msas
Etna edifice 2022-2024,34700801,2023-04-16 23:05:41.460,37.8062,15.0423,2.2,1.9,track2-vt
Etna edifice 2022-2024,34700911,2023-04-16 23:08:10.620,37.804,15.0453,1.6,1.9,track2-vt
Etna edifice 2022-2024,35008161,2023-05-18 14:51:17.540,37.7468,15.0108,0.1,1.7,track2-vt
Etna edifice 2022-2024,35008201,2023-05-18 14:52:01.550,37.744,15.0143,0.2,1.8,track2-vt
Etna edifice 2022-2024,35008631,2023-05-18 15:00:29.490,37.732,15.0082,5.2,1.7,track2-vt
Etna edifice 2022-2024,35011671,2023-05-19 01:45:57.710,37.7525,15.0087,0.5,1.7,track2-vt
Etna edifice 2022-2024,35107791,2023-05-28 04:34:42.110,37.7422,15.0817,7.5,2.8,track2-vt
Etna edifice 2022-2024,35107851,2023-05-28 04:42:13.140,37.7448,15.0728,7.1,2.0,track2-vt
Etna edifice 2022-2024,35107911,2023-05-28 04:43:57.080,37.7402,15.0598,8.0,2.2,track2-vt
Etna edifice 2022-2024,35107991,2023-05-28 04:44:13.240,37.7388,15.0698,8.0,3.2,track2-vt
Etna edifice 2022-2024,35108421,2023-05-28 04:56:07.870,37.7493,15.0732,6.0,1.7,track2-vt
Etna edifice 2022-2024,35108891,2023-05-28 05:16:04.710,37.7555,15.076,7.1,2.0,track2-vt
Etna edifice 2022-2024,35108971,2023-05-28 05:23:39.930,37.7617,15.0838,6.4,1.9,track2-vt
Etna edifice 2022-2024,35109211,2023-05-28 05:40:47.820,37.7407,15.0655,5.5,1.7,track2-vt
Etna edifice 2022-2024,35109591,2023-05-28 06:15:40.700,37.7398,15.0672,6.8,1.9,track2-vt
Jones-Guthrie 2014-2015,us10002m84,2015-06-26 08:57:42.700,35.7513,-97.4053,8.65,2.0,track2-swarm
Jones-Guthrie 2014-2015,us10002ltj,2015-06-26 07:48:13.200,35.7436,-97.3762,5.248,2.9,track2-swarm
Jones-Guthrie 2014-2015,us10002lse,2015-06-26 06:19:23.200,35.7436,-97.3771,5.752,3.4,track2-swarm
Jones-Guthrie 2014-2015,us10002ls3,2015-06-26 05:54:03.800,35.7417,-97.3796,5.0,3.7,track2-swarm
Jones-Guthrie 2014-2015,us10002lsi,2015-06-26 05:18:21.200,35.7448,-97.3761,6.088,2.9,track2-swarm
Jones-Guthrie 2014-2015,us10002lrn,2015-06-26 04:35:56.300,35.739,-97.388,4.9,3.5,track2-swarm
Jones-Guthrie 2014-2015,us10002m0e,2015-06-26 04:12:53.100,35.7401,-97.3813,5.788,2.7,track2-swarm
Jones-Guthrie 2014-2015,us10002m06,2015-06-26 04:11:18.900,35.6002,-97.0518,5.586,2.8,track2-swarm
Jones-Guthrie 2014-2015,us10002lwr,2015-06-26 04:00:25.400,35.7358,-97.3823,5.0,2.5,track2-swarm
Jones-Guthrie 2014-2015,us10002lwf,2015-06-26 03:55:59.500,35.738,-97.3846,5.743,2.9,track2-swarm
Jones-Guthrie 2014-2015,us10002kft,2015-06-20 06:46:05.600,35.7417,-97.3866,5.0,3.0,track2-swarm
Jones-Guthrie 2014-2015,us10002kfr,2015-06-20 06:26:01.200,35.9022,-97.2608,4.929,3.1,track2-swarm
Jones-Guthrie 2014-2015,us10002kfd,2015-06-20 05:23:01.500,35.746,-97.3989,5.376,3.4,track2-swarm
Jones-Guthrie 2014-2015,us10002kf3,2015-06-20 05:10:54.900,35.7392,-97.3865,3.0,4.0,track2-swarm
Jones-Guthrie 2014-2015,us10002kvu,2015-06-20 05:08:55.700,35.742,-97.3908,5.0,2.7,track2-swarm
Jones-Guthrie 2014-2015,us10002kex,2015-06-20 04:36:05.600,35.7446,-97.3924,5.667,3.5,track2-swarm
Jones-Guthrie 2014-2015,us10002kev,2015-06-20 04:29:03.600,35.7447,-97.3919,5.649,3.6,track2-swarm
Jones-Guthrie 2014-2015,us10002kjz,2015-06-20 03:55:20.900,35.7466,-97.3909,5.0,2.5,track2-swarm
Jones-Guthrie 2014-2015,us10002kk0,2015-06-20 03:49:55.700,35.9026,-97.261,5.0,2.6,track2-swarm
Jones-Guthrie 2014-2015,usc000nkq4,2014-03-22 03:05:58.310,35.888,-97.299,4.5,3.9,track2-swarm
Jones-Guthrie 2014-2015,usc000nkth,2014-03-22 03:02:35.480,35.888,-97.29,4.5,3.1,track2-swarm
Jones-Guthrie 2014-2015,usc000nkpw,2014-03-22 03:01:32.160,35.892,-97.279,5.0,3.0,track2-swarm
Jones-Guthrie 2014-2015,usc000nknz,2014-03-22 02:35:01.840,35.889,-97.279,6.0,2.8,track2-swarm
Jones-Guthrie 2014-2015,usc000nksc,2014-03-22 02:34:07.330,35.889,-97.276,5.9,2.6,track2-swarm
Jones-Guthrie 2014-2015,usc000nkq2,2014-03-22 02:30:33.900,35.896,-97.27,4.5,3.1,track2-swarm
Jones-Guthrie 2014-2015,usc000nkid,2014-03-21 22:41:07.900,35.489,-97.258,6.7,2.6,track2-swarm
Jones-Guthrie 2014-2015,usb000rttl,2014-07-13 02:38:32.400,35.8713,-97.3114,4.625,2.8,track2-swarm
Jones-Guthrie 2014-2015,usb000rsiq,2014-07-13 02:08:22.600,35.8695,-97.3069,5.0,2.7,track2-swarm
Jones-Guthrie 2014-2015,usb000rsim,2014-07-13 01:57:44.600,35.8713,-97.3119,5.0,2.9,track2-swarm
Jones-Guthrie 2014-2015,usb000rsvf,2014-07-13 01:47:19.300,35.8649,-97.3129,3.444,2.6,track2-swarm
Jones-Guthrie 2014-2015,usb000rsik,2014-07-13 00:57:56.900,35.8722,-97.304,5.42,2.6,track2-swarm
Jones-Guthrie 2014-2015,usb000rtef,2014-07-12 23:58:11.500,36.1241,-97.3193,2.019,2.6,track2-swarm
Jones-Guthrie 2014-2015,usb000rtsh,2014-07-12 21:50:59.600,35.8779,-97.3177,5.0,2.5,track2-swarm
Maurienne 2017-2019,evid=611583916,2017-10-26 23:03:45.200,45.4074,6.3204,2.0,1.0,track2-swarm
Maurienne 2017-2019,evid=611583917,2017-10-27 00:08:40.000,45.4008,6.3306,2.0,1.0,track2-swarm
Maurienne 2017-2019,evid=611289611,2017-10-27 01:09:51.070,45.4585,6.2961,12.7576,,track2-swarm
Maurienne 2017-2019,evid=616683447,2017-10-27 01:11:06.210,45.4432,6.3025,5.0,2.23,track2-swarm
Maurienne 2017-2019,evid=616683444,2017-10-27 01:11:12.770,45.4423,6.3048,9.6,2.41,track2-swarm
Maurienne 2017-2019,evid=611289612,2017-10-27 01:11:33.500,45.4273,6.3266,7.803100000000001,2.44,track2-swarm
Maurienne 2017-2019,evid=611289696,2017-10-27 01:13:09.900,45.4061,6.3265,2.0,1.4,track2-swarm
Maurienne 2017-2019,evid=611583919,2017-10-27 01:14:57.300,45.4024,6.3303,2.0,1.2,track2-swarm
Maurienne 2017-2019,evid=611583920,2017-10-27 01:16:50.950,45.416,6.3214,10.298,1.11,track2-swarm
Maurienne 2017-2019,evid=611583921,2017-10-27 01:18:00.050,45.4259,6.3323,5.0,0.8,track2-swarm
Maurienne 2017-2019,evid=611583922,2017-10-27 01:19:29.000,45.4318,6.3318,2.0,2.1,track2-swarm
Maurienne 2017-2019,evid=611583923,2017-10-27 01:24:01.640,45.4136,6.3524,5.0,0.72,track2-swarm
Maurienne 2017-2019,evid=611583924,2017-10-27 01:29:51.260,45.4503,6.2602,5.0,0.62,track2-swarm
Maurienne 2017-2019,evid=611583927,2017-10-27 01:30:08.120,45.4622,6.2547,5.0,0.82,track2-swarm
Maurienne 2017-2019,evid=611583930,2017-10-27 01:30:53.100,45.4026,6.3307,2.0,1.1,track2-swarm
Maurienne 2017-2019,evid=611583933,2017-10-27 01:31:40.300,45.3901,6.3436,2.0,1.4,track2-swarm
Maurienne 2017-2019,evid=611583936,2017-10-27 01:32:05.900,45.4025,6.3329,2.0,1.4,track2-swarm
Maurienne 2017-2019,evid=611583937,2017-10-27 01:49:20.560,45.4191,6.3285,5.0,0.94,track2-swarm
Maurienne 2017-2019,evid=611583940,2017-10-27 01:49:39.600,45.4179,6.3197,2.0,1.7,track2-swarm
Maurienne 2017-2019,evid=611583941,2017-10-27 01:53:30.300,45.3978,6.3341,2.0,0.9,track2-swarm
Maurienne 2017-2019,evid=611583943,2017-10-27 02:03:47.900,45.4425,6.3005,2.0,1.5,track2-swarm
Maurienne 2017-2019,evid=611583944,2017-10-27 02:10:19.400,45.404,6.3448,2.0,1.5,track2-swarm
Maurienne 2017-2019,evid=611583945,2017-10-27 02:12:55.000,45.4144,6.3291,2.0,1.6,track2-swarm
Maurienne 2017-2019,evid=611583946,2017-10-27 02:40:40.500,45.4082,6.3467,2.0,1.6,track2-swarm
Maurienne 2017-2019,evid=611583947,2017-10-27 03:00:07.500,45.4086,6.3325,2.0,1.5,track2-swarm
Maurienne 2017-2019,evid=611310221,2017-10-27 03:16:11.590,45.422,6.3252,3.0,1.72,track2-swarm
Maurienne 2017-2019,evid=611583948,2017-10-27 03:16:31.300,45.4349,6.3161,2.0,2.1,track2-swarm
Maurienne 2017-2019,evid=611583950,2017-10-27 03:18:50.900,45.4264,6.3152,2.0,1.6,track2-swarm
Maurienne 2017-2019,evid=611583951,2017-10-27 03:21:21.270,45.4242,6.3286,3.0,1.2,track2-swarm
Maurienne 2017-2019,evid=611583952,2017-10-27 03:22:23.400,45.4078,6.3403,2.0,1.6,track2-swarm
Maurienne 2017-2019,evid=611583953,2017-10-27 03:28:59.500,45.4134,6.3314,2.0,1.7,track2-swarm
Maurienne 2017-2019,evid=611583956,2017-10-27 03:29:45.600,45.4132,6.3276,2.0,1.7,track2-swarm
Maurienne 2017-2019,evid=611583957,2017-10-27 03:37:55.200,45.416,6.3239,2.0,1.7,track2-swarm
Maurienne 2017-2019,evid=611583958,2017-10-27 03:38:55.600,45.4117,6.3258,2.0,1.7,track2-swarm
Maurienne 2017-2019,evid=611583961,2017-10-27 03:39:11.090,45.4316,6.2979,5.0,1.09,track2-swarm
Maurienne 2017-2019,evid=611583964,2017-10-27 03:39:51.970,45.4199,6.3235,3.0,1.98,track2-swarm
Maurienne 2017-2019,evid=611583966,2017-10-27 03:48:34.230,45.4198,6.3287,3.0,1.44,track2-swarm
Maurienne 2017-2019,evid=611583967,2017-10-27 03:56:44.500,45.4121,6.33,2.0,1.7,track2-swarm
Maurienne 2017-2019,evid=611583968,2017-10-27 04:35:26.900,45.4489,6.2958,2.0,1.7,track2-swarm
Maurienne 2017-2019,evid=617837972,2017-10-27 04:39:23.400,45.4256,6.314,2.0,1.8,track2-swarm
Maurienne 2017-2019,evid=611583970,2017-10-27 04:40:14.400,45.4417,6.3071,2.0,2.7,track2-swarm
Maurienne 2017-2019,evid=617837973,2017-10-27 04:41:00.430,45.436,6.292,5.0,1.34,track2-swarm
Maurienne 2017-2019,evid=611583972,2017-10-27 04:42:20.610,45.4251,6.3249,13.383,1.53,track2-swarm
Maurienne 2017-2019,evid=611583973,2017-10-27 04:44:52.600,45.4125,6.3238,2.0,1.6,track2-swarm
Maurienne 2017-2019,evid=611583976,2017-10-27 04:45:35.490,45.4474,6.2719,6.0,0.77,track2-swarm
Maurienne 2017-2019,evid=611583977,2017-10-27 04:46:36.890,45.4318,6.3295,5.0,2.03,track2-swarm
Maurienne 2017-2019,evid=611583978,2017-10-27 04:54:31.500,45.4288,6.3144,2.0,1.8,track2-swarm
Maurienne 2017-2019,evid=611467691,2017-11-17 08:07:01.790,45.4308,6.3476,7.490600000000001,2.5,track2-swarm
Maurienne 2017-2019,evid=611617399,2017-11-17 08:07:55.500,45.4373,6.3281,2.0,3.1,track2-swarm
Maurienne 2017-2019,evid=611617401,2017-11-17 08:11:09.400,45.4414,6.2869,2.0,1.5,track2-swarm
Maurienne 2017-2019,evid=611617402,2017-11-17 08:15:27.850,45.4326,6.3227,5.0,2.08,track2-swarm
Maurienne 2017-2019,evid=611617405,2017-11-17 08:16:05.000,45.4258,6.3134,2.0,1.0,track2-swarm
Maurienne 2017-2019,evid=611617408,2017-11-17 08:16:22.500,45.4214,6.322,2.0,1.9,track2-swarm
Maurienne 2017-2019,evid=611617409,2017-11-17 08:21:57.790,45.4388,6.2933,5.0,1.32,track2-swarm
Maurienne 2017-2019,evid=611617410,2017-11-17 08:30:02.600,45.4351,6.2953,2.0,1.3,track2-swarm
Maurienne 2017-2019,evid=616683871,2017-11-17 08:31:25.450,45.4462,6.2871,5.0,1.35,track2-swarm
Maurienne 2017-2019,evid=616683870,2017-11-17 08:34:39.900,45.4461,6.2678,5.0,1.26,track2-swarm
Maurienne 2017-2019,evid=611617411,2017-11-17 09:54:00.200,45.4126,6.3468,2.0,2.1,track2-swarm
Maurienne 2017-2019,evid=611617412,2017-11-17 11:08:38.500,45.4111,6.3127,2.0,1.4,track2-swarm
Maurienne 2017-2019,evid=611617415,2017-11-17 11:09:17.400,45.4028,6.3249,2.0,1.6,track2-swarm
Maurienne 2017-2019,evid=611617416,2017-11-17 11:11:52.830,45.4225,6.3108,5.0,1.88,track2-swarm
Maurienne 2017-2019,evid=618173787,2017-11-17 12:07:15.420,45.4381,6.293,5.0,1.05,track2-swarm
Maurienne 2017-2019,evid=616683864,2017-11-17 12:07:47.690,45.4442,6.3114,14.3162,,track2-swarm
Maurienne 2017-2019,evid=611617417,2017-11-17 12:08:48.690,45.4358,6.307,5.64,2.02,track2-swarm
Maurienne 2017-2019,evid=611470519,2017-11-17 12:10:24.930,45.4557,6.3449,13.306299999999998,,track2-swarm
Maurienne 2017-2019,evid=616683863,2017-11-17 12:12:04.930,45.4405,6.3055,5.0,1.81,track2-swarm
Maurienne 2017-2019,evid=611617419,2017-11-17 12:14:24.600,45.3976,6.3473,2.0,1.1,track2-swarm
Maurienne 2017-2019,evid=616683861,2017-11-17 12:16:54.310,45.4222,6.3238,3.23,1.92,track2-swarm
Maurienne 2017-2019,evid=611617423,2017-11-17 12:17:03.000,45.4131,6.3237,2.0,2.1,track2-swarm
Maurienne 2017-2019,evid=611617420,2017-11-17 12:17:42.700,45.44,6.3039,5.0,1.32,track2-swarm
Maurienne 2017-2019,evid=618173040,2017-11-17 12:17:52.640,45.4463,6.2882,5.0,1.3,track2-swarm
Maurienne 2017-2019,evid=611617426,2017-11-17 12:17:58.600,45.4325,6.4136,2.0,1.5,track2-swarm
Maurienne 2017-2019,evid=611617427,2017-11-17 12:20:08.800,45.4265,6.332,2.0,1.8,track2-swarm
Maurienne 2017-2019,evid=611617430,2017-11-17 12:20:58.200,45.4108,6.3276,2.0,1.6,track2-swarm
Maurienne 2017-2019,evid=611617431,2017-11-17 12:22:04.900,45.3957,6.3333,2.0,1.8,track2-swarm
Maurienne 2017-2019,evid=611617434,2017-11-17 12:22:34.300,45.444,6.2882,5.0,1.13,track2-swarm
Maurienne 2017-2019,evid=611617435,2017-11-17 12:24:34.380,45.4213,6.3202,5.5524,1.97,track2-swarm
Maurienne 2017-2019,evid=611617436,2017-11-17 12:34:42.640,45.4241,6.3281,7.9052,2.2,track2-swarm
Maurienne 2017-2019,evid=611617437,2017-11-17 12:51:02.500,45.4056,6.3536,2.0,1.5,track2-swarm
Maurienne 2017-2019,evid=616683860,2017-11-17 12:54:56.690,45.438,6.3004,5.0,1.26,track2-swarm
Maurienne 2017-2019,evid=611617438,2017-11-17 13:11:38.580,45.4222,6.3281,5.85,1.64,track2-swarm
Maurienne 2017-2019,evid=616683858,2017-11-17 13:23:26.800,45.419,6.3365,2.0,1.9,track2-swarm
Maurienne 2017-2019,evid=611617439,2017-11-17 13:24:21.920,45.4327,6.3089,5.0,0.69,track2-swarm
Maurienne 2017-2019,evid=611617440,2017-11-17 13:29:24.500,45.4191,6.325,2.0,1.6,track2-swarm
Maurienne 2017-2019,evid=616684419,2017-12-01 09:24:21.820,45.4225,6.3798,5.0,1.65,track2-swarm
Maurienne 2017-2019,evid=611614467,2017-12-01 09:24:24.200,45.4374,6.3216,2.0,1.5,track2-swarm
Maurienne 2017-2019,evid=611614470,2017-12-01 09:24:37.620,45.4218,6.3499,9.0802,1.69,track2-swarm
Maurienne 2017-2019,evid=611614471,2017-12-01 09:27:41.290,45.4179,6.3603,6.0,1.33,track2-swarm
Maurienne 2017-2019,evid=611614472,2017-12-01 09:43:18.620,45.442,6.2975,5.0,1.44,track2-swarm
Maurienne 2017-2019,evid=616684416,2017-12-01 09:45:04.380,45.413,6.3662,5.0,1.09,track2-swarm
Maurienne 2017-2019,evid=611574415,2017-12-01 09:45:27.450,45.4283,6.3287,5.0,1.82,track2-swarm
Maurienne 2017-2019,evid=611614473,2017-12-01 09:45:39.400,45.4532,6.3501,7.290100000000001,,track2-swarm
Maurienne 2017-2019,evid=616684413,2017-12-01 09:46:53.580,45.4245,6.3333,5.0,1.59,track2-swarm
Maurienne 2017-2019,evid=616684412,2017-12-01 09:51:45.030,45.4235,6.3326,5.0,1.21,track2-swarm
Maurienne 2017-2019,evid=611614475,2017-12-01 09:52:24.100,45.4185,6.3366,2.0,1.2,track2-swarm
Maurienne 2017-2019,evid=616684409,2017-12-01 09:55:13.000,45.4079,6.3772,5.0,1.32,track2-swarm
Maurienne 2017-2019,evid=616684406,2017-12-01 09:55:27.840,45.4166,6.3449,5.0,1.72,track2-swarm
Maurienne 2017-2019,evid=616684405,2017-12-01 09:56:52.090,45.4596,6.2491,5.0,1.16,track2-swarm
Maurienne 2017-2019,evid=616684404,2017-12-01 10:00:56.880,45.454,6.2622,5.0,1.45,track2-swarm
Maurienne 2017-2019,evid=611614476,2017-12-01 10:32:32.550,45.4242,6.3326,5.0,1.99,track2-swarm
Maurienne 2017-2019,evid=611574412,2017-12-01 11:01:14.050,45.4286,6.3466,2.0,2.51,track2-swarm
Maurienne 2017-2019,evid=611614477,2017-12-01 11:04:59.600,45.425,6.3393,2.0,1.4,track2-swarm
Maurienne 2017-2019,evid=611614478,2017-12-01 11:11:10.160,45.4297,6.3383,7.0,1.76,track2-swarm
Maurienne 2017-2019,evid=611614479,2017-12-01 11:22:04.360,45.4156,6.3599,5.0,1.29,track2-swarm
Maurienne 2017-2019,evid=611614480,2017-12-01 11:34:34.200,45.3988,6.3711,2.0,1.4,track2-swarm
Maurienne 2017-2019,evid=611614481,2017-12-01 12:40:20.200,45.3959,6.3456,2.0,1.5,track2-swarm
Maurienne 2017-2019,evid=611614482,2017-12-01 14:07:08.190,45.4241,6.3419,5.0,2.31,track2-swarm
Maurienne 2017-2019,evid=616684398,2017-12-01 14:11:51.920,45.4167,6.3704,5.0,1.24,track2-swarm
Maurienne 2017-2019,evid=611614483,2017-12-01 14:12:20.430,45.4204,6.3454,5.0,1.23,track2-swarm
Maurienne 2017-2019,evid=611614484,2017-12-01 14:13:49.060,45.429,6.3364,4.23,2.11,track2-swarm
Maurienne 2017-2019,evid=618636680,2017-12-01 14:14:52.590,45.4532,6.3202,10.93,1.3,track2-swarm
Maurienne 2017-2019,evid=611614485,2017-12-01 14:15:19.850,45.4444,6.3008,5.0,1.38,track2-swarm
Maurienne 2017-2019,evid=611614488,2017-12-01 14:15:32.690,45.4364,6.3142,3.72,1.49,track2-swarm
Maurienne 2017-2019,evid=611614489,2017-12-01 14:17:34.940,45.4146,6.3643,5.0,1.35,track2-swarm
Maurienne 2017-2019,evid=611614490,2017-12-01 14:29:07.400,45.4311,6.3522,2.0,1.2,track2-swarm
Maurienne 2017-2019,evid=611614491,2017-12-01 14:31:17.300,45.4237,6.3339,2.0,1.6,track2-swarm
Maurienne 2017-2019,evid=611614492,2017-12-01 14:33:19.200,45.4297,6.334,2.0,1.1,track2-swarm
Salton Sea 2016,ci37702184,2016-09-27 05:59:13.740,33.2928333,-115.701,8.6,1.18,track2-swarm
Salton Sea 2016,ci37702160,2016-09-27 05:56:45.750,33.293,-115.7218333,4.47,2.39,track2-swarm
Salton Sea 2016,ci37702168,2016-09-27 05:56:32.740,33.3066667,-115.7008333,3.59,1.82,track2-swarm
Salton Sea 2016,ci37702152,2016-09-27 05:54:19.080,33.2896667,-115.7133333,5.11,1.87,track2-swarm
Salton Sea 2016,ci37702144,2016-09-27 05:52:50.520,33.2906667,-115.711,6.74,3.18,track2-swarm
Salton Sea 2016,ci37702136,2016-09-27 05:50:35.440,33.3038333,-115.6958333,4.51,1.66,track2-swarm
Salton Sea 2016,ci37702120,2016-09-27 05:49:13.570,33.3068333,-115.6986667,3.59,2.54,track2-swarm
Salton Sea 2016,ci37702104,2016-09-27 05:49:05.330,33.2996667,-115.7091667,5.2,1.39,track2-swarm
Salton Sea 2016,ci37702096,2016-09-27 05:48:45.220,33.2985,-115.7103333,5.2,1.28,track2-swarm
Salton Sea 2016,ci37702128,2016-09-27 05:47:06.530,33.3081667,-115.695,3.78,1.17,track2-swarm
Salton Sea 2016,ci37702088,2016-09-27 05:36:11.520,33.2976667,-115.7018333,7.73,1.17,track2-swarm
Salton Sea 2016,ci37702080,2016-09-27 05:33:31.390,33.3088333,-115.7013333,3.61,1.4,track2-swarm
Salton Sea 2016,ci37702072,2016-09-27 05:29:24.170,33.2923333,-115.7216667,3.1,1.52,track2-swarm
Salton Sea 2016,ci37702056,2016-09-27 05:18:43.350,33.2993333,-115.7193333,4.93,2.2,track2-swarm
Salton Sea 2016,ci37702048,2016-09-27 05:17:03.940,33.3096667,-115.703,3.42,2.25,track2-swarm
Salton Sea 2016,ci37702040,2016-09-27 05:16:58.160,33.3078333,-115.6991667,3.86,1.68,track2-swarm
Salton Sea 2016,ci37702032,2016-09-27 05:12:16.730,33.294,-115.7098333,6.11,1.24,track2-swarm
Salton Sea 2016,ci37701888,2016-09-27 04:57:05.430,33.2916667,-115.716,5.28,1.76,track2-swarm
Salton Sea 2016,ci37701880,2016-09-27 04:55:46.240,33.2936667,-115.7145,5.15,1.91,track2-swarm
Salton Sea 2016,ci37701872,2016-09-27 04:53:43.580,33.3045,-115.7025,3.7,1.59,track2-swarm
Salton Sea 2016,ci37382789,2016-09-27 04:47:02.670,33.2943333,-115.7123333,4.15,1.35,track2-swarm
Salton Sea 2016,ci37701864,2016-09-27 04:46:48.880,33.3055,-115.6966667,3.8,1.57,track2-swarm
Salton Sea 2016,ci37701856,2016-09-27 04:43:51.280,33.287,-115.719,1.2,2.99,track2-swarm
Salton Sea 2016,ci37701848,2016-09-27 04:43:48.930,33.2951667,-115.7148333,5.32,2.6,track2-swarm
Salton Sea 2016,ci37701840,2016-09-27 04:41:34.440,33.3241667,-115.6825,1.4,2.26,track2-swarm
Salton Sea 2016,ci37701832,2016-09-27 04:41:13.580,33.3095,-115.6975,3.4,2.25,track2-swarm
Salton Sea 2016,ci37701824,2016-09-27 04:40:59.130,33.2978333,-115.706,2.9,1.58,track2-swarm
Salton Sea 2016,ci37701816,2016-09-27 04:39:22.390,33.29,-115.7181667,6.79,2.54,track2-swarm
Salton Sea 2016,ci37701800,2016-09-27 04:38:50.740,33.2895,-115.7228333,3.32,1.73,track2-swarm
Salton Sea 2016,ci37701792,2016-09-27 04:36:26.100,33.3111667,-115.6935,2.86,1.75,track2-swarm
Salton Sea 2016,ci37701784,2016-09-27 04:21:55.950,33.2873333,-115.7216667,3.06,1.56,track2-swarm
Salton Sea 2016,ci37701776,2016-09-27 04:17:53.760,33.3093333,-115.6935,3.06,1.1,track2-swarm
Salton Sea 2016,ci37382845,2016-09-27 04:17:45.050,33.2953333,-115.7096667,7.63,1.22,track2-swarm
Salton Sea 2016,ci37701768,2016-09-27 04:15:02.530,33.3103333,-115.699,3.19,2.11,track2-swarm
Salton Sea 2016,ci37701760,2016-09-27 04:08:44.700,33.2938333,-115.7128333,5.47,1.84,track2-swarm
Salton Sea 2016,ci37701752,2016-09-27 04:04:08.070,33.3103333,-115.6916667,2.82,2.22,track2-swarm
Salton Sea 2016,ci37701744,2016-09-27 04:01:06.390,33.3223333,-115.6865,2.81,1.66,track2-swarm
Salton Sea 2016,ci37382853,2016-09-27 04:00:22.370,33.3023333,-115.696,3.07,1.69,track2-swarm
Salton Sea 2016,ci37701728,2016-09-27 04:00:08.720,33.2863333,-115.7133333,7.22,1.44,track2-swarm
Salton Sea 2016,ci37701736,2016-09-27 03:57:49.870,33.3085,-115.6966667,2.38,1.62,track2-swarm
Salton Sea 2016,ci37146764,2016-09-27 03:57:13.030,33.2918333,-115.7106667,5.1,1.79,track2-swarm
Salton Sea 2016,ci37701720,2016-09-27 03:56:45.740,33.2826667,-115.7185,2.76,1.8,track2-swarm
Salton Sea 2016,ci37701712,2016-09-27 03:55:51.080,33.3066667,-115.7013333,3.08,1.95,track2-swarm
Salton Sea 2016,ci37701696,2016-09-27 03:54:47.140,33.2943333,-115.7038333,7.01,1.55,track2-swarm
Salton Sea 2016,ci37701680,2016-09-27 03:53:57.900,33.2948333,-115.7098333,5.38,2.11,track2-swarm
Salton Sea 2016,ci37701688,2016-09-27 03:53:45.220,33.3088333,-115.6885,3.82,1.97,track2-swarm
Salton Sea 2016,ci37701672,2016-09-27 03:53:05.130,33.299,-115.7011667,2.63,1.79,track2-swarm
Salton Sea 2016,ci37701664,2016-09-27 03:50:55.440,33.3055,-115.7011667,3.02,1.8,track2-swarm
Salton Sea 2016,ci37382941,2016-09-27 03:48:23.310,33.2918333,-115.709,7.52,1.83,track2-swarm
Salton Sea 2016,ci37382933,2016-09-27 03:48:04.230,33.2896667,-115.7123333,6.6,1.96,track2-swarm
Salton Sea 2016,ci37701656,2016-09-27 03:46:30.410,33.308,-115.6973333,3.1,3.46,track2-swarm
Salton Sea 2016,ci37701648,2016-09-27 03:45:20.970,33.2913333,-115.7033333,10.32,1.66,track2-swarm
Salton Sea 2016,ci37701640,2016-09-27 03:39:40.620,33.3091667,-115.6933333,2.54,3.39,track2-swarm
Salton Sea 2016,ci37701632,2016-09-27 03:36:15.240,33.3058333,-115.701,2.52,4.13,track2-swarm
Salton Sea 2016,ci37382781,2016-09-27 03:35:27.530,33.3045,-115.702,2.69,2.02,track2-swarm
Salton Sea 2016,ci37701624,2016-09-27 03:34:59.540,33.3018333,-115.7136667,2.71,2.19,track2-swarm
Salton Sea 2016,ci37701616,2016-09-27 03:33:40.520,33.3035,-115.698,3.11,1.74,track2-swarm
Salton Sea 2016,ci37383237,2016-09-27 03:32:35.190,33.2946667,-115.6778333,3.89,2.19,track2-swarm
Salton Sea 2016,ci37701608,2016-09-27 03:32:30.910,33.308,-115.693,2.47,2.06,track2-swarm
Salton Sea 2016,ci37701600,2016-09-27 03:31:19.550,33.297,-115.7096667,3.09,2.27,track2-swarm
Salton Sea 2016,ci37701592,2016-09-27 03:31:01.420,33.2916667,-115.7128333,4.94,2.27,track2-swarm
Salton Sea 2016,ci37701584,2016-09-27 03:29:32.130,33.2915,-115.7143333,2.45,2.99,track2-swarm
Salton Sea 2016,ci37701576,2016-09-27 03:29:10.660,33.2905,-115.7181667,2.54,2.76,track2-swarm
Salton Sea 2016,ci37701568,2016-09-27 03:28:38.410,33.2876667,-115.7268333,2.93,2.6,track2-swarm
Salton Sea 2016,ci37701560,2016-09-27 03:28:00.900,33.2973333,-115.7253333,8.62,2.49,track2-swarm
Salton Sea 2016,ci37147068,2016-09-27 03:25:56.960,33.2941667,-115.7158333,2.14,2.59,track2-swarm
Salton Sea 2016,ci37701552,2016-09-27 03:25:06.150,33.2905,-115.7118333,5.03,3.27,track2-swarm
Salton Sea 2016,ci37147076,2016-09-27 03:24:44.710,33.3026667,-115.6945,1.85,3.11,track2-swarm
Salton Sea 2016,ci37701544,2016-09-27 03:23:58.150,33.2998333,-115.7123333,4.84,4.33,track2-swarm
Salton Sea 2016,ci37701536,2016-09-27 03:16:31.210,33.2945,-115.7043333,3.54,1.54,track2-swarm
Salton Sea 2016,ci37701528,2016-09-27 03:14:33.750,33.2976667,-115.7138333,2.79,2.47,track2-swarm
Salton Sea 2016,ci37701512,2016-09-27 03:06:14.250,33.2971667,-115.716,2.99,3.33,track2-swarm
Salton Sea 2016,ci37700712,2016-09-26 16:57:46.350,33.2903333,-115.7181667,3.8,1.57,track2-swarm
Salton Sea 2016,ci37700704,2016-09-26 16:53:04.580,33.2863333,-115.7256667,3.24,2.28,track2-swarm
Salton Sea 2016,ci37700688,2016-09-26 16:48:06.760,33.3055,-115.6978333,2.63,2.14,track2-swarm
Salton Sea 2016,ci37700696,2016-09-26 16:46:03.960,33.306,-115.6988333,3.5,1.52,track2-swarm
Salton Sea 2016,ci37700680,2016-09-26 16:42:08.860,33.309,-115.6941667,2.72,1.96,track2-swarm
Salton Sea 2016,ci37146756,2016-09-26 16:39:31.230,33.2868333,-115.7166667,5.08,1.45,track2-swarm
Salton Sea 2016,ci37700672,2016-09-26 16:39:04.310,33.2905,-115.7213333,3.84,1.95,track2-swarm
Salton Sea 2016,ci37146748,2016-09-26 16:36:50.960,33.291,-115.6996667,2.98,1.71,track2-swarm
Salton Sea 2016,ci37700664,2016-09-26 16:36:32.330,33.2886667,-115.7096667,6.04,1.86,track2-swarm
Salton Sea 2016,ci37700656,2016-09-26 16:34:43.860,33.2978333,-115.7023333,3.58,1.7,track2-swarm
Salton Sea 2016,ci37146740,2016-09-26 16:34:07.630,33.3046667,-115.6988333,2.54,1.3,track2-swarm
Salton Sea 2016,ci37382685,2016-09-26 16:30:36.420,33.2423333,-115.794,10.16,2.12,track2-swarm
Salton Sea 2016,ci37700640,2016-09-26 16:30:18.450,33.3045,-115.6988333,3.13,2.38,track2-swarm
Salton Sea 2016,ci37700632,2016-09-26 16:29:53.430,33.3048333,-115.6963333,3.38,2.33,track2-swarm
Salton Sea 2016,ci37700616,2016-09-26 16:22:34.400,33.2961667,-115.7215,2.46,1.6,track2-swarm
Salton Sea 2016,ci37146732,2016-09-26 16:21:57.760,33.307,-115.6886667,3.73,1.18,track2-swarm
Salton Sea 2016,ci37700600,2016-09-26 16:14:19.070,33.2941667,-115.7141667,3.74,1.71,track2-swarm
Salton Sea 2016,ci37700592,2016-09-26 16:12:55.050,33.3051667,-115.699,2.79,1.87,track2-swarm
Salton Sea 2016,ci37146724,2016-09-26 16:12:37.200,33.1665,-115.6491667,3.98,1.11,track2-swarm
Salton Sea 2016,ci37700584,2016-09-26 16:06:06.310,33.2928333,-115.7125,5.38,2.18,track2-swarm
Salton Sea 2016,ci37700568,2016-09-26 15:57:37.740,33.305,-115.701,2.6,1.85,track2-swarm
Salton Sea 2016,ci37700576,2016-09-26 15:54:26.400,33.2945,-115.711,5.39,1.44,track2-swarm
Salton Sea 2016,ci37382677,2016-09-26 15:48:40.110,33.2958333,-115.7153333,2.47,3.18,track2-swarm
Salton Sea 2016,ci37700560,2016-09-26 15:48:39.110,33.293,-115.719,1.91,2.54,track2-swarm
Salton Sea 2016,ci37700544,2016-09-26 15:47:28.670,33.2925,-115.7216667,2.74,3.08,track2-swarm
Salton Sea 2016,ci37146556,2016-09-26 15:44:34.200,33.2946667,-115.7163333,2.26,1.34,track2-swarm
Salton Sea 2016,ci37382773,2016-09-26 15:42:42.090,33.2908333,-115.711,3.65,2.05,track2-swarm
Salton Sea 2016,ci37700520,2016-09-26 15:42:14.980,33.3025,-115.7005,2.34,2.28,track2-swarm
Salton Sea 2016,ci37700504,2016-09-26 15:34:57.560,33.3013333,-115.6895,2.84,2.43,track2-swarm
Salton Sea 2016,ci37700488,2016-09-26 15:30:15.140,33.2945,-115.7173333,2.53,2.53,track2-swarm
Salton Sea 2016,ci37700464,2016-09-26 15:28:22.900,33.3026667,-115.7116667,3.41,2.36,track2-swarm
Salton Sea 2016,ci37700456,2016-09-26 15:26:37.070,33.2946667,-115.7176667,2.52,2.31,track2-swarm
Salton Sea 2016,ci37382733,2016-09-26 15:20:45.500,33.3091667,-115.695,3.01,1.26,track2-swarm
Salton Sea 2016,ci37700440,2016-09-26 15:20:27.870,33.3095,-115.6963333,3.21,1.58,track2-swarm
Salton Sea 2016,ci37700432,2016-09-26 15:11:34.930,33.2913333,-115.7163333,3.82,2.0,track2-swarm
Salton Sea 2016,ci37700424,2016-09-26 15:08:06.330,33.2981667,-115.7076667,3.34,1.84,track2-swarm
Salton Sea 2016,ci37700416,2016-09-26 15:06:36.480,33.2991667,-115.712,2.19,1.72,track2-swarm
Salton Sea 2016,ci37700408,2016-09-26 15:04:58.610,33.2941667,-115.7128333,2.45,2.51,track2-swarm
Salton Sea 2016,ci37700400,2016-09-26 15:03:29.570,33.2953333,-115.7131667,3.46,2.28,track2-swarm
Salton Sea 2016,ci37382709,2016-09-26 15:03:19.380,33.2783333,-115.7105,2.64,2.13,track2-swarm
Salton Sea 2016,ci37382701,2016-09-26 15:02:10.700,33.2955,-115.7136667,2.22,2.75,track2-swarm
Salton Sea 2016,ci37700384,2016-09-26 15:01:55.790,33.2973333,-115.7116667,2.9,2.47,track2-swarm
Salton Sea 2016,ci37382693,2016-09-26 15:00:12.290,33.3066667,-115.7103333,2.35,1.65,track2-swarm
Salton Sea 2016,ci37700376,2016-09-26 14:59:43.080,33.2915,-115.7176667,2.42,2.21,track2-swarm
Salton Sea 2016,ci37700368,2016-09-26 14:58:24.260,33.2903333,-115.7163333,2.87,2.24,track2-swarm
Salton Sea 2016,ci37700360,2016-09-26 14:53:22.900,33.2868333,-115.7366667,2.66,1.4,track2-swarm
Salton Sea 2016,ci37700352,2016-09-26 14:46:35.370,33.2965,-115.7048333,2.79,2.47,track2-swarm
Salton Sea 2016,ci37382669,2016-09-26 14:46:18.470,33.2873333,-115.7205,1.5,1.9,track2-swarm
Salton Sea 2016,ci37700344,2016-09-26 14:45:30.140,33.2916667,-115.7198333,2.45,2.68,track2-swarm
Salton Sea 2016,ci37700336,2016-09-26 14:44:39.530,33.2968333,-115.6976667,4.48,2.0,track2-swarm
Salton Sea 2016,ci37700328,2016-09-26 14:41:28.910,33.2926667,-115.7126667,2.23,2.35,track2-swarm
Salton Sea 2016,ci37382725,2016-09-26 14:40:32.070,33.3031667,-115.7063333,3.33,1.96,track2-swarm
Salton Sea 2016,ci37700320,2016-09-26 14:40:05.600,33.2936667,-115.7193333,2.78,1.82,track2-swarm
Salton Sea 2016,ci37700312,2016-09-26 14:35:45.880,33.29,-115.7226667,2.53,2.56,track2-swarm
Salton Sea 2016,ci37382661,2016-09-26 14:35:02.130,33.2998333,-115.7105,2.32,2.38,track2-swarm
Salton Sea 2016,ci37700304,2016-09-26 14:33:45.320,33.2936667,-115.7186667,5.15,2.68,track2-swarm
Salton Sea 2016,ci37700296,2016-09-26 14:31:08.040,33.2976667,-115.7136667,2.2,4.32,track2-swarm
Salton Sea 2016,ci37700272,2016-09-26 14:12:58.020,33.2976667,-115.709,3.31,1.53,track2-swarm
Salton Sea 2016,ci37700264,2016-09-26 14:07:44.040,33.2943333,-115.6983333,3.88,1.36,track2-swarm
Salton Sea 2016,ci37382741,2016-09-26 14:07:23.860,33.3008333,-115.7085,4.76,1.08,track2-swarm
West Bohemia 2018,evid=616714077,2018-05-10 09:02:25.040,50.25,12.45,9.291,1.4,track2-swarm
West Bohemia 2018,evid=619323825,2018-05-10 09:02:29.050,50.25,12.45,9.174,1.1,track2-swarm
West Bohemia 2018,evid=619323828,2018-05-10 09:02:50.240,50.25,12.451,9.232,0.73,track2-swarm
West Bohemia 2018,evid=616714078,2018-05-10 09:03:30.490,50.251,12.449,9.35,0.64,track2-swarm
West Bohemia 2018,evid=619323829,2018-05-10 09:03:35.420,50.25,12.449,9.467,0.35,track2-swarm
West Bohemia 2018,evid=619323831,2018-05-10 09:03:48.890,50.25,12.45,9.115,0.12,track2-swarm
West Bohemia 2018,evid=619323833,2018-05-10 09:04:28.940,50.251,12.45,9.291,0.7,track2-swarm
West Bohemia 2018,evid=619323840,2018-05-10 09:04:54.320,50.251,12.45,9.115,0.52,track2-swarm
West Bohemia 2018,evid=616714079,2018-05-10 09:08:32.460,50.25,12.451,9.35,0.81,track2-swarm
West Bohemia 2018,evid=619323843,2018-05-10 09:08:41.890,50.25,12.45,9.291,0.59,track2-swarm
West Bohemia 2018,evid=619323846,2018-05-10 09:09:00.020,50.25,12.45,9.232,0.73,track2-swarm
West Bohemia 2018,evid=619323849,2018-05-10 09:09:42.650,50.251,12.45,9.262,0.57,track2-swarm
West Bohemia 2018,evid=619323852,2018-05-10 09:10:00.940,50.25,12.45,9.35,0.51,track2-swarm
West Bohemia 2018,evid=619323853,2018-05-10 09:11:06.550,50.25,12.451,9.35,1.1,track2-swarm
West Bohemia 2018,evid=619323856,2018-05-10 09:12:00.650,50.25,12.45,9.35,1.0,track2-swarm
West Bohemia 2018,evid=619323859,2018-05-10 09:12:38.360,50.249,12.45,9.145,1.4,track2-swarm
West Bohemia 2018,evid=619323862,2018-05-10 09:13:02.550,50.249,12.45,9.262,0.86,track2-swarm
West Bohemia 2018,evid=619323865,2018-05-10 09:13:24.620,50.249,12.45,9.145,0.81,track2-swarm
West Bohemia 2018,evid=611933964,2018-05-10 09:14:22.020,50.249,12.451,9.291,0.54,track2-swarm
West Bohemia 2018,evid=619323866,2018-05-10 09:15:12.600,50.253,12.444,8.3,2.0,track2-swarm
West Bohemia 2018,evid=619323868,2018-05-10 09:26:51.720,50.25,12.451,9.232,0.83,track2-swarm
West Bohemia 2018,evid=619323871,2018-05-10 09:26:52.550,50.249,12.451,9.467,0.63,track2-swarm
West Bohemia 2018,evid=619323872,2018-05-10 09:32:14.390,50.249,12.451,9.408,0.68,track2-swarm
West Bohemia 2018,evid=616714080,2018-05-10 09:34:24.650,50.25,12.447,9.584,0.17,track2-swarm
West Bohemia 2018,evid=619323873,2018-05-10 09:34:24.760,50.251,12.447,9.525,0.5,track2-swarm
West Bohemia 2018,evid=619323875,2018-05-10 09:34:50.290,50.25,12.449,9.408,0.72,track2-swarm
West Bohemia 2018,evid=619323877,2018-05-10 09:35:06.390,50.25,12.448,9.584,0.58,track2-swarm
West Bohemia 2018,evid=619323879,2018-05-10 09:35:06.570,50.251,12.447,9.35,0.64,track2-swarm
West Bohemia 2018,evid=619323881,2018-05-10 09:35:17.430,50.25,12.449,9.35,0.81,track2-swarm
West Bohemia 2018,evid=619323885,2018-05-10 09:35:17.820,50.249,12.449,9.35,1.0,track2-swarm
West Bohemia 2018,evid=619323888,2018-05-10 09:35:25.210,50.248,12.45,9.262,0.48,track2-swarm
West Bohemia 2018,evid=619323891,2018-05-10 09:35:25.720,50.251,12.448,9.848,0.28,track2-swarm
West Bohemia 2018,evid=616714081,2018-05-10 09:35:36.170,50.248,12.45,9.174,0.53,track2-swarm
West Bohemia 2018,evid=619323892,2018-05-10 09:35:39.890,50.249,12.451,9.291,0.93,track2-swarm
West Bohemia 2018,evid=619323894,2018-05-10 09:36:26.930,50.25,12.449,8.998,0.94,track2-swarm
West Bohemia 2018,evid=619323898,2018-05-10 09:36:44.980,50.248,12.45,9.174,0.35,track2-swarm
West Bohemia 2018,evid=619323901,2018-05-10 09:36:51.160,50.25,12.45,9.35,0.65,track2-swarm
West Bohemia 2018,evid=616714082,2018-05-10 09:37:03.060,50.248,12.452,9.408,0.48,track2-swarm
West Bohemia 2018,evid=619323902,2018-05-10 09:37:10.100,50.248,12.451,9.291,0.43,track2-swarm
West Bohemia 2018,evid=619323904,2018-05-10 09:37:35.190,50.249,12.451,9.408,0.63,track2-swarm
West Bohemia 2018,evid=619323906,2018-05-10 09:37:35.960,50.249,12.451,9.291,0.9,track2-swarm
West Bohemia 2018,evid=619323908,2018-05-10 09:37:51.860,50.25,12.449,9.057,1.4,track2-swarm
West Bohemia 2018,evid=619323910,2018-05-10 09:39:30.680,50.249,12.45,9.262,0.35,track2-swarm
West Bohemia 2018,evid=619323913,2018-05-10 09:39:52.200,50.249,12.45,9.408,0.83,track2-swarm
West Bohemia 2018,evid=619323916,2018-05-10 09:40:05.030,50.248,12.451,9.35,0.75,track2-swarm
West Bohemia 2018,evid=616714083,2018-05-10 09:40:07.470,50.248,12.451,9.35,0.76,track2-swarm
West Bohemia 2018,evid=619323917,2018-05-10 09:41:06.040,50.25,12.449,8.998,1.0,track2-swarm
West Bohemia 2018,evid=616714084,2018-05-10 09:45:58.700,50.248,12.452,9.35,0.84,track2-swarm
West Bohemia 2018,evid=619323919,2018-05-10 09:46:22.480,50.249,12.45,9.467,0.38,track2-swarm
West Bohemia 2018,evid=619323921,2018-05-10 09:46:34.230,50.251,12.448,9.115,1.5,track2-swarm
West Bohemia 2018,evid=616714085,2018-05-10 09:46:56.740,50.251,12.448,9.174,1.2,track2-swarm
West Bohemia 2018,evid=619323923,2018-05-10 09:47:06.700,50.25,12.451,9.291,0.9,track2-swarm
West Bohemia 2018,evid=619323925,2018-05-10 09:47:24.010,50.251,12.45,9.262,0.78,track2-swarm
West Bohemia 2018,evid=619323927,2018-05-10 09:47:27.660,50.25,12.451,9.408,0.82,track2-swarm
West Bohemia 2018,evid=619323929,2018-05-10 09:47:30.960,50.248,12.451,9.408,0.83,track2-swarm
West Bohemia 2018,evid=619396598,2018-05-10 09:47:35.430,50.249,12.451,9.35,0.56,track2-swarm
West Bohemia 2018,evid=619397443,2018-05-10 09:47:51.770,50.252,12.448,9.115,1.4,track2-swarm
West Bohemia 2018,evid=616714091,2018-05-10 09:48:06.880,50.272,12.47,9.525,1.2,track2-swarm
West Bohemia 2018,evid=619323933,2018-05-10 09:48:11.470,50.25,12.452,9.525,0.8,track2-swarm
West Bohemia 2018,evid=619323935,2018-05-10 09:48:18.040,50.25,12.449,9.584,0.79,track2-swarm
West Bohemia 2018,evid=619323937,2018-05-10 09:48:29.700,50.25,12.451,9.643,0.65,track2-swarm
West Bohemia 2018,evid=619323939,2018-05-10 09:48:45.010,50.25,12.449,9.35,1.2,track2-swarm
West Bohemia 2018,evid=619323941,2018-05-10 09:48:49.350,50.25,12.45,9.291,1.4,track2-swarm
West Bohemia 2018,evid=619323945,2018-05-10 09:49:23.260,50.248,12.45,9.496,0.68,track2-swarm
West Bohemia 2018,evid=619323948,2018-05-10 09:49:29.090,50.248,12.451,9.35,0.74,track2-swarm
West Bohemia 2018,evid=619323951,2018-05-10 09:49:31.600,50.248,12.451,9.525,0.59,track2-swarm
West Bohemia 2018,evid=619323954,2018-05-10 09:49:47.790,50.248,12.451,9.467,0.33,track2-swarm
West Bohemia 2018,evid=619323957,2018-05-10 09:50:23.940,50.248,12.451,9.35,1.3,track2-swarm
West Bohemia 2018,evid=619323960,2018-05-10 09:50:40.500,50.251,12.451,9.584,1.0,track2-swarm
West Bohemia 2018,evid=619323963,2018-05-10 09:50:54.230,50.25,12.451,9.525,0.75,track2-swarm
West Bohemia 2018,evid=619323966,2018-05-10 09:51:06.490,50.252,12.444,9.613,0.16,track2-swarm
West Bohemia 2018,evid=619323969,2018-05-10 09:51:13.770,50.251,12.441,9.73,0.08,track2-swarm
West Bohemia 2018,evid=619323972,2018-05-10 09:51:23.290,50.251,12.444,9.613,0.66,track2-swarm
West Bohemia 2018,evid=619323975,2018-05-10 09:51:30.240,50.252,12.444,9.613,0.31,track2-swarm
West Bohemia 2018,evid=619323978,2018-05-10 09:51:42.740,50.25,12.45,9.467,1.0,track2-swarm
West Bohemia 2018,evid=619323981,2018-05-10 09:51:53.080,50.25,12.449,9.467,0.37,track2-swarm
West Bohemia 2018,evid=619323984,2018-05-10 09:51:54.940,50.249,12.448,9.525,0.62,track2-swarm
West Bohemia 2018,evid=619323987,2018-05-10 09:52:00.930,50.249,12.45,9.262,0.73,track2-swarm
West Bohemia 2018,evid=619323988,2018-05-10 09:53:22.630,50.251,12.449,9.467,0.39,track2-swarm
West Bohemia 2018,evid=619323991,2018-05-10 09:53:46.950,50.248,12.451,9.174,0.91,track2-swarm
West Bohemia 2018,evid=619323994,2018-05-10 09:54:06.650,50.25,12.451,9.35,0.21,track2-swarm
West Bohemia 2018,evid=619323997,2018-05-10 09:54:13.040,50.248,12.45,9.584,0.34,track2-swarm
West Bohemia 2018,evid=619324000,2018-05-10 09:54:51.280,50.248,12.453,9.584,0.65,track2-swarm
West Bohemia 2018,evid=619324003,2018-05-10 09:54:52.320,50.25,12.45,9.408,0.91,track2-swarm
West Bohemia 2018,evid=619324006,2018-05-10 09:55:05.650,50.249,12.451,9.584,0.67,track2-swarm
West Bohemia 2018,evid=619324009,2018-05-10 09:55:16.490,50.247,12.451,9.408,0.53,track2-swarm
West Bohemia 2018,evid=619324012,2018-05-10 09:55:44.230,50.25,12.451,9.525,0.22,track2-swarm
West Bohemia 2018,evid=619324013,2018-05-10 09:57:21.030,50.248,12.443,9.174,0.16,track2-swarm
West Bohemia 2018,evid=619324016,2018-05-10 09:57:44.610,50.249,12.451,9.408,0.97,track2-swarm
West Bohemia 2018,evid=619324019,2018-05-10 09:57:53.520,50.248,12.451,9.584,0.4,track2-swarm
West Bohemia 2018,evid=619324022,2018-05-10 09:57:58.850,50.248,12.451,9.232,0.98,track2-swarm
West Bohemia 2018,evid=619324025,2018-05-10 09:58:29.850,50.255,12.456,9.525,0.16,track2-swarm
West Bohemia 2018,evid=619324026,2018-05-10 09:59:40.220,50.244,12.455,8.716,0.15,track2-swarm
West Bohemia 2018,evid=616714092,2018-05-10 10:01:09.630,50.246,12.45,9.701,0.46,track2-swarm
West Bohemia 2018,evid=619324027,2018-05-10 10:01:42.100,50.249,12.452,9.525,0.6,track2-swarm
West Bohemia 2018,evid=619324029,2018-05-10 10:01:47.900,50.249,12.451,9.467,0.5,track2-swarm
West Bohemia 2018,evid=619396599,2018-05-10 10:02:06.100,50.25,12.42,10.0,,track2-swarm
West Bohemia 2018,evid=619324031,2018-05-10 10:02:40.640,50.25,12.449,9.291,0.73,track2-swarm
West Bohemia 2018,evid=619324033,2018-05-10 10:02:46.840,50.248,12.451,9.291,0.55,track2-swarm
West Bohemia 2018,evid=619324035,2018-05-10 10:02:57.590,50.249,12.45,9.232,1.5,track2-swarm
West Bohemia 2018,evid=616714096,2018-05-10 10:04:30.150,50.249,12.45,9.291,0.9,track2-swarm
West Bohemia 2018,evid=619324037,2018-05-10 10:04:36.100,50.249,12.45,9.291,0.53,track2-swarm
West Bohemia 2018,evid=619324039,2018-05-10 10:04:47.020,50.249,12.45,9.467,0.83,track2-swarm
West Bohemia 2018,evid=619324041,2018-05-10 10:04:49.480,50.246,12.452,9.145,0.37,track2-swarm
West Bohemia 2018,evid=619324045,2018-05-10 10:04:50.910,50.248,12.451,9.525,0.59,track2-swarm
West Bohemia 2018,evid=619324046,2018-05-10 10:04:57.580,50.249,12.451,9.408,0.53,track2-swarm
West Bohemia 2018,evid=619324048,2018-05-10 10:04:59.730,50.248,12.45,9.408,0.9,track2-swarm
West Bohemia 2018,evid=619324052,2018-05-10 10:05:01.780,50.25,12.447,9.555,0.59,track2-swarm
West Bohemia 2018,evid=619324055,2018-05-10 10:05:02.450,50.248,12.448,9.496,0.59,track2-swarm
West Bohemia 2018,evid=619324058,2018-05-10 10:05:09.080,50.252,12.446,9.35,0.49,track2-swarm
West Bohemia 2018,evid=619324061,2018-05-10 10:05:19.680,50.252,12.448,9.027,0.67,track2-swarm
West Bohemia 2018,evid=619324064,2018-05-10 10:05:21.250,50.248,12.451,9.291,0.55,track2-swarm
West Bohemia 2018,evid=619324067,2018-05-10 10:05:42.180,50.25,12.449,8.998,0.72,track2-swarm
West Bohemia 2018,evid=619324070,2018-05-10 10:05:54.310,50.251,12.446,9.145,0.03,track2-swarm
West Bohemia 2018,evid=619324073,2018-05-10 10:05:57.700,50.248,12.451,9.232,0.1,track2-swarm
West Bohemia 2018,evid=619324076,2018-05-10 10:06:00.010,50.249,12.451,9.35,0.61,track2-swarm
West Bohemia 2018,evid=619324079,2018-05-10 10:06:07.520,50.251,12.45,9.496,0.66,track2-swarm
West Bohemia 2018,evid=619324082,2018-05-10 10:06:19.810,50.25,12.449,9.408,0.04,track2-swarm
West Bohemia 2018,evid=619324085,2018-05-10 10:06:27.290,50.25,12.451,9.232,0.28,track2-swarm
West Bohemia 2018,evid=619324088,2018-05-10 10:06:35.770,50.25,12.451,9.291,0.42,track2-swarm
West Bohemia 2018,evid=619324091,2018-05-10 10:06:44.180,50.246,12.45,9.35,0.03,track2-swarm
West Bohemia 2018,evid=619324094,2018-05-10 10:06:57.410,50.247,12.451,9.467,0.32,track2-swarm
West Bohemia 2018,evid=619324097,2018-05-10 10:06:58.190,50.248,12.453,9.35,0.14,track2-swarm
West Bohemia 2018,evid=611933968,2018-05-10 10:07:15.600,50.248,12.451,9.643,0.25,track2-swarm
West Bohemia 2018,evid=619324098,2018-05-10 10:07:20.980,50.245,12.452,9.701,0.51,track2-swarm
West Bohemia 2018,evid=619324100,2018-05-10 10:07:42.820,50.249,12.451,9.584,0.87,track2-swarm
West Bohemia 2018,evid=619324102,2018-05-10 10:08:06.170,50.25,12.448,9.115,0.97,track2-swarm
West Bohemia 2018,evid=619324104,2018-05-10 10:08:07.460,50.25,12.45,9.408,1.3,track2-swarm
West Bohemia 2018,evid=619324106,2018-05-10 10:08:08.980,50.248,12.448,9.73,0.77,track2-swarm
West Bohemia 2018,evid=619324108,2018-05-10 10:09:17.950,50.25,12.45,9.35,0.85,track2-swarm
West Bohemia 2018,evid=619324112,2018-05-10 10:09:43.800,50.249,12.45,9.379,0.32,track2-swarm
West Bohemia 2018,evid=619324115,2018-05-10 10:10:13.020,50.25,12.45,9.408,0.54,track2-swarm
West Bohemia 2018,evid=611936604,2018-05-10 10:22:17.360,50.248,12.45,9.613,0.4,track2-swarm
West Bohemia 2018,evid=616714099,2018-05-10 10:22:17.450,50.248,12.451,9.408,0.84,track2-swarm
West Bohemia 2018,evid=619324116,2018-05-10 10:22:32.300,50.252,12.444,8.4,1.8,track2-swarm
West Bohemia 2018,evid=619324120,2018-05-10 10:22:35.160,50.248,12.45,9.73,1.2,track2-swarm
West Bohemia 2018,evid=619324123,2018-05-10 10:23:14.310,50.248,12.451,9.408,1.5,track2-swarm
West Bohemia 2018,evid=619324126,2018-05-10 10:23:31.900,50.248,12.451,9.643,0.26,track2-swarm
West Bohemia 2018,evid=619324129,2018-05-10 10:24:02.490,50.249,12.451,9.467,0.5,track2-swarm
West Bohemia 2018,evid=619324132,2018-05-10 10:24:19.720,50.246,12.45,9.262,0.26,track2-swarm
West Bohemia 2018,evid=619324135,2018-05-10 10:24:23.050,50.248,12.453,9.584,0.37,track2-swarm
West Bohemia 2018,evid=619324138,2018-05-10 10:24:24.280,50.247,12.453,9.467,0.38,track2-swarm
West Bohemia 2018,evid=619324141,2018-05-10 10:24:58.460,50.251,12.449,9.525,0.43,track2-swarm
West Bohemia 2018,evid=619324144,2018-05-10 10:24:58.990,50.251,12.449,9.408,0.99,track2-swarm
West Bohemia 2018,evid=619324147,2018-05-10 10:25:15.300,50.251,12.448,9.496,0.01,track2-swarm
West Bohemia 2018,evid=619324150,2018-05-10 10:25:52.890,50.248,12.451,9.35,0.23,track2-swarm
West Bohemia 2018,evid=619324153,2018-05-10 10:25:55.960,50.251,12.45,9.584,0.21,track2-swarm
West Bohemia 2018,evid=619324156,2018-05-10 10:26:06.070,50.248,12.451,9.584,0.67,track2-swarm
West Bohemia 2018,evid=619324159,2018-05-10 10:26:26.270,50.247,12.449,9.584,0.0,track2-swarm
West Bohemia 2018,evid=619324160,2018-05-10 10:27:34.270,50.249,12.449,9.467,0.3,track2-swarm
West Bohemia 2018,evid=619324163,2018-05-10 10:28:18.850,50.25,12.449,9.467,0.19,track2-swarm
West Bohemia 2018,evid=619324166,2018-05-10 10:28:44.180,50.25,12.451,9.408,0.8,track2-swarm
West Bohemia 2018,evid=619324169,2018-05-10 10:28:56.450,50.25,12.45,9.643,0.15,track2-swarm
West Bohemia 2018,evid=619324172,2018-05-10 10:28:58.580,50.25,12.451,9.467,0.46,track2-swarm
West Bohemia 2018,evid=619324175,2018-05-10 10:29:30.860,50.248,12.452,9.818,0.07,track2-swarm
West Bohemia 2018,evid=619324178,2018-05-10 10:29:37.750,50.247,12.455,9.555,0.32,track2-swarm
West Bohemia 2018,evid=616714101,2018-05-10 10:34:06.790,50.25,12.449,9.232,1.0,track2-swarm
West Bohemia 2018,evid=619324181,2018-05-10 10:34:16.850,50.249,12.449,9.35,0.51,track2-swarm
West Bohemia 2018,evid=616714102,2018-05-10 10:34:51.530,50.248,12.45,9.525,0.09,track2-swarm
West Bohemia 2018,evid=619324182,2018-05-10 10:35:42.330,50.251,12.448,9.262,0.79,track2-swarm
West Bohemia 2018,evid=619324184,2018-05-10 10:39:34.380,50.249,12.451,9.525,0.75,track2-swarm
West Bohemia 2018,evid=619324187,2018-05-10 10:39:37.480,50.246,12.448,9.496,0.33,track2-swarm
West Bohemia 2018,evid=619324190,2018-05-10 10:39:38.280,50.249,12.45,9.525,0.63,track2-swarm
West Bohemia 2018,evid=619324193,2018-05-10 10:39:43.080,50.249,12.452,9.701,0.47,track2-swarm
West Bohemia 2018,evid=619324196,2018-05-10 10:40:02.890,50.246,12.45,9.643,0.12,track2-swarm
West Bohemia 2018,evid=619324197,2018-05-10 10:41:08.500,50.249,12.451,9.174,0.93,track2-swarm
West Bohemia 2018,evid=619324200,2018-05-10 10:41:12.780,50.248,12.451,9.467,0.47,track2-swarm
West Bohemia 2018,evid=619324203,2018-05-10 10:41:13.930,50.248,12.452,9.73,0.42,track2-swarm
West Bohemia 2018,evid=619324206,2018-05-10 10:41:20.820,50.248,12.452,9.525,0.78,track2-swarm
West Bohemia 2018,evid=619324209,2018-05-10 10:42:07.940,50.249,12.449,9.174,0.02,track2-swarm
West Bohemia 2018,evid=619324212,2018-05-10 10:42:20.350,50.249,12.449,8.998,0.12,track2-swarm
West Bohemia 2018,evid=619324213,2018-05-10 10:46:36.660,50.249,12.452,9.643,0.39,track2-swarm
West Bohemia 2018,evid=619324216,2018-05-10 10:46:38.000,50.249,12.452,9.73,0.26,track2-swarm
West Bohemia 2018,evid=619324219,2018-05-10 10:46:44.320,50.249,12.453,9.701,0.0,track2-swarm
West Bohemia 2018,evid=619324220,2018-05-10 11:04:33.820,50.249,12.452,9.35,0.04,track2-swarm
West Bohemia 2018,evid=619324221,2018-05-10 11:06:05.170,50.248,12.451,9.232,0.64,track2-swarm
West Bohemia 2018,evid=619324224,2018-05-10 11:06:23.600,50.249,12.451,9.467,0.64,track2-swarm
West Bohemia 2018,evid=619324227,2018-05-10 11:06:23.700,50.248,12.45,9.613,0.74,track2-swarm
West Bohemia 2018,evid=616714103,2018-05-10 11:09:00.100,50.25,12.45,9.408,1.1,track2-swarm
West Bohemia 2018,evid=619324233,2018-05-10 11:09:57.180,50.249,12.449,9.232,0.44,track2-swarm
West Bohemia 2018,evid=616714104,2018-05-10 11:17:01.360,50.249,12.451,9.525,1.3,track2-swarm
West Bohemia 2018,evid=616714105,2018-05-10 11:48:40.170,50.25,12.449,9.467,0.99,track2-swarm
West Bohemia 2018,evid=619397326,2018-05-11 09:06:12.990,50.26,12.448,8.529,0.25,track2-swarm
West Bohemia 2018,evid=615757810,2018-05-11 09:06:28.200,50.263,12.442,7.4,2.1,track2-swarm
West Bohemia 2018,evid=619325095,2018-05-11 09:06:45.470,50.261,12.445,8.588,1.3,track2-swarm
West Bohemia 2018,evid=619325097,2018-05-11 09:06:46.600,50.261,12.441,7.2,1.9,track2-swarm
West Bohemia 2018,evid=619325099,2018-05-11 09:32:36.760,50.261,12.447,8.764,1.9,track2-swarm
West Bohemia 2018,evid=616048318,2018-05-11 09:36:20.000,50.261,12.443,8.471,1.1,track2-swarm
West Bohemia 2018,evid=619325100,2018-05-11 09:36:20.930,50.261,12.446,8.764,1.7,track2-swarm
West Bohemia 2018,evid=619325102,2018-05-11 09:36:33.410,50.262,12.445,8.939,1.7,track2-swarm
West Bohemia 2018,evid=619325104,2018-05-11 09:36:34.900,50.265,12.441,7.7,1.9,track2-swarm
West Bohemia 2018,evid=619325108,2018-05-11 09:36:52.940,50.262,12.445,8.764,1.1,track2-swarm
West Bohemia 2018,evid=619325111,2018-05-11 09:37:01.450,50.261,12.447,8.881,1.9,track2-swarm
West Bohemia 2018,evid=619325114,2018-05-11 09:37:11.320,50.261,12.447,8.822,1.8,track2-swarm
West Bohemia 2018,evid=619325117,2018-05-11 09:37:12.550,50.242,12.462,9.965,1.4,track2-swarm
West Bohemia 2018,evid=619325120,2018-05-11 09:37:32.200,50.263,12.444,8.764,1.3,track2-swarm
West Bohemia 2018,evid=619325123,2018-05-11 09:37:49.160,50.26,12.448,8.822,1.7,track2-swarm
West Bohemia 2018,evid=619325126,2018-05-11 09:37:50.960,50.26,12.447,9.057,1.8,track2-swarm
West Bohemia 2018,evid=619325129,2018-05-11 09:37:51.600,50.259,12.444,8.91,1.6,track2-swarm
West Bohemia 2018,evid=619325132,2018-05-11 09:38:05.120,50.258,12.448,8.764,1.6,track2-swarm
West Bohemia 2018,evid=616048319,2018-05-11 09:39:53.270,50.214,12.591,18.176,1.74,track2-swarm
West Bohemia 2018,evid=619325133,2018-05-11 09:39:55.240,50.259,12.447,8.939,1.5,track2-swarm
West Bohemia 2018,evid=619325135,2018-05-11 09:40:09.300,50.263,12.44,7.7,1.9,track2-swarm
West Bohemia 2018,evid=619325139,2018-05-11 09:40:45.570,50.263,12.445,8.822,0.83,track2-swarm
West Bohemia 2018,evid=616714201,2018-05-11 09:41:52.030,50.261,12.446,10.9,2.1,track2-swarm
West Bohemia 2018,evid=611933988,2018-05-11 09:46:04.400,50.265,12.44,7.5,2.1,track2-swarm
West Bohemia 2018,evid=616048320,2018-05-11 09:48:53.900,50.266,12.439,7.8,2.2,track2-swarm
West Bohemia 2018,evid=611933989,2018-05-11 09:50:58.800,50.2583,12.4369,10.0,3.2,track2-swarm
West Bohemia 2018,evid=619487564,2018-05-11 09:51:05.610,50.261,12.446,8.822,2.3,track2-swarm
West Bohemia 2018,evid=616048321,2018-05-11 09:52:21.700,50.263,12.441,7.7,2.5,track2-swarm
West Bohemia 2018,evid=616048324,2018-05-11 09:52:29.700,50.264,12.443,7.8,1.9,track2-swarm
West Bohemia 2018,evid=616048327,2018-05-11 09:52:54.300,50.265,12.441,7.7,2.6,track2-swarm
West Bohemia 2018,evid=619397327,2018-05-11 09:53:03.270,50.256,12.448,8.822,1.6,track2-swarm
West Bohemia 2018,evid=619325144,2018-05-11 09:53:03.790,50.265,12.443,8.939,1.8,track2-swarm
West Bohemia 2018,evid=619325147,2018-05-11 09:53:24.620,50.255,12.445,8.822,0.59,track2-swarm
West Bohemia 2018,evid=619325150,2018-05-11 09:53:29.830,50.245,12.454,9.76,0.87,track2-swarm
West Bohemia 2018,evid=619325153,2018-05-11 09:53:38.980,50.262,12.445,8.822,0.76,track2-swarm
West Bohemia 2018,evid=619325156,2018-05-11 09:53:40.940,50.252,12.454,8.559,0.6,track2-swarm
West Bohemia 2018,evid=619325159,2018-05-11 09:53:43.210,50.257,12.448,8.764,1.3,track2-swarm
West Bohemia 2018,evid=619325162,2018-05-11 09:53:51.640,50.258,12.449,8.881,0.79,track2-swarm
West Bohemia 2018,evid=619325165,2018-05-11 09:53:58.310,50.244,12.456,9.496,0.51,track2-swarm
West Bohemia 2018,evid=619325168,2018-05-11 09:54:00.690,50.254,12.446,8.939,0.81,track2-swarm
West Bohemia 2018,evid=619325171,2018-05-11 09:54:02.230,50.258,12.449,8.881,0.85,track2-swarm
West Bohemia 2018,evid=619325174,2018-05-11 09:54:17.510,50.263,12.444,8.822,0.73,track2-swarm
West Bohemia 2018,evid=616048328,2018-05-11 09:54:21.370,50.263,12.443,8.998,0.77,track2-swarm
West Bohemia 2018,evid=619325177,2018-05-11 09:54:38.560,50.261,12.448,9.145,0.08,track2-swarm
West Bohemia 2018,evid=619325178,2018-05-11 09:55:18.400,50.261,12.442,7.7,1.8,track2-swarm
West Bohemia 2018,evid=619325182,2018-05-11 09:55:31.420,50.258,12.448,8.881,1.4,track2-swarm
West Bohemia 2018,evid=619325185,2018-05-11 09:55:33.160,50.261,12.446,8.998,1.6,track2-swarm
West Bohemia 2018,evid=619325188,2018-05-11 09:55:36.480,50.259,12.448,8.939,1.6,track2-swarm
West Bohemia 2018,evid=619325189,2018-05-11 09:57:58.340,50.261,12.447,8.471,1.6,track2-swarm
West Bohemia 2018,evid=619325190,2018-05-11 09:59:21.110,50.261,12.447,8.529,1.7,track2-swarm
West Bohemia 2018,evid=619325193,2018-05-11 09:59:37.430,50.261,12.448,8.588,1.9,track2-swarm
West Bohemia 2018,evid=616048329,2018-05-11 10:01:12.200,50.262,12.441,8.0,2.2,track2-swarm
West Bohemia 2018,evid=616048330,2018-05-11 10:05:56.460,50.261,12.447,9.496,1.1,track2-swarm
West Bohemia 2018,evid=619325194,2018-05-11 10:05:56.910,50.261,12.447,9.32,1.1,track2-swarm
West Bohemia 2018,evid=619325196,2018-05-11 10:05:57.600,50.264,12.44,8.0,1.8,track2-swarm
West Bohemia 2018,evid=619325200,2018-05-11 10:06:52.110,50.264,12.443,8.881,0.87,track2-swarm
West Bohemia 2018,evid=619325203,2018-05-11 10:06:53.130,50.259,12.447,8.529,1.1,track2-swarm
West Bohemia 2018,evid=619325206,2018-05-11 10:06:58.880,50.261,12.445,8.881,1.0,track2-swarm
West Bohemia 2018,evid=619325209,2018-05-11 10:06:59.830,50.257,12.448,9.262,0.79,track2-swarm
West Bohemia 2018,evid=619325212,2018-05-11 10:07:59.020,50.259,12.448,8.588,1.6,track2-swarm
West Bohemia 2018,evid=619325213,2018-05-11 10:11:27.590,50.258,12.449,9.35,0.86,track2-swarm
West Bohemia 2018,evid=619325216,2018-05-11 10:11:44.010,50.261,12.444,8.939,0.16,track2-swarm
West Bohemia 2018,evid=619325219,2018-05-11 10:11:58.020,50.26,12.448,8.822,2.0,track2-swarm
West Bohemia 2018,evid=619325222,2018-05-11 10:11:59.670,50.259,12.45,9.262,1.5,track2-swarm
West Bohemia 2018,evid=619325225,2018-05-11 10:12:30.300,50.258,12.448,9.145,0.09,track2-swarm
West Bohemia 2018,evid=611933990,2018-05-11 10:18:08.960,50.26,12.446,8.998,1.9,track2-swarm
West Bohemia 2018,evid=619325226,2018-05-11 10:18:11.860,50.261,12.445,8.822,2.5,track2-swarm
West Bohemia 2018,evid=616048334,2018-05-11 10:19:51.400,50.265,12.44,7.9,1.8,track2-swarm
West Bohemia 2018,evid=619325228,2018-05-11 10:21:30.170,50.263,12.444,8.764,2.1,track2-swarm
West Bohemia 2018,evid=619325232,2018-05-11 10:21:43.110,50.262,12.444,8.793,1.8,track2-swarm
West Bohemia 2018,evid=619325233,2018-05-11 10:24:58.770,50.261,12.446,9.057,1.6,track2-swarm
West Bohemia 2018,evid=619325234,2018-05-11 10:27:46.210,50.264,12.441,8.881,1.2,track2-swarm
West Bohemia 2018,evid=619325237,2018-05-11 10:27:47.110,50.264,12.444,8.764,1.8,track2-swarm
West Bohemia 2018,evid=619325240,2018-05-11 10:27:57.370,50.262,12.445,8.998,1.7,track2-swarm
West Bohemia 2018,evid=619325243,2018-05-11 10:28:06.020,50.262,12.444,8.998,1.6,track2-swarm
West Bohemia 2018,evid=619325246,2018-05-11 10:28:18.240,50.263,12.444,8.939,1.2,track2-swarm
West Bohemia 2018,evid=619325249,2018-05-11 10:28:21.790,50.259,12.448,9.115,0.79,track2-swarm
West Bohemia 2018,evid=619325252,2018-05-11 10:28:27.110,50.262,12.424,8.617,0.17,track2-swarm
West Bohemia 2018,evid=619325255,2018-05-11 10:28:28.050,50.25,12.443,9.32,0.52,track2-swarm
West Bohemia 2018,evid=619325258,2018-05-11 10:28:29.630,50.264,12.444,8.939,1.1,track2-swarm
West Bohemia 2018,evid=619325261,2018-05-11 10:28:37.660,50.261,12.445,8.998,1.8,track2-swarm
West Bohemia 2018,evid=619325264,2018-05-11 10:28:38.300,50.264,12.443,8.822,1.9,track2-swarm
West Bohemia 2018,evid=619325267,2018-05-11 10:28:39.730,50.264,12.444,8.939,1.6,track2-swarm
West Bohemia 2018,evid=619325270,2018-05-11 10:28:58.640,50.262,12.444,9.057,0.82,track2-swarm
West Bohemia 2018,evid=611933991,2018-05-11 10:30:17.600,50.269,12.437,7.8,2.3,track2-swarm
West Bohemia 2018,evid=619325271,2018-05-11 10:31:17.830,50.263,12.444,8.998,0.66,track2-swarm
West Bohemia 2018,evid=619325274,2018-05-11 10:31:23.400,50.263,12.444,8.764,1.3,track2-swarm
West Bohemia 2018,evid=619325277,2018-05-11 10:31:26.520,50.262,12.443,8.91,0.76,track2-swarm
West Bohemia 2018,evid=619325280,2018-05-11 10:31:34.390,50.262,12.444,9.262,0.53,track2-swarm
West Bohemia 2018,evid=619325283,2018-05-11 10:31:40.140,50.261,12.446,8.998,1.5,track2-swarm
West Bohemia 2018,evid=619325286,2018-05-11 10:31:40.970,50.261,12.445,8.998,1.1,track2-swarm
West Bohemia 2018,evid=616048336,2018-05-11 10:32:18.760,50.262,12.445,9.057,0.58,track2-swarm
West Bohemia 2018,evid=619325287,2018-05-11 10:33:03.730,50.262,12.444,8.998,1.7,track2-swarm
West Bohemia 2018,evid=619325289,2018-05-11 10:33:06.700,50.265,12.439,7.9,1.9,track2-swarm
West Bohemia 2018,evid=619325293,2018-05-11 10:33:35.490,50.263,12.445,8.939,1.7,track2-swarm
West Bohemia 2018,evid=616048337,2018-05-11 10:45:23.660,50.261,12.447,9.057,0.5,track2-swarm
West Bohemia 2018,evid=619325294,2018-05-11 10:45:35.630,50.26,12.448,9.115,0.42,track2-swarm
West Bohemia 2018,evid=619325296,2018-05-11 10:45:40.400,50.264,12.439,8.0,2.0,track2-swarm
West Bohemia 2018,evid=619325298,2018-05-11 11:02:38.670,50.262,12.444,9.232,0.13,track2-swarm
West Bohemia 2018,evid=619325301,2018-05-11 11:03:11.990,50.26,12.447,9.115,1.6,track2-swarm
West Bohemia 2018,evid=619325304,2018-05-11 11:03:12.450,50.26,12.447,9.174,1.5,track2-swarm
West Bohemia 2018,evid=619325307,2018-05-11 11:04:05.770,50.261,12.445,8.998,1.8,track2-swarm
West Bohemia 2018,evid=619325310,2018-05-11 11:04:47.350,50.261,12.446,8.939,1.4,track2-swarm
West Bohemia 2018,evid=619325311,2018-05-11 11:08:58.450,50.259,12.447,8.998,1.8,track2-swarm
West Bohemia 2018,evid=619325312,2018-05-11 11:11:18.200,50.258,12.448,8.998,0.63,track2-swarm
West Bohemia 2018,evid=619325313,2018-05-11 11:13:09.140,50.262,12.445,9.232,1.8,track2-swarm
West Bohemia 2018,evid=619325314,2018-05-11 11:25:03.680,50.265,12.445,8.236,1.0,track2-swarm
West Bohemia 2018,evid=619325317,2018-05-11 11:25:06.120,50.263,12.445,8.354,1.0,track2-swarm
West Bohemia 2018,evid=619325318,2018-05-11 11:30:29.340,50.264,12.443,8.939,1.7,track2-swarm
West Bohemia 2018,evid=619325321,2018-05-11 11:31:03.170,50.262,12.444,9.057,0.66,track2-swarm
West Bohemia 2018,evid=619325324,2018-05-11 11:31:19.970,50.262,12.444,9.232,0.34,track2-swarm
West Bohemia 2018,evid=619325327,2018-05-11 11:31:20.010,50.262,12.444,9.379,0.5,track2-swarm
West Bohemia 2018,evid=619325330,2018-05-11 11:31:20.540,50.262,12.445,9.232,0.34,track2-swarm
West Bohemia 2018,evid=619325333,2018-05-11 11:31:26.860,50.265,12.44,8.939,0.83,track2-swarm
West Bohemia 2018,evid=619325336,2018-05-11 11:31:27.160,50.261,12.444,9.174,1.4,track2-swarm
West Bohemia 2018,evid=619325339,2018-05-11 11:31:30.630,50.263,12.443,8.998,1.8,track2-swarm
West Bohemia 2018,evid=619325340,2018-05-11 11:34:35.760,50.264,12.442,8.998,0.15,track2-swarm
West Bohemia 2018,evid=619325343,2018-05-11 11:34:44.030,50.261,12.447,8.705,1.7,track2-swarm
West Bohemia 2018,evid=619325346,2018-05-11 11:34:50.130,50.261,12.447,9.027,0.72,track2-swarm
West Bohemia 2018,evid=619325349,2018-05-11 11:35:07.200,50.263,12.444,9.232,0.25,track2-swarm
West Bohemia 2018,evid=619325352,2018-05-11 11:35:09.010,50.264,12.443,9.145,0.24,track2-swarm
West Bohemia 2018,evid=619325355,2018-05-11 11:35:10.050,50.261,12.45,8.91,0.18,track2-swarm
West Bohemia 2018,evid=619325358,2018-05-11 11:35:10.630,50.263,12.442,8.822,0.34,track2-swarm
West Bohemia 2018,evid=619325361,2018-05-11 11:35:13.360,50.264,12.437,9.145,0.98,track2-swarm
West Bohemia 2018,evid=619325364,2018-05-11 11:35:13.840,50.263,12.443,8.998,1.8,track2-swarm
West Bohemia 2018,evid=619325367,2018-05-11 11:35:16.040,50.264,12.443,9.145,1.1,track2-swarm
West Bohemia 2018,evid=619325370,2018-05-11 11:35:18.000,50.259,12.446,9.496,0.7,track2-swarm
West Bohemia 2018,evid=619325373,2018-05-11 11:35:28.160,50.263,12.444,8.998,1.2,track2-swarm
West Bohemia 2018,evid=619325376,2018-05-11 11:35:37.980,50.265,12.441,8.822,0.63,track2-swarm
West Bohemia 2018,evid=619325379,2018-05-11 11:35:39.270,50.263,12.444,8.998,0.89,track2-swarm
West Bohemia 2018,evid=619325382,2018-05-11 11:35:41.210,50.264,12.444,9.379,0.4,track2-swarm
West Bohemia 2018,evid=619325385,2018-05-11 11:35:45.380,50.263,12.443,8.998,1.1,track2-swarm
West Bohemia 2018,evid=619325388,2018-05-11 11:35:48.360,50.263,12.444,8.939,1.6,track2-swarm
West Bohemia 2018,evid=611933992,2018-05-11 11:38:25.300,50.267,12.437,7.8,2.3,track2-swarm
West Bohemia 2018,evid=616048340,2018-05-11 11:38:49.180,50.273,12.444,7.211,0.39,track2-swarm
West Bohemia 2018,evid=619325389,2018-05-11 11:38:49.650,50.263,12.441,9.232,0.55,track2-swarm
West Bohemia 2018,evid=619325393,2018-05-11 11:38:58.400,50.263,12.443,9.057,2.3,track2-swarm
West Bohemia 2018,evid=619325397,2018-05-11 11:38:59.510,50.262,12.443,8.676,1.9,track2-swarm
West Bohemia 2018,evid=619325400,2018-05-11 11:39:00.050,50.265,12.443,9.262,2.0,track2-swarm
West Bohemia 2018,evid=619325403,2018-05-11 11:39:19.280,50.262,12.445,8.998,2.0,track2-swarm
West Bohemia 2018,evid=619325406,2018-05-11 11:39:28.050,50.276,12.44,6.977,0.59,track2-swarm
West Bohemia 2018,evid=619325409,2018-05-11 11:39:38.690,50.264,12.443,9.262,0.56,track2-swarm
West Bohemia 2018,evid=619325412,2018-05-11 11:39:44.970,50.266,12.44,8.881,0.55,track2-swarm
West Bohemia 2018,evid=619325415,2018-05-11 11:39:45.310,50.262,12.444,9.027,0.35,track2-swarm
West Bohemia 2018,evid=619325418,2018-05-11 11:39:47.230,50.259,12.443,8.793,0.32,track2-swarm
West Bohemia 2018,evid=619325421,2018-05-11 11:39:49.590,50.262,12.444,8.998,0.85,track2-swarm
West Bohemia 2018,evid=619325424,2018-05-11 11:39:50.110,50.257,12.448,11.957,0.6,track2-swarm
West Bohemia 2018,evid=619325427,2018-05-11 11:39:53.140,50.265,12.441,9.262,0.33,track2-swarm
West Bohemia 2018,evid=619325430,2018-05-11 11:40:06.040,50.263,12.441,8.939,1.2,track2-swarm
West Bohemia 2018,evid=619325431,2018-05-11 11:42:10.260,50.261,12.446,9.057,1.4,track2-swarm
West Bohemia 2018,evid=619325434,2018-05-11 11:42:12.540,50.26,12.447,9.174,1.5,track2-swarm
West Bohemia 2018,evid=619325437,2018-05-11 11:42:15.960,50.26,12.445,9.467,1.0,track2-swarm
Ridgecrest,Ridgecrest mainshock,2019-07-06T03:19:53.000000Z,35.77,-117.599,0.0,7.1,track1-western-us
Ridgecrest,ci38457759,2019-07-06 03:59:48.610000,35.8751667,-117.7141667,4.37,3.53,track1-western-us
Ridgecrest,ci37221132,2019-07-06 03:59:24,35.8928333,-117.7238333,8.02,3.47,track1-western-us
Ridgecrest,ci37263212,2019-07-06 03:59:10.110000,35.873,-117.6878333,4.52,3.03,track1-western-us
Ridgecrest,ci37263020,2019-07-06 03:58:57.750000,35.91,-117.6836667,2.3,3.39,track1-western-us
Ridgecrest,ci37263204,2019-07-06 03:58:57,35.7838333,-117.6118333,7.39,3.15,track1-western-us
Ridgecrest,ci37262956,2019-07-06 03:58:47.290000,35.637,-117.4765,5.27,3.22,track1-western-us
Ridgecrest,ci37221124,2019-07-06 03:58:25.300000,35.6591667,-117.4605,9.41,3.49,track1-western-us
Ridgecrest,ci37262924,2019-07-06 03:58:11.300000,35.8846667,-117.6908333,9.69,3.44,track1-western-us
Ridgecrest,ci37421229,2019-07-06 03:57:50.900000,35.869,-117.6613333,7.21,4.31,track1-western-us
Ridgecrest,ci37221116,2019-07-06 03:57:37.970000,35.8908333,-117.6995,4.57,3.59,track1-western-us
Ridgecrest,ci37262916,2019-07-06 03:57:12.320000,35.8958333,-117.74,7.23,3.01,track1-western-us
Ridgecrest,ci37262892,2019-07-06 03:56:45,35.9136667,-117.7153333,6.04,3.24,track1-western-us
Ridgecrest,ci37221108,2019-07-06 03:56:33.520000,35.918,-117.7361667,6.52,3.53,track1-western-us
Ridgecrest,ci37262884,2019-07-06 03:56:25.080000,35.87,-117.7083333,5.44,3.09,track1-western-us
Ridgecrest,ci37262860,2019-07-06 03:56:10.490000,35.8981667,-117.7306667,6.58,3.35,track1-western-us
Ridgecrest,ci37262684,2019-07-06 03:56:02.750000,35.6693333,-117.4813333,3.23,3.07,track1-western-us
Ridgecrest,ci37221100,2019-07-06 03:56:01.640000,35.8818333,-117.674,4.37,3.48,track1-western-us
Ridgecrest,ci37262524,2019-07-06 03:55:48.170000,35.8348333,-117.6805,9.05,3.15,track1-western-us
Ridgecrest,ci38457735,2019-07-06 03:55:20.020000,35.9055,-117.6875,8.43,4.06,track1-western-us
Ridgecrest,ci37221092,2019-07-06 03:55:03.710000,35.63,-117.4376667,4.24,3.14,track1-western-us
Ridgecrest,ci38457727,2019-07-06 03:54:46.840000,35.78,-117.5856667,10.44,3.5,track1-western-us
Ridgecrest,ci37261988,2019-07-06 03:54:15.260000,35.9173333,-117.7255,9.54,3.37,track1-western-us
Ridgecrest,ci37261980,2019-07-06 03:54:09.890000,35.9,-117.744,6.99,3.24,track1-western-us
Ridgecrest,ci37221076,2019-07-06 03:53:57.980000,35.9025,-117.6808333,8.09,3.67,track1-western-us
Ridgecrest,ci37221068,2019-07-06 03:53:40.350000,35.7051667,-117.5235,10.04,3.27,track1-western-us
Ridgecrest,ci38457719,2019-07-06 03:53:40.290000,35.8696667,-117.7106667,5.8,3.68,track1-western-us
Ridgecrest,ci37220908,2019-07-06 03:53:20.900000,35.775,-117.5638333,11.75,3.47,track1-western-us
Ridgecrest,ci37220748,2019-07-06 03:52:59.340000,35.9273333,-117.7415,6.24,3.69,track1-western-us
Ridgecrest,ci37220612,2019-07-06 03:52:54.840000,35.5768333,-117.4073333,3.6,3.6,track1-western-us
Ridgecrest,ci37220604,2019-07-06 03:52:23.960000,35.7508333,-117.6025,6.81,3.35,track1-western-us
Ridgecrest,ci37220596,2019-07-06 03:52:03.730000,35.8996667,-117.6963333,9.69,3.57,track1-western-us
Ridgecrest,ci37261964,2019-07-06 03:51:53.810000,35.8895,-117.6785,8.96,3.08,track1-western-us
Ridgecrest,ci37261948,2019-07-06 03:51:46.160000,35.911,-117.6881667,8.23,3.23,track1-western-us
Ridgecrest,ci37261900,2019-07-06 03:51:38.800000,35.8958333,-117.707,6.16,3.44,track1-western-us
Ridgecrest,ci37261844,2019-07-06 03:51:20.330000,35.9373333,-117.6741667,9.87,3.76,track1-western-us
Ridgecrest,ci38457703,2019-07-06 03:50:59.710000,35.9035,-117.7001667,8.26,4.97,track1-western-us
Ridgecrest,ci37220316,2019-07-06 03:50:49.350000,35.9101667,-117.739,10.71,3.79,track1-western-us
Ridgecrest,ci37220588,2019-07-06 03:50:34,35.894,-117.7383333,8.37,3.45,track1-western-us
Ridgecrest,ci37421773,2019-07-06 03:50:11.070000,35.9036667,-117.7248333,6.5,3.79,track1-western-us
Ridgecrest,ci37261788,2019-07-06 03:50:04.740000,35.6163333,-117.4436667,7.26,3.67,track1-western-us
Ridgecrest,ci38457695,2019-07-06 03:49:52.420000,35.8261667,-117.6841667,7.08,3.83,track1-western-us
Ridgecrest,ci37220308,2019-07-06 03:49:24.980000,35.5571667,-117.3851667,3.51,3.78,track1-western-us
Ridgecrest,ci37261620,2019-07-06 03:48:57.740000,35.9058333,-117.7236667,6.2,3.68,track1-western-us
Ridgecrest,ci37261628,2019-07-06 03:48:54.220000,35.9998333,-117.7223333,9.53,3.53,track1-western-us
Ridgecrest,ci37261564,2019-07-06 03:48:36.260000,35.9108333,-117.7353333,7.04,3.55,track1-western-us
Ridgecrest,ci37220300,2019-07-06 03:48:24.660000,35.9025,-117.69,0.5,3.98,track1-western-us
Ridgecrest,ci37261556,2019-07-06 03:48:14.550000,35.9013333,-117.7486667,7.58,3.8,track1-western-us
Ridgecrest,ci38457687,2019-07-06 03:47:53.420000,35.9011667,-117.7495,5.04,5.5,track1-western-us
Ridgecrest,ci37261540,2019-07-06 03:47:08.740000,35.8868333,-117.7173333,7.32,3.32,track1-western-us
Ridgecrest,ci37220292,2019-07-06 03:47:00.080000,35.902,-117.7436667,8.46,3.57,track1-western-us
Ridgecrest,ci37261516,2019-07-06 03:46:57.130000,35.8941667,-117.7171667,5.11,3.34,track1-western-us
Ridgecrest,ci37220284,2019-07-06 03:46:38.500000,35.6573333,-117.45,2.12,3.72,track1-western-us
Ridgecrest,ci38457679,2019-07-06 03:46:26.870000,35.6805,-117.4703333,6.85,4.26,track1-western-us
Ridgecrest,ci37261500,2019-07-06 03:46:19.420000,35.9111667,-117.7205,7.5,3.16,track1-western-us
Ridgecrest,ci37220276,2019-07-06 03:45:54.830000,35.7036667,-117.5063333,11.11,3.52,track1-western-us
Ridgecrest,ci37220268,2019-07-06 03:45:29.320000,35.8835,-117.7276667,7.51,3.46,track1-western-us
Ridgecrest,ci37220108,2019-07-06 03:45:13.210000,35.9026667,-117.7426667,8.47,3.49,track1-western-us
Ridgecrest,ci38457671,2019-07-06 03:45:09.010000,35.9186667,-117.7188333,3.32,3.47,track1-western-us
Ridgecrest,ci37219948,2019-07-06 03:44:50.150000,35.8971667,-117.7305,9.84,3.29,track1-western-us
Ridgecrest,ci37219924,2019-07-06 03:44:17.710000,35.9058333,-117.6941667,6.12,3.96,track1-western-us
Ridgecrest,ci37261484,2019-07-06 03:44:10.780000,35.7821667,-117.5935,11.22,3.6,track1-western-us
Ridgecrest,ci38457663,2019-07-06 03:44:01.600000,35.9135,-117.7276667,6.96,3.86,track1-western-us
Ridgecrest,ci37261468,2019-07-06 03:43:32.470000,35.8685,-117.7276667,6.05,3.15,track1-western-us
Ridgecrest,ci37219900,2019-07-06 03:43:09.040000,35.8865,-117.6938333,9.46,3.85,track1-western-us
Ridgecrest,ci38457655,2019-07-06 03:42:52.530000,35.878,-117.7016667,4.58,3.86,track1-western-us
Ridgecrest,ci37219908,2019-07-06 03:42:45.760000,35.866,-117.6848333,4.95,3.57,track1-western-us
Ridgecrest,ci37261436,2019-07-06 03:42:37.900000,35.5688333,-117.3843333,7.95,3.46,track1-western-us
Ridgecrest,ci37219884,2019-07-06 03:42:25.640000,35.758,-117.5613333,7.57,3.3,track1-western-us
Ridgecrest,ci37261284,2019-07-06 03:42:09.680000,35.8751667,-117.73,6.96,3.57,track1-western-us
Ridgecrest,ci37261276,2019-07-06 03:42:04.410000,35.9073333,-117.7048333,7.09,3.2,track1-western-us
Ridgecrest,ci37261268,2019-07-06 03:41:46.460000,35.9065,-117.727,6.0,3.46,track1-western-us
Ridgecrest,ci38457639,2019-07-06 03:41:38.650000,35.8923333,-117.722,7.87,3.98,track1-western-us
Ridgecrest,ci37261260,2019-07-06 03:41:27.460000,35.8903333,-117.6816667,8.24,3.18,track1-western-us
Ridgecrest,ci37219876,2019-07-06 03:41:14.110000,35.6398333,-117.4363333,3.31,3.14,track1-western-us
Ridgecrest,ci37219868,2019-07-06 03:40:51.430000,35.7741667,-117.6118333,9.88,3.49,track1-western-us
Ridgecrest,ci37261244,2019-07-06 03:40:43.090000,35.8776667,-117.6725,7.56,3.36,track1-western-us
Ridgecrest,ci37219860,2019-07-06 03:40:32.540000,35.7801667,-117.6281667,5.74,3.42,track1-western-us
Ridgecrest,ci37261220,2019-07-06 03:40:16.160000,35.8346667,-117.658,5.51,2.99,track1-western-us
Ridgecrest,ci38457631,2019-07-06 03:40:04.140000,35.9133333,-117.703,7.04,3.65,track1-western-us
Ridgecrest,ci37219852,2019-07-06 03:39:41.270000,35.9028333,-117.7208333,8.24,3.24,track1-western-us
Ridgecrest,ci37421237,2019-07-06 03:39:34.110000,35.9021667,-117.7426667,8.81,3.74,track1-western-us
Ridgecrest,ci37421221,2019-07-06 03:39:14.680000,35.6136667,-117.433,9.8,3.84,track1-western-us
Ridgecrest,ci37219844,2019-07-06 03:39:02.720000,35.7166667,-117.5515,10.52,3.69,track1-western-us
Ridgecrest,ci38457623,2019-07-06 03:38:56.100000,35.6483333,-117.4673333,4.21,3.45,track1-western-us
Ridgecrest,ci37261204,2019-07-06 03:38:41,35.785,-117.605,9.3,3.26,track1-western-us
Ridgecrest,ci37219836,2019-07-06 03:38:22.930000,35.9128333,-117.7123333,6.7,3.79,track1-western-us
Ridgecrest,ci37260924,2019-07-06 03:37:44.910000,35.6591667,-117.5008333,4.84,3.47,track1-western-us
Ridgecrest,ci37219828,2019-07-06 03:37:25.270000,35.8718333,-117.7013333,6.12,3.53,track1-western-us
Ridgecrest,ci37219820,2019-07-06 03:37:05.160000,35.7326667,-117.5268333,2.63,3.63,track1-western-us
Ridgecrest,ci37260892,2019-07-06 03:36:54.860000,35.903,-117.7371667,9.16,3.22,track1-western-us
Ridgecrest,ci37219812,2019-07-06 03:36:28.480000,35.6625,-117.5445,3.18,3.85,track1-western-us
Ridgecrest,ci38457615,2019-07-06 03:36:16.460000,35.9028333,-117.7338333,7.27,4.35,track1-western-us
Ridgecrest,ci37260884,2019-07-06 03:35:58.410000,35.7175,-117.5576667,10.29,3.49,track1-western-us
Ridgecrest,ci37260876,2019-07-06 03:35:49.820000,35.8838333,-117.69,7.5,3.35,track1-western-us
Ridgecrest,ci37219804,2019-07-06 03:35:44.730000,35.614,-117.4453333,5.9,3.39,track1-western-us
Ridgecrest,ci37219796,2019-07-06 03:35:30.660000,35.979,-117.7576667,6.52,3.67,track1-western-us
Ridgecrest,ci37260868,2019-07-06 03:35:24.390000,35.7051667,-117.5565,9.09,3.42,track1-western-us
Ridgecrest,ci38457607,2019-07-06 03:35:05.420000,35.6521667,-117.4668333,1.97,4.09,track1-western-us
Ridgecrest,ci37219788,2019-07-06 03:34:55.980000,35.5806667,-117.3961667,13.22,3.52,track1-western-us
Ridgecrest,ci37219740,2019-07-06 03:34:42.840000,35.9058333,-117.6573333,9.5,3.74,track1-western-us
Ridgecrest,ci37261164,2019-07-06 03:34:36.640000,35.893,-117.7253333,6.89,3.29,track1-western-us
Ridgecrest,ci37260860,2019-07-06 03:34:27.200000,35.904,-117.7033333,8.1,3.43,track1-western-us
Ridgecrest,ci37219732,2019-07-06 03:34:21.530000,35.7661667,-117.5875,1.82,3.63,track1-western-us
Ridgecrest,ci37260828,2019-07-06 03:33:55.940000,35.8723333,-117.699,11.58,3.51,track1-western-us
Ridgecrest,ci37261156,2019-07-06 03:33:48.800000,35.665,-117.424,0.78,3.19,track1-western-us
Ridgecrest,ci37219708,2019-07-06 03:33:39.450000,35.726,-117.5613333,11.09,4.01,track1-western-us
Ridgecrest,ci37219716,2019-07-06 03:33:39.100000,35.8933333,-117.7238333,9.89,3.8,track1-western-us
Ridgecrest,ci37219700,2019-07-06 03:33:20.200000,35.624,-117.4861667,10.99,4.08,track1-western-us
Ridgecrest,ci37219684,2019-07-06 03:33:03.660000,35.9025,-117.7163333,8.47,3.9,track1-western-us
Ridgecrest,ci38457599,2019-07-06 03:32:46.660000,35.8903333,-117.7303333,6.15,4.17,track1-western-us
Ridgecrest,ci37219676,2019-07-06 03:32:29.440000,35.5985,-117.4145,6.69,3.68,track1-western-us
Ridgecrest,ci37219668,2019-07-06 03:32:25.640000,35.8981667,-117.7263333,10.82,3.61,track1-western-us
Ridgecrest,ci37260804,2019-07-06 03:32:13.430000,35.8708333,-117.6531667,8.18,3.32,track1-western-us
Ridgecrest,ci37219660,2019-07-06 03:31:58.270000,35.8901667,-117.7121667,6.29,3.86,track1-western-us
Ridgecrest,ci37219652,2019-07-06 03:31:48.760000,35.8883333,-117.6978333,8.93,3.97,track1-western-us
Ridgecrest,ci37260788,2019-07-06 03:31:33.720000,35.7393333,-117.5488333,2.39,3.45,track1-western-us
Ridgecrest,ci37219644,2019-07-06 03:31:24.540000,35.6596667,-117.4853333,5.2,3.62,track1-western-us
Ridgecrest,ci37219636,2019-07-06 03:31:10.380000,35.8936667,-117.7216667,9.39,3.55,track1-western-us
Ridgecrest,ci37219628,2019-07-06 03:30:59.670000,35.9068333,-117.704,8.84,3.9,track1-western-us
Ridgecrest,ci37219620,2019-07-06 03:30:43.010000,35.8671667,-117.7223333,8.26,3.53,track1-western-us
Ridgecrest,ci38457591,2019-07-06 03:30:25.050000,35.5566667,-117.3581667,8.71,4.49,track1-western-us
Ridgecrest,ci37260620,2019-07-06 03:30:00.710000,35.8845,-117.7018333,6.05,3.56,track1-western-us
San Simeon,San Simeon mainshock,2003-12-22T19:15:56.000000Z,35.7,-121.1,0.0,6.5,track1-western-us
San Simeon,nc68005862,2003-12-22 21:25:11.680000,35.533,-120.8351667,8.013,3.21,track1-western-us
San Simeon,nc30500302,2003-12-22 21:24:30.720000,35.6641667,-121.0395,7.64,3.0,track1-western-us
San Simeon,nc30500301,2003-12-22 21:23:42.190000,35.7106667,-121.0586667,4.263,2.68,track1-western-us
San Simeon,nc30500300,2003-12-22 21:22:29.940000,35.7005,-121.0226667,7.791,3.18,track1-western-us
San Simeon,nc30500299,2003-12-22 21:21:12.330000,35.6316667,-121.0016667,4.902,2.87,track1-western-us
San Simeon,nc21323920,2003-12-22 21:19:44.840000,35.5765,-120.8825,3.86,2.6,track1-western-us
San Simeon,nc40148855,2003-12-22 21:17:37.600000,35.6325,-120.9385,8.318,2.2,track1-western-us
San Simeon,nc40148854,2003-12-22 21:17:05.260000,35.6036667,-120.836,3.615,2.31,track1-western-us
San Simeon,nc40148853,2003-12-22 21:16:04.600000,35.6275,-120.9465,9.311,2.92,track1-western-us
San Simeon,nc40148852,2003-12-22 21:15:23.660000,35.6288333,-120.9406667,3.711,2.75,track1-western-us
San Simeon,nc21324926,2003-12-22 21:12:25.320000,35.5675,-120.8196667,1.898,2.39,track1-western-us
San Simeon,nc68005851,2003-12-22 21:10:34.320000,35.5945,-120.869,6.413,3.01,track1-western-us
San Simeon,nc21323751,2003-12-22 21:09:07.670000,35.5256667,-120.8425,6.19,2.13,track1-western-us
San Simeon,nc68005849,2003-12-22 21:06:52.670000,35.5446667,-120.8508333,8.672,2.97,track1-western-us
San Simeon,nc21323828,2003-12-22 21:06:10.720000,35.5748333,-120.9313333,4.032,3.28,track1-western-us
San Simeon,nc68005847,2003-12-22 21:05:07.860000,35.6631667,-121.0771667,8.016,2.95,track1-western-us
San Simeon,nc21323741,2003-12-22 21:04:31.510000,35.7061667,-121.0735,7.867,1.6,track1-western-us
San Simeon,nc40148844,2003-12-22 21:03:33.160000,35.5791667,-120.8785,3.093,3.06,track1-western-us
San Simeon,nc21326693,2003-12-22 21:02:22.090000,35.6843333,-121.0545,5.525,2.2,track1-western-us
San Simeon,nc40148841,2003-12-22 21:01:00.250000,35.5441667,-120.846,4.928,2.53,track1-western-us
San Simeon,nc40148840,2003-12-22 21:00:21.560000,35.5568333,-120.8723333,6.533,2.22,track1-western-us
San Simeon,nc40148839,2003-12-22 20:59:37.170000,35.6238333,-121.0298333,9.749,2.53,track1-western-us
San Simeon,nc40148838,2003-12-22 20:58:55.020000,35.6326667,-121.014,7.611,2.83,track1-western-us
San Simeon,nc40148837,2003-12-22 20:58:03.740000,35.703,-121.0586667,4.972,2.09,track1-western-us
San Simeon,nc68005839,2003-12-22 20:57:01.850000,35.6363333,-121.03,10.84,2.0,track1-western-us
San Simeon,nc40148835,2003-12-22 20:56:07.730000,35.5843333,-120.8943333,4.69,3.49,track1-western-us
San Simeon,nc40148834,2003-12-22 20:55:39.850000,35.6878333,-121.0641667,-0.082,1.88,track1-western-us
San Simeon,nc68005837,2003-12-22 20:52:39.770000,35.575,-120.8751667,4.81,2.37,track1-western-us
San Simeon,nc30500423,2003-12-22 20:50:53.390000,35.7081667,-121.049,4.846,3.13,track1-western-us
San Simeon,nc30500422,2003-12-22 20:49:59.400000,35.6326667,-121.0308333,1.756,3.31,track1-western-us
San Simeon,nc30500421,2003-12-22 20:48:15.810000,35.5796667,-120.9346667,5.098,2.8,track1-western-us
San Simeon,nc21324924,2003-12-22 20:47:02.610000,35.5906667,-120.9556667,3.318,2.96,track1-western-us
San Simeon,nc68005832,2003-12-22 20:46:16.530000,35.6048333,-120.791,0.063,2.81,track1-western-us
San Simeon,nc30500442,2003-12-22 20:44:17.580000,35.6581667,-121.0948333,5.904,3.49,track1-western-us
San Simeon,nc71110459,2003-12-22 20:41:43.870000,35.6615,-121.0463333,4.6,4.38,track1-western-us
San Simeon,nc68005830,2003-12-22 20:41:35.110000,35.5905,-120.948,3.95,2.37,track1-western-us
San Simeon,nc30500441,2003-12-22 20:41:09.880000,35.5861667,-120.8871667,2.753,4.28,track1-western-us
San Simeon,nc21324971,2003-12-22 20:38:20.570000,35.6873333,-121.103,6.032,3.4,track1-western-us
San Simeon,nc30500290,2003-12-22 20:36:33.910000,35.5501667,-120.848,8.499,2.77,track1-western-us
San Simeon,nc30500289,2003-12-22 20:34:57.110000,35.5621667,-120.9358333,7.678,2.82,track1-western-us
San Simeon,nc30500288,2003-12-22 20:34:08.320000,35.663,-121.0711667,4.399,2.54,track1-western-us
San Simeon,nc30500287,2003-12-22 20:33:39.490000,35.54,-120.849,10.389,2.38,track1-western-us
San Simeon,nc68005823,2003-12-22 20:33:14.100000,35.664,-120.967,-0.151,2.04,track1-western-us
San Simeon,nc68005822,2003-12-22 20:31:51.160000,35.5821667,-120.9743333,9.213,,track1-western-us
San Simeon,nc21323760,2003-12-22 20:31:01.410000,35.5598333,-120.8898333,10.216,2.34,track1-western-us
San Simeon,nc30506032,2003-12-22 20:30:06.940000,35.6706667,-121.0993333,5.622,2.33,track1-western-us
San Simeon,nc30506031,2003-12-22 20:29:29.280000,35.6955,-121.0596667,9.23,2.28,track1-western-us
San Simeon,nc68005818,2003-12-22 20:29:28.830000,35.5258333,-120.8456667,8.22,2.08,track1-western-us
San Simeon,nc68005817,2003-12-22 20:29:03.680000,35.676,-121.0211667,8.82,1.94,track1-western-us
San Simeon,nc21323745,2003-12-22 20:27:15.640000,35.5913333,-120.8666667,1.776,1.79,track1-western-us
San Simeon,nc30506046,2003-12-22 20:26:21.320000,35.6276667,-121.0401667,-0.215,3.01,track1-western-us
San Simeon,nc68005814,2003-12-22 20:23:35.660000,35.5221667,-120.9423333,13.333,,track1-western-us
San Simeon,nc68005813,2003-12-22 20:23:13.750000,35.5668333,-120.9233333,7.417,,track1-western-us
San Simeon,nc68005812,2003-12-22 20:22:49.580000,35.6705,-121.0471667,6.103,1.52,track1-western-us
San Simeon,nc68005811,2003-12-22 20:22:14.560000,35.6585,-121.0198333,5.56,3.1,track1-western-us
San Simeon,nc40148808,2003-12-22 20:21:26.270000,35.5925,-120.9531667,3.223,2.9,track1-western-us
San Simeon,nc30506045,2003-12-22 20:20:12.400000,35.6281667,-121.0015,3.903,2.97,track1-western-us
San Simeon,nc40148805,2003-12-22 20:19:31.890000,35.6235,-120.9521667,5.251,2.2,track1-western-us
San Simeon,nc40148804,2003-12-22 20:19:00.490000,35.5511667,-120.85,4.92,2.54,track1-western-us
San Simeon,nc68005806,2003-12-22 20:18:44.150000,35.5253333,-120.8651667,8.709,1.9,track1-western-us
San Simeon,nc30500286,2003-12-22 20:16:42.250000,35.7333333,-121.1066667,4.715,2.55,track1-western-us
San Simeon,nc68005804,2003-12-22 20:15:28.820000,35.5088333,-120.985,17.873,2.55,track1-western-us
San Simeon,nc21323743,2003-12-22 20:14:48.160000,35.6676667,-120.8803333,0.061,3.17,track1-western-us
San Simeon,nc21323742,2003-12-22 20:13:20.730000,35.6405,-121.0431667,3.6,2.75,track1-western-us
San Simeon,nc30500285,2003-12-22 20:12:46.600000,35.7068333,-121.0215,6.909,2.83,track1-western-us
San Simeon,nc30500284,2003-12-22 20:12:19.720000,35.5316667,-120.8243333,3.312,2.57,track1-western-us
San Simeon,nc30500283,2003-12-22 20:11:10.910000,35.631,-121.053,7.666,2.58,track1-western-us
San Simeon,nc30500282,2003-12-22 20:10:26.430000,35.6218333,-120.9995,10.722,2.66,track1-western-us
San Simeon,nc68005797,2003-12-22 20:08:31.620000,35.6541667,-121.0486667,7.877,3.15,track1-western-us
San Simeon,nc68005796,2003-12-22 20:08:03.980000,35.6231667,-120.7653333,1.399,,track1-western-us
San Simeon,nc30500281,2003-12-22 20:06:14.670000,35.687,-121.1068333,6.848,4.14,track1-western-us
San Simeon,nc30500280,2003-12-22 20:05:34.400000,35.654,-121.0593333,4.073,3.35,track1-western-us
San Simeon,nc21323740,2003-12-22 20:05:18.920000,35.7025,-121.0575,5.952,3.65,track1-western-us
San Simeon,nc21323734,2003-12-22 20:03:05.010000,35.6615,-121.1013333,10.411,2.95,track1-western-us
San Simeon,nc68005791,2003-12-22 20:01:32.070000,35.5886667,-120.8721667,2.367,3.32,track1-western-us
San Simeon,nc68005790,2003-12-22 19:59:32.120000,35.5913333,-120.9721667,7.151,3.15,track1-western-us
San Simeon,nc68005789,2003-12-22 19:58:28.460000,35.7148333,-121.073,6.199,2.59,track1-western-us
San Simeon,nc68005788,2003-12-22 19:58:09.340000,35.6671667,-121.0376667,8.217,3.26,track1-western-us
San Simeon,nc30226889,2003-12-22 19:56:46.290000,35.6643333,-121.0193333,5.813,3.27,track1-western-us
San Simeon,nc30226888,2003-12-22 19:53:29.770000,35.6386667,-121.055,7.159,3.94,track1-western-us
San Simeon,nc30226887,2003-12-22 19:53:01.820000,35.6801667,-121.008,8.977,1.45,track1-western-us
San Simeon,nc30226886,2003-12-22 19:52:41.680000,35.7071667,-121.0846667,8.025,2.12,track1-western-us
San Simeon,nc30226885,2003-12-22 19:51:44.950000,35.5803333,-120.8716667,7.173,1.34,track1-western-us
San Simeon,nc30226884,2003-12-22 19:51:25.400000,35.705,-121.0426667,9.145,3.34,track1-western-us
San Simeon,nc30226883,2003-12-22 19:50:01.170000,35.6423333,-121.0466667,6.091,2.09,track1-western-us
San Simeon,nc30226882,2003-12-22 19:49:27.490000,35.7155,-120.8571667,2.136,1.94,track1-western-us
San Simeon,nc30226936,2003-12-22 19:49:23.750000,35.6408333,-120.9025,8.273,3.23,track1-western-us
San Simeon,nc21323721,2003-12-22 19:48:34.320000,35.6743333,-121.061,7.765,2.37,track1-western-us
San Simeon,nc30226681,2003-12-22 19:48:00.460000,35.5243333,-121.092,16.68,2.64,track1-western-us
San Simeon,nc30500279,2003-12-22 19:46:39.030000,35.59,-120.8625,8.554,3.35,track1-western-us
San Simeon,nc30500278,2003-12-22 19:45:37.850000,35.6453333,-121.0508333,7.354,3.64,track1-western-us
San Simeon,nc30500277,2003-12-22 19:43:50.920000,35.7046667,-121.0681667,8.29,3.21,track1-western-us
San Simeon,nc30500276,2003-12-22 19:42:33.850000,35.6645,-121.0305,6.977,3.39,track1-western-us
San Simeon,nc30500275,2003-12-22 19:41:05.050000,35.5426667,-120.8531667,4.138,3.36,track1-western-us
San Simeon,nc21323720,2003-12-22 19:39:59.540000,35.643,-120.9993333,7.316,3.28,track1-western-us
San Simeon,nc21323718,2003-12-22 19:37:43.970000,35.5825,-120.9673333,5.859,3.62,track1-western-us
San Simeon,nc30506030,2003-12-22 19:36:12.270000,35.6008333,-120.864,7.99,2.6,track1-western-us
San Simeon,nc68005770,2003-12-22 19:35:55.580000,35.6271667,-120.8958333,10.707,,track1-western-us
San Simeon,nc21323717,2003-12-22 19:35:28.470000,35.5571667,-120.8798333,6.614,3.3,track1-western-us
San Simeon,nc40148761,2003-12-22 19:33:58.210000,35.5986667,-120.9383333,-0.443,2.87,track1-western-us
San Simeon,nc68005767,2003-12-22 19:31:05.190000,35.534,-120.832,3.587,4.02,track1-western-us
San Simeon,nc68005766,2003-12-22 19:30:09.140000,35.65,-120.9766667,0.12,,track1-western-us
San Simeon,nc30500274,2003-12-22 19:29:39.690000,35.5421667,-120.8503333,4.948,3.89,track1-western-us
San Simeon,nc21323714,2003-12-22 19:28:45.830000,35.63,-120.9823333,1.578,4.2,track1-western-us
San Simeon,nc68005763,2003-12-22 19:27:00.440000,35.6733333,-121.0165,5.589,,track1-western-us
San Simeon,nc21323713,2003-12-22 19:26:07.230000,35.6318333,-121.0551667,7.796,4.73,track1-western-us
Monte Cristo,Monte Cristo mainshock,2020-05-15T11:03:27.000000Z,38.169,-117.85,0.0,6.5,track1-western-us
Monte Cristo,nn00744336,2020-05-15 13:11:59.315000,38.1291,-117.9311,5.6,2.5,track1-western-us
Monte Cristo,nn00744335,2020-05-15 13:11:13.543000,38.1738,-117.8871,10.4,2.4,track1-western-us
Monte Cristo,nn00725349,2020-05-15 13:08:57.543000,38.1632,-117.8585,3.7,2.7,track1-western-us
Monte Cristo,nn00725345,2020-05-15 13:02:12.301000,38.1663,-117.7952,7.6,4.3,track1-western-us
Monte Cristo,nn00725344,2020-05-15 13:00:53.989000,38.1635,-117.8429,0.0,2.9,track1-western-us
Monte Cristo,nn00725343,2020-05-15 12:58:25.668000,38.1721,-117.7472,0.0,3.0,track1-western-us
Monte Cristo,nn00725341,2020-05-15 12:54:19.770000,38.1525,-118.039,4.9,3.3,track1-western-us
Monte Cristo,nn00743788,2020-05-15 12:51:53.422000,38.1447,-117.9831,3.8,1.9,track1-western-us
Monte Cristo,nn00725340,2020-05-15 12:50:21.033000,38.1604,-117.8076,9.4,3.1,track1-western-us
Monte Cristo,nn00725337,2020-05-15 12:47:34.114000,38.1977,-117.7855,6.3,3.3,track1-western-us
Monte Cristo,nn00725335,2020-05-15 12:45:06.622000,38.177,-117.8634,17.7,3.0,track1-western-us
Monte Cristo,nn00743787,2020-05-15 12:43:42.982000,38.1403,-117.8904,10.9,2.1,track1-western-us
Monte Cristo,nn00725333,2020-05-15 12:42:03.848000,38.1661,-118.0052,12.2,2.9,track1-western-us
Monte Cristo,nn00725331,2020-05-15 12:39:18.150000,38.152,-117.9094,16.6,2.8,track1-western-us
Monte Cristo,nn00743781,2020-05-15 12:39:06.890000,38.2247,-117.8915,17.5,2.8,track1-western-us
Monte Cristo,nn00743778,2020-05-15 12:38:12.461000,38.1919,-117.8161,1.2,2.7,track1-western-us
Monte Cristo,nn00742923,2020-05-15 12:37:00.994000,38.1635,-117.7749,2.6,2.5,track1-western-us
Monte Cristo,us70009gls,2020-05-15 12:36:27.484000,38.1752,-117.9126,10.0,3.0,track1-western-us
Monte Cristo,nn00725328,2020-05-15 12:31:37.133000,38.1714,-117.8683,18.0,3.1,track1-western-us
Monte Cristo,nn00742920,2020-05-15 12:26:58.070000,38.247,-117.8999,0.0,2.3,track1-western-us
Monte Cristo,nn00742913,2020-05-15 12:24:01.471000,38.1555,-117.8524,0.0,2.4,track1-western-us
Monte Cristo,nn00742910,2020-05-15 12:21:09.775000,38.1404,-118.0118,0.0,2.6,track1-western-us
Monte Cristo,nn00725327,2020-05-15 12:13:57.266000,38.1472,-117.9402,7.2,2.8,track1-western-us
Monte Cristo,nn00725325,2020-05-15 12:12:42.327000,38.1916,-117.898,5.5,3.2,track1-western-us
Monte Cristo,nn00725323,2020-05-15 12:10:24.755000,38.1621,-117.8707,18.2,3.5,track1-western-us
Monte Cristo,nn00742953,2020-05-15 12:10:06.074000,38.1589,-117.8934,10.8,2.5,track1-western-us
Monte Cristo,nn00742949,2020-05-15 12:08:36.726000,38.1308,-118.0134,0.0,2.9,track1-western-us
Monte Cristo,nn00725322,2020-05-15 12:07:03.571000,38.2341,-117.8116,4.1,2.6,track1-western-us
Monte Cristo,nn00742948,2020-05-15 12:06:02.104000,38.136,-117.9848,8.4,2.7,track1-western-us
Monte Cristo,nn00725320,2020-05-15 12:03:51.164000,38.1586,-117.9006,8.4,2.9,track1-western-us
Monte Cristo,nn00725321,2020-05-15 12:03:32.278000,38.1642,-117.8674,9.3,2.8,track1-western-us
Monte Cristo,nn00725312,2020-05-15 12:00:41.572000,38.1667,-117.8104,6.3,4.5,track1-western-us
Monte Cristo,us70009gka,2020-05-15 11:58:29.389000,38.1681,-117.8892,10.0,3.5,track1-western-us
Monte Cristo,nn00725310,2020-05-15 11:57:00.918000,38.1656,-117.9028,3.1,3.4,track1-western-us
Monte Cristo,nn00725306,2020-05-15 11:52:07.184000,38.1469,-117.9831,5.8,4.8,track1-western-us
Monte Cristo,nn00725303,2020-05-15 11:47:39.733000,38.1944,-117.777,17.8,2.5,track1-western-us
Monte Cristo,nn00725300,2020-05-15 11:45:28.836000,38.1324,-117.9723,7.3,3.4,track1-western-us
Monte Cristo,nn00742909,2020-05-15 11:41:30.299000,38.1812,-117.7445,0.0,3.0,track1-western-us
Monte Cristo,us70009gk3,2020-05-15 11:40:14.649000,38.137,-118.0211,10.0,3.2,track1-western-us
Monte Cristo,nn00742904,2020-05-15 11:34:56.293000,38.1629,-117.7624,0.0,2.8,track1-western-us
Monte Cristo,nn00742902,2020-05-15 11:33:12.573000,38.1291,-118.0059,0.0,3.0,track1-western-us
Monte Cristo,nn00742898,2020-05-15 11:32:41.506000,38.1464,-117.9767,6.0,3.0,track1-western-us
Monte Cristo,nn00725296,2020-05-15 11:30:16.409000,38.1337,-117.9888,5.5,4.0,track1-western-us
Monte Cristo,nn00725291,2020-05-15 11:26:01.747000,38.1811,-117.8711,6.8,5.1,track1-western-us
Monte Cristo,us70009gji,2020-05-15 11:25:42.463000,38.1737,-117.9736,5.0,3.6,track1-western-us
Monte Cristo,nn00742890,2020-05-15 11:21:47.241000,38.2015,-117.8718,19.4,2.9,track1-western-us
Monte Cristo,nn00742885,2020-05-15 11:19:38.407000,38.1607,-118.0297,16.2,3.4,track1-western-us
Monte Cristo,nn00725284,2020-05-15 11:18:12.392000,38.1596,-117.9598,3.8,4.9,track1-western-us
Monte Cristo,nn00725330,2020-05-15 11:17:22.252000,38.1485,-117.9092,5.1,3.8,track1-western-us
Mendocino 2024,Mendocino 2024 mainshock,2024-12-05T18:44:21.000000Z,40.374,-125.022,0.0,7.0,track1-western-us
Mendocino 2024,nc75096286,2024-12-05 20:53:57.830000,40.396,-125.014833333333,13.0,2.94,track1-western-us
Mendocino 2024,us7000nwaj,2024-12-05 20:53:53.504000,40.4808,-125.2588,10.0,2.6,track1-western-us
Mendocino 2024,nc75096276,2024-12-05 20:50:57.110000,40.3181666666667,-124.902666666667,13.8,2.61,track1-western-us
Mendocino 2024,nc75096271,2024-12-05 20:49:42.760000,40.3788333333333,-125.231,14.08,2.75,track1-western-us
Mendocino 2024,nc75096266,2024-12-05 20:48:13.930000,40.3368333333333,-124.8395,16.5,2.6,track1-western-us
Mendocino 2024,nc75096256,2024-12-05 20:46:43.840000,40.4086666666667,-125.103833333333,0.09,2.91,track1-western-us
Mendocino 2024,nc75096261,2024-12-05 20:45:59.490000,40.361,-124.7195,10.09,2.0,track1-western-us
Mendocino 2024,nc75096381,2024-12-05 20:45:27.760000,40.2928333333333,-124.397,20.86,1.77,track1-western-us
Mendocino 2024,nc75096376,2024-12-05 20:39:28.760000,40.3123333333333,-124.4155,8.67,1.72,track1-western-us
Mendocino 2024,nc75096241,2024-12-05 20:39:28.740000,40.3833333333333,-125.127333333333,22.94,3.48,track1-western-us
Mendocino 2024,nc75096226,2024-12-05 20:32:32.070000,40.3456666666667,-124.786,21.35,3.38,track1-western-us
Mendocino 2024,nc75096211,2024-12-05 20:28:46.190000,40.287,-124.599166666667,6.04,3.2,track1-western-us
Mendocino 2024,nc75096196,2024-12-05 20:21:04.830000,40.3378333333333,-124.884166666667,7.39,2.74,track1-western-us
Mendocino 2024,nc75096191,2024-12-05 20:16:09.320000,40.3221666666667,-124.486,10.76,2.29,track1-western-us
Mendocino 2024,nc75096186,2024-12-05 20:12:10.790000,40.3508333333333,-124.888333333333,10.0,3.41,track1-western-us
Mendocino 2024,nc75096176,2024-12-05 20:09:36.350000,40.3951666666667,-124.791666666667,10.0,2.66,track1-western-us
Mendocino 2024,nc75096171,2024-12-05 20:08:51.190000,40.3605,-124.9605,31.85,2.62,track1-western-us
Mendocino 2024,nc75096166,2024-12-05 20:06:08.460000,40.3116666666667,-124.658,7.32,2.93,track1-western-us
Mendocino 2024,nc75001648,2024-12-05 20:04:45.350000,40.3396666666667,-124.756,12.46,4.43,track1-western-us
Mendocino 2024,nc75096156,2024-12-05 20:04:22.680000,40.3403333333333,-124.908833333333,8.0,4.04,track1-western-us
Mendocino 2024,nc75096151,2024-12-05 20:00:21.180000,40.4815,-124.510833333333,25.15,3.58,track1-western-us
Mendocino 2024,nc75096146,2024-12-05 19:58:03.410000,40.2991666666667,-124.5075,8.2,3.51,track1-western-us
Mendocino 2024,nc75096131,2024-12-05 19:57:24.670000,40.4211666666667,-124.8875,4.48,2.89,track1-western-us
Mendocino 2024,nc75096141,2024-12-05 19:55:31.190000,40.4341666666667,-125.197,10.0,2.84,track1-western-us
Mendocino 2024,us7000p0lk,2024-12-05 19:48:19.707000,40.3637,-125.6535,10.0,2.7,track1-western-us
Mendocino 2024,nc75096111,2024-12-05 19:48:18.150000,40.4826666666667,-125.238666666667,2.17,3.02,track1-western-us
Mendocino 2024,nc75096106,2024-12-05 19:46:53.330000,40.3931666666667,-124.996666666667,12.85,3.24,track1-western-us
Mendocino 2024,nc75096096,2024-12-05 19:43:03.740000,40.3366666666667,-124.8405,14.63,2.67,track1-western-us
Mendocino 2024,nc75096066,2024-12-05 19:38:02.200000,40.349,-124.9475,18.34,3.66,track1-western-us
Mendocino 2024,nc75096071,2024-12-05 19:36:38.630000,40.3786666666667,-124.949333333333,10.0,3.6,track1-western-us
Mendocino 2024,nc75096051,2024-12-05 19:31:23.980000,40.3368333333333,-124.794666666667,6.48,2.88,track1-western-us
Mendocino 2024,nc75096036,2024-12-05 19:28:49.050000,40.3686666666667,-124.994833333333,10.0,3.09,track1-western-us
Mendocino 2024,nc75096031,2024-12-05 19:26:17.910000,40.3336666666667,-124.778333333333,7.23,2.92,track1-western-us
Mendocino 2024,nc75001978,2024-12-05 19:25:38.460000,40.3055,-124.549,13.88,2.74,track1-western-us
Mendocino 2024,nc75001988,2024-12-05 19:25:27.420000,40.2775,-124.5605,21.71,2.83,track1-western-us
Mendocino 2024,nc75001983,2024-12-05 19:25:11.860000,40.2813333333333,-124.737,17.52,2.38,track1-western-us
Mendocino 2024,nc75096026,2024-12-05 19:21:14.540000,40.3313333333333,-124.680166666667,4.31,3.38,track1-western-us
Mendocino 2024,nc75001653,2024-12-05 19:18:48.110000,40.3481666666667,-124.9975,8.49,2.96,track1-western-us
Mendocino 2024,nc75095996,2024-12-05 19:18:19.210000,40.3601666666667,-124.701166666667,20.55,2.95,track1-western-us
Mendocino 2024,nc75095976,2024-12-05 19:15:06.480000,40.3756666666667,-124.816833333333,20.84,3.1,track1-western-us
Mendocino 2024,nc75095981,2024-12-05 19:14:43.300000,40.3755,-125.019,10.0,3.2,track1-western-us
Mendocino 2024,nc75095961,2024-12-05 19:10:07.870000,40.347,-124.926333333333,10.0,3.5,track1-western-us
Mendocino 2024,nc75095936,2024-12-05 19:05:51.110000,40.3253333333333,-124.671666666667,9.08,3.7,track1-western-us
Mendocino 2024,nc75095901,2024-12-05 19:02:44.880000,40.37,-124.855,13.38,3.12,track1-western-us
Mendocino 2024,nc75095886,2024-12-05 18:59:01.900000,40.3733333333333,-124.973166666667,10.0,3.87,track1-western-us
Mendocino 2024,nc75095856,2024-12-05 18:57:11.810000,40.3043333333333,-124.558666666667,21.78,3.54,track1-western-us
Monroe WA,Monroe WA mainshock,2019-07-12T09:51:38.000000Z,47.873,-122.016,0.0,4.6,track1-western-us
Monroe WA,uw61535432,2019-07-12 11:45:38.160000,47.855,-122.03583333333333,27.89,1.46,track1-western-us
Monroe WA,uw61535427,2019-07-12 11:24:37.500000,47.8635,-122.015,27.15,1.21,track1-western-us
Monroe WA,uw61500748,2019-07-12 11:13:03.550000,47.851166666666664,-122.044,24.43,1.34,track1-western-us
Monroe WA,uw61535412,2019-07-12 10:50:29.280000,47.860166666666665,-122.03533333333333,27.44,1.48,track1-western-us
Monroe WA,uw61535397,2019-07-12 10:28:57.060000,47.85366666666667,-122.04433333333333,26.58,1.3800000000000001,track1-western-us
Monroe WA,uw61535387,2019-07-12 10:07:56.260000,47.85837173461914,-122.01782989501953,22.0,-5.0,track1-western-us
Monroe WA,uw61535382,2019-07-12 09:59:06.940000,47.862833333333334,-122.0255,27.4,0.89,track1-western-us
Monroe WA,uw61535377,2019-07-12 09:56:02.560000,47.855333333333334,-122.036,27.94,1.8,track1-western-us
Monroe WA,uw61535367,2019-07-12 09:53:58.820000,47.8645,-122.029,31.01,3.45,track1-western-us
Monroe WA,uw61535372,2019-07-12 09:51:38.340000,47.8728333333333,-122.016333333333,28.82,4.58,track1-western-us
