sequence,station,phase,time
Jones-Guthrie 2014-2015,GS.OK027,P,2014-07-12 21:51:02.970000
Jones-Guthrie 2014-2015,GS.OK027,P,2014-07-12 23:58:20.010000
Jones-Guthrie 2014-2015,GS.OK027,P,2014-07-13 00:58:00.540000
Jones-Guthrie 2014-2015,GS.OK027,P,2014-07-13 01:47:22.830000
Jones-Guthrie 2014-2015,GS.OK027,P,2014-07-13 01:57:47.720000
Jones-Guthrie 2014-2015,GS.OK027,P,2014-07-13 02:08:26.090000
Jones-Guthrie 2014-2015,GS.OK027,P,2014-07-13 02:38:35.860000
Jones-Guthrie 2014-2015,GS.OK027,S,2014-07-12 21:51:05.670000
Jones-Guthrie 2014-2015,GS.OK027,S,2014-07-12 23:58:25.610000
Jones-Guthrie 2014-2015,GS.OK027,S,2014-07-13 00:58:03.390000
Jones-Guthrie 2014-2015,GS.OK027,S,2014-07-13 01:57:50.410000
Jones-Guthrie 2014-2015,GS.OK028,P,2014-03-21 22:41:11.840000
Jones-Guthrie 2014-2015,GS.OK028,P,2014-03-22 02:30:41.730000
Jones-Guthrie 2014-2015,GS.OK028,P,2014-03-22 02:34:15.000000
Jones-Guthrie 2014-2015,GS.OK028,P,2014-03-22 02:35:09.110000
Jones-Guthrie 2014-2015,GS.OK028,P,2014-03-22 03:01:39.760000
Jones-Guthrie 2014-2015,GS.OK028,P,2014-03-22 03:02:42.560000
Jones-Guthrie 2014-2015,GS.OK028,P,2014-03-22 03:06:05.420000
Jones-Guthrie 2014-2015,GS.OK028,S,2014-03-21 22:41:14.710000
Jones-Guthrie 2014-2015,GS.OK028,S,2014-03-22 02:30:46.990000
Jones-Guthrie 2014-2015,GS.OK028,S,2014-03-22 02:34:20.040000
Jones-Guthrie 2014-2015,GS.OK028,S,2014-03-22 02:35:14.680000
Jones-Guthrie 2014-2015,GS.OK028,S,2014-03-22 03:01:45.400000
Jones-Guthrie 2014-2015,GS.OK028,S,2014-03-22 03:06:11.770000
Jones-Guthrie 2014-2015,GS.OK029,P,2014-03-21 22:41:15.110000
Jones-Guthrie 2014-2015,GS.OK029,P,2014-03-22 02:30:37.920000
Jones-Guthrie 2014-2015,GS.OK029,P,2014-03-22 02:34:11.110000
Jones-Guthrie 2014-2015,GS.OK029,P,2014-03-22 02:35:05.140000
Jones-Guthrie 2014-2015,GS.OK029,P,2014-03-22 03:01:36.200000
Jones-Guthrie 2014-2015,GS.OK029,P,2014-03-22 03:02:38.990000
Jones-Guthrie 2014-2015,GS.OK029,P,2014-07-12 21:51:02.040000
Jones-Guthrie 2014-2015,GS.OK029,P,2014-07-12 23:58:18.630000
Jones-Guthrie 2014-2015,GS.OK029,P,2014-07-13 00:58:00.560000
Jones-Guthrie 2014-2015,GS.OK029,P,2014-07-13 01:47:22.200000
Jones-Guthrie 2014-2015,GS.OK029,P,2014-07-13 01:57:47.380000
Jones-Guthrie 2014-2015,GS.OK029,P,2014-07-13 02:08:25.310000
Jones-Guthrie 2014-2015,GS.OK029,P,2014-07-13 02:38:35.340000
Jones-Guthrie 2014-2015,GS.OK029,S,2014-03-21 22:41:20.090000
Jones-Guthrie 2014-2015,GS.OK029,S,2014-03-22 02:30:40.500000
Jones-Guthrie 2014-2015,GS.OK029,S,2014-03-22 02:34:13.810000
Jones-Guthrie 2014-2015,GS.OK029,S,2014-03-22 02:35:07.980000
Jones-Guthrie 2014-2015,GS.OK029,S,2014-03-22 03:01:38.460000
Jones-Guthrie 2014-2015,GS.OK029,S,2014-03-22 03:06:04.400000
Jones-Guthrie 2014-2015,GS.OK029,S,2014-07-12 21:51:04.940000
Jones-Guthrie 2014-2015,GS.OK029,S,2014-07-12 23:58:23.490000
Jones-Guthrie 2014-2015,GS.OK029,S,2014-07-13 00:58:02.720000
Jones-Guthrie 2014-2015,GS.OK029,S,2014-07-13 01:57:50.050000
Jones-Guthrie 2014-2015,N4.T35B,P,2014-03-21 22:41:35.590000
Jones-Guthrie 2014-2015,N4.T35B,P,2014-03-22 02:30:56.010000
Jones-Guthrie 2014-2015,N4.T35B,P,2014-03-22 02:30:56.250000
Jones-Guthrie 2014-2015,N4.T35B,P,2014-03-22 02:34:29.820000
Jones-Guthrie 2014-2015,N4.T35B,P,2014-03-22 02:35:23.510000
Jones-Guthrie 2014-2015,N4.T35B,P,2014-03-22 03:01:54.280000
Jones-Guthrie 2014-2015,N4.T35B,P,2014-03-22 03:02:57.770000
Jones-Guthrie 2014-2015,N4.T35B,P,2014-03-22 03:06:20.890000
Jones-Guthrie 2014-2015,N4.T35B,P,2014-03-22 03:06:21.220000
Jones-Guthrie 2014-2015,N4.T35B,P,2015-06-20 03:50:17.060000
Jones-Guthrie 2014-2015,N4.T35B,P,2015-06-20 03:55:45.870000
Jones-Guthrie 2014-2015,N4.T35B,P,2015-06-20 04:29:28.650000
Jones-Guthrie 2014-2015,N4.T35B,P,2015-06-20 04:29:28.720000
Jones-Guthrie 2014-2015,N4.T35B,P,2015-06-20 04:36:30.620000
Jones-Guthrie 2014-2015,N4.T35B,P,2015-06-20 04:36:30.660000
Jones-Guthrie 2014-2015,N4.T35B,P,2015-06-20 05:09:20.970000
Jones-Guthrie 2014-2015,N4.T35B,P,2015-06-20 05:09:20.980000
Jones-Guthrie 2014-2015,N4.T35B,P,2015-06-20 05:11:19.910000
Jones-Guthrie 2014-2015,N4.T35B,P,2015-06-20 05:23:26.550000
Jones-Guthrie 2014-2015,N4.T35B,P,2015-06-20 05:23:26.610000
Jones-Guthrie 2014-2015,N4.T35B,P,2015-06-20 06:26:23.110000
Jones-Guthrie 2014-2015,N4.T35B,P,2015-06-20 06:46:30.750000
Jones-Guthrie 2014-2015,N4.T35B,P,2015-06-20 06:46:30.850000
Jones-Guthrie 2014-2015,N4.T35B,P,2015-06-26 03:56:23.940000
Jones-Guthrie 2014-2015,N4.T35B,P,2015-06-26 04:00:50.210000
Jones-Guthrie 2014-2015,N4.T35B,P,2015-06-26 04:11:44.200000
Jones-Guthrie 2014-2015,N4.T35B,P,2015-06-26 04:11:44.250000
Jones-Guthrie 2014-2015,N4.T35B,P,2015-06-26 04:13:18.290000
Jones-Guthrie 2014-2015,N4.T35B,P,2015-06-26 04:36:21.370000
Jones-Guthrie 2014-2015,N4.T35B,P,2015-06-26 04:36:21.420000
Jones-Guthrie 2014-2015,N4.T35B,P,2015-06-26 05:18:46.110000
Jones-Guthrie 2014-2015,N4.T35B,P,2015-06-26 05:54:28.860000
Jones-Guthrie 2014-2015,N4.T35B,P,2015-06-26 05:54:28.940000
Jones-Guthrie 2014-2015,N4.T35B,P,2015-06-26 06:19:48.130000
Jones-Guthrie 2014-2015,N4.T35B,P,2015-06-26 06:19:48.180000
Jones-Guthrie 2014-2015,N4.T35B,P,2015-06-26 07:48:38.130000
Jones-Guthrie 2014-2015,N4.T35B,P,2015-06-26 07:48:38.280000
Jones-Guthrie 2014-2015,N4.T35B,P,2015-06-26 08:58:07.930000
Jones-Guthrie 2014-2015,N4.T35B,S,2014-03-22 02:31:12.420000
Jones-Guthrie 2014-2015,N4.T35B,S,2014-03-22 02:34:45.450000
Jones-Guthrie 2014-2015,N4.T35B,S,2014-03-22 02:35:39.840000
Jones-Guthrie 2014-2015,N4.T35B,S,2014-03-22 03:03:14.210000
Jones-Guthrie 2014-2015,N4.T35B,S,2014-03-22 03:06:37.510000
Jones-Guthrie 2014-2015,N4.T35B,S,2015-06-20 04:29:47.410000
Jones-Guthrie 2014-2015,N4.T35B,S,2015-06-20 04:36:49.570000
Jones-Guthrie 2014-2015,N4.T35B,S,2015-06-20 05:09:39.350000
Jones-Guthrie 2014-2015,N4.T35B,S,2015-06-20 05:11:38.340000
Jones-Guthrie 2014-2015,N4.T35B,S,2015-06-20 05:23:45.320000
Jones-Guthrie 2014-2015,N4.T35B,S,2015-06-20 06:26:38.800000
Jones-Guthrie 2014-2015,N4.T35B,S,2015-06-20 06:46:49.320000
Jones-Guthrie 2014-2015,N4.T35B,S,2015-06-26 04:12:02.960000
Jones-Guthrie 2014-2015,N4.T35B,S,2015-06-26 05:54:47.740000
Jones-Guthrie 2014-2015,N4.T35B,S,2015-06-26 06:20:06.720000
Jones-Guthrie 2014-2015,N4.T35B,S,2015-06-26 07:48:56.600000
Jones-Guthrie 2014-2015,OK.CHOK,P,2015-06-26 03:56:05.750000
Jones-Guthrie 2014-2015,OK.CHOK,P,2015-06-26 04:00:32.040000
Jones-Guthrie 2014-2015,OK.CHOK,P,2015-06-26 04:11:20.390000
Jones-Guthrie 2014-2015,OK.CHOK,P,2015-06-26 04:12:59.630000
Jones-Guthrie 2014-2015,OK.CHOK,P,2015-06-26 04:36:02.740000
Jones-Guthrie 2014-2015,OK.CHOK,P,2015-06-26 05:18:27.710000
Jones-Guthrie 2014-2015,OK.CHOK,P,2015-06-26 05:54:10.380000
Jones-Guthrie 2014-2015,OK.CHOK,P,2015-06-26 06:19:29.670000
Jones-Guthrie 2014-2015,OK.CHOK,P,2015-06-26 07:48:19.680000
Jones-Guthrie 2014-2015,OK.CHOK,P,2015-06-26 08:57:49.280000
Jones-Guthrie 2014-2015,OK.CHOK,S,2015-06-26 03:56:10.840000
Jones-Guthrie 2014-2015,OK.CHOK,S,2015-06-26 04:13:04.110000
Jones-Guthrie 2014-2015,OK.CHOK,S,2015-06-26 04:36:07.680000
Jones-Guthrie 2014-2015,OK.CHOK,S,2015-06-26 05:18:32.530000
Jones-Guthrie 2014-2015,OK.CHOK,S,2015-06-26 05:54:15.160000
Jones-Guthrie 2014-2015,OK.CHOK,S,2015-06-26 06:19:34.500000
Jones-Guthrie 2014-2015,OK.CHOK,S,2015-06-26 07:48:24.540000
Jones-Guthrie 2014-2015,OK.CHOK,S,2015-06-26 08:57:54.080000
Jones-Guthrie 2014-2015,OK.CROK,P,2014-03-22 02:30:50.070000
Jones-Guthrie 2014-2015,OK.CROK,P,2014-03-22 02:34:23.180000
Jones-Guthrie 2014-2015,OK.CROK,P,2014-03-22 02:35:17.800000
Jones-Guthrie 2014-2015,OK.CROK,P,2014-03-22 03:01:48.260000
Jones-Guthrie 2014-2015,OK.CROK,P,2014-03-22 03:02:51.460000
Jones-Guthrie 2014-2015,OK.CROK,P,2014-03-22 03:06:14.490000
Jones-Guthrie 2014-2015,OK.CROK,S,2014-03-22 02:31:01.080000
Jones-Guthrie 2014-2015,OK.CROK,S,2014-03-22 02:34:34.650000
Jones-Guthrie 2014-2015,OK.CROK,S,2014-03-22 02:35:29.110000
Jones-Guthrie 2014-2015,OK.CROK,S,2014-03-22 03:01:59.740000
Jones-Guthrie 2014-2015,OK.CROK,S,2014-03-22 03:03:02.930000
Jones-Guthrie 2014-2015,OK.CROK,S,2014-03-22 03:06:25.620000
Jones-Guthrie 2014-2015,OK.OKCFA,P,2015-06-20 03:50:05.610000
Jones-Guthrie 2014-2015,OK.OKCFA,P,2015-06-20 03:55:27.730000
Jones-Guthrie 2014-2015,OK.OKCFA,P,2015-06-20 04:29:10.420000
Jones-Guthrie 2014-2015,OK.OKCFA,P,2015-06-20 04:29:10.450000
Jones-Guthrie 2014-2015,OK.OKCFA,P,2015-06-20 04:36:12.390000
Jones-Guthrie 2014-2015,OK.OKCFA,P,2015-06-20 04:36:12.440000
Jones-Guthrie 2014-2015,OK.OKCFA,P,2015-06-20 05:09:02.390000
Jones-Guthrie 2014-2015,OK.OKCFA,P,2015-06-20 05:11:01.500000
Jones-Guthrie 2014-2015,OK.OKCFA,P,2015-06-20 05:11:01.550000
Jones-Guthrie 2014-2015,OK.OKCFA,P,2015-06-20 05:23:08.260000
Jones-Guthrie 2014-2015,OK.OKCFA,P,2015-06-20 05:23:08.330000
Jones-Guthrie 2014-2015,OK.OKCFA,P,2015-06-20 06:26:11.310000
Jones-Guthrie 2014-2015,OK.OKCFA,P,2015-06-20 06:26:11.360000
Jones-Guthrie 2014-2015,OK.OKCFA,P,2015-06-20 06:46:12.350000
Jones-Guthrie 2014-2015,OK.OKCFA,P,2015-06-20 06:46:12.380000
Jones-Guthrie 2014-2015,OK.OKCFA,P,2015-06-26 03:56:05.660000
Jones-Guthrie 2014-2015,OK.OKCFA,P,2015-06-26 04:00:32.150000
Jones-Guthrie 2014-2015,OK.OKCFA,P,2015-06-26 04:11:26.230000
Jones-Guthrie 2014-2015,OK.OKCFA,P,2015-06-26 04:11:26.590000
Jones-Guthrie 2014-2015,OK.OKCFA,P,2015-06-26 04:12:59.690000
Jones-Guthrie 2014-2015,OK.OKCFA,P,2015-06-26 04:36:03.000000
Jones-Guthrie 2014-2015,OK.OKCFA,P,2015-06-26 04:36:03.050000
Jones-Guthrie 2014-2015,OK.OKCFA,P,2015-06-26 05:18:27.940000
Jones-Guthrie 2014-2015,OK.OKCFA,P,2015-06-26 05:54:10.440000
Jones-Guthrie 2014-2015,OK.OKCFA,P,2015-06-26 05:54:10.480000
Jones-Guthrie 2014-2015,OK.OKCFA,P,2015-06-26 06:19:29.930000
Jones-Guthrie 2014-2015,OK.OKCFA,P,2015-06-26 07:48:19.900000
Jones-Guthrie 2014-2015,OK.OKCFA,P,2015-06-26 07:48:19.940000
Jones-Guthrie 2014-2015,OK.OKCFA,P,2015-06-26 08:57:49.340000
Jones-Guthrie 2014-2015,OK.OKCFA,S,2015-06-20 04:29:15.540000
Jones-Guthrie 2014-2015,OK.OKCFA,S,2015-06-20 04:36:17.140000
Jones-Guthrie 2014-2015,OK.OKCFA,S,2015-06-20 04:36:17.370000
Jones-Guthrie 2014-2015,OK.OKCFA,S,2015-06-20 05:09:07.420000
Jones-Guthrie 2014-2015,OK.OKCFA,S,2015-06-20 05:09:07.460000
Jones-Guthrie 2014-2015,OK.OKCFA,S,2015-06-20 05:11:06.450000
Jones-Guthrie 2014-2015,OK.OKCFA,S,2015-06-20 05:23:13.340000
Jones-Guthrie 2014-2015,OK.OKCFA,S,2015-06-20 06:26:18.580000
Jones-Guthrie 2014-2015,OK.OKCFA,S,2015-06-20 06:26:18.640000
Jones-Guthrie 2014-2015,OK.OKCFA,S,2015-06-20 06:46:17.310000
Jones-Guthrie 2014-2015,OK.OKCFA,S,2015-06-26 04:11:32.150000
Jones-Guthrie 2014-2015,OK.OKCFA,S,2015-06-26 04:13:04.730000
Jones-Guthrie 2014-2015,OK.OKCFA,S,2015-06-26 04:36:07.830000
Jones-Guthrie 2014-2015,OK.OKCFA,S,2015-06-26 05:18:33.000000
Jones-Guthrie 2014-2015,OK.OKCFA,S,2015-06-26 05:54:15.580000
Jones-Guthrie 2014-2015,OK.OKCFA,S,2015-06-26 06:19:34.950000
Jones-Guthrie 2014-2015,OK.OKCFA,S,2015-06-26 06:19:35.020000
Jones-Guthrie 2014-2015,OK.OKCFA,S,2015-06-26 07:48:24.990000
Jones-Guthrie 2014-2015,OK.OKCFA,S,2015-06-26 07:48:25.070000
Jones-Guthrie 2014-2015,OK.OKCFA,S,2015-06-26 08:57:54.400000
Jones-Guthrie 2014-2015,OK.U32A,P,2014-07-12 21:51:26.310000
Jones-Guthrie 2014-2015,OK.U32A,P,2014-07-12 23:58:37.300000
Jones-Guthrie 2014-2015,OK.U32A,P,2014-07-13 00:58:23.710000
Jones-Guthrie 2014-2015,OK.U32A,P,2014-07-13 00:58:24.000000
Jones-Guthrie 2014-2015,OK.U32A,P,2014-07-13 01:47:45.970000
Jones-Guthrie 2014-2015,OK.U32A,P,2014-07-13 01:58:11.260000
Jones-Guthrie 2014-2015,OK.U32A,P,2014-07-13 02:08:49.360000
Jones-Guthrie 2014-2015,OK.U32A,P,2014-07-13 02:08:49.600000
Jones-Guthrie 2014-2015,OK.U32A,P,2014-07-13 02:38:59.250000
Jones-Guthrie 2014-2015,OK.U32A,S,2014-07-13 00:58:44.180000
Jones-Guthrie 2014-2015,OK.U32A,S,2014-07-13 02:09:09.830000
Jones-Guthrie 2014-2015,OK.X37A,P,2014-07-12 21:51:35.130000
Jones-Guthrie 2014-2015,OK.X37A,P,2014-07-12 23:58:49.900000
Jones-Guthrie 2014-2015,OK.X37A,P,2014-07-13 00:58:32.390000
Jones-Guthrie 2014-2015,OK.X37A,P,2014-07-13 00:58:33.100000
Jones-Guthrie 2014-2015,OK.X37A,P,2014-07-13 01:47:54.670000
Jones-Guthrie 2014-2015,OK.X37A,P,2014-07-13 01:58:19.940000
Jones-Guthrie 2014-2015,OK.X37A,P,2014-07-13 01:58:20.300000
Jones-Guthrie 2014-2015,OK.X37A,P,2014-07-13 02:08:58.180000
Jones-Guthrie 2014-2015,OK.X37A,P,2014-07-13 02:08:58.620000
Jones-Guthrie 2014-2015,OK.X37A,P,2014-07-13 02:39:08.070000
Jones-Guthrie 2014-2015,OK.X37A,P,2015-06-20 03:50:31.120000
Jones-Guthrie 2014-2015,OK.X37A,P,2015-06-20 03:55:56.190000
Jones-Guthrie 2014-2015,OK.X37A,P,2015-06-20 04:29:38.670000
Jones-Guthrie 2014-2015,OK.X37A,P,2015-06-20 04:29:38.970000
Jones-Guthrie 2014-2015,OK.X37A,P,2015-06-20 04:36:40.680000
Jones-Guthrie 2014-2015,OK.X37A,P,2015-06-20 04:36:40.750000
Jones-Guthrie 2014-2015,OK.X37A,P,2015-06-20 05:09:30.810000
Jones-Guthrie 2014-2015,OK.X37A,P,2015-06-20 05:09:30.830000
Jones-Guthrie 2014-2015,OK.X37A,P,2015-06-20 05:11:29.870000
Jones-Guthrie 2014-2015,OK.X37A,P,2015-06-20 05:11:30.170000
Jones-Guthrie 2014-2015,OK.X37A,P,2015-06-20 05:23:36.650000
Jones-Guthrie 2014-2015,OK.X37A,P,2015-06-20 05:23:36.810000
Jones-Guthrie 2014-2015,OK.X37A,P,2015-06-20 06:26:36.320000
Jones-Guthrie 2014-2015,OK.X37A,P,2015-06-20 06:26:36.520000
Jones-Guthrie 2014-2015,OK.X37A,P,2015-06-20 06:46:40.750000
Jones-Guthrie 2014-2015,OK.X37A,P,2015-06-20 06:46:40.940000
Jones-Guthrie 2014-2015,OK.X37A,S,2014-07-13 00:59:00.070000
Jones-Guthrie 2014-2015,OK.X37A,S,2014-07-13 02:09:25.680000
Jones-Guthrie 2014-2015,OK.X37A,S,2015-06-20 04:30:06.090000
Jones-Guthrie 2014-2015,OK.X37A,S,2015-06-20 04:37:08.090000
Jones-Guthrie 2014-2015,OK.X37A,S,2015-06-20 05:09:58.360000
Jones-Guthrie 2014-2015,OK.X37A,S,2015-06-20 05:11:56.830000
Jones-Guthrie 2014-2015,OK.X37A,S,2015-06-20 05:24:03.890000
Jones-Guthrie 2014-2015,OK.X37A,S,2015-06-20 06:47:08.300000
Jones-Guthrie 2014-2015,TA.TUL1,P,2014-03-22 02:30:55.550000
Jones-Guthrie 2014-2015,TA.TUL1,P,2014-03-22 02:30:55.910000
Jones-Guthrie 2014-2015,TA.TUL1,P,2014-03-22 02:34:30.320000
Jones-Guthrie 2014-2015,TA.TUL1,P,2014-03-22 02:35:23.510000
Jones-Guthrie 2014-2015,TA.TUL1,P,2014-03-22 03:01:54.130000
Jones-Guthrie 2014-2015,TA.TUL1,P,2014-03-22 03:01:54.240000
Jones-Guthrie 2014-2015,TA.TUL1,P,2014-03-22 03:02:57.570000
Jones-Guthrie 2014-2015,TA.TUL1,P,2014-03-22 03:06:20.550000
Jones-Guthrie 2014-2015,TA.TUL1,P,2014-03-22 03:06:20.610000
Jones-Guthrie 2014-2015,TA.TUL1,P,2014-07-12 21:51:21.880000
Jones-Guthrie 2014-2015,TA.TUL1,P,2014-07-12 23:58:35.070000
Jones-Guthrie 2014-2015,TA.TUL1,P,2014-07-13 00:58:19.160000
Jones-Guthrie 2014-2015,TA.TUL1,P,2014-07-13 00:58:19.190000
Jones-Guthrie 2014-2015,TA.TUL1,P,2014-07-13 01:47:41.580000
Jones-Guthrie 2014-2015,TA.TUL1,P,2014-07-13 01:58:06.220000
Jones-Guthrie 2014-2015,TA.TUL1,P,2014-07-13 01:58:07.020000
Jones-Guthrie 2014-2015,TA.TUL1,P,2014-07-13 02:08:44.260000
Jones-Guthrie 2014-2015,TA.TUL1,P,2014-07-13 02:08:44.980000
Jones-Guthrie 2014-2015,TA.TUL1,P,2014-07-13 02:38:53.990000
Jones-Guthrie 2014-2015,TA.TUL1,S,2014-03-22 02:31:12.140000
Jones-Guthrie 2014-2015,TA.TUL1,S,2014-03-22 02:31:12.540000
Jones-Guthrie 2014-2015,TA.TUL1,S,2014-03-22 02:34:45.900000
Jones-Guthrie 2014-2015,TA.TUL1,S,2014-03-22 03:02:10.720000
Jones-Guthrie 2014-2015,TA.TUL1,S,2014-03-22 03:06:37.770000
Jones-Guthrie 2014-2015,TA.TUL1,S,2014-03-22 03:06:37.830000
Jones-Guthrie 2014-2015,TA.TUL1,S,2014-07-13 00:58:36.370000
Jones-Guthrie 2014-2015,TA.TUL1,S,2014-07-13 01:58:24.150000
Jones-Guthrie 2014-2015,TA.TUL1,S,2014-07-13 02:09:02.340000
Jones-Guthrie 2014-2015,TA.W39A,P,2015-06-20 03:50:41.560000
Jones-Guthrie 2014-2015,TA.W39A,P,2015-06-20 03:56:09.090000
Jones-Guthrie 2014-2015,TA.W39A,P,2015-06-20 04:29:52.060000
Jones-Guthrie 2014-2015,TA.W39A,P,2015-06-20 04:29:52.080000
Jones-Guthrie 2014-2015,TA.W39A,P,2015-06-20 04:29:52.520000
Jones-Guthrie 2014-2015,TA.W39A,P,2015-06-20 04:36:54.050000
Jones-Guthrie 2014-2015,TA.W39A,P,2015-06-20 04:36:54.100000
Jones-Guthrie 2014-2015,TA.W39A,P,2015-06-20 05:09:43.990000
Jones-Guthrie 2014-2015,TA.W39A,P,2015-06-20 05:11:43.110000
Jones-Guthrie 2014-2015,TA.W39A,P,2015-06-20 05:11:43.210000
Jones-Guthrie 2014-2015,TA.W39A,P,2015-06-20 05:11:43.310000
Jones-Guthrie 2014-2015,TA.W39A,P,2015-06-20 05:23:49.820000
Jones-Guthrie 2014-2015,TA.W39A,P,2015-06-20 05:23:50.020000
Jones-Guthrie 2014-2015,TA.W39A,P,2015-06-20 06:26:48.490000
Jones-Guthrie 2014-2015,TA.W39A,P,2015-06-20 06:46:53.660000
Jones-Guthrie 2014-2015,TA.W39A,P,2015-06-20 06:46:54.040000
Jones-Guthrie 2014-2015,TA.W39A,P,2015-06-26 03:56:47.750000
Jones-Guthrie 2014-2015,TA.W39A,P,2015-06-26 04:01:12.940000
Jones-Guthrie 2014-2015,TA.W39A,P,2015-06-26 04:12:02.440000
Jones-Guthrie 2014-2015,TA.W39A,P,2015-06-26 04:12:03.660000
Jones-Guthrie 2014-2015,TA.W39A,P,2015-06-26 04:36:43.580000
Jones-Guthrie 2014-2015,TA.W39A,P,2015-06-26 04:36:44.470000
Jones-Guthrie 2014-2015,TA.W39A,P,2015-06-26 04:36:44.490000
Jones-Guthrie 2014-2015,TA.W39A,P,2015-06-26 05:54:51.720000
Jones-Guthrie 2014-2015,TA.W39A,P,2015-06-26 05:54:51.990000
Jones-Guthrie 2014-2015,TA.W39A,P,2015-06-26 05:54:52.310000
Jones-Guthrie 2014-2015,TA.W39A,P,2015-06-26 06:20:11.350000
Jones-Guthrie 2014-2015,TA.W39A,P,2015-06-26 06:20:11.580000
Jones-Guthrie 2014-2015,TA.W39A,P,2015-06-26 07:49:01.260000
Jones-Guthrie 2014-2015,TA.W39A,P,2015-06-26 07:49:02.580000
Jones-Guthrie 2014-2015,TA.W39A,S,2015-06-20 04:37:30.770000
Jones-Guthrie 2014-2015,TA.W39A,S,2015-06-20 05:12:22.300000
Jones-Guthrie 2014-2015,TA.W39A,S,2015-06-26 04:12:36.720000
Jones-Guthrie 2014-2015,TA.W39A,S,2015-06-26 04:37:20.990000
Jones-Guthrie 2014-2015,TA.W39A,S,2015-06-26 05:55:27.260000
Jones-Guthrie 2014-2015,TA.W39A,S,2015-06-26 05:55:27.750000
Jones-Guthrie 2014-2015,US.MIAR,P,2015-06-20 03:50:48.440000
Jones-Guthrie 2014-2015,US.MIAR,P,2015-06-20 03:56:13.150000
Jones-Guthrie 2014-2015,US.MIAR,P,2015-06-20 04:29:57.000000
Jones-Guthrie 2014-2015,US.MIAR,P,2015-06-20 04:29:57.620000
Jones-Guthrie 2014-2015,US.MIAR,P,2015-06-20 04:36:58.940000
Jones-Guthrie 2014-2015,US.MIAR,P,2015-06-20 04:36:59.540000
Jones-Guthrie 2014-2015,US.MIAR,P,2015-06-20 05:09:49.030000
Jones-Guthrie 2014-2015,US.MIAR,P,2015-06-20 05:11:48.550000
Jones-Guthrie 2014-2015,US.MIAR,P,2015-06-20 05:11:48.590000
Jones-Guthrie 2014-2015,US.MIAR,P,2015-06-20 05:11:48.800000
Jones-Guthrie 2014-2015,US.MIAR,P,2015-06-20 05:23:55.340000
Jones-Guthrie 2014-2015,US.MIAR,P,2015-06-20 06:26:54.410000
Jones-Guthrie 2014-2015,US.MIAR,P,2015-06-20 06:46:58.990000
Jones-Guthrie 2014-2015,US.MIAR,P,2015-06-26 03:56:52.350000
Jones-Guthrie 2014-2015,US.MIAR,P,2015-06-26 04:01:17.510000
Jones-Guthrie 2014-2015,US.MIAR,P,2015-06-26 04:12:07.890000
Jones-Guthrie 2014-2015,US.MIAR,P,2015-06-26 04:12:08.690000
Jones-Guthrie 2014-2015,US.MIAR,P,2015-06-26 04:36:48.970000
Jones-Guthrie 2014-2015,US.MIAR,P,2015-06-26 04:36:49.500000
Jones-Guthrie 2014-2015,US.MIAR,P,2015-06-26 04:36:49.610000
Jones-Guthrie 2014-2015,US.MIAR,P,2015-06-26 05:19:14.920000
Jones-Guthrie 2014-2015,US.MIAR,P,2015-06-26 05:54:57.070000
Jones-Guthrie 2014-2015,US.MIAR,P,2015-06-26 05:54:57.140000
Jones-Guthrie 2014-2015,US.MIAR,P,2015-06-26 05:54:57.840000
Jones-Guthrie 2014-2015,US.MIAR,P,2015-06-26 06:20:16.350000
Jones-Guthrie 2014-2015,US.MIAR,P,2015-06-26 06:20:16.440000
Jones-Guthrie 2014-2015,US.MIAR,P,2015-06-26 07:49:06.510000
Jones-Guthrie 2014-2015,US.MIAR,P,2015-06-26 07:49:07.010000
Jones-Guthrie 2014-2015,US.MIAR,S,2015-06-20 04:30:38.160000
Jones-Guthrie 2014-2015,US.MIAR,S,2015-06-20 04:30:38.820000
Jones-Guthrie 2014-2015,US.MIAR,S,2015-06-20 04:37:40.770000
Jones-Guthrie 2014-2015,US.MIAR,S,2015-06-20 05:10:30.440000
Jones-Guthrie 2014-2015,US.MIAR,S,2015-06-20 05:12:30.500000
Jones-Guthrie 2014-2015,US.MIAR,S,2015-06-20 05:24:35.610000
Jones-Guthrie 2014-2015,US.MIAR,S,2015-06-26 04:37:29.690000
Jones-Guthrie 2014-2015,US.MIAR,S,2015-06-26 05:55:36.570000
Jones-Guthrie 2014-2015,US.MIAR,S,2015-06-26 05:55:37.480000
Jones-Guthrie 2014-2015,US.MIAR,S,2015-06-26 06:20:56.870000
Jones-Guthrie 2014-2015,US.MIAR,S,2015-06-26 07:49:47.140000
Jones-Guthrie 2014-2015,US.WMOK,P,2014-03-21 22:41:34.020000
Jones-Guthrie 2014-2015,US.WMOK,P,2014-03-22 02:31:04.620000
Jones-Guthrie 2014-2015,US.WMOK,P,2014-03-22 02:31:04.670000
Jones-Guthrie 2014-2015,US.WMOK,P,2014-03-22 02:31:04.680000
Jones-Guthrie 2014-2015,US.WMOK,P,2014-03-22 02:34:37.530000
Jones-Guthrie 2014-2015,US.WMOK,P,2014-03-22 02:35:31.900000
Jones-Guthrie 2014-2015,US.WMOK,P,2014-03-22 03:02:02.620000
Jones-Guthrie 2014-2015,US.WMOK,P,2014-03-22 03:02:02.810000
Jones-Guthrie 2014-2015,US.WMOK,P,2014-03-22 03:03:05.180000
Jones-Guthrie 2014-2015,US.WMOK,P,2014-03-22 03:06:28.520000
Jones-Guthrie 2014-2015,US.WMOK,P,2014-03-22 03:06:28.660000
Jones-Guthrie 2014-2015,US.WMOK,P,2014-03-22 03:06:28.700000
Jones-Guthrie 2014-2015,US.WMOK,P,2014-07-12 21:51:29.510000
Jones-Guthrie 2014-2015,US.WMOK,P,2014-07-12 23:58:44.370000
Jones-Guthrie 2014-2015,US.WMOK,P,2014-07-13 00:58:26.700000
Jones-Guthrie 2014-2015,US.WMOK,P,2014-07-13 00:58:26.820000
Jones-Guthrie 2014-2015,US.WMOK,P,2014-07-13 01:47:49.170000
Jones-Guthrie 2014-2015,US.WMOK,P,2014-07-13 01:58:14.370000
Jones-Guthrie 2014-2015,US.WMOK,P,2014-07-13 01:58:14.520000
Jones-Guthrie 2014-2015,US.WMOK,P,2014-07-13 02:08:52.510000
Jones-Guthrie 2014-2015,US.WMOK,P,2014-07-13 02:08:52.570000
Jones-Guthrie 2014-2015,US.WMOK,P,2014-07-13 02:39:01.800000
Jones-Guthrie 2014-2015,US.WMOK,P,2015-06-20 03:50:26.110000
Jones-Guthrie 2014-2015,US.WMOK,P,2015-06-20 03:55:48.270000
Jones-Guthrie 2014-2015,US.WMOK,P,2015-06-20 04:29:31.050000
Jones-Guthrie 2014-2015,US.WMOK,P,2015-06-20 04:36:33.010000
Jones-Guthrie 2014-2015,US.WMOK,P,2015-06-20 04:36:33.070000
Jones-Guthrie 2014-2015,US.WMOK,P,2015-06-20 05:09:23.110000
Jones-Guthrie 2014-2015,US.WMOK,P,2015-06-20 05:09:23.190000
Jones-Guthrie 2014-2015,US.WMOK,P,2015-06-20 05:11:22.200000
Jones-Guthrie 2014-2015,US.WMOK,P,2015-06-20 05:11:22.350000
Jones-Guthrie 2014-2015,US.WMOK,P,2015-06-20 05:11:22.390000
Jones-Guthrie 2014-2015,US.WMOK,P,2015-06-20 05:23:28.920000
Jones-Guthrie 2014-2015,US.WMOK,P,2015-06-20 06:26:32.020000
Jones-Guthrie 2014-2015,US.WMOK,P,2015-06-20 06:26:32.280000
Jones-Guthrie 2014-2015,US.WMOK,P,2015-06-20 06:46:33.150000
Jones-Guthrie 2014-2015,US.WMOK,P,2015-06-20 06:46:33.280000
Jones-Guthrie 2014-2015,US.WMOK,P,2015-06-26 03:56:26.750000
Jones-Guthrie 2014-2015,US.WMOK,P,2015-06-26 04:00:52.740000
Jones-Guthrie 2014-2015,US.WMOK,P,2015-06-26 04:11:48.180000
Jones-Guthrie 2014-2015,US.WMOK,P,2015-06-26 04:11:48.700000
Jones-Guthrie 2014-2015,US.WMOK,P,2015-06-26 04:13:20.670000
Jones-Guthrie 2014-2015,US.WMOK,P,2015-06-26 04:36:23.400000
Jones-Guthrie 2014-2015,US.WMOK,P,2015-06-26 04:36:23.770000
Jones-Guthrie 2014-2015,US.WMOK,P,2015-06-26 04:36:23.810000
Jones-Guthrie 2014-2015,US.WMOK,P,2015-06-26 05:18:48.950000
Jones-Guthrie 2014-2015,US.WMOK,P,2015-06-26 05:54:31.220000
Jones-Guthrie 2014-2015,US.WMOK,P,2015-06-26 05:54:31.370000
Jones-Guthrie 2014-2015,US.WMOK,P,2015-06-26 05:54:31.520000
Jones-Guthrie 2014-2015,US.WMOK,P,2015-06-26 06:19:50.820000
Jones-Guthrie 2014-2015,US.WMOK,P,2015-06-26 06:19:50.930000
Jones-Guthrie 2014-2015,US.WMOK,P,2015-06-26 07:48:40.800000
Jones-Guthrie 2014-2015,US.WMOK,P,2015-06-26 07:48:41.130000
Jones-Guthrie 2014-2015,US.WMOK,P,2015-06-26 08:58:10.320000
Jones-Guthrie 2014-2015,US.WMOK,S,2014-03-22 02:31:27.350000
Jones-Guthrie 2014-2015,US.WMOK,S,2014-03-22 02:35:54.070000
Jones-Guthrie 2014-2015,US.WMOK,S,2014-03-22 03:02:24.880000
Jones-Guthrie 2014-2015,US.WMOK,S,2014-03-22 03:06:50.850000
Jones-Guthrie 2014-2015,US.WMOK,S,2014-07-13 00:58:49.070000
Jones-Guthrie 2014-2015,US.WMOK,S,2014-07-13 01:58:36.530000
Jones-Guthrie 2014-2015,US.WMOK,S,2014-07-13 02:09:14.970000
Jones-Guthrie 2014-2015,US.WMOK,S,2015-06-20 04:29:51.350000
Jones-Guthrie 2014-2015,US.WMOK,S,2015-06-20 04:29:51.490000
Jones-Guthrie 2014-2015,US.WMOK,S,2015-06-20 04:36:53.330000
Jones-Guthrie 2014-2015,US.WMOK,S,2015-06-20 05:11:43.260000
Jones-Guthrie 2014-2015,US.WMOK,S,2015-06-20 05:11:44.120000
Jones-Guthrie 2014-2015,US.WMOK,S,2015-06-20 05:23:49.230000
Jones-Guthrie 2014-2015,US.WMOK,S,2015-06-20 06:26:54.680000
Jones-Guthrie 2014-2015,US.WMOK,S,2015-06-26 04:12:10.850000
Jones-Guthrie 2014-2015,US.WMOK,S,2015-06-26 04:36:44.070000
Jones-Guthrie 2014-2015,US.WMOK,S,2015-06-26 05:54:51.610000
Jones-Guthrie 2014-2015,US.WMOK,S,2015-06-26 05:54:51.640000
Jones-Guthrie 2014-2015,US.WMOK,S,2015-06-26 06:20:11.450000
Jones-Guthrie 2014-2015,US.WMOK,S,2015-06-26 07:49:01.380000
Maurienne 2017-2019,FR.OGGM,P,2017-11-17 08:07:06.786804
Maurienne 2017-2019,FR.OGGM,P,2017-11-17 08:08:00.438077
Maurienne 2017-2019,FR.OGGM,P,2017-11-17 08:11:15.004317
Maurienne 2017-2019,FR.OGGM,P,2017-11-17 08:15:32.871310
Maurienne 2017-2019,FR.OGGM,P,2017-11-17 08:16:27.654968
Maurienne 2017-2019,FR.OGGM,P,2017-11-17 08:30:08.227426
Maurienne 2017-2019,FR.OGGM,P,2017-11-17 08:34:45.363408
Maurienne 2017-2019,FR.OGGM,P,2017-11-17 09:35:16.095211
Maurienne 2017-2019,FR.OGGM,P,2017-11-17 09:54:05.059430
Maurienne 2017-2019,FR.OGGM,P,2017-11-17 10:27:17.383008
Maurienne 2017-2019,FR.OGGM,P,2017-11-17 11:07:17.557094
Maurienne 2017-2019,FR.OGGM,P,2017-11-17 11:08:44.020389
Maurienne 2017-2019,FR.OGGM,P,2017-11-17 11:09:22.630572
Maurienne 2017-2019,FR.OGGM,P,2017-11-17 11:11:57.837712
Maurienne 2017-2019,FR.OGGM,P,2017-11-17 12:07:21.116683
Maurienne 2017-2019,FR.OGGM,P,2017-11-17 12:07:53.517185
Maurienne 2017-2019,FR.OGGM,P,2017-11-17 12:08:54.107186
Maurienne 2017-2019,FR.OGGM,P,2017-11-17 12:10:29.769033
Maurienne 2017-2019,FR.OGGM,P,2017-11-17 12:12:10.540601
Maurienne 2017-2019,FR.OGGM,P,2017-11-17 12:16:59.402857
Maurienne 2017-2019,FR.OGGM,P,2017-11-17 12:17:47.962757
Maurienne 2017-2019,FR.OGGM,P,2017-11-17 12:17:57.987802
Maurienne 2017-2019,FR.OGGM,P,2017-11-17 12:20:14.383669
Maurienne 2017-2019,FR.OGGM,P,2017-11-17 12:21:03.441120
Maurienne 2017-2019,FR.OGGM,P,2017-11-17 12:22:10.468076
Maurienne 2017-2019,FR.OGGM,P,2017-11-17 12:22:39.248794
Maurienne 2017-2019,FR.OGGM,P,2017-11-17 12:24:39.465990
Maurienne 2017-2019,FR.OGGM,P,2017-11-17 12:34:47.753125
Maurienne 2017-2019,FR.OGGM,P,2017-11-17 12:44:03.801603
Maurienne 2017-2019,FR.OGGM,P,2017-11-17 12:51:07.843582
Maurienne 2017-2019,FR.OGGM,P,2017-11-17 12:55:02.152692
Maurienne 2017-2019,FR.OGGM,P,2017-11-17 13:00:01.937026
Maurienne 2017-2019,FR.OGGM,P,2017-11-17 13:11:43.664202
Maurienne 2017-2019,FR.OGGM,P,2017-11-17 13:20:41.340049
Maurienne 2017-2019,FR.OGGM,P,2017-11-17 13:23:32.129798
Maurienne 2017-2019,FR.OGGM,P,2017-11-17 13:24:27.325429
Maurienne 2017-2019,FR.OGGM,P,2017-11-17 13:29:29.701420
Maurienne 2017-2019,FR.OGGM,P,2017-11-17 13:57:58.723647
Maurienne 2017-2019,FR.OGGM,P,2017-12-01 09:24:27.371504
Maurienne 2017-2019,FR.OGGM,P,2017-12-01 09:24:29.576411
Maurienne 2017-2019,FR.OGGM,P,2017-12-01 09:24:43.103193
Maurienne 2017-2019,FR.OGGM,P,2017-12-01 09:27:46.952829
Maurienne 2017-2019,FR.OGGM,P,2017-12-01 09:43:23.730047
Maurienne 2017-2019,FR.OGGM,P,2017-12-01 09:45:09.892455
Maurienne 2017-2019,FR.OGGM,P,2017-12-01 09:45:32.750821
Maurienne 2017-2019,FR.OGGM,P,2017-12-01 09:45:44.761793
Maurienne 2017-2019,FR.OGGM,P,2017-12-01 09:51:49.927353
Maurienne 2017-2019,FR.OGGM,P,2017-12-01 09:52:29.713417
Maurienne 2017-2019,FR.OGGM,P,2017-12-01 09:55:18.485419
Maurienne 2017-2019,FR.OGGM,P,2017-12-01 09:55:33.366706
Maurienne 2017-2019,FR.OGGM,P,2017-12-01 09:56:56.905230
Maurienne 2017-2019,FR.OGGM,P,2017-12-01 10:01:02.003586
Maurienne 2017-2019,FR.OGGM,P,2017-12-01 10:32:37.662466
Maurienne 2017-2019,FR.OGGM,P,2017-12-01 11:01:19.318718
Maurienne 2017-2019,FR.OGGM,P,2017-12-01 11:05:05.136455
Maurienne 2017-2019,FR.OGGM,P,2017-12-01 11:11:15.706536
Maurienne 2017-2019,FR.OGGM,P,2017-12-01 11:22:09.610512
Maurienne 2017-2019,FR.OGGM,P,2017-12-01 14:07:13.193317
Maurienne 2017-2019,FR.OGGM,P,2017-12-01 14:11:57.801553
Maurienne 2017-2019,FR.OGGM,P,2017-12-01 14:12:25.333560
Maurienne 2017-2019,FR.OGGM,P,2017-12-01 14:13:54.035911
Maurienne 2017-2019,FR.OGGM,P,2017-12-01 14:14:58.763140
Maurienne 2017-2019,FR.OGGM,P,2017-12-01 14:15:25.377023
Maurienne 2017-2019,FR.OGGM,P,2017-12-01 14:15:38.053908
Maurienne 2017-2019,FR.OGGM,P,2017-12-01 14:17:40.223046
Maurienne 2017-2019,FR.OGGM,P,2017-12-01 14:29:12.995619
Maurienne 2017-2019,FR.OGGM,P,2017-12-01 14:31:22.987524
Maurienne 2017-2019,FR.OGGM,P,2017-12-01 14:33:24.719676
Maurienne 2017-2019,FR.OGGM,S,2017-11-17 08:07:10.388167
Maurienne 2017-2019,FR.OGGM,S,2017-11-17 08:08:03.989836
Maurienne 2017-2019,FR.OGGM,S,2017-11-17 08:11:18.452937
Maurienne 2017-2019,FR.OGGM,S,2017-11-17 08:15:36.358162
Maurienne 2017-2019,FR.OGGM,S,2017-11-17 08:16:31.084345
Maurienne 2017-2019,FR.OGGM,S,2017-11-17 08:30:11.857522
Maurienne 2017-2019,FR.OGGM,S,2017-11-17 08:34:49.186615
Maurienne 2017-2019,FR.OGGM,S,2017-11-17 09:35:19.969387
Maurienne 2017-2019,FR.OGGM,S,2017-11-17 09:54:08.940379
Maurienne 2017-2019,FR.OGGM,S,2017-11-17 10:27:20.369559
Maurienne 2017-2019,FR.OGGM,S,2017-11-17 11:07:21.122878
Maurienne 2017-2019,FR.OGGM,S,2017-11-17 11:08:47.556559
Maurienne 2017-2019,FR.OGGM,S,2017-11-17 11:09:26.425697
Maurienne 2017-2019,FR.OGGM,S,2017-11-17 11:12:01.532490
Maurienne 2017-2019,FR.OGGM,S,2017-11-17 12:07:24.483407
Maurienne 2017-2019,FR.OGGM,S,2017-11-17 12:07:57.073731
Maurienne 2017-2019,FR.OGGM,S,2017-11-17 12:08:57.768806
Maurienne 2017-2019,FR.OGGM,S,2017-11-17 12:10:33.204500
Maurienne 2017-2019,FR.OGGM,S,2017-11-17 12:12:13.981049
Maurienne 2017-2019,FR.OGGM,S,2017-11-17 12:17:02.945886
Maurienne 2017-2019,FR.OGGM,S,2017-11-17 12:17:51.960116
Maurienne 2017-2019,FR.OGGM,S,2017-11-17 12:18:01.675506
Maurienne 2017-2019,FR.OGGM,S,2017-11-17 12:20:17.827469
Maurienne 2017-2019,FR.OGGM,S,2017-11-17 12:21:06.959922
Maurienne 2017-2019,FR.OGGM,S,2017-11-17 12:22:13.925897
Maurienne 2017-2019,FR.OGGM,S,2017-11-17 12:22:43.499506
Maurienne 2017-2019,FR.OGGM,S,2017-11-17 12:24:42.955267
Maurienne 2017-2019,FR.OGGM,S,2017-11-17 12:34:51.380923
Maurienne 2017-2019,FR.OGGM,S,2017-11-17 12:44:07.133198
Maurienne 2017-2019,FR.OGGM,S,2017-11-17 12:51:11.413852
Maurienne 2017-2019,FR.OGGM,S,2017-11-17 12:55:05.694849
Maurienne 2017-2019,FR.OGGM,S,2017-11-17 13:00:06.471031
Maurienne 2017-2019,FR.OGGM,S,2017-11-17 13:11:47.592212
Maurienne 2017-2019,FR.OGGM,S,2017-11-17 13:20:44.866497
Maurienne 2017-2019,FR.OGGM,S,2017-11-17 13:23:35.487544
Maurienne 2017-2019,FR.OGGM,S,2017-11-17 13:24:30.980353
Maurienne 2017-2019,FR.OGGM,S,2017-11-17 13:29:33.354674
Maurienne 2017-2019,FR.OGGM,S,2017-11-17 13:58:01.750658
Maurienne 2017-2019,FR.OGGM,S,2017-12-01 09:24:31.537504
Maurienne 2017-2019,FR.OGGM,S,2017-12-01 09:24:33.265188
Maurienne 2017-2019,FR.OGGM,S,2017-12-01 09:24:46.644757
Maurienne 2017-2019,FR.OGGM,S,2017-12-01 09:27:50.237365
Maurienne 2017-2019,FR.OGGM,S,2017-12-01 09:43:27.852600
Maurienne 2017-2019,FR.OGGM,S,2017-12-01 09:45:13.387393
Maurienne 2017-2019,FR.OGGM,S,2017-12-01 09:45:36.270372
Maurienne 2017-2019,FR.OGGM,S,2017-12-01 09:45:48.223075
Maurienne 2017-2019,FR.OGGM,S,2017-12-01 09:51:54.160658
Maurienne 2017-2019,FR.OGGM,S,2017-12-01 09:52:33.436067
Maurienne 2017-2019,FR.OGGM,S,2017-12-01 09:55:22.091128
Maurienne 2017-2019,FR.OGGM,S,2017-12-01 09:55:36.861308
Maurienne 2017-2019,FR.OGGM,S,2017-12-01 09:57:01.744475
Maurienne 2017-2019,FR.OGGM,S,2017-12-01 10:01:06.356698
Maurienne 2017-2019,FR.OGGM,S,2017-12-01 10:32:41.346826
Maurienne 2017-2019,FR.OGGM,S,2017-12-01 11:01:22.975021
Maurienne 2017-2019,FR.OGGM,S,2017-12-01 11:05:08.775269
Maurienne 2017-2019,FR.OGGM,S,2017-12-01 11:11:19.320081
Maurienne 2017-2019,FR.OGGM,S,2017-12-01 11:22:13.476753
Maurienne 2017-2019,FR.OGGM,S,2017-12-01 14:07:16.733795
Maurienne 2017-2019,FR.OGGM,S,2017-12-01 14:12:01.036055
Maurienne 2017-2019,FR.OGGM,S,2017-12-01 14:12:29.629383
Maurienne 2017-2019,FR.OGGM,S,2017-12-01 14:13:57.510590
Maurienne 2017-2019,FR.OGGM,S,2017-12-01 14:15:02.401955
Maurienne 2017-2019,FR.OGGM,S,2017-12-01 14:15:29.041107
Maurienne 2017-2019,FR.OGGM,S,2017-12-01 14:15:41.692723
Maurienne 2017-2019,FR.OGGM,S,2017-12-01 14:17:44.038747
Maurienne 2017-2019,FR.OGGM,S,2017-12-01 14:29:16.786050
Maurienne 2017-2019,FR.OGGM,S,2017-12-01 14:31:26.579746
Maurienne 2017-2019,FR.OGGM,S,2017-12-01 14:33:28.282682
Maurienne 2017-2019,FR.OGMO,P,2017-10-27 01:09:58.110000
Maurienne 2017-2019,FR.OGMO,P,2017-10-27 01:09:58.258454
Maurienne 2017-2019,FR.OGMO,P,2017-10-27 01:11:13.339265
Maurienne 2017-2019,FR.OGMO,P,2017-10-27 01:11:40.639567
Maurienne 2017-2019,FR.OGMO,P,2017-10-27 01:13:16.251732
Maurienne 2017-2019,FR.OGMO,P,2017-10-27 01:31:00.317141
Maurienne 2017-2019,FR.OGMO,P,2017-10-27 01:49:27.542014
Maurienne 2017-2019,FR.OGMO,P,2017-10-27 01:49:45.956841
Maurienne 2017-2019,FR.OGMO,P,2017-10-27 03:00:13.970245
Maurienne 2017-2019,FR.OGMO,P,2017-10-27 03:16:18.054698
Maurienne 2017-2019,FR.OGMO,P,2017-10-27 03:16:38.349145
Maurienne 2017-2019,FR.OGMO,P,2017-10-27 03:21:27.789391
Maurienne 2017-2019,FR.OGMO,P,2017-10-27 03:29:06.137507
Maurienne 2017-2019,FR.OGMO,P,2017-10-27 03:29:53.144160
Maurienne 2017-2019,FR.OGMO,P,2017-10-27 03:38:01.947982
Maurienne 2017-2019,FR.OGMO,P,2017-10-27 03:39:02.810278
Maurienne 2017-2019,FR.OGMO,P,2017-10-27 03:39:58.967109
Maurienne 2017-2019,FR.OGMO,P,2017-10-27 03:48:40.786728
Maurienne 2017-2019,FR.OGMO,P,2017-10-27 03:48:41.080000
Maurienne 2017-2019,FR.OGMO,P,2017-10-27 03:56:51.153550
Maurienne 2017-2019,FR.OGMO,P,2017-10-27 04:39:30.392897
Maurienne 2017-2019,FR.OGMO,P,2017-10-27 04:40:21.604090
Maurienne 2017-2019,FR.OGMO,P,2017-10-27 04:41:07.573884
Maurienne 2017-2019,FR.OGMO,P,2017-10-27 04:42:27.992673
Maurienne 2017-2019,FR.OGMO,P,2017-10-27 04:44:59.081803
Maurienne 2017-2019,FR.OGMO,P,2017-10-27 04:46:43.570000
Maurienne 2017-2019,FR.OGMO,P,2017-10-27 04:46:43.579975
Maurienne 2017-2019,FR.OGMO,P,2017-10-27 04:46:43.630000
Maurienne 2017-2019,FR.OGMO,S,2017-10-27 01:10:01.961242
Maurienne 2017-2019,FR.OGMO,S,2017-10-27 01:10:02.900000
Maurienne 2017-2019,FR.OGMO,S,2017-10-27 01:11:18.161642
Maurienne 2017-2019,FR.OGMO,S,2017-10-27 01:11:44.970000
Maurienne 2017-2019,FR.OGMO,S,2017-10-27 01:11:44.978776
Maurienne 2017-2019,FR.OGMO,S,2017-10-27 01:13:21.211891
Maurienne 2017-2019,FR.OGMO,S,2017-10-27 01:24:13.735874
Maurienne 2017-2019,FR.OGMO,S,2017-10-27 01:31:04.542462
Maurienne 2017-2019,FR.OGMO,S,2017-10-27 01:49:31.998992
Maurienne 2017-2019,FR.OGMO,S,2017-10-27 01:49:51.000456
Maurienne 2017-2019,FR.OGMO,S,2017-10-27 03:00:19.235068
Maurienne 2017-2019,FR.OGMO,S,2017-10-27 03:16:22.567251
Maurienne 2017-2019,FR.OGMO,S,2017-10-27 03:16:42.450000
Maurienne 2017-2019,FR.OGMO,S,2017-10-27 03:16:43.053070
Maurienne 2017-2019,FR.OGMO,S,2017-10-27 03:21:32.159217
Maurienne 2017-2019,FR.OGMO,S,2017-10-27 03:29:09.984735
Maurienne 2017-2019,FR.OGMO,S,2017-10-27 03:29:57.762139
Maurienne 2017-2019,FR.OGMO,S,2017-10-27 03:38:05.691234
Maurienne 2017-2019,FR.OGMO,S,2017-10-27 03:39:07.239542
Maurienne 2017-2019,FR.OGMO,S,2017-10-27 03:39:23.433500
Maurienne 2017-2019,FR.OGMO,S,2017-10-27 03:40:03.597120
Maurienne 2017-2019,FR.OGMO,S,2017-10-27 03:48:45.314677
Maurienne 2017-2019,FR.OGMO,S,2017-10-27 03:48:45.830000
Maurienne 2017-2019,FR.OGMO,S,2017-10-27 03:56:56.298019
Maurienne 2017-2019,FR.OGMO,S,2017-10-27 04:39:35.170000
Maurienne 2017-2019,FR.OGMO,S,2017-10-27 04:39:35.177272
Maurienne 2017-2019,FR.OGMO,S,2017-10-27 04:40:26.169437
Maurienne 2017-2019,FR.OGMO,S,2017-10-27 04:40:26.230000
Maurienne 2017-2019,FR.OGMO,S,2017-10-27 04:42:32.562958
Maurienne 2017-2019,FR.OGMO,S,2017-10-27 04:45:04.231709
Maurienne 2017-2019,FR.OGMO,S,2017-10-27 04:46:47.690000
Maurienne 2017-2019,FR.OGMO,S,2017-10-27 04:46:48.304296
Maurienne 2017-2019,FR.OGSA,P,2017-10-27 01:09:59.119993
Maurienne 2017-2019,FR.OGSA,P,2017-10-27 01:11:14.441522
Maurienne 2017-2019,FR.OGSA,P,2017-10-27 01:11:21.188300
Maurienne 2017-2019,FR.OGSA,P,2017-10-27 01:11:41.523992
Maurienne 2017-2019,FR.OGSA,P,2017-10-27 01:13:17.721408
Maurienne 2017-2019,FR.OGSA,P,2017-10-27 01:16:58.637344
Maurienne 2017-2019,FR.OGSA,P,2017-10-27 01:18:07.204531
Maurienne 2017-2019,FR.OGSA,P,2017-10-27 01:19:36.923024
Maurienne 2017-2019,FR.OGSA,P,2017-10-27 01:29:59.939316
Maurienne 2017-2019,FR.OGSA,P,2017-10-27 01:30:16.715321
Maurienne 2017-2019,FR.OGSA,P,2017-10-27 01:30:59.306737
Maurienne 2017-2019,FR.OGSA,P,2017-10-27 01:49:28.456266
Maurienne 2017-2019,FR.OGSA,P,2017-10-27 01:49:47.572011
Maurienne 2017-2019,FR.OGSA,P,2017-10-27 03:16:19.320878
Maurienne 2017-2019,FR.OGSA,P,2017-10-27 03:16:39.143872
Maurienne 2017-2019,FR.OGSA,P,2017-10-27 03:21:29.116829
Maurienne 2017-2019,FR.OGSA,P,2017-10-27 03:29:07.138686
Maurienne 2017-2019,FR.OGSA,P,2017-10-27 03:29:53.665255
Maurienne 2017-2019,FR.OGSA,P,2017-10-27 03:38:02.455298
Maurienne 2017-2019,FR.OGSA,P,2017-10-27 03:39:59.829432
Maurienne 2017-2019,FR.OGSA,P,2017-10-27 03:48:41.968803
Maurienne 2017-2019,FR.OGSA,P,2017-10-27 03:56:52.076296
Maurienne 2017-2019,FR.OGSA,P,2017-10-27 04:39:31.432560
Maurienne 2017-2019,FR.OGSA,P,2017-10-27 04:40:22.512441
Maurienne 2017-2019,FR.OGSA,P,2017-10-27 04:41:08.367671
Maurienne 2017-2019,FR.OGSA,P,2017-10-27 04:42:28.786459
Maurienne 2017-2019,FR.OGSA,P,2017-10-27 04:45:00.615518
Maurienne 2017-2019,FR.OGSA,P,2017-10-27 04:45:43.924478
Maurienne 2017-2019,FR.OGSA,P,2017-10-27 04:46:44.427095
Maurienne 2017-2019,FR.OGSA,P,2017-10-27 04:54:39.634559
Maurienne 2017-2019,FR.OGSA,P,2017-11-17 08:07:09.611402
Maurienne 2017-2019,FR.OGSA,P,2017-11-17 08:08:03.255806
Maurienne 2017-2019,FR.OGSA,P,2017-11-17 08:11:17.902532
Maurienne 2017-2019,FR.OGSA,P,2017-11-17 08:15:35.614300
Maurienne 2017-2019,FR.OGSA,P,2017-11-17 08:16:30.463227
Maurienne 2017-2019,FR.OGSA,P,2017-11-17 08:30:10.885529
Maurienne 2017-2019,FR.OGSA,P,2017-11-17 08:31:33.681983
Maurienne 2017-2019,FR.OGSA,P,2017-11-17 08:34:48.432825
Maurienne 2017-2019,FR.OGSA,P,2017-11-17 09:16:26.106306
Maurienne 2017-2019,FR.OGSA,P,2017-11-17 09:35:18.312341
Maurienne 2017-2019,FR.OGSA,P,2017-11-17 09:54:07.694203
Maurienne 2017-2019,FR.OGSA,P,2017-11-17 11:07:20.261963
Maurienne 2017-2019,FR.OGSA,P,2017-11-17 11:08:46.793572
Maurienne 2017-2019,FR.OGSA,P,2017-11-17 11:09:25.572112
Maurienne 2017-2019,FR.OGSA,P,2017-11-17 11:12:00.675301
Maurienne 2017-2019,FR.OGSA,P,2017-11-17 12:07:23.623295
Maurienne 2017-2019,FR.OGSA,P,2017-11-17 12:07:56.279550
Maurienne 2017-2019,FR.OGSA,P,2017-11-17 12:08:56.859544
Maurienne 2017-2019,FR.OGSA,P,2017-11-17 12:10:32.472351
Maurienne 2017-2019,FR.OGSA,P,2017-11-17 12:12:13.219236
Maurienne 2017-2019,FR.OGSA,P,2017-11-17 12:17:02.027323
Maurienne 2017-2019,FR.OGSA,P,2017-11-17 12:17:50.988926
Maurienne 2017-2019,FR.OGSA,P,2017-11-17 12:18:00.859144
Maurienne 2017-2019,FR.OGSA,P,2017-11-17 12:20:17.047100
Maurienne 2017-2019,FR.OGSA,P,2017-11-17 12:22:13.054413
Maurienne 2017-2019,FR.OGSA,P,2017-11-17 12:22:42.781671
Maurienne 2017-2019,FR.OGSA,P,2017-11-17 12:24:42.190523
Maurienne 2017-2019,FR.OGSA,P,2017-11-17 12:34:50.428948
Maurienne 2017-2019,FR.OGSA,P,2017-11-17 12:51:09.980122
Maurienne 2017-2019,FR.OGSA,P,2017-11-17 12:55:04.514131
Maurienne 2017-2019,FR.OGSA,P,2017-11-17 13:11:46.455157
Maurienne 2017-2019,FR.OGSA,P,2017-11-17 13:20:43.527691
Maurienne 2017-2019,FR.OGSA,P,2017-11-17 13:23:34.986387
Maurienne 2017-2019,FR.OGSA,P,2017-11-17 13:24:29.990103
Maurienne 2017-2019,FR.OGSA,P,2017-11-17 13:29:32.582103
Maurienne 2017-2019,FR.OGSA,S,2017-10-27 01:10:04.545861
Maurienne 2017-2019,FR.OGSA,S,2017-10-27 01:11:19.723173
Maurienne 2017-2019,FR.OGSA,S,2017-10-27 01:11:26.424023
Maurienne 2017-2019,FR.OGSA,S,2017-10-27 01:11:46.885817
Maurienne 2017-2019,FR.OGSA,S,2017-10-27 01:13:22.865277
Maurienne 2017-2019,FR.OGSA,S,2017-10-27 01:17:04.142837
Maurienne 2017-2019,FR.OGSA,S,2017-10-27 01:18:13.644249
Maurienne 2017-2019,FR.OGSA,S,2017-10-27 01:19:42.168175
Maurienne 2017-2019,FR.OGSA,S,2017-10-27 01:24:15.159623
Maurienne 2017-2019,FR.OGSA,S,2017-10-27 01:30:05.220966
Maurienne 2017-2019,FR.OGSA,S,2017-10-27 01:30:22.318463
Maurienne 2017-2019,FR.OGSA,S,2017-10-27 01:31:05.598791
Maurienne 2017-2019,FR.OGSA,S,2017-10-27 01:49:33.637028
Maurienne 2017-2019,FR.OGSA,S,2017-10-27 01:49:53.019430
Maurienne 2017-2019,FR.OGSA,S,2017-10-27 03:16:24.690247
Maurienne 2017-2019,FR.OGSA,S,2017-10-27 03:16:44.513649
Maurienne 2017-2019,FR.OGSA,S,2017-10-27 03:21:34.327639
Maurienne 2017-2019,FR.OGSA,S,2017-10-27 03:29:12.684544
Maurienne 2017-2019,FR.OGSA,S,2017-10-27 03:29:59.289485
Maurienne 2017-2019,FR.OGSA,S,2017-10-27 03:38:07.696472
Maurienne 2017-2019,FR.OGSA,S,2017-10-27 03:39:25.018710
Maurienne 2017-2019,FR.OGSA,S,2017-10-27 03:40:05.202368
Maurienne 2017-2019,FR.OGSA,S,2017-10-27 03:48:47.298158
Maurienne 2017-2019,FR.OGSA,S,2017-10-27 03:56:57.853042
Maurienne 2017-2019,FR.OGSA,S,2017-10-27 04:39:36.890790
Maurienne 2017-2019,FR.OGSA,S,2017-10-27 04:40:27.938950
Maurienne 2017-2019,FR.OGSA,S,2017-10-27 04:41:14.068500
Maurienne 2017-2019,FR.OGSA,S,2017-10-27 04:42:34.126477
Maurienne 2017-2019,FR.OGSA,S,2017-10-27 04:45:06.004627
Maurienne 2017-2019,FR.OGSA,S,2017-10-27 04:45:49.305749
Maurienne 2017-2019,FR.OGSA,S,2017-10-27 04:46:49.803046
Maurienne 2017-2019,FR.OGSA,S,2017-10-27 04:54:44.778101
Maurienne 2017-2019,FR.OGSA,S,2017-11-17 08:07:14.937786
Maurienne 2017-2019,FR.OGSA,S,2017-11-17 08:08:08.630801
Maurienne 2017-2019,FR.OGSA,S,2017-11-17 08:11:23.074239
Maurienne 2017-2019,FR.OGSA,S,2017-11-17 08:15:40.914315
Maurienne 2017-2019,FR.OGSA,S,2017-11-17 08:16:35.768647
Maurienne 2017-2019,FR.OGSA,S,2017-11-17 08:30:16.340592
Maurienne 2017-2019,FR.OGSA,S,2017-11-17 08:31:39.256066
Maurienne 2017-2019,FR.OGSA,S,2017-11-17 08:34:53.808542
Maurienne 2017-2019,FR.OGSA,S,2017-11-17 09:16:31.746376
Maurienne 2017-2019,FR.OGSA,S,2017-11-17 09:35:23.450880
Maurienne 2017-2019,FR.OGSA,S,2017-11-17 09:54:13.141774
Maurienne 2017-2019,FR.OGSA,S,2017-11-17 11:07:25.501258
Maurienne 2017-2019,FR.OGSA,S,2017-11-17 11:08:52.095747
Maurienne 2017-2019,FR.OGSA,S,2017-11-17 11:09:31.068549
Maurienne 2017-2019,FR.OGSA,S,2017-11-17 11:12:05.995783
Maurienne 2017-2019,FR.OGSA,S,2017-11-17 12:07:29.103438
Maurienne 2017-2019,FR.OGSA,S,2017-11-17 12:08:01.838811
Maurienne 2017-2019,FR.OGSA,S,2017-11-17 12:09:02.290537
Maurienne 2017-2019,FR.OGSA,S,2017-11-17 12:10:37.935305
Maurienne 2017-2019,FR.OGSA,S,2017-11-17 12:12:18.502781
Maurienne 2017-2019,FR.OGSA,S,2017-11-17 12:17:07.669925
Maurienne 2017-2019,FR.OGSA,S,2017-11-17 12:17:56.323430
Maurienne 2017-2019,FR.OGSA,S,2017-11-17 12:18:06.235874
Maurienne 2017-2019,FR.OGSA,S,2017-11-17 12:18:11.946294
Maurienne 2017-2019,FR.OGSA,S,2017-11-17 12:20:22.424856
Maurienne 2017-2019,FR.OGSA,S,2017-11-17 12:21:11.463988
Maurienne 2017-2019,FR.OGSA,S,2017-11-17 12:22:18.480100
Maurienne 2017-2019,FR.OGSA,S,2017-11-17 12:22:47.919121
Maurienne 2017-2019,FR.OGSA,S,2017-11-17 12:24:47.507389
Maurienne 2017-2019,FR.OGSA,S,2017-11-17 12:34:55.857780
Maurienne 2017-2019,FR.OGSA,S,2017-11-17 12:51:16.024281
Maurienne 2017-2019,FR.OGSA,S,2017-11-17 12:55:10.473952
Maurienne 2017-2019,FR.OGSA,S,2017-11-17 13:11:51.985380
Maurienne 2017-2019,FR.OGSA,S,2017-11-17 13:20:49.686192
Maurienne 2017-2019,FR.OGSA,S,2017-11-17 13:23:40.348758
Maurienne 2017-2019,FR.OGSA,S,2017-11-17 13:24:35.715549
Maurienne 2017-2019,FR.OGSA,S,2017-11-17 13:29:38.002519
Maurienne 2017-2019,FR.OGVG,P,2017-10-27 01:10:03.207724
Maurienne 2017-2019,FR.OGVG,P,2017-10-27 01:11:18.483133
Maurienne 2017-2019,FR.OGVG,P,2017-10-27 01:11:25.183983
Maurienne 2017-2019,FR.OGVG,P,2017-10-27 01:11:45.531541
Maurienne 2017-2019,FR.OGVG,P,2017-10-27 01:13:21.763019
Maurienne 2017-2019,FR.OGVG,P,2017-10-27 01:17:02.788560
Maurienne 2017-2019,FR.OGVG,P,2017-10-27 01:18:11.458078
Maurienne 2017-2019,FR.OGVG,P,2017-10-27 01:19:40.953649
Maurienne 2017-2019,FR.OGVG,P,2017-10-27 01:24:13.873656
Maurienne 2017-2019,FR.OGVG,P,2017-10-27 01:30:03.797217
Maurienne 2017-2019,FR.OGVG,P,2017-10-27 01:30:20.756932
Maurienne 2017-2019,FR.OGVG,P,2017-10-27 01:49:32.418025
Maurienne 2017-2019,FR.OGVG,P,2017-10-27 01:49:51.701184
Maurienne 2017-2019,FR.OGVG,P,2017-10-27 03:00:19.032797
Maurienne 2017-2019,FR.OGVG,P,2017-10-27 03:16:23.271742
Maurienne 2017-2019,FR.OGVG,P,2017-10-27 03:16:43.181946
Maurienne 2017-2019,FR.OGVG,P,2017-10-27 03:21:33.221142
Maurienne 2017-2019,FR.OGVG,P,2017-10-27 03:29:11.390884
Maurienne 2017-2019,FR.OGVG,P,2017-10-27 03:29:57.798076
Maurienne 2017-2019,FR.OGVG,P,2017-10-27 03:38:07.155986
Maurienne 2017-2019,FR.OGVG,P,2017-10-27 03:39:07.565907
Maurienne 2017-2019,FR.OGVG,P,2017-10-27 03:39:23.410188
Maurienne 2017-2019,FR.OGVG,P,2017-10-27 03:40:03.822651
Maurienne 2017-2019,FR.OGVG,P,2017-10-27 03:48:45.958497
Maurienne 2017-2019,FR.OGVG,P,2017-10-27 03:56:56.466281
Maurienne 2017-2019,FR.OGVG,P,2017-10-27 04:39:35.408308
Maurienne 2017-2019,FR.OGVG,P,2017-10-27 04:40:26.535136
Maurienne 2017-2019,FR.OGVG,P,2017-10-27 04:41:12.784015
Maurienne 2017-2019,FR.OGVG,P,2017-10-27 04:42:32.707283
Maurienne 2017-2019,FR.OGVG,P,2017-10-27 04:45:04.623865
Maurienne 2017-2019,FR.OGVG,P,2017-10-27 04:46:48.402040
Maurienne 2017-2019,FR.OGVG,P,2017-10-27 04:54:43.656842
Maurienne 2017-2019,FR.OGVG,P,2017-11-17 08:07:13.575927
Maurienne 2017-2019,FR.OGVG,P,2017-11-17 08:08:07.186419
Maurienne 2017-2019,FR.OGVG,P,2017-11-17 08:11:21.713291
Maurienne 2017-2019,FR.OGVG,P,2017-11-17 08:15:39.637355
Maurienne 2017-2019,FR.OGVG,P,2017-11-17 08:16:34.486716
Maurienne 2017-2019,FR.OGVG,P,2017-11-17 08:30:14.912358
Maurienne 2017-2019,FR.OGVG,P,2017-11-17 08:31:37.768321
Maurienne 2017-2019,FR.OGVG,P,2017-11-17 08:34:52.300961
Maurienne 2017-2019,FR.OGVG,P,2017-11-17 09:16:30.226893
Maurienne 2017-2019,FR.OGVG,P,2017-11-17 09:35:22.896724
Maurienne 2017-2019,FR.OGVG,P,2017-11-17 09:54:11.753178
Maurienne 2017-2019,FR.OGVG,P,2017-11-17 10:27:23.443331
Maurienne 2017-2019,FR.OGVG,P,2017-11-17 11:07:24.292190
Maurienne 2017-2019,FR.OGVG,P,2017-11-17 11:08:50.670070
Maurienne 2017-2019,FR.OGVG,P,2017-11-17 11:09:29.533828
Maurienne 2017-2019,FR.OGVG,P,2017-11-17 11:12:04.754337
Maurienne 2017-2019,FR.OGVG,P,2017-11-17 12:07:27.704453
Maurienne 2017-2019,FR.OGVG,P,2017-11-17 12:08:00.284980
Maurienne 2017-2019,FR.OGVG,P,2017-11-17 12:09:00.840635
Maurienne 2017-2019,FR.OGVG,P,2017-11-17 12:10:36.527327
Maurienne 2017-2019,FR.OGVG,P,2017-11-17 12:12:17.237535
Maurienne 2017-2019,FR.OGVG,P,2017-11-17 12:17:06.029636
Maurienne 2017-2019,FR.OGVG,P,2017-11-17 12:17:55.058501
Maurienne 2017-2019,FR.OGVG,P,2017-11-17 12:18:10.525123
Maurienne 2017-2019,FR.OGVG,P,2017-11-17 12:20:20.948942
Maurienne 2017-2019,FR.OGVG,P,2017-11-17 12:21:10.193473
Maurienne 2017-2019,FR.OGVG,P,2017-11-17 12:22:17.261181
Maurienne 2017-2019,FR.OGVG,P,2017-11-17 12:22:46.779029
Maurienne 2017-2019,FR.OGVG,P,2017-11-17 12:24:46.169799
Maurienne 2017-2019,FR.OGVG,P,2017-11-17 12:34:54.494140
Maurienne 2017-2019,FR.OGVG,P,2017-11-17 12:51:14.590550
Maurienne 2017-2019,FR.OGVG,P,2017-11-17 12:55:09.096446
Maurienne 2017-2019,FR.OGVG,P,2017-11-17 13:00:09.594453
Maurienne 2017-2019,FR.OGVG,P,2017-11-17 13:11:50.538219
Maurienne 2017-2019,FR.OGVG,P,2017-11-17 13:16:50.191435
Maurienne 2017-2019,FR.OGVG,P,2017-11-17 13:20:48.327110
Maurienne 2017-2019,FR.OGVG,P,2017-11-17 13:23:38.995636
Maurienne 2017-2019,FR.OGVG,P,2017-11-17 13:24:34.261035
Maurienne 2017-2019,FR.OGVG,P,2017-11-17 13:29:36.604705
Maurienne 2017-2019,FR.OGVG,P,2017-11-17 13:58:04.795968
Maurienne 2017-2019,FR.OGVG,P,2017-12-01 09:24:34.085306
Maurienne 2017-2019,FR.OGVG,P,2017-12-01 09:24:36.557360
Maurienne 2017-2019,FR.OGVG,P,2017-12-01 09:24:49.871612
Maurienne 2017-2019,FR.OGVG,P,2017-12-01 09:27:53.657345
Maurienne 2017-2019,FR.OGVG,P,2017-12-01 09:43:31.090270
Maurienne 2017-2019,FR.OGVG,P,2017-12-01 09:45:16.586984
Maurienne 2017-2019,FR.OGVG,P,2017-12-01 09:45:39.371514
Maurienne 2017-2019,FR.OGVG,P,2017-12-01 09:45:51.331820
Maurienne 2017-2019,FR.OGVG,P,2017-12-01 09:47:05.824861
Maurienne 2017-2019,FR.OGVG,P,2017-12-01 09:51:57.286414
Maurienne 2017-2019,FR.OGVG,P,2017-12-01 09:52:36.535028
Maurienne 2017-2019,FR.OGVG,P,2017-12-01 09:55:24.897734
Maurienne 2017-2019,FR.OGVG,P,2017-12-01 09:55:40.038711
Maurienne 2017-2019,FR.OGVG,P,2017-12-01 09:57:04.926445
Maurienne 2017-2019,FR.OGVG,P,2017-12-01 10:01:09.268871
Maurienne 2017-2019,FR.OGVG,P,2017-12-01 10:32:44.392950
Maurienne 2017-2019,FR.OGVG,P,2017-12-01 11:01:26.055332
Maurienne 2017-2019,FR.OGVG,P,2017-12-01 11:05:11.807614
Maurienne 2017-2019,FR.OGVG,P,2017-12-01 11:11:22.327157
Maurienne 2017-2019,FR.OGVG,P,2017-12-01 11:22:16.483828
Maurienne 2017-2019,FR.OGVG,P,2017-12-01 11:34:46.216308
Maurienne 2017-2019,FR.OGVG,P,2017-12-01 14:07:19.832172
Maurienne 2017-2019,FR.OGVG,P,2017-12-01 14:12:04.169478
Maurienne 2017-2019,FR.OGVG,P,2017-12-01 14:12:32.762806
Maurienne 2017-2019,FR.OGVG,P,2017-12-01 14:14:00.780878
Maurienne 2017-2019,FR.OGVG,P,2017-12-01 14:15:05.459569
Maurienne 2017-2019,FR.OGVG,P,2017-12-01 14:15:32.199800
Maurienne 2017-2019,FR.OGVG,P,2017-12-01 14:15:44.699798
Maurienne 2017-2019,FR.OGVG,P,2017-12-01 14:17:47.121631
Maurienne 2017-2019,FR.OGVG,P,2017-12-01 14:29:19.818396
Maurienne 2017-2019,FR.OGVG,P,2017-12-01 14:31:29.765890
Maurienne 2017-2019,FR.OGVG,P,2017-12-01 14:33:31.441375
Maurienne 2017-2019,FR.OGVG,S,2017-10-27 01:10:12.244727
Maurienne 2017-2019,FR.OGVG,S,2017-10-27 01:11:33.083496
Maurienne 2017-2019,FR.OGVG,S,2017-10-27 01:11:53.436088
Maurienne 2017-2019,FR.OGVG,S,2017-10-27 01:13:29.432895
Maurienne 2017-2019,FR.OGVG,S,2017-10-27 01:17:10.803661
Maurienne 2017-2019,FR.OGVG,S,2017-10-27 01:18:20.470905
Maurienne 2017-2019,FR.OGVG,S,2017-10-27 01:19:49.001553
Maurienne 2017-2019,FR.OGVG,S,2017-10-27 01:24:21.819095
Maurienne 2017-2019,FR.OGVG,S,2017-10-27 01:30:11.972293
Maurienne 2017-2019,FR.OGVG,S,2017-10-27 01:30:29.345354
Maurienne 2017-2019,FR.OGVG,S,2017-10-27 01:31:12.855319
Maurienne 2017-2019,FR.OGVG,S,2017-10-27 01:49:40.265356
Maurienne 2017-2019,FR.OGVG,S,2017-10-27 01:49:59.699892
Maurienne 2017-2019,FR.OGVG,S,2017-10-27 03:00:27.177944
Maurienne 2017-2019,FR.OGVG,S,2017-10-27 03:16:31.144912
Maurienne 2017-2019,FR.OGVG,S,2017-10-27 03:16:51.086257
Maurienne 2017-2019,FR.OGVG,S,2017-10-27 03:21:41.276462
Maurienne 2017-2019,FR.OGVG,S,2017-10-27 03:29:19.332822
Maurienne 2017-2019,FR.OGVG,S,2017-10-27 03:30:05.902000
Maurienne 2017-2019,FR.OGVG,S,2017-10-27 03:38:14.951717
Maurienne 2017-2019,FR.OGVG,S,2017-10-27 03:39:15.468647
Maurienne 2017-2019,FR.OGVG,S,2017-10-27 03:39:31.382862
Maurienne 2017-2019,FR.OGVG,S,2017-10-27 03:40:11.649892
Maurienne 2017-2019,FR.OGVG,S,2017-10-27 03:48:53.822301
Maurienne 2017-2019,FR.OGVG,S,2017-10-27 03:57:04.436271
Maurienne 2017-2019,FR.OGVG,S,2017-10-27 04:39:43.253912
Maurienne 2017-2019,FR.OGVG,S,2017-10-27 04:41:20.457283
Maurienne 2017-2019,FR.OGVG,S,2017-10-27 04:42:40.572984
Maurienne 2017-2019,FR.OGVG,S,2017-10-27 04:45:12.409790
Maurienne 2017-2019,FR.OGVG,S,2017-10-27 04:46:56.449676
Maurienne 2017-2019,FR.OGVG,S,2017-10-27 04:54:51.684976
Maurienne 2017-2019,FR.OGVG,S,2017-11-17 08:07:21.360159
Maurienne 2017-2019,FR.OGVG,S,2017-11-17 08:08:14.834540
Maurienne 2017-2019,FR.OGVG,S,2017-11-17 08:11:29.046947
Maurienne 2017-2019,FR.OGVG,S,2017-11-17 08:15:47.423105
Maurienne 2017-2019,FR.OGVG,S,2017-11-17 08:16:42.216382
Maurienne 2017-2019,FR.OGVG,S,2017-11-17 08:30:23.323072
Maurienne 2017-2019,FR.OGVG,S,2017-11-17 08:31:46.258382
Maurienne 2017-2019,FR.OGVG,S,2017-11-17 08:35:00.314945
Maurienne 2017-2019,FR.OGVG,S,2017-11-17 09:16:37.990080
Maurienne 2017-2019,FR.OGVG,S,2017-11-17 09:35:31.057933
Maurienne 2017-2019,FR.OGVG,S,2017-11-17 09:54:20.013546
Maurienne 2017-2019,FR.OGVG,S,2017-11-17 10:27:31.100762
Maurienne 2017-2019,FR.OGVG,S,2017-11-17 11:07:32.402501
Maurienne 2017-2019,FR.OGVG,S,2017-11-17 11:08:58.541038
Maurienne 2017-2019,FR.OGVG,S,2017-11-17 11:09:38.457756
Maurienne 2017-2019,FR.OGVG,S,2017-11-17 11:12:12.528151
Maurienne 2017-2019,FR.OGVG,S,2017-11-17 12:07:35.543760
Maurienne 2017-2019,FR.OGVG,S,2017-11-17 12:08:08.295839
Maurienne 2017-2019,FR.OGVG,S,2017-11-17 12:09:08.925687
Maurienne 2017-2019,FR.OGVG,S,2017-11-17 12:10:44.440163
Maurienne 2017-2019,FR.OGVG,S,2017-11-17 12:12:25.101417
Maurienne 2017-2019,FR.OGVG,S,2017-11-17 12:17:14.165480
Maurienne 2017-2019,FR.OGVG,S,2017-11-17 12:18:02.982843
Maurienne 2017-2019,FR.OGVG,S,2017-11-17 12:18:18.456798
Maurienne 2017-2019,FR.OGVG,S,2017-11-17 12:20:28.939234
Maurienne 2017-2019,FR.OGVG,S,2017-11-17 12:21:18.103740
Maurienne 2017-2019,FR.OGVG,S,2017-11-17 12:22:25.115146
Maurienne 2017-2019,FR.OGVG,S,2017-11-17 12:22:54.815973
Maurienne 2017-2019,FR.OGVG,S,2017-11-17 12:24:54.087471
Maurienne 2017-2019,FR.OGVG,S,2017-11-17 12:35:02.315776
Maurienne 2017-2019,FR.OGVG,S,2017-11-17 12:51:22.293338
Maurienne 2017-2019,FR.OGVG,S,2017-11-17 12:55:16.855459
Maurienne 2017-2019,FR.OGVG,S,2017-11-17 13:00:17.453395
Maurienne 2017-2019,FR.OGVG,S,2017-11-17 13:11:58.497606
Maurienne 2017-2019,FR.OGVG,S,2017-11-17 13:16:58.151133
Maurienne 2017-2019,FR.OGVG,S,2017-11-17 13:20:56.310297
Maurienne 2017-2019,FR.OGVG,S,2017-11-17 13:23:46.813671
Maurienne 2017-2019,FR.OGVG,S,2017-11-17 13:24:42.219047
Maurienne 2017-2019,FR.OGVG,S,2017-11-17 13:29:44.525657
Maurienne 2017-2019,FR.OGVG,S,2017-11-17 13:58:12.806044
Maurienne 2017-2019,FR.OGVG,S,2017-12-01 09:24:42.727174
Maurienne 2017-2019,FR.OGVG,S,2017-12-01 09:24:44.522134
Maurienne 2017-2019,FR.OGVG,S,2017-12-01 09:24:57.859313
Maurienne 2017-2019,FR.OGVG,S,2017-12-01 09:28:01.580863
Maurienne 2017-2019,FR.OGVG,S,2017-12-01 09:43:39.012207
Maurienne 2017-2019,FR.OGVG,S,2017-12-01 09:45:24.585964
Maurienne 2017-2019,FR.OGVG,S,2017-12-01 09:45:47.419717
Maurienne 2017-2019,FR.OGVG,S,2017-12-01 09:45:59.311998
Maurienne 2017-2019,FR.OGVG,S,2017-12-01 09:47:13.897676
Maurienne 2017-2019,FR.OGVG,S,2017-12-01 09:52:05.408452
Maurienne 2017-2019,FR.OGVG,S,2017-12-01 09:52:44.545549
Maurienne 2017-2019,FR.OGVG,S,2017-12-01 09:55:33.278572
Maurienne 2017-2019,FR.OGVG,S,2017-12-01 09:55:48.059926
Maurienne 2017-2019,FR.OGVG,S,2017-12-01 09:57:13.036046
Maurienne 2017-2019,FR.OGVG,S,2017-12-01 10:01:17.607820
Maurienne 2017-2019,FR.OGVG,S,2017-12-01 10:32:52.428916
Maurienne 2017-2019,FR.OGVG,S,2017-12-01 11:01:34.069146
Maurienne 2017-2019,FR.OGVG,S,2017-12-01 11:05:19.792791
Maurienne 2017-2019,FR.OGVG,S,2017-12-01 11:11:30.312332
Maurienne 2017-2019,FR.OGVG,S,2017-12-01 11:22:24.671161
Maurienne 2017-2019,FR.OGVG,S,2017-12-01 11:34:54.631067
Maurienne 2017-2019,FR.OGVG,S,2017-12-01 14:07:27.898304
Maurienne 2017-2019,FR.OGVG,S,2017-12-01 14:12:12.331541
Maurienne 2017-2019,FR.OGVG,S,2017-12-01 14:12:40.722713
Maurienne 2017-2019,FR.OGVG,S,2017-12-01 14:14:08.606210
Maurienne 2017-2019,FR.OGVG,S,2017-12-01 14:15:13.394207
Maurienne 2017-2019,FR.OGVG,S,2017-12-01 14:15:52.786052
Maurienne 2017-2019,FR.OGVG,S,2017-12-01 14:17:55.207885
Maurienne 2017-2019,FR.OGVG,S,2017-12-01 14:29:27.879381
Maurienne 2017-2019,FR.OGVG,S,2017-12-01 14:31:37.700014
Maurienne 2017-2019,FR.OGVG,S,2017-12-01 14:33:39.477090
Maurienne 2017-2019,FR.RSL,P,2017-10-27 01:09:57.560000
Maurienne 2017-2019,FR.RSL,P,2017-10-27 01:09:57.598551
Maurienne 2017-2019,FR.RSL,P,2017-10-27 01:11:12.834064
Maurienne 2017-2019,FR.RSL,P,2017-10-27 01:11:19.443059
Maurienne 2017-2019,FR.RSL,P,2017-10-27 01:11:40.003886
Maurienne 2017-2019,FR.RSL,P,2017-10-27 01:13:16.113950
Maurienne 2017-2019,FR.RSL,P,2017-10-27 01:16:57.157784
Maurienne 2017-2019,FR.RSL,P,2017-10-27 01:18:06.762319
Maurienne 2017-2019,FR.RSL,P,2017-10-27 01:19:35.361490
Maurienne 2017-2019,FR.RSL,P,2017-10-27 01:24:08.362369
Maurienne 2017-2019,FR.RSL,P,2017-10-27 01:29:58.423712
Maurienne 2017-2019,FR.RSL,P,2017-10-27 01:30:15.245644
Maurienne 2017-2019,FR.RSL,P,2017-10-27 01:30:59.398593
Maurienne 2017-2019,FR.RSL,P,2017-10-27 01:49:26.932512
Maurienne 2017-2019,FR.RSL,P,2017-10-27 01:49:46.086352
Maurienne 2017-2019,FR.RSL,P,2017-10-27 03:00:13.832690
Maurienne 2017-2019,FR.RSL,P,2017-10-27 03:16:17.835733
Maurienne 2017-2019,FR.RSL,P,2017-10-27 03:16:37.683292
Maurienne 2017-2019,FR.RSL,P,2017-10-27 03:21:27.706941
Maurienne 2017-2019,FR.RSL,P,2017-10-27 03:29:05.901274
Maurienne 2017-2019,FR.RSL,P,2017-10-27 03:29:52.299627
Maurienne 2017-2019,FR.RSL,P,2017-10-27 03:38:01.687583
Maurienne 2017-2019,FR.RSL,P,2017-10-27 03:39:01.994361
Maurienne 2017-2019,FR.RSL,P,2017-10-27 03:39:18.071760
Maurienne 2017-2019,FR.RSL,P,2017-10-27 03:39:58.330316
Maurienne 2017-2019,FR.RSL,P,2017-10-27 03:48:40.456147
Maurienne 2017-2019,FR.RSL,P,2017-10-27 03:56:51.054038
Maurienne 2017-2019,FR.RSL,P,2017-10-27 04:39:29.988584
Maurienne 2017-2019,FR.RSL,P,2017-10-27 04:40:21.073236
Maurienne 2017-2019,FR.RSL,P,2017-10-27 04:40:21.080000
Maurienne 2017-2019,FR.RSL,P,2017-10-27 04:41:07.220000
Maurienne 2017-2019,FR.RSL,P,2017-10-27 04:41:07.227510
Maurienne 2017-2019,FR.RSL,P,2017-10-27 04:42:27.319157
Maurienne 2017-2019,FR.RSL,P,2017-10-27 04:44:59.109944
Maurienne 2017-2019,FR.RSL,P,2017-10-27 04:45:42.418838
Maurienne 2017-2019,FR.RSL,P,2017-10-27 04:46:42.970000
Maurienne 2017-2019,FR.RSL,P,2017-10-27 04:46:43.058671
Maurienne 2017-2019,FR.RSL,P,2017-10-27 04:54:38.043974
Maurienne 2017-2019,FR.RSL,P,2017-11-17 08:07:08.120000
Maurienne 2017-2019,FR.RSL,P,2017-11-17 08:07:08.128488
Maurienne 2017-2019,FR.RSL,P,2017-11-17 08:08:01.760000
Maurienne 2017-2019,FR.RSL,P,2017-11-17 08:08:01.779439
Maurienne 2017-2019,FR.RSL,P,2017-11-17 08:11:16.139687
Maurienne 2017-2019,FR.RSL,P,2017-11-17 08:15:34.173068
Maurienne 2017-2019,FR.RSL,P,2017-11-17 08:16:28.970000
Maurienne 2017-2019,FR.RSL,P,2017-11-17 08:16:28.978217
Maurienne 2017-2019,FR.RSL,P,2017-11-17 08:22:04.710000
Maurienne 2017-2019,FR.RSL,P,2017-11-17 08:30:09.417622
Maurienne 2017-2019,FR.RSL,P,2017-11-17 08:31:32.273585
Maurienne 2017-2019,FR.RSL,P,2017-11-17 08:34:46.945081
Maurienne 2017-2019,FR.RSL,P,2017-11-17 09:16:24.728825
Maurienne 2017-2019,FR.RSL,P,2017-11-17 09:35:17.400848
Maurienne 2017-2019,FR.RSL,P,2017-11-17 09:54:06.305607
Maurienne 2017-2019,FR.RSL,P,2017-11-17 10:27:18.242016
Maurienne 2017-2019,FR.RSL,P,2017-11-17 11:07:18.811879
Maurienne 2017-2019,FR.RSL,P,2017-11-17 11:08:45.208187
Maurienne 2017-2019,FR.RSL,P,2017-11-17 11:09:24.030699
Maurienne 2017-2019,FR.RSL,P,2017-11-17 11:11:59.138274
Maurienne 2017-2019,FR.RSL,P,2017-11-17 12:07:22.247116
Maurienne 2017-2019,FR.RSL,P,2017-11-17 12:07:54.863838
Maurienne 2017-2019,FR.RSL,P,2017-11-17 12:08:55.409641
Maurienne 2017-2019,FR.RSL,P,2017-11-17 12:10:30.839097
Maurienne 2017-2019,FR.RSL,P,2017-11-17 12:10:30.990000
Maurienne 2017-2019,FR.RSL,P,2017-11-17 12:12:11.572735
Maurienne 2017-2019,FR.RSL,P,2017-11-17 12:17:00.518255
Maurienne 2017-2019,FR.RSL,P,2017-11-17 12:17:49.412503
Maurienne 2017-2019,FR.RSL,P,2017-11-17 12:17:59.353097
Maurienne 2017-2019,FR.RSL,P,2017-11-17 12:18:05.147716
Maurienne 2017-2019,FR.RSL,P,2017-11-17 12:20:15.415184
Maurienne 2017-2019,FR.RSL,P,2017-11-17 12:21:04.595287
Maurienne 2017-2019,FR.RSL,P,2017-11-17 12:22:11.761245
Maurienne 2017-2019,FR.RSL,P,2017-11-17 12:22:41.148947
Maurienne 2017-2019,FR.RSL,P,2017-11-17 12:24:40.620000
Maurienne 2017-2019,FR.RSL,P,2017-11-17 12:24:40.625271
Maurienne 2017-2019,FR.RSL,P,2017-11-17 12:34:48.833746
Maurienne 2017-2019,FR.RSL,P,2017-11-17 12:34:48.880000
Maurienne 2017-2019,FR.RSL,P,2017-11-17 12:44:04.776289
Maurienne 2017-2019,FR.RSL,P,2017-11-17 12:51:09.052414
Maurienne 2017-2019,FR.RSL,P,2017-11-17 12:55:03.417748
Maurienne 2017-2019,FR.RSL,P,2017-11-17 13:00:04.194111
Maurienne 2017-2019,FR.RSL,P,2017-11-17 13:06:39.833318
Maurienne 2017-2019,FR.RSL,P,2017-11-17 13:11:45.059680
Maurienne 2017-2019,FR.RSL,P,2017-11-17 13:16:45.163767
Maurienne 2017-2019,FR.RSL,P,2017-11-17 13:20:42.544537
Maurienne 2017-2019,FR.RSL,P,2017-11-17 13:23:33.332572
Maurienne 2017-2019,FR.RSL,P,2017-11-17 13:24:28.720000
Maurienne 2017-2019,FR.RSL,P,2017-11-17 13:24:28.749238
Maurienne 2017-2019,FR.RSL,P,2017-11-17 13:29:31.153225
Maurienne 2017-2019,FR.RSL,P,2017-11-17 13:57:59.048962
Maurienne 2017-2019,FR.RSL,P,2017-12-01 09:24:28.335537
Maurienne 2017-2019,FR.RSL,P,2017-12-01 09:24:30.983340
Maurienne 2017-2019,FR.RSL,P,2017-12-01 09:24:44.242437
Maurienne 2017-2019,FR.RSL,P,2017-12-01 09:27:47.934804
Maurienne 2017-2019,FR.RSL,P,2017-12-01 09:43:25.407104
Maurienne 2017-2019,FR.RSL,P,2017-12-01 09:45:11.024618
Maurienne 2017-2019,FR.RSL,P,2017-12-01 09:45:33.784535
Maurienne 2017-2019,FR.RSL,P,2017-12-01 09:45:45.723260
Maurienne 2017-2019,FR.RSL,P,2017-12-01 09:45:45.740000
Maurienne 2017-2019,FR.RSL,P,2017-12-01 09:47:00.261805
Maurienne 2017-2019,FR.RSL,P,2017-12-01 09:51:51.871720
Maurienne 2017-2019,FR.RSL,P,2017-12-01 09:52:30.921816
Maurienne 2017-2019,FR.RSL,P,2017-12-01 09:55:19.732800
Maurienne 2017-2019,FR.RSL,P,2017-12-01 09:55:34.505571
Maurienne 2017-2019,FR.RSL,P,2017-12-01 09:56:59.291707
Maurienne 2017-2019,FR.RSL,P,2017-12-01 10:01:04.102802
Maurienne 2017-2019,FR.RSL,P,2017-12-01 10:32:38.706852
Maurienne 2017-2019,FR.RSL,P,2017-12-01 11:01:20.370533
Maurienne 2017-2019,FR.RSL,P,2017-12-01 11:05:06.172506
Maurienne 2017-2019,FR.RSL,P,2017-12-01 11:11:16.767857
Maurienne 2017-2019,FR.RSL,P,2017-12-01 11:22:10.899259
Maurienne 2017-2019,FR.RSL,P,2017-12-01 11:34:40.960243
Maurienne 2017-2019,FR.RSL,P,2017-12-01 14:07:14.259767
Maurienne 2017-2019,FR.RSL,P,2017-12-01 14:11:58.483831
Maurienne 2017-2019,FR.RSL,P,2017-12-01 14:12:27.120000
Maurienne 2017-2019,FR.RSL,P,2017-12-01 14:12:27.127698
Maurienne 2017-2019,FR.RSL,P,2017-12-01 14:13:55.122611
Maurienne 2017-2019,FR.RSL,P,2017-12-01 14:14:59.748652
Maurienne 2017-2019,FR.RSL,P,2017-12-01 14:14:59.790000
Maurienne 2017-2019,FR.RSL,P,2017-12-01 14:15:26.488883
Maurienne 2017-2019,FR.RSL,P,2017-12-01 14:15:39.089960
Maurienne 2017-2019,FR.RSL,P,2017-12-01 14:17:41.537062
Maurienne 2017-2019,FR.RSL,P,2017-12-01 14:29:14.158018
Maurienne 2017-2019,FR.RSL,P,2017-12-01 14:31:23.945112
Maurienne 2017-2019,FR.RSL,P,2017-12-01 14:33:25.670000
Maurienne 2017-2019,FR.RSL,P,2017-12-01 14:33:25.679919
Maurienne 2017-2019,FR.RSL,S,2017-10-27 01:10:01.667951
Maurienne 2017-2019,FR.RSL,S,2017-10-27 01:10:02.080000
Maurienne 2017-2019,FR.RSL,S,2017-10-27 01:11:17.013457
Maurienne 2017-2019,FR.RSL,S,2017-10-27 01:11:23.570000
Maurienne 2017-2019,FR.RSL,S,2017-10-27 01:11:23.576524
Maurienne 2017-2019,FR.RSL,S,2017-10-27 01:11:44.287819
Maurienne 2017-2019,FR.RSL,S,2017-10-27 01:13:20.431125
Maurienne 2017-2019,FR.RSL,S,2017-10-27 01:17:01.210892
Maurienne 2017-2019,FR.RSL,S,2017-10-27 01:18:10.820000
Maurienne 2017-2019,FR.RSL,S,2017-10-27 01:18:10.825145
Maurienne 2017-2019,FR.RSL,S,2017-10-27 01:19:39.498887
Maurienne 2017-2019,FR.RSL,S,2017-10-27 01:19:39.540000
Maurienne 2017-2019,FR.RSL,S,2017-10-27 01:24:12.495834
Maurienne 2017-2019,FR.RSL,S,2017-10-27 01:30:02.465322
Maurienne 2017-2019,FR.RSL,S,2017-10-27 01:30:19.333182
Maurienne 2017-2019,FR.RSL,S,2017-10-27 01:31:03.440204
Maurienne 2017-2019,FR.RSL,S,2017-10-27 01:49:31.237116
Maurienne 2017-2019,FR.RSL,S,2017-10-27 01:49:50.086205
Maurienne 2017-2019,FR.RSL,S,2017-10-27 03:00:18.089121
Maurienne 2017-2019,FR.RSL,S,2017-10-27 03:16:22.043643
Maurienne 2017-2019,FR.RSL,S,2017-10-27 03:16:41.950000
Maurienne 2017-2019,FR.RSL,S,2017-10-27 03:16:41.979114
Maurienne 2017-2019,FR.RSL,S,2017-10-27 03:21:31.923738
Maurienne 2017-2019,FR.RSL,S,2017-10-27 03:29:10.074729
Maurienne 2017-2019,FR.RSL,S,2017-10-27 03:29:56.594167
Maurienne 2017-2019,FR.RSL,S,2017-10-27 03:38:05.805160
Maurienne 2017-2019,FR.RSL,S,2017-10-27 03:39:06.260441
Maurienne 2017-2019,FR.RSL,S,2017-10-27 03:39:22.361152
Maurienne 2017-2019,FR.RSL,S,2017-10-27 03:40:02.562332
Maurienne 2017-2019,FR.RSL,S,2017-10-27 03:40:02.580000
Maurienne 2017-2019,FR.RSL,S,2017-10-27 03:48:44.683568
Maurienne 2017-2019,FR.RSL,S,2017-10-27 03:56:55.157669
Maurienne 2017-2019,FR.RSL,S,2017-10-27 04:39:34.204994
Maurienne 2017-2019,FR.RSL,S,2017-10-27 04:40:25.370000
Maurienne 2017-2019,FR.RSL,S,2017-10-27 04:40:25.379053
Maurienne 2017-2019,FR.RSL,S,2017-10-27 04:40:25.510000
Maurienne 2017-2019,FR.RSL,S,2017-10-27 04:41:11.485092
Maurienne 2017-2019,FR.RSL,S,2017-10-27 04:42:31.648901
Maurienne 2017-2019,FR.RSL,S,2017-10-27 04:45:03.500028
Maurienne 2017-2019,FR.RSL,S,2017-10-27 04:45:46.740584
Maurienne 2017-2019,FR.RSL,S,2017-10-27 04:46:47.340000
Maurienne 2017-2019,FR.RSL,S,2017-10-27 04:46:47.424595
Maurienne 2017-2019,FR.RSL,S,2017-10-27 04:54:42.209985
Maurienne 2017-2019,FR.RSL,S,2017-11-17 08:07:12.355297
Maurienne 2017-2019,FR.RSL,S,2017-11-17 08:08:06.055505
Maurienne 2017-2019,FR.RSL,S,2017-11-17 08:11:20.398904
Maurienne 2017-2019,FR.RSL,S,2017-11-17 08:15:38.403782
Maurienne 2017-2019,FR.RSL,S,2017-11-17 08:15:38.450000
Maurienne 2017-2019,FR.RSL,S,2017-11-17 08:16:33.255554
Maurienne 2017-2019,FR.RSL,S,2017-11-17 08:22:08.870000
Maurienne 2017-2019,FR.RSL,S,2017-11-17 08:30:13.543633
Maurienne 2017-2019,FR.RSL,S,2017-11-17 08:31:36.518616
Maurienne 2017-2019,FR.RSL,S,2017-11-17 08:34:51.150438
Maurienne 2017-2019,FR.RSL,S,2017-11-17 09:16:29.087084
Maurienne 2017-2019,FR.RSL,S,2017-11-17 09:35:21.647000
Maurienne 2017-2019,FR.RSL,S,2017-11-17 09:54:10.685026
Maurienne 2017-2019,FR.RSL,S,2017-11-17 10:27:22.447160
Maurienne 2017-2019,FR.RSL,S,2017-11-17 11:07:23.105992
Maurienne 2017-2019,FR.RSL,S,2017-11-17 11:08:49.494209
Maurienne 2017-2019,FR.RSL,S,2017-11-17 11:09:28.321440
Maurienne 2017-2019,FR.RSL,S,2017-11-17 11:12:03.453775
Maurienne 2017-2019,FR.RSL,S,2017-11-17 12:07:26.449378
Maurienne 2017-2019,FR.RSL,S,2017-11-17 12:07:59.041916
Maurienne 2017-2019,FR.RSL,S,2017-11-17 12:07:59.200000
Maurienne 2017-2019,FR.RSL,S,2017-11-17 12:08:59.611903
Maurienne 2017-2019,FR.RSL,S,2017-11-17 12:10:35.119350
Maurienne 2017-2019,FR.RSL,S,2017-11-17 12:10:35.330000
Maurienne 2017-2019,FR.RSL,S,2017-11-17 12:12:15.720000
Maurienne 2017-2019,FR.RSL,S,2017-11-17 12:12:15.725848
Maurienne 2017-2019,FR.RSL,S,2017-11-17 12:17:04.970000
Maurienne 2017-2019,FR.RSL,S,2017-11-17 12:17:04.979848
Maurienne 2017-2019,FR.RSL,S,2017-11-17 12:17:53.564689
Maurienne 2017-2019,FR.RSL,S,2017-11-17 12:18:03.617885
Maurienne 2017-2019,FR.RSL,S,2017-11-17 12:18:09.296001
Maurienne 2017-2019,FR.RSL,S,2017-11-17 12:20:19.506957
Maurienne 2017-2019,FR.RSL,S,2017-11-17 12:21:08.803774
Maurienne 2017-2019,FR.RSL,S,2017-11-17 12:22:15.949987
Maurienne 2017-2019,FR.RSL,S,2017-11-17 12:22:45.357434
Maurienne 2017-2019,FR.RSL,S,2017-11-17 12:24:44.789061
Maurienne 2017-2019,FR.RSL,S,2017-11-17 12:24:44.880000
Maurienne 2017-2019,FR.RSL,S,2017-11-17 12:34:53.053313
Maurienne 2017-2019,FR.RSL,S,2017-11-17 12:34:53.090000
Maurienne 2017-2019,FR.RSL,S,2017-11-17 12:44:09.190685
Maurienne 2017-2019,FR.RSL,S,2017-11-17 12:51:13.353606
Maurienne 2017-2019,FR.RSL,S,2017-11-17 12:55:07.770000
Maurienne 2017-2019,FR.RSL,S,2017-11-17 12:55:07.775165
Maurienne 2017-2019,FR.RSL,S,2017-11-17 13:00:08.382130
Maurienne 2017-2019,FR.RSL,S,2017-11-17 13:06:44.045809
Maurienne 2017-2019,FR.RSL,S,2017-11-17 13:11:49.349479
Maurienne 2017-2019,FR.RSL,S,2017-11-17 13:16:49.517052
Maurienne 2017-2019,FR.RSL,S,2017-11-17 13:20:46.712158
Maurienne 2017-2019,FR.RSL,S,2017-11-17 13:23:37.592400
Maurienne 2017-2019,FR.RSL,S,2017-11-17 13:24:33.014867
Maurienne 2017-2019,FR.RSL,S,2017-11-17 13:29:35.620000
Maurienne 2017-2019,FR.RSL,S,2017-11-17 13:29:35.626234
Maurienne 2017-2019,FR.RSL,S,2017-11-17 13:58:03.123287
Maurienne 2017-2019,FR.RSL,S,2017-12-01 09:24:35.091208
Maurienne 2017-2019,FR.RSL,S,2017-12-01 09:24:48.320000
Maurienne 2017-2019,FR.RSL,S,2017-12-01 09:24:48.328857
Maurienne 2017-2019,FR.RSL,S,2017-12-01 09:27:51.964285
Maurienne 2017-2019,FR.RSL,S,2017-12-01 09:43:29.567268
Maurienne 2017-2019,FR.RSL,S,2017-12-01 09:45:15.036414
Maurienne 2017-2019,FR.RSL,S,2017-12-01 09:45:37.870167
Maurienne 2017-2019,FR.RSL,S,2017-12-01 09:45:49.810000
Maurienne 2017-2019,FR.RSL,S,2017-12-01 09:45:49.889618
Maurienne 2017-2019,FR.RSL,S,2017-12-01 09:45:50.030000
Maurienne 2017-2019,FR.RSL,S,2017-12-01 09:47:04.372049
Maurienne 2017-2019,FR.RSL,S,2017-12-01 09:51:55.981965
Maurienne 2017-2019,FR.RSL,S,2017-12-01 09:52:34.956312
Maurienne 2017-2019,FR.RSL,S,2017-12-01 09:55:23.747805
Maurienne 2017-2019,FR.RSL,S,2017-12-01 09:55:38.561805
Maurienne 2017-2019,FR.RSL,S,2017-12-01 09:57:03.468042
Maurienne 2017-2019,FR.RSL,S,2017-12-01 10:01:08.124458
Maurienne 2017-2019,FR.RSL,S,2017-12-01 10:32:42.942415
Maurienne 2017-2019,FR.RSL,S,2017-12-01 10:32:43.040000
Maurienne 2017-2019,FR.RSL,S,2017-12-01 11:01:24.420000
Maurienne 2017-2019,FR.RSL,S,2017-12-01 11:01:24.427526
Maurienne 2017-2019,FR.RSL,S,2017-12-01 11:01:24.520000
Maurienne 2017-2019,FR.RSL,S,2017-12-01 11:05:10.518867
Maurienne 2017-2019,FR.RSL,S,2017-12-01 11:11:20.861523
Maurienne 2017-2019,FR.RSL,S,2017-12-01 11:22:15.169812
Maurienne 2017-2019,FR.RSL,S,2017-12-01 11:34:45.120000
Maurienne 2017-2019,FR.RSL,S,2017-12-01 11:34:45.129717
Maurienne 2017-2019,FR.RSL,S,2017-12-01 14:07:18.323620
Maurienne 2017-2019,FR.RSL,S,2017-12-01 14:12:02.520000
Maurienne 2017-2019,FR.RSL,S,2017-12-01 14:12:02.526958
Maurienne 2017-2019,FR.RSL,S,2017-12-01 14:12:31.297173
Maurienne 2017-2019,FR.RSL,S,2017-12-01 14:13:59.258675
Maurienne 2017-2019,FR.RSL,S,2017-12-01 14:15:03.840000
Maurienne 2017-2019,FR.RSL,S,2017-12-01 14:15:03.892858
Maurienne 2017-2019,FR.RSL,S,2017-12-01 14:15:30.784706
Maurienne 2017-2019,FR.RSL,S,2017-12-01 14:15:43.183626
Maurienne 2017-2019,FR.RSL,S,2017-12-01 14:17:45.655998
Maurienne 2017-2019,FR.RSL,S,2017-12-01 14:29:18.403302
Maurienne 2017-2019,FR.RSL,S,2017-12-01 14:31:28.139161
Maurienne 2017-2019,FR.RSL,S,2017-12-01 14:33:30.001011
Maurienne 2017-2019,GU.LSD,P,2017-12-01 09:24:31.537504
Maurienne 2017-2019,GU.LSD,P,2017-12-01 09:24:35.520000
Maurienne 2017-2019,GU.LSD,P,2017-12-01 09:24:35.527091
Maurienne 2017-2019,GU.LSD,P,2017-12-01 09:24:48.804290
Maurienne 2017-2019,GU.LSD,P,2017-12-01 09:45:38.534698
Maurienne 2017-2019,GU.LSD,P,2017-12-01 09:47:04.864984
Maurienne 2017-2019,GU.LSD,P,2017-12-01 09:55:38.558212
Maurienne 2017-2019,GU.LSD,P,2017-12-01 10:32:43.370000
Maurienne 2017-2019,GU.LSD,P,2017-12-01 10:32:43.378029
Maurienne 2017-2019,GU.LSD,P,2017-12-01 10:32:43.480000
Maurienne 2017-2019,GU.LSD,P,2017-12-01 11:01:24.803174
Maurienne 2017-2019,GU.LSD,P,2017-12-01 11:01:24.840000
Maurienne 2017-2019,GU.LSD,P,2017-12-01 11:01:24.890000
Maurienne 2017-2019,GU.LSD,P,2017-12-01 11:05:10.796833
Maurienne 2017-2019,GU.LSD,P,2017-12-01 11:11:20.962601
Maurienne 2017-2019,GU.LSD,P,2017-12-01 14:07:18.693061
Maurienne 2017-2019,GU.LSD,P,2017-12-01 14:13:59.934108
Maurienne 2017-2019,GU.LSD,P,2017-12-01 14:15:04.372979
Maurienne 2017-2019,GU.LSD,P,2017-12-01 14:31:27.485610
Maurienne 2017-2019,GU.LSD,S,2017-12-01 09:24:42.620099
Maurienne 2017-2019,GU.LSD,S,2017-12-01 09:24:56.034538
Maurienne 2017-2019,GU.LSD,S,2017-12-01 09:45:45.499963
Maurienne 2017-2019,GU.LSD,S,2017-12-01 09:45:57.230000
Maurienne 2017-2019,GU.LSD,S,2017-12-01 09:47:12.002534
Maurienne 2017-2019,GU.LSD,S,2017-12-01 09:52:42.713459
Maurienne 2017-2019,GU.LSD,S,2017-12-01 09:55:46.093292
Maurienne 2017-2019,GU.LSD,S,2017-12-01 10:32:50.440000
Maurienne 2017-2019,GU.LSD,S,2017-12-01 10:32:50.494769
Maurienne 2017-2019,GU.LSD,S,2017-12-01 11:01:32.090000
Maurienne 2017-2019,GU.LSD,S,2017-12-01 11:01:32.130000
Maurienne 2017-2019,GU.LSD,S,2017-12-01 11:01:32.180000
Maurienne 2017-2019,GU.LSD,S,2017-12-01 11:01:32.240994
Maurienne 2017-2019,GU.LSD,S,2017-12-01 11:05:18.099731
Maurienne 2017-2019,GU.LSD,S,2017-12-01 11:11:28.417118
Maurienne 2017-2019,GU.LSD,S,2017-12-01 14:07:25.960000
Maurienne 2017-2019,GU.LSD,S,2017-12-01 14:07:26.000000
Maurienne 2017-2019,GU.LSD,S,2017-12-01 14:07:26.112671
Maurienne 2017-2019,GU.LSD,S,2017-12-01 14:14:06.660000
Maurienne 2017-2019,GU.LSD,S,2017-12-01 14:14:06.737473
Maurienne 2017-2019,GU.LSD,S,2017-12-01 14:15:11.574798
Maurienne 2017-2019,GU.LSD,S,2017-12-01 14:31:35.700865
Maurienne 2017-2019,GU.RRL,P,2017-10-27 01:10:02.890000
Maurienne 2017-2019,GU.RRL,P,2017-10-27 01:10:02.950000
Maurienne 2017-2019,GU.RRL,P,2017-10-27 01:10:03.391031
Maurienne 2017-2019,GU.RRL,P,2017-10-27 01:11:25.367693
Maurienne 2017-2019,GU.RRL,P,2017-10-27 01:11:45.752648
Maurienne 2017-2019,GU.RRL,P,2017-10-27 01:11:45.930000
Maurienne 2017-2019,GU.RRL,P,2017-10-27 01:13:22.170000
Maurienne 2017-2019,GU.RRL,P,2017-10-27 01:13:22.176366
Maurienne 2017-2019,GU.RRL,P,2017-10-27 01:17:03.064944
Maurienne 2017-2019,GU.RRL,P,2017-10-27 01:18:10.908061
Maurienne 2017-2019,GU.RRL,P,2017-10-27 01:19:41.407428
Maurienne 2017-2019,GU.RRL,P,2017-10-27 01:31:05.270000
Maurienne 2017-2019,GU.RRL,P,2017-10-27 01:31:05.277299
Maurienne 2017-2019,GU.RRL,P,2017-10-27 03:00:18.112747
Maurienne 2017-2019,GU.RRL,P,2017-10-27 03:16:23.538306
Maurienne 2017-2019,GU.RRL,P,2017-10-27 03:16:43.117508
Maurienne 2017-2019,GU.RRL,P,2017-10-27 03:16:43.480000
Maurienne 2017-2019,GU.RRL,P,2017-10-27 03:29:11.087157
Maurienne 2017-2019,GU.RRL,P,2017-10-27 03:38:06.102761
Maurienne 2017-2019,GU.RRL,P,2017-10-27 03:40:04.180847
Maurienne 2017-2019,GU.RRL,P,2017-10-27 03:40:04.250000
Maurienne 2017-2019,GU.RRL,P,2017-10-27 03:48:46.058673
Maurienne 2017-2019,GU.RRL,P,2017-10-27 03:48:46.270000
Maurienne 2017-2019,GU.RRL,P,2017-10-27 03:56:56.086328
Maurienne 2017-2019,GU.RRL,P,2017-10-27 04:39:35.639344
Maurienne 2017-2019,GU.RRL,P,2017-10-27 04:40:26.340000
Maurienne 2017-2019,GU.RRL,P,2017-10-27 04:40:26.452559
Maurienne 2017-2019,GU.RRL,P,2017-10-27 04:40:26.710000
Maurienne 2017-2019,GU.RRL,P,2017-10-27 04:42:33.019987
Maurienne 2017-2019,GU.RRL,P,2017-10-27 04:45:04.433964
Maurienne 2017-2019,GU.RRL,P,2017-10-27 04:46:48.630112
Maurienne 2017-2019,GU.RRL,P,2017-11-17 08:07:13.810000
Maurienne 2017-2019,GU.RRL,P,2017-11-17 08:07:13.870000
Maurienne 2017-2019,GU.RRL,P,2017-11-17 08:07:13.878562
Maurienne 2017-2019,GU.RRL,P,2017-11-17 08:08:07.260000
Maurienne 2017-2019,GU.RRL,P,2017-11-17 08:08:07.310000
Maurienne 2017-2019,GU.RRL,P,2017-11-17 08:08:07.446882
Maurienne 2017-2019,GU.RRL,P,2017-11-17 08:11:21.257473
Maurienne 2017-2019,GU.RRL,P,2017-11-17 08:15:39.820000
Maurienne 2017-2019,GU.RRL,P,2017-11-17 08:15:39.825091
Maurienne 2017-2019,GU.RRL,P,2017-11-17 08:15:39.920000
Maurienne 2017-2019,GU.RRL,P,2017-11-17 08:16:33.572863
Maurienne 2017-2019,GU.RRL,P,2017-11-17 08:30:15.320000
Maurienne 2017-2019,GU.RRL,P,2017-11-17 08:30:15.328926
Maurienne 2017-2019,GU.RRL,P,2017-11-17 09:16:31.102780
Maurienne 2017-2019,GU.RRL,P,2017-11-17 09:35:22.955073
Maurienne 2017-2019,GU.RRL,P,2017-11-17 09:54:11.966808
Maurienne 2017-2019,GU.RRL,P,2017-11-17 10:27:22.877901
Maurienne 2017-2019,GU.RRL,P,2017-11-17 11:08:51.008020
Maurienne 2017-2019,GU.RRL,P,2017-11-17 11:12:04.783895
Maurienne 2017-2019,GU.RRL,P,2017-11-17 12:08:00.140000
Maurienne 2017-2019,GU.RRL,P,2017-11-17 12:08:00.284980
Maurienne 2017-2019,GU.RRL,P,2017-11-17 12:08:00.690000
Maurienne 2017-2019,GU.RRL,P,2017-11-17 12:09:00.816060
Maurienne 2017-2019,GU.RRL,P,2017-11-17 12:10:36.590000
Maurienne 2017-2019,GU.RRL,P,2017-11-17 12:10:36.970000
Maurienne 2017-2019,GU.RRL,P,2017-11-17 12:10:36.977880
Maurienne 2017-2019,GU.RRL,P,2017-11-17 12:12:16.696893
Maurienne 2017-2019,GU.RRL,P,2017-11-17 12:17:06.310000
Maurienne 2017-2019,GU.RRL,P,2017-11-17 12:17:06.423306
Maurienne 2017-2019,GU.RRL,P,2017-11-17 12:20:21.203410
Maurienne 2017-2019,GU.RRL,P,2017-11-17 12:22:17.486385
Maurienne 2017-2019,GU.RRL,P,2017-11-17 12:24:46.320000
Maurienne 2017-2019,GU.RRL,P,2017-11-17 12:24:46.471835
Maurienne 2017-2019,GU.RRL,P,2017-11-17 12:24:46.510000
Maurienne 2017-2019,GU.RRL,P,2017-11-17 12:34:54.470000
Maurienne 2017-2019,GU.RRL,P,2017-11-17 12:34:54.622786
Maurienne 2017-2019,GU.RRL,P,2017-11-17 12:34:54.650000
Maurienne 2017-2019,GU.RRL,P,2017-11-17 13:06:44.160023
Maurienne 2017-2019,GU.RRL,P,2017-11-17 13:23:37.751818
Maurienne 2017-2019,GU.RRL,P,2017-11-17 13:24:33.342803
Maurienne 2017-2019,GU.RRL,P,2017-11-17 13:58:02.913099
Maurienne 2017-2019,GU.RRL,P,2017-12-01 09:24:36.134686
Maurienne 2017-2019,GU.RRL,P,2017-12-01 09:24:49.114158
Maurienne 2017-2019,GU.RRL,P,2017-12-01 09:45:39.740698
Maurienne 2017-2019,GU.RRL,P,2017-12-01 09:45:51.652309
Maurienne 2017-2019,GU.RRL,P,2017-12-01 09:45:51.900000
Maurienne 2017-2019,GU.RRL,P,2017-12-01 10:32:44.470000
Maurienne 2017-2019,GU.RRL,P,2017-12-01 10:32:44.479982
Maurienne 2017-2019,GU.RRL,P,2017-12-01 11:01:26.080376
Maurienne 2017-2019,GU.RRL,P,2017-12-01 11:01:26.130000
Maurienne 2017-2019,GU.RRL,P,2017-12-01 11:05:11.302223
Maurienne 2017-2019,GU.RRL,P,2017-12-01 11:11:21.215296
Maurienne 2017-2019,GU.RRL,P,2017-12-01 14:07:19.990000
Maurienne 2017-2019,GU.RRL,P,2017-12-01 14:07:20.070000
Maurienne 2017-2019,GU.RRL,P,2017-12-01 14:07:20.078466
Maurienne 2017-2019,GU.RRL,P,2017-12-01 14:14:00.960000
Maurienne 2017-2019,GU.RRL,P,2017-12-01 14:14:01.080858
Maurienne 2017-2019,GU.RRL,P,2017-12-01 14:15:05.383761
Maurienne 2017-2019,GU.RRL,P,2017-12-01 14:15:05.540000
Maurienne 2017-2019,GU.RRL,P,2017-12-01 14:15:44.346025
Maurienne 2017-2019,GU.RRL,S,2017-10-27 01:10:11.070000
Maurienne 2017-2019,GU.RRL,S,2017-10-27 01:10:11.240000
Maurienne 2017-2019,GU.RRL,S,2017-10-27 01:10:11.419848
Maurienne 2017-2019,GU.RRL,S,2017-10-27 01:11:53.600000
Maurienne 2017-2019,GU.RRL,S,2017-10-27 01:11:53.712472
Maurienne 2017-2019,GU.RRL,S,2017-10-27 01:13:29.984024
Maurienne 2017-2019,GU.RRL,S,2017-10-27 01:17:10.858938
Maurienne 2017-2019,GU.RRL,S,2017-10-27 01:18:20.520000
Maurienne 2017-2019,GU.RRL,S,2017-10-27 01:18:20.526180
Maurienne 2017-2019,GU.RRL,S,2017-10-27 01:19:49.120000
Maurienne 2017-2019,GU.RRL,S,2017-10-27 01:19:49.161709
Maurienne 2017-2019,GU.RRL,S,2017-10-27 01:24:21.956878
Maurienne 2017-2019,GU.RRL,S,2017-10-27 01:30:29.437208
Maurienne 2017-2019,GU.RRL,S,2017-10-27 01:31:12.947175
Maurienne 2017-2019,GU.RRL,S,2017-10-27 01:49:59.789096
Maurienne 2017-2019,GU.RRL,S,2017-10-27 03:00:27.123823
Maurienne 2017-2019,GU.RRL,S,2017-10-27 03:16:31.354356
Maurienne 2017-2019,GU.RRL,S,2017-10-27 03:16:51.370000
Maurienne 2017-2019,GU.RRL,S,2017-10-27 03:29:18.972849
Maurienne 2017-2019,GU.RRL,S,2017-10-27 03:30:05.955905
Maurienne 2017-2019,GU.RRL,S,2017-10-27 03:38:14.465637
Maurienne 2017-2019,GU.RRL,S,2017-10-27 03:39:31.662605
Maurienne 2017-2019,GU.RRL,S,2017-10-27 03:40:12.050000
Maurienne 2017-2019,GU.RRL,S,2017-10-27 03:48:53.732143
Maurienne 2017-2019,GU.RRL,S,2017-10-27 03:48:54.160000
Maurienne 2017-2019,GU.RRL,S,2017-10-27 03:57:04.620000
Maurienne 2017-2019,GU.RRL,S,2017-10-27 03:57:04.626037
Maurienne 2017-2019,GU.RRL,S,2017-10-27 04:39:43.581213
Maurienne 2017-2019,GU.RRL,S,2017-10-27 04:40:34.620000
Maurienne 2017-2019,GU.RRL,S,2017-10-27 04:40:34.627713
Maurienne 2017-2019,GU.RRL,S,2017-10-27 04:40:34.700000
Maurienne 2017-2019,GU.RRL,S,2017-10-27 04:40:34.760000
Maurienne 2017-2019,GU.RRL,S,2017-10-27 04:42:40.909742
Maurienne 2017-2019,GU.RRL,S,2017-10-27 04:45:12.589139
Maurienne 2017-2019,GU.RRL,S,2017-10-27 04:46:56.612585
Maurienne 2017-2019,GU.RRL,S,2017-10-27 04:46:56.680000
Maurienne 2017-2019,GU.RRL,S,2017-11-17 08:07:21.860880
Maurienne 2017-2019,GU.RRL,S,2017-11-17 08:07:21.930000
Maurienne 2017-2019,GU.RRL,S,2017-11-17 08:08:15.568569
Maurienne 2017-2019,GU.RRL,S,2017-11-17 08:11:29.808458
Maurienne 2017-2019,GU.RRL,S,2017-11-17 08:15:47.795036
Maurienne 2017-2019,GU.RRL,S,2017-11-17 08:15:47.970000
Maurienne 2017-2019,GU.RRL,S,2017-11-17 08:16:42.660615
Maurienne 2017-2019,GU.RRL,S,2017-11-17 09:16:38.155677
Maurienne 2017-2019,GU.RRL,S,2017-11-17 09:35:31.569683
Maurienne 2017-2019,GU.RRL,S,2017-11-17 09:54:20.298388
Maurienne 2017-2019,GU.RRL,S,2017-11-17 10:27:31.810680
Maurienne 2017-2019,GU.RRL,S,2017-11-17 11:08:59.075217
Maurienne 2017-2019,GU.RRL,S,2017-11-17 11:12:12.520000
Maurienne 2017-2019,GU.RRL,S,2017-11-17 11:12:12.528151
Maurienne 2017-2019,GU.RRL,S,2017-11-17 12:08:08.503017
Maurienne 2017-2019,GU.RRL,S,2017-11-17 12:08:08.620000
Maurienne 2017-2019,GU.RRL,S,2017-11-17 12:08:08.630000
Maurienne 2017-2019,GU.RRL,S,2017-11-17 12:09:08.311323
Maurienne 2017-2019,GU.RRL,S,2017-11-17 12:10:44.862557
Maurienne 2017-2019,GU.RRL,S,2017-11-17 12:10:44.950000
Maurienne 2017-2019,GU.RRL,S,2017-11-17 12:12:25.322589
Maurienne 2017-2019,GU.RRL,S,2017-11-17 12:17:14.296704
Maurienne 2017-2019,GU.RRL,S,2017-11-17 12:17:14.500000
Maurienne 2017-2019,GU.RRL,S,2017-11-17 12:20:29.220000
Maurienne 2017-2019,GU.RRL,S,2017-11-17 12:20:29.227632
Maurienne 2017-2019,GU.RRL,S,2017-11-17 12:22:25.509252
Maurienne 2017-2019,GU.RRL,S,2017-11-17 12:24:54.470000
Maurienne 2017-2019,GU.RRL,S,2017-11-17 12:24:54.475803
Maurienne 2017-2019,GU.RRL,S,2017-11-17 12:24:54.530000
Maurienne 2017-2019,GU.RRL,S,2017-11-17 12:35:02.610000
Maurienne 2017-2019,GU.RRL,S,2017-11-17 12:35:02.650254
Maurienne 2017-2019,GU.RRL,S,2017-11-17 13:06:51.639797
Maurienne 2017-2019,GU.RRL,S,2017-11-17 13:23:47.415062
Maurienne 2017-2019,GU.RRL,S,2017-11-17 13:24:41.840951
Maurienne 2017-2019,GU.RRL,S,2017-11-17 13:58:10.570529
Maurienne 2017-2019,GU.RRL,S,2017-12-01 09:24:44.693846
Maurienne 2017-2019,GU.RRL,S,2017-12-01 09:24:57.859313
Maurienne 2017-2019,GU.RRL,S,2017-12-01 09:28:01.851753
Maurienne 2017-2019,GU.RRL,S,2017-12-01 09:45:47.542778
Maurienne 2017-2019,GU.RRL,S,2017-12-01 09:45:59.530000
Maurienne 2017-2019,GU.RRL,S,2017-12-01 09:45:59.600439
Maurienne 2017-2019,GU.RRL,S,2017-12-01 09:47:14.143798
Maurienne 2017-2019,GU.RRL,S,2017-12-01 10:32:52.320000
Maurienne 2017-2019,GU.RRL,S,2017-12-01 10:32:52.420000
Maurienne 2017-2019,GU.RRL,S,2017-12-01 10:32:52.428916
Maurienne 2017-2019,GU.RRL,S,2017-12-01 11:01:34.050000
Maurienne 2017-2019,GU.RRL,S,2017-12-01 11:01:34.094190
Maurienne 2017-2019,GU.RRL,S,2017-12-01 11:05:19.691711
Maurienne 2017-2019,GU.RRL,S,2017-12-01 11:11:30.312332
Maurienne 2017-2019,GU.RRL,S,2017-12-01 14:07:27.920000
Maurienne 2017-2019,GU.RRL,S,2017-12-01 14:07:27.929091
Maurienne 2017-2019,GU.RRL,S,2017-12-01 14:14:08.861289
Maurienne 2017-2019,GU.RRL,S,2017-12-01 14:15:13.545824
Maurienne 2017-2019,GU.RRL,S,2017-12-01 14:15:13.660000
Maurienne 2017-2019,GU.RRL,S,2017-12-01 14:15:52.937669
Maurienne 2017-2019,RD.ORIF,P,2017-10-26 23:03:56.300000
Maurienne 2017-2019,RD.ORIF,P,2017-10-27 00:08:51.100000
Maurienne 2017-2019,RD.ORIF,P,2017-10-27 01:10:02.300000
Maurienne 2017-2019,RD.ORIF,P,2017-10-27 01:10:02.547822
Maurienne 2017-2019,RD.ORIF,P,2017-10-27 01:11:17.970000
Maurienne 2017-2019,RD.ORIF,P,2017-10-27 01:11:17.977932
Maurienne 2017-2019,RD.ORIF,P,2017-10-27 01:11:24.670000
Maurienne 2017-2019,RD.ORIF,P,2017-10-27 01:11:24.678782
Maurienne 2017-2019,RD.ORIF,P,2017-10-27 01:11:44.951138
Maurienne 2017-2019,RD.ORIF,P,2017-10-27 01:13:20.470000
Maurienne 2017-2019,RD.ORIF,P,2017-10-27 01:13:20.477052
Maurienne 2017-2019,RD.ORIF,P,2017-10-27 01:13:21.100000
Maurienne 2017-2019,RD.ORIF,P,2017-10-27 01:15:08.300000
Maurienne 2017-2019,RD.ORIF,P,2017-10-27 01:17:01.800000
Maurienne 2017-2019,RD.ORIF,P,2017-10-27 01:17:02.235795
Maurienne 2017-2019,RD.ORIF,P,2017-10-27 01:18:10.214355
Maurienne 2017-2019,RD.ORIF,P,2017-10-27 01:18:10.300000
Maurienne 2017-2019,RD.ORIF,P,2017-10-27 01:19:40.000000
Maurienne 2017-2019,RD.ORIF,P,2017-10-27 01:24:13.000000
Maurienne 2017-2019,RD.ORIF,P,2017-10-27 01:24:13.368454
Maurienne 2017-2019,RD.ORIF,P,2017-10-27 01:30:02.603105
Maurienne 2017-2019,RD.ORIF,P,2017-10-27 01:30:03.100000
Maurienne 2017-2019,RD.ORIF,P,2017-10-27 01:30:20.022093
Maurienne 2017-2019,RD.ORIF,P,2017-10-27 01:31:03.164639
Maurienne 2017-2019,RD.ORIF,P,2017-10-27 01:31:04.300000
Maurienne 2017-2019,RD.ORIF,P,2017-10-27 01:31:51.500000
Maurienne 2017-2019,RD.ORIF,P,2017-10-27 01:32:17.100000
Maurienne 2017-2019,RD.ORIF,P,2017-10-27 01:49:31.618054
Maurienne 2017-2019,RD.ORIF,P,2017-10-27 01:49:31.700000
Maurienne 2017-2019,RD.ORIF,P,2017-10-27 01:49:50.800000
Maurienne 2017-2019,RD.ORIF,P,2017-10-27 01:49:51.939064
Maurienne 2017-2019,RD.ORIF,P,2017-10-27 01:53:41.400000
Maurienne 2017-2019,RD.ORIF,P,2017-10-27 01:53:41.700000
Maurienne 2017-2019,RD.ORIF,P,2017-10-27 02:03:59.700000
Maurienne 2017-2019,RD.ORIF,P,2017-10-27 02:10:30.700000
Maurienne 2017-2019,RD.ORIF,P,2017-10-27 02:13:06.500000
Maurienne 2017-2019,RD.ORIF,P,2017-10-27 02:40:52.000000
Maurienne 2017-2019,RD.ORIF,P,2017-10-27 03:00:17.038516
Maurienne 2017-2019,RD.ORIF,P,2017-10-27 03:00:18.700000
Maurienne 2017-2019,RD.ORIF,P,2017-10-27 03:16:22.500000
Maurienne 2017-2019,RD.ORIF,P,2017-10-27 03:16:42.430177
Maurienne 2017-2019,RD.ORIF,P,2017-10-27 03:16:42.500000
Maurienne 2017-2019,RD.ORIF,P,2017-10-27 03:19:02.400000
Maurienne 2017-2019,RD.ORIF,P,2017-10-27 03:21:32.400000
Maurienne 2017-2019,RD.ORIF,P,2017-10-27 03:21:32.520000
Maurienne 2017-2019,RD.ORIF,P,2017-10-27 03:21:32.528565
Maurienne 2017-2019,RD.ORIF,P,2017-10-27 03:22:34.700000
Maurienne 2017-2019,RD.ORIF,P,2017-10-27 03:29:10.700000
Maurienne 2017-2019,RD.ORIF,P,2017-10-27 03:29:10.805926
Maurienne 2017-2019,RD.ORIF,P,2017-10-27 03:29:56.684011
Maurienne 2017-2019,RD.ORIF,P,2017-10-27 03:38:06.464221
Maurienne 2017-2019,RD.ORIF,P,2017-10-27 03:38:06.700000
Maurienne 2017-2019,RD.ORIF,P,2017-10-27 03:39:06.400313
Maurienne 2017-2019,RD.ORIF,P,2017-10-27 03:39:07.000000
Maurienne 2017-2019,RD.ORIF,P,2017-10-27 03:39:22.570960
Maurienne 2017-2019,RD.ORIF,P,2017-10-27 03:39:22.800000
Maurienne 2017-2019,RD.ORIF,P,2017-10-27 03:40:03.100000
Maurienne 2017-2019,RD.ORIF,P,2017-10-27 03:40:03.146059
Maurienne 2017-2019,RD.ORIF,P,2017-10-27 03:48:45.300000
Maurienne 2017-2019,RD.ORIF,P,2017-10-27 03:48:45.387494
Maurienne 2017-2019,RD.ORIF,P,2017-10-27 03:56:55.715420
Maurienne 2017-2019,RD.ORIF,P,2017-10-27 04:35:38.500000
Maurienne 2017-2019,RD.ORIF,P,2017-10-27 04:39:34.300000
Maurienne 2017-2019,RD.ORIF,P,2017-10-27 04:39:34.870000
Maurienne 2017-2019,RD.ORIF,P,2017-10-27 04:39:34.875365
Maurienne 2017-2019,RD.ORIF,P,2017-10-27 04:40:25.500000
Maurienne 2017-2019,RD.ORIF,P,2017-10-27 04:40:25.680000
Maurienne 2017-2019,RD.ORIF,P,2017-10-27 04:40:25.791940
Maurienne 2017-2019,RD.ORIF,P,2017-10-27 04:41:12.519419
Maurienne 2017-2019,RD.ORIF,P,2017-10-27 04:42:31.900000
Maurienne 2017-2019,RD.ORIF,P,2017-10-27 04:42:32.081875
Maurienne 2017-2019,RD.ORIF,P,2017-10-27 04:45:03.700000
Maurienne 2017-2019,RD.ORIF,P,2017-10-27 04:45:04.064713
Maurienne 2017-2019,RD.ORIF,P,2017-10-27 04:45:46.600000
Maurienne 2017-2019,RD.ORIF,P,2017-10-27 04:45:47.242464
Maurienne 2017-2019,RD.ORIF,P,2017-10-27 04:46:47.600000
Maurienne 2017-2019,RD.ORIF,P,2017-10-27 04:46:47.782992
Maurienne 2017-2019,RD.ORIF,P,2017-10-27 04:54:42.633425
Maurienne 2017-2019,RD.ORIF,P,2017-10-27 04:54:42.900000
Maurienne 2017-2019,RD.ORIF,P,2017-11-17 08:07:12.820531
Maurienne 2017-2019,RD.ORIF,P,2017-11-17 08:07:12.890000
Maurienne 2017-2019,RD.ORIF,P,2017-11-17 08:08:06.380000
Maurienne 2017-2019,RD.ORIF,P,2017-11-17 08:08:06.523424
Maurienne 2017-2019,RD.ORIF,P,2017-11-17 08:11:20.800000
Maurienne 2017-2019,RD.ORIF,P,2017-11-17 08:11:20.950475
Maurienne 2017-2019,RD.ORIF,P,2017-11-17 08:15:38.700000
Maurienne 2017-2019,RD.ORIF,P,2017-11-17 08:15:38.839475
Maurienne 2017-2019,RD.ORIF,P,2017-11-17 08:16:16.300000
Maurienne 2017-2019,RD.ORIF,P,2017-11-17 08:16:33.600000
Maurienne 2017-2019,RD.ORIF,P,2017-11-17 08:16:33.687095
Maurienne 2017-2019,RD.ORIF,P,2017-11-17 08:22:09.370000
Maurienne 2017-2019,RD.ORIF,P,2017-11-17 08:22:09.500000
Maurienne 2017-2019,RD.ORIF,P,2017-11-17 08:30:13.600000
Maurienne 2017-2019,RD.ORIF,P,2017-11-17 08:30:14.070000
Maurienne 2017-2019,RD.ORIF,P,2017-11-17 08:30:14.079220
Maurienne 2017-2019,RD.ORIF,P,2017-11-17 08:34:51.582697
Maurienne 2017-2019,RD.ORIF,P,2017-11-17 09:35:22.996539
Maurienne 2017-2019,RD.ORIF,P,2017-11-17 09:54:11.117961
Maurienne 2017-2019,RD.ORIF,P,2017-11-17 09:54:11.300000
Maurienne 2017-2019,RD.ORIF,P,2017-11-17 11:08:49.300000
Maurienne 2017-2019,RD.ORIF,P,2017-11-17 11:08:49.906634
Maurienne 2017-2019,RD.ORIF,P,2017-11-17 11:09:28.400000
Maurienne 2017-2019,RD.ORIF,P,2017-11-17 11:09:28.738038
Maurienne 2017-2019,RD.ORIF,P,2017-11-17 11:12:03.800000
Maurienne 2017-2019,RD.ORIF,P,2017-11-17 11:12:04.101065
Maurienne 2017-2019,RD.ORIF,P,2017-11-17 12:07:26.967214
Maurienne 2017-2019,RD.ORIF,P,2017-11-17 12:07:59.400000
Maurienne 2017-2019,RD.ORIF,P,2017-11-17 12:07:59.546069
Maurienne 2017-2019,RD.ORIF,P,2017-11-17 12:09:00.324567
Maurienne 2017-2019,RD.ORIF,P,2017-11-17 12:10:35.767020
Maurienne 2017-2019,RD.ORIF,P,2017-11-17 12:10:35.900000
Maurienne 2017-2019,RD.ORIF,P,2017-11-17 12:12:16.524871
Maurienne 2017-2019,RD.ORIF,P,2017-11-17 12:14:35.800000
Maurienne 2017-2019,RD.ORIF,P,2017-11-17 12:17:05.300000
Maurienne 2017-2019,RD.ORIF,P,2017-11-17 12:17:05.430000
Maurienne 2017-2019,RD.ORIF,P,2017-11-17 12:17:05.520000
Maurienne 2017-2019,RD.ORIF,P,2017-11-17 12:17:05.529113
Maurienne 2017-2019,RD.ORIF,P,2017-11-17 12:17:54.565869
Maurienne 2017-2019,RD.ORIF,P,2017-11-17 12:18:04.571818
Maurienne 2017-2019,RD.ORIF,P,2017-11-17 12:18:09.795331
Maurienne 2017-2019,RD.ORIF,P,2017-11-17 12:18:11.300000
Maurienne 2017-2019,RD.ORIF,P,2017-11-17 12:20:19.500000
Maurienne 2017-2019,RD.ORIF,P,2017-11-17 12:20:20.108146
Maurienne 2017-2019,RD.ORIF,P,2017-11-17 12:21:09.400000
Maurienne 2017-2019,RD.ORIF,P,2017-11-17 12:21:09.602314
Maurienne 2017-2019,RD.ORIF,P,2017-11-17 12:22:16.400000
Maurienne 2017-2019,RD.ORIF,P,2017-11-17 12:22:16.427898
Maurienne 2017-2019,RD.ORIF,P,2017-11-17 12:22:45.100000
Maurienne 2017-2019,RD.ORIF,P,2017-11-17 12:24:45.400000
Maurienne 2017-2019,RD.ORIF,P,2017-11-17 12:24:45.470000
Maurienne 2017-2019,RD.ORIF,P,2017-11-17 12:24:45.475193
Maurienne 2017-2019,RD.ORIF,P,2017-11-17 12:34:53.600000
Maurienne 2017-2019,RD.ORIF,P,2017-11-17 12:34:53.730000
Maurienne 2017-2019,RD.ORIF,P,2017-11-17 12:44:10.473169
Maurienne 2017-2019,RD.ORIF,P,2017-11-17 12:51:13.200000
Maurienne 2017-2019,RD.ORIF,P,2017-11-17 12:51:13.550393
Maurienne 2017-2019,RD.ORIF,P,2017-11-17 13:11:49.200000
Maurienne 2017-2019,RD.ORIF,P,2017-11-17 13:11:49.796923
Maurienne 2017-2019,RD.ORIF,P,2017-11-17 13:23:37.900000
Maurienne 2017-2019,RD.ORIF,P,2017-11-17 13:23:38.156562
Maurienne 2017-2019,RD.ORIF,P,2017-11-17 13:24:33.396817
Maurienne 2017-2019,RD.ORIF,P,2017-11-17 13:29:35.200000
Maurienne 2017-2019,RD.ORIF,P,2017-11-17 13:29:35.950155
Maurienne 2017-2019,RD.ORIF,P,2017-12-01 09:24:35.434631
Maurienne 2017-2019,RD.ORIF,P,2017-12-01 09:24:49.114158
Maurienne 2017-2019,RD.ORIF,P,2017-12-01 09:27:53.500000
Maurienne 2017-2019,RD.ORIF,P,2017-12-01 09:43:31.300000
Maurienne 2017-2019,RD.ORIF,P,2017-12-01 09:45:16.463923
Maurienne 2017-2019,RD.ORIF,P,2017-12-01 09:45:38.400000
Maurienne 2017-2019,RD.ORIF,P,2017-12-01 09:45:38.657759
Maurienne 2017-2019,RD.ORIF,P,2017-12-01 09:45:50.600000
Maurienne 2017-2019,RD.ORIF,P,2017-12-01 09:45:50.754940
Maurienne 2017-2019,RD.ORIF,P,2017-12-01 09:47:05.455677
Maurienne 2017-2019,RD.ORIF,P,2017-12-01 09:52:35.400000
Maurienne 2017-2019,RD.ORIF,P,2017-12-01 09:52:36.515538
Maurienne 2017-2019,RD.ORIF,P,2017-12-01 09:55:39.331607
Maurienne 2017-2019,RD.ORIF,P,2017-12-01 09:57:03.357557
Maurienne 2017-2019,RD.ORIF,P,2017-12-01 10:01:08.207550
Maurienne 2017-2019,RD.ORIF,P,2017-12-01 10:32:43.500000
Maurienne 2017-2019,RD.ORIF,P,2017-12-01 10:32:43.700000
Maurienne 2017-2019,RD.ORIF,P,2017-12-01 10:32:43.758760
Maurienne 2017-2019,RD.ORIF,P,2017-12-01 11:01:25.300000
Maurienne 2017-2019,RD.ORIF,P,2017-12-01 11:01:25.371620
Maurienne 2017-2019,RD.ORIF,P,2017-12-01 11:05:11.100000
Maurienne 2017-2019,RD.ORIF,P,2017-12-01 11:05:11.251684
Maurienne 2017-2019,RD.ORIF,P,2017-12-01 11:11:21.745957
Maurienne 2017-2019,RD.ORIF,P,2017-12-01 11:11:21.800000
Maurienne 2017-2019,RD.ORIF,P,2017-12-01 11:22:15.800000
Maurienne 2017-2019,RD.ORIF,P,2017-12-01 11:22:16.509098
Maurienne 2017-2019,RD.ORIF,P,2017-12-01 11:34:45.100000
Maurienne 2017-2019,RD.ORIF,P,2017-12-01 11:34:45.483491
Maurienne 2017-2019,RD.ORIF,P,2017-12-01 12:40:31.400000
Maurienne 2017-2019,RD.ORIF,P,2017-12-01 14:07:19.100000
Maurienne 2017-2019,RD.ORIF,P,2017-12-01 14:07:19.289096
Maurienne 2017-2019,RD.ORIF,P,2017-12-01 14:12:03.259775
Maurienne 2017-2019,RD.ORIF,P,2017-12-01 14:12:31.300000
Maurienne 2017-2019,RD.ORIF,P,2017-12-01 14:12:32.181607
Maurienne 2017-2019,RD.ORIF,P,2017-12-01 14:13:59.900000
Maurienne 2017-2019,RD.ORIF,P,2017-12-01 14:14:00.050903
Maurienne 2017-2019,RD.ORIF,P,2017-12-01 14:15:04.500000
Maurienne 2017-2019,RD.ORIF,P,2017-12-01 14:15:04.770000
Maurienne 2017-2019,RD.ORIF,P,2017-12-01 14:15:04.777292
Maurienne 2017-2019,RD.ORIF,P,2017-12-01 14:15:31.694409
Maurienne 2017-2019,RD.ORIF,P,2017-12-01 14:15:43.800000
Maurienne 2017-2019,RD.ORIF,P,2017-12-01 14:17:47.096362
Maurienne 2017-2019,RD.ORIF,P,2017-12-01 14:29:19.287735
Maurienne 2017-2019,RD.ORIF,P,2017-12-01 14:31:28.000000
Maurienne 2017-2019,RD.ORIF,P,2017-12-01 14:31:28.400000
Maurienne 2017-2019,RD.ORIF,P,2017-12-01 14:31:28.959048
Maurienne 2017-2019,RD.ORIF,P,2017-12-01 14:33:30.708559
Maurienne 2017-2019,RD.ORIF,S,2017-10-26 23:04:03.900000
Maurienne 2017-2019,RD.ORIF,S,2017-10-27 00:08:58.400000
Maurienne 2017-2019,RD.ORIF,S,2017-10-27 01:10:09.700000
Maurienne 2017-2019,RD.ORIF,S,2017-10-27 01:11:25.739662
Maurienne 2017-2019,RD.ORIF,S,2017-10-27 01:11:32.210874
Maurienne 2017-2019,RD.ORIF,S,2017-10-27 01:11:52.302919
Maurienne 2017-2019,RD.ORIF,S,2017-10-27 01:13:28.300000
Maurienne 2017-2019,RD.ORIF,S,2017-10-27 01:13:28.698057
Maurienne 2017-2019,RD.ORIF,S,2017-10-27 01:15:15.500000
Maurienne 2017-2019,RD.ORIF,S,2017-10-27 01:17:08.900000
Maurienne 2017-2019,RD.ORIF,S,2017-10-27 01:17:09.753406
Maurienne 2017-2019,RD.ORIF,S,2017-10-27 01:18:18.700000
Maurienne 2017-2019,RD.ORIF,S,2017-10-27 01:18:19.420650
Maurienne 2017-2019,RD.ORIF,S,2017-10-27 01:19:47.200000
Maurienne 2017-2019,RD.ORIF,S,2017-10-27 01:24:20.300000
Maurienne 2017-2019,RD.ORIF,S,2017-10-27 01:24:20.808692
Maurienne 2017-2019,RD.ORIF,S,2017-10-27 01:30:10.200000
Maurienne 2017-2019,RD.ORIF,S,2017-10-27 01:30:10.640399
Maurienne 2017-2019,RD.ORIF,S,2017-10-27 01:30:27.000000
Maurienne 2017-2019,RD.ORIF,S,2017-10-27 01:30:27.870000
Maurienne 2017-2019,RD.ORIF,S,2017-10-27 01:30:27.875679
Maurienne 2017-2019,RD.ORIF,S,2017-10-27 01:31:11.523426
Maurienne 2017-2019,RD.ORIF,S,2017-10-27 01:31:58.600000
Maurienne 2017-2019,RD.ORIF,S,2017-10-27 01:32:24.500000
Maurienne 2017-2019,RD.ORIF,S,2017-10-27 01:49:38.900000
Maurienne 2017-2019,RD.ORIF,S,2017-10-27 01:49:39.084447
Maurienne 2017-2019,RD.ORIF,S,2017-10-27 01:49:58.100000
Maurienne 2017-2019,RD.ORIF,S,2017-10-27 01:49:58.897048
Maurienne 2017-2019,RD.ORIF,S,2017-10-27 01:53:48.500000
Maurienne 2017-2019,RD.ORIF,S,2017-10-27 01:53:48.800000
Maurienne 2017-2019,RD.ORIF,S,2017-10-27 02:04:06.900000
Maurienne 2017-2019,RD.ORIF,S,2017-10-27 02:10:37.800000
Maurienne 2017-2019,RD.ORIF,S,2017-10-27 02:13:13.800000
Maurienne 2017-2019,RD.ORIF,S,2017-10-27 02:40:59.200000
Maurienne 2017-2019,RD.ORIF,S,2017-10-27 03:00:26.000000
Maurienne 2017-2019,RD.ORIF,S,2017-10-27 03:00:26.339075
Maurienne 2017-2019,RD.ORIF,S,2017-10-27 03:16:29.900000
Maurienne 2017-2019,RD.ORIF,S,2017-10-27 03:16:49.700000
Maurienne 2017-2019,RD.ORIF,S,2017-10-27 03:16:49.904906
Maurienne 2017-2019,RD.ORIF,S,2017-10-27 03:19:09.600000
Maurienne 2017-2019,RD.ORIF,S,2017-10-27 03:21:39.800000
Maurienne 2017-2019,RD.ORIF,S,2017-10-27 03:21:40.320000
Maurienne 2017-2019,RD.ORIF,S,2017-10-27 03:21:40.328293
Maurienne 2017-2019,RD.ORIF,S,2017-10-27 03:22:42.100000
Maurienne 2017-2019,RD.ORIF,S,2017-10-27 03:29:17.900000
Maurienne 2017-2019,RD.ORIF,S,2017-10-27 03:29:18.117908
Maurienne 2017-2019,RD.ORIF,S,2017-10-27 03:30:04.000000
Maurienne 2017-2019,RD.ORIF,S,2017-10-27 03:30:04.644186
Maurienne 2017-2019,RD.ORIF,S,2017-10-27 03:38:14.000000
Maurienne 2017-2019,RD.ORIF,S,2017-10-27 03:38:14.071317
Maurienne 2017-2019,RD.ORIF,S,2017-10-27 03:39:14.200000
Maurienne 2017-2019,RD.ORIF,S,2017-10-27 03:39:14.512859
Maurienne 2017-2019,RD.ORIF,S,2017-10-27 03:39:30.100000
Maurienne 2017-2019,RD.ORIF,S,2017-10-27 03:39:30.403762
Maurienne 2017-2019,RD.ORIF,S,2017-10-27 03:40:10.300000
Maurienne 2017-2019,RD.ORIF,S,2017-10-27 03:40:10.508973
Maurienne 2017-2019,RD.ORIF,S,2017-10-27 03:48:52.600000
Maurienne 2017-2019,RD.ORIF,S,2017-10-27 03:48:52.880647
Maurienne 2017-2019,RD.ORIF,S,2017-10-27 03:57:03.000000
Maurienne 2017-2019,RD.ORIF,S,2017-10-27 03:57:03.312904
Maurienne 2017-2019,RD.ORIF,S,2017-10-27 04:35:46.000000
Maurienne 2017-2019,RD.ORIF,S,2017-10-27 04:39:42.066826
Maurienne 2017-2019,RD.ORIF,S,2017-10-27 04:39:42.400000
Maurienne 2017-2019,RD.ORIF,S,2017-10-27 04:40:33.400000
Maurienne 2017-2019,RD.ORIF,S,2017-10-27 04:40:33.740000
Maurienne 2017-2019,RD.ORIF,S,2017-10-27 04:41:19.519172
Maurienne 2017-2019,RD.ORIF,S,2017-10-27 04:42:39.514602
Maurienne 2017-2019,RD.ORIF,S,2017-10-27 04:45:11.100000
Maurienne 2017-2019,RD.ORIF,S,2017-10-27 04:45:11.470836
Maurienne 2017-2019,RD.ORIF,S,2017-10-27 04:45:54.200000
Maurienne 2017-2019,RD.ORIF,S,2017-10-27 04:45:54.659137
Maurienne 2017-2019,RD.ORIF,S,2017-10-27 04:46:55.472232
Maurienne 2017-2019,RD.ORIF,S,2017-10-27 04:46:55.500000
Maurienne 2017-2019,RD.ORIF,S,2017-10-27 04:54:50.400000
Maurienne 2017-2019,RD.ORIF,S,2017-10-27 04:54:50.547847
Maurienne 2017-2019,RD.ORIF,S,2017-11-17 08:07:20.400000
Maurienne 2017-2019,RD.ORIF,S,2017-11-17 08:07:20.549529
Maurienne 2017-2019,RD.ORIF,S,2017-11-17 08:07:20.960000
Maurienne 2017-2019,RD.ORIF,S,2017-11-17 08:08:14.005797
Maurienne 2017-2019,RD.ORIF,S,2017-11-17 08:08:14.180000
Maurienne 2017-2019,RD.ORIF,S,2017-11-17 08:11:28.300000
Maurienne 2017-2019,RD.ORIF,S,2017-11-17 08:11:28.379702
Maurienne 2017-2019,RD.ORIF,S,2017-11-17 08:15:45.920000
Maurienne 2017-2019,RD.ORIF,S,2017-11-17 08:15:45.926528
Maurienne 2017-2019,RD.ORIF,S,2017-11-17 08:15:46.200000
Maurienne 2017-2019,RD.ORIF,S,2017-11-17 08:15:46.500000
Maurienne 2017-2019,RD.ORIF,S,2017-11-17 08:16:24.000000
Maurienne 2017-2019,RD.ORIF,S,2017-11-17 08:16:41.226375
Maurienne 2017-2019,RD.ORIF,S,2017-11-17 08:16:41.300000
Maurienne 2017-2019,RD.ORIF,S,2017-11-17 08:22:16.830000
Maurienne 2017-2019,RD.ORIF,S,2017-11-17 08:22:17.000000
Maurienne 2017-2019,RD.ORIF,S,2017-11-17 08:30:22.073368
Maurienne 2017-2019,RD.ORIF,S,2017-11-17 08:30:22.200000
Maurienne 2017-2019,RD.ORIF,S,2017-11-17 08:34:59.038617
Maurienne 2017-2019,RD.ORIF,S,2017-11-17 09:35:30.112541
Maurienne 2017-2019,RD.ORIF,S,2017-11-17 09:54:18.500000
Maurienne 2017-2019,RD.ORIF,S,2017-11-17 09:54:18.953783
Maurienne 2017-2019,RD.ORIF,S,2017-11-17 11:08:57.300000
Maurienne 2017-2019,RD.ORIF,S,2017-11-17 11:08:57.448937
Maurienne 2017-2019,RD.ORIF,S,2017-11-17 11:09:36.200000
Maurienne 2017-2019,RD.ORIF,S,2017-11-17 11:09:36.244335
Maurienne 2017-2019,RD.ORIF,S,2017-11-17 11:12:11.400000
Maurienne 2017-2019,RD.ORIF,S,2017-11-17 11:12:11.620678
Maurienne 2017-2019,RD.ORIF,S,2017-11-17 12:07:34.200000
Maurienne 2017-2019,RD.ORIF,S,2017-11-17 12:07:34.437902
Maurienne 2017-2019,RD.ORIF,S,2017-11-17 12:08:07.122515
Maurienne 2017-2019,RD.ORIF,S,2017-11-17 12:08:07.200000
Maurienne 2017-2019,RD.ORIF,S,2017-11-17 12:09:07.721530
Maurienne 2017-2019,RD.ORIF,S,2017-11-17 12:10:43.454579
Maurienne 2017-2019,RD.ORIF,S,2017-11-17 12:10:43.600000
Maurienne 2017-2019,RD.ORIF,S,2017-11-17 12:12:24.364177
Maurienne 2017-2019,RD.ORIF,S,2017-11-17 12:14:43.100000
Maurienne 2017-2019,RD.ORIF,S,2017-11-17 12:17:12.800000
Maurienne 2017-2019,RD.ORIF,S,2017-11-17 12:17:13.013840
Maurienne 2017-2019,RD.ORIF,S,2017-11-17 12:17:21.700000
Maurienne 2017-2019,RD.ORIF,S,2017-11-17 12:18:02.082029
Maurienne 2017-2019,RD.ORIF,S,2017-11-17 12:18:11.946548
Maurienne 2017-2019,RD.ORIF,S,2017-11-17 12:18:17.200000
Maurienne 2017-2019,RD.ORIF,S,2017-11-17 12:18:17.304496
Maurienne 2017-2019,RD.ORIF,S,2017-11-17 12:20:27.200000
Maurienne 2017-2019,RD.ORIF,S,2017-11-17 12:20:27.715116
Maurienne 2017-2019,RD.ORIF,S,2017-11-17 12:21:16.800000
Maurienne 2017-2019,RD.ORIF,S,2017-11-17 12:21:17.259227
Maurienne 2017-2019,RD.ORIF,S,2017-11-17 12:22:23.800000
Maurienne 2017-2019,RD.ORIF,S,2017-11-17 12:22:23.990125
Maurienne 2017-2019,RD.ORIF,S,2017-11-17 12:22:52.600000
Maurienne 2017-2019,RD.ORIF,S,2017-11-17 12:24:52.900000
Maurienne 2017-2019,RD.ORIF,S,2017-11-17 12:24:53.061584
Maurienne 2017-2019,RD.ORIF,S,2017-11-17 12:24:53.440000
Maurienne 2017-2019,RD.ORIF,S,2017-11-17 12:35:01.000000
Maurienne 2017-2019,RD.ORIF,S,2017-11-17 12:35:01.467231
Maurienne 2017-2019,RD.ORIF,S,2017-11-17 12:35:01.810000
Maurienne 2017-2019,RD.ORIF,S,2017-11-17 12:44:16.488672
Maurienne 2017-2019,RD.ORIF,S,2017-11-17 12:51:21.000000
Maurienne 2017-2019,RD.ORIF,S,2017-11-17 12:51:21.393743
Maurienne 2017-2019,RD.ORIF,S,2017-11-17 13:11:57.100000
Maurienne 2017-2019,RD.ORIF,S,2017-11-17 13:11:57.362523
Maurienne 2017-2019,RD.ORIF,S,2017-11-17 13:23:45.400000
Maurienne 2017-2019,RD.ORIF,S,2017-11-17 13:23:45.644310
Maurienne 2017-2019,RD.ORIF,S,2017-11-17 13:24:41.030746
Maurienne 2017-2019,RD.ORIF,S,2017-11-17 13:29:42.900000
Maurienne 2017-2019,RD.ORIF,S,2017-11-17 13:29:43.249628
Maurienne 2017-2019,RD.ORIF,S,2017-12-01 09:24:43.584325
Maurienne 2017-2019,RD.ORIF,S,2017-12-01 09:24:56.895280
Maurienne 2017-2019,RD.ORIF,S,2017-12-01 09:28:00.500000
Maurienne 2017-2019,RD.ORIF,S,2017-12-01 09:28:00.666612
Maurienne 2017-2019,RD.ORIF,S,2017-12-01 09:43:37.900000
Maurienne 2017-2019,RD.ORIF,S,2017-12-01 09:45:23.650697
Maurienne 2017-2019,RD.ORIF,S,2017-12-01 09:45:46.000000
Maurienne 2017-2019,RD.ORIF,S,2017-12-01 09:45:46.312166
Maurienne 2017-2019,RD.ORIF,S,2017-12-01 09:45:58.254385
Maurienne 2017-2019,RD.ORIF,S,2017-12-01 09:45:58.300000
Maurienne 2017-2019,RD.ORIF,S,2017-12-01 09:47:12.913187
Maurienne 2017-2019,RD.ORIF,S,2017-12-01 09:52:04.473188
Maurienne 2017-2019,RD.ORIF,S,2017-12-01 09:52:43.100000
Maurienne 2017-2019,RD.ORIF,S,2017-12-01 09:52:43.473581
Maurienne 2017-2019,RD.ORIF,S,2017-12-01 09:55:46.888784
Maurienne 2017-2019,RD.ORIF,S,2017-12-01 09:57:11.754421
Maurienne 2017-2019,RD.ORIF,S,2017-12-01 10:01:16.748655
Maurienne 2017-2019,RD.ORIF,S,2017-12-01 10:32:51.200000
Maurienne 2017-2019,RD.ORIF,S,2017-12-01 10:32:51.370000
Maurienne 2017-2019,RD.ORIF,S,2017-12-01 10:32:51.461240
Maurienne 2017-2019,RD.ORIF,S,2017-12-01 11:01:32.800000
Maurienne 2017-2019,RD.ORIF,S,2017-12-01 11:01:32.940000
Maurienne 2017-2019,RD.ORIF,S,2017-12-01 11:01:32.995984
Maurienne 2017-2019,RD.ORIF,S,2017-12-01 11:05:18.500000
Maurienne 2017-2019,RD.ORIF,S,2017-12-01 11:05:18.908355
Maurienne 2017-2019,RD.ORIF,S,2017-12-01 11:11:29.300000
Maurienne 2017-2019,RD.ORIF,S,2017-12-01 11:11:29.377359
Maurienne 2017-2019,RD.ORIF,S,2017-12-01 11:22:23.300000
Maurienne 2017-2019,RD.ORIF,S,2017-12-01 11:22:23.660379
Maurienne 2017-2019,RD.ORIF,S,2017-12-01 11:34:53.100000
Maurienne 2017-2019,RD.ORIF,S,2017-12-01 11:34:53.645553
Maurienne 2017-2019,RD.ORIF,S,2017-12-01 12:40:39.000000
Maurienne 2017-2019,RD.ORIF,S,2017-12-01 14:07:26.300000
Maurienne 2017-2019,RD.ORIF,S,2017-12-01 14:07:26.708706
Maurienne 2017-2019,RD.ORIF,S,2017-12-01 14:12:39.500000
Maurienne 2017-2019,RD.ORIF,S,2017-12-01 14:12:39.939357
Maurienne 2017-2019,RD.ORIF,S,2017-12-01 14:14:07.500000
Maurienne 2017-2019,RD.ORIF,S,2017-12-01 14:14:07.701041
Maurienne 2017-2019,RD.ORIF,S,2017-12-01 14:15:12.080190
Maurienne 2017-2019,RD.ORIF,S,2017-12-01 14:15:39.199462
Maurienne 2017-2019,RD.ORIF,S,2017-12-01 14:15:51.500000
Maurienne 2017-2019,RD.ORIF,S,2017-12-01 14:17:53.500000
Maurienne 2017-2019,RD.ORIF,S,2017-12-01 14:17:54.323451
Maurienne 2017-2019,RD.ORIF,S,2017-12-01 14:29:26.700000
Maurienne 2017-2019,RD.ORIF,S,2017-12-01 14:29:27.045486
Maurienne 2017-2019,RD.ORIF,S,2017-12-01 14:31:36.300000
Maurienne 2017-2019,RD.ORIF,S,2017-12-01 14:31:36.600000
Maurienne 2017-2019,RD.ORIF,S,2017-12-01 14:31:36.779529
Maurienne 2017-2019,RD.ORIF,S,2017-12-01 14:33:38.300000
Maurienne 2017-2019,RD.ORIF,S,2017-12-01 14:33:38.491579
Salton Sea 2016,AZ.PFO,P,2016-09-26 14:07:57.230000
Salton Sea 2016,AZ.PFO,P,2016-09-26 14:13:11.160000
Salton Sea 2016,AZ.PFO,P,2016-09-26 14:31:20.990000
Salton Sea 2016,AZ.PFO,P,2016-09-26 14:31:21.050000
Salton Sea 2016,AZ.PFO,P,2016-09-26 14:31:21.100000
Salton Sea 2016,AZ.PFO,P,2016-09-26 14:31:21.160000
Salton Sea 2016,AZ.PFO,P,2016-09-26 14:33:58.230000
Salton Sea 2016,AZ.PFO,P,2016-09-26 14:35:58.950000
Salton Sea 2016,AZ.PFO,P,2016-09-26 14:40:18.590000
Salton Sea 2016,AZ.PFO,P,2016-09-26 14:40:45.020000
Salton Sea 2016,AZ.PFO,P,2016-09-26 14:41:42.160000
Salton Sea 2016,AZ.PFO,P,2016-09-26 14:44:52.690000
Salton Sea 2016,AZ.PFO,P,2016-09-26 14:45:43.080000
Salton Sea 2016,AZ.PFO,P,2016-09-26 14:46:31.700000
Salton Sea 2016,AZ.PFO,P,2016-09-26 14:46:48.640000
Salton Sea 2016,AZ.PFO,P,2016-09-26 14:53:35.790000
Salton Sea 2016,AZ.PFO,P,2016-09-26 14:58:37.260000
Salton Sea 2016,AZ.PFO,P,2016-09-26 14:58:37.290000
Salton Sea 2016,AZ.PFO,P,2016-09-26 15:00:25.350000
Salton Sea 2016,AZ.PFO,P,2016-09-26 15:02:08.740000
Salton Sea 2016,AZ.PFO,P,2016-09-26 15:02:24.050000
Salton Sea 2016,AZ.PFO,P,2016-09-26 15:03:32.410000
Salton Sea 2016,AZ.PFO,P,2016-09-26 15:05:11.670000
Salton Sea 2016,AZ.PFO,P,2016-09-26 15:06:49.570000
Salton Sea 2016,AZ.PFO,P,2016-09-26 15:11:47.940000
Salton Sea 2016,AZ.PFO,P,2016-09-26 15:26:50.020000
Salton Sea 2016,AZ.PFO,P,2016-09-26 15:26:50.140000
Salton Sea 2016,AZ.PFO,P,2016-09-26 15:30:28.070000
Salton Sea 2016,AZ.PFO,P,2016-09-26 15:35:10.970000
Salton Sea 2016,AZ.PFO,P,2016-09-26 15:35:11.040000
Salton Sea 2016,AZ.PFO,P,2016-09-26 15:42:28.320000
Salton Sea 2016,AZ.PFO,P,2016-09-26 15:42:55.060000
Salton Sea 2016,AZ.PFO,P,2016-09-26 15:44:47.460000
Salton Sea 2016,AZ.PFO,P,2016-09-26 15:47:41.560000
Salton Sea 2016,AZ.PFO,P,2016-09-26 15:48:52.070000
Salton Sea 2016,AZ.PFO,P,2016-09-26 15:48:52.110000
Salton Sea 2016,AZ.PFO,P,2016-09-26 15:48:52.300000
Salton Sea 2016,AZ.PFO,P,2016-09-26 15:48:53.460000
Salton Sea 2016,AZ.PFO,P,2016-09-26 15:54:39.370000
Salton Sea 2016,AZ.PFO,P,2016-09-26 15:57:51.020000
Salton Sea 2016,AZ.PFO,P,2016-09-26 16:06:19.220000
Salton Sea 2016,AZ.PFO,P,2016-09-26 16:13:08.320000
Salton Sea 2016,AZ.PFO,P,2016-09-26 16:14:32.050000
Salton Sea 2016,AZ.PFO,P,2016-09-26 16:22:11.050000
Salton Sea 2016,AZ.PFO,P,2016-09-26 16:22:47.390000
Salton Sea 2016,AZ.PFO,P,2016-09-26 16:30:06.740000
Salton Sea 2016,AZ.PFO,P,2016-09-26 16:30:31.720000
Salton Sea 2016,AZ.PFO,P,2016-09-26 16:34:20.970000
Salton Sea 2016,AZ.PFO,P,2016-09-26 16:34:56.930000
Salton Sea 2016,AZ.PFO,P,2016-09-26 16:36:45.200000
Salton Sea 2016,AZ.PFO,P,2016-09-26 16:37:04.140000
Salton Sea 2016,AZ.PFO,P,2016-09-26 16:39:17.270000
Salton Sea 2016,AZ.PFO,P,2016-09-26 16:39:44.140000
Salton Sea 2016,AZ.PFO,P,2016-09-26 16:42:22.120000
Salton Sea 2016,AZ.PFO,P,2016-09-26 16:46:17.210000
Salton Sea 2016,AZ.PFO,P,2016-09-26 16:48:20.000000
Salton Sea 2016,AZ.PFO,P,2016-09-26 16:53:17.430000
Salton Sea 2016,AZ.PFO,P,2016-09-26 16:53:17.600000
Salton Sea 2016,AZ.PFO,P,2016-09-26 16:57:59.290000
Salton Sea 2016,AZ.PFO,P,2016-09-27 03:06:27.150000
Salton Sea 2016,AZ.PFO,P,2016-09-27 03:06:27.210000
Salton Sea 2016,AZ.PFO,P,2016-09-27 03:14:46.710000
Salton Sea 2016,AZ.PFO,P,2016-09-27 03:16:44.210000
Salton Sea 2016,AZ.PFO,P,2016-09-27 03:24:10.900000
Salton Sea 2016,AZ.PFO,P,2016-09-27 03:24:10.980000
Salton Sea 2016,AZ.PFO,P,2016-09-27 03:24:58.130000
Salton Sea 2016,AZ.PFO,P,2016-09-27 03:25:19.120000
Salton Sea 2016,AZ.PFO,P,2016-09-27 03:26:10.390000
Salton Sea 2016,AZ.PFO,P,2016-09-27 03:28:13.580000
Salton Sea 2016,AZ.PFO,P,2016-09-27 03:28:51.240000
Salton Sea 2016,AZ.PFO,P,2016-09-27 03:29:23.730000
Salton Sea 2016,AZ.PFO,P,2016-09-27 03:29:45.150000
Salton Sea 2016,AZ.PFO,P,2016-09-27 03:31:14.310000
Salton Sea 2016,AZ.PFO,P,2016-09-27 03:31:32.740000
Salton Sea 2016,AZ.PFO,P,2016-09-27 03:32:44.270000
Salton Sea 2016,AZ.PFO,P,2016-09-27 03:32:48.990000
Salton Sea 2016,AZ.PFO,P,2016-09-27 03:33:53.860000
Salton Sea 2016,AZ.PFO,P,2016-09-27 03:35:12.500000
Salton Sea 2016,AZ.PFO,P,2016-09-27 03:36:28.380000
Salton Sea 2016,AZ.PFO,P,2016-09-27 03:36:28.470000
Salton Sea 2016,AZ.PFO,P,2016-09-27 03:36:28.500000
Salton Sea 2016,AZ.PFO,P,2016-09-27 03:39:53.840000
Salton Sea 2016,AZ.PFO,P,2016-09-27 03:45:33.940000
Salton Sea 2016,AZ.PFO,P,2016-09-27 03:46:43.360000
Salton Sea 2016,AZ.PFO,P,2016-09-27 03:46:43.450000
Salton Sea 2016,AZ.PFO,P,2016-09-27 03:46:43.720000
Salton Sea 2016,AZ.PFO,P,2016-09-27 03:48:17.000000
Salton Sea 2016,AZ.PFO,P,2016-09-27 03:48:36.170000
Salton Sea 2016,AZ.PFO,P,2016-09-27 03:51:08.660000
Salton Sea 2016,AZ.PFO,P,2016-09-27 03:53:18.550000
Salton Sea 2016,AZ.PFO,P,2016-09-27 03:53:58.470000
Salton Sea 2016,AZ.PFO,P,2016-09-27 03:55:00.070000
Salton Sea 2016,AZ.PFO,P,2016-09-27 03:56:04.180000
Salton Sea 2016,AZ.PFO,P,2016-09-27 03:56:58.810000
Salton Sea 2016,AZ.PFO,P,2016-09-27 03:57:25.970000
Salton Sea 2016,AZ.PFO,P,2016-09-27 03:58:02.260000
Salton Sea 2016,AZ.PFO,P,2016-09-27 04:00:21.540000
Salton Sea 2016,AZ.PFO,P,2016-09-27 04:01:19.820000
Salton Sea 2016,AZ.PFO,P,2016-09-27 04:04:21.350000
Salton Sea 2016,AZ.PFO,P,2016-09-27 04:08:57.590000
Salton Sea 2016,AZ.PFO,P,2016-09-27 04:15:15.800000
Salton Sea 2016,AZ.PFO,P,2016-09-27 04:17:57.940000
Salton Sea 2016,AZ.PFO,P,2016-09-27 04:36:39.170000
Salton Sea 2016,AZ.PFO,P,2016-09-27 04:39:03.620000
Salton Sea 2016,AZ.PFO,P,2016-09-27 04:39:35.080000
Salton Sea 2016,AZ.PFO,P,2016-09-27 04:39:35.150000
Salton Sea 2016,AZ.PFO,P,2016-09-27 04:41:12.480000
Salton Sea 2016,AZ.PFO,P,2016-09-27 04:41:26.800000
Salton Sea 2016,AZ.PFO,P,2016-09-27 04:41:47.750000
Salton Sea 2016,AZ.PFO,P,2016-09-27 04:44:01.670000
Salton Sea 2016,AZ.PFO,P,2016-09-27 04:44:01.860000
Salton Sea 2016,AZ.PFO,P,2016-09-27 04:44:04.670000
Salton Sea 2016,AZ.PFO,P,2016-09-27 04:47:01.940000
Salton Sea 2016,AZ.PFO,P,2016-09-27 04:53:56.590000
Salton Sea 2016,AZ.PFO,P,2016-09-27 04:55:59.120000
Salton Sea 2016,AZ.PFO,P,2016-09-27 04:57:18.200000
Salton Sea 2016,AZ.PFO,P,2016-09-27 05:12:29.590000
Salton Sea 2016,AZ.PFO,P,2016-09-27 05:17:17.140000
Salton Sea 2016,AZ.PFO,P,2016-09-27 05:18:56.140000
Salton Sea 2016,AZ.PFO,P,2016-09-27 05:29:37.210000
Salton Sea 2016,AZ.PFO,P,2016-09-27 05:33:44.550000
Salton Sea 2016,AZ.PFO,P,2016-09-27 05:36:24.510000
Salton Sea 2016,AZ.PFO,P,2016-09-27 05:48:58.130000
Salton Sea 2016,AZ.PFO,P,2016-09-27 05:49:18.160000
Salton Sea 2016,AZ.PFO,P,2016-09-27 05:49:26.510000
Salton Sea 2016,AZ.PFO,P,2016-09-27 05:49:26.650000
Salton Sea 2016,AZ.PFO,P,2016-09-27 05:50:48.640000
Salton Sea 2016,AZ.PFO,P,2016-09-27 05:53:03.190000
Salton Sea 2016,AZ.PFO,P,2016-09-27 05:53:03.270000
Salton Sea 2016,AZ.PFO,P,2016-09-27 05:53:03.550000
Salton Sea 2016,AZ.PFO,P,2016-09-27 05:54:32.000000
Salton Sea 2016,AZ.PFO,P,2016-09-27 05:56:45.750000
Salton Sea 2016,AZ.PFO,P,2016-09-27 05:59:26.680000
Salton Sea 2016,AZ.PFO,S,2016-09-26 14:31:30.710000
Salton Sea 2016,AZ.PFO,S,2016-09-26 14:31:31.290000
Salton Sea 2016,AZ.PFO,S,2016-09-26 14:36:08.340000
Salton Sea 2016,AZ.PFO,S,2016-09-26 14:40:27.990000
Salton Sea 2016,AZ.PFO,S,2016-09-26 14:40:54.970000
Salton Sea 2016,AZ.PFO,S,2016-09-26 14:41:51.160000
Salton Sea 2016,AZ.PFO,S,2016-09-26 14:41:51.700000
Salton Sea 2016,AZ.PFO,S,2016-09-26 14:45:02.080000
Salton Sea 2016,AZ.PFO,S,2016-09-26 14:45:52.690000
Salton Sea 2016,AZ.PFO,S,2016-09-26 14:45:52.780000
Salton Sea 2016,AZ.PFO,S,2016-09-26 14:46:41.430000
Salton Sea 2016,AZ.PFO,S,2016-09-26 14:46:58.920000
Salton Sea 2016,AZ.PFO,S,2016-09-26 14:53:45.430000
Salton Sea 2016,AZ.PFO,S,2016-09-26 14:58:46.770000
Salton Sea 2016,AZ.PFO,S,2016-09-26 14:58:46.900000
Salton Sea 2016,AZ.PFO,S,2016-09-26 15:00:05.890000
Salton Sea 2016,AZ.PFO,S,2016-09-26 15:00:35.080000
Salton Sea 2016,AZ.PFO,S,2016-09-26 15:02:18.450000
Salton Sea 2016,AZ.PFO,S,2016-09-26 15:02:33.370000
Salton Sea 2016,AZ.PFO,S,2016-09-26 15:03:51.880000
Salton Sea 2016,AZ.PFO,S,2016-09-26 15:05:20.570000
Salton Sea 2016,AZ.PFO,S,2016-09-26 15:05:22.290000
Salton Sea 2016,AZ.PFO,S,2016-09-26 15:06:59.040000
Salton Sea 2016,AZ.PFO,S,2016-09-26 15:08:29.810000
Salton Sea 2016,AZ.PFO,S,2016-09-26 15:26:59.600000
Salton Sea 2016,AZ.PFO,S,2016-09-26 15:26:59.710000
Salton Sea 2016,AZ.PFO,S,2016-09-26 15:28:45.390000
Salton Sea 2016,AZ.PFO,S,2016-09-26 15:30:37.500000
Salton Sea 2016,AZ.PFO,S,2016-09-26 15:35:20.630000
Salton Sea 2016,AZ.PFO,S,2016-09-26 15:42:37.710000
Salton Sea 2016,AZ.PFO,S,2016-09-26 15:43:04.820000
Salton Sea 2016,AZ.PFO,S,2016-09-26 15:44:56.530000
Salton Sea 2016,AZ.PFO,S,2016-09-26 15:47:50.820000
Salton Sea 2016,AZ.PFO,S,2016-09-26 15:47:51.150000
Salton Sea 2016,AZ.PFO,S,2016-09-26 15:49:02.600000
Salton Sea 2016,AZ.PFO,S,2016-09-26 15:58:00.670000
Salton Sea 2016,AZ.PFO,S,2016-09-26 16:22:21.310000
Salton Sea 2016,AZ.PFO,S,2016-09-26 16:22:57.170000
Salton Sea 2016,AZ.PFO,S,2016-09-26 16:30:41.290000
Salton Sea 2016,AZ.PFO,S,2016-09-26 16:34:30.690000
Salton Sea 2016,AZ.PFO,S,2016-09-26 16:35:06.740000
Salton Sea 2016,AZ.PFO,S,2016-09-26 16:36:54.550000
Salton Sea 2016,AZ.PFO,S,2016-09-26 16:37:14.420000
Salton Sea 2016,AZ.PFO,S,2016-09-26 16:39:26.720000
Salton Sea 2016,AZ.PFO,S,2016-09-26 16:39:53.450000
Salton Sea 2016,AZ.PFO,S,2016-09-26 16:42:31.830000
Salton Sea 2016,AZ.PFO,S,2016-09-26 16:46:26.900000
Salton Sea 2016,AZ.PFO,S,2016-09-26 16:53:26.860000
Salton Sea 2016,AZ.PFO,S,2016-09-26 16:53:27.160000
Salton Sea 2016,AZ.PFO,S,2016-09-26 16:58:08.990000
Salton Sea 2016,AZ.PFO,S,2016-09-27 03:06:37.100000
Salton Sea 2016,AZ.PFO,S,2016-09-27 03:06:37.950000
Salton Sea 2016,AZ.PFO,S,2016-09-27 03:14:56.310000
Salton Sea 2016,AZ.PFO,S,2016-09-27 03:16:54.820000
Salton Sea 2016,AZ.PFO,S,2016-09-27 03:24:20.850000
Salton Sea 2016,AZ.PFO,S,2016-09-27 03:25:07.880000
Salton Sea 2016,AZ.PFO,S,2016-09-27 03:25:28.620000
Salton Sea 2016,AZ.PFO,S,2016-09-27 03:26:19.700000
Salton Sea 2016,AZ.PFO,S,2016-09-27 03:29:54.810000
Salton Sea 2016,AZ.PFO,S,2016-09-27 03:31:23.700000
Salton Sea 2016,AZ.PFO,S,2016-09-27 03:32:54.880000
Salton Sea 2016,AZ.PFO,S,2016-09-27 03:32:59.240000
Salton Sea 2016,AZ.PFO,S,2016-09-27 03:35:22.350000
Salton Sea 2016,AZ.PFO,S,2016-09-27 03:35:50.990000
Salton Sea 2016,AZ.PFO,S,2016-09-27 03:36:38.070000
Salton Sea 2016,AZ.PFO,S,2016-09-27 03:36:38.200000
Salton Sea 2016,AZ.PFO,S,2016-09-27 03:40:03.560000
Salton Sea 2016,AZ.PFO,S,2016-09-27 03:40:03.980000
Salton Sea 2016,AZ.PFO,S,2016-09-27 03:45:43.690000
Salton Sea 2016,AZ.PFO,S,2016-09-27 03:46:53.270000
Salton Sea 2016,AZ.PFO,S,2016-09-27 03:48:26.330000
Salton Sea 2016,AZ.PFO,S,2016-09-27 03:48:45.730000
Salton Sea 2016,AZ.PFO,S,2016-09-27 03:54:08.110000
Salton Sea 2016,AZ.PFO,S,2016-09-27 03:54:20.170000
Salton Sea 2016,AZ.PFO,S,2016-09-27 03:55:09.650000
Salton Sea 2016,AZ.PFO,S,2016-09-27 03:56:13.770000
Salton Sea 2016,AZ.PFO,S,2016-09-27 03:57:08.730000
Salton Sea 2016,AZ.PFO,S,2016-09-27 03:57:35.340000
Salton Sea 2016,AZ.PFO,S,2016-09-27 03:58:12.900000
Salton Sea 2016,AZ.PFO,S,2016-09-27 04:00:30.930000
Salton Sea 2016,AZ.PFO,S,2016-09-27 04:00:45.120000
Salton Sea 2016,AZ.PFO,S,2016-09-27 04:04:30.900000
Salton Sea 2016,AZ.PFO,S,2016-09-27 04:09:06.930000
Salton Sea 2016,AZ.PFO,S,2016-09-27 04:18:07.020000
Salton Sea 2016,AZ.PFO,S,2016-09-27 04:18:16.640000
Salton Sea 2016,AZ.PFO,S,2016-09-27 04:36:49.070000
Salton Sea 2016,AZ.PFO,S,2016-09-27 04:39:13.080000
Salton Sea 2016,AZ.PFO,S,2016-09-27 04:39:44.580000
Salton Sea 2016,AZ.PFO,S,2016-09-27 04:39:44.670000
Salton Sea 2016,AZ.PFO,S,2016-09-27 04:44:11.390000
Salton Sea 2016,AZ.PFO,S,2016-09-27 04:44:11.570000
Salton Sea 2016,AZ.PFO,S,2016-09-27 05:12:39.040000
Salton Sea 2016,AZ.PFO,S,2016-09-27 05:19:05.800000
Salton Sea 2016,AZ.PFO,S,2016-09-27 05:29:46.340000
Salton Sea 2016,AZ.PFO,S,2016-09-27 05:33:54.280000
Salton Sea 2016,AZ.PFO,S,2016-09-27 05:36:34.030000
Salton Sea 2016,AZ.PFO,S,2016-09-27 05:49:36.290000
Salton Sea 2016,AZ.PFO,S,2016-09-27 05:50:58.060000
Salton Sea 2016,AZ.PFO,S,2016-09-27 05:53:12.870000
Salton Sea 2016,AZ.PFO,S,2016-09-27 05:54:41.780000
Salton Sea 2016,AZ.PFO,S,2016-09-27 05:57:07.860000
Salton Sea 2016,AZ.PFO,S,2016-09-27 05:59:36.360000
Salton Sea 2016,CI.BC3,P,2016-09-27 03:06:22.380000
Salton Sea 2016,CI.BC3,P,2016-09-27 03:14:41.980000
Salton Sea 2016,CI.BC3,P,2016-09-27 03:24:06.160000
Salton Sea 2016,CI.BC3,P,2016-09-27 03:24:06.180000
Salton Sea 2016,CI.BC3,P,2016-09-27 03:25:16.150000
Salton Sea 2016,CI.BC3,P,2016-09-27 03:28:08.870000
Salton Sea 2016,CI.BC3,P,2016-09-27 03:29:40.530000
Salton Sea 2016,CI.BC3,P,2016-09-27 03:31:09.620000
Salton Sea 2016,CI.BC3,P,2016-09-27 03:31:27.680000
Salton Sea 2016,CI.BC3,P,2016-09-27 03:32:38.840000
Salton Sea 2016,CI.BC3,P,2016-09-27 03:32:43.260000
Salton Sea 2016,CI.BC3,P,2016-09-27 03:33:48.520000
Salton Sea 2016,CI.BC3,P,2016-09-27 03:35:07.690000
Salton Sea 2016,CI.BC3,P,2016-09-27 03:36:23.220000
Salton Sea 2016,CI.BC3,P,2016-09-27 03:36:23.360000
Salton Sea 2016,CI.BC3,P,2016-09-27 03:39:48.440000
Salton Sea 2016,CI.BC3,P,2016-09-27 03:39:48.500000
Salton Sea 2016,CI.BC3,P,2016-09-27 03:45:29.500000
Salton Sea 2016,CI.BC3,P,2016-09-27 03:46:38.370000
Salton Sea 2016,CI.BC3,P,2016-09-27 03:46:38.390000
Salton Sea 2016,CI.BC3,P,2016-09-27 03:48:12.420000
Salton Sea 2016,CI.BC3,P,2016-09-27 03:48:31.490000
Salton Sea 2016,CI.BC3,P,2016-09-27 03:53:13.290000
Salton Sea 2016,CI.BC3,P,2016-09-27 03:53:53.160000
Salton Sea 2016,CI.BC3,P,2016-09-27 03:54:05.960000
Salton Sea 2016,CI.BC3,P,2016-09-27 03:54:55.260000
Salton Sea 2016,CI.BC3,P,2016-09-27 03:56:54.140000
Salton Sea 2016,CI.BC3,P,2016-09-27 03:57:21.230000
Salton Sea 2016,CI.BC3,P,2016-09-27 04:00:16.970000
Salton Sea 2016,CI.BC3,P,2016-09-27 04:01:14.510000
Salton Sea 2016,CI.BC3,P,2016-09-27 04:04:15.830000
Salton Sea 2016,CI.BC3,P,2016-09-27 04:08:52.880000
Salton Sea 2016,CI.BC3,P,2016-09-27 04:15:10.340000
Salton Sea 2016,CI.BC3,P,2016-09-27 04:17:53.190000
Salton Sea 2016,CI.BC3,P,2016-09-27 04:18:01.580000
Salton Sea 2016,CI.BC3,P,2016-09-27 04:36:33.970000
Salton Sea 2016,CI.BC3,P,2016-09-27 04:38:59.150000
Salton Sea 2016,CI.BC3,P,2016-09-27 04:39:30.650000
Salton Sea 2016,CI.BC3,P,2016-09-27 04:41:21.420000
Salton Sea 2016,CI.BC3,P,2016-09-27 04:41:42.170000
Salton Sea 2016,CI.BC3,P,2016-09-27 04:43:57.110000
Salton Sea 2016,CI.BC3,P,2016-09-27 04:43:59.900000
Salton Sea 2016,CI.BC3,P,2016-09-27 04:46:56.800000
Salton Sea 2016,CI.BC3,P,2016-09-27 04:53:51.520000
Salton Sea 2016,CI.BC3,P,2016-09-27 04:55:54.380000
Salton Sea 2016,CI.BC3,P,2016-09-27 04:57:13.600000
Salton Sea 2016,CI.BC3,P,2016-09-27 05:17:06.020000
Salton Sea 2016,CI.BC3,P,2016-09-27 05:17:11.800000
Salton Sea 2016,CI.BC3,P,2016-09-27 05:18:51.330000
Salton Sea 2016,CI.BC3,P,2016-09-27 05:18:51.440000
Salton Sea 2016,CI.BC3,P,2016-09-27 05:29:32.540000
Salton Sea 2016,CI.BC3,P,2016-09-27 05:49:21.370000
Salton Sea 2016,CI.BC3,P,2016-09-27 05:49:21.480000
Salton Sea 2016,CI.BC3,P,2016-09-27 05:50:43.270000
Salton Sea 2016,CI.BC3,P,2016-09-27 05:52:58.700000
Salton Sea 2016,CI.BC3,P,2016-09-27 05:54:27.420000
Salton Sea 2016,CI.BC3,P,2016-09-27 05:56:54.000000
Salton Sea 2016,CI.BC3,S,2016-09-27 03:06:28.550000
Salton Sea 2016,CI.BC3,S,2016-09-27 03:14:47.940000
Salton Sea 2016,CI.BC3,S,2016-09-27 03:14:48.150000
Salton Sea 2016,CI.BC3,S,2016-09-27 03:24:12.360000
Salton Sea 2016,CI.BC3,S,2016-09-27 03:25:20.460000
Salton Sea 2016,CI.BC3,S,2016-09-27 03:28:15.100000
Salton Sea 2016,CI.BC3,S,2016-09-27 03:28:53.210000
Salton Sea 2016,CI.BC3,S,2016-09-27 03:29:24.890000
Salton Sea 2016,CI.BC3,S,2016-09-27 03:29:46.700000
Salton Sea 2016,CI.BC3,S,2016-09-27 03:31:15.750000
Salton Sea 2016,CI.BC3,S,2016-09-27 03:31:33.970000
Salton Sea 2016,CI.BC3,S,2016-09-27 03:32:44.910000
Salton Sea 2016,CI.BC3,S,2016-09-27 03:32:49.280000
Salton Sea 2016,CI.BC3,S,2016-09-27 03:33:54.820000
Salton Sea 2016,CI.BC3,S,2016-09-27 03:35:13.920000
Salton Sea 2016,CI.BC3,S,2016-09-27 03:36:29.120000
Salton Sea 2016,CI.BC3,S,2016-09-27 03:36:29.400000
Salton Sea 2016,CI.BC3,S,2016-09-27 03:39:54.160000
Salton Sea 2016,CI.BC3,S,2016-09-27 03:39:54.460000
Salton Sea 2016,CI.BC3,S,2016-09-27 03:46:43.780000
Salton Sea 2016,CI.BC3,S,2016-09-27 03:48:18.460000
Salton Sea 2016,CI.BC3,S,2016-09-27 03:53:19.620000
Salton Sea 2016,CI.BC3,S,2016-09-27 03:54:11.930000
Salton Sea 2016,CI.BC3,S,2016-09-27 03:55:01.340000
Salton Sea 2016,CI.BC3,S,2016-09-27 03:56:04.850000
Salton Sea 2016,CI.BC3,S,2016-09-27 03:57:27.370000
Salton Sea 2016,CI.BC3,S,2016-09-27 04:00:23.220000
Salton Sea 2016,CI.BC3,S,2016-09-27 04:00:36.270000
Salton Sea 2016,CI.BC3,S,2016-09-27 04:01:19.540000
Salton Sea 2016,CI.BC3,S,2016-09-27 04:04:21.230000
Salton Sea 2016,CI.BC3,S,2016-09-27 04:08:59.070000
Salton Sea 2016,CI.BC3,S,2016-09-27 04:17:59.270000
Salton Sea 2016,CI.BC3,S,2016-09-27 04:18:07.500000
Salton Sea 2016,CI.BC3,S,2016-09-27 04:22:10.750000
Salton Sea 2016,CI.BC3,S,2016-09-27 04:39:05.390000
Salton Sea 2016,CI.BC3,S,2016-09-27 04:39:36.630000
Salton Sea 2016,CI.BC3,S,2016-09-27 04:39:36.720000
Salton Sea 2016,CI.BC3,S,2016-09-27 04:41:27.390000
Salton Sea 2016,CI.BC3,S,2016-09-27 04:41:48.080000
Salton Sea 2016,CI.BC3,S,2016-09-27 04:44:03.560000
Salton Sea 2016,CI.BC3,S,2016-09-27 04:44:06.080000
Salton Sea 2016,CI.BC3,S,2016-09-27 04:53:57.540000
Salton Sea 2016,CI.BC3,S,2016-09-27 04:56:00.490000
Salton Sea 2016,CI.BC3,S,2016-09-27 04:57:19.530000
Salton Sea 2016,CI.BC3,S,2016-09-27 05:17:17.640000
Salton Sea 2016,CI.BC3,S,2016-09-27 05:18:57.400000
Salton Sea 2016,CI.BC3,S,2016-09-27 05:18:57.570000
Salton Sea 2016,CI.BC3,S,2016-09-27 05:49:27.410000
Salton Sea 2016,CI.BC3,S,2016-09-27 05:50:48.970000
Salton Sea 2016,CI.BC3,S,2016-09-27 05:53:04.610000
Salton Sea 2016,CI.BC3,S,2016-09-27 05:53:04.840000
Salton Sea 2016,CI.BC3,S,2016-09-27 05:54:33.530000
Salton Sea 2016,CI.BC3,S,2016-09-27 05:57:00.170000
Salton Sea 2016,CI.CTC,P,2016-09-27 03:14:42.380000
Salton Sea 2016,CI.CTC,P,2016-09-27 03:16:39.810000
Salton Sea 2016,CI.CTC,P,2016-09-27 03:25:14.660000
Salton Sea 2016,CI.CTC,P,2016-09-27 03:26:05.580000
Salton Sea 2016,CI.CTC,P,2016-09-27 03:28:09.280000
Salton Sea 2016,CI.CTC,P,2016-09-27 03:29:40.780000
Salton Sea 2016,CI.CTC,P,2016-09-27 03:31:09.920000
Salton Sea 2016,CI.CTC,P,2016-09-27 03:31:28.060000
Salton Sea 2016,CI.CTC,P,2016-09-27 03:32:39.430000
Salton Sea 2016,CI.CTC,P,2016-09-27 03:32:42.910000
Salton Sea 2016,CI.CTC,P,2016-09-27 03:33:49.070000
Salton Sea 2016,CI.CTC,P,2016-09-27 03:35:08.110000
Salton Sea 2016,CI.CTC,P,2016-09-27 03:35:35.410000
Salton Sea 2016,CI.CTC,P,2016-09-27 03:45:29.340000
Salton Sea 2016,CI.CTC,P,2016-09-27 03:46:38.900000
Salton Sea 2016,CI.CTC,P,2016-09-27 03:48:12.720000
Salton Sea 2016,CI.CTC,P,2016-09-27 03:48:31.750000
Salton Sea 2016,CI.CTC,P,2016-09-27 03:51:03.910000
Salton Sea 2016,CI.CTC,P,2016-09-27 03:53:13.700000
Salton Sea 2016,CI.CTC,P,2016-09-27 03:54:06.350000
Salton Sea 2016,CI.CTC,P,2016-09-27 03:54:55.690000
Salton Sea 2016,CI.CTC,P,2016-09-27 03:55:59.530000
Salton Sea 2016,CI.CTC,P,2016-09-27 03:56:54.560000
Salton Sea 2016,CI.CTC,P,2016-09-27 03:57:21.590000
Salton Sea 2016,CI.CTC,P,2016-09-27 04:00:17.330000
Salton Sea 2016,CI.CTC,P,2016-09-27 04:01:14.500000
Salton Sea 2016,CI.CTC,P,2016-09-27 04:04:16.530000
Salton Sea 2016,CI.CTC,P,2016-09-27 04:08:53.330000
Salton Sea 2016,CI.CTC,P,2016-09-27 04:17:53.610000
Salton Sea 2016,CI.CTC,P,2016-09-27 04:36:34.540000
Salton Sea 2016,CI.CTC,P,2016-09-27 04:39:30.870000
Salton Sea 2016,CI.CTC,P,2016-09-27 04:41:22.010000
Salton Sea 2016,CI.CTC,P,2016-09-27 04:41:42.960000
Salton Sea 2016,CI.CTC,P,2016-09-27 04:43:57.400000
Salton Sea 2016,CI.CTC,P,2016-09-27 04:44:00.190000
Salton Sea 2016,CI.CTC,P,2016-09-27 04:46:57.380000
Salton Sea 2016,CI.CTC,P,2016-09-27 04:53:51.970000
Salton Sea 2016,CI.CTC,P,2016-09-27 04:57:13.990000
Salton Sea 2016,CI.CTC,P,2016-09-27 05:12:25.340000
Salton Sea 2016,CI.CTC,P,2016-09-27 05:17:06.520000
Salton Sea 2016,CI.CTC,P,2016-09-27 05:17:12.350000
Salton Sea 2016,CI.CTC,P,2016-09-27 05:18:51.710000
Salton Sea 2016,CI.CTC,P,2016-09-27 05:29:32.720000
Salton Sea 2016,CI.CTC,P,2016-09-27 05:33:39.860000
Salton Sea 2016,CI.CTC,P,2016-09-27 05:36:19.920000
Salton Sea 2016,CI.CTC,P,2016-09-27 05:49:22.060000
Salton Sea 2016,CI.CTC,P,2016-09-27 05:54:27.740000
Salton Sea 2016,CI.CTC,P,2016-09-27 05:56:41.120000
Salton Sea 2016,CI.CTC,P,2016-09-27 05:56:54.180000
Salton Sea 2016,CI.CTC,P,2016-09-27 05:59:22.260000
Salton Sea 2016,CI.CTC,S,2016-09-27 03:14:48.410000
Salton Sea 2016,CI.CTC,S,2016-09-27 03:16:46.290000
Salton Sea 2016,CI.CTC,S,2016-09-27 03:26:12.060000
Salton Sea 2016,CI.CTC,S,2016-09-27 03:28:15.630000
Salton Sea 2016,CI.CTC,S,2016-09-27 03:28:53.380000
Salton Sea 2016,CI.CTC,S,2016-09-27 03:29:25.550000
Salton Sea 2016,CI.CTC,S,2016-09-27 03:29:47.410000
Salton Sea 2016,CI.CTC,S,2016-09-27 03:31:16.170000
Salton Sea 2016,CI.CTC,S,2016-09-27 03:31:34.470000
Salton Sea 2016,CI.CTC,S,2016-09-27 03:32:46.000000
Salton Sea 2016,CI.CTC,S,2016-09-27 03:32:50.510000
Salton Sea 2016,CI.CTC,S,2016-09-27 03:33:55.580000
Salton Sea 2016,CI.CTC,S,2016-09-27 03:35:14.210000
Salton Sea 2016,CI.CTC,S,2016-09-27 03:35:42.470000
Salton Sea 2016,CI.CTC,S,2016-09-27 03:45:35.730000
Salton Sea 2016,CI.CTC,S,2016-09-27 03:46:45.110000
Salton Sea 2016,CI.CTC,S,2016-09-27 03:48:19.090000
Salton Sea 2016,CI.CTC,S,2016-09-27 03:48:38.030000
Salton Sea 2016,CI.CTC,S,2016-09-27 03:53:20.170000
Salton Sea 2016,CI.CTC,S,2016-09-27 03:54:12.580000
Salton Sea 2016,CI.CTC,S,2016-09-27 03:55:01.860000
Salton Sea 2016,CI.CTC,S,2016-09-27 03:56:06.030000
Salton Sea 2016,CI.CTC,S,2016-09-27 03:57:27.790000
Salton Sea 2016,CI.CTC,S,2016-09-27 04:00:23.300000
Salton Sea 2016,CI.CTC,S,2016-09-27 04:00:37.360000
Salton Sea 2016,CI.CTC,S,2016-09-27 04:08:59.430000
Salton Sea 2016,CI.CTC,S,2016-09-27 04:15:17.290000
Salton Sea 2016,CI.CTC,S,2016-09-27 04:17:59.600000
Salton Sea 2016,CI.CTC,S,2016-09-27 04:18:08.730000
Salton Sea 2016,CI.CTC,S,2016-09-27 04:22:10.980000
Salton Sea 2016,CI.CTC,S,2016-09-27 04:36:41.020000
Salton Sea 2016,CI.CTC,S,2016-09-27 04:39:05.500000
Salton Sea 2016,CI.CTC,S,2016-09-27 04:39:37.170000
Salton Sea 2016,CI.CTC,S,2016-09-27 04:41:14.350000
Salton Sea 2016,CI.CTC,S,2016-09-27 04:41:28.440000
Salton Sea 2016,CI.CTC,S,2016-09-27 04:44:03.700000
Salton Sea 2016,CI.CTC,S,2016-09-27 04:44:06.750000
Salton Sea 2016,CI.CTC,S,2016-09-27 04:47:03.560000
Salton Sea 2016,CI.CTC,S,2016-09-27 04:47:17.580000
Salton Sea 2016,CI.CTC,S,2016-09-27 04:53:58.300000
Salton Sea 2016,CI.CTC,S,2016-09-27 04:56:00.940000
Salton Sea 2016,CI.CTC,S,2016-09-27 05:12:31.450000
Salton Sea 2016,CI.CTC,S,2016-09-27 05:17:18.540000
Salton Sea 2016,CI.CTC,S,2016-09-27 05:18:57.550000
Salton Sea 2016,CI.CTC,S,2016-09-27 05:29:39.170000
Salton Sea 2016,CI.CTC,S,2016-09-27 05:33:46.240000
Salton Sea 2016,CI.CTC,S,2016-09-27 05:36:26.360000
Salton Sea 2016,CI.CTC,S,2016-09-27 05:48:59.880000
Salton Sea 2016,CI.CTC,S,2016-09-27 05:49:28.500000
Salton Sea 2016,CI.CTC,S,2016-09-27 05:50:50.140000
Salton Sea 2016,CI.CTC,S,2016-09-27 05:54:33.880000
Salton Sea 2016,CI.CTC,S,2016-09-27 05:56:47.540000
Salton Sea 2016,CI.CTC,S,2016-09-27 05:57:00.420000
Salton Sea 2016,CI.CTC,S,2016-09-27 05:59:28.260000
Salton Sea 2016,CI.ERR,P,2016-09-26 14:07:28.630000
Salton Sea 2016,CI.ERR,P,2016-09-26 14:13:02.900000
Salton Sea 2016,CI.ERR,P,2016-09-26 14:33:49.770000
Salton Sea 2016,CI.ERR,P,2016-09-26 14:35:06.750000
Salton Sea 2016,CI.ERR,P,2016-09-26 14:35:50.420000
Salton Sea 2016,CI.ERR,P,2016-09-26 14:40:36.920000
Salton Sea 2016,CI.ERR,P,2016-09-26 14:41:33.850000
Salton Sea 2016,CI.ERR,P,2016-09-26 14:44:44.380000
Salton Sea 2016,CI.ERR,P,2016-09-26 14:46:23.170000
Salton Sea 2016,CI.ERR,P,2016-09-26 14:46:40.330000
Salton Sea 2016,CI.ERR,P,2016-09-26 14:53:27.380000
Salton Sea 2016,CI.ERR,P,2016-09-26 14:58:29.050000
Salton Sea 2016,CI.ERR,P,2016-09-26 15:00:17.180000
Salton Sea 2016,CI.ERR,P,2016-09-26 15:02:15.540000
Salton Sea 2016,CI.ERR,P,2016-09-26 15:03:24.040000
Salton Sea 2016,CI.ERR,P,2016-09-26 15:03:34.240000
Salton Sea 2016,CI.ERR,P,2016-09-26 15:06:41.240000
Salton Sea 2016,CI.ERR,P,2016-09-26 15:08:11.230000
Salton Sea 2016,CI.ERR,P,2016-09-26 15:20:32.870000
Salton Sea 2016,CI.ERR,P,2016-09-26 15:20:50.460000
Salton Sea 2016,CI.ERR,P,2016-09-26 15:30:19.950000
Salton Sea 2016,CI.ERR,P,2016-09-26 15:42:20.050000
Salton Sea 2016,CI.ERR,P,2016-09-26 15:42:46.790000
Salton Sea 2016,CI.ERR,P,2016-09-26 15:44:38.980000
Salton Sea 2016,CI.ERR,P,2016-09-26 15:48:43.850000
Salton Sea 2016,CI.ERR,P,2016-09-26 15:48:44.850000
Salton Sea 2016,CI.ERR,P,2016-09-26 15:54:31.090000
Salton Sea 2016,CI.ERR,P,2016-09-26 15:57:42.720000
Salton Sea 2016,CI.ERR,P,2016-09-26 16:12:41.090000
Salton Sea 2016,CI.ERR,P,2016-09-26 16:13:00.100000
Salton Sea 2016,CI.ERR,P,2016-09-26 16:14:23.790000
Salton Sea 2016,CI.ERR,P,2016-09-26 16:22:02.980000
Salton Sea 2016,CI.ERR,P,2016-09-26 16:30:23.460000
Salton Sea 2016,CI.ERR,P,2016-09-26 16:34:12.790000
Salton Sea 2016,CI.ERR,P,2016-09-26 16:39:08.940000
Salton Sea 2016,CI.ERR,P,2016-09-26 16:39:35.820000
Salton Sea 2016,CI.ERR,P,2016-09-26 16:42:14.090000
Salton Sea 2016,CI.ERR,P,2016-09-26 16:46:08.880000
Salton Sea 2016,CI.ERR,P,2016-09-26 16:57:50.870000
Salton Sea 2016,CI.ERR,S,2016-09-26 14:07:32.640000
Salton Sea 2016,CI.ERR,S,2016-09-26 14:07:52.690000
Salton Sea 2016,CI.ERR,S,2016-09-26 14:13:07.060000
Salton Sea 2016,CI.ERR,S,2016-09-26 14:31:16.640000
Salton Sea 2016,CI.ERR,S,2016-09-26 14:33:53.590000
Salton Sea 2016,CI.ERR,S,2016-09-26 14:35:54.570000
Salton Sea 2016,CI.ERR,S,2016-09-26 14:40:14.200000
Salton Sea 2016,CI.ERR,S,2016-09-26 14:40:40.990000
Salton Sea 2016,CI.ERR,S,2016-09-26 14:41:37.520000
Salton Sea 2016,CI.ERR,S,2016-09-26 14:45:38.730000
Salton Sea 2016,CI.ERR,S,2016-09-26 14:46:27.380000
Salton Sea 2016,CI.ERR,S,2016-09-26 14:46:44.460000
Salton Sea 2016,CI.ERR,S,2016-09-26 14:53:31.220000
Salton Sea 2016,CI.ERR,S,2016-09-26 14:58:33.090000
Salton Sea 2016,CI.ERR,S,2016-09-26 14:59:51.950000
Salton Sea 2016,CI.ERR,S,2016-09-26 15:00:21.500000
Salton Sea 2016,CI.ERR,S,2016-09-26 15:02:04.730000
Salton Sea 2016,CI.ERR,S,2016-09-26 15:02:19.070000
Salton Sea 2016,CI.ERR,S,2016-09-26 15:03:27.920000
Salton Sea 2016,CI.ERR,S,2016-09-26 15:03:38.140000
Salton Sea 2016,CI.ERR,S,2016-09-26 15:05:07.580000
Salton Sea 2016,CI.ERR,S,2016-09-26 15:06:45.440000
Salton Sea 2016,CI.ERR,S,2016-09-26 15:11:43.560000
Salton Sea 2016,CI.ERR,S,2016-09-26 15:20:36.950000
Salton Sea 2016,CI.ERR,S,2016-09-26 15:20:54.600000
Salton Sea 2016,CI.ERR,S,2016-09-26 15:26:45.850000
Salton Sea 2016,CI.ERR,S,2016-09-26 15:28:31.830000
Salton Sea 2016,CI.ERR,S,2016-09-26 15:30:24.060000
Salton Sea 2016,CI.ERR,S,2016-09-26 15:35:07.030000
Salton Sea 2016,CI.ERR,S,2016-09-26 15:42:24.270000
Salton Sea 2016,CI.ERR,S,2016-09-26 15:42:50.790000
Salton Sea 2016,CI.ERR,S,2016-09-26 15:47:37.160000
Salton Sea 2016,CI.ERR,S,2016-09-26 15:48:47.940000
Salton Sea 2016,CI.ERR,S,2016-09-26 15:54:34.980000
Salton Sea 2016,CI.ERR,S,2016-09-26 15:57:46.930000
Salton Sea 2016,CI.ERR,S,2016-09-26 16:06:15.010000
Salton Sea 2016,CI.ERR,S,2016-09-26 16:12:44.500000
Salton Sea 2016,CI.ERR,S,2016-09-26 16:13:04.280000
Salton Sea 2016,CI.ERR,S,2016-09-26 16:14:27.870000
Salton Sea 2016,CI.ERR,S,2016-09-26 16:22:43.270000
Salton Sea 2016,CI.ERR,S,2016-09-26 16:30:02.800000
Salton Sea 2016,CI.ERR,S,2016-09-26 16:30:27.500000
Salton Sea 2016,CI.ERR,S,2016-09-26 16:34:17.160000
Salton Sea 2016,CI.ERR,S,2016-09-26 16:37:00.000000
Salton Sea 2016,CI.ERR,S,2016-09-26 16:42:18.480000
Salton Sea 2016,CI.ERR,S,2016-09-26 16:46:13.020000
Salton Sea 2016,CI.ERR,S,2016-09-26 16:53:13.050000
Salton Sea 2016,CI.ERR,S,2016-09-26 16:57:54.770000
Salton Sea 2016,CI.PMD,P,2016-09-26 14:07:36.020000
Salton Sea 2016,CI.PMD,P,2016-09-26 14:13:10.040000
Salton Sea 2016,CI.PMD,P,2016-09-26 14:31:20.050000
Salton Sea 2016,CI.PMD,P,2016-09-26 14:33:57.650000
Salton Sea 2016,CI.PMD,P,2016-09-26 14:40:17.750000
Salton Sea 2016,CI.PMD,P,2016-09-26 14:40:44.590000
Salton Sea 2016,CI.PMD,P,2016-09-26 14:41:41.130000
Salton Sea 2016,CI.PMD,P,2016-09-26 14:44:51.600000
Salton Sea 2016,CI.PMD,P,2016-09-26 14:45:42.160000
Salton Sea 2016,CI.PMD,P,2016-09-26 14:46:30.610000
Salton Sea 2016,CI.PMD,P,2016-09-26 14:46:48.070000
Salton Sea 2016,CI.PMD,P,2016-09-26 14:53:35.210000
Salton Sea 2016,CI.PMD,P,2016-09-26 14:58:36.460000
Salton Sea 2016,CI.PMD,P,2016-09-26 14:59:55.090000
Salton Sea 2016,CI.PMD,P,2016-09-26 15:02:07.800000
Salton Sea 2016,CI.PMD,P,2016-09-26 15:02:22.750000
Salton Sea 2016,CI.PMD,P,2016-09-26 15:03:31.880000
Salton Sea 2016,CI.PMD,P,2016-09-26 15:05:10.620000
Salton Sea 2016,CI.PMD,P,2016-09-26 15:06:48.710000
Salton Sea 2016,CI.PMD,P,2016-09-26 15:08:18.260000
Salton Sea 2016,CI.PMD,P,2016-09-26 15:11:47.020000
Salton Sea 2016,CI.PMD,P,2016-09-26 15:20:40.360000
Salton Sea 2016,CI.PMD,P,2016-09-26 15:26:49.090000
Salton Sea 2016,CI.PMD,P,2016-09-26 15:28:34.840000
Salton Sea 2016,CI.PMD,P,2016-09-26 15:30:27.160000
Salton Sea 2016,CI.PMD,P,2016-09-26 15:42:27.220000
Salton Sea 2016,CI.PMD,P,2016-09-26 15:42:54.160000
Salton Sea 2016,CI.PMD,P,2016-09-26 15:44:46.760000
Salton Sea 2016,CI.PMD,P,2016-09-26 15:47:40.430000
Salton Sea 2016,CI.PMD,P,2016-09-26 15:47:40.630000
Salton Sea 2016,CI.PMD,P,2016-09-26 15:48:51.140000
Salton Sea 2016,CI.PMD,P,2016-09-26 15:48:51.240000
Salton Sea 2016,CI.PMD,P,2016-09-26 15:48:52.610000
Salton Sea 2016,CI.PMD,P,2016-09-26 15:54:38.460000
Salton Sea 2016,CI.PMD,P,2016-09-26 15:57:50.020000
Salton Sea 2016,CI.PMD,P,2016-09-26 16:14:31.180000
Salton Sea 2016,CI.PMD,P,2016-09-26 16:22:10.090000
Salton Sea 2016,CI.PMD,P,2016-09-26 16:22:46.420000
Salton Sea 2016,CI.PMD,P,2016-09-26 16:30:05.670000
Salton Sea 2016,CI.PMD,P,2016-09-26 16:30:30.780000
Salton Sea 2016,CI.PMD,P,2016-09-26 16:34:20.040000
Salton Sea 2016,CI.PMD,P,2016-09-26 16:34:55.920000
Salton Sea 2016,CI.PMD,P,2016-09-26 16:36:44.340000
Salton Sea 2016,CI.PMD,P,2016-09-26 16:39:16.380000
Salton Sea 2016,CI.PMD,P,2016-09-26 16:39:43.470000
Salton Sea 2016,CI.PMD,P,2016-09-26 16:42:21.190000
Salton Sea 2016,CI.PMD,P,2016-09-26 16:48:19.480000
Salton Sea 2016,CI.PMD,P,2016-09-26 16:53:16.670000
Salton Sea 2016,CI.PMD,P,2016-09-27 03:06:26.250000
Salton Sea 2016,CI.PMD,P,2016-09-27 03:16:43.290000
Salton Sea 2016,CI.PMD,P,2016-09-27 03:24:09.940000
Salton Sea 2016,CI.PMD,P,2016-09-27 03:24:57.480000
Salton Sea 2016,CI.PMD,P,2016-09-27 03:25:18.170000
Salton Sea 2016,CI.PMD,P,2016-09-27 03:26:09.600000
Salton Sea 2016,CI.PMD,P,2016-09-27 03:28:12.740000
Salton Sea 2016,CI.PMD,P,2016-09-27 03:29:22.840000
Salton Sea 2016,CI.PMD,P,2016-09-27 03:29:44.410000
Salton Sea 2016,CI.PMD,P,2016-09-27 03:31:13.380000
Salton Sea 2016,CI.PMD,P,2016-09-27 03:31:31.870000
Salton Sea 2016,CI.PMD,P,2016-09-27 03:32:43.140000
Salton Sea 2016,CI.PMD,P,2016-09-27 03:32:47.480000
Salton Sea 2016,CI.PMD,P,2016-09-27 03:33:52.700000
Salton Sea 2016,CI.PMD,P,2016-09-27 03:35:40.030000
Salton Sea 2016,CI.PMD,P,2016-09-27 03:36:27.660000
Salton Sea 2016,CI.PMD,P,2016-09-27 03:39:52.770000
Salton Sea 2016,CI.PMD,P,2016-09-27 03:45:33.110000
Salton Sea 2016,CI.PMD,P,2016-09-27 03:46:42.570000
Salton Sea 2016,CI.PMD,P,2016-09-27 03:48:16.060000
Salton Sea 2016,CI.PMD,P,2016-09-27 03:48:35.200000
Salton Sea 2016,CI.PMD,P,2016-09-27 03:51:07.640000
Salton Sea 2016,CI.PMD,P,2016-09-27 03:53:17.410000
Salton Sea 2016,CI.PMD,P,2016-09-27 03:53:57.380000
Salton Sea 2016,CI.PMD,P,2016-09-27 03:54:59.200000
Salton Sea 2016,CI.PMD,P,2016-09-27 03:56:03.230000
Salton Sea 2016,CI.PMD,P,2016-09-27 03:56:58.310000
Salton Sea 2016,CI.PMD,P,2016-09-27 03:57:25.350000
Salton Sea 2016,CI.PMD,P,2016-09-27 03:58:02.520000
Salton Sea 2016,CI.PMD,P,2016-09-27 04:00:20.990000
Salton Sea 2016,CI.PMD,P,2016-09-27 04:04:20.250000
Salton Sea 2016,CI.PMD,P,2016-09-27 04:15:14.640000
Salton Sea 2016,CI.PMD,P,2016-09-27 04:17:56.910000
Salton Sea 2016,CI.PMD,P,2016-09-27 04:22:08.190000
Salton Sea 2016,CI.PMD,P,2016-09-27 04:39:02.670000
Salton Sea 2016,CI.PMD,P,2016-09-27 04:39:34.100000
Salton Sea 2016,CI.PMD,P,2016-09-27 04:41:11.400000
Salton Sea 2016,CI.PMD,P,2016-09-27 04:41:25.550000
Salton Sea 2016,CI.PMD,P,2016-09-27 04:41:46.770000
Salton Sea 2016,CI.PMD,P,2016-09-27 04:44:00.780000
Salton Sea 2016,CI.PMD,P,2016-09-27 04:47:00.870000
Salton Sea 2016,CI.PMD,P,2016-09-27 04:53:55.560000
Salton Sea 2016,CI.PMD,P,2016-09-27 04:57:17.340000
Salton Sea 2016,CI.PMD,P,2016-09-27 05:12:28.710000
Salton Sea 2016,CI.PMD,P,2016-09-27 05:17:10.110000
Salton Sea 2016,CI.PMD,P,2016-09-27 05:17:15.900000
Salton Sea 2016,CI.PMD,P,2016-09-27 05:29:36.300000
Salton Sea 2016,CI.PMD,P,2016-09-27 05:33:43.450000
Salton Sea 2016,CI.PMD,P,2016-09-27 05:36:23.580000
Salton Sea 2016,CI.PMD,P,2016-09-27 05:48:57.220000
Salton Sea 2016,CI.PMD,P,2016-09-27 05:49:17.370000
Salton Sea 2016,CI.PMD,P,2016-09-27 05:49:25.590000
Salton Sea 2016,CI.PMD,P,2016-09-27 05:53:02.390000
Salton Sea 2016,CI.PMD,P,2016-09-27 05:54:30.940000
Salton Sea 2016,CI.PMD,P,2016-09-27 05:56:57.980000
Salton Sea 2016,CI.PMD,P,2016-09-27 05:59:26.020000
Salton Sea 2016,CI.PMD,S,2016-09-26 14:08:04.740000
Salton Sea 2016,CI.PMD,S,2016-09-26 14:13:18.830000
Salton Sea 2016,CI.PMD,S,2016-09-26 14:31:28.940000
Salton Sea 2016,CI.PMD,S,2016-09-26 14:36:06.910000
Salton Sea 2016,CI.PMD,S,2016-09-26 14:40:26.370000
Salton Sea 2016,CI.PMD,S,2016-09-26 14:40:52.980000
Salton Sea 2016,CI.PMD,S,2016-09-26 14:41:49.810000
Salton Sea 2016,CI.PMD,S,2016-09-26 14:45:00.660000
Salton Sea 2016,CI.PMD,S,2016-09-26 14:45:50.960000
Salton Sea 2016,CI.PMD,S,2016-09-26 14:46:40.550000
Salton Sea 2016,CI.PMD,S,2016-09-26 14:46:56.300000
Salton Sea 2016,CI.PMD,S,2016-09-26 14:53:43.430000
Salton Sea 2016,CI.PMD,S,2016-09-26 14:58:44.980000
Salton Sea 2016,CI.PMD,S,2016-09-26 15:00:03.880000
Salton Sea 2016,CI.PMD,S,2016-09-26 15:02:16.640000
Salton Sea 2016,CI.PMD,S,2016-09-26 15:02:31.540000
Salton Sea 2016,CI.PMD,S,2016-09-26 15:03:50.460000
Salton Sea 2016,CI.PMD,S,2016-09-26 15:05:19.440000
Salton Sea 2016,CI.PMD,S,2016-09-26 15:06:57.380000
Salton Sea 2016,CI.PMD,S,2016-09-26 15:08:28.280000
Salton Sea 2016,CI.PMD,S,2016-09-26 15:26:58.080000
Salton Sea 2016,CI.PMD,S,2016-09-26 15:28:43.600000
Salton Sea 2016,CI.PMD,S,2016-09-26 15:30:35.810000
Salton Sea 2016,CI.PMD,S,2016-09-26 15:42:35.910000
Salton Sea 2016,CI.PMD,S,2016-09-26 15:43:03.720000
Salton Sea 2016,CI.PMD,S,2016-09-26 15:47:49.460000
Salton Sea 2016,CI.PMD,S,2016-09-26 15:49:00.840000
Salton Sea 2016,CI.PMD,S,2016-09-26 15:54:47.060000
Salton Sea 2016,CI.PMD,S,2016-09-26 15:57:58.740000
Salton Sea 2016,CI.PMD,S,2016-09-26 16:14:40.180000
Salton Sea 2016,CI.PMD,S,2016-09-26 16:22:18.930000
Salton Sea 2016,CI.PMD,S,2016-09-26 16:22:56.610000
Salton Sea 2016,CI.PMD,S,2016-09-26 16:30:39.400000
Salton Sea 2016,CI.PMD,S,2016-09-26 16:35:05.120000
Salton Sea 2016,CI.PMD,S,2016-09-26 16:36:52.820000
Salton Sea 2016,CI.PMD,S,2016-09-26 16:37:12.980000
Salton Sea 2016,CI.PMD,S,2016-09-26 16:39:25.100000
Salton Sea 2016,CI.PMD,S,2016-09-26 16:39:52.060000
Salton Sea 2016,CI.PMD,S,2016-09-26 16:42:29.960000
Salton Sea 2016,CI.PMD,S,2016-09-26 16:53:25.250000
Salton Sea 2016,CI.PMD,S,2016-09-27 03:06:34.890000
Salton Sea 2016,CI.PMD,S,2016-09-27 03:06:35.020000
Salton Sea 2016,CI.PMD,S,2016-09-27 03:16:52.480000
Salton Sea 2016,CI.PMD,S,2016-09-27 03:24:19.060000
Salton Sea 2016,CI.PMD,S,2016-09-27 03:25:06.950000
Salton Sea 2016,CI.PMD,S,2016-09-27 03:25:26.730000
Salton Sea 2016,CI.PMD,S,2016-09-27 03:26:18.130000
Salton Sea 2016,CI.PMD,S,2016-09-27 03:29:53.180000
Salton Sea 2016,CI.PMD,S,2016-09-27 03:31:22.170000
Salton Sea 2016,CI.PMD,S,2016-09-27 03:32:51.970000
Salton Sea 2016,CI.PMD,S,2016-09-27 03:32:56.740000
Salton Sea 2016,CI.PMD,S,2016-09-27 03:34:01.490000
Salton Sea 2016,CI.PMD,S,2016-09-27 03:35:20.310000
Salton Sea 2016,CI.PMD,S,2016-09-27 03:35:49.350000
Salton Sea 2016,CI.PMD,S,2016-09-27 03:36:36.370000
Salton Sea 2016,CI.PMD,S,2016-09-27 03:40:01.690000
Salton Sea 2016,CI.PMD,S,2016-09-27 03:45:41.990000
Salton Sea 2016,CI.PMD,S,2016-09-27 03:46:51.420000
Salton Sea 2016,CI.PMD,S,2016-09-27 03:48:24.990000
Salton Sea 2016,CI.PMD,S,2016-09-27 03:51:16.320000
Salton Sea 2016,CI.PMD,S,2016-09-27 03:53:26.780000
Salton Sea 2016,CI.PMD,S,2016-09-27 03:54:06.770000
Salton Sea 2016,CI.PMD,S,2016-09-27 03:54:18.380000
Salton Sea 2016,CI.PMD,S,2016-09-27 03:55:07.700000
Salton Sea 2016,CI.PMD,S,2016-09-27 03:56:11.880000
Salton Sea 2016,CI.PMD,S,2016-09-27 03:57:06.820000
Salton Sea 2016,CI.PMD,S,2016-09-27 03:57:33.880000
Salton Sea 2016,CI.PMD,S,2016-09-27 03:58:11.060000
Salton Sea 2016,CI.PMD,S,2016-09-27 04:00:29.200000
Salton Sea 2016,CI.PMD,S,2016-09-27 04:00:43.300000
Salton Sea 2016,CI.PMD,S,2016-09-27 04:01:27.360000
Salton Sea 2016,CI.PMD,S,2016-09-27 04:04:29.110000
Salton Sea 2016,CI.PMD,S,2016-09-27 04:09:05.250000
Salton Sea 2016,CI.PMD,S,2016-09-27 04:18:05.710000
Salton Sea 2016,CI.PMD,S,2016-09-27 04:18:14.910000
Salton Sea 2016,CI.PMD,S,2016-09-27 04:36:47.290000
Salton Sea 2016,CI.PMD,S,2016-09-27 04:39:11.440000
Salton Sea 2016,CI.PMD,S,2016-09-27 04:39:42.810000
Salton Sea 2016,CI.PMD,S,2016-09-27 04:41:20.070000
Salton Sea 2016,CI.PMD,S,2016-09-27 04:47:09.840000
Salton Sea 2016,CI.PMD,S,2016-09-27 04:47:23.500000
Salton Sea 2016,CI.PMD,S,2016-09-27 04:54:04.340000
Salton Sea 2016,CI.PMD,S,2016-09-27 04:56:06.800000
Salton Sea 2016,CI.PMD,S,2016-09-27 04:57:26.000000
Salton Sea 2016,CI.PMD,S,2016-09-27 05:12:37.270000
Salton Sea 2016,CI.PMD,S,2016-09-27 05:29:44.880000
Salton Sea 2016,CI.PMD,S,2016-09-27 05:33:52.070000
Salton Sea 2016,CI.PMD,S,2016-09-27 05:36:32.430000
Salton Sea 2016,CI.PMD,S,2016-09-27 05:49:05.860000
Salton Sea 2016,CI.PMD,S,2016-09-27 05:53:11.120000
Salton Sea 2016,CI.PMD,S,2016-09-27 05:54:39.930000
Salton Sea 2016,CI.PMD,S,2016-09-27 05:57:06.250000
Salton Sea 2016,CI.PMD,S,2016-09-27 05:59:34.450000
Salton Sea 2016,CI.SAL,P,2016-09-26 14:07:28.560000
Salton Sea 2016,CI.SAL,P,2016-09-26 14:07:49.150000
Salton Sea 2016,CI.SAL,P,2016-09-26 14:33:50.100000
Salton Sea 2016,CI.SAL,P,2016-09-26 14:35:07.100000
Salton Sea 2016,CI.SAL,P,2016-09-26 14:35:50.760000
Salton Sea 2016,CI.SAL,P,2016-09-26 14:40:10.530000
Salton Sea 2016,CI.SAL,P,2016-09-26 14:40:36.830000
Salton Sea 2016,CI.SAL,P,2016-09-26 14:41:34.070000
Salton Sea 2016,CI.SAL,P,2016-09-26 14:44:44.770000
Salton Sea 2016,CI.SAL,P,2016-09-26 14:45:35.250000
Salton Sea 2016,CI.SAL,P,2016-09-26 14:46:23.550000
Salton Sea 2016,CI.SAL,P,2016-09-26 14:46:40.610000
Salton Sea 2016,CI.SAL,P,2016-09-26 14:53:27.700000
Salton Sea 2016,CI.SAL,P,2016-09-26 14:58:29.390000
Salton Sea 2016,CI.SAL,P,2016-09-26 15:00:17.360000
Salton Sea 2016,CI.SAL,P,2016-09-26 15:02:00.930000
Salton Sea 2016,CI.SAL,P,2016-09-26 15:02:15.800000
Salton Sea 2016,CI.SAL,P,2016-09-26 15:03:24.330000
Salton Sea 2016,CI.SAL,P,2016-09-26 15:03:34.550000
Salton Sea 2016,CI.SAL,P,2016-09-26 15:06:41.590000
Salton Sea 2016,CI.SAL,P,2016-09-26 15:08:11.490000
Salton Sea 2016,CI.SAL,P,2016-09-26 15:11:39.950000
Salton Sea 2016,CI.SAL,P,2016-09-26 15:20:33.070000
Salton Sea 2016,CI.SAL,P,2016-09-26 15:20:50.740000
Salton Sea 2016,CI.SAL,P,2016-09-26 15:26:42.150000
Salton Sea 2016,CI.SAL,P,2016-09-26 15:30:20.260000
Salton Sea 2016,CI.SAL,P,2016-09-26 15:35:02.990000
Salton Sea 2016,CI.SAL,P,2016-09-26 15:42:20.310000
Salton Sea 2016,CI.SAL,P,2016-09-26 15:42:47.090000
Salton Sea 2016,CI.SAL,P,2016-09-26 15:44:39.220000
Salton Sea 2016,CI.SAL,P,2016-09-26 15:47:33.720000
Salton Sea 2016,CI.SAL,P,2016-09-26 15:48:44.110000
Salton Sea 2016,CI.SAL,P,2016-09-26 15:48:45.130000
Salton Sea 2016,CI.SAL,P,2016-09-26 15:54:31.400000
Salton Sea 2016,CI.SAL,P,2016-09-26 15:57:42.970000
Salton Sea 2016,CI.SAL,P,2016-09-26 16:06:11.270000
Salton Sea 2016,CI.SAL,P,2016-09-26 16:13:00.330000
Salton Sea 2016,CI.SAL,P,2016-09-26 16:14:24.110000
Salton Sea 2016,CI.SAL,P,2016-09-26 16:29:58.780000
Salton Sea 2016,CI.SAL,P,2016-09-26 16:30:23.710000
Salton Sea 2016,CI.SAL,P,2016-09-26 16:34:13.020000
Salton Sea 2016,CI.SAL,P,2016-09-26 16:34:49.110000
Salton Sea 2016,CI.SAL,P,2016-09-26 16:36:37.240000
Salton Sea 2016,CI.SAL,P,2016-09-26 16:36:56.110000
Salton Sea 2016,CI.SAL,P,2016-09-26 16:39:09.210000
Salton Sea 2016,CI.SAL,P,2016-09-26 16:39:36.100000
Salton Sea 2016,CI.SAL,P,2016-09-26 16:42:14.300000
Salton Sea 2016,CI.SAL,P,2016-09-26 16:46:09.150000
Salton Sea 2016,CI.SAL,P,2016-09-26 16:53:09.460000
Salton Sea 2016,CI.SAL,P,2016-09-26 16:57:51.230000
Salton Sea 2016,CI.SAL,P,2016-09-27 03:06:19.330000
Salton Sea 2016,CI.SAL,P,2016-09-27 03:14:38.930000
Salton Sea 2016,CI.SAL,P,2016-09-27 03:16:36.430000
Salton Sea 2016,CI.SAL,P,2016-09-27 03:24:03.190000
Salton Sea 2016,CI.SAL,P,2016-09-27 03:24:49.930000
Salton Sea 2016,CI.SAL,P,2016-09-27 03:25:11.050000
Salton Sea 2016,CI.SAL,P,2016-09-27 03:26:02.040000
Salton Sea 2016,CI.SAL,P,2016-09-27 03:28:05.540000
Salton Sea 2016,CI.SAL,P,2016-09-27 03:28:43.210000
Salton Sea 2016,CI.SAL,P,2016-09-27 03:29:15.700000
Salton Sea 2016,CI.SAL,P,2016-09-27 03:31:06.370000
Salton Sea 2016,CI.SAL,P,2016-09-27 03:31:24.430000
Salton Sea 2016,CI.SAL,P,2016-09-27 03:32:36.330000
Salton Sea 2016,CI.SAL,P,2016-09-27 03:32:40.680000
Salton Sea 2016,CI.SAL,P,2016-09-27 03:33:45.870000
Salton Sea 2016,CI.SAL,P,2016-09-27 03:35:04.650000
Salton Sea 2016,CI.SAL,P,2016-09-27 03:35:32.680000
Salton Sea 2016,CI.SAL,P,2016-09-27 03:36:20.520000
Salton Sea 2016,CI.SAL,P,2016-09-27 03:45:26.160000
Salton Sea 2016,CI.SAL,P,2016-09-27 03:48:09.130000
Salton Sea 2016,CI.SAL,P,2016-09-27 03:48:28.120000
Salton Sea 2016,CI.SAL,P,2016-09-27 03:53:50.620000
Salton Sea 2016,CI.SAL,P,2016-09-27 03:54:02.750000
Salton Sea 2016,CI.SAL,P,2016-09-27 03:54:52.100000
Salton Sea 2016,CI.SAL,P,2016-09-27 03:55:56.400000
Salton Sea 2016,CI.SAL,P,2016-09-27 03:56:50.760000
Salton Sea 2016,CI.SAL,P,2016-09-27 03:57:18.000000
Salton Sea 2016,CI.SAL,P,2016-09-27 03:57:55.260000
Salton Sea 2016,CI.SAL,P,2016-09-27 04:00:13.530000
Salton Sea 2016,CI.SAL,P,2016-09-27 04:00:27.630000
Salton Sea 2016,CI.SAL,P,2016-09-27 04:01:11.810000
Salton Sea 2016,CI.SAL,P,2016-09-27 04:04:13.570000
Salton Sea 2016,CI.SAL,P,2016-09-27 04:08:49.590000
Salton Sea 2016,CI.SAL,P,2016-09-27 04:15:07.810000
Salton Sea 2016,CI.SAL,P,2016-09-27 04:17:50.040000
Salton Sea 2016,CI.SAL,P,2016-09-27 04:17:58.950000
Salton Sea 2016,CI.SAL,P,2016-09-27 04:22:00.850000
Salton Sea 2016,CI.SAL,P,2016-09-27 04:36:31.560000
Salton Sea 2016,CI.SAL,P,2016-09-27 04:38:55.640000
Salton Sea 2016,CI.SAL,P,2016-09-27 04:39:27.210000
Salton Sea 2016,CI.SAL,P,2016-09-27 04:41:04.330000
Salton Sea 2016,CI.SAL,P,2016-09-27 04:41:18.860000
Salton Sea 2016,CI.SAL,P,2016-09-27 04:41:39.810000
Salton Sea 2016,CI.SAL,P,2016-09-27 04:43:53.920000
Salton Sea 2016,CI.SAL,P,2016-09-27 04:43:56.540000
Salton Sea 2016,CI.SAL,P,2016-09-27 04:46:54.220000
Salton Sea 2016,CI.SAL,P,2016-09-27 04:47:07.510000
Salton Sea 2016,CI.SAL,P,2016-09-27 04:53:48.790000
Salton Sea 2016,CI.SAL,P,2016-09-27 04:55:51.190000
Salton Sea 2016,CI.SAL,P,2016-09-27 04:57:10.400000
Salton Sea 2016,CI.SAL,P,2016-09-27 05:12:21.680000
Salton Sea 2016,CI.SAL,P,2016-09-27 05:17:03.420000
Salton Sea 2016,CI.SAL,P,2016-09-27 05:17:09.180000
Salton Sea 2016,CI.SAL,P,2016-09-27 05:18:48.240000
Salton Sea 2016,CI.SAL,P,2016-09-27 05:29:29.040000
Salton Sea 2016,CI.SAL,P,2016-09-27 05:36:16.490000
Salton Sea 2016,CI.SAL,P,2016-09-27 05:48:50.230000
Salton Sea 2016,CI.SAL,P,2016-09-27 05:49:10.340000
Salton Sea 2016,CI.SAL,P,2016-09-27 05:49:18.850000
Salton Sea 2016,CI.SAL,P,2016-09-27 05:50:40.560000
Salton Sea 2016,CI.SAL,P,2016-09-27 05:54:24.030000
Salton Sea 2016,CI.SAL,P,2016-09-27 05:56:38.050000
Salton Sea 2016,CI.SAL,P,2016-09-27 05:56:50.510000
Salton Sea 2016,CI.SAL,P,2016-09-27 05:59:18.800000
Salton Sea 2016,CI.SAL,S,2016-09-26 14:07:32.860000
Salton Sea 2016,CI.SAL,S,2016-09-26 14:07:51.940000
Salton Sea 2016,CI.SAL,S,2016-09-26 14:31:16.460000
Salton Sea 2016,CI.SAL,S,2016-09-26 14:33:53.920000
Salton Sea 2016,CI.SAL,S,2016-09-26 14:35:54.770000
Salton Sea 2016,CI.SAL,S,2016-09-26 14:40:14.470000
Salton Sea 2016,CI.SAL,S,2016-09-26 14:40:41.230000
Salton Sea 2016,CI.SAL,S,2016-09-26 14:41:38.040000
Salton Sea 2016,CI.SAL,S,2016-09-26 14:44:48.640000
Salton Sea 2016,CI.SAL,S,2016-09-26 14:45:39.190000
Salton Sea 2016,CI.SAL,S,2016-09-26 14:46:27.430000
Salton Sea 2016,CI.SAL,S,2016-09-26 14:53:31.680000
Salton Sea 2016,CI.SAL,S,2016-09-26 14:58:33.260000
Salton Sea 2016,CI.SAL,S,2016-09-26 15:00:21.380000
Salton Sea 2016,CI.SAL,S,2016-09-26 15:02:04.950000
Salton Sea 2016,CI.SAL,S,2016-09-26 15:02:19.790000
Salton Sea 2016,CI.SAL,S,2016-09-26 15:03:38.320000
Salton Sea 2016,CI.SAL,S,2016-09-26 15:05:07.820000
Salton Sea 2016,CI.SAL,S,2016-09-26 15:06:45.580000
Salton Sea 2016,CI.SAL,S,2016-09-26 15:08:15.470000
Salton Sea 2016,CI.SAL,S,2016-09-26 15:11:43.820000
Salton Sea 2016,CI.SAL,S,2016-09-26 15:20:37.210000
Salton Sea 2016,CI.SAL,S,2016-09-26 15:26:46.170000
Salton Sea 2016,CI.SAL,S,2016-09-26 15:28:32.040000
Salton Sea 2016,CI.SAL,S,2016-09-26 15:30:24.030000
Salton Sea 2016,CI.SAL,S,2016-09-26 15:35:06.930000
Salton Sea 2016,CI.SAL,S,2016-09-26 15:42:24.620000
Salton Sea 2016,CI.SAL,S,2016-09-26 15:42:50.970000
Salton Sea 2016,CI.SAL,S,2016-09-26 15:47:37.690000
Salton Sea 2016,CI.SAL,S,2016-09-26 15:57:47.260000
Salton Sea 2016,CI.SAL,S,2016-09-26 16:06:15.150000
Salton Sea 2016,CI.SAL,S,2016-09-26 16:22:07.390000
Salton Sea 2016,CI.SAL,S,2016-09-26 16:30:02.490000
Salton Sea 2016,CI.SAL,S,2016-09-26 16:30:27.800000
Salton Sea 2016,CI.SAL,S,2016-09-26 16:34:53.120000
Salton Sea 2016,CI.SAL,S,2016-09-26 16:36:41.100000
Salton Sea 2016,CI.SAL,S,2016-09-26 16:39:39.440000
Salton Sea 2016,CI.SAL,S,2016-09-26 16:46:12.680000
Salton Sea 2016,CI.SAL,S,2016-09-27 03:06:23.440000
Salton Sea 2016,CI.SAL,S,2016-09-27 03:14:42.870000
Salton Sea 2016,CI.SAL,S,2016-09-27 03:16:40.400000
Salton Sea 2016,CI.SAL,S,2016-09-27 03:25:14.880000
Salton Sea 2016,CI.SAL,S,2016-09-27 03:26:05.940000
Salton Sea 2016,CI.SAL,S,2016-09-27 03:28:09.410000
Salton Sea 2016,CI.SAL,S,2016-09-27 03:28:47.120000
Salton Sea 2016,CI.SAL,S,2016-09-27 03:29:19.290000
Salton Sea 2016,CI.SAL,S,2016-09-27 03:29:40.950000
Salton Sea 2016,CI.SAL,S,2016-09-27 03:31:10.280000
Salton Sea 2016,CI.SAL,S,2016-09-27 03:32:40.200000
Salton Sea 2016,CI.SAL,S,2016-09-27 03:32:44.440000
Salton Sea 2016,CI.SAL,S,2016-09-27 03:33:49.920000
Salton Sea 2016,CI.SAL,S,2016-09-27 03:35:08.610000
Salton Sea 2016,CI.SAL,S,2016-09-27 03:35:36.750000
Salton Sea 2016,CI.SAL,S,2016-09-27 03:36:24.590000
Salton Sea 2016,CI.SAL,S,2016-09-27 03:39:50.320000
Salton Sea 2016,CI.SAL,S,2016-09-27 03:48:12.950000
Salton Sea 2016,CI.SAL,S,2016-09-27 03:48:31.930000
Salton Sea 2016,CI.SAL,S,2016-09-27 03:53:54.560000
Salton Sea 2016,CI.SAL,S,2016-09-27 03:54:06.660000
Salton Sea 2016,CI.SAL,S,2016-09-27 03:54:55.800000
Salton Sea 2016,CI.SAL,S,2016-09-27 03:57:21.870000
Salton Sea 2016,CI.SAL,S,2016-09-27 04:00:17.230000
Salton Sea 2016,CI.SAL,S,2016-09-27 04:00:31.500000
Salton Sea 2016,CI.SAL,S,2016-09-27 04:04:17.420000
Salton Sea 2016,CI.SAL,S,2016-09-27 04:08:53.480000
Salton Sea 2016,CI.SAL,S,2016-09-27 04:15:11.990000
Salton Sea 2016,CI.SAL,S,2016-09-27 04:18:02.410000
Salton Sea 2016,CI.SAL,S,2016-09-27 04:36:35.790000
Salton Sea 2016,CI.SAL,S,2016-09-27 04:38:59.450000
Salton Sea 2016,CI.SAL,S,2016-09-27 04:39:31.020000
Salton Sea 2016,CI.SAL,S,2016-09-27 04:41:07.560000
Salton Sea 2016,CI.SAL,S,2016-09-27 04:41:22.930000
Salton Sea 2016,CI.SAL,S,2016-09-27 04:41:43.990000
Salton Sea 2016,CI.SAL,S,2016-09-27 04:43:56.770000
Salton Sea 2016,CI.SAL,S,2016-09-27 04:44:00.500000
Salton Sea 2016,CI.SAL,S,2016-09-27 04:46:58.220000
Salton Sea 2016,CI.SAL,S,2016-09-27 04:53:52.740000
Salton Sea 2016,CI.SAL,S,2016-09-27 04:55:55.090000
Salton Sea 2016,CI.SAL,S,2016-09-27 05:18:52.100000
Salton Sea 2016,CI.SAL,S,2016-09-27 05:49:14.020000
Salton Sea 2016,CI.SAL,S,2016-09-27 05:49:22.990000
Salton Sea 2016,CI.SAL,S,2016-09-27 05:52:59.220000
Salton Sea 2016,CI.TOR,P,2016-09-26 14:07:33.570000
Salton Sea 2016,CI.TOR,P,2016-09-26 14:13:07.730000
Salton Sea 2016,CI.TOR,P,2016-09-26 14:31:17.750000
Salton Sea 2016,CI.TOR,P,2016-09-26 14:33:54.800000
Salton Sea 2016,CI.TOR,P,2016-09-26 14:35:11.960000
Salton Sea 2016,CI.TOR,P,2016-09-26 14:35:55.430000
Salton Sea 2016,CI.TOR,P,2016-09-26 14:40:15.260000
Salton Sea 2016,CI.TOR,P,2016-09-26 14:40:41.800000
Salton Sea 2016,CI.TOR,P,2016-09-26 14:41:38.700000
Salton Sea 2016,CI.TOR,P,2016-09-26 14:44:49.260000
Salton Sea 2016,CI.TOR,P,2016-09-26 14:46:28.220000
Salton Sea 2016,CI.TOR,P,2016-09-26 14:46:45.230000
Salton Sea 2016,CI.TOR,P,2016-09-26 14:59:52.760000
Salton Sea 2016,CI.TOR,P,2016-09-26 15:00:21.850000
Salton Sea 2016,CI.TOR,P,2016-09-26 15:02:20.770000
Salton Sea 2016,CI.TOR,P,2016-09-26 15:03:29.120000
Salton Sea 2016,CI.TOR,P,2016-09-26 15:05:08.260000
Salton Sea 2016,CI.TOR,P,2016-09-26 15:06:46.230000
Salton Sea 2016,CI.TOR,P,2016-09-26 15:20:37.700000
Salton Sea 2016,CI.TOR,P,2016-09-26 15:30:24.820000
Salton Sea 2016,CI.TOR,P,2016-09-26 15:35:07.470000
Salton Sea 2016,CI.TOR,P,2016-09-26 15:42:24.840000
Salton Sea 2016,CI.TOR,P,2016-09-26 15:42:51.760000
Salton Sea 2016,CI.TOR,P,2016-09-26 15:44:43.840000
Salton Sea 2016,CI.TOR,P,2016-09-26 15:48:48.850000
Salton Sea 2016,CI.TOR,P,2016-09-26 15:48:49.690000
Salton Sea 2016,CI.TOR,P,2016-09-26 15:54:36.080000
Salton Sea 2016,CI.TOR,P,2016-09-26 15:57:47.430000
Salton Sea 2016,CI.TOR,P,2016-09-26 16:06:15.770000
Salton Sea 2016,CI.TOR,P,2016-09-26 16:13:04.860000
Salton Sea 2016,CI.TOR,P,2016-09-26 16:14:28.790000
Salton Sea 2016,CI.TOR,P,2016-09-26 16:22:07.630000
Salton Sea 2016,CI.TOR,P,2016-09-26 16:22:43.980000
Salton Sea 2016,CI.TOR,P,2016-09-26 16:30:03.200000
Salton Sea 2016,CI.TOR,P,2016-09-26 16:30:28.210000
Salton Sea 2016,CI.TOR,P,2016-09-26 16:34:17.520000
Salton Sea 2016,CI.TOR,P,2016-09-26 16:37:00.780000
Salton Sea 2016,CI.TOR,P,2016-09-26 16:39:13.840000
Salton Sea 2016,CI.TOR,P,2016-09-26 16:39:40.840000
Salton Sea 2016,CI.TOR,P,2016-09-26 16:42:18.660000
Salton Sea 2016,CI.TOR,P,2016-09-26 16:46:13.720000
Salton Sea 2016,CI.TOR,P,2016-09-26 16:48:16.620000
Salton Sea 2016,CI.TOR,P,2016-09-26 16:57:55.990000
Salton Sea 2016,CI.TOR,P,2016-09-27 03:16:40.910000
Salton Sea 2016,CI.TOR,P,2016-09-27 03:24:54.660000
Salton Sea 2016,CI.TOR,P,2016-09-27 03:25:15.750000
Salton Sea 2016,CI.TOR,P,2016-09-27 03:26:06.660000
Salton Sea 2016,CI.TOR,P,2016-09-27 03:28:10.150000
Salton Sea 2016,CI.TOR,P,2016-09-27 03:28:47.890000
Salton Sea 2016,CI.TOR,P,2016-09-27 03:29:20.300000
Salton Sea 2016,CI.TOR,P,2016-09-27 03:29:41.630000
Salton Sea 2016,CI.TOR,P,2016-09-27 03:31:10.940000
Salton Sea 2016,CI.TOR,P,2016-09-27 03:31:29.110000
Salton Sea 2016,CI.TOR,P,2016-09-27 03:32:40.750000
Salton Sea 2016,CI.TOR,P,2016-09-27 03:32:44.960000
Salton Sea 2016,CI.TOR,P,2016-09-27 03:33:50.250000
Salton Sea 2016,CI.TOR,P,2016-09-27 03:35:09.200000
Salton Sea 2016,CI.TOR,P,2016-09-27 03:35:37.250000
Salton Sea 2016,CI.TOR,P,2016-09-27 03:36:25.110000
Salton Sea 2016,CI.TOR,P,2016-09-27 03:45:30.420000
Salton Sea 2016,CI.TOR,P,2016-09-27 03:48:13.830000
Salton Sea 2016,CI.TOR,P,2016-09-27 03:48:32.810000
Salton Sea 2016,CI.TOR,P,2016-09-27 03:51:05.130000
Salton Sea 2016,CI.TOR,P,2016-09-27 03:53:15.010000
Salton Sea 2016,CI.TOR,P,2016-09-27 03:53:55.130000
Salton Sea 2016,CI.TOR,P,2016-09-27 03:54:07.510000
Salton Sea 2016,CI.TOR,P,2016-09-27 03:54:56.790000
Salton Sea 2016,CI.TOR,P,2016-09-27 03:56:00.780000
Salton Sea 2016,CI.TOR,P,2016-09-27 03:56:55.460000
Salton Sea 2016,CI.TOR,P,2016-09-27 03:57:22.630000
Salton Sea 2016,CI.TOR,P,2016-09-27 03:57:59.800000
Salton Sea 2016,CI.TOR,P,2016-09-27 04:00:18.320000
Salton Sea 2016,CI.TOR,P,2016-09-27 04:00:32.180000
Salton Sea 2016,CI.TOR,P,2016-09-27 04:08:54.170000
Salton Sea 2016,CI.TOR,P,2016-09-27 04:15:12.250000
Salton Sea 2016,CI.TOR,P,2016-09-27 04:17:54.680000
Salton Sea 2016,CI.TOR,P,2016-09-27 04:22:05.510000
Salton Sea 2016,CI.TOR,P,2016-09-27 04:36:35.880000
Salton Sea 2016,CI.TOR,P,2016-09-27 04:39:00.250000
Salton Sea 2016,CI.TOR,P,2016-09-27 04:41:08.950000
Salton Sea 2016,CI.TOR,P,2016-09-27 04:41:23.210000
Salton Sea 2016,CI.TOR,P,2016-09-27 04:43:58.420000
Salton Sea 2016,CI.TOR,P,2016-09-27 04:44:01.150000
Salton Sea 2016,CI.TOR,P,2016-09-27 04:46:58.550000
Salton Sea 2016,CI.TOR,P,2016-09-27 04:57:14.840000
Salton Sea 2016,CI.TOR,P,2016-09-27 05:12:26.220000
Salton Sea 2016,CI.TOR,P,2016-09-27 05:17:07.750000
Salton Sea 2016,CI.TOR,P,2016-09-27 05:17:13.530000
Salton Sea 2016,CI.TOR,P,2016-09-27 05:29:33.730000
Salton Sea 2016,CI.TOR,P,2016-09-27 05:33:41.130000
Salton Sea 2016,CI.TOR,P,2016-09-27 05:36:21.220000
Salton Sea 2016,CI.TOR,P,2016-09-27 05:48:54.740000
Salton Sea 2016,CI.TOR,P,2016-09-27 05:49:23.220000
Salton Sea 2016,CI.TOR,P,2016-09-27 05:50:45.070000
Salton Sea 2016,CI.TOR,P,2016-09-27 05:54:28.670000
Salton Sea 2016,CI.TOR,P,2016-09-27 05:56:42.550000
Salton Sea 2016,CI.TOR,P,2016-09-27 05:56:55.310000
Salton Sea 2016,CI.TOR,P,2016-09-27 05:59:23.250000
Salton Sea 2016,CI.TOR,S,2016-09-26 14:07:40.050000
Salton Sea 2016,CI.TOR,S,2016-09-26 14:08:00.610000
Salton Sea 2016,CI.TOR,S,2016-09-26 14:13:14.890000
Salton Sea 2016,CI.TOR,S,2016-09-26 14:31:24.620000
Salton Sea 2016,CI.TOR,S,2016-09-26 14:35:18.980000
Salton Sea 2016,CI.TOR,S,2016-09-26 14:36:02.680000
Salton Sea 2016,CI.TOR,S,2016-09-26 14:40:22.260000
Salton Sea 2016,CI.TOR,S,2016-09-26 14:40:48.930000
Salton Sea 2016,CI.TOR,S,2016-09-26 14:41:45.830000
Salton Sea 2016,CI.TOR,S,2016-09-26 14:44:56.240000
Salton Sea 2016,CI.TOR,S,2016-09-26 14:45:47.020000
Salton Sea 2016,CI.TOR,S,2016-09-26 14:46:35.330000
Salton Sea 2016,CI.TOR,S,2016-09-26 14:46:52.210000
Salton Sea 2016,CI.TOR,S,2016-09-26 14:58:41.060000
Salton Sea 2016,CI.TOR,S,2016-09-26 14:59:59.950000
Salton Sea 2016,CI.TOR,S,2016-09-26 15:00:28.950000
Salton Sea 2016,CI.TOR,S,2016-09-26 15:02:12.550000
Salton Sea 2016,CI.TOR,S,2016-09-26 15:02:27.640000
Salton Sea 2016,CI.TOR,S,2016-09-26 15:03:36.470000
Salton Sea 2016,CI.TOR,S,2016-09-26 15:05:15.440000
Salton Sea 2016,CI.TOR,S,2016-09-26 15:06:53.800000
Salton Sea 2016,CI.TOR,S,2016-09-26 15:08:23.140000
Salton Sea 2016,CI.TOR,S,2016-09-26 15:11:51.750000
Salton Sea 2016,CI.TOR,S,2016-09-26 15:20:44.710000
Salton Sea 2016,CI.TOR,S,2016-09-26 15:26:53.860000
Salton Sea 2016,CI.TOR,S,2016-09-26 15:28:39.900000
Salton Sea 2016,CI.TOR,S,2016-09-26 15:30:32.040000
Salton Sea 2016,CI.TOR,S,2016-09-26 15:35:14.610000
Salton Sea 2016,CI.TOR,S,2016-09-26 15:42:32.010000
Salton Sea 2016,CI.TOR,S,2016-09-26 15:42:58.710000
Salton Sea 2016,CI.TOR,S,2016-09-26 15:44:51.230000
Salton Sea 2016,CI.TOR,S,2016-09-26 15:47:44.910000
Salton Sea 2016,CI.TOR,S,2016-09-26 15:54:43.130000
Salton Sea 2016,CI.TOR,S,2016-09-26 15:57:54.780000
Salton Sea 2016,CI.TOR,S,2016-09-26 16:06:22.890000
Salton Sea 2016,CI.TOR,S,2016-09-26 16:13:12.000000
Salton Sea 2016,CI.TOR,S,2016-09-26 16:22:51.310000
Salton Sea 2016,CI.TOR,S,2016-09-26 16:34:24.680000
Salton Sea 2016,CI.TOR,S,2016-09-26 16:35:00.710000
Salton Sea 2016,CI.TOR,S,2016-09-26 16:36:48.880000
Salton Sea 2016,CI.TOR,S,2016-09-26 16:37:07.860000
Salton Sea 2016,CI.TOR,S,2016-09-26 16:39:21.120000
Salton Sea 2016,CI.TOR,S,2016-09-26 16:39:47.890000
Salton Sea 2016,CI.TOR,S,2016-09-26 16:42:25.960000
Salton Sea 2016,CI.TOR,S,2016-09-26 16:46:20.870000
Salton Sea 2016,CI.TOR,S,2016-09-26 16:48:23.800000
Salton Sea 2016,CI.TOR,S,2016-09-26 16:53:21.190000
Salton Sea 2016,CI.TOR,S,2016-09-26 16:58:02.890000
Salton Sea 2016,CI.TOR,S,2016-09-27 03:06:31.060000
Salton Sea 2016,CI.TOR,S,2016-09-27 03:14:50.640000
Salton Sea 2016,CI.TOR,S,2016-09-27 03:16:48.030000
Salton Sea 2016,CI.TOR,S,2016-09-27 03:25:22.800000
Salton Sea 2016,CI.TOR,S,2016-09-27 03:26:13.900000
Salton Sea 2016,CI.TOR,S,2016-09-27 03:28:55.020000
Salton Sea 2016,CI.TOR,S,2016-09-27 03:29:27.430000
Salton Sea 2016,CI.TOR,S,2016-09-27 03:31:18.180000
Salton Sea 2016,CI.TOR,S,2016-09-27 03:31:36.220000
Salton Sea 2016,CI.TOR,S,2016-09-27 03:32:52.560000
Salton Sea 2016,CI.TOR,S,2016-09-27 03:33:57.690000
Salton Sea 2016,CI.TOR,S,2016-09-27 03:35:16.220000
Salton Sea 2016,CI.TOR,S,2016-09-27 03:35:44.650000
Salton Sea 2016,CI.TOR,S,2016-09-27 03:36:31.920000
Salton Sea 2016,CI.TOR,S,2016-09-27 03:45:37.510000
Salton Sea 2016,CI.TOR,S,2016-09-27 03:46:46.930000
Salton Sea 2016,CI.TOR,S,2016-09-27 03:48:20.910000
Salton Sea 2016,CI.TOR,S,2016-09-27 03:48:39.860000
Salton Sea 2016,CI.TOR,S,2016-09-27 03:51:12.300000
Salton Sea 2016,CI.TOR,S,2016-09-27 03:53:22.320000
Salton Sea 2016,CI.TOR,S,2016-09-27 03:54:02.440000
Salton Sea 2016,CI.TOR,S,2016-09-27 03:54:14.080000
Salton Sea 2016,CI.TOR,S,2016-09-27 03:55:03.910000
Salton Sea 2016,CI.TOR,S,2016-09-27 03:56:07.800000
Salton Sea 2016,CI.TOR,S,2016-09-27 03:57:02.620000
Salton Sea 2016,CI.TOR,S,2016-09-27 03:57:29.610000
Salton Sea 2016,CI.TOR,S,2016-09-27 03:58:07.150000
Salton Sea 2016,CI.TOR,S,2016-09-27 04:00:25.130000
Salton Sea 2016,CI.TOR,S,2016-09-27 04:00:39.310000
Salton Sea 2016,CI.TOR,S,2016-09-27 04:01:23.180000
Salton Sea 2016,CI.TOR,S,2016-09-27 04:09:01.230000
Salton Sea 2016,CI.TOR,S,2016-09-27 04:15:19.320000
Salton Sea 2016,CI.TOR,S,2016-09-27 04:18:01.720000
Salton Sea 2016,CI.TOR,S,2016-09-27 04:18:10.950000
Salton Sea 2016,CI.TOR,S,2016-09-27 04:22:12.720000
Salton Sea 2016,CI.TOR,S,2016-09-27 04:39:07.220000
Salton Sea 2016,CI.TOR,S,2016-09-27 04:39:38.770000
Salton Sea 2016,CI.TOR,S,2016-09-27 04:41:51.410000
Salton Sea 2016,CI.TOR,S,2016-09-27 04:44:08.200000
Salton Sea 2016,CI.TOR,S,2016-09-27 04:47:05.650000
Salton Sea 2016,CI.TOR,S,2016-09-27 04:56:02.810000
Salton Sea 2016,CI.TOR,S,2016-09-27 04:57:22.030000
Salton Sea 2016,CI.TOR,S,2016-09-27 05:12:33.320000
Salton Sea 2016,CI.TOR,S,2016-09-27 05:29:40.810000
Salton Sea 2016,CI.TOR,S,2016-09-27 05:33:48.170000
Salton Sea 2016,CI.TOR,S,2016-09-27 05:36:28.270000
Salton Sea 2016,CI.TOR,S,2016-09-27 05:49:01.850000
Salton Sea 2016,CI.TOR,S,2016-09-27 05:49:21.910000
Salton Sea 2016,CI.TOR,S,2016-09-27 05:49:29.830000
Salton Sea 2016,CI.TOR,S,2016-09-27 05:50:52.290000
Salton Sea 2016,CI.TOR,S,2016-09-27 05:53:07.160000
Salton Sea 2016,CI.TOR,S,2016-09-27 05:57:02.070000
Salton Sea 2016,CI.TOR,S,2016-09-27 05:59:30.540000
Salton Sea 2016,PB.B084,P,2016-09-26 14:07:57.100000
Salton Sea 2016,PB.B084,P,2016-09-26 14:13:11.110000
Salton Sea 2016,PB.B084,P,2016-09-26 14:31:20.990000
Salton Sea 2016,PB.B084,P,2016-09-26 14:33:58.160000
Salton Sea 2016,PB.B084,P,2016-09-26 14:35:58.990000
Salton Sea 2016,PB.B084,P,2016-09-26 14:40:18.540000
Salton Sea 2016,PB.B084,P,2016-09-26 14:40:44.880000
Salton Sea 2016,PB.B084,P,2016-09-26 14:41:42.030000
Salton Sea 2016,PB.B084,P,2016-09-26 14:45:43.240000
Salton Sea 2016,PB.B084,P,2016-09-26 14:46:31.720000
Salton Sea 2016,PB.B084,P,2016-09-26 14:46:48.660000
Salton Sea 2016,PB.B084,P,2016-09-26 14:53:35.810000
Salton Sea 2016,PB.B084,P,2016-09-26 14:58:37.270000
Salton Sea 2016,PB.B084,P,2016-09-26 14:59:56.110000
Salton Sea 2016,PB.B084,P,2016-09-26 15:03:32.560000
Salton Sea 2016,PB.B084,P,2016-09-26 15:05:11.590000
Salton Sea 2016,PB.B084,P,2016-09-26 15:06:49.480000
Salton Sea 2016,PB.B084,P,2016-09-26 15:08:19.240000
Salton Sea 2016,PB.B084,P,2016-09-26 15:20:40.990000
Salton Sea 2016,PB.B084,P,2016-09-26 15:26:50.340000
Salton Sea 2016,PB.B084,P,2016-09-26 15:28:35.900000
Salton Sea 2016,PB.B084,P,2016-09-26 15:30:28.050000
Salton Sea 2016,PB.B084,P,2016-09-26 15:35:10.950000
Salton Sea 2016,PB.B084,P,2016-09-26 15:42:28.230000
Salton Sea 2016,PB.B084,P,2016-09-26 15:42:54.990000
Salton Sea 2016,PB.B084,P,2016-09-26 15:44:47.370000
Salton Sea 2016,PB.B084,P,2016-09-26 15:47:41.800000
Salton Sea 2016,PB.B084,P,2016-09-26 15:48:52.160000
Salton Sea 2016,PB.B084,P,2016-09-26 15:54:39.240000
Salton Sea 2016,PB.B084,P,2016-09-26 15:57:50.970000
Salton Sea 2016,PB.B084,P,2016-09-26 16:06:19.250000
Salton Sea 2016,PB.B084,P,2016-09-26 16:13:08.330000
Salton Sea 2016,PB.B084,P,2016-09-26 16:14:31.990000
Salton Sea 2016,PB.B084,P,2016-09-26 16:22:10.440000
Salton Sea 2016,PB.B084,P,2016-09-26 16:22:47.460000
Salton Sea 2016,PB.B084,P,2016-09-26 16:30:06.550000
Salton Sea 2016,PB.B084,P,2016-09-26 16:30:31.780000
Salton Sea 2016,PB.B084,P,2016-09-26 16:34:21.050000
Salton Sea 2016,PB.B084,P,2016-09-26 16:34:57.010000
Salton Sea 2016,PB.B084,P,2016-09-26 16:36:45.100000
Salton Sea 2016,PB.B084,P,2016-09-26 16:39:17.160000
Salton Sea 2016,PB.B084,P,2016-09-26 16:39:44.050000
Salton Sea 2016,PB.B084,P,2016-09-26 16:42:22.040000
Salton Sea 2016,PB.B084,P,2016-09-26 16:46:17.160000
Salton Sea 2016,PB.B084,P,2016-09-26 16:48:20.110000
Salton Sea 2016,PB.B084,P,2016-09-26 16:57:59.330000
Salton Sea 2016,PB.B084,S,2016-09-26 14:08:06.560000
Salton Sea 2016,PB.B084,S,2016-09-26 14:31:30.690000
Salton Sea 2016,PB.B084,S,2016-09-26 14:34:07.430000
Salton Sea 2016,PB.B084,S,2016-09-26 14:35:24.750000
Salton Sea 2016,PB.B084,S,2016-09-26 14:36:08.410000
Salton Sea 2016,PB.B084,S,2016-09-26 14:40:27.970000
Salton Sea 2016,PB.B084,S,2016-09-26 14:40:54.560000
Salton Sea 2016,PB.B084,S,2016-09-26 14:41:51.520000
Salton Sea 2016,PB.B084,S,2016-09-26 14:45:02.060000
Salton Sea 2016,PB.B084,S,2016-09-26 14:45:52.590000
Salton Sea 2016,PB.B084,S,2016-09-26 14:46:40.960000
Salton Sea 2016,PB.B084,S,2016-09-26 14:46:58.000000
Salton Sea 2016,PB.B084,S,2016-09-26 14:53:45.060000
Salton Sea 2016,PB.B084,S,2016-09-26 14:58:46.990000
Salton Sea 2016,PB.B084,S,2016-09-26 15:00:05.680000
Salton Sea 2016,PB.B084,S,2016-09-26 15:02:18.520000
Salton Sea 2016,PB.B084,S,2016-09-26 15:02:33.380000
Salton Sea 2016,PB.B084,S,2016-09-26 15:03:51.830000
Salton Sea 2016,PB.B084,S,2016-09-26 15:05:21.520000
Salton Sea 2016,PB.B084,S,2016-09-26 15:06:59.130000
Salton Sea 2016,PB.B084,S,2016-09-26 15:08:28.910000
Salton Sea 2016,PB.B084,S,2016-09-26 15:20:50.430000
Salton Sea 2016,PB.B084,S,2016-09-26 15:21:08.410000
Salton Sea 2016,PB.B084,S,2016-09-26 15:26:59.640000
Salton Sea 2016,PB.B084,S,2016-09-26 15:28:45.150000
Salton Sea 2016,PB.B084,S,2016-09-26 15:30:37.650000
Salton Sea 2016,PB.B084,S,2016-09-26 15:42:37.620000
Salton Sea 2016,PB.B084,S,2016-09-26 15:43:04.310000
Salton Sea 2016,PB.B084,S,2016-09-26 15:44:56.630000
Salton Sea 2016,PB.B084,S,2016-09-26 15:47:51.230000
Salton Sea 2016,PB.B084,S,2016-09-26 15:54:48.740000
Salton Sea 2016,PB.B084,S,2016-09-26 15:58:00.510000
Salton Sea 2016,PB.B084,S,2016-09-26 16:13:17.650000
Salton Sea 2016,PB.B084,S,2016-09-26 16:14:41.660000
Salton Sea 2016,PB.B084,S,2016-09-26 16:22:20.720000
Salton Sea 2016,PB.B084,S,2016-09-26 16:22:57.100000
Salton Sea 2016,PB.B084,S,2016-09-26 16:30:41.180000
Salton Sea 2016,PB.B084,S,2016-09-26 16:34:30.440000
Salton Sea 2016,PB.B084,S,2016-09-26 16:35:06.520000
Salton Sea 2016,PB.B084,S,2016-09-26 16:36:54.750000
Salton Sea 2016,PB.B084,S,2016-09-26 16:37:14.270000
Salton Sea 2016,PB.B084,S,2016-09-26 16:39:26.480000
Salton Sea 2016,PB.B084,S,2016-09-26 16:39:53.720000
Salton Sea 2016,PB.B084,S,2016-09-26 16:42:31.700000
Salton Sea 2016,PB.B084,S,2016-09-26 16:46:26.470000
Salton Sea 2016,PB.B084,S,2016-09-26 16:48:29.560000
Salton Sea 2016,PB.B084,S,2016-09-26 16:53:26.780000
West Bohemia 2018,CZ.HSKC,P,2018-05-10 09:15:26.000000
West Bohemia 2018,CZ.HSKC,P,2018-05-10 10:22:45.600000
West Bohemia 2018,CZ.HSKC,S,2018-05-10 09:02:48.000000
West Bohemia 2018,CZ.HSKC,S,2018-05-10 09:15:35.200000
West Bohemia 2018,CZ.HSKC,S,2018-05-10 09:38:14.800000
West Bohemia 2018,CZ.HSKC,S,2018-05-10 09:41:29.100000
West Bohemia 2018,CZ.HSKC,S,2018-05-10 09:46:57.200000
West Bohemia 2018,CZ.HSKC,S,2018-05-10 09:48:14.700000
West Bohemia 2018,CZ.HSKC,S,2018-05-10 09:49:08.000000
West Bohemia 2018,CZ.HSKC,S,2018-05-10 09:49:12.300000
West Bohemia 2018,CZ.HSKC,S,2018-05-10 10:02:29.600000
West Bohemia 2018,CZ.HSKC,S,2018-05-10 10:03:20.400000
West Bohemia 2018,CZ.HSKC,S,2018-05-10 10:05:22.700000
West Bohemia 2018,CZ.HSKC,S,2018-05-10 10:22:55.000000
West Bohemia 2018,CZ.HSKC,S,2018-05-10 10:23:37.200000
West Bohemia 2018,CZ.HSKC,S,2018-05-10 10:34:29.600000
West Bohemia 2018,CZ.HSKC,S,2018-05-10 11:09:22.800000
West Bohemia 2018,CZ.HSKC,S,2018-05-10 11:17:27.300000
West Bohemia 2018,CZ.HSKC,S,2018-05-10 11:49:03.300000
West Bohemia 2018,SX.TANN,P,2018-05-11 09:06:31.220000
West Bohemia 2018,SX.TANN,P,2018-05-11 09:06:49.640000
West Bohemia 2018,SX.TANN,P,2018-05-11 09:36:37.800000
West Bohemia 2018,SX.TANN,P,2018-05-11 09:40:12.250000
West Bohemia 2018,SX.TANN,P,2018-05-11 09:41:55.700000
West Bohemia 2018,SX.TANN,P,2018-05-11 09:46:07.140000
West Bohemia 2018,SX.TANN,P,2018-05-11 09:46:07.390000
West Bohemia 2018,SX.TANN,P,2018-05-11 09:48:56.870000
West Bohemia 2018,SX.TANN,P,2018-05-11 09:51:01.950000
West Bohemia 2018,SX.TANN,P,2018-05-11 09:51:02.420000
West Bohemia 2018,SX.TANN,P,2018-05-11 09:52:24.680000
West Bohemia 2018,SX.TANN,P,2018-05-11 09:52:32.750000
West Bohemia 2018,SX.TANN,P,2018-05-11 09:52:57.240000
West Bohemia 2018,SX.TANN,P,2018-05-11 09:55:21.400000
West Bohemia 2018,SX.TANN,P,2018-05-11 10:01:15.270000
West Bohemia 2018,SX.TANN,P,2018-05-11 10:06:00.600000
West Bohemia 2018,SX.TANN,P,2018-05-11 10:18:11.820000
West Bohemia 2018,SX.TANN,P,2018-05-11 10:18:12.300000
West Bohemia 2018,SX.TANN,P,2018-05-11 10:18:15.170000
West Bohemia 2018,SX.TANN,P,2018-05-11 10:19:54.390000
West Bohemia 2018,SX.TANN,P,2018-05-11 10:21:33.420000
West Bohemia 2018,SX.TANN,P,2018-05-11 10:30:19.930000
West Bohemia 2018,SX.TANN,P,2018-05-11 10:30:20.560000
West Bohemia 2018,SX.TANN,P,2018-05-11 10:33:09.710000
West Bohemia 2018,SX.TANN,P,2018-05-11 10:45:43.370000
West Bohemia 2018,SX.TANN,P,2018-05-11 11:38:28.090000
West Bohemia 2018,SX.TANN,P,2018-05-11 11:38:28.250000
West Bohemia 2018,SX.TANN,P,2018-05-11 11:39:01.590000
West Bohemia 2018,SX.TANN,S,2018-05-11 09:06:33.300000
West Bohemia 2018,SX.TANN,S,2018-05-11 09:06:51.790000
West Bohemia 2018,SX.TANN,S,2018-05-11 09:36:39.940000
West Bohemia 2018,SX.TANN,S,2018-05-11 09:40:14.420000
West Bohemia 2018,SX.TANN,S,2018-05-11 09:41:57.830000
West Bohemia 2018,SX.TANN,S,2018-05-11 09:46:09.500000
West Bohemia 2018,SX.TANN,S,2018-05-11 09:48:59.010000
West Bohemia 2018,SX.TANN,S,2018-05-11 09:51:04.580000
West Bohemia 2018,SX.TANN,S,2018-05-11 09:52:26.860000
West Bohemia 2018,SX.TANN,S,2018-05-11 09:52:34.910000
West Bohemia 2018,SX.TANN,S,2018-05-11 09:52:59.370000
West Bohemia 2018,SX.TANN,S,2018-05-11 09:55:23.590000
West Bohemia 2018,SX.TANN,S,2018-05-11 10:01:17.420000
West Bohemia 2018,SX.TANN,S,2018-05-11 10:06:02.790000
West Bohemia 2018,SX.TANN,S,2018-05-11 10:18:14.420000
West Bohemia 2018,SX.TANN,S,2018-05-11 10:18:17.320000
West Bohemia 2018,SX.TANN,S,2018-05-11 10:19:56.540000
West Bohemia 2018,SX.TANN,S,2018-05-11 10:21:35.550000
West Bohemia 2018,SX.TANN,S,2018-05-11 10:30:22.650000
West Bohemia 2018,SX.TANN,S,2018-05-11 10:33:11.880000
West Bohemia 2018,SX.TANN,S,2018-05-11 10:45:45.580000
West Bohemia 2018,SX.TANN,S,2018-05-11 11:38:30.380000
West Bohemia 2018,SX.TANN,S,2018-05-11 11:39:03.770000
West Bohemia 2018,WB.KOC,P,2018-05-10 09:02:28.190000
West Bohemia 2018,WB.KOC,P,2018-05-10 09:02:32.190000
West Bohemia 2018,WB.KOC,P,2018-05-10 09:02:53.390000
West Bohemia 2018,WB.KOC,P,2018-05-10 09:03:33.650000
West Bohemia 2018,WB.KOC,P,2018-05-10 09:03:38.600000
West Bohemia 2018,WB.KOC,P,2018-05-10 09:03:52.040000
West Bohemia 2018,WB.KOC,P,2018-05-10 09:04:32.090000
West Bohemia 2018,WB.KOC,P,2018-05-10 09:04:32.280000
West Bohemia 2018,WB.KOC,P,2018-05-10 09:04:57.460000
West Bohemia 2018,WB.KOC,P,2018-05-10 09:08:35.620000
West Bohemia 2018,WB.KOC,P,2018-05-10 09:08:45.040000
West Bohemia 2018,WB.KOC,P,2018-05-10 09:09:03.170000
West Bohemia 2018,WB.KOC,P,2018-05-10 09:09:45.810000
West Bohemia 2018,WB.KOC,P,2018-05-10 09:10:04.100000
West Bohemia 2018,WB.KOC,P,2018-05-10 09:11:09.710000
West Bohemia 2018,WB.KOC,P,2018-05-10 09:12:03.810000
West Bohemia 2018,WB.KOC,P,2018-05-10 09:12:41.510000
West Bohemia 2018,WB.KOC,P,2018-05-10 09:13:05.710000
West Bohemia 2018,WB.KOC,P,2018-05-10 09:13:27.770000
West Bohemia 2018,WB.KOC,P,2018-05-10 09:14:25.180000
West Bohemia 2018,WB.KOC,P,2018-05-10 09:15:15.460000
West Bohemia 2018,WB.KOC,P,2018-05-10 09:26:54.870000
West Bohemia 2018,WB.KOC,P,2018-05-10 09:26:55.760000
West Bohemia 2018,WB.KOC,P,2018-05-10 09:32:17.560000
West Bohemia 2018,WB.KOC,P,2018-05-10 09:34:27.830000
West Bohemia 2018,WB.KOC,P,2018-05-10 09:34:27.920000
West Bohemia 2018,WB.KOC,P,2018-05-10 09:34:53.440000
West Bohemia 2018,WB.KOC,P,2018-05-10 09:35:09.510000
West Bohemia 2018,WB.KOC,P,2018-05-10 09:35:09.710000
West Bohemia 2018,WB.KOC,P,2018-05-10 09:35:20.590000
West Bohemia 2018,WB.KOC,P,2018-05-10 09:35:21.000000
West Bohemia 2018,WB.KOC,P,2018-05-10 09:35:28.370000
West Bohemia 2018,WB.KOC,P,2018-05-10 09:35:28.950000
West Bohemia 2018,WB.KOC,P,2018-05-10 09:35:39.320000
West Bohemia 2018,WB.KOC,P,2018-05-10 09:35:43.050000
West Bohemia 2018,WB.KOC,P,2018-05-10 09:36:30.040000
West Bohemia 2018,WB.KOC,P,2018-05-10 09:36:48.140000
West Bohemia 2018,WB.KOC,P,2018-05-10 09:36:54.340000
West Bohemia 2018,WB.KOC,P,2018-05-10 09:37:06.250000
West Bohemia 2018,WB.KOC,P,2018-05-10 09:37:13.280000
West Bohemia 2018,WB.KOC,P,2018-05-10 09:37:38.370000
West Bohemia 2018,WB.KOC,P,2018-05-10 09:37:39.120000
West Bohemia 2018,WB.KOC,P,2018-05-10 09:37:54.980000
West Bohemia 2018,WB.KOC,P,2018-05-10 09:39:33.840000
West Bohemia 2018,WB.KOC,P,2018-05-10 09:39:55.370000
West Bohemia 2018,WB.KOC,P,2018-05-10 09:40:08.200000
West Bohemia 2018,WB.KOC,P,2018-05-10 09:40:10.650000
West Bohemia 2018,WB.KOC,P,2018-05-10 09:41:09.160000
West Bohemia 2018,WB.KOC,P,2018-05-10 09:42:54.360000
West Bohemia 2018,WB.KOC,P,2018-05-10 09:46:01.880000
West Bohemia 2018,WB.KOC,P,2018-05-10 09:46:25.650000
West Bohemia 2018,WB.KOC,P,2018-05-10 09:46:37.330000
West Bohemia 2018,WB.KOC,P,2018-05-10 09:46:59.840000
West Bohemia 2018,WB.KOC,P,2018-05-10 09:47:09.870000
West Bohemia 2018,WB.KOC,P,2018-05-10 09:47:27.160000
West Bohemia 2018,WB.KOC,P,2018-05-10 09:47:30.850000
West Bohemia 2018,WB.KOC,P,2018-05-10 09:47:34.140000
West Bohemia 2018,WB.KOC,P,2018-05-10 09:47:38.600000
West Bohemia 2018,WB.KOC,P,2018-05-10 09:47:54.880000
West Bohemia 2018,WB.KOC,P,2018-05-10 09:48:10.270000
West Bohemia 2018,WB.KOC,P,2018-05-10 09:48:14.670000
West Bohemia 2018,WB.KOC,P,2018-05-10 09:48:21.210000
West Bohemia 2018,WB.KOC,P,2018-05-10 09:48:32.900000
West Bohemia 2018,WB.KOC,P,2018-05-10 09:48:48.160000
West Bohemia 2018,WB.KOC,P,2018-05-10 09:48:52.480000
West Bohemia 2018,WB.KOC,P,2018-05-10 09:49:26.440000
West Bohemia 2018,WB.KOC,P,2018-05-10 09:49:32.260000
West Bohemia 2018,WB.KOC,P,2018-05-10 09:49:34.830000
West Bohemia 2018,WB.KOC,P,2018-05-10 09:49:50.980000
West Bohemia 2018,WB.KOC,P,2018-05-10 09:50:27.110000
West Bohemia 2018,WB.KOC,P,2018-05-10 09:50:43.700000
West Bohemia 2018,WB.KOC,P,2018-05-10 09:51:26.450000
West Bohemia 2018,WB.KOC,P,2018-05-10 09:51:33.430000
West Bohemia 2018,WB.KOC,P,2018-05-10 09:51:45.910000
West Bohemia 2018,WB.KOC,P,2018-05-10 09:51:56.260000
West Bohemia 2018,WB.KOC,P,2018-05-10 09:51:58.130000
West Bohemia 2018,WB.KOC,P,2018-05-10 09:52:04.080000
West Bohemia 2018,WB.KOC,P,2018-05-10 09:53:25.790000
West Bohemia 2018,WB.KOC,P,2018-05-10 09:53:50.110000
West Bohemia 2018,WB.KOC,P,2018-05-10 09:54:09.830000
West Bohemia 2018,WB.KOC,P,2018-05-10 09:54:16.230000
West Bohemia 2018,WB.KOC,P,2018-05-10 09:54:54.480000
West Bohemia 2018,WB.KOC,P,2018-05-10 09:54:55.480000
West Bohemia 2018,WB.KOC,P,2018-05-10 09:55:08.840000
West Bohemia 2018,WB.KOC,P,2018-05-10 09:55:19.660000
West Bohemia 2018,WB.KOC,P,2018-05-10 09:55:47.420000
West Bohemia 2018,WB.KOC,P,2018-05-10 09:57:24.100000
West Bohemia 2018,WB.KOC,P,2018-05-10 09:57:47.790000
West Bohemia 2018,WB.KOC,P,2018-05-10 09:57:56.710000
West Bohemia 2018,WB.KOC,P,2018-05-10 09:58:02.010000
West Bohemia 2018,WB.KOC,P,2018-05-10 09:58:33.090000
West Bohemia 2018,WB.KOC,P,2018-05-10 10:01:12.860000
West Bohemia 2018,WB.KOC,P,2018-05-10 10:01:45.290000
West Bohemia 2018,WB.KOC,P,2018-05-10 10:01:51.080000
West Bohemia 2018,WB.KOC,P,2018-05-10 10:02:09.780000
West Bohemia 2018,WB.KOC,P,2018-05-10 10:02:43.780000
West Bohemia 2018,WB.KOC,P,2018-05-10 10:02:50.010000
West Bohemia 2018,WB.KOC,P,2018-05-10 10:03:00.730000
West Bohemia 2018,WB.KOC,P,2018-05-10 10:04:33.300000
West Bohemia 2018,WB.KOC,P,2018-05-10 10:04:40.140000
West Bohemia 2018,WB.KOC,P,2018-05-10 10:04:50.200000
West Bohemia 2018,WB.KOC,P,2018-05-10 10:04:54.120000
West Bohemia 2018,WB.KOC,P,2018-05-10 10:05:00.750000
West Bohemia 2018,WB.KOC,P,2018-05-10 10:05:02.900000
West Bohemia 2018,WB.KOC,P,2018-05-10 10:05:05.650000
West Bohemia 2018,WB.KOC,P,2018-05-10 10:05:12.200000
West Bohemia 2018,WB.KOC,P,2018-05-10 10:05:22.780000
West Bohemia 2018,WB.KOC,P,2018-05-10 10:05:24.440000
West Bohemia 2018,WB.KOC,P,2018-05-10 10:05:45.300000
West Bohemia 2018,WB.KOC,P,2018-05-10 10:05:57.460000
West Bohemia 2018,WB.KOC,P,2018-05-10 10:06:00.880000
West Bohemia 2018,WB.KOC,P,2018-05-10 10:06:03.170000
West Bohemia 2018,WB.KOC,P,2018-05-10 10:06:10.690000
West Bohemia 2018,WB.KOC,P,2018-05-10 10:06:30.440000
West Bohemia 2018,WB.KOC,P,2018-05-10 10:06:38.940000
West Bohemia 2018,WB.KOC,P,2018-05-10 10:06:47.360000
West Bohemia 2018,WB.KOC,P,2018-05-10 10:07:00.600000
West Bohemia 2018,WB.KOC,P,2018-05-10 10:07:01.340000
West Bohemia 2018,WB.KOC,P,2018-05-10 10:07:18.810000
West Bohemia 2018,WB.KOC,P,2018-05-10 10:07:24.210000
West Bohemia 2018,WB.KOC,P,2018-05-10 10:07:46.000000
West Bohemia 2018,WB.KOC,P,2018-05-10 10:08:09.310000
West Bohemia 2018,WB.KOC,P,2018-05-10 10:08:10.640000
West Bohemia 2018,WB.KOC,P,2018-05-10 10:09:21.100000
West Bohemia 2018,WB.KOC,P,2018-05-10 10:09:46.960000
West Bohemia 2018,WB.KOC,P,2018-05-10 10:10:16.180000
West Bohemia 2018,WB.KOC,P,2018-05-10 10:22:20.560000
West Bohemia 2018,WB.KOC,P,2018-05-10 10:22:20.620000
West Bohemia 2018,WB.KOC,P,2018-05-10 10:22:35.160000
West Bohemia 2018,WB.KOC,P,2018-05-10 10:22:38.410000
West Bohemia 2018,WB.KOC,P,2018-05-10 10:23:17.480000
West Bohemia 2018,WB.KOC,P,2018-05-10 10:23:35.120000
West Bohemia 2018,WB.KOC,P,2018-05-10 10:24:05.670000
West Bohemia 2018,WB.KOC,P,2018-05-10 10:24:22.900000
West Bohemia 2018,WB.KOC,P,2018-05-10 10:24:26.300000
West Bohemia 2018,WB.KOC,P,2018-05-10 10:24:27.520000
West Bohemia 2018,WB.KOC,P,2018-05-10 10:25:01.620000
West Bohemia 2018,WB.KOC,P,2018-05-10 10:25:02.140000
West Bohemia 2018,WB.KOC,P,2018-05-10 10:25:56.070000
West Bohemia 2018,WB.KOC,P,2018-05-10 10:26:09.260000
West Bohemia 2018,WB.KOC,P,2018-05-10 10:26:29.460000
West Bohemia 2018,WB.KOC,P,2018-05-10 10:27:37.430000
West Bohemia 2018,WB.KOC,P,2018-05-10 10:28:22.010000
West Bohemia 2018,WB.KOC,P,2018-05-10 10:28:47.350000
West Bohemia 2018,WB.KOC,P,2018-05-10 10:28:59.660000
West Bohemia 2018,WB.KOC,P,2018-05-10 10:29:01.760000
West Bohemia 2018,WB.KOC,P,2018-05-10 10:29:34.100000
West Bohemia 2018,WB.KOC,P,2018-05-10 10:29:40.970000
West Bohemia 2018,WB.KOC,P,2018-05-10 10:34:09.920000
West Bohemia 2018,WB.KOC,P,2018-05-10 10:34:20.010000
West Bohemia 2018,WB.KOC,P,2018-05-10 10:34:54.710000
West Bohemia 2018,WB.KOC,P,2018-05-10 10:35:45.460000
West Bohemia 2018,WB.KOC,P,2018-05-10 10:39:37.560000
West Bohemia 2018,WB.KOC,P,2018-05-10 10:39:40.650000
West Bohemia 2018,WB.KOC,P,2018-05-10 10:39:41.460000
West Bohemia 2018,WB.KOC,P,2018-05-10 10:39:46.320000
West Bohemia 2018,WB.KOC,P,2018-05-10 10:40:06.090000
West Bohemia 2018,WB.KOC,P,2018-05-10 10:41:11.660000
West Bohemia 2018,WB.KOC,P,2018-05-10 10:41:16.020000
West Bohemia 2018,WB.KOC,P,2018-05-10 10:41:24.000000
West Bohemia 2018,WB.KOC,P,2018-05-10 10:42:11.060000
West Bohemia 2018,WB.KOC,P,2018-05-10 10:42:23.490000
West Bohemia 2018,WB.KOC,P,2018-05-10 10:46:39.860000
West Bohemia 2018,WB.KOC,P,2018-05-10 10:46:41.220000
West Bohemia 2018,WB.KOC,P,2018-05-10 10:46:47.530000
West Bohemia 2018,WB.KOC,P,2018-05-10 11:04:37.010000
West Bohemia 2018,WB.KOC,P,2018-05-10 11:06:08.330000
West Bohemia 2018,WB.KOC,P,2018-05-10 11:06:26.770000
West Bohemia 2018,WB.KOC,P,2018-05-10 11:06:26.900000
West Bohemia 2018,WB.KOC,P,2018-05-10 11:09:02.920000
West Bohemia 2018,WB.KOC,P,2018-05-10 11:09:03.240000
West Bohemia 2018,WB.KOC,P,2018-05-10 11:10:00.310000
West Bohemia 2018,WB.KOC,P,2018-05-10 11:17:04.540000
West Bohemia 2018,WB.KOC,P,2018-05-10 11:48:43.340000
West Bohemia 2018,WB.KOC,P,2018-05-11 09:06:16.070000
West Bohemia 2018,WB.KOC,P,2018-05-11 09:06:30.940000
West Bohemia 2018,WB.KOC,P,2018-05-11 09:06:48.540000
West Bohemia 2018,WB.KOC,P,2018-05-11 09:06:49.350000
West Bohemia 2018,WB.KOC,P,2018-05-11 09:32:39.840000
West Bohemia 2018,WB.KOC,P,2018-05-11 09:36:23.030000
West Bohemia 2018,WB.KOC,P,2018-05-11 09:36:24.000000
West Bohemia 2018,WB.KOC,P,2018-05-11 09:36:36.500000
West Bohemia 2018,WB.KOC,P,2018-05-11 09:36:37.590000
West Bohemia 2018,WB.KOC,P,2018-05-11 09:36:56.000000
West Bohemia 2018,WB.KOC,P,2018-05-11 09:37:04.530000
West Bohemia 2018,WB.KOC,P,2018-05-11 09:37:14.400000
West Bohemia 2018,WB.KOC,P,2018-05-11 09:37:35.250000
West Bohemia 2018,WB.KOC,P,2018-05-11 09:37:52.260000
West Bohemia 2018,WB.KOC,P,2018-05-11 09:37:54.070000
West Bohemia 2018,WB.KOC,P,2018-05-11 09:37:54.710000
West Bohemia 2018,WB.KOC,P,2018-05-11 09:38:08.210000
West Bohemia 2018,WB.KOC,P,2018-05-11 09:39:58.340000
West Bohemia 2018,WB.KOC,P,2018-05-11 09:40:12.000000
West Bohemia 2018,WB.KOC,P,2018-05-11 09:40:48.630000
West Bohemia 2018,WB.KOC,P,2018-05-11 09:41:55.450000
West Bohemia 2018,WB.KOC,P,2018-05-11 09:46:07.140000
West Bohemia 2018,WB.KOC,P,2018-05-11 09:48:56.640000
West Bohemia 2018,WB.KOC,P,2018-05-11 09:51:02.190000
West Bohemia 2018,WB.KOC,P,2018-05-11 09:51:08.690000
West Bohemia 2018,WB.KOC,P,2018-05-11 09:52:24.420000
West Bohemia 2018,WB.KOC,P,2018-05-11 09:52:57.020000
West Bohemia 2018,WB.KOC,P,2018-05-11 09:53:06.380000
West Bohemia 2018,WB.KOC,P,2018-05-11 09:53:06.860000
West Bohemia 2018,WB.KOC,P,2018-05-11 09:53:27.740000
West Bohemia 2018,WB.KOC,P,2018-05-11 09:53:33.060000
West Bohemia 2018,WB.KOC,P,2018-05-11 09:53:42.050000
West Bohemia 2018,WB.KOC,P,2018-05-11 09:53:46.310000
West Bohemia 2018,WB.KOC,P,2018-05-11 09:53:54.750000
West Bohemia 2018,WB.KOC,P,2018-05-11 09:54:01.480000
West Bohemia 2018,WB.KOC,P,2018-05-11 09:54:03.810000
West Bohemia 2018,WB.KOC,P,2018-05-11 09:54:05.370000
West Bohemia 2018,WB.KOC,P,2018-05-11 09:54:20.560000
West Bohemia 2018,WB.KOC,P,2018-05-11 09:54:24.460000
West Bohemia 2018,WB.KOC,P,2018-05-11 09:54:41.660000
West Bohemia 2018,WB.KOC,P,2018-05-11 09:55:21.280000
West Bohemia 2018,WB.KOC,P,2018-05-11 09:55:34.530000
West Bohemia 2018,WB.KOC,P,2018-05-11 09:55:36.250000
West Bohemia 2018,WB.KOC,P,2018-05-11 09:55:39.600000
West Bohemia 2018,WB.KOC,P,2018-05-11 09:58:01.400000
West Bohemia 2018,WB.KOC,P,2018-05-11 09:59:24.180000
West Bohemia 2018,WB.KOC,P,2018-05-11 09:59:40.510000
West Bohemia 2018,WB.KOC,P,2018-05-11 10:01:14.990000
West Bohemia 2018,WB.KOC,P,2018-05-11 10:05:59.600000
West Bohemia 2018,WB.KOC,P,2018-05-11 10:06:00.040000
West Bohemia 2018,WB.KOC,P,2018-05-11 10:06:00.340000
West Bohemia 2018,WB.KOC,P,2018-05-11 10:06:55.160000
West Bohemia 2018,WB.KOC,P,2018-05-11 10:06:56.200000
West Bohemia 2018,WB.KOC,P,2018-05-11 10:07:01.940000
West Bohemia 2018,WB.KOC,P,2018-05-11 10:07:03.040000
West Bohemia 2018,WB.KOC,P,2018-05-11 10:08:02.090000
West Bohemia 2018,WB.KOC,P,2018-05-11 10:11:30.760000
West Bohemia 2018,WB.KOC,P,2018-05-11 10:11:47.100000
West Bohemia 2018,WB.KOC,P,2018-05-11 10:12:01.120000
West Bohemia 2018,WB.KOC,P,2018-05-11 10:12:02.860000
West Bohemia 2018,WB.KOC,P,2018-05-11 10:18:12.040000
West Bohemia 2018,WB.KOC,P,2018-05-11 10:18:14.190000
West Bohemia 2018,WB.KOC,P,2018-05-11 10:18:14.930000
West Bohemia 2018,WB.KOC,P,2018-05-11 10:19:54.120000
West Bohemia 2018,WB.KOC,P,2018-05-11 10:21:32.810000
West Bohemia 2018,WB.KOC,P,2018-05-11 10:21:33.210000
West Bohemia 2018,WB.KOC,P,2018-05-11 10:21:46.170000
West Bohemia 2018,WB.KOC,P,2018-05-11 10:25:01.850000
West Bohemia 2018,WB.KOC,P,2018-05-11 10:27:49.260000
West Bohemia 2018,WB.KOC,P,2018-05-11 10:27:50.160000
West Bohemia 2018,WB.KOC,P,2018-05-11 10:28:00.440000
West Bohemia 2018,WB.KOC,P,2018-05-11 10:28:09.080000
West Bohemia 2018,WB.KOC,P,2018-05-11 10:28:21.300000
West Bohemia 2018,WB.KOC,P,2018-05-11 10:28:24.890000
West Bohemia 2018,WB.KOC,P,2018-05-11 10:28:31.220000
West Bohemia 2018,WB.KOC,P,2018-05-11 10:28:32.690000
West Bohemia 2018,WB.KOC,P,2018-05-11 10:28:40.720000
West Bohemia 2018,WB.KOC,P,2018-05-11 10:28:41.340000
West Bohemia 2018,WB.KOC,P,2018-05-11 10:29:01.690000
West Bohemia 2018,WB.KOC,P,2018-05-11 10:30:20.350000
West Bohemia 2018,WB.KOC,P,2018-05-11 10:31:20.900000
West Bohemia 2018,WB.KOC,P,2018-05-11 10:31:26.450000
West Bohemia 2018,WB.KOC,P,2018-05-11 10:31:37.500000
West Bohemia 2018,WB.KOC,P,2018-05-11 10:31:43.230000
West Bohemia 2018,WB.KOC,P,2018-05-11 10:31:44.060000
West Bohemia 2018,WB.KOC,P,2018-05-11 10:32:21.850000
West Bohemia 2018,WB.KOC,P,2018-05-11 10:33:06.800000
West Bohemia 2018,WB.KOC,P,2018-05-11 10:33:09.460000
West Bohemia 2018,WB.KOC,P,2018-05-11 10:33:38.560000
West Bohemia 2018,WB.KOC,P,2018-05-11 10:45:26.740000
West Bohemia 2018,WB.KOC,P,2018-05-11 10:45:38.720000
West Bohemia 2018,WB.KOC,P,2018-05-11 10:45:43.120000
West Bohemia 2018,WB.KOC,P,2018-05-11 11:02:41.760000
West Bohemia 2018,WB.KOC,P,2018-05-11 11:03:15.100000
West Bohemia 2018,WB.KOC,P,2018-05-11 11:03:15.580000
West Bohemia 2018,WB.KOC,P,2018-05-11 11:04:08.840000
West Bohemia 2018,WB.KOC,P,2018-05-11 11:04:50.430000
West Bohemia 2018,WB.KOC,P,2018-05-11 11:09:01.550000
West Bohemia 2018,WB.KOC,P,2018-05-11 11:11:21.310000
West Bohemia 2018,WB.KOC,P,2018-05-11 11:13:12.220000
West Bohemia 2018,WB.KOC,P,2018-05-11 11:25:06.720000
West Bohemia 2018,WB.KOC,P,2018-05-11 11:25:09.160000
West Bohemia 2018,WB.KOC,P,2018-05-11 11:30:32.390000
West Bohemia 2018,WB.KOC,P,2018-05-11 11:31:06.230000
West Bohemia 2018,WB.KOC,P,2018-05-11 11:31:23.040000
West Bohemia 2018,WB.KOC,P,2018-05-11 11:31:23.130000
West Bohemia 2018,WB.KOC,P,2018-05-11 11:31:23.620000
West Bohemia 2018,WB.KOC,P,2018-05-11 11:31:29.900000
West Bohemia 2018,WB.KOC,P,2018-05-11 11:31:30.240000
West Bohemia 2018,WB.KOC,P,2018-05-11 11:31:33.670000
West Bohemia 2018,WB.KOC,P,2018-05-11 11:34:38.800000
West Bohemia 2018,WB.KOC,P,2018-05-11 11:34:47.100000
West Bohemia 2018,WB.KOC,P,2018-05-11 11:35:10.300000
West Bohemia 2018,WB.KOC,P,2018-05-11 11:35:13.690000
West Bohemia 2018,WB.KOC,P,2018-05-11 11:35:16.900000
West Bohemia 2018,WB.KOC,P,2018-05-11 11:35:31.220000
West Bohemia 2018,WB.KOC,P,2018-05-11 11:35:41.020000
West Bohemia 2018,WB.KOC,P,2018-05-11 11:35:42.320000
West Bohemia 2018,WB.KOC,P,2018-05-11 11:35:48.430000
West Bohemia 2018,WB.KOC,P,2018-05-11 11:35:51.410000
West Bohemia 2018,WB.KOC,P,2018-05-11 11:38:28.050000
West Bohemia 2018,WB.KOC,P,2018-05-11 11:39:01.340000
West Bohemia 2018,WB.KOC,P,2018-05-11 11:39:01.460000
West Bohemia 2018,WB.KOC,P,2018-05-11 11:39:02.580000
West Bohemia 2018,WB.KOC,P,2018-05-11 11:39:03.180000
West Bohemia 2018,WB.KOC,P,2018-05-11 11:39:22.350000
West Bohemia 2018,WB.KOC,P,2018-05-11 11:39:41.790000
West Bohemia 2018,WB.KOC,P,2018-05-11 11:39:48.030000
West Bohemia 2018,WB.KOC,P,2018-05-11 11:39:52.640000
West Bohemia 2018,WB.KOC,P,2018-05-11 11:39:53.470000
West Bohemia 2018,WB.KOC,P,2018-05-11 11:39:56.220000
West Bohemia 2018,WB.KOC,P,2018-05-11 11:40:09.050000
West Bohemia 2018,WB.KOC,P,2018-05-11 11:42:13.330000
West Bohemia 2018,WB.KOC,P,2018-05-11 11:42:15.650000
West Bohemia 2018,WB.KOC,P,2018-05-11 11:42:19.090000
West Bohemia 2018,WB.KOC,S,2018-05-10 09:02:30.280000
West Bohemia 2018,WB.KOC,S,2018-05-10 09:02:34.270000
West Bohemia 2018,WB.KOC,S,2018-05-10 09:02:55.470000
West Bohemia 2018,WB.KOC,S,2018-05-10 09:03:35.730000
West Bohemia 2018,WB.KOC,S,2018-05-10 09:03:40.690000
West Bohemia 2018,WB.KOC,S,2018-05-10 09:03:54.120000
West Bohemia 2018,WB.KOC,S,2018-05-10 09:04:34.180000
West Bohemia 2018,WB.KOC,S,2018-05-10 09:04:34.370000
West Bohemia 2018,WB.KOC,S,2018-05-10 09:04:59.530000
West Bohemia 2018,WB.KOC,S,2018-05-10 09:08:37.710000
West Bohemia 2018,WB.KOC,S,2018-05-10 09:08:47.130000
West Bohemia 2018,WB.KOC,S,2018-05-10 09:09:05.250000
West Bohemia 2018,WB.KOC,S,2018-05-10 09:09:47.880000
West Bohemia 2018,WB.KOC,S,2018-05-10 09:10:06.190000
West Bohemia 2018,WB.KOC,S,2018-05-10 09:11:11.800000
West Bohemia 2018,WB.KOC,S,2018-05-10 09:12:05.900000
West Bohemia 2018,WB.KOC,S,2018-05-10 09:12:43.590000
West Bohemia 2018,WB.KOC,S,2018-05-10 09:13:07.790000
West Bohemia 2018,WB.KOC,S,2018-05-10 09:13:29.850000
West Bohemia 2018,WB.KOC,S,2018-05-10 09:14:27.280000
West Bohemia 2018,WB.KOC,S,2018-05-10 09:15:17.530000
West Bohemia 2018,WB.KOC,S,2018-05-10 09:26:56.960000
West Bohemia 2018,WB.KOC,S,2018-05-10 09:26:57.850000
West Bohemia 2018,WB.KOC,S,2018-05-10 09:32:19.660000
West Bohemia 2018,WB.KOC,S,2018-05-10 09:34:29.920000
West Bohemia 2018,WB.KOC,S,2018-05-10 09:34:30.030000
West Bohemia 2018,WB.KOC,S,2018-05-10 09:34:55.550000
West Bohemia 2018,WB.KOC,S,2018-05-10 09:35:11.680000
West Bohemia 2018,WB.KOC,S,2018-05-10 09:35:11.800000
West Bohemia 2018,WB.KOC,S,2018-05-10 09:35:22.700000
West Bohemia 2018,WB.KOC,S,2018-05-10 09:35:23.090000
West Bohemia 2018,WB.KOC,S,2018-05-10 09:35:30.460000
West Bohemia 2018,WB.KOC,S,2018-05-10 09:35:31.050000
West Bohemia 2018,WB.KOC,S,2018-05-10 09:35:41.400000
West Bohemia 2018,WB.KOC,S,2018-05-10 09:35:45.140000
West Bohemia 2018,WB.KOC,S,2018-05-10 09:36:32.130000
West Bohemia 2018,WB.KOC,S,2018-05-10 09:36:50.230000
West Bohemia 2018,WB.KOC,S,2018-05-10 09:36:56.430000
West Bohemia 2018,WB.KOC,S,2018-05-10 09:37:08.340000
West Bohemia 2018,WB.KOC,S,2018-05-10 09:37:15.380000
West Bohemia 2018,WB.KOC,S,2018-05-10 09:37:40.470000
West Bohemia 2018,WB.KOC,S,2018-05-10 09:37:41.200000
West Bohemia 2018,WB.KOC,S,2018-05-10 09:37:57.070000
West Bohemia 2018,WB.KOC,S,2018-05-10 09:39:35.920000
West Bohemia 2018,WB.KOC,S,2018-05-10 09:39:57.470000
West Bohemia 2018,WB.KOC,S,2018-05-10 09:40:10.310000
West Bohemia 2018,WB.KOC,S,2018-05-10 09:40:12.740000
West Bohemia 2018,WB.KOC,S,2018-05-10 09:41:11.230000
West Bohemia 2018,WB.KOC,S,2018-05-10 09:42:56.450000
West Bohemia 2018,WB.KOC,S,2018-05-10 09:46:03.980000
West Bohemia 2018,WB.KOC,S,2018-05-10 09:46:27.760000
West Bohemia 2018,WB.KOC,S,2018-05-10 09:46:39.420000
West Bohemia 2018,WB.KOC,S,2018-05-10 09:47:01.940000
West Bohemia 2018,WB.KOC,S,2018-05-10 09:47:11.940000
West Bohemia 2018,WB.KOC,S,2018-05-10 09:47:29.250000
West Bohemia 2018,WB.KOC,S,2018-05-10 09:47:32.920000
West Bohemia 2018,WB.KOC,S,2018-05-10 09:47:36.230000
West Bohemia 2018,WB.KOC,S,2018-05-10 09:47:40.690000
West Bohemia 2018,WB.KOC,S,2018-05-10 09:47:56.970000
West Bohemia 2018,WB.KOC,S,2018-05-10 09:48:12.350000
West Bohemia 2018,WB.KOC,S,2018-05-10 09:48:16.750000
West Bohemia 2018,WB.KOC,S,2018-05-10 09:48:23.300000
West Bohemia 2018,WB.KOC,S,2018-05-10 09:48:35.000000
West Bohemia 2018,WB.KOC,S,2018-05-10 09:48:50.260000
West Bohemia 2018,WB.KOC,S,2018-05-10 09:48:54.580000
West Bohemia 2018,WB.KOC,S,2018-05-10 09:49:28.540000
West Bohemia 2018,WB.KOC,S,2018-05-10 09:49:34.370000
West Bohemia 2018,WB.KOC,S,2018-05-10 09:49:36.920000
West Bohemia 2018,WB.KOC,S,2018-05-10 09:49:53.080000
West Bohemia 2018,WB.KOC,S,2018-05-10 09:50:29.210000
West Bohemia 2018,WB.KOC,S,2018-05-10 09:50:45.780000
West Bohemia 2018,WB.KOC,S,2018-05-10 09:50:59.500000
West Bohemia 2018,WB.KOC,S,2018-05-10 09:51:11.750000
West Bohemia 2018,WB.KOC,S,2018-05-10 09:51:19.020000
West Bohemia 2018,WB.KOC,S,2018-05-10 09:51:28.550000
West Bohemia 2018,WB.KOC,S,2018-05-10 09:51:35.490000
West Bohemia 2018,WB.KOC,S,2018-05-10 09:51:47.990000
West Bohemia 2018,WB.KOC,S,2018-05-10 09:51:58.350000
West Bohemia 2018,WB.KOC,S,2018-05-10 09:52:00.200000
West Bohemia 2018,WB.KOC,S,2018-05-10 09:52:06.170000
West Bohemia 2018,WB.KOC,S,2018-05-10 09:53:27.880000
West Bohemia 2018,WB.KOC,S,2018-05-10 09:53:52.200000
West Bohemia 2018,WB.KOC,S,2018-05-10 09:54:11.900000
West Bohemia 2018,WB.KOC,S,2018-05-10 09:54:18.340000
West Bohemia 2018,WB.KOC,S,2018-05-10 09:54:56.660000
West Bohemia 2018,WB.KOC,S,2018-05-10 09:54:57.580000
West Bohemia 2018,WB.KOC,S,2018-05-10 09:55:10.940000
West Bohemia 2018,WB.KOC,S,2018-05-10 09:55:21.770000
West Bohemia 2018,WB.KOC,S,2018-05-10 09:55:49.520000
West Bohemia 2018,WB.KOC,S,2018-05-10 09:57:26.200000
West Bohemia 2018,WB.KOC,S,2018-05-10 09:57:49.890000
West Bohemia 2018,WB.KOC,S,2018-05-10 09:57:58.890000
West Bohemia 2018,WB.KOC,S,2018-05-10 09:58:04.110000
West Bohemia 2018,WB.KOC,S,2018-05-10 09:58:35.200000
West Bohemia 2018,WB.KOC,S,2018-05-10 09:59:45.320000
West Bohemia 2018,WB.KOC,S,2018-05-10 10:01:14.980000
West Bohemia 2018,WB.KOC,S,2018-05-10 10:01:47.380000
West Bohemia 2018,WB.KOC,S,2018-05-10 10:01:53.180000
West Bohemia 2018,WB.KOC,S,2018-05-10 10:02:11.880000
West Bohemia 2018,WB.KOC,S,2018-05-10 10:02:45.890000
West Bohemia 2018,WB.KOC,S,2018-05-10 10:02:52.100000
West Bohemia 2018,WB.KOC,S,2018-05-10 10:03:02.840000
West Bohemia 2018,WB.KOC,S,2018-05-10 10:04:35.400000
West Bohemia 2018,WB.KOC,S,2018-05-10 10:04:42.250000
West Bohemia 2018,WB.KOC,S,2018-05-10 10:04:52.300000
West Bohemia 2018,WB.KOC,S,2018-05-10 10:04:56.230000
West Bohemia 2018,WB.KOC,S,2018-05-10 10:05:02.850000
West Bohemia 2018,WB.KOC,S,2018-05-10 10:05:04.990000
West Bohemia 2018,WB.KOC,S,2018-05-10 10:05:07.070000
West Bohemia 2018,WB.KOC,S,2018-05-10 10:05:07.760000
West Bohemia 2018,WB.KOC,S,2018-05-10 10:05:14.300000
West Bohemia 2018,WB.KOC,S,2018-05-10 10:05:24.860000
West Bohemia 2018,WB.KOC,S,2018-05-10 10:05:26.540000
West Bohemia 2018,WB.KOC,S,2018-05-10 10:05:47.380000
West Bohemia 2018,WB.KOC,S,2018-05-10 10:05:59.520000
West Bohemia 2018,WB.KOC,S,2018-05-10 10:06:02.970000
West Bohemia 2018,WB.KOC,S,2018-05-10 10:06:05.280000
West Bohemia 2018,WB.KOC,S,2018-05-10 10:06:12.790000
West Bohemia 2018,WB.KOC,S,2018-05-10 10:06:25.070000
West Bohemia 2018,WB.KOC,S,2018-05-10 10:06:32.520000
West Bohemia 2018,WB.KOC,S,2018-05-10 10:06:41.020000
West Bohemia 2018,WB.KOC,S,2018-05-10 10:06:49.470000
West Bohemia 2018,WB.KOC,S,2018-05-10 10:07:02.690000
West Bohemia 2018,WB.KOC,S,2018-05-10 10:07:03.520000
West Bohemia 2018,WB.KOC,S,2018-05-10 10:07:20.900000
West Bohemia 2018,WB.KOC,S,2018-05-10 10:07:26.390000
West Bohemia 2018,WB.KOC,S,2018-05-10 10:07:48.130000
West Bohemia 2018,WB.KOC,S,2018-05-10 10:08:11.400000
West Bohemia 2018,WB.KOC,S,2018-05-10 10:08:12.720000
West Bohemia 2018,WB.KOC,S,2018-05-10 10:09:23.190000
West Bohemia 2018,WB.KOC,S,2018-05-10 10:09:49.060000
West Bohemia 2018,WB.KOC,S,2018-05-10 10:10:18.280000
West Bohemia 2018,WB.KOC,S,2018-05-10 10:22:22.670000
West Bohemia 2018,WB.KOC,S,2018-05-10 10:22:22.730000
West Bohemia 2018,WB.KOC,S,2018-05-10 10:22:37.270000
West Bohemia 2018,WB.KOC,S,2018-05-10 10:22:40.510000
West Bohemia 2018,WB.KOC,S,2018-05-10 10:23:19.590000
West Bohemia 2018,WB.KOC,S,2018-05-10 10:23:37.210000
West Bohemia 2018,WB.KOC,S,2018-05-10 10:24:07.780000
West Bohemia 2018,WB.KOC,S,2018-05-10 10:24:24.980000
West Bohemia 2018,WB.KOC,S,2018-05-10 10:24:28.420000
West Bohemia 2018,WB.KOC,S,2018-05-10 10:24:29.620000
West Bohemia 2018,WB.KOC,S,2018-05-10 10:25:03.720000
West Bohemia 2018,WB.KOC,S,2018-05-10 10:25:04.230000
West Bohemia 2018,WB.KOC,S,2018-05-10 10:25:20.560000
West Bohemia 2018,WB.KOC,S,2018-05-10 10:25:58.160000
West Bohemia 2018,WB.KOC,S,2018-05-10 10:26:01.240000
West Bohemia 2018,WB.KOC,S,2018-05-10 10:26:11.380000
West Bohemia 2018,WB.KOC,S,2018-05-10 10:26:31.570000
West Bohemia 2018,WB.KOC,S,2018-05-10 10:27:39.520000
West Bohemia 2018,WB.KOC,S,2018-05-10 10:28:24.090000
West Bohemia 2018,WB.KOC,S,2018-05-10 10:28:49.440000
West Bohemia 2018,WB.KOC,S,2018-05-10 10:29:01.750000
West Bohemia 2018,WB.KOC,S,2018-05-10 10:29:03.850000
West Bohemia 2018,WB.KOC,S,2018-05-10 10:29:36.200000
West Bohemia 2018,WB.KOC,S,2018-05-10 10:29:43.070000
West Bohemia 2018,WB.KOC,S,2018-05-10 10:34:12.020000
West Bohemia 2018,WB.KOC,S,2018-05-10 10:34:22.100000
West Bohemia 2018,WB.KOC,S,2018-05-10 10:34:56.820000
West Bohemia 2018,WB.KOC,S,2018-05-10 10:35:47.550000
West Bohemia 2018,WB.KOC,S,2018-05-10 10:39:39.660000
West Bohemia 2018,WB.KOC,S,2018-05-10 10:39:42.750000
West Bohemia 2018,WB.KOC,S,2018-05-10 10:39:43.560000
West Bohemia 2018,WB.KOC,S,2018-05-10 10:39:48.400000
West Bohemia 2018,WB.KOC,S,2018-05-10 10:40:08.190000
West Bohemia 2018,WB.KOC,S,2018-05-10 10:41:13.740000
West Bohemia 2018,WB.KOC,S,2018-05-10 10:41:18.080000
West Bohemia 2018,WB.KOC,S,2018-05-10 10:41:19.330000
West Bohemia 2018,WB.KOC,S,2018-05-10 10:41:26.170000
West Bohemia 2018,WB.KOC,S,2018-05-10 10:42:13.220000
West Bohemia 2018,WB.KOC,S,2018-05-10 10:42:25.580000
West Bohemia 2018,WB.KOC,S,2018-05-10 10:46:42.020000
West Bohemia 2018,WB.KOC,S,2018-05-10 10:46:43.400000
West Bohemia 2018,WB.KOC,S,2018-05-10 10:46:49.680000
West Bohemia 2018,WB.KOC,S,2018-05-10 11:04:39.090000
West Bohemia 2018,WB.KOC,S,2018-05-10 11:06:10.440000
West Bohemia 2018,WB.KOC,S,2018-05-10 11:06:28.890000
West Bohemia 2018,WB.KOC,S,2018-05-10 11:06:29.040000
West Bohemia 2018,WB.KOC,S,2018-05-10 11:09:05.020000
West Bohemia 2018,WB.KOC,S,2018-05-10 11:10:02.410000
West Bohemia 2018,WB.KOC,S,2018-05-10 11:17:06.640000
West Bohemia 2018,WB.KOC,S,2018-05-10 11:48:45.430000
West Bohemia 2018,WB.KOC,S,2018-05-11 09:06:18.070000
West Bohemia 2018,WB.KOC,S,2018-05-11 09:06:32.960000
West Bohemia 2018,WB.KOC,S,2018-05-11 09:06:50.550000
West Bohemia 2018,WB.KOC,S,2018-05-11 09:06:51.360000
West Bohemia 2018,WB.KOC,S,2018-05-11 09:32:41.870000
West Bohemia 2018,WB.KOC,S,2018-05-11 09:36:25.040000
West Bohemia 2018,WB.KOC,S,2018-05-11 09:36:26.020000
West Bohemia 2018,WB.KOC,S,2018-05-11 09:36:38.530000
West Bohemia 2018,WB.KOC,S,2018-05-11 09:36:39.610000
West Bohemia 2018,WB.KOC,S,2018-05-11 09:36:58.020000
West Bohemia 2018,WB.KOC,S,2018-05-11 09:37:06.560000
West Bohemia 2018,WB.KOC,S,2018-05-11 09:37:16.430000
West Bohemia 2018,WB.KOC,S,2018-05-11 09:37:37.260000
West Bohemia 2018,WB.KOC,S,2018-05-11 09:37:54.290000
West Bohemia 2018,WB.KOC,S,2018-05-11 09:37:56.110000
West Bohemia 2018,WB.KOC,S,2018-05-11 09:37:56.740000
West Bohemia 2018,WB.KOC,S,2018-05-11 09:38:10.220000
West Bohemia 2018,WB.KOC,S,2018-05-11 09:40:00.370000
West Bohemia 2018,WB.KOC,S,2018-05-11 09:40:14.040000
West Bohemia 2018,WB.KOC,S,2018-05-11 09:40:50.650000
West Bohemia 2018,WB.KOC,S,2018-05-11 09:41:57.470000
West Bohemia 2018,WB.KOC,S,2018-05-11 09:46:09.150000
West Bohemia 2018,WB.KOC,S,2018-05-11 09:48:58.640000
West Bohemia 2018,WB.KOC,S,2018-05-11 09:51:04.220000
West Bohemia 2018,WB.KOC,S,2018-05-11 09:51:10.710000
West Bohemia 2018,WB.KOC,S,2018-05-11 09:52:26.450000
West Bohemia 2018,WB.KOC,S,2018-05-11 09:52:59.040000
West Bohemia 2018,WB.KOC,S,2018-05-11 09:53:08.420000
West Bohemia 2018,WB.KOC,S,2018-05-11 09:53:08.870000
West Bohemia 2018,WB.KOC,S,2018-05-11 09:53:29.750000
West Bohemia 2018,WB.KOC,S,2018-05-11 09:53:35.230000
West Bohemia 2018,WB.KOC,S,2018-05-11 09:53:44.070000
West Bohemia 2018,WB.KOC,S,2018-05-11 09:53:48.340000
West Bohemia 2018,WB.KOC,S,2018-05-11 09:53:56.800000
West Bohemia 2018,WB.KOC,S,2018-05-11 09:54:05.840000
West Bohemia 2018,WB.KOC,S,2018-05-11 09:54:07.410000
West Bohemia 2018,WB.KOC,S,2018-05-11 09:54:22.580000
West Bohemia 2018,WB.KOC,S,2018-05-11 09:54:26.460000
West Bohemia 2018,WB.KOC,S,2018-05-11 09:55:23.320000
West Bohemia 2018,WB.KOC,S,2018-05-11 09:55:36.570000
West Bohemia 2018,WB.KOC,S,2018-05-11 09:55:38.270000
West Bohemia 2018,WB.KOC,S,2018-05-11 09:55:41.620000
West Bohemia 2018,WB.KOC,S,2018-05-11 09:58:03.390000
West Bohemia 2018,WB.KOC,S,2018-05-11 09:59:26.180000
West Bohemia 2018,WB.KOC,S,2018-05-11 09:59:42.520000
West Bohemia 2018,WB.KOC,S,2018-05-11 10:01:17.040000
West Bohemia 2018,WB.KOC,S,2018-05-11 10:06:01.740000
West Bohemia 2018,WB.KOC,S,2018-05-11 10:06:02.050000
West Bohemia 2018,WB.KOC,S,2018-05-11 10:06:02.370000
West Bohemia 2018,WB.KOC,S,2018-05-11 10:06:57.170000
West Bohemia 2018,WB.KOC,S,2018-05-11 10:06:58.190000
West Bohemia 2018,WB.KOC,S,2018-05-11 10:07:03.970000
West Bohemia 2018,WB.KOC,S,2018-05-11 10:07:05.050000
West Bohemia 2018,WB.KOC,S,2018-05-11 10:08:04.120000
West Bohemia 2018,WB.KOC,S,2018-05-11 10:11:32.790000
West Bohemia 2018,WB.KOC,S,2018-05-11 10:11:49.120000
West Bohemia 2018,WB.KOC,S,2018-05-11 10:12:03.150000
West Bohemia 2018,WB.KOC,S,2018-05-11 10:12:04.890000
West Bohemia 2018,WB.KOC,S,2018-05-11 10:12:35.510000
West Bohemia 2018,WB.KOC,S,2018-05-11 10:18:14.070000
West Bohemia 2018,WB.KOC,S,2018-05-11 10:18:16.200000
West Bohemia 2018,WB.KOC,S,2018-05-11 10:18:16.950000
West Bohemia 2018,WB.KOC,S,2018-05-11 10:19:56.120000
West Bohemia 2018,WB.KOC,S,2018-05-11 10:21:34.830000
West Bohemia 2018,WB.KOC,S,2018-05-11 10:21:35.220000
West Bohemia 2018,WB.KOC,S,2018-05-11 10:21:48.190000
West Bohemia 2018,WB.KOC,S,2018-05-11 10:25:03.890000
West Bohemia 2018,WB.KOC,S,2018-05-11 10:27:51.260000
West Bohemia 2018,WB.KOC,S,2018-05-11 10:27:52.160000
West Bohemia 2018,WB.KOC,S,2018-05-11 10:28:02.460000
West Bohemia 2018,WB.KOC,S,2018-05-11 10:28:11.100000
West Bohemia 2018,WB.KOC,S,2018-05-11 10:28:23.320000
West Bohemia 2018,WB.KOC,S,2018-05-11 10:28:26.990000
West Bohemia 2018,WB.KOC,S,2018-05-11 10:28:33.240000
West Bohemia 2018,WB.KOC,S,2018-05-11 10:28:34.700000
West Bohemia 2018,WB.KOC,S,2018-05-11 10:28:42.760000
West Bohemia 2018,WB.KOC,S,2018-05-11 10:28:43.340000
West Bohemia 2018,WB.KOC,S,2018-05-11 10:28:44.800000
West Bohemia 2018,WB.KOC,S,2018-05-11 10:29:03.720000
West Bohemia 2018,WB.KOC,S,2018-05-11 10:30:22.360000
West Bohemia 2018,WB.KOC,S,2018-05-11 10:31:22.900000
West Bohemia 2018,WB.KOC,S,2018-05-11 10:31:28.460000
West Bohemia 2018,WB.KOC,S,2018-05-11 10:31:31.600000
West Bohemia 2018,WB.KOC,S,2018-05-11 10:31:39.530000
West Bohemia 2018,WB.KOC,S,2018-05-11 10:31:45.260000
West Bohemia 2018,WB.KOC,S,2018-05-11 10:31:46.070000
West Bohemia 2018,WB.KOC,S,2018-05-11 10:32:23.890000
West Bohemia 2018,WB.KOC,S,2018-05-11 10:33:08.810000
West Bohemia 2018,WB.KOC,S,2018-05-11 10:33:11.490000
West Bohemia 2018,WB.KOC,S,2018-05-11 10:33:40.580000
West Bohemia 2018,WB.KOC,S,2018-05-11 10:45:28.820000
West Bohemia 2018,WB.KOC,S,2018-05-11 10:45:40.830000
West Bohemia 2018,WB.KOC,S,2018-05-11 10:45:45.160000
West Bohemia 2018,WB.KOC,S,2018-05-11 11:02:43.780000
West Bohemia 2018,WB.KOC,S,2018-05-11 11:03:17.140000
West Bohemia 2018,WB.KOC,S,2018-05-11 11:03:17.620000
West Bohemia 2018,WB.KOC,S,2018-05-11 11:04:10.880000
West Bohemia 2018,WB.KOC,S,2018-05-11 11:04:52.460000
West Bohemia 2018,WB.KOC,S,2018-05-11 11:09:03.590000
West Bohemia 2018,WB.KOC,S,2018-05-11 11:11:23.370000
West Bohemia 2018,WB.KOC,S,2018-05-11 11:13:14.260000
West Bohemia 2018,WB.KOC,S,2018-05-11 11:25:08.670000
West Bohemia 2018,WB.KOC,S,2018-05-11 11:25:11.100000
West Bohemia 2018,WB.KOC,S,2018-05-11 11:30:34.400000
West Bohemia 2018,WB.KOC,S,2018-05-11 11:31:08.260000
West Bohemia 2018,WB.KOC,S,2018-05-11 11:31:25.120000
West Bohemia 2018,WB.KOC,S,2018-05-11 11:31:25.180000
West Bohemia 2018,WB.KOC,S,2018-05-11 11:31:25.740000
West Bohemia 2018,WB.KOC,S,2018-05-11 11:31:31.900000
West Bohemia 2018,WB.KOC,S,2018-05-11 11:31:32.280000
West Bohemia 2018,WB.KOC,S,2018-05-11 11:31:35.700000
West Bohemia 2018,WB.KOC,S,2018-05-11 11:34:40.820000
West Bohemia 2018,WB.KOC,S,2018-05-11 11:34:49.130000
West Bohemia 2018,WB.KOC,S,2018-05-11 11:34:55.300000
West Bohemia 2018,WB.KOC,S,2018-05-11 11:35:12.320000
West Bohemia 2018,WB.KOC,S,2018-05-11 11:35:14.120000
West Bohemia 2018,WB.KOC,S,2018-05-11 11:35:15.680000
West Bohemia 2018,WB.KOC,S,2018-05-11 11:35:18.920000
West Bohemia 2018,WB.KOC,S,2018-05-11 11:35:21.140000
West Bohemia 2018,WB.KOC,S,2018-05-11 11:35:23.240000
West Bohemia 2018,WB.KOC,S,2018-05-11 11:35:33.240000
West Bohemia 2018,WB.KOC,S,2018-05-11 11:35:43.040000
West Bohemia 2018,WB.KOC,S,2018-05-11 11:35:44.340000
West Bohemia 2018,WB.KOC,S,2018-05-11 11:35:46.370000
West Bohemia 2018,WB.KOC,S,2018-05-11 11:35:50.450000
West Bohemia 2018,WB.KOC,S,2018-05-11 11:35:53.430000
West Bohemia 2018,WB.KOC,S,2018-05-11 11:38:30.060000
West Bohemia 2018,WB.KOC,S,2018-05-11 11:38:54.750000
West Bohemia 2018,WB.KOC,S,2018-05-11 11:39:03.370000
West Bohemia 2018,WB.KOC,S,2018-05-11 11:39:03.470000
West Bohemia 2018,WB.KOC,S,2018-05-11 11:39:04.580000
West Bohemia 2018,WB.KOC,S,2018-05-11 11:39:05.190000
West Bohemia 2018,WB.KOC,S,2018-05-11 11:39:24.380000
West Bohemia 2018,WB.KOC,S,2018-05-11 11:39:43.800000
West Bohemia 2018,WB.KOC,S,2018-05-11 11:39:50.040000
West Bohemia 2018,WB.KOC,S,2018-05-11 11:39:54.660000
West Bohemia 2018,WB.KOC,S,2018-05-11 11:39:58.230000
West Bohemia 2018,WB.KOC,S,2018-05-11 11:40:11.100000
West Bohemia 2018,WB.KOC,S,2018-05-11 11:42:15.380000
West Bohemia 2018,WB.KOC,S,2018-05-11 11:42:17.690000
West Bohemia 2018,WB.KOC,S,2018-05-11 11:42:21.120000
West Bohemia 2018,WB.KRC,P,2018-05-10 09:02:27.580000
West Bohemia 2018,WB.KRC,P,2018-05-10 09:02:31.560000
West Bohemia 2018,WB.KRC,P,2018-05-10 09:02:52.770000
West Bohemia 2018,WB.KRC,P,2018-05-10 09:03:33.030000
West Bohemia 2018,WB.KRC,P,2018-05-10 09:03:37.990000
West Bohemia 2018,WB.KRC,P,2018-05-10 09:03:51.420000
West Bohemia 2018,WB.KRC,P,2018-05-10 09:04:31.470000
West Bohemia 2018,WB.KRC,P,2018-05-10 09:04:31.670000
West Bohemia 2018,WB.KRC,P,2018-05-10 09:04:56.830000
West Bohemia 2018,WB.KRC,P,2018-05-10 09:08:35.010000
West Bohemia 2018,WB.KRC,P,2018-05-10 09:08:44.420000
West Bohemia 2018,WB.KRC,P,2018-05-10 09:09:02.550000
West Bohemia 2018,WB.KRC,P,2018-05-10 09:09:45.180000
West Bohemia 2018,WB.KRC,P,2018-05-10 09:10:03.480000
West Bohemia 2018,WB.KRC,P,2018-05-10 09:11:09.100000
West Bohemia 2018,WB.KRC,P,2018-05-10 09:12:03.200000
West Bohemia 2018,WB.KRC,P,2018-05-10 09:12:40.900000
West Bohemia 2018,WB.KRC,P,2018-05-10 09:13:05.100000
West Bohemia 2018,WB.KRC,P,2018-05-10 09:13:27.160000
West Bohemia 2018,WB.KRC,P,2018-05-10 09:14:24.570000
West Bohemia 2018,WB.KRC,P,2018-05-10 09:15:14.840000
West Bohemia 2018,WB.KRC,P,2018-05-10 09:26:54.250000
West Bohemia 2018,WB.KRC,P,2018-05-10 09:26:55.150000
West Bohemia 2018,WB.KRC,P,2018-05-10 09:32:16.960000
West Bohemia 2018,WB.KRC,P,2018-05-10 09:34:27.210000
West Bohemia 2018,WB.KRC,P,2018-05-10 09:34:27.310000
West Bohemia 2018,WB.KRC,P,2018-05-10 09:34:52.840000
West Bohemia 2018,WB.KRC,P,2018-05-10 09:35:08.980000
West Bohemia 2018,WB.KRC,P,2018-05-10 09:35:09.090000
West Bohemia 2018,WB.KRC,P,2018-05-10 09:35:19.980000
West Bohemia 2018,WB.KRC,P,2018-05-10 09:35:20.380000
West Bohemia 2018,WB.KRC,P,2018-05-10 09:35:27.760000
West Bohemia 2018,WB.KRC,P,2018-05-10 09:35:28.350000
West Bohemia 2018,WB.KRC,P,2018-05-10 09:35:38.710000
West Bohemia 2018,WB.KRC,P,2018-05-10 09:35:42.440000
West Bohemia 2018,WB.KRC,P,2018-05-10 09:36:29.430000
West Bohemia 2018,WB.KRC,P,2018-05-10 09:36:47.540000
West Bohemia 2018,WB.KRC,P,2018-05-10 09:36:53.730000
West Bohemia 2018,WB.KRC,P,2018-05-10 09:37:05.650000
West Bohemia 2018,WB.KRC,P,2018-05-10 09:37:12.680000
West Bohemia 2018,WB.KRC,P,2018-05-10 09:37:37.760000
West Bohemia 2018,WB.KRC,P,2018-05-10 09:37:38.520000
West Bohemia 2018,WB.KRC,P,2018-05-10 09:37:54.370000
West Bohemia 2018,WB.KRC,P,2018-05-10 09:39:33.220000
West Bohemia 2018,WB.KRC,P,2018-05-10 09:39:54.750000
West Bohemia 2018,WB.KRC,P,2018-05-10 09:40:07.610000
West Bohemia 2018,WB.KRC,P,2018-05-10 09:40:10.050000
West Bohemia 2018,WB.KRC,P,2018-05-10 09:41:08.550000
West Bohemia 2018,WB.KRC,P,2018-05-10 09:42:53.760000
West Bohemia 2018,WB.KRC,P,2018-05-10 09:46:01.280000
West Bohemia 2018,WB.KRC,P,2018-05-10 09:46:25.040000
West Bohemia 2018,WB.KRC,P,2018-05-10 09:46:36.720000
West Bohemia 2018,WB.KRC,P,2018-05-10 09:46:59.240000
West Bohemia 2018,WB.KRC,P,2018-05-10 09:47:09.240000
West Bohemia 2018,WB.KRC,P,2018-05-10 09:47:26.540000
West Bohemia 2018,WB.KRC,P,2018-05-10 09:47:30.220000
West Bohemia 2018,WB.KRC,P,2018-05-10 09:47:33.540000
West Bohemia 2018,WB.KRC,P,2018-05-10 09:47:37.990000
West Bohemia 2018,WB.KRC,P,2018-05-10 09:47:54.260000
West Bohemia 2018,WB.KRC,P,2018-05-10 09:48:14.040000
West Bohemia 2018,WB.KRC,P,2018-05-10 09:48:20.600000
West Bohemia 2018,WB.KRC,P,2018-05-10 09:48:32.290000
West Bohemia 2018,WB.KRC,P,2018-05-10 09:48:47.550000
West Bohemia 2018,WB.KRC,P,2018-05-10 09:48:51.880000
West Bohemia 2018,WB.KRC,P,2018-05-10 09:49:25.830000
West Bohemia 2018,WB.KRC,P,2018-05-10 09:49:31.660000
West Bohemia 2018,WB.KRC,P,2018-05-10 09:49:34.220000
West Bohemia 2018,WB.KRC,P,2018-05-10 09:49:50.370000
West Bohemia 2018,WB.KRC,P,2018-05-10 09:50:26.500000
West Bohemia 2018,WB.KRC,P,2018-05-10 09:50:42.980000
West Bohemia 2018,WB.KRC,P,2018-05-10 09:50:56.820000
West Bohemia 2018,WB.KRC,P,2018-05-10 09:51:09.050000
West Bohemia 2018,WB.KRC,P,2018-05-10 09:51:16.310000
West Bohemia 2018,WB.KRC,P,2018-05-10 09:51:25.840000
West Bohemia 2018,WB.KRC,P,2018-05-10 09:51:32.790000
West Bohemia 2018,WB.KRC,P,2018-05-10 09:51:45.290000
West Bohemia 2018,WB.KRC,P,2018-05-10 09:51:55.650000
West Bohemia 2018,WB.KRC,P,2018-05-10 09:51:57.500000
West Bohemia 2018,WB.KRC,P,2018-05-10 09:52:03.470000
West Bohemia 2018,WB.KRC,P,2018-05-10 09:53:49.500000
West Bohemia 2018,WB.KRC,P,2018-05-10 09:54:09.200000
West Bohemia 2018,WB.KRC,P,2018-05-10 09:54:15.630000
West Bohemia 2018,WB.KRC,P,2018-05-10 09:54:53.870000
West Bohemia 2018,WB.KRC,P,2018-05-10 09:54:54.870000
West Bohemia 2018,WB.KRC,P,2018-05-10 09:55:08.230000
West Bohemia 2018,WB.KRC,P,2018-05-10 09:55:19.060000
West Bohemia 2018,WB.KRC,P,2018-05-10 09:55:46.800000
West Bohemia 2018,WB.KRC,P,2018-05-10 09:57:47.170000
West Bohemia 2018,WB.KRC,P,2018-05-10 09:57:56.100000
West Bohemia 2018,WB.KRC,P,2018-05-10 09:58:01.400000
West Bohemia 2018,WB.KRC,P,2018-05-10 10:01:12.250000
West Bohemia 2018,WB.KRC,P,2018-05-10 10:01:44.680000
West Bohemia 2018,WB.KRC,P,2018-05-10 10:01:50.460000
West Bohemia 2018,WB.KRC,P,2018-05-10 10:02:09.170000
West Bohemia 2018,WB.KRC,P,2018-05-10 10:02:43.170000
West Bohemia 2018,WB.KRC,P,2018-05-10 10:02:49.400000
West Bohemia 2018,WB.KRC,P,2018-05-10 10:03:00.120000
West Bohemia 2018,WB.KRC,P,2018-05-10 10:04:32.690000
West Bohemia 2018,WB.KRC,P,2018-05-10 10:04:39.540000
West Bohemia 2018,WB.KRC,P,2018-05-10 10:04:49.580000
West Bohemia 2018,WB.KRC,P,2018-05-10 10:04:53.520000
West Bohemia 2018,WB.KRC,P,2018-05-10 10:05:00.150000
West Bohemia 2018,WB.KRC,P,2018-05-10 10:05:02.300000
West Bohemia 2018,WB.KRC,P,2018-05-10 10:05:05.060000
West Bohemia 2018,WB.KRC,P,2018-05-10 10:05:11.630000
West Bohemia 2018,WB.KRC,P,2018-05-10 10:05:22.160000
West Bohemia 2018,WB.KRC,P,2018-05-10 10:05:23.820000
West Bohemia 2018,WB.KRC,P,2018-05-10 10:05:44.700000
West Bohemia 2018,WB.KRC,P,2018-05-10 10:05:56.840000
West Bohemia 2018,WB.KRC,P,2018-05-10 10:06:00.280000
West Bohemia 2018,WB.KRC,P,2018-05-10 10:06:02.570000
West Bohemia 2018,WB.KRC,P,2018-05-10 10:06:10.080000
West Bohemia 2018,WB.KRC,P,2018-05-10 10:06:29.820000
West Bohemia 2018,WB.KRC,P,2018-05-10 10:06:38.300000
West Bohemia 2018,WB.KRC,P,2018-05-10 10:06:46.770000
West Bohemia 2018,WB.KRC,P,2018-05-10 10:07:00.000000
West Bohemia 2018,WB.KRC,P,2018-05-10 10:07:00.740000
West Bohemia 2018,WB.KRC,P,2018-05-10 10:07:18.220000
West Bohemia 2018,WB.KRC,P,2018-05-10 10:07:23.610000
West Bohemia 2018,WB.KRC,P,2018-05-10 10:07:45.400000
West Bohemia 2018,WB.KRC,P,2018-05-10 10:08:08.700000
West Bohemia 2018,WB.KRC,P,2018-05-10 10:08:10.020000
West Bohemia 2018,WB.KRC,P,2018-05-10 10:09:46.360000
West Bohemia 2018,WB.KRC,P,2018-05-10 10:10:15.580000
West Bohemia 2018,WB.KRC,P,2018-05-10 10:22:19.960000
West Bohemia 2018,WB.KRC,P,2018-05-10 10:22:20.020000
West Bohemia 2018,WB.KRC,P,2018-05-10 10:22:34.550000
West Bohemia 2018,WB.KRC,P,2018-05-10 10:22:37.800000
West Bohemia 2018,WB.KRC,P,2018-05-10 10:23:16.880000
West Bohemia 2018,WB.KRC,P,2018-05-10 10:23:34.510000
West Bohemia 2018,WB.KRC,P,2018-05-10 10:24:05.060000
West Bohemia 2018,WB.KRC,P,2018-05-10 10:24:22.290000
West Bohemia 2018,WB.KRC,P,2018-05-10 10:24:25.580000
West Bohemia 2018,WB.KRC,P,2018-05-10 10:25:01.020000
West Bohemia 2018,WB.KRC,P,2018-05-10 10:25:01.530000
West Bohemia 2018,WB.KRC,P,2018-05-10 10:25:17.910000
West Bohemia 2018,WB.KRC,P,2018-05-10 10:25:55.460000
West Bohemia 2018,WB.KRC,P,2018-05-10 10:25:58.540000
West Bohemia 2018,WB.KRC,P,2018-05-10 10:26:08.660000
West Bohemia 2018,WB.KRC,P,2018-05-10 10:26:28.840000
West Bohemia 2018,WB.KRC,P,2018-05-10 10:27:36.820000
West Bohemia 2018,WB.KRC,P,2018-05-10 10:28:21.400000
West Bohemia 2018,WB.KRC,P,2018-05-10 10:28:46.740000
West Bohemia 2018,WB.KRC,P,2018-05-10 10:28:59.050000
West Bohemia 2018,WB.KRC,P,2018-05-10 10:29:01.140000
West Bohemia 2018,WB.KRC,P,2018-05-10 10:29:33.500000
West Bohemia 2018,WB.KRC,P,2018-05-10 10:29:40.360000
West Bohemia 2018,WB.KRC,P,2018-05-10 10:34:09.310000
West Bohemia 2018,WB.KRC,P,2018-05-10 10:34:19.400000
West Bohemia 2018,WB.KRC,P,2018-05-10 10:34:54.100000
West Bohemia 2018,WB.KRC,P,2018-05-10 10:35:44.840000
West Bohemia 2018,WB.KRC,P,2018-05-10 10:39:36.950000
West Bohemia 2018,WB.KRC,P,2018-05-10 10:39:40.850000
West Bohemia 2018,WB.KRC,P,2018-05-10 10:39:45.610000
West Bohemia 2018,WB.KRC,P,2018-05-10 10:40:05.490000
West Bohemia 2018,WB.KRC,P,2018-05-10 10:41:11.050000
West Bohemia 2018,WB.KRC,P,2018-05-10 10:41:15.400000
West Bohemia 2018,WB.KRC,P,2018-05-10 10:41:16.570000
West Bohemia 2018,WB.KRC,P,2018-05-10 10:41:23.400000
West Bohemia 2018,WB.KRC,P,2018-05-10 10:42:10.450000
West Bohemia 2018,WB.KRC,P,2018-05-10 10:42:22.880000
West Bohemia 2018,WB.KRC,P,2018-05-10 10:46:39.240000
West Bohemia 2018,WB.KRC,P,2018-05-10 10:46:40.600000
West Bohemia 2018,WB.KRC,P,2018-05-10 10:46:46.920000
West Bohemia 2018,WB.KRC,P,2018-05-10 11:06:07.750000
West Bohemia 2018,WB.KRC,P,2018-05-10 11:06:26.180000
West Bohemia 2018,WB.KRC,P,2018-05-10 11:06:26.300000
West Bohemia 2018,WB.KRC,P,2018-05-10 11:09:02.320000
West Bohemia 2018,WB.KRC,P,2018-05-10 11:09:02.640000
West Bohemia 2018,WB.KRC,P,2018-05-10 11:09:59.700000
West Bohemia 2018,WB.KRC,P,2018-05-10 11:17:03.930000
West Bohemia 2018,WB.KRC,P,2018-05-10 11:48:42.730000
West Bohemia 2018,WB.KRC,P,2018-05-11 09:06:15.380000
West Bohemia 2018,WB.KRC,P,2018-05-11 09:06:30.240000
West Bohemia 2018,WB.KRC,P,2018-05-11 09:06:47.840000
West Bohemia 2018,WB.KRC,P,2018-05-11 09:06:48.680000
West Bohemia 2018,WB.KRC,P,2018-05-11 09:32:39.150000
West Bohemia 2018,WB.KRC,P,2018-05-11 09:36:22.330000
West Bohemia 2018,WB.KRC,P,2018-05-11 09:36:23.300000
West Bohemia 2018,WB.KRC,P,2018-05-11 09:36:35.810000
West Bohemia 2018,WB.KRC,P,2018-05-11 09:36:36.890000
West Bohemia 2018,WB.KRC,P,2018-05-11 09:36:55.320000
West Bohemia 2018,WB.KRC,P,2018-05-11 09:37:03.850000
West Bohemia 2018,WB.KRC,P,2018-05-11 09:37:13.710000
West Bohemia 2018,WB.KRC,P,2018-05-11 09:37:34.560000
West Bohemia 2018,WB.KRC,P,2018-05-11 09:37:51.570000
West Bohemia 2018,WB.KRC,P,2018-05-11 09:37:53.400000
West Bohemia 2018,WB.KRC,P,2018-05-11 09:37:54.020000
West Bohemia 2018,WB.KRC,P,2018-05-11 09:38:07.530000
West Bohemia 2018,WB.KRC,P,2018-05-11 09:39:57.650000
West Bohemia 2018,WB.KRC,P,2018-05-11 09:40:11.320000
West Bohemia 2018,WB.KRC,P,2018-05-11 09:40:47.960000
West Bohemia 2018,WB.KRC,P,2018-05-11 09:41:54.780000
West Bohemia 2018,WB.KRC,P,2018-05-11 09:46:06.440000
West Bohemia 2018,WB.KRC,P,2018-05-11 09:48:55.960000
West Bohemia 2018,WB.KRC,P,2018-05-11 09:51:01.510000
West Bohemia 2018,WB.KRC,P,2018-05-11 09:51:08.000000
West Bohemia 2018,WB.KRC,P,2018-05-11 09:52:23.740000
West Bohemia 2018,WB.KRC,P,2018-05-11 09:52:56.320000
West Bohemia 2018,WB.KRC,P,2018-05-11 09:53:05.710000
West Bohemia 2018,WB.KRC,P,2018-05-11 09:53:06.180000
West Bohemia 2018,WB.KRC,P,2018-05-11 09:53:27.060000
West Bohemia 2018,WB.KRC,P,2018-05-11 09:53:32.450000
West Bohemia 2018,WB.KRC,P,2018-05-11 09:53:41.360000
West Bohemia 2018,WB.KRC,P,2018-05-11 09:53:45.630000
West Bohemia 2018,WB.KRC,P,2018-05-11 09:53:54.080000
West Bohemia 2018,WB.KRC,P,2018-05-11 09:54:00.880000
West Bohemia 2018,WB.KRC,P,2018-05-11 09:54:03.130000
West Bohemia 2018,WB.KRC,P,2018-05-11 09:54:04.700000
West Bohemia 2018,WB.KRC,P,2018-05-11 09:54:19.890000
West Bohemia 2018,WB.KRC,P,2018-05-11 09:54:23.770000
West Bohemia 2018,WB.KRC,P,2018-05-11 09:54:40.980000
West Bohemia 2018,WB.KRC,P,2018-05-11 09:55:20.600000
West Bohemia 2018,WB.KRC,P,2018-05-11 09:55:33.840000
West Bohemia 2018,WB.KRC,P,2018-05-11 09:55:35.580000
West Bohemia 2018,WB.KRC,P,2018-05-11 09:55:38.910000
West Bohemia 2018,WB.KRC,P,2018-05-11 09:58:00.700000
West Bohemia 2018,WB.KRC,P,2018-05-11 09:59:23.470000
West Bohemia 2018,WB.KRC,P,2018-05-11 09:59:39.810000
West Bohemia 2018,WB.KRC,P,2018-05-11 10:01:14.310000
West Bohemia 2018,WB.KRC,P,2018-05-11 10:05:58.930000
West Bohemia 2018,WB.KRC,P,2018-05-11 10:05:59.370000
West Bohemia 2018,WB.KRC,P,2018-05-11 10:05:59.670000
West Bohemia 2018,WB.KRC,P,2018-05-11 10:06:54.480000
West Bohemia 2018,WB.KRC,P,2018-05-11 10:06:55.520000
West Bohemia 2018,WB.KRC,P,2018-05-11 10:07:01.280000
West Bohemia 2018,WB.KRC,P,2018-05-11 10:07:02.390000
West Bohemia 2018,WB.KRC,P,2018-05-11 10:08:01.400000
West Bohemia 2018,WB.KRC,P,2018-05-11 10:11:30.080000
West Bohemia 2018,WB.KRC,P,2018-05-11 10:11:46.420000
West Bohemia 2018,WB.KRC,P,2018-05-11 10:12:00.430000
West Bohemia 2018,WB.KRC,P,2018-05-11 10:12:32.780000
West Bohemia 2018,WB.KRC,P,2018-05-11 10:18:11.370000
West Bohemia 2018,WB.KRC,P,2018-05-11 10:18:13.520000
West Bohemia 2018,WB.KRC,P,2018-05-11 10:18:14.250000
West Bohemia 2018,WB.KRC,P,2018-05-11 10:19:53.460000
West Bohemia 2018,WB.KRC,P,2018-05-11 10:21:32.140000
West Bohemia 2018,WB.KRC,P,2018-05-11 10:21:32.530000
West Bohemia 2018,WB.KRC,P,2018-05-11 10:21:45.480000
West Bohemia 2018,WB.KRC,P,2018-05-11 10:25:01.180000
West Bohemia 2018,WB.KRC,P,2018-05-11 10:27:48.580000
West Bohemia 2018,WB.KRC,P,2018-05-11 10:27:49.480000
West Bohemia 2018,WB.KRC,P,2018-05-11 10:27:59.770000
West Bohemia 2018,WB.KRC,P,2018-05-11 10:28:08.420000
West Bohemia 2018,WB.KRC,P,2018-05-11 10:28:20.630000
West Bohemia 2018,WB.KRC,P,2018-05-11 10:28:24.220000
West Bohemia 2018,WB.KRC,P,2018-05-11 10:28:30.550000
West Bohemia 2018,WB.KRC,P,2018-05-11 10:28:32.010000
West Bohemia 2018,WB.KRC,P,2018-05-11 10:28:40.060000
West Bohemia 2018,WB.KRC,P,2018-05-11 10:28:40.670000
West Bohemia 2018,WB.KRC,P,2018-05-11 10:29:01.040000
West Bohemia 2018,WB.KRC,P,2018-05-11 10:30:19.660000
West Bohemia 2018,WB.KRC,P,2018-05-11 10:31:20.230000
West Bohemia 2018,WB.KRC,P,2018-05-11 10:31:25.770000
West Bohemia 2018,WB.KRC,P,2018-05-11 10:31:28.900000
West Bohemia 2018,WB.KRC,P,2018-05-11 10:31:36.840000
West Bohemia 2018,WB.KRC,P,2018-05-11 10:31:42.560000
West Bohemia 2018,WB.KRC,P,2018-05-11 10:31:43.380000
West Bohemia 2018,WB.KRC,P,2018-05-11 10:32:21.190000
West Bohemia 2018,WB.KRC,P,2018-05-11 10:33:06.130000
West Bohemia 2018,WB.KRC,P,2018-05-11 10:33:08.800000
West Bohemia 2018,WB.KRC,P,2018-05-11 10:33:37.890000
West Bohemia 2018,WB.KRC,P,2018-05-11 10:45:26.070000
West Bohemia 2018,WB.KRC,P,2018-05-11 10:45:38.060000
West Bohemia 2018,WB.KRC,P,2018-05-11 10:45:42.460000
West Bohemia 2018,WB.KRC,P,2018-05-11 11:02:41.100000
West Bohemia 2018,WB.KRC,P,2018-05-11 11:03:14.430000
West Bohemia 2018,WB.KRC,P,2018-05-11 11:03:14.910000
West Bohemia 2018,WB.KRC,P,2018-05-11 11:04:08.170000
West Bohemia 2018,WB.KRC,P,2018-05-11 11:04:49.760000
West Bohemia 2018,WB.KRC,P,2018-05-11 11:09:00.880000
West Bohemia 2018,WB.KRC,P,2018-05-11 11:11:20.620000
West Bohemia 2018,WB.KRC,P,2018-05-11 11:13:11.580000
West Bohemia 2018,WB.KRC,P,2018-05-11 11:25:05.980000
West Bohemia 2018,WB.KRC,P,2018-05-11 11:25:08.440000
West Bohemia 2018,WB.KRC,P,2018-05-11 11:30:31.720000
West Bohemia 2018,WB.KRC,P,2018-05-11 11:31:05.580000
West Bohemia 2018,WB.KRC,P,2018-05-11 11:31:22.400000
West Bohemia 2018,WB.KRC,P,2018-05-11 11:31:22.480000
West Bohemia 2018,WB.KRC,P,2018-05-11 11:31:22.960000
West Bohemia 2018,WB.KRC,P,2018-05-11 11:31:29.220000
West Bohemia 2018,WB.KRC,P,2018-05-11 11:31:29.580000
West Bohemia 2018,WB.KRC,P,2018-05-11 11:31:33.010000
West Bohemia 2018,WB.KRC,P,2018-05-11 11:34:38.150000
West Bohemia 2018,WB.KRC,P,2018-05-11 11:34:46.410000
West Bohemia 2018,WB.KRC,P,2018-05-11 11:34:52.590000
West Bohemia 2018,WB.KRC,P,2018-05-11 11:35:09.640000
West Bohemia 2018,WB.KRC,P,2018-05-11 11:35:16.240000
West Bohemia 2018,WB.KRC,P,2018-05-11 11:35:30.560000
West Bohemia 2018,WB.KRC,P,2018-05-11 11:35:40.350000
West Bohemia 2018,WB.KRC,P,2018-05-11 11:35:41.660000
West Bohemia 2018,WB.KRC,P,2018-05-11 11:35:47.770000
West Bohemia 2018,WB.KRC,P,2018-05-11 11:35:50.740000
West Bohemia 2018,WB.KRC,P,2018-05-11 11:38:27.360000
West Bohemia 2018,WB.KRC,P,2018-05-11 11:38:52.080000
West Bohemia 2018,WB.KRC,P,2018-05-11 11:39:00.690000
West Bohemia 2018,WB.KRC,P,2018-05-11 11:39:00.800000
West Bohemia 2018,WB.KRC,P,2018-05-11 11:39:21.690000
West Bohemia 2018,WB.KRC,P,2018-05-11 11:39:41.120000
West Bohemia 2018,WB.KRC,P,2018-05-11 11:39:47.360000
West Bohemia 2018,WB.KRC,P,2018-05-11 11:39:47.690000
West Bohemia 2018,WB.KRC,P,2018-05-11 11:39:51.980000
West Bohemia 2018,WB.KRC,P,2018-05-11 11:39:52.830000
West Bohemia 2018,WB.KRC,P,2018-05-11 11:39:55.570000
West Bohemia 2018,WB.KRC,P,2018-05-11 11:40:08.410000
West Bohemia 2018,WB.KRC,P,2018-05-11 11:42:12.670000
West Bohemia 2018,WB.KRC,P,2018-05-11 11:42:14.980000
West Bohemia 2018,WB.KRC,P,2018-05-11 11:42:18.430000
West Bohemia 2018,WB.KRC,S,2018-05-10 09:02:29.270000
West Bohemia 2018,WB.KRC,S,2018-05-10 09:02:33.280000
West Bohemia 2018,WB.KRC,S,2018-05-10 09:02:54.450000
West Bohemia 2018,WB.KRC,S,2018-05-10 09:03:34.730000
West Bohemia 2018,WB.KRC,S,2018-05-10 09:03:39.680000
West Bohemia 2018,WB.KRC,S,2018-05-10 09:03:53.100000
West Bohemia 2018,WB.KRC,S,2018-05-10 09:04:33.170000
West Bohemia 2018,WB.KRC,S,2018-05-10 09:04:33.380000
West Bohemia 2018,WB.KRC,S,2018-05-10 09:04:58.520000
West Bohemia 2018,WB.KRC,S,2018-05-10 09:08:36.700000
West Bohemia 2018,WB.KRC,S,2018-05-10 09:08:46.140000
West Bohemia 2018,WB.KRC,S,2018-05-10 09:09:04.240000
West Bohemia 2018,WB.KRC,S,2018-05-10 09:09:46.870000
West Bohemia 2018,WB.KRC,S,2018-05-10 09:10:05.220000
West Bohemia 2018,WB.KRC,S,2018-05-10 09:11:10.790000
West Bohemia 2018,WB.KRC,S,2018-05-10 09:12:04.900000
West Bohemia 2018,WB.KRC,S,2018-05-10 09:12:42.590000
West Bohemia 2018,WB.KRC,S,2018-05-10 09:13:06.800000
West Bohemia 2018,WB.KRC,S,2018-05-10 09:13:28.860000
West Bohemia 2018,WB.KRC,S,2018-05-10 09:14:26.270000
West Bohemia 2018,WB.KRC,S,2018-05-10 09:15:16.530000
West Bohemia 2018,WB.KRC,S,2018-05-10 09:26:55.950000
West Bohemia 2018,WB.KRC,S,2018-05-10 09:26:56.860000
West Bohemia 2018,WB.KRC,S,2018-05-10 09:32:18.670000
West Bohemia 2018,WB.KRC,S,2018-05-10 09:34:28.980000
West Bohemia 2018,WB.KRC,S,2018-05-10 09:34:29.080000
West Bohemia 2018,WB.KRC,S,2018-05-10 09:34:54.600000
West Bohemia 2018,WB.KRC,S,2018-05-10 09:35:10.720000
West Bohemia 2018,WB.KRC,S,2018-05-10 09:35:10.850000
West Bohemia 2018,WB.KRC,S,2018-05-10 09:35:21.690000
West Bohemia 2018,WB.KRC,S,2018-05-10 09:35:22.090000
West Bohemia 2018,WB.KRC,S,2018-05-10 09:35:29.530000
West Bohemia 2018,WB.KRC,S,2018-05-10 09:35:30.010000
West Bohemia 2018,WB.KRC,S,2018-05-10 09:35:40.450000
West Bohemia 2018,WB.KRC,S,2018-05-10 09:35:44.140000
West Bohemia 2018,WB.KRC,S,2018-05-10 09:36:31.140000
West Bohemia 2018,WB.KRC,S,2018-05-10 09:36:49.290000
West Bohemia 2018,WB.KRC,S,2018-05-10 09:36:55.420000
West Bohemia 2018,WB.KRC,S,2018-05-10 09:37:07.340000
West Bohemia 2018,WB.KRC,S,2018-05-10 09:37:14.440000
West Bohemia 2018,WB.KRC,S,2018-05-10 09:37:39.460000
West Bohemia 2018,WB.KRC,S,2018-05-10 09:37:40.220000
West Bohemia 2018,WB.KRC,S,2018-05-10 09:37:56.080000
West Bohemia 2018,WB.KRC,S,2018-05-10 09:39:34.940000
West Bohemia 2018,WB.KRC,S,2018-05-10 09:39:56.520000
West Bohemia 2018,WB.KRC,S,2018-05-10 09:40:09.340000
West Bohemia 2018,WB.KRC,S,2018-05-10 09:40:11.780000
West Bohemia 2018,WB.KRC,S,2018-05-10 09:41:10.250000
West Bohemia 2018,WB.KRC,S,2018-05-10 09:42:55.460000
West Bohemia 2018,WB.KRC,S,2018-05-10 09:46:03.000000
West Bohemia 2018,WB.KRC,S,2018-05-10 09:46:26.810000
West Bohemia 2018,WB.KRC,S,2018-05-10 09:46:38.460000
West Bohemia 2018,WB.KRC,S,2018-05-10 09:47:00.960000
West Bohemia 2018,WB.KRC,S,2018-05-10 09:47:10.930000
West Bohemia 2018,WB.KRC,S,2018-05-10 09:47:28.230000
West Bohemia 2018,WB.KRC,S,2018-05-10 09:47:31.920000
West Bohemia 2018,WB.KRC,S,2018-05-10 09:47:35.260000
West Bohemia 2018,WB.KRC,S,2018-05-10 09:47:39.710000
West Bohemia 2018,WB.KRC,S,2018-05-10 09:47:55.970000
West Bohemia 2018,WB.KRC,S,2018-05-10 09:48:09.640000
West Bohemia 2018,WB.KRC,S,2018-05-10 09:48:15.730000
West Bohemia 2018,WB.KRC,S,2018-05-10 09:48:22.360000
West Bohemia 2018,WB.KRC,S,2018-05-10 09:48:34.020000
West Bohemia 2018,WB.KRC,S,2018-05-10 09:48:49.320000
West Bohemia 2018,WB.KRC,S,2018-05-10 09:48:53.610000
West Bohemia 2018,WB.KRC,S,2018-05-10 09:49:27.610000
West Bohemia 2018,WB.KRC,S,2018-05-10 09:49:33.440000
West Bohemia 2018,WB.KRC,S,2018-05-10 09:49:35.930000
West Bohemia 2018,WB.KRC,S,2018-05-10 09:49:52.140000
West Bohemia 2018,WB.KRC,S,2018-05-10 09:50:28.220000
West Bohemia 2018,WB.KRC,S,2018-05-10 09:50:44.790000
West Bohemia 2018,WB.KRC,S,2018-05-10 09:50:58.500000
West Bohemia 2018,WB.KRC,S,2018-05-10 09:51:10.760000
West Bohemia 2018,WB.KRC,S,2018-05-10 09:51:27.610000
West Bohemia 2018,WB.KRC,S,2018-05-10 09:51:34.490000
West Bohemia 2018,WB.KRC,S,2018-05-10 09:51:47.000000
West Bohemia 2018,WB.KRC,S,2018-05-10 09:51:57.360000
West Bohemia 2018,WB.KRC,S,2018-05-10 09:52:05.160000
West Bohemia 2018,WB.KRC,S,2018-05-10 09:53:26.880000
West Bohemia 2018,WB.KRC,S,2018-05-10 09:53:51.200000
West Bohemia 2018,WB.KRC,S,2018-05-10 09:54:10.900000
West Bohemia 2018,WB.KRC,S,2018-05-10 09:54:17.410000
West Bohemia 2018,WB.KRC,S,2018-05-10 09:54:55.600000
West Bohemia 2018,WB.KRC,S,2018-05-10 09:54:56.600000
West Bohemia 2018,WB.KRC,S,2018-05-10 09:55:09.950000
West Bohemia 2018,WB.KRC,S,2018-05-10 09:55:20.850000
West Bohemia 2018,WB.KRC,S,2018-05-10 09:55:48.500000
West Bohemia 2018,WB.KRC,S,2018-05-10 09:57:25.580000
West Bohemia 2018,WB.KRC,S,2018-05-10 09:57:48.890000
West Bohemia 2018,WB.KRC,S,2018-05-10 09:57:57.920000
West Bohemia 2018,WB.KRC,S,2018-05-10 09:58:03.100000
West Bohemia 2018,WB.KRC,S,2018-05-10 09:58:33.650000
West Bohemia 2018,WB.KRC,S,2018-05-10 10:01:14.030000
West Bohemia 2018,WB.KRC,S,2018-05-10 10:01:46.420000
West Bohemia 2018,WB.KRC,S,2018-05-10 10:01:52.210000
West Bohemia 2018,WB.KRC,S,2018-05-10 10:02:10.920000
West Bohemia 2018,WB.KRC,S,2018-05-10 10:02:44.920000
West Bohemia 2018,WB.KRC,S,2018-05-10 10:02:51.160000
West Bohemia 2018,WB.KRC,S,2018-05-10 10:03:01.860000
West Bohemia 2018,WB.KRC,S,2018-05-10 10:04:34.460000
West Bohemia 2018,WB.KRC,S,2018-05-10 10:04:41.270000
West Bohemia 2018,WB.KRC,S,2018-05-10 10:04:51.360000
West Bohemia 2018,WB.KRC,S,2018-05-10 10:04:55.220000
West Bohemia 2018,WB.KRC,S,2018-05-10 10:05:01.870000
West Bohemia 2018,WB.KRC,S,2018-05-10 10:05:04.070000
West Bohemia 2018,WB.KRC,S,2018-05-10 10:05:06.120000
West Bohemia 2018,WB.KRC,S,2018-05-10 10:05:06.820000
West Bohemia 2018,WB.KRC,S,2018-05-10 10:05:13.300000
West Bohemia 2018,WB.KRC,S,2018-05-10 10:05:23.860000
West Bohemia 2018,WB.KRC,S,2018-05-10 10:05:25.560000
West Bohemia 2018,WB.KRC,S,2018-05-10 10:05:46.380000
West Bohemia 2018,WB.KRC,S,2018-05-10 10:05:58.570000
West Bohemia 2018,WB.KRC,S,2018-05-10 10:06:01.940000
West Bohemia 2018,WB.KRC,S,2018-05-10 10:06:04.280000
West Bohemia 2018,WB.KRC,S,2018-05-10 10:06:11.780000
West Bohemia 2018,WB.KRC,S,2018-05-10 10:06:24.090000
West Bohemia 2018,WB.KRC,S,2018-05-10 10:06:31.570000
West Bohemia 2018,WB.KRC,S,2018-05-10 10:06:40.000000
West Bohemia 2018,WB.KRC,S,2018-05-10 10:06:48.570000
West Bohemia 2018,WB.KRC,S,2018-05-10 10:07:01.750000
West Bohemia 2018,WB.KRC,S,2018-05-10 10:07:02.480000
West Bohemia 2018,WB.KRC,S,2018-05-10 10:07:19.920000
West Bohemia 2018,WB.KRC,S,2018-05-10 10:07:47.130000
West Bohemia 2018,WB.KRC,S,2018-05-10 10:08:10.410000
West Bohemia 2018,WB.KRC,S,2018-05-10 10:08:11.730000
West Bohemia 2018,WB.KRC,S,2018-05-10 10:09:22.190000
West Bohemia 2018,WB.KRC,S,2018-05-10 10:09:48.060000
West Bohemia 2018,WB.KRC,S,2018-05-10 10:10:17.320000
West Bohemia 2018,WB.KRC,S,2018-05-10 10:22:21.740000
West Bohemia 2018,WB.KRC,S,2018-05-10 10:22:21.800000
West Bohemia 2018,WB.KRC,S,2018-05-10 10:22:36.300000
West Bohemia 2018,WB.KRC,S,2018-05-10 10:22:39.600000
West Bohemia 2018,WB.KRC,S,2018-05-10 10:23:18.620000
West Bohemia 2018,WB.KRC,S,2018-05-10 10:23:36.310000
West Bohemia 2018,WB.KRC,S,2018-05-10 10:24:06.780000
West Bohemia 2018,WB.KRC,S,2018-05-10 10:24:24.060000
West Bohemia 2018,WB.KRC,S,2018-05-10 10:24:27.460000
West Bohemia 2018,WB.KRC,S,2018-05-10 10:24:28.670000
West Bohemia 2018,WB.KRC,S,2018-05-10 10:25:02.720000
West Bohemia 2018,WB.KRC,S,2018-05-10 10:25:03.240000
West Bohemia 2018,WB.KRC,S,2018-05-10 10:25:19.560000
West Bohemia 2018,WB.KRC,S,2018-05-10 10:25:57.180000
West Bohemia 2018,WB.KRC,S,2018-05-10 10:26:00.240000
West Bohemia 2018,WB.KRC,S,2018-05-10 10:26:10.430000
West Bohemia 2018,WB.KRC,S,2018-05-10 10:27:38.590000
West Bohemia 2018,WB.KRC,S,2018-05-10 10:28:23.160000
West Bohemia 2018,WB.KRC,S,2018-05-10 10:28:48.440000
West Bohemia 2018,WB.KRC,S,2018-05-10 10:29:00.810000
West Bohemia 2018,WB.KRC,S,2018-05-10 10:29:02.840000
West Bohemia 2018,WB.KRC,S,2018-05-10 10:29:35.240000
West Bohemia 2018,WB.KRC,S,2018-05-10 10:29:42.080000
West Bohemia 2018,WB.KRC,S,2018-05-10 10:34:11.080000
West Bohemia 2018,WB.KRC,S,2018-05-10 10:34:21.180000
West Bohemia 2018,WB.KRC,S,2018-05-10 10:34:55.880000
West Bohemia 2018,WB.KRC,S,2018-05-10 10:35:46.560000
West Bohemia 2018,WB.KRC,S,2018-05-10 10:39:38.670000
West Bohemia 2018,WB.KRC,S,2018-05-10 10:39:42.570000
West Bohemia 2018,WB.KRC,S,2018-05-10 10:39:47.410000
West Bohemia 2018,WB.KRC,S,2018-05-10 10:41:12.750000
West Bohemia 2018,WB.KRC,S,2018-05-10 10:41:17.140000
West Bohemia 2018,WB.KRC,S,2018-05-10 10:41:18.280000
West Bohemia 2018,WB.KRC,S,2018-05-10 10:41:25.120000
West Bohemia 2018,WB.KRC,S,2018-05-10 10:42:24.580000
West Bohemia 2018,WB.KRC,S,2018-05-10 10:46:40.960000
West Bohemia 2018,WB.KRC,S,2018-05-10 10:46:42.330000
West Bohemia 2018,WB.KRC,S,2018-05-10 10:46:48.620000
West Bohemia 2018,WB.KRC,S,2018-05-10 11:04:38.090000
West Bohemia 2018,WB.KRC,S,2018-05-10 11:06:09.420000
West Bohemia 2018,WB.KRC,S,2018-05-10 11:06:27.900000
West Bohemia 2018,WB.KRC,S,2018-05-10 11:06:28.060000
West Bohemia 2018,WB.KRC,S,2018-05-10 11:09:04.090000
West Bohemia 2018,WB.KRC,S,2018-05-10 11:09:04.410000
West Bohemia 2018,WB.KRC,S,2018-05-10 11:10:01.480000
West Bohemia 2018,WB.KRC,S,2018-05-10 11:17:05.640000
West Bohemia 2018,WB.KRC,S,2018-05-10 11:48:44.490000
West Bohemia 2018,WB.KRC,S,2018-05-11 09:06:16.940000
West Bohemia 2018,WB.KRC,S,2018-05-11 09:06:31.810000
West Bohemia 2018,WB.KRC,S,2018-05-11 09:06:49.470000
West Bohemia 2018,WB.KRC,S,2018-05-11 09:06:50.260000
West Bohemia 2018,WB.KRC,S,2018-05-11 09:32:40.720000
West Bohemia 2018,WB.KRC,S,2018-05-11 09:36:24.920000
West Bohemia 2018,WB.KRC,S,2018-05-11 09:36:37.440000
West Bohemia 2018,WB.KRC,S,2018-05-11 09:36:38.500000
West Bohemia 2018,WB.KRC,S,2018-05-11 09:36:56.940000
West Bohemia 2018,WB.KRC,S,2018-05-11 09:37:05.470000
West Bohemia 2018,WB.KRC,S,2018-05-11 09:37:15.320000
West Bohemia 2018,WB.KRC,S,2018-05-11 09:37:36.190000
West Bohemia 2018,WB.KRC,S,2018-05-11 09:37:53.150000
West Bohemia 2018,WB.KRC,S,2018-05-11 09:37:55.040000
West Bohemia 2018,WB.KRC,S,2018-05-11 09:38:09.120000
West Bohemia 2018,WB.KRC,S,2018-05-11 09:39:59.300000
West Bohemia 2018,WB.KRC,S,2018-05-11 09:40:01.520000
West Bohemia 2018,WB.KRC,S,2018-05-11 09:40:12.920000
West Bohemia 2018,WB.KRC,S,2018-05-11 09:40:49.540000
West Bohemia 2018,WB.KRC,S,2018-05-11 09:41:56.400000
West Bohemia 2018,WB.KRC,S,2018-05-11 09:46:08.000000
West Bohemia 2018,WB.KRC,S,2018-05-11 09:48:57.560000
West Bohemia 2018,WB.KRC,S,2018-05-11 09:51:03.090000
West Bohemia 2018,WB.KRC,S,2018-05-11 09:51:09.620000
West Bohemia 2018,WB.KRC,S,2018-05-11 09:52:25.300000
West Bohemia 2018,WB.KRC,S,2018-05-11 09:52:57.920000
West Bohemia 2018,WB.KRC,S,2018-05-11 09:53:07.770000
West Bohemia 2018,WB.KRC,S,2018-05-11 09:53:34.230000
West Bohemia 2018,WB.KRC,S,2018-05-11 09:53:42.980000
West Bohemia 2018,WB.KRC,S,2018-05-11 09:53:47.280000
West Bohemia 2018,WB.KRC,S,2018-05-11 09:53:55.670000
West Bohemia 2018,WB.KRC,S,2018-05-11 09:54:06.290000
West Bohemia 2018,WB.KRC,S,2018-05-11 09:54:21.500000
West Bohemia 2018,WB.KRC,S,2018-05-11 09:54:25.400000
West Bohemia 2018,WB.KRC,S,2018-05-11 09:54:42.640000
West Bohemia 2018,WB.KRC,S,2018-05-11 09:55:22.260000
West Bohemia 2018,WB.KRC,S,2018-05-11 09:55:35.450000
West Bohemia 2018,WB.KRC,S,2018-05-11 09:55:37.200000
West Bohemia 2018,WB.KRC,S,2018-05-11 09:55:40.510000
West Bohemia 2018,WB.KRC,S,2018-05-11 09:58:02.240000
West Bohemia 2018,WB.KRC,S,2018-05-11 09:59:25.030000
West Bohemia 2018,WB.KRC,S,2018-05-11 09:59:41.360000
West Bohemia 2018,WB.KRC,S,2018-05-11 10:01:15.920000
West Bohemia 2018,WB.KRC,S,2018-05-11 10:06:00.530000
West Bohemia 2018,WB.KRC,S,2018-05-11 10:06:00.960000
West Bohemia 2018,WB.KRC,S,2018-05-11 10:06:01.290000
West Bohemia 2018,WB.KRC,S,2018-05-11 10:06:56.110000
West Bohemia 2018,WB.KRC,S,2018-05-11 10:06:57.080000
West Bohemia 2018,WB.KRC,S,2018-05-11 10:07:02.920000
West Bohemia 2018,WB.KRC,S,2018-05-11 10:07:03.970000
West Bohemia 2018,WB.KRC,S,2018-05-11 10:08:02.970000
West Bohemia 2018,WB.KRC,S,2018-05-11 10:11:31.700000
West Bohemia 2018,WB.KRC,S,2018-05-11 10:11:48.080000
West Bohemia 2018,WB.KRC,S,2018-05-11 10:12:02.000000
West Bohemia 2018,WB.KRC,S,2018-05-11 10:12:03.790000
West Bohemia 2018,WB.KRC,S,2018-05-11 10:12:34.360000
West Bohemia 2018,WB.KRC,S,2018-05-11 10:18:13.030000
West Bohemia 2018,WB.KRC,S,2018-05-11 10:18:15.140000
West Bohemia 2018,WB.KRC,S,2018-05-11 10:18:15.870000
West Bohemia 2018,WB.KRC,S,2018-05-11 10:19:55.120000
West Bohemia 2018,WB.KRC,S,2018-05-11 10:21:33.740000
West Bohemia 2018,WB.KRC,S,2018-05-11 10:21:34.120000
West Bohemia 2018,WB.KRC,S,2018-05-11 10:21:47.100000
West Bohemia 2018,WB.KRC,S,2018-05-11 10:25:02.800000
West Bohemia 2018,WB.KRC,S,2018-05-11 10:27:51.080000
West Bohemia 2018,WB.KRC,S,2018-05-11 10:28:01.400000
West Bohemia 2018,WB.KRC,S,2018-05-11 10:28:10.060000
West Bohemia 2018,WB.KRC,S,2018-05-11 10:28:22.220000
West Bohemia 2018,WB.KRC,S,2018-05-11 10:28:25.840000
West Bohemia 2018,WB.KRC,S,2018-05-11 10:28:33.600000
West Bohemia 2018,WB.KRC,S,2018-05-11 10:28:41.720000
West Bohemia 2018,WB.KRC,S,2018-05-11 10:28:42.270000
West Bohemia 2018,WB.KRC,S,2018-05-11 10:28:43.750000
West Bohemia 2018,WB.KRC,S,2018-05-11 10:29:02.690000
West Bohemia 2018,WB.KRC,S,2018-05-11 10:30:21.250000
West Bohemia 2018,WB.KRC,S,2018-05-11 10:31:21.860000
West Bohemia 2018,WB.KRC,S,2018-05-11 10:31:27.390000
West Bohemia 2018,WB.KRC,S,2018-05-11 10:31:30.560000
West Bohemia 2018,WB.KRC,S,2018-05-11 10:31:38.440000
West Bohemia 2018,WB.KRC,S,2018-05-11 10:31:44.140000
West Bohemia 2018,WB.KRC,S,2018-05-11 10:31:45.020000
West Bohemia 2018,WB.KRC,S,2018-05-11 10:32:22.860000
West Bohemia 2018,WB.KRC,S,2018-05-11 10:33:07.780000
West Bohemia 2018,WB.KRC,S,2018-05-11 10:33:10.440000
West Bohemia 2018,WB.KRC,S,2018-05-11 10:33:39.470000
West Bohemia 2018,WB.KRC,S,2018-05-11 10:45:27.690000
West Bohemia 2018,WB.KRC,S,2018-05-11 10:45:39.660000
West Bohemia 2018,WB.KRC,S,2018-05-11 10:45:44.070000
West Bohemia 2018,WB.KRC,S,2018-05-11 11:02:42.750000
West Bohemia 2018,WB.KRC,S,2018-05-11 11:03:16.050000
West Bohemia 2018,WB.KRC,S,2018-05-11 11:03:16.500000
West Bohemia 2018,WB.KRC,S,2018-05-11 11:04:09.820000
West Bohemia 2018,WB.KRC,S,2018-05-11 11:04:51.390000
West Bohemia 2018,WB.KRC,S,2018-05-11 11:09:02.530000
West Bohemia 2018,WB.KRC,S,2018-05-11 11:11:22.270000
West Bohemia 2018,WB.KRC,S,2018-05-11 11:13:13.200000
West Bohemia 2018,WB.KRC,S,2018-05-11 11:25:07.480000
West Bohemia 2018,WB.KRC,S,2018-05-11 11:25:10.020000
West Bohemia 2018,WB.KRC,S,2018-05-11 11:30:33.320000
West Bohemia 2018,WB.KRC,S,2018-05-11 11:31:07.240000
West Bohemia 2018,WB.KRC,S,2018-05-11 11:31:24.060000
West Bohemia 2018,WB.KRC,S,2018-05-11 11:31:24.130000
West Bohemia 2018,WB.KRC,S,2018-05-11 11:31:24.640000
West Bohemia 2018,WB.KRC,S,2018-05-11 11:31:31.250000
West Bohemia 2018,WB.KRC,S,2018-05-11 11:31:34.690000
West Bohemia 2018,WB.KRC,S,2018-05-11 11:34:39.790000
West Bohemia 2018,WB.KRC,S,2018-05-11 11:34:47.980000
West Bohemia 2018,WB.KRC,S,2018-05-11 11:34:54.180000
West Bohemia 2018,WB.KRC,S,2018-05-11 11:35:11.290000
West Bohemia 2018,WB.KRC,S,2018-05-11 11:35:13.030000
West Bohemia 2018,WB.KRC,S,2018-05-11 11:35:14.060000
West Bohemia 2018,WB.KRC,S,2018-05-11 11:35:14.640000
West Bohemia 2018,WB.KRC,S,2018-05-11 11:35:17.880000
West Bohemia 2018,WB.KRC,S,2018-05-11 11:35:20.100000
West Bohemia 2018,WB.KRC,S,2018-05-11 11:35:32.180000
West Bohemia 2018,WB.KRC,S,2018-05-11 11:35:41.990000
West Bohemia 2018,WB.KRC,S,2018-05-11 11:35:43.290000
West Bohemia 2018,WB.KRC,S,2018-05-11 11:35:45.280000
West Bohemia 2018,WB.KRC,S,2018-05-11 11:35:49.410000
West Bohemia 2018,WB.KRC,S,2018-05-11 11:35:52.370000
West Bohemia 2018,WB.KRC,S,2018-05-11 11:38:28.990000
West Bohemia 2018,WB.KRC,S,2018-05-11 11:38:53.740000
West Bohemia 2018,WB.KRC,S,2018-05-11 11:39:02.340000
West Bohemia 2018,WB.KRC,S,2018-05-11 11:39:02.450000
West Bohemia 2018,WB.KRC,S,2018-05-11 11:39:04.150000
West Bohemia 2018,WB.KRC,S,2018-05-11 11:39:23.310000
West Bohemia 2018,WB.KRC,S,2018-05-11 11:39:42.760000
West Bohemia 2018,WB.KRC,S,2018-05-11 11:39:48.990000
West Bohemia 2018,WB.KRC,S,2018-05-11 11:39:53.640000
West Bohemia 2018,WB.KRC,S,2018-05-11 11:39:54.860000
West Bohemia 2018,WB.KRC,S,2018-05-11 11:39:57.220000
West Bohemia 2018,WB.KRC,S,2018-05-11 11:40:10.080000
West Bohemia 2018,WB.KRC,S,2018-05-11 11:42:14.280000
West Bohemia 2018,WB.KRC,S,2018-05-11 11:42:16.610000
West Bohemia 2018,WB.KRC,S,2018-05-11 11:42:20.110000
West Bohemia 2018,WB.LBC,P,2018-05-10 09:02:26.950000
West Bohemia 2018,WB.LBC,P,2018-05-10 09:02:30.940000
West Bohemia 2018,WB.LBC,P,2018-05-10 09:02:52.140000
West Bohemia 2018,WB.LBC,P,2018-05-10 09:03:32.400000
West Bohemia 2018,WB.LBC,P,2018-05-10 09:03:37.360000
West Bohemia 2018,WB.LBC,P,2018-05-10 09:03:50.780000
West Bohemia 2018,WB.LBC,P,2018-05-10 09:04:30.840000
West Bohemia 2018,WB.LBC,P,2018-05-10 09:04:31.040000
West Bohemia 2018,WB.LBC,P,2018-05-10 09:04:56.200000
West Bohemia 2018,WB.LBC,P,2018-05-10 09:08:34.380000
West Bohemia 2018,WB.LBC,P,2018-05-10 09:08:43.800000
West Bohemia 2018,WB.LBC,P,2018-05-10 09:09:01.920000
West Bohemia 2018,WB.LBC,P,2018-05-10 09:09:44.560000
West Bohemia 2018,WB.LBC,P,2018-05-10 09:10:02.860000
West Bohemia 2018,WB.LBC,P,2018-05-10 09:11:08.480000
West Bohemia 2018,WB.LBC,P,2018-05-10 09:12:02.570000
West Bohemia 2018,WB.LBC,P,2018-05-10 09:12:40.260000
West Bohemia 2018,WB.LBC,P,2018-05-10 09:13:04.460000
West Bohemia 2018,WB.LBC,P,2018-05-10 09:13:26.510000
West Bohemia 2018,WB.LBC,P,2018-05-10 09:14:23.940000
West Bohemia 2018,WB.LBC,P,2018-05-10 09:15:14.210000
West Bohemia 2018,WB.LBC,P,2018-05-10 09:26:53.620000
West Bohemia 2018,WB.LBC,P,2018-05-10 09:32:16.330000
West Bohemia 2018,WB.LBC,P,2018-05-10 09:34:26.580000
West Bohemia 2018,WB.LBC,P,2018-05-10 09:34:26.680000
West Bohemia 2018,WB.LBC,P,2018-05-10 09:34:52.210000
West Bohemia 2018,WB.LBC,P,2018-05-10 09:35:08.340000
West Bohemia 2018,WB.LBC,P,2018-05-10 09:35:08.460000
West Bohemia 2018,WB.LBC,P,2018-05-10 09:35:19.340000
West Bohemia 2018,WB.LBC,P,2018-05-10 09:35:19.750000
West Bohemia 2018,WB.LBC,P,2018-05-10 09:35:27.120000
West Bohemia 2018,WB.LBC,P,2018-05-10 09:35:27.720000
West Bohemia 2018,WB.LBC,P,2018-05-10 09:35:38.070000
West Bohemia 2018,WB.LBC,P,2018-05-10 09:35:41.810000
West Bohemia 2018,WB.LBC,P,2018-05-10 09:36:28.780000
West Bohemia 2018,WB.LBC,P,2018-05-10 09:36:46.880000
West Bohemia 2018,WB.LBC,P,2018-05-10 09:36:53.080000
West Bohemia 2018,WB.LBC,P,2018-05-10 09:37:05.010000
West Bohemia 2018,WB.LBC,P,2018-05-10 09:37:12.030000
West Bohemia 2018,WB.LBC,P,2018-05-10 09:37:37.120000
West Bohemia 2018,WB.LBC,P,2018-05-10 09:37:37.880000
West Bohemia 2018,WB.LBC,P,2018-05-10 09:37:53.740000
West Bohemia 2018,WB.LBC,P,2018-05-10 09:39:32.590000
West Bohemia 2018,WB.LBC,P,2018-05-10 09:39:54.130000
West Bohemia 2018,WB.LBC,P,2018-05-10 09:40:06.960000
West Bohemia 2018,WB.LBC,P,2018-05-10 09:40:09.400000
West Bohemia 2018,WB.LBC,P,2018-05-10 09:41:07.900000
West Bohemia 2018,WB.LBC,P,2018-05-10 09:42:53.100000
West Bohemia 2018,WB.LBC,P,2018-05-10 09:46:00.630000
West Bohemia 2018,WB.LBC,P,2018-05-10 09:46:24.420000
West Bohemia 2018,WB.LBC,P,2018-05-10 09:46:36.090000
West Bohemia 2018,WB.LBC,P,2018-05-10 09:46:58.620000
West Bohemia 2018,WB.LBC,P,2018-05-10 09:47:08.620000
West Bohemia 2018,WB.LBC,P,2018-05-10 09:47:25.920000
West Bohemia 2018,WB.LBC,P,2018-05-10 09:47:29.590000
West Bohemia 2018,WB.LBC,P,2018-05-10 09:47:32.900000
West Bohemia 2018,WB.LBC,P,2018-05-10 09:47:37.350000
West Bohemia 2018,WB.LBC,P,2018-05-10 09:47:53.640000
West Bohemia 2018,WB.LBC,P,2018-05-10 09:48:09.030000
West Bohemia 2018,WB.LBC,P,2018-05-10 09:48:13.420000
West Bohemia 2018,WB.LBC,P,2018-05-10 09:48:19.970000
West Bohemia 2018,WB.LBC,P,2018-05-10 09:48:31.670000
West Bohemia 2018,WB.LBC,P,2018-05-10 09:48:46.920000
West Bohemia 2018,WB.LBC,P,2018-05-10 09:48:51.250000
West Bohemia 2018,WB.LBC,P,2018-05-10 09:49:25.210000
West Bohemia 2018,WB.LBC,P,2018-05-10 09:49:31.030000
West Bohemia 2018,WB.LBC,P,2018-05-10 09:49:33.570000
West Bohemia 2018,WB.LBC,P,2018-05-10 09:49:49.740000
West Bohemia 2018,WB.LBC,P,2018-05-10 09:50:25.870000
West Bohemia 2018,WB.LBC,P,2018-05-10 09:50:42.470000
West Bohemia 2018,WB.LBC,P,2018-05-10 09:50:56.180000
West Bohemia 2018,WB.LBC,P,2018-05-10 09:51:08.420000
West Bohemia 2018,WB.LBC,P,2018-05-10 09:51:15.700000
West Bohemia 2018,WB.LBC,P,2018-05-10 09:51:25.220000
West Bohemia 2018,WB.LBC,P,2018-05-10 09:51:32.170000
West Bohemia 2018,WB.LBC,P,2018-05-10 09:51:44.680000
West Bohemia 2018,WB.LBC,P,2018-05-10 09:51:55.010000
West Bohemia 2018,WB.LBC,P,2018-05-10 09:51:56.880000
West Bohemia 2018,WB.LBC,P,2018-05-10 09:52:02.830000
West Bohemia 2018,WB.LBC,P,2018-05-10 09:53:24.560000
West Bohemia 2018,WB.LBC,P,2018-05-10 09:53:48.860000
West Bohemia 2018,WB.LBC,P,2018-05-10 09:54:08.570000
West Bohemia 2018,WB.LBC,P,2018-05-10 09:54:15.000000
West Bohemia 2018,WB.LBC,P,2018-05-10 09:54:53.250000
West Bohemia 2018,WB.LBC,P,2018-05-10 09:54:54.250000
West Bohemia 2018,WB.LBC,P,2018-05-10 09:55:07.600000
West Bohemia 2018,WB.LBC,P,2018-05-10 09:55:18.430000
West Bohemia 2018,WB.LBC,P,2018-05-10 09:55:46.190000
West Bohemia 2018,WB.LBC,P,2018-05-10 09:57:22.860000
West Bohemia 2018,WB.LBC,P,2018-05-10 09:57:46.550000
West Bohemia 2018,WB.LBC,P,2018-05-10 09:57:55.480000
West Bohemia 2018,WB.LBC,P,2018-05-10 09:58:00.760000
West Bohemia 2018,WB.LBC,P,2018-05-10 09:58:31.850000
West Bohemia 2018,WB.LBC,P,2018-05-10 10:01:11.620000
West Bohemia 2018,WB.LBC,P,2018-05-10 10:01:44.060000
West Bohemia 2018,WB.LBC,P,2018-05-10 10:01:49.840000
West Bohemia 2018,WB.LBC,P,2018-05-10 10:02:08.540000
West Bohemia 2018,WB.LBC,P,2018-05-10 10:02:42.540000
West Bohemia 2018,WB.LBC,P,2018-05-10 10:02:48.760000
West Bohemia 2018,WB.LBC,P,2018-05-10 10:02:59.490000
West Bohemia 2018,WB.LBC,P,2018-05-10 10:04:32.060000
West Bohemia 2018,WB.LBC,P,2018-05-10 10:04:38.900000
West Bohemia 2018,WB.LBC,P,2018-05-10 10:04:48.960000
West Bohemia 2018,WB.LBC,P,2018-05-10 10:04:51.340000
West Bohemia 2018,WB.LBC,P,2018-05-10 10:04:52.880000
West Bohemia 2018,WB.LBC,P,2018-05-10 10:04:59.520000
West Bohemia 2018,WB.LBC,P,2018-05-10 10:05:01.660000
West Bohemia 2018,WB.LBC,P,2018-05-10 10:05:03.730000
West Bohemia 2018,WB.LBC,P,2018-05-10 10:05:04.400000
West Bohemia 2018,WB.LBC,P,2018-05-10 10:05:10.980000
West Bohemia 2018,WB.LBC,P,2018-05-10 10:05:21.540000
West Bohemia 2018,WB.LBC,P,2018-05-10 10:05:44.050000
West Bohemia 2018,WB.LBC,P,2018-05-10 10:05:56.190000
West Bohemia 2018,WB.LBC,P,2018-05-10 10:05:59.630000
West Bohemia 2018,WB.LBC,P,2018-05-10 10:06:01.940000
West Bohemia 2018,WB.LBC,P,2018-05-10 10:06:09.460000
West Bohemia 2018,WB.LBC,P,2018-05-10 10:06:21.710000
West Bohemia 2018,WB.LBC,P,2018-05-10 10:06:29.210000
West Bohemia 2018,WB.LBC,P,2018-05-10 10:06:37.680000
West Bohemia 2018,WB.LBC,P,2018-05-10 10:06:59.370000
West Bohemia 2018,WB.LBC,P,2018-05-10 10:07:00.090000
West Bohemia 2018,WB.LBC,P,2018-05-10 10:07:17.580000
West Bohemia 2018,WB.LBC,P,2018-05-10 10:07:44.780000
West Bohemia 2018,WB.LBC,P,2018-05-10 10:08:08.060000
West Bohemia 2018,WB.LBC,P,2018-05-10 10:08:09.400000
West Bohemia 2018,WB.LBC,P,2018-05-10 10:09:19.870000
West Bohemia 2018,WB.LBC,P,2018-05-10 10:09:45.720000
West Bohemia 2018,WB.LBC,P,2018-05-10 10:10:14.950000
West Bohemia 2018,WB.LBC,P,2018-05-10 10:22:19.330000
West Bohemia 2018,WB.LBC,P,2018-05-10 10:22:19.390000
West Bohemia 2018,WB.LBC,P,2018-05-10 10:22:33.920000
West Bohemia 2018,WB.LBC,P,2018-05-10 10:22:37.060000
West Bohemia 2018,WB.LBC,P,2018-05-10 10:23:16.250000
West Bohemia 2018,WB.LBC,P,2018-05-10 10:23:33.880000
West Bohemia 2018,WB.LBC,P,2018-05-10 10:24:04.430000
West Bohemia 2018,WB.LBC,P,2018-05-10 10:24:21.640000
West Bohemia 2018,WB.LBC,P,2018-05-10 10:24:25.040000
West Bohemia 2018,WB.LBC,P,2018-05-10 10:24:26.270000
West Bohemia 2018,WB.LBC,P,2018-05-10 10:25:00.390000
West Bohemia 2018,WB.LBC,P,2018-05-10 10:25:00.910000
West Bohemia 2018,WB.LBC,P,2018-05-10 10:25:17.240000
West Bohemia 2018,WB.LBC,P,2018-05-10 10:25:54.840000
West Bohemia 2018,WB.LBC,P,2018-05-10 10:25:57.920000
West Bohemia 2018,WB.LBC,P,2018-05-10 10:26:08.030000
West Bohemia 2018,WB.LBC,P,2018-05-10 10:26:28.220000
West Bohemia 2018,WB.LBC,P,2018-05-10 10:27:36.200000
West Bohemia 2018,WB.LBC,P,2018-05-10 10:28:20.780000
West Bohemia 2018,WB.LBC,P,2018-05-10 10:28:46.110000
West Bohemia 2018,WB.LBC,P,2018-05-10 10:28:58.420000
West Bohemia 2018,WB.LBC,P,2018-05-10 10:29:00.520000
West Bohemia 2018,WB.LBC,P,2018-05-10 10:29:32.870000
West Bohemia 2018,WB.LBC,P,2018-05-10 10:29:39.740000
West Bohemia 2018,WB.LBC,P,2018-05-10 10:34:08.680000
West Bohemia 2018,WB.LBC,P,2018-05-10 10:34:18.770000
West Bohemia 2018,WB.LBC,P,2018-05-10 10:34:53.470000
West Bohemia 2018,WB.LBC,P,2018-05-10 10:35:44.220000
West Bohemia 2018,WB.LBC,P,2018-05-10 10:39:36.350000
West Bohemia 2018,WB.LBC,P,2018-05-10 10:39:39.420000
West Bohemia 2018,WB.LBC,P,2018-05-10 10:39:40.230000
West Bohemia 2018,WB.LBC,P,2018-05-10 10:39:45.070000
West Bohemia 2018,WB.LBC,P,2018-05-10 10:40:04.860000
West Bohemia 2018,WB.LBC,P,2018-05-10 10:41:10.400000
West Bohemia 2018,WB.LBC,P,2018-05-10 10:41:14.760000
West Bohemia 2018,WB.LBC,P,2018-05-10 10:41:22.780000
West Bohemia 2018,WB.LBC,P,2018-05-10 10:46:38.640000
West Bohemia 2018,WB.LBC,P,2018-05-10 10:46:46.310000
West Bohemia 2018,WB.LBC,P,2018-05-10 11:04:35.740000
West Bohemia 2018,WB.LBC,P,2018-05-10 11:06:07.080000
West Bohemia 2018,WB.LBC,P,2018-05-10 11:06:25.550000
West Bohemia 2018,WB.LBC,P,2018-05-10 11:06:25.680000
West Bohemia 2018,WB.LBC,P,2018-05-10 11:09:01.690000
West Bohemia 2018,WB.LBC,P,2018-05-10 11:09:02.000000
West Bohemia 2018,WB.LBC,P,2018-05-10 11:09:59.070000
West Bohemia 2018,WB.LBC,P,2018-05-10 11:17:03.310000
West Bohemia 2018,WB.LBC,P,2018-05-10 11:48:42.100000
West Bohemia 2018,WB.LBC,P,2018-05-11 09:06:14.780000
West Bohemia 2018,WB.LBC,P,2018-05-11 09:06:29.640000
West Bohemia 2018,WB.LBC,P,2018-05-11 09:06:47.250000
West Bohemia 2018,WB.LBC,P,2018-05-11 09:06:48.050000
West Bohemia 2018,WB.LBC,P,2018-05-11 09:32:38.570000
West Bohemia 2018,WB.LBC,P,2018-05-11 09:36:21.760000
West Bohemia 2018,WB.LBC,P,2018-05-11 09:36:22.740000
West Bohemia 2018,WB.LBC,P,2018-05-11 09:36:35.230000
West Bohemia 2018,WB.LBC,P,2018-05-11 09:36:36.320000
West Bohemia 2018,WB.LBC,P,2018-05-11 09:36:54.750000
West Bohemia 2018,WB.LBC,P,2018-05-11 09:37:03.280000
West Bohemia 2018,WB.LBC,P,2018-05-11 09:37:13.140000
West Bohemia 2018,WB.LBC,P,2018-05-11 09:37:33.990000
West Bohemia 2018,WB.LBC,P,2018-05-11 09:37:50.990000
West Bohemia 2018,WB.LBC,P,2018-05-11 09:37:52.830000
West Bohemia 2018,WB.LBC,P,2018-05-11 09:38:06.930000
West Bohemia 2018,WB.LBC,P,2018-05-11 09:39:57.080000
West Bohemia 2018,WB.LBC,P,2018-05-11 09:39:59.360000
West Bohemia 2018,WB.LBC,P,2018-05-11 09:40:10.740000
West Bohemia 2018,WB.LBC,P,2018-05-11 09:40:47.390000
West Bohemia 2018,WB.LBC,P,2018-05-11 09:41:54.210000
West Bohemia 2018,WB.LBC,P,2018-05-11 09:46:05.870000
West Bohemia 2018,WB.LBC,P,2018-05-11 09:48:55.380000
West Bohemia 2018,WB.LBC,P,2018-05-11 09:51:00.930000
West Bohemia 2018,WB.LBC,P,2018-05-11 09:51:07.430000
West Bohemia 2018,WB.LBC,P,2018-05-11 09:52:23.150000
West Bohemia 2018,WB.LBC,P,2018-05-11 09:52:55.750000
West Bohemia 2018,WB.LBC,P,2018-05-11 09:53:05.610000
West Bohemia 2018,WB.LBC,P,2018-05-11 09:53:31.840000
West Bohemia 2018,WB.LBC,P,2018-05-11 09:53:40.800000
West Bohemia 2018,WB.LBC,P,2018-05-11 09:53:42.720000
West Bohemia 2018,WB.LBC,P,2018-05-11 09:53:45.030000
West Bohemia 2018,WB.LBC,P,2018-05-11 09:53:53.480000
West Bohemia 2018,WB.LBC,P,2018-05-11 09:54:02.570000
West Bohemia 2018,WB.LBC,P,2018-05-11 09:54:19.320000
West Bohemia 2018,WB.LBC,P,2018-05-11 09:54:23.210000
West Bohemia 2018,WB.LBC,P,2018-05-11 09:54:40.420000
West Bohemia 2018,WB.LBC,P,2018-05-11 09:55:20.010000
West Bohemia 2018,WB.LBC,P,2018-05-11 09:55:33.260000
West Bohemia 2018,WB.LBC,P,2018-05-11 09:55:35.000000
West Bohemia 2018,WB.LBC,P,2018-05-11 09:55:38.330000
West Bohemia 2018,WB.LBC,P,2018-05-11 09:58:00.110000
West Bohemia 2018,WB.LBC,P,2018-05-11 09:59:22.890000
West Bohemia 2018,WB.LBC,P,2018-05-11 09:59:39.230000
West Bohemia 2018,WB.LBC,P,2018-05-11 10:01:13.740000
West Bohemia 2018,WB.LBC,P,2018-05-11 10:05:58.370000
West Bohemia 2018,WB.LBC,P,2018-05-11 10:05:58.800000
West Bohemia 2018,WB.LBC,P,2018-05-11 10:05:59.100000
West Bohemia 2018,WB.LBC,P,2018-05-11 10:06:53.920000
West Bohemia 2018,WB.LBC,P,2018-05-11 10:06:54.910000
West Bohemia 2018,WB.LBC,P,2018-05-11 10:07:00.700000
West Bohemia 2018,WB.LBC,P,2018-05-11 10:08:00.800000
West Bohemia 2018,WB.LBC,P,2018-05-11 10:11:29.510000
West Bohemia 2018,WB.LBC,P,2018-05-11 10:11:45.850000
West Bohemia 2018,WB.LBC,P,2018-05-11 10:11:59.850000
West Bohemia 2018,WB.LBC,P,2018-05-11 10:12:01.590000
West Bohemia 2018,WB.LBC,P,2018-05-11 10:12:32.210000
West Bohemia 2018,WB.LBC,P,2018-05-11 10:18:10.800000
West Bohemia 2018,WB.LBC,P,2018-05-11 10:18:12.930000
West Bohemia 2018,WB.LBC,P,2018-05-11 10:18:13.680000
West Bohemia 2018,WB.LBC,P,2018-05-11 10:19:52.890000
West Bohemia 2018,WB.LBC,P,2018-05-11 10:21:31.570000
West Bohemia 2018,WB.LBC,P,2018-05-11 10:21:31.970000
West Bohemia 2018,WB.LBC,P,2018-05-11 10:21:44.920000
West Bohemia 2018,WB.LBC,P,2018-05-11 10:25:00.620000
West Bohemia 2018,WB.LBC,P,2018-05-11 10:27:48.020000
West Bohemia 2018,WB.LBC,P,2018-05-11 10:27:48.920000
West Bohemia 2018,WB.LBC,P,2018-05-11 10:27:59.210000
West Bohemia 2018,WB.LBC,P,2018-05-11 10:28:07.860000
West Bohemia 2018,WB.LBC,P,2018-05-11 10:28:20.070000
West Bohemia 2018,WB.LBC,P,2018-05-11 10:28:23.650000
West Bohemia 2018,WB.LBC,P,2018-05-11 10:28:28.780000
West Bohemia 2018,WB.LBC,P,2018-05-11 10:28:29.980000
West Bohemia 2018,WB.LBC,P,2018-05-11 10:28:31.460000
West Bohemia 2018,WB.LBC,P,2018-05-11 10:28:39.490000
West Bohemia 2018,WB.LBC,P,2018-05-11 10:28:40.110000
West Bohemia 2018,WB.LBC,P,2018-05-11 10:29:00.480000
West Bohemia 2018,WB.LBC,P,2018-05-11 10:30:19.120000
West Bohemia 2018,WB.LBC,P,2018-05-11 10:31:19.670000
West Bohemia 2018,WB.LBC,P,2018-05-11 10:31:25.200000
West Bohemia 2018,WB.LBC,P,2018-05-11 10:31:28.350000
West Bohemia 2018,WB.LBC,P,2018-05-11 10:31:36.270000
West Bohemia 2018,WB.LBC,P,2018-05-11 10:31:41.980000
West Bohemia 2018,WB.LBC,P,2018-05-11 10:31:42.810000
West Bohemia 2018,WB.LBC,P,2018-05-11 10:32:20.620000
West Bohemia 2018,WB.LBC,P,2018-05-11 10:33:05.570000
West Bohemia 2018,WB.LBC,P,2018-05-11 10:33:08.230000
West Bohemia 2018,WB.LBC,P,2018-05-11 10:33:37.320000
West Bohemia 2018,WB.LBC,P,2018-05-11 10:45:25.510000
West Bohemia 2018,WB.LBC,P,2018-05-11 10:45:37.490000
West Bohemia 2018,WB.LBC,P,2018-05-11 10:45:41.890000
West Bohemia 2018,WB.LBC,P,2018-05-11 11:02:40.530000
West Bohemia 2018,WB.LBC,P,2018-05-11 11:03:13.860000
West Bohemia 2018,WB.LBC,P,2018-05-11 11:03:14.340000
West Bohemia 2018,WB.LBC,P,2018-05-11 11:04:07.600000
West Bohemia 2018,WB.LBC,P,2018-05-11 11:04:49.180000
West Bohemia 2018,WB.LBC,P,2018-05-11 11:09:00.300000
West Bohemia 2018,WB.LBC,P,2018-05-11 11:11:20.060000
West Bohemia 2018,WB.LBC,P,2018-05-11 11:13:11.020000
West Bohemia 2018,WB.LBC,P,2018-05-11 11:25:05.420000
West Bohemia 2018,WB.LBC,P,2018-05-11 11:25:07.880000
West Bohemia 2018,WB.LBC,P,2018-05-11 11:30:31.170000
West Bohemia 2018,WB.LBC,P,2018-05-11 11:31:05.010000
West Bohemia 2018,WB.LBC,P,2018-05-11 11:31:21.840000
West Bohemia 2018,WB.LBC,P,2018-05-11 11:31:21.910000
West Bohemia 2018,WB.LBC,P,2018-05-11 11:31:22.400000
West Bohemia 2018,WB.LBC,P,2018-05-11 11:31:28.680000
West Bohemia 2018,WB.LBC,P,2018-05-11 11:31:29.020000
West Bohemia 2018,WB.LBC,P,2018-05-11 11:31:32.460000
West Bohemia 2018,WB.LBC,P,2018-05-11 11:34:37.580000
West Bohemia 2018,WB.LBC,P,2018-05-11 11:34:45.840000
West Bohemia 2018,WB.LBC,P,2018-05-11 11:34:52.010000
West Bohemia 2018,WB.LBC,P,2018-05-11 11:35:09.080000
West Bohemia 2018,WB.LBC,P,2018-05-11 11:35:10.880000
West Bohemia 2018,WB.LBC,P,2018-05-11 11:35:11.850000
West Bohemia 2018,WB.LBC,P,2018-05-11 11:35:12.440000
West Bohemia 2018,WB.LBC,P,2018-05-11 11:35:15.160000
West Bohemia 2018,WB.LBC,P,2018-05-11 11:35:15.680000
West Bohemia 2018,WB.LBC,P,2018-05-11 11:35:17.900000
West Bohemia 2018,WB.LBC,P,2018-05-11 11:35:19.940000
West Bohemia 2018,WB.LBC,P,2018-05-11 11:35:30.000000
West Bohemia 2018,WB.LBC,P,2018-05-11 11:35:39.790000
West Bohemia 2018,WB.LBC,P,2018-05-11 11:35:41.100000
West Bohemia 2018,WB.LBC,P,2018-05-11 11:35:43.120000
West Bohemia 2018,WB.LBC,P,2018-05-11 11:35:47.210000
West Bohemia 2018,WB.LBC,P,2018-05-11 11:35:50.190000
West Bohemia 2018,WB.LBC,P,2018-05-11 11:38:26.820000
West Bohemia 2018,WB.LBC,P,2018-05-11 11:38:50.740000
West Bohemia 2018,WB.LBC,P,2018-05-11 11:38:51.520000
West Bohemia 2018,WB.LBC,P,2018-05-11 11:39:00.120000
West Bohemia 2018,WB.LBC,P,2018-05-11 11:39:00.230000
West Bohemia 2018,WB.LBC,P,2018-05-11 11:39:01.950000
West Bohemia 2018,WB.LBC,P,2018-05-11 11:39:21.120000
West Bohemia 2018,WB.LBC,P,2018-05-11 11:39:29.560000
West Bohemia 2018,WB.LBC,P,2018-05-11 11:39:40.560000
West Bohemia 2018,WB.LBC,P,2018-05-11 11:39:46.790000
West Bohemia 2018,WB.LBC,P,2018-05-11 11:39:47.130000
West Bohemia 2018,WB.LBC,P,2018-05-11 11:39:49.000000
West Bohemia 2018,WB.LBC,P,2018-05-11 11:39:51.420000
West Bohemia 2018,WB.LBC,P,2018-05-11 11:39:55.010000
West Bohemia 2018,WB.LBC,P,2018-05-11 11:40:07.840000
West Bohemia 2018,WB.LBC,P,2018-05-11 11:42:12.110000
West Bohemia 2018,WB.LBC,P,2018-05-11 11:42:14.420000
West Bohemia 2018,WB.LBC,P,2018-05-11 11:42:17.870000
West Bohemia 2018,WB.LBC,S,2018-05-10 09:02:28.280000
West Bohemia 2018,WB.LBC,S,2018-05-10 09:02:32.260000
West Bohemia 2018,WB.LBC,S,2018-05-10 09:02:53.470000
West Bohemia 2018,WB.LBC,S,2018-05-10 09:03:33.740000
West Bohemia 2018,WB.LBC,S,2018-05-10 09:03:38.700000
West Bohemia 2018,WB.LBC,S,2018-05-10 09:03:52.070000
West Bohemia 2018,WB.LBC,S,2018-05-10 09:04:32.160000
West Bohemia 2018,WB.LBC,S,2018-05-10 09:04:32.360000
West Bohemia 2018,WB.LBC,S,2018-05-10 09:04:57.510000
West Bohemia 2018,WB.LBC,S,2018-05-10 09:08:35.710000
West Bohemia 2018,WB.LBC,S,2018-05-10 09:08:45.120000
West Bohemia 2018,WB.LBC,S,2018-05-10 09:09:03.240000
West Bohemia 2018,WB.LBC,S,2018-05-10 09:09:45.880000
West Bohemia 2018,WB.LBC,S,2018-05-10 09:10:04.200000
West Bohemia 2018,WB.LBC,S,2018-05-10 09:11:09.800000
West Bohemia 2018,WB.LBC,S,2018-05-10 09:12:03.900000
West Bohemia 2018,WB.LBC,S,2018-05-10 09:12:41.570000
West Bohemia 2018,WB.LBC,S,2018-05-10 09:13:05.780000
West Bohemia 2018,WB.LBC,S,2018-05-10 09:13:27.820000
West Bohemia 2018,WB.LBC,S,2018-05-10 09:14:25.270000
West Bohemia 2018,WB.LBC,S,2018-05-10 09:15:15.540000
West Bohemia 2018,WB.LBC,S,2018-05-10 09:26:54.950000
West Bohemia 2018,WB.LBC,S,2018-05-10 09:26:55.850000
West Bohemia 2018,WB.LBC,S,2018-05-10 09:32:17.670000
West Bohemia 2018,WB.LBC,S,2018-05-10 09:34:27.930000
West Bohemia 2018,WB.LBC,S,2018-05-10 09:34:28.030000
West Bohemia 2018,WB.LBC,S,2018-05-10 09:34:53.540000
West Bohemia 2018,WB.LBC,S,2018-05-10 09:35:09.680000
West Bohemia 2018,WB.LBC,S,2018-05-10 09:35:09.800000
West Bohemia 2018,WB.LBC,S,2018-05-10 09:35:20.680000
West Bohemia 2018,WB.LBC,S,2018-05-10 09:35:21.070000
West Bohemia 2018,WB.LBC,S,2018-05-10 09:35:28.450000
West Bohemia 2018,WB.LBC,S,2018-05-10 09:35:29.080000
West Bohemia 2018,WB.LBC,S,2018-05-10 09:35:39.400000
West Bohemia 2018,WB.LBC,S,2018-05-10 09:35:43.140000
West Bohemia 2018,WB.LBC,S,2018-05-10 09:36:30.110000
West Bohemia 2018,WB.LBC,S,2018-05-10 09:36:48.210000
West Bohemia 2018,WB.LBC,S,2018-05-10 09:36:54.420000
West Bohemia 2018,WB.LBC,S,2018-05-10 09:37:06.350000
West Bohemia 2018,WB.LBC,S,2018-05-10 09:37:13.360000
West Bohemia 2018,WB.LBC,S,2018-05-10 09:37:38.470000
West Bohemia 2018,WB.LBC,S,2018-05-10 09:37:39.210000
West Bohemia 2018,WB.LBC,S,2018-05-10 09:37:55.060000
West Bohemia 2018,WB.LBC,S,2018-05-10 09:39:33.920000
West Bohemia 2018,WB.LBC,S,2018-05-10 09:39:55.480000
West Bohemia 2018,WB.LBC,S,2018-05-10 09:40:08.300000
West Bohemia 2018,WB.LBC,S,2018-05-10 09:40:10.740000
West Bohemia 2018,WB.LBC,S,2018-05-10 09:41:09.230000
West Bohemia 2018,WB.LBC,S,2018-05-10 09:42:54.420000
West Bohemia 2018,WB.LBC,S,2018-05-10 09:46:01.980000
West Bohemia 2018,WB.LBC,S,2018-05-10 09:46:25.760000
West Bohemia 2018,WB.LBC,S,2018-05-10 09:46:37.440000
West Bohemia 2018,WB.LBC,S,2018-05-10 09:46:59.960000
West Bohemia 2018,WB.LBC,S,2018-05-10 09:47:09.940000
West Bohemia 2018,WB.LBC,S,2018-05-10 09:47:27.240000
West Bohemia 2018,WB.LBC,S,2018-05-10 09:47:30.920000
West Bohemia 2018,WB.LBC,S,2018-05-10 09:47:34.240000
West Bohemia 2018,WB.LBC,S,2018-05-10 09:47:38.680000
West Bohemia 2018,WB.LBC,S,2018-05-10 09:47:54.970000
West Bohemia 2018,WB.LBC,S,2018-05-10 09:48:10.360000
West Bohemia 2018,WB.LBC,S,2018-05-10 09:48:14.750000
West Bohemia 2018,WB.LBC,S,2018-05-10 09:48:21.320000
West Bohemia 2018,WB.LBC,S,2018-05-10 09:48:33.010000
West Bohemia 2018,WB.LBC,S,2018-05-10 09:48:48.270000
West Bohemia 2018,WB.LBC,S,2018-05-10 09:48:52.600000
West Bohemia 2018,WB.LBC,S,2018-05-10 09:49:26.560000
West Bohemia 2018,WB.LBC,S,2018-05-10 09:49:32.360000
West Bohemia 2018,WB.LBC,S,2018-05-10 09:49:34.910000
West Bohemia 2018,WB.LBC,S,2018-05-10 09:49:51.090000
West Bohemia 2018,WB.LBC,S,2018-05-10 09:50:27.210000
West Bohemia 2018,WB.LBC,S,2018-05-10 09:50:43.790000
West Bohemia 2018,WB.LBC,S,2018-05-10 09:50:57.520000
West Bohemia 2018,WB.LBC,S,2018-05-10 09:51:09.750000
West Bohemia 2018,WB.LBC,S,2018-05-10 09:51:17.020000
West Bohemia 2018,WB.LBC,S,2018-05-10 09:51:26.570000
West Bohemia 2018,WB.LBC,S,2018-05-10 09:51:33.500000
West Bohemia 2018,WB.LBC,S,2018-05-10 09:51:46.000000
West Bohemia 2018,WB.LBC,S,2018-05-10 09:51:56.350000
West Bohemia 2018,WB.LBC,S,2018-05-10 09:51:58.220000
West Bohemia 2018,WB.LBC,S,2018-05-10 09:52:04.170000
West Bohemia 2018,WB.LBC,S,2018-05-10 09:53:25.890000
West Bohemia 2018,WB.LBC,S,2018-05-10 09:53:50.180000
West Bohemia 2018,WB.LBC,S,2018-05-10 09:54:09.900000
West Bohemia 2018,WB.LBC,S,2018-05-10 09:54:16.360000
West Bohemia 2018,WB.LBC,S,2018-05-10 09:54:54.600000
West Bohemia 2018,WB.LBC,S,2018-05-10 09:54:55.600000
West Bohemia 2018,WB.LBC,S,2018-05-10 09:55:08.960000
West Bohemia 2018,WB.LBC,S,2018-05-10 09:55:19.780000
West Bohemia 2018,WB.LBC,S,2018-05-10 09:55:47.520000
West Bohemia 2018,WB.LBC,S,2018-05-10 09:57:24.220000
West Bohemia 2018,WB.LBC,S,2018-05-10 09:57:47.900000
West Bohemia 2018,WB.LBC,S,2018-05-10 09:57:56.840000
West Bohemia 2018,WB.LBC,S,2018-05-10 09:58:02.080000
West Bohemia 2018,WB.LBC,S,2018-05-10 09:58:33.180000
West Bohemia 2018,WB.LBC,S,2018-05-10 09:59:43.830000
West Bohemia 2018,WB.LBC,S,2018-05-10 10:01:12.980000
West Bohemia 2018,WB.LBC,S,2018-05-10 10:01:45.400000
West Bohemia 2018,WB.LBC,S,2018-05-10 10:01:51.190000
West Bohemia 2018,WB.LBC,S,2018-05-10 10:02:09.890000
West Bohemia 2018,WB.LBC,S,2018-05-10 10:02:43.900000
West Bohemia 2018,WB.LBC,S,2018-05-10 10:02:50.090000
West Bohemia 2018,WB.LBC,S,2018-05-10 10:03:00.840000
West Bohemia 2018,WB.LBC,S,2018-05-10 10:04:33.410000
West Bohemia 2018,WB.LBC,S,2018-05-10 10:04:40.240000
West Bohemia 2018,WB.LBC,S,2018-05-10 10:04:50.310000
West Bohemia 2018,WB.LBC,S,2018-05-10 10:04:52.690000
West Bohemia 2018,WB.LBC,S,2018-05-10 10:04:54.220000
West Bohemia 2018,WB.LBC,S,2018-05-10 10:05:00.850000
West Bohemia 2018,WB.LBC,S,2018-05-10 10:05:03.010000
West Bohemia 2018,WB.LBC,S,2018-05-10 10:05:05.060000
West Bohemia 2018,WB.LBC,S,2018-05-10 10:05:05.740000
West Bohemia 2018,WB.LBC,S,2018-05-10 10:05:12.300000
West Bohemia 2018,WB.LBC,S,2018-05-10 10:05:22.860000
West Bohemia 2018,WB.LBC,S,2018-05-10 10:05:24.500000
West Bohemia 2018,WB.LBC,S,2018-05-10 10:05:45.350000
West Bohemia 2018,WB.LBC,S,2018-05-10 10:05:57.500000
West Bohemia 2018,WB.LBC,S,2018-05-10 10:06:00.930000
West Bohemia 2018,WB.LBC,S,2018-05-10 10:06:03.280000
West Bohemia 2018,WB.LBC,S,2018-05-10 10:06:10.790000
West Bohemia 2018,WB.LBC,S,2018-05-10 10:06:23.060000
West Bohemia 2018,WB.LBC,S,2018-05-10 10:06:30.520000
West Bohemia 2018,WB.LBC,S,2018-05-10 10:06:39.010000
West Bohemia 2018,WB.LBC,S,2018-05-10 10:06:47.430000
West Bohemia 2018,WB.LBC,S,2018-05-10 10:07:00.710000
West Bohemia 2018,WB.LBC,S,2018-05-10 10:07:01.460000
West Bohemia 2018,WB.LBC,S,2018-05-10 10:07:18.920000
West Bohemia 2018,WB.LBC,S,2018-05-10 10:07:24.330000
West Bohemia 2018,WB.LBC,S,2018-05-10 10:07:46.140000
West Bohemia 2018,WB.LBC,S,2018-05-10 10:08:10.720000
West Bohemia 2018,WB.LBC,S,2018-05-10 10:08:12.330000
West Bohemia 2018,WB.LBC,S,2018-05-10 10:09:21.200000
West Bohemia 2018,WB.LBC,S,2018-05-10 10:09:47.070000
West Bohemia 2018,WB.LBC,S,2018-05-10 10:10:16.300000
West Bohemia 2018,WB.LBC,S,2018-05-10 10:22:20.690000
West Bohemia 2018,WB.LBC,S,2018-05-10 10:22:20.740000
West Bohemia 2018,WB.LBC,S,2018-05-10 10:22:35.280000
West Bohemia 2018,WB.LBC,S,2018-05-10 10:22:38.520000
West Bohemia 2018,WB.LBC,S,2018-05-10 10:23:17.600000
West Bohemia 2018,WB.LBC,S,2018-05-10 10:23:35.250000
West Bohemia 2018,WB.LBC,S,2018-05-10 10:24:05.780000
West Bohemia 2018,WB.LBC,S,2018-05-10 10:24:22.970000
West Bohemia 2018,WB.LBC,S,2018-05-10 10:24:26.370000
West Bohemia 2018,WB.LBC,S,2018-05-10 10:24:27.590000
West Bohemia 2018,WB.LBC,S,2018-05-10 10:25:01.730000
West Bohemia 2018,WB.LBC,S,2018-05-10 10:25:02.240000
West Bohemia 2018,WB.LBC,S,2018-05-10 10:25:18.560000
West Bohemia 2018,WB.LBC,S,2018-05-10 10:25:56.150000
West Bohemia 2018,WB.LBC,S,2018-05-10 10:25:59.250000
West Bohemia 2018,WB.LBC,S,2018-05-10 10:26:09.400000
West Bohemia 2018,WB.LBC,S,2018-05-10 10:26:29.580000
West Bohemia 2018,WB.LBC,S,2018-05-10 10:27:37.550000
West Bohemia 2018,WB.LBC,S,2018-05-10 10:28:22.120000
West Bohemia 2018,WB.LBC,S,2018-05-10 10:28:47.440000
West Bohemia 2018,WB.LBC,S,2018-05-10 10:28:59.770000
West Bohemia 2018,WB.LBC,S,2018-05-10 10:29:01.850000
West Bohemia 2018,WB.LBC,S,2018-05-10 10:29:34.220000
West Bohemia 2018,WB.LBC,S,2018-05-10 10:29:41.080000
West Bohemia 2018,WB.LBC,S,2018-05-10 10:34:10.030000
West Bohemia 2018,WB.LBC,S,2018-05-10 10:34:20.120000
West Bohemia 2018,WB.LBC,S,2018-05-10 10:34:54.830000
West Bohemia 2018,WB.LBC,S,2018-05-10 10:35:45.570000
West Bohemia 2018,WB.LBC,S,2018-05-10 10:39:37.690000
West Bohemia 2018,WB.LBC,S,2018-05-10 10:39:40.780000
West Bohemia 2018,WB.LBC,S,2018-05-10 10:39:41.570000
West Bohemia 2018,WB.LBC,S,2018-05-10 10:39:46.420000
West Bohemia 2018,WB.LBC,S,2018-05-10 10:40:06.220000
West Bohemia 2018,WB.LBC,S,2018-05-10 10:41:11.720000
West Bohemia 2018,WB.LBC,S,2018-05-10 10:41:16.080000
West Bohemia 2018,WB.LBC,S,2018-05-10 10:41:17.290000
West Bohemia 2018,WB.LBC,S,2018-05-10 10:41:24.140000
West Bohemia 2018,WB.LBC,S,2018-05-10 10:42:11.220000
West Bohemia 2018,WB.LBC,S,2018-05-10 10:46:40.010000
West Bohemia 2018,WB.LBC,S,2018-05-10 10:46:41.340000
West Bohemia 2018,WB.LBC,S,2018-05-10 10:46:47.670000
West Bohemia 2018,WB.LBC,S,2018-05-10 11:04:37.070000
West Bohemia 2018,WB.LBC,S,2018-05-10 11:06:08.410000
West Bohemia 2018,WB.LBC,S,2018-05-10 11:06:26.900000
West Bohemia 2018,WB.LBC,S,2018-05-10 11:06:27.010000
West Bohemia 2018,WB.LBC,S,2018-05-10 11:09:03.040000
West Bohemia 2018,WB.LBC,S,2018-05-10 11:09:03.350000
West Bohemia 2018,WB.LBC,S,2018-05-10 11:10:00.420000
West Bohemia 2018,WB.LBC,S,2018-05-10 11:17:04.660000
West Bohemia 2018,WB.LBC,S,2018-05-10 11:48:43.440000
West Bohemia 2018,WB.LBC,S,2018-05-11 09:06:15.990000
West Bohemia 2018,WB.LBC,S,2018-05-11 09:06:30.860000
West Bohemia 2018,WB.LBC,S,2018-05-11 09:06:48.460000
West Bohemia 2018,WB.LBC,S,2018-05-11 09:06:49.270000
West Bohemia 2018,WB.LBC,S,2018-05-11 09:32:39.790000
West Bohemia 2018,WB.LBC,S,2018-05-11 09:36:23.950000
West Bohemia 2018,WB.LBC,S,2018-05-11 09:36:36.490000
West Bohemia 2018,WB.LBC,S,2018-05-11 09:36:37.530000
West Bohemia 2018,WB.LBC,S,2018-05-11 09:36:55.980000
West Bohemia 2018,WB.LBC,S,2018-05-11 09:37:04.510000
West Bohemia 2018,WB.LBC,S,2018-05-11 09:37:14.370000
West Bohemia 2018,WB.LBC,S,2018-05-11 09:37:16.000000
West Bohemia 2018,WB.LBC,S,2018-05-11 09:37:35.210000
West Bohemia 2018,WB.LBC,S,2018-05-11 09:37:52.220000
West Bohemia 2018,WB.LBC,S,2018-05-11 09:37:54.070000
West Bohemia 2018,WB.LBC,S,2018-05-11 09:37:54.670000
West Bohemia 2018,WB.LBC,S,2018-05-11 09:38:08.170000
West Bohemia 2018,WB.LBC,S,2018-05-11 09:39:58.330000
West Bohemia 2018,WB.LBC,S,2018-05-11 09:40:00.640000
West Bohemia 2018,WB.LBC,S,2018-05-11 09:40:11.990000
West Bohemia 2018,WB.LBC,S,2018-05-11 09:40:48.620000
West Bohemia 2018,WB.LBC,S,2018-05-11 09:41:55.430000
West Bohemia 2018,WB.LBC,S,2018-05-11 09:46:07.070000
West Bohemia 2018,WB.LBC,S,2018-05-11 09:48:56.620000
West Bohemia 2018,WB.LBC,S,2018-05-11 09:51:02.170000
West Bohemia 2018,WB.LBC,S,2018-05-11 09:51:08.650000
West Bohemia 2018,WB.LBC,S,2018-05-11 09:52:24.360000
West Bohemia 2018,WB.LBC,S,2018-05-11 09:52:56.970000
West Bohemia 2018,WB.LBC,S,2018-05-11 09:53:06.340000
West Bohemia 2018,WB.LBC,S,2018-05-11 09:53:06.820000
West Bohemia 2018,WB.LBC,S,2018-05-11 09:53:27.680000
West Bohemia 2018,WB.LBC,S,2018-05-11 09:53:33.240000
West Bohemia 2018,WB.LBC,S,2018-05-11 09:53:42.030000
West Bohemia 2018,WB.LBC,S,2018-05-11 09:53:43.970000
West Bohemia 2018,WB.LBC,S,2018-05-11 09:53:46.280000
West Bohemia 2018,WB.LBC,S,2018-05-11 09:53:54.720000
West Bohemia 2018,WB.LBC,S,2018-05-11 09:54:01.660000
West Bohemia 2018,WB.LBC,S,2018-05-11 09:54:03.770000
West Bohemia 2018,WB.LBC,S,2018-05-11 09:54:05.340000
West Bohemia 2018,WB.LBC,S,2018-05-11 09:54:20.540000
West Bohemia 2018,WB.LBC,S,2018-05-11 09:54:24.440000
West Bohemia 2018,WB.LBC,S,2018-05-11 09:54:41.660000
West Bohemia 2018,WB.LBC,S,2018-05-11 09:55:21.280000
West Bohemia 2018,WB.LBC,S,2018-05-11 09:55:34.510000
West Bohemia 2018,WB.LBC,S,2018-05-11 09:55:36.240000
West Bohemia 2018,WB.LBC,S,2018-05-11 09:55:39.580000
West Bohemia 2018,WB.LBC,S,2018-05-11 09:58:01.320000
West Bohemia 2018,WB.LBC,S,2018-05-11 09:59:24.090000
West Bohemia 2018,WB.LBC,S,2018-05-11 09:59:40.430000
West Bohemia 2018,WB.LBC,S,2018-05-11 10:01:14.990000
West Bohemia 2018,WB.LBC,S,2018-05-11 10:05:59.680000
West Bohemia 2018,WB.LBC,S,2018-05-11 10:06:00.070000
West Bohemia 2018,WB.LBC,S,2018-05-11 10:06:00.360000
West Bohemia 2018,WB.LBC,S,2018-05-11 10:06:55.140000
West Bohemia 2018,WB.LBC,S,2018-05-11 10:06:56.120000
West Bohemia 2018,WB.LBC,S,2018-05-11 10:07:01.950000
West Bohemia 2018,WB.LBC,S,2018-05-11 10:07:03.000000
West Bohemia 2018,WB.LBC,S,2018-05-11 10:08:02.020000
West Bohemia 2018,WB.LBC,S,2018-05-11 10:11:30.780000
West Bohemia 2018,WB.LBC,S,2018-05-11 10:11:47.090000
West Bohemia 2018,WB.LBC,S,2018-05-11 10:12:01.080000
West Bohemia 2018,WB.LBC,S,2018-05-11 10:12:02.860000
West Bohemia 2018,WB.LBC,S,2018-05-11 10:12:33.440000
West Bohemia 2018,WB.LBC,S,2018-05-11 10:18:12.060000
West Bohemia 2018,WB.LBC,S,2018-05-11 10:18:14.180000
West Bohemia 2018,WB.LBC,S,2018-05-11 10:18:14.900000
West Bohemia 2018,WB.LBC,S,2018-05-11 10:19:54.140000
West Bohemia 2018,WB.LBC,S,2018-05-11 10:21:32.810000
West Bohemia 2018,WB.LBC,S,2018-05-11 10:21:33.180000
West Bohemia 2018,WB.LBC,S,2018-05-11 10:21:46.140000
West Bohemia 2018,WB.LBC,S,2018-05-11 10:25:01.880000
West Bohemia 2018,WB.LBC,S,2018-05-11 10:27:49.240000
West Bohemia 2018,WB.LBC,S,2018-05-11 10:27:50.120000
West Bohemia 2018,WB.LBC,S,2018-05-11 10:28:00.450000
West Bohemia 2018,WB.LBC,S,2018-05-11 10:28:09.110000
West Bohemia 2018,WB.LBC,S,2018-05-11 10:28:21.320000
West Bohemia 2018,WB.LBC,S,2018-05-11 10:28:24.920000
West Bohemia 2018,WB.LBC,S,2018-05-11 10:28:31.210000
West Bohemia 2018,WB.LBC,S,2018-05-11 10:28:32.680000
West Bohemia 2018,WB.LBC,S,2018-05-11 10:28:40.750000
West Bohemia 2018,WB.LBC,S,2018-05-11 10:28:41.330000
West Bohemia 2018,WB.LBC,S,2018-05-11 10:28:42.790000
West Bohemia 2018,WB.LBC,S,2018-05-11 10:29:01.740000
West Bohemia 2018,WB.LBC,S,2018-05-11 10:30:20.330000
West Bohemia 2018,WB.LBC,S,2018-05-11 10:31:20.910000
West Bohemia 2018,WB.LBC,S,2018-05-11 10:31:26.420000
West Bohemia 2018,WB.LBC,S,2018-05-11 10:31:37.550000
West Bohemia 2018,WB.LBC,S,2018-05-11 10:31:43.240000
West Bohemia 2018,WB.LBC,S,2018-05-11 10:31:44.050000
West Bohemia 2018,WB.LBC,S,2018-05-11 10:32:21.870000
West Bohemia 2018,WB.LBC,S,2018-05-11 10:33:06.820000
West Bohemia 2018,WB.LBC,S,2018-05-11 10:33:09.480000
West Bohemia 2018,WB.LBC,S,2018-05-11 10:33:38.560000
West Bohemia 2018,WB.LBC,S,2018-05-11 10:45:26.770000
West Bohemia 2018,WB.LBC,S,2018-05-11 10:45:38.770000
West Bohemia 2018,WB.LBC,S,2018-05-11 10:45:43.160000
West Bohemia 2018,WB.LBC,S,2018-05-11 11:02:41.820000
West Bohemia 2018,WB.LBC,S,2018-05-11 11:03:15.130000
West Bohemia 2018,WB.LBC,S,2018-05-11 11:03:15.600000
West Bohemia 2018,WB.LBC,S,2018-05-11 11:04:08.860000
West Bohemia 2018,WB.LBC,S,2018-05-11 11:04:50.420000
West Bohemia 2018,WB.LBC,S,2018-05-11 11:09:01.560000
West Bohemia 2018,WB.LBC,S,2018-05-11 11:11:21.340000
West Bohemia 2018,WB.LBC,S,2018-05-11 11:13:12.300000
West Bohemia 2018,WB.LBC,S,2018-05-11 11:25:06.580000
West Bohemia 2018,WB.LBC,S,2018-05-11 11:25:09.050000
West Bohemia 2018,WB.LBC,S,2018-05-11 11:30:32.400000
West Bohemia 2018,WB.LBC,S,2018-05-11 11:31:23.120000
West Bohemia 2018,WB.LBC,S,2018-05-11 11:31:23.180000
West Bohemia 2018,WB.LBC,S,2018-05-11 11:31:23.650000
West Bohemia 2018,WB.LBC,S,2018-05-11 11:31:30.300000
West Bohemia 2018,WB.LBC,S,2018-05-11 11:31:33.720000
West Bohemia 2018,WB.LBC,S,2018-05-11 11:34:38.800000
West Bohemia 2018,WB.LBC,S,2018-05-11 11:34:47.040000
West Bohemia 2018,WB.LBC,S,2018-05-11 11:34:53.210000
West Bohemia 2018,WB.LBC,S,2018-05-11 11:35:10.340000
West Bohemia 2018,WB.LBC,S,2018-05-11 11:35:12.110000
West Bohemia 2018,WB.LBC,S,2018-05-11 11:35:13.100000
West Bohemia 2018,WB.LBC,S,2018-05-11 11:35:13.630000
West Bohemia 2018,WB.LBC,S,2018-05-11 11:35:16.920000
West Bohemia 2018,WB.LBC,S,2018-05-11 11:35:19.140000
West Bohemia 2018,WB.LBC,S,2018-05-11 11:35:21.220000
West Bohemia 2018,WB.LBC,S,2018-05-11 11:35:31.240000
West Bohemia 2018,WB.LBC,S,2018-05-11 11:35:42.350000
West Bohemia 2018,WB.LBC,S,2018-05-11 11:35:44.360000
West Bohemia 2018,WB.LBC,S,2018-05-11 11:35:48.460000
West Bohemia 2018,WB.LBC,S,2018-05-11 11:35:51.420000
West Bohemia 2018,WB.LBC,S,2018-05-11 11:38:28.050000
West Bohemia 2018,WB.LBC,S,2018-05-11 11:38:52.720000
West Bohemia 2018,WB.LBC,S,2018-05-11 11:39:01.370000
West Bohemia 2018,WB.LBC,S,2018-05-11 11:39:01.480000
West Bohemia 2018,WB.LBC,S,2018-05-11 11:39:22.360000
West Bohemia 2018,WB.LBC,S,2018-05-11 11:39:41.800000
West Bohemia 2018,WB.LBC,S,2018-05-11 11:39:48.030000
West Bohemia 2018,WB.LBC,S,2018-05-11 11:39:52.660000
West Bohemia 2018,WB.LBC,S,2018-05-11 11:39:56.260000
West Bohemia 2018,WB.LBC,S,2018-05-11 11:40:09.120000
West Bohemia 2018,WB.LBC,S,2018-05-11 11:42:13.380000
West Bohemia 2018,WB.LBC,S,2018-05-11 11:42:15.680000
West Bohemia 2018,WB.LBC,S,2018-05-11 11:42:19.150000
West Bohemia 2018,WB.SKC,P,2018-05-10 09:02:27.620000
West Bohemia 2018,WB.SKC,P,2018-05-10 09:02:31.600000
West Bohemia 2018,WB.SKC,P,2018-05-10 09:02:52.820000
West Bohemia 2018,WB.SKC,P,2018-05-10 09:03:33.070000
West Bohemia 2018,WB.SKC,P,2018-05-10 09:04:31.520000
West Bohemia 2018,WB.SKC,P,2018-05-10 09:04:31.710000
West Bohemia 2018,WB.SKC,P,2018-05-10 09:04:56.890000
West Bohemia 2018,WB.SKC,P,2018-05-10 09:08:35.050000
West Bohemia 2018,WB.SKC,P,2018-05-10 09:08:44.470000
West Bohemia 2018,WB.SKC,P,2018-05-10 09:09:02.600000
West Bohemia 2018,WB.SKC,P,2018-05-10 09:09:45.240000
West Bohemia 2018,WB.SKC,P,2018-05-10 09:10:03.530000
West Bohemia 2018,WB.SKC,P,2018-05-10 09:11:09.140000
West Bohemia 2018,WB.SKC,P,2018-05-10 09:12:03.240000
West Bohemia 2018,WB.SKC,P,2018-05-10 09:12:40.920000
West Bohemia 2018,WB.SKC,P,2018-05-10 09:13:27.180000
West Bohemia 2018,WB.SKC,P,2018-05-10 09:14:24.580000
West Bohemia 2018,WB.SKC,P,2018-05-10 09:15:14.880000
West Bohemia 2018,WB.SKC,P,2018-05-10 09:26:54.300000
West Bohemia 2018,WB.SKC,P,2018-05-10 09:32:16.980000
West Bohemia 2018,WB.SKC,P,2018-05-10 09:34:52.860000
West Bohemia 2018,WB.SKC,P,2018-05-10 09:35:09.000000
West Bohemia 2018,WB.SKC,P,2018-05-10 09:35:09.120000
West Bohemia 2018,WB.SKC,P,2018-05-10 09:35:20.010000
West Bohemia 2018,WB.SKC,P,2018-05-10 09:35:20.400000
West Bohemia 2018,WB.SKC,P,2018-05-10 09:35:38.720000
West Bohemia 2018,WB.SKC,P,2018-05-10 09:35:42.460000
West Bohemia 2018,WB.SKC,P,2018-05-10 09:36:29.440000
West Bohemia 2018,WB.SKC,P,2018-05-10 09:36:53.730000
West Bohemia 2018,WB.SKC,P,2018-05-10 09:37:12.660000
West Bohemia 2018,WB.SKC,P,2018-05-10 09:37:37.780000
West Bohemia 2018,WB.SKC,P,2018-05-10 09:37:38.530000
West Bohemia 2018,WB.SKC,P,2018-05-10 09:37:54.380000
West Bohemia 2018,WB.SKC,P,2018-05-10 09:39:33.260000
West Bohemia 2018,WB.SKC,P,2018-05-10 09:39:54.780000
West Bohemia 2018,WB.SKC,P,2018-05-10 09:40:07.600000
West Bohemia 2018,WB.SKC,P,2018-05-10 09:40:10.040000
West Bohemia 2018,WB.SKC,P,2018-05-10 09:41:08.550000
West Bohemia 2018,WB.SKC,P,2018-05-10 09:42:53.750000
West Bohemia 2018,WB.SKC,P,2018-05-10 09:46:01.270000
West Bohemia 2018,WB.SKC,P,2018-05-10 09:46:25.070000
West Bohemia 2018,WB.SKC,P,2018-05-10 09:46:36.740000
West Bohemia 2018,WB.SKC,P,2018-05-10 09:46:59.270000
West Bohemia 2018,WB.SKC,P,2018-05-10 09:47:09.290000
West Bohemia 2018,WB.SKC,P,2018-05-10 09:47:26.600000
West Bohemia 2018,WB.SKC,P,2018-05-10 09:47:30.260000
West Bohemia 2018,WB.SKC,P,2018-05-10 09:47:33.540000
West Bohemia 2018,WB.SKC,P,2018-05-10 09:47:38.000000
West Bohemia 2018,WB.SKC,P,2018-05-10 09:47:54.300000
West Bohemia 2018,WB.SKC,P,2018-05-10 09:48:09.690000
West Bohemia 2018,WB.SKC,P,2018-05-10 09:48:14.090000
West Bohemia 2018,WB.SKC,P,2018-05-10 09:48:20.620000
West Bohemia 2018,WB.SKC,P,2018-05-10 09:48:32.310000
West Bohemia 2018,WB.SKC,P,2018-05-10 09:48:47.560000
West Bohemia 2018,WB.SKC,P,2018-05-10 09:48:51.890000
West Bohemia 2018,WB.SKC,P,2018-05-10 09:49:25.850000
West Bohemia 2018,WB.SKC,P,2018-05-10 09:49:31.660000
West Bohemia 2018,WB.SKC,P,2018-05-10 09:49:50.380000
West Bohemia 2018,WB.SKC,P,2018-05-10 09:50:26.500000
West Bohemia 2018,WB.SKC,P,2018-05-10 09:50:43.130000
West Bohemia 2018,WB.SKC,P,2018-05-10 09:50:56.850000
West Bohemia 2018,WB.SKC,P,2018-05-10 09:51:09.100000
West Bohemia 2018,WB.SKC,P,2018-05-10 09:51:16.360000
West Bohemia 2018,WB.SKC,P,2018-05-10 09:51:25.870000
West Bohemia 2018,WB.SKC,P,2018-05-10 09:51:32.840000
West Bohemia 2018,WB.SKC,P,2018-05-10 09:51:45.340000
West Bohemia 2018,WB.SKC,P,2018-05-10 09:52:03.490000
West Bohemia 2018,WB.SKC,P,2018-05-10 09:53:25.220000
West Bohemia 2018,WB.SKC,P,2018-05-10 09:53:49.510000
West Bohemia 2018,WB.SKC,P,2018-05-10 09:54:09.240000
West Bohemia 2018,WB.SKC,P,2018-05-10 09:54:54.890000
West Bohemia 2018,WB.SKC,P,2018-05-10 09:55:08.250000
West Bohemia 2018,WB.SKC,P,2018-05-10 09:55:19.060000
West Bohemia 2018,WB.SKC,P,2018-05-10 09:55:46.850000
West Bohemia 2018,WB.SKC,P,2018-05-10 09:57:23.520000
West Bohemia 2018,WB.SKC,P,2018-05-10 09:57:47.200000
West Bohemia 2018,WB.SKC,P,2018-05-10 09:58:01.410000
West Bohemia 2018,WB.SKC,P,2018-05-10 10:01:12.110000
West Bohemia 2018,WB.SKC,P,2018-05-10 10:01:44.720000
West Bohemia 2018,WB.SKC,P,2018-05-10 10:01:50.490000
West Bohemia 2018,WB.SKC,P,2018-05-10 10:02:09.160000
West Bohemia 2018,WB.SKC,P,2018-05-10 10:02:43.180000
West Bohemia 2018,WB.SKC,P,2018-05-10 10:02:49.400000
West Bohemia 2018,WB.SKC,P,2018-05-10 10:03:00.120000
West Bohemia 2018,WB.SKC,P,2018-05-10 10:04:32.700000
West Bohemia 2018,WB.SKC,P,2018-05-10 10:04:39.540000
West Bohemia 2018,WB.SKC,P,2018-05-10 10:04:49.600000
West Bohemia 2018,WB.SKC,P,2018-05-10 10:05:00.160000
West Bohemia 2018,WB.SKC,P,2018-05-10 10:05:02.310000
West Bohemia 2018,WB.SKC,P,2018-05-10 10:05:11.640000
West Bohemia 2018,WB.SKC,P,2018-05-10 10:05:22.200000
West Bohemia 2018,WB.SKC,P,2018-05-10 10:05:23.790000
West Bohemia 2018,WB.SKC,P,2018-05-10 10:05:44.710000
West Bohemia 2018,WB.SKC,P,2018-05-10 10:06:02.590000
West Bohemia 2018,WB.SKC,P,2018-05-10 10:06:10.130000
West Bohemia 2018,WB.SKC,P,2018-05-10 10:06:22.410000
West Bohemia 2018,WB.SKC,P,2018-05-10 10:06:29.860000
West Bohemia 2018,WB.SKC,P,2018-05-10 10:06:38.360000
West Bohemia 2018,WB.SKC,P,2018-05-10 10:07:00.880000
West Bohemia 2018,WB.SKC,P,2018-05-10 10:07:45.420000
West Bohemia 2018,WB.SKC,P,2018-05-10 10:08:08.710000
West Bohemia 2018,WB.SKC,P,2018-05-10 10:08:10.060000
West Bohemia 2018,WB.SKC,P,2018-05-10 10:09:20.540000
West Bohemia 2018,WB.SKC,P,2018-05-10 10:10:15.600000
West Bohemia 2018,WB.SKC,P,2018-05-10 10:22:20.020000
West Bohemia 2018,WB.SKC,P,2018-05-10 10:22:34.550000
West Bohemia 2018,WB.SKC,P,2018-05-10 10:23:16.880000
West Bohemia 2018,WB.SKC,P,2018-05-10 10:24:05.080000
West Bohemia 2018,WB.SKC,P,2018-05-10 10:24:25.680000
West Bohemia 2018,WB.SKC,P,2018-05-10 10:24:26.900000
West Bohemia 2018,WB.SKC,P,2018-05-10 10:25:01.060000
West Bohemia 2018,WB.SKC,P,2018-05-10 10:25:01.580000
West Bohemia 2018,WB.SKC,P,2018-05-10 10:25:58.580000
West Bohemia 2018,WB.SKC,P,2018-05-10 10:26:08.660000
West Bohemia 2018,WB.SKC,P,2018-05-10 10:27:36.860000
West Bohemia 2018,WB.SKC,P,2018-05-10 10:28:46.760000
West Bohemia 2018,WB.SKC,P,2018-05-10 10:29:01.190000
West Bohemia 2018,WB.SKC,P,2018-05-10 10:29:40.380000
West Bohemia 2018,WB.SKC,P,2018-05-10 10:34:09.320000
West Bohemia 2018,WB.SKC,P,2018-05-10 10:34:19.410000
West Bohemia 2018,WB.SKC,P,2018-05-10 10:35:44.860000
West Bohemia 2018,WB.SKC,P,2018-05-10 10:39:36.980000
West Bohemia 2018,WB.SKC,P,2018-05-10 10:39:40.040000
West Bohemia 2018,WB.SKC,P,2018-05-10 10:41:11.060000
West Bohemia 2018,WB.SKC,P,2018-05-10 10:41:23.410000
West Bohemia 2018,WB.SKC,P,2018-05-10 10:42:10.540000
West Bohemia 2018,WB.SKC,P,2018-05-10 11:06:07.740000
West Bohemia 2018,WB.SKC,P,2018-05-10 11:06:26.200000
West Bohemia 2018,WB.SKC,P,2018-05-10 11:09:02.330000
West Bohemia 2018,WB.SKC,P,2018-05-10 11:09:02.640000
West Bohemia 2018,WB.SKC,P,2018-05-10 11:09:59.710000
West Bohemia 2018,WB.SKC,P,2018-05-10 11:17:03.960000
West Bohemia 2018,WB.SKC,P,2018-05-10 11:48:42.760000
West Bohemia 2018,WB.SKC,P,2018-05-11 09:06:15.620000
West Bohemia 2018,WB.SKC,P,2018-05-11 09:06:30.480000
West Bohemia 2018,WB.SKC,P,2018-05-11 09:06:48.100000
West Bohemia 2018,WB.SKC,P,2018-05-11 09:06:48.860000
West Bohemia 2018,WB.SKC,P,2018-05-11 09:32:39.410000
West Bohemia 2018,WB.SKC,P,2018-05-11 09:36:22.600000
West Bohemia 2018,WB.SKC,P,2018-05-11 09:36:23.580000
West Bohemia 2018,WB.SKC,P,2018-05-11 09:36:36.080000
West Bohemia 2018,WB.SKC,P,2018-05-11 09:36:37.180000
West Bohemia 2018,WB.SKC,P,2018-05-11 09:36:55.600000
West Bohemia 2018,WB.SKC,P,2018-05-11 09:37:04.110000
West Bohemia 2018,WB.SKC,P,2018-05-11 09:37:13.980000
West Bohemia 2018,WB.SKC,P,2018-05-11 09:37:34.860000
West Bohemia 2018,WB.SKC,P,2018-05-11 09:37:51.810000
West Bohemia 2018,WB.SKC,P,2018-05-11 09:37:54.250000
West Bohemia 2018,WB.SKC,P,2018-05-11 09:38:07.750000
West Bohemia 2018,WB.SKC,P,2018-05-11 09:39:57.890000
West Bohemia 2018,WB.SKC,P,2018-05-11 09:40:11.550000
West Bohemia 2018,WB.SKC,P,2018-05-11 09:40:48.250000
West Bohemia 2018,WB.SKC,P,2018-05-11 09:41:55.050000
West Bohemia 2018,WB.SKC,P,2018-05-11 09:46:06.730000
West Bohemia 2018,WB.SKC,P,2018-05-11 09:48:56.240000
West Bohemia 2018,WB.SKC,P,2018-05-11 09:51:01.770000
West Bohemia 2018,WB.SKC,P,2018-05-11 09:51:08.270000
West Bohemia 2018,WB.SKC,P,2018-05-11 09:52:23.980000
West Bohemia 2018,WB.SKC,P,2018-05-11 09:52:56.610000
West Bohemia 2018,WB.SKC,P,2018-05-11 09:53:05.890000
West Bohemia 2018,WB.SKC,P,2018-05-11 09:53:06.470000
West Bohemia 2018,WB.SKC,P,2018-05-11 09:53:32.420000
West Bohemia 2018,WB.SKC,P,2018-05-11 09:53:41.640000
West Bohemia 2018,WB.SKC,P,2018-05-11 09:53:45.820000
West Bohemia 2018,WB.SKC,P,2018-05-11 09:54:04.900000
West Bohemia 2018,WB.SKC,P,2018-05-11 09:54:20.180000
West Bohemia 2018,WB.SKC,P,2018-05-11 09:54:24.070000
West Bohemia 2018,WB.SKC,P,2018-05-11 09:55:20.800000
West Bohemia 2018,WB.SKC,P,2018-05-11 09:55:34.060000
West Bohemia 2018,WB.SKC,P,2018-05-11 09:55:35.840000
West Bohemia 2018,WB.SKC,P,2018-05-11 09:55:39.130000
West Bohemia 2018,WB.SKC,P,2018-05-11 09:58:00.970000
West Bohemia 2018,WB.SKC,P,2018-05-11 09:59:23.750000
West Bohemia 2018,WB.SKC,P,2018-05-11 09:59:40.080000
West Bohemia 2018,WB.SKC,P,2018-05-11 10:01:14.540000
West Bohemia 2018,WB.SKC,P,2018-05-11 10:05:59.920000
West Bohemia 2018,WB.SKC,P,2018-05-11 10:06:54.790000
West Bohemia 2018,WB.SKC,P,2018-05-11 10:06:55.740000
West Bohemia 2018,WB.SKC,P,2018-05-11 10:07:01.520000
West Bohemia 2018,WB.SKC,P,2018-05-11 10:08:01.620000
West Bohemia 2018,WB.SKC,P,2018-05-11 10:12:00.670000
West Bohemia 2018,WB.SKC,P,2018-05-11 10:18:11.620000
West Bohemia 2018,WB.SKC,P,2018-05-11 10:18:14.510000
West Bohemia 2018,WB.SKC,P,2018-05-11 10:19:53.720000
West Bohemia 2018,WB.SKC,P,2018-05-11 10:21:32.410000
West Bohemia 2018,WB.SKC,P,2018-05-11 10:21:32.840000
West Bohemia 2018,WB.SKC,P,2018-05-11 10:21:45.780000
West Bohemia 2018,WB.SKC,P,2018-05-11 10:25:01.440000
West Bohemia 2018,WB.SKC,P,2018-05-11 10:27:48.890000
West Bohemia 2018,WB.SKC,P,2018-05-11 10:27:49.800000
West Bohemia 2018,WB.SKC,P,2018-05-11 10:28:00.050000
West Bohemia 2018,WB.SKC,P,2018-05-11 10:28:08.700000
West Bohemia 2018,WB.SKC,P,2018-05-11 10:28:20.930000
West Bohemia 2018,WB.SKC,P,2018-05-11 10:28:32.320000
West Bohemia 2018,WB.SKC,P,2018-05-11 10:28:40.320000
West Bohemia 2018,WB.SKC,P,2018-05-11 10:28:40.980000
West Bohemia 2018,WB.SKC,P,2018-05-11 10:29:01.320000
West Bohemia 2018,WB.SKC,P,2018-05-11 10:30:20.000000
West Bohemia 2018,WB.SKC,P,2018-05-11 10:31:20.520000
West Bohemia 2018,WB.SKC,P,2018-05-11 10:31:26.070000
West Bohemia 2018,WB.SKC,P,2018-05-11 10:31:42.820000
West Bohemia 2018,WB.SKC,P,2018-05-11 10:31:43.650000
West Bohemia 2018,WB.SKC,P,2018-05-11 10:32:21.440000
West Bohemia 2018,WB.SKC,P,2018-05-11 10:33:06.410000
West Bohemia 2018,WB.SKC,P,2018-05-11 10:33:09.060000
West Bohemia 2018,WB.SKC,P,2018-05-11 10:33:38.180000
West Bohemia 2018,WB.SKC,P,2018-05-11 10:45:26.330000
West Bohemia 2018,WB.SKC,P,2018-05-11 10:45:42.700000
West Bohemia 2018,WB.SKC,P,2018-05-11 11:03:14.650000
West Bohemia 2018,WB.SKC,P,2018-05-11 11:04:08.430000
West Bohemia 2018,WB.SKC,P,2018-05-11 11:04:50.020000
West Bohemia 2018,WB.SKC,P,2018-05-11 11:09:01.110000
West Bohemia 2018,WB.SKC,P,2018-05-11 11:11:20.790000
West Bohemia 2018,WB.SKC,P,2018-05-11 11:13:11.840000
West Bohemia 2018,WB.SKC,P,2018-05-11 11:25:06.340000
West Bohemia 2018,WB.SKC,P,2018-05-11 11:25:08.750000
West Bohemia 2018,WB.SKC,P,2018-05-11 11:30:32.030000
West Bohemia 2018,WB.SKC,P,2018-05-11 11:31:05.880000
West Bohemia 2018,WB.SKC,P,2018-05-11 11:31:29.540000
West Bohemia 2018,WB.SKC,P,2018-05-11 11:31:29.850000
West Bohemia 2018,WB.SKC,P,2018-05-11 11:31:33.340000
West Bohemia 2018,WB.SKC,P,2018-05-11 11:34:38.440000
West Bohemia 2018,WB.SKC,P,2018-05-11 11:34:46.680000
West Bohemia 2018,WB.SKC,P,2018-05-11 11:35:13.300000
West Bohemia 2018,WB.SKC,P,2018-05-11 11:35:16.010000
West Bohemia 2018,WB.SKC,P,2018-05-11 11:35:16.520000
West Bohemia 2018,WB.SKC,P,2018-05-11 11:35:30.840000
West Bohemia 2018,WB.SKC,P,2018-05-11 11:35:40.640000
West Bohemia 2018,WB.SKC,P,2018-05-11 11:35:41.960000
West Bohemia 2018,WB.SKC,P,2018-05-11 11:35:48.060000
West Bohemia 2018,WB.SKC,P,2018-05-11 11:35:51.040000
West Bohemia 2018,WB.SKC,P,2018-05-11 11:38:27.700000
West Bohemia 2018,WB.SKC,P,2018-05-11 11:38:52.320000
West Bohemia 2018,WB.SKC,P,2018-05-11 11:39:00.970000
West Bohemia 2018,WB.SKC,P,2018-05-11 11:39:01.070000
West Bohemia 2018,WB.SKC,P,2018-05-11 11:39:21.950000
West Bohemia 2018,WB.SKC,P,2018-05-11 11:39:47.650000
West Bohemia 2018,WB.SKC,P,2018-05-11 11:39:52.260000
West Bohemia 2018,WB.SKC,P,2018-05-11 11:40:08.680000
West Bohemia 2018,WB.SKC,P,2018-05-11 11:42:12.930000
West Bohemia 2018,WB.SKC,S,2018-05-10 09:02:29.340000
West Bohemia 2018,WB.SKC,S,2018-05-10 09:02:33.330000
West Bohemia 2018,WB.SKC,S,2018-05-10 09:02:54.540000
West Bohemia 2018,WB.SKC,S,2018-05-10 09:03:34.790000
West Bohemia 2018,WB.SKC,S,2018-05-10 09:03:39.740000
West Bohemia 2018,WB.SKC,S,2018-05-10 09:03:53.150000
West Bohemia 2018,WB.SKC,S,2018-05-10 09:04:33.250000
West Bohemia 2018,WB.SKC,S,2018-05-10 09:04:33.430000
West Bohemia 2018,WB.SKC,S,2018-05-10 09:04:58.660000
West Bohemia 2018,WB.SKC,S,2018-05-10 09:08:36.780000
West Bohemia 2018,WB.SKC,S,2018-05-10 09:08:46.200000
West Bohemia 2018,WB.SKC,S,2018-05-10 09:09:04.320000
West Bohemia 2018,WB.SKC,S,2018-05-10 09:09:46.960000
West Bohemia 2018,WB.SKC,S,2018-05-10 09:10:05.270000
West Bohemia 2018,WB.SKC,S,2018-05-10 09:11:10.880000
West Bohemia 2018,WB.SKC,S,2018-05-10 09:12:04.970000
West Bohemia 2018,WB.SKC,S,2018-05-10 09:12:42.630000
West Bohemia 2018,WB.SKC,S,2018-05-10 09:13:06.850000
West Bohemia 2018,WB.SKC,S,2018-05-10 09:13:28.890000
West Bohemia 2018,WB.SKC,S,2018-05-10 09:14:26.310000
West Bohemia 2018,WB.SKC,S,2018-05-10 09:15:16.610000
West Bohemia 2018,WB.SKC,S,2018-05-10 09:26:56.020000
West Bohemia 2018,WB.SKC,S,2018-05-10 09:26:56.910000
West Bohemia 2018,WB.SKC,S,2018-05-10 09:32:18.720000
West Bohemia 2018,WB.SKC,S,2018-05-10 09:34:28.960000
West Bohemia 2018,WB.SKC,S,2018-05-10 09:34:29.050000
West Bohemia 2018,WB.SKC,S,2018-05-10 09:34:54.590000
West Bohemia 2018,WB.SKC,S,2018-05-10 09:35:10.750000
West Bohemia 2018,WB.SKC,S,2018-05-10 09:35:10.870000
West Bohemia 2018,WB.SKC,S,2018-05-10 09:35:21.740000
West Bohemia 2018,WB.SKC,S,2018-05-10 09:35:22.060000
West Bohemia 2018,WB.SKC,S,2018-05-10 09:35:29.500000
West Bohemia 2018,WB.SKC,S,2018-05-10 09:35:30.080000
West Bohemia 2018,WB.SKC,S,2018-05-10 09:35:40.440000
West Bohemia 2018,WB.SKC,S,2018-05-10 09:35:44.180000
West Bohemia 2018,WB.SKC,S,2018-05-10 09:36:31.150000
West Bohemia 2018,WB.SKC,S,2018-05-10 09:36:49.250000
West Bohemia 2018,WB.SKC,S,2018-05-10 09:36:55.450000
West Bohemia 2018,WB.SKC,S,2018-05-10 09:37:07.360000
West Bohemia 2018,WB.SKC,S,2018-05-10 09:37:14.380000
West Bohemia 2018,WB.SKC,S,2018-05-10 09:37:39.510000
West Bohemia 2018,WB.SKC,S,2018-05-10 09:37:40.260000
West Bohemia 2018,WB.SKC,S,2018-05-10 09:37:56.110000
West Bohemia 2018,WB.SKC,S,2018-05-10 09:39:34.980000
West Bohemia 2018,WB.SKC,S,2018-05-10 09:39:56.500000
West Bohemia 2018,WB.SKC,S,2018-05-10 09:40:09.310000
West Bohemia 2018,WB.SKC,S,2018-05-10 09:40:11.760000
West Bohemia 2018,WB.SKC,S,2018-05-10 09:41:10.270000
West Bohemia 2018,WB.SKC,S,2018-05-10 09:42:55.460000
West Bohemia 2018,WB.SKC,S,2018-05-10 09:46:02.990000
West Bohemia 2018,WB.SKC,S,2018-05-10 09:46:26.800000
West Bohemia 2018,WB.SKC,S,2018-05-10 09:46:38.480000
West Bohemia 2018,WB.SKC,S,2018-05-10 09:47:01.010000
West Bohemia 2018,WB.SKC,S,2018-05-10 09:47:11.020000
West Bohemia 2018,WB.SKC,S,2018-05-10 09:47:28.330000
West Bohemia 2018,WB.SKC,S,2018-05-10 09:47:31.990000
West Bohemia 2018,WB.SKC,S,2018-05-10 09:47:35.270000
West Bohemia 2018,WB.SKC,S,2018-05-10 09:47:39.720000
West Bohemia 2018,WB.SKC,S,2018-05-10 09:47:56.040000
West Bohemia 2018,WB.SKC,S,2018-05-10 09:48:11.440000
West Bohemia 2018,WB.SKC,S,2018-05-10 09:48:15.830000
West Bohemia 2018,WB.SKC,S,2018-05-10 09:48:22.340000
West Bohemia 2018,WB.SKC,S,2018-05-10 09:48:34.040000
West Bohemia 2018,WB.SKC,S,2018-05-10 09:48:49.290000
West Bohemia 2018,WB.SKC,S,2018-05-10 09:48:53.620000
West Bohemia 2018,WB.SKC,S,2018-05-10 09:49:27.580000
West Bohemia 2018,WB.SKC,S,2018-05-10 09:49:33.380000
West Bohemia 2018,WB.SKC,S,2018-05-10 09:49:35.930000
West Bohemia 2018,WB.SKC,S,2018-05-10 09:49:52.100000
West Bohemia 2018,WB.SKC,S,2018-05-10 09:50:28.220000
West Bohemia 2018,WB.SKC,S,2018-05-10 09:50:44.870000
West Bohemia 2018,WB.SKC,S,2018-05-10 09:50:58.580000
West Bohemia 2018,WB.SKC,S,2018-05-10 09:51:10.830000
West Bohemia 2018,WB.SKC,S,2018-05-10 09:51:18.100000
West Bohemia 2018,WB.SKC,S,2018-05-10 09:51:27.610000
West Bohemia 2018,WB.SKC,S,2018-05-10 09:51:34.510000
West Bohemia 2018,WB.SKC,S,2018-05-10 09:51:47.080000
West Bohemia 2018,WB.SKC,S,2018-05-10 09:51:57.390000
West Bohemia 2018,WB.SKC,S,2018-05-10 09:51:59.260000
West Bohemia 2018,WB.SKC,S,2018-05-10 09:52:05.220000
West Bohemia 2018,WB.SKC,S,2018-05-10 09:53:26.940000
West Bohemia 2018,WB.SKC,S,2018-05-10 09:53:51.220000
West Bohemia 2018,WB.SKC,S,2018-05-10 09:54:10.980000
West Bohemia 2018,WB.SKC,S,2018-05-10 09:54:17.370000
West Bohemia 2018,WB.SKC,S,2018-05-10 09:54:55.630000
West Bohemia 2018,WB.SKC,S,2018-05-10 09:54:56.620000
West Bohemia 2018,WB.SKC,S,2018-05-10 09:55:09.990000
West Bohemia 2018,WB.SKC,S,2018-05-10 09:55:20.780000
West Bohemia 2018,WB.SKC,S,2018-05-10 09:55:48.590000
West Bohemia 2018,WB.SKC,S,2018-05-10 09:57:25.250000
West Bohemia 2018,WB.SKC,S,2018-05-10 09:57:48.920000
West Bohemia 2018,WB.SKC,S,2018-05-10 09:57:57.840000
West Bohemia 2018,WB.SKC,S,2018-05-10 09:58:03.120000
West Bohemia 2018,WB.SKC,S,2018-05-10 09:58:34.240000
West Bohemia 2018,WB.SKC,S,2018-05-10 09:59:44.860000
West Bohemia 2018,WB.SKC,S,2018-05-10 10:01:13.970000
West Bohemia 2018,WB.SKC,S,2018-05-10 10:01:46.430000
West Bohemia 2018,WB.SKC,S,2018-05-10 10:01:52.220000
West Bohemia 2018,WB.SKC,S,2018-05-10 10:02:10.890000
West Bohemia 2018,WB.SKC,S,2018-05-10 10:02:44.920000
West Bohemia 2018,WB.SKC,S,2018-05-10 10:02:51.110000
West Bohemia 2018,WB.SKC,S,2018-05-10 10:03:01.840000
West Bohemia 2018,WB.SKC,S,2018-05-10 10:04:34.430000
West Bohemia 2018,WB.SKC,S,2018-05-10 10:04:41.260000
West Bohemia 2018,WB.SKC,S,2018-05-10 10:04:51.340000
West Bohemia 2018,WB.SKC,S,2018-05-10 10:04:53.720000
West Bohemia 2018,WB.SKC,S,2018-05-10 10:04:55.240000
West Bohemia 2018,WB.SKC,S,2018-05-10 10:05:01.890000
West Bohemia 2018,WB.SKC,S,2018-05-10 10:05:04.020000
West Bohemia 2018,WB.SKC,S,2018-05-10 10:05:06.080000
West Bohemia 2018,WB.SKC,S,2018-05-10 10:05:13.330000
West Bohemia 2018,WB.SKC,S,2018-05-10 10:05:23.940000
West Bohemia 2018,WB.SKC,S,2018-05-10 10:05:25.560000
West Bohemia 2018,WB.SKC,S,2018-05-10 10:05:46.420000
West Bohemia 2018,WB.SKC,S,2018-05-10 10:05:58.540000
West Bohemia 2018,WB.SKC,S,2018-05-10 10:06:04.310000
West Bohemia 2018,WB.SKC,S,2018-05-10 10:06:11.860000
West Bohemia 2018,WB.SKC,S,2018-05-10 10:06:24.130000
West Bohemia 2018,WB.SKC,S,2018-05-10 10:06:31.610000
West Bohemia 2018,WB.SKC,S,2018-05-10 10:06:40.090000
West Bohemia 2018,WB.SKC,S,2018-05-10 10:06:48.470000
West Bohemia 2018,WB.SKC,S,2018-05-10 10:07:01.700000
West Bohemia 2018,WB.SKC,S,2018-05-10 10:07:02.480000
West Bohemia 2018,WB.SKC,S,2018-05-10 10:07:19.950000
West Bohemia 2018,WB.SKC,S,2018-05-10 10:07:25.340000
West Bohemia 2018,WB.SKC,S,2018-05-10 10:07:47.170000
West Bohemia 2018,WB.SKC,S,2018-05-10 10:08:10.430000
West Bohemia 2018,WB.SKC,S,2018-05-10 10:08:11.780000
West Bohemia 2018,WB.SKC,S,2018-05-10 10:09:22.260000
West Bohemia 2018,WB.SKC,S,2018-05-10 10:09:48.110000
West Bohemia 2018,WB.SKC,S,2018-05-10 10:10:17.340000
West Bohemia 2018,WB.SKC,S,2018-05-10 10:22:21.750000
West Bohemia 2018,WB.SKC,S,2018-05-10 10:22:36.280000
West Bohemia 2018,WB.SKC,S,2018-05-10 10:22:39.520000
West Bohemia 2018,WB.SKC,S,2018-05-10 10:23:18.600000
West Bohemia 2018,WB.SKC,S,2018-05-10 10:23:36.260000
West Bohemia 2018,WB.SKC,S,2018-05-10 10:24:06.810000
West Bohemia 2018,WB.SKC,S,2018-05-10 10:24:23.980000
West Bohemia 2018,WB.SKC,S,2018-05-10 10:24:27.390000
West Bohemia 2018,WB.SKC,S,2018-05-10 10:24:28.600000
West Bohemia 2018,WB.SKC,S,2018-05-10 10:25:02.800000
West Bohemia 2018,WB.SKC,S,2018-05-10 10:25:03.320000
West Bohemia 2018,WB.SKC,S,2018-05-10 10:25:57.180000
West Bohemia 2018,WB.SKC,S,2018-05-10 10:26:00.360000
West Bohemia 2018,WB.SKC,S,2018-05-10 10:26:10.400000
West Bohemia 2018,WB.SKC,S,2018-05-10 10:26:30.600000
West Bohemia 2018,WB.SKC,S,2018-05-10 10:27:38.580000
West Bohemia 2018,WB.SKC,S,2018-05-10 10:28:23.180000
West Bohemia 2018,WB.SKC,S,2018-05-10 10:28:48.520000
West Bohemia 2018,WB.SKC,S,2018-05-10 10:29:00.830000
West Bohemia 2018,WB.SKC,S,2018-05-10 10:29:02.920000
West Bohemia 2018,WB.SKC,S,2018-05-10 10:29:35.240000
West Bohemia 2018,WB.SKC,S,2018-05-10 10:29:42.120000
West Bohemia 2018,WB.SKC,S,2018-05-10 10:34:11.050000
West Bohemia 2018,WB.SKC,S,2018-05-10 10:34:21.140000
West Bohemia 2018,WB.SKC,S,2018-05-10 10:34:55.840000
West Bohemia 2018,WB.SKC,S,2018-05-10 10:35:46.600000
West Bohemia 2018,WB.SKC,S,2018-05-10 10:39:38.720000
West Bohemia 2018,WB.SKC,S,2018-05-10 10:39:41.780000
West Bohemia 2018,WB.SKC,S,2018-05-10 10:39:42.610000
West Bohemia 2018,WB.SKC,S,2018-05-10 10:39:47.440000
West Bohemia 2018,WB.SKC,S,2018-05-10 10:40:07.230000
West Bohemia 2018,WB.SKC,S,2018-05-10 10:41:12.760000
West Bohemia 2018,WB.SKC,S,2018-05-10 10:41:17.120000
West Bohemia 2018,WB.SKC,S,2018-05-10 10:41:18.300000
West Bohemia 2018,WB.SKC,S,2018-05-10 10:41:25.150000
West Bohemia 2018,WB.SKC,S,2018-05-10 10:42:12.220000
West Bohemia 2018,WB.SKC,S,2018-05-10 10:42:24.580000
West Bohemia 2018,WB.SKC,S,2018-05-10 10:46:41.010000
West Bohemia 2018,WB.SKC,S,2018-05-10 10:46:42.360000
West Bohemia 2018,WB.SKC,S,2018-05-10 10:46:48.700000
West Bohemia 2018,WB.SKC,S,2018-05-10 11:04:38.200000
West Bohemia 2018,WB.SKC,S,2018-05-10 11:06:09.420000
West Bohemia 2018,WB.SKC,S,2018-05-10 11:06:27.920000
West Bohemia 2018,WB.SKC,S,2018-05-10 11:06:28.000000
West Bohemia 2018,WB.SKC,S,2018-05-10 11:09:04.060000
West Bohemia 2018,WB.SKC,S,2018-05-10 11:09:04.390000
West Bohemia 2018,WB.SKC,S,2018-05-10 11:10:01.440000
West Bohemia 2018,WB.SKC,S,2018-05-10 11:17:05.700000
West Bohemia 2018,WB.SKC,S,2018-05-10 11:48:44.480000
West Bohemia 2018,WB.SKC,S,2018-05-11 09:06:17.400000
West Bohemia 2018,WB.SKC,S,2018-05-11 09:06:32.260000
West Bohemia 2018,WB.SKC,S,2018-05-11 09:06:49.850000
West Bohemia 2018,WB.SKC,S,2018-05-11 09:06:50.580000
West Bohemia 2018,WB.SKC,S,2018-05-11 09:32:41.200000
West Bohemia 2018,WB.SKC,S,2018-05-11 09:36:24.380000
West Bohemia 2018,WB.SKC,S,2018-05-11 09:36:25.370000
West Bohemia 2018,WB.SKC,S,2018-05-11 09:36:37.860000
West Bohemia 2018,WB.SKC,S,2018-05-11 09:36:38.970000
West Bohemia 2018,WB.SKC,S,2018-05-11 09:36:57.390000
West Bohemia 2018,WB.SKC,S,2018-05-11 09:37:05.890000
West Bohemia 2018,WB.SKC,S,2018-05-11 09:37:15.760000
West Bohemia 2018,WB.SKC,S,2018-05-11 09:37:16.930000
West Bohemia 2018,WB.SKC,S,2018-05-11 09:37:36.660000
West Bohemia 2018,WB.SKC,S,2018-05-11 09:37:53.580000
West Bohemia 2018,WB.SKC,S,2018-05-11 09:37:55.430000
West Bohemia 2018,WB.SKC,S,2018-05-11 09:37:56.000000
West Bohemia 2018,WB.SKC,S,2018-05-11 09:38:09.500000
West Bohemia 2018,WB.SKC,S,2018-05-11 09:39:59.660000
West Bohemia 2018,WB.SKC,S,2018-05-11 09:40:02.060000
West Bohemia 2018,WB.SKC,S,2018-05-11 09:40:13.330000
West Bohemia 2018,WB.SKC,S,2018-05-11 09:40:50.040000
West Bohemia 2018,WB.SKC,S,2018-05-11 09:41:56.840000
West Bohemia 2018,WB.SKC,S,2018-05-11 09:46:08.510000
West Bohemia 2018,WB.SKC,S,2018-05-11 09:48:58.020000
West Bohemia 2018,WB.SKC,S,2018-05-11 09:51:03.560000
West Bohemia 2018,WB.SKC,S,2018-05-11 09:51:10.060000
West Bohemia 2018,WB.SKC,S,2018-05-11 09:52:25.740000
West Bohemia 2018,WB.SKC,S,2018-05-11 09:52:58.400000
West Bohemia 2018,WB.SKC,S,2018-05-11 09:53:07.680000
West Bohemia 2018,WB.SKC,S,2018-05-11 09:53:08.270000
West Bohemia 2018,WB.SKC,S,2018-05-11 09:53:34.160000
West Bohemia 2018,WB.SKC,S,2018-05-11 09:53:43.420000
West Bohemia 2018,WB.SKC,S,2018-05-11 09:53:47.580000
West Bohemia 2018,WB.SKC,S,2018-05-11 09:53:56.050000
West Bohemia 2018,WB.SKC,S,2018-05-11 09:54:02.580000
West Bohemia 2018,WB.SKC,S,2018-05-11 09:54:06.670000
West Bohemia 2018,WB.SKC,S,2018-05-11 09:54:21.980000
West Bohemia 2018,WB.SKC,S,2018-05-11 09:54:25.860000
West Bohemia 2018,WB.SKC,S,2018-05-11 09:55:22.580000
West Bohemia 2018,WB.SKC,S,2018-05-11 09:55:35.820000
West Bohemia 2018,WB.SKC,S,2018-05-11 09:55:37.620000
West Bohemia 2018,WB.SKC,S,2018-05-11 09:55:40.900000
West Bohemia 2018,WB.SKC,S,2018-05-11 09:58:02.740000
West Bohemia 2018,WB.SKC,S,2018-05-11 09:59:25.520000
West Bohemia 2018,WB.SKC,S,2018-05-11 09:59:41.850000
West Bohemia 2018,WB.SKC,S,2018-05-11 10:01:16.310000
West Bohemia 2018,WB.SKC,S,2018-05-11 10:06:00.940000
West Bohemia 2018,WB.SKC,S,2018-05-11 10:06:01.700000
West Bohemia 2018,WB.SKC,S,2018-05-11 10:06:56.590000
West Bohemia 2018,WB.SKC,S,2018-05-11 10:06:57.520000
West Bohemia 2018,WB.SKC,S,2018-05-11 10:07:03.310000
West Bohemia 2018,WB.SKC,S,2018-05-11 10:08:03.430000
West Bohemia 2018,WB.SKC,S,2018-05-11 10:11:32.040000
West Bohemia 2018,WB.SKC,S,2018-05-11 10:11:48.460000
West Bohemia 2018,WB.SKC,S,2018-05-11 10:12:02.440000
West Bohemia 2018,WB.SKC,S,2018-05-11 10:12:04.230000
West Bohemia 2018,WB.SKC,S,2018-05-11 10:18:13.400000
West Bohemia 2018,WB.SKC,S,2018-05-11 10:18:15.550000
West Bohemia 2018,WB.SKC,S,2018-05-11 10:18:16.300000
West Bohemia 2018,WB.SKC,S,2018-05-11 10:19:55.530000
West Bohemia 2018,WB.SKC,S,2018-05-11 10:21:34.200000
West Bohemia 2018,WB.SKC,S,2018-05-11 10:21:34.640000
West Bohemia 2018,WB.SKC,S,2018-05-11 10:21:47.570000
West Bohemia 2018,WB.SKC,S,2018-05-11 10:25:03.230000
West Bohemia 2018,WB.SKC,S,2018-05-11 10:27:50.700000
West Bohemia 2018,WB.SKC,S,2018-05-11 10:27:51.590000
West Bohemia 2018,WB.SKC,S,2018-05-11 10:28:01.850000
West Bohemia 2018,WB.SKC,S,2018-05-11 10:28:10.510000
West Bohemia 2018,WB.SKC,S,2018-05-11 10:28:22.730000
West Bohemia 2018,WB.SKC,S,2018-05-11 10:28:26.240000
West Bohemia 2018,WB.SKC,S,2018-05-11 10:28:31.420000
West Bohemia 2018,WB.SKC,S,2018-05-11 10:28:32.090000
West Bohemia 2018,WB.SKC,S,2018-05-11 10:28:34.140000
West Bohemia 2018,WB.SKC,S,2018-05-11 10:28:42.120000
West Bohemia 2018,WB.SKC,S,2018-05-11 10:28:42.780000
West Bohemia 2018,WB.SKC,S,2018-05-11 10:28:44.250000
West Bohemia 2018,WB.SKC,S,2018-05-11 10:29:03.130000
West Bohemia 2018,WB.SKC,S,2018-05-11 10:30:21.810000
West Bohemia 2018,WB.SKC,S,2018-05-11 10:31:22.330000
West Bohemia 2018,WB.SKC,S,2018-05-11 10:31:27.860000
West Bohemia 2018,WB.SKC,S,2018-05-11 10:31:30.980000
West Bohemia 2018,WB.SKC,S,2018-05-11 10:31:38.910000
West Bohemia 2018,WB.SKC,S,2018-05-11 10:31:44.610000
West Bohemia 2018,WB.SKC,S,2018-05-11 10:31:45.440000
West Bohemia 2018,WB.SKC,S,2018-05-11 10:32:23.250000
West Bohemia 2018,WB.SKC,S,2018-05-11 10:33:08.210000
West Bohemia 2018,WB.SKC,S,2018-05-11 10:33:10.860000
West Bohemia 2018,WB.SKC,S,2018-05-11 10:33:39.980000
West Bohemia 2018,WB.SKC,S,2018-05-11 10:45:28.110000
West Bohemia 2018,WB.SKC,S,2018-05-11 10:45:40.090000
West Bohemia 2018,WB.SKC,S,2018-05-11 10:45:44.500000
West Bohemia 2018,WB.SKC,S,2018-05-11 11:02:43.190000
West Bohemia 2018,WB.SKC,S,2018-05-11 11:03:16.470000
West Bohemia 2018,WB.SKC,S,2018-05-11 11:03:16.930000
West Bohemia 2018,WB.SKC,S,2018-05-11 11:04:10.240000
West Bohemia 2018,WB.SKC,S,2018-05-11 11:04:51.800000
West Bohemia 2018,WB.SKC,S,2018-05-11 11:09:02.870000
West Bohemia 2018,WB.SKC,S,2018-05-11 11:11:22.550000
West Bohemia 2018,WB.SKC,S,2018-05-11 11:13:13.650000
West Bohemia 2018,WB.SKC,S,2018-05-11 11:25:08.110000
West Bohemia 2018,WB.SKC,S,2018-05-11 11:25:10.560000
West Bohemia 2018,WB.SKC,S,2018-05-11 11:30:33.840000
West Bohemia 2018,WB.SKC,S,2018-05-11 11:31:07.660000
West Bohemia 2018,WB.SKC,S,2018-05-11 11:31:24.500000
West Bohemia 2018,WB.SKC,S,2018-05-11 11:31:24.560000
West Bohemia 2018,WB.SKC,S,2018-05-11 11:31:25.040000
West Bohemia 2018,WB.SKC,S,2018-05-11 11:31:31.370000
West Bohemia 2018,WB.SKC,S,2018-05-11 11:31:31.660000
West Bohemia 2018,WB.SKC,S,2018-05-11 11:31:35.090000
West Bohemia 2018,WB.SKC,S,2018-05-11 11:34:40.260000
West Bohemia 2018,WB.SKC,S,2018-05-11 11:34:48.450000
West Bohemia 2018,WB.SKC,S,2018-05-11 11:34:54.620000
West Bohemia 2018,WB.SKC,S,2018-05-11 11:35:11.730000
West Bohemia 2018,WB.SKC,S,2018-05-11 11:35:13.510000
West Bohemia 2018,WB.SKC,S,2018-05-11 11:35:15.100000
West Bohemia 2018,WB.SKC,S,2018-05-11 11:35:18.330000
West Bohemia 2018,WB.SKC,S,2018-05-11 11:35:20.580000
West Bohemia 2018,WB.SKC,S,2018-05-11 11:35:22.580000
West Bohemia 2018,WB.SKC,S,2018-05-11 11:35:32.660000
West Bohemia 2018,WB.SKC,S,2018-05-11 11:35:42.440000
West Bohemia 2018,WB.SKC,S,2018-05-11 11:35:43.780000
West Bohemia 2018,WB.SKC,S,2018-05-11 11:35:45.810000
West Bohemia 2018,WB.SKC,S,2018-05-11 11:35:49.860000
West Bohemia 2018,WB.SKC,S,2018-05-11 11:35:52.850000
West Bohemia 2018,WB.SKC,S,2018-05-11 11:38:29.520000
West Bohemia 2018,WB.SKC,S,2018-05-11 11:38:54.160000
West Bohemia 2018,WB.SKC,S,2018-05-11 11:39:02.790000
West Bohemia 2018,WB.SKC,S,2018-05-11 11:39:02.910000
West Bohemia 2018,WB.SKC,S,2018-05-11 11:39:04.020000
West Bohemia 2018,WB.SKC,S,2018-05-11 11:39:04.620000
West Bohemia 2018,WB.SKC,S,2018-05-11 11:39:23.760000
West Bohemia 2018,WB.SKC,S,2018-05-11 11:39:43.210000
West Bohemia 2018,WB.SKC,S,2018-05-11 11:39:49.450000
West Bohemia 2018,WB.SKC,S,2018-05-11 11:39:49.780000
West Bohemia 2018,WB.SKC,S,2018-05-11 11:39:51.570000
West Bohemia 2018,WB.SKC,S,2018-05-11 11:39:54.070000
West Bohemia 2018,WB.SKC,S,2018-05-11 11:40:10.480000
West Bohemia 2018,WB.SKC,S,2018-05-11 11:42:14.730000
West Bohemia 2018,WB.SKC,S,2018-05-11 11:42:17.020000
West Bohemia 2018,WB.SKC,S,2018-05-11 11:42:20.480000
West Bohemia 2018,WB.STC,P,2018-05-10 09:02:27.020000
West Bohemia 2018,WB.STC,P,2018-05-10 09:02:31.000000
West Bohemia 2018,WB.STC,P,2018-05-10 09:02:52.220000
West Bohemia 2018,WB.STC,P,2018-05-10 09:03:32.470000
West Bohemia 2018,WB.STC,P,2018-05-10 09:03:37.430000
West Bohemia 2018,WB.STC,P,2018-05-10 09:03:50.850000
West Bohemia 2018,WB.STC,P,2018-05-10 09:04:30.920000
West Bohemia 2018,WB.STC,P,2018-05-10 09:04:31.110000
West Bohemia 2018,WB.STC,P,2018-05-10 09:04:56.280000
West Bohemia 2018,WB.STC,P,2018-05-10 09:08:34.450000
West Bohemia 2018,WB.STC,P,2018-05-10 09:08:43.870000
West Bohemia 2018,WB.STC,P,2018-05-10 09:09:01.990000
West Bohemia 2018,WB.STC,P,2018-05-10 09:09:44.630000
West Bohemia 2018,WB.STC,P,2018-05-10 09:10:02.930000
West Bohemia 2018,WB.STC,P,2018-05-10 09:11:08.540000
West Bohemia 2018,WB.STC,P,2018-05-10 09:12:02.640000
West Bohemia 2018,WB.STC,P,2018-05-10 09:12:40.330000
West Bohemia 2018,WB.STC,P,2018-05-10 09:13:04.540000
West Bohemia 2018,WB.STC,P,2018-05-10 09:13:26.580000
West Bohemia 2018,WB.STC,P,2018-05-10 09:14:24.000000
West Bohemia 2018,WB.STC,P,2018-05-10 09:15:14.280000
West Bohemia 2018,WB.STC,P,2018-05-10 09:26:53.700000
West Bohemia 2018,WB.STC,P,2018-05-10 09:26:54.580000
West Bohemia 2018,WB.STC,P,2018-05-10 09:32:16.400000
West Bohemia 2018,WB.STC,P,2018-05-10 09:34:26.660000
West Bohemia 2018,WB.STC,P,2018-05-10 09:34:26.750000
West Bohemia 2018,WB.STC,P,2018-05-10 09:34:52.280000
West Bohemia 2018,WB.STC,P,2018-05-10 09:35:08.420000
West Bohemia 2018,WB.STC,P,2018-05-10 09:35:08.530000
West Bohemia 2018,WB.STC,P,2018-05-10 09:35:19.420000
West Bohemia 2018,WB.STC,P,2018-05-10 09:35:19.820000
West Bohemia 2018,WB.STC,P,2018-05-10 09:35:27.190000
West Bohemia 2018,WB.STC,P,2018-05-10 09:35:38.140000
West Bohemia 2018,WB.STC,P,2018-05-10 09:35:41.870000
West Bohemia 2018,WB.STC,P,2018-05-10 09:36:28.860000
West Bohemia 2018,WB.STC,P,2018-05-10 09:36:46.960000
West Bohemia 2018,WB.STC,P,2018-05-10 09:36:53.160000
West Bohemia 2018,WB.STC,P,2018-05-10 09:37:05.080000
West Bohemia 2018,WB.STC,P,2018-05-10 09:37:12.090000
West Bohemia 2018,WB.STC,P,2018-05-10 09:37:37.200000
West Bohemia 2018,WB.STC,P,2018-05-10 09:37:37.950000
West Bohemia 2018,WB.STC,P,2018-05-10 09:37:53.800000
West Bohemia 2018,WB.STC,P,2018-05-10 09:39:32.660000
West Bohemia 2018,WB.STC,P,2018-05-10 09:39:54.200000
West Bohemia 2018,WB.STC,P,2018-05-10 09:40:07.030000
West Bohemia 2018,WB.STC,P,2018-05-10 09:40:09.470000
West Bohemia 2018,WB.STC,P,2018-05-10 09:41:07.970000
West Bohemia 2018,WB.STC,P,2018-05-10 09:42:53.180000
West Bohemia 2018,WB.STC,P,2018-05-10 09:46:00.700000
West Bohemia 2018,WB.STC,P,2018-05-10 09:46:24.490000
West Bohemia 2018,WB.STC,P,2018-05-10 09:46:36.160000
West Bohemia 2018,WB.STC,P,2018-05-10 09:46:58.690000
West Bohemia 2018,WB.STC,P,2018-05-10 09:47:08.690000
West Bohemia 2018,WB.STC,P,2018-05-10 09:47:26.000000
West Bohemia 2018,WB.STC,P,2018-05-10 09:47:29.660000
West Bohemia 2018,WB.STC,P,2018-05-10 09:47:32.970000
West Bohemia 2018,WB.STC,P,2018-05-10 09:47:37.420000
West Bohemia 2018,WB.STC,P,2018-05-10 09:47:53.710000
West Bohemia 2018,WB.STC,P,2018-05-10 09:48:09.100000
West Bohemia 2018,WB.STC,P,2018-05-10 09:48:13.490000
West Bohemia 2018,WB.STC,P,2018-05-10 09:48:20.040000
West Bohemia 2018,WB.STC,P,2018-05-10 09:48:31.740000
West Bohemia 2018,WB.STC,P,2018-05-10 09:48:46.990000
West Bohemia 2018,WB.STC,P,2018-05-10 09:48:51.320000
West Bohemia 2018,WB.STC,P,2018-05-10 09:49:25.270000
West Bohemia 2018,WB.STC,P,2018-05-10 09:49:31.080000
West Bohemia 2018,WB.STC,P,2018-05-10 09:49:33.650000
West Bohemia 2018,WB.STC,P,2018-05-10 09:49:49.810000
West Bohemia 2018,WB.STC,P,2018-05-10 09:50:25.930000
West Bohemia 2018,WB.STC,P,2018-05-10 09:50:42.540000
West Bohemia 2018,WB.STC,P,2018-05-10 09:50:56.270000
West Bohemia 2018,WB.STC,P,2018-05-10 09:51:55.090000
West Bohemia 2018,WB.STC,P,2018-05-10 09:51:56.950000
West Bohemia 2018,WB.STC,P,2018-05-10 09:52:02.910000
West Bohemia 2018,WB.STC,P,2018-05-10 09:53:24.630000
West Bohemia 2018,WB.STC,P,2018-05-10 09:53:48.930000
West Bohemia 2018,WB.STC,P,2018-05-10 09:54:08.640000
West Bohemia 2018,WB.STC,P,2018-05-10 09:54:15.060000
West Bohemia 2018,WB.STC,P,2018-05-10 09:54:53.320000
West Bohemia 2018,WB.STC,P,2018-05-10 09:54:54.320000
West Bohemia 2018,WB.STC,P,2018-05-10 09:55:07.670000
West Bohemia 2018,WB.STC,P,2018-05-10 09:55:18.490000
West Bohemia 2018,WB.STC,P,2018-05-10 09:57:22.940000
West Bohemia 2018,WB.STC,P,2018-05-10 09:57:46.620000
West Bohemia 2018,WB.STC,P,2018-05-10 09:57:55.550000
West Bohemia 2018,WB.STC,P,2018-05-10 09:58:00.830000
West Bohemia 2018,WB.STC,P,2018-05-10 09:58:31.950000
West Bohemia 2018,WB.STC,P,2018-05-10 10:01:44.060000
West Bohemia 2018,WB.STC,P,2018-05-10 10:01:49.920000
West Bohemia 2018,WB.STC,P,2018-05-10 10:02:08.600000
West Bohemia 2018,WB.STC,P,2018-05-10 10:02:42.610000
West Bohemia 2018,WB.STC,P,2018-05-10 10:02:48.820000
West Bohemia 2018,WB.STC,P,2018-05-10 10:02:59.550000
West Bohemia 2018,WB.STC,P,2018-05-10 10:04:32.120000
West Bohemia 2018,WB.STC,P,2018-05-10 10:04:38.970000
West Bohemia 2018,WB.STC,P,2018-05-10 10:04:49.020000
West Bohemia 2018,WB.STC,P,2018-05-10 10:04:52.940000
West Bohemia 2018,WB.STC,P,2018-05-10 10:04:59.580000
West Bohemia 2018,WB.STC,P,2018-05-10 10:05:01.730000
West Bohemia 2018,WB.STC,P,2018-05-10 10:05:03.800000
West Bohemia 2018,WB.STC,P,2018-05-10 10:05:04.470000
West Bohemia 2018,WB.STC,P,2018-05-10 10:05:11.060000
West Bohemia 2018,WB.STC,P,2018-05-10 10:05:21.620000
West Bohemia 2018,WB.STC,P,2018-05-10 10:05:23.250000
West Bohemia 2018,WB.STC,P,2018-05-10 10:05:44.080000
West Bohemia 2018,WB.STC,P,2018-05-10 10:05:56.260000
West Bohemia 2018,WB.STC,P,2018-05-10 10:05:59.710000
West Bohemia 2018,WB.STC,P,2018-05-10 10:06:02.010000
West Bohemia 2018,WB.STC,P,2018-05-10 10:06:09.530000
West Bohemia 2018,WB.STC,P,2018-05-10 10:06:21.830000
West Bohemia 2018,WB.STC,P,2018-05-10 10:06:29.260000
West Bohemia 2018,WB.STC,P,2018-05-10 10:06:37.750000
West Bohemia 2018,WB.STC,P,2018-05-10 10:06:46.200000
West Bohemia 2018,WB.STC,P,2018-05-10 10:06:59.420000
West Bohemia 2018,WB.STC,P,2018-05-10 10:07:00.180000
West Bohemia 2018,WB.STC,P,2018-05-10 10:07:17.640000
West Bohemia 2018,WB.STC,P,2018-05-10 10:07:23.050000
West Bohemia 2018,WB.STC,P,2018-05-10 10:07:44.850000
West Bohemia 2018,WB.STC,P,2018-05-10 10:08:08.130000
West Bohemia 2018,WB.STC,P,2018-05-10 10:09:19.940000
West Bohemia 2018,WB.STC,P,2018-05-10 10:09:45.800000
West Bohemia 2018,WB.STC,P,2018-05-10 10:10:15.050000
West Bohemia 2018,WB.STC,P,2018-05-10 10:22:19.390000
West Bohemia 2018,WB.STC,P,2018-05-10 10:22:19.460000
West Bohemia 2018,WB.STC,P,2018-05-10 10:22:33.980000
West Bohemia 2018,WB.STC,P,2018-05-10 10:22:37.240000
West Bohemia 2018,WB.STC,P,2018-05-10 10:23:16.310000
West Bohemia 2018,WB.STC,P,2018-05-10 10:23:33.950000
West Bohemia 2018,WB.STC,P,2018-05-10 10:24:04.500000
West Bohemia 2018,WB.STC,P,2018-05-10 10:24:21.710000
West Bohemia 2018,WB.STC,P,2018-05-10 10:24:25.100000
West Bohemia 2018,WB.STC,P,2018-05-10 10:24:26.270000
West Bohemia 2018,WB.STC,P,2018-05-10 10:25:00.470000
West Bohemia 2018,WB.STC,P,2018-05-10 10:25:00.990000
West Bohemia 2018,WB.STC,P,2018-05-10 10:25:17.310000
West Bohemia 2018,WB.STC,P,2018-05-10 10:25:54.880000
West Bohemia 2018,WB.STC,P,2018-05-10 10:25:58.000000
West Bohemia 2018,WB.STC,P,2018-05-10 10:26:08.090000
West Bohemia 2018,WB.STC,P,2018-05-10 10:26:28.290000
West Bohemia 2018,WB.STC,P,2018-05-10 10:27:36.260000
West Bohemia 2018,WB.STC,P,2018-05-10 10:28:20.890000
West Bohemia 2018,WB.STC,P,2018-05-10 10:28:46.180000
West Bohemia 2018,WB.STC,P,2018-05-10 10:29:00.590000
West Bohemia 2018,WB.STC,P,2018-05-10 10:29:39.810000
West Bohemia 2018,WB.STC,P,2018-05-10 10:34:08.740000
West Bohemia 2018,WB.STC,P,2018-05-10 10:34:18.840000
West Bohemia 2018,WB.STC,P,2018-05-10 10:34:53.540000
West Bohemia 2018,WB.STC,P,2018-05-10 10:35:44.290000
West Bohemia 2018,WB.STC,P,2018-05-10 10:39:36.400000
West Bohemia 2018,WB.STC,P,2018-05-10 10:39:39.480000
West Bohemia 2018,WB.STC,P,2018-05-10 10:39:40.300000
West Bohemia 2018,WB.STC,P,2018-05-10 10:39:45.140000
West Bohemia 2018,WB.STC,P,2018-05-10 10:40:04.920000
West Bohemia 2018,WB.STC,P,2018-05-10 10:41:10.480000
West Bohemia 2018,WB.STC,P,2018-05-10 10:41:14.820000
West Bohemia 2018,WB.STC,P,2018-05-10 10:41:22.840000
West Bohemia 2018,WB.STC,P,2018-05-10 10:42:09.900000
West Bohemia 2018,WB.STC,P,2018-05-10 10:42:22.300000
West Bohemia 2018,WB.STC,P,2018-05-10 10:46:38.710000
West Bohemia 2018,WB.STC,P,2018-05-10 10:46:46.370000
West Bohemia 2018,WB.STC,P,2018-05-10 11:04:35.810000
West Bohemia 2018,WB.STC,P,2018-05-10 11:06:07.140000
West Bohemia 2018,WB.STC,P,2018-05-10 11:06:25.610000
West Bohemia 2018,WB.STC,P,2018-05-10 11:06:25.710000
West Bohemia 2018,WB.STC,P,2018-05-10 11:09:01.760000
West Bohemia 2018,WB.STC,P,2018-05-10 11:09:02.070000
West Bohemia 2018,WB.STC,P,2018-05-10 11:09:59.140000
West Bohemia 2018,WB.STC,P,2018-05-10 11:17:03.370000
West Bohemia 2018,WB.STC,P,2018-05-10 11:48:42.180000
West Bohemia 2018,WB.STC,P,2018-05-11 09:06:14.880000
West Bohemia 2018,WB.STC,P,2018-05-11 09:06:29.750000
West Bohemia 2018,WB.STC,P,2018-05-11 09:06:47.360000
West Bohemia 2018,WB.STC,P,2018-05-11 09:06:48.150000
West Bohemia 2018,WB.STC,P,2018-05-11 09:32:38.680000
West Bohemia 2018,WB.STC,P,2018-05-11 09:36:21.870000
West Bohemia 2018,WB.STC,P,2018-05-11 09:36:22.850000
West Bohemia 2018,WB.STC,P,2018-05-11 09:36:35.350000
West Bohemia 2018,WB.STC,P,2018-05-11 09:36:36.430000
West Bohemia 2018,WB.STC,P,2018-05-11 09:36:54.870000
West Bohemia 2018,WB.STC,P,2018-05-11 09:37:03.390000
West Bohemia 2018,WB.STC,P,2018-05-11 09:37:13.250000
West Bohemia 2018,WB.STC,P,2018-05-11 09:37:34.130000
West Bohemia 2018,WB.STC,P,2018-05-11 09:37:51.090000
West Bohemia 2018,WB.STC,P,2018-05-11 09:38:07.040000
West Bohemia 2018,WB.STC,P,2018-05-11 09:39:57.180000
West Bohemia 2018,WB.STC,P,2018-05-11 09:40:10.840000
West Bohemia 2018,WB.STC,P,2018-05-11 09:40:47.520000
West Bohemia 2018,WB.STC,P,2018-05-11 09:41:54.330000
West Bohemia 2018,WB.STC,P,2018-05-11 09:46:05.960000
West Bohemia 2018,WB.STC,P,2018-05-11 09:46:05.980000
West Bohemia 2018,WB.STC,P,2018-05-11 09:48:55.510000
West Bohemia 2018,WB.STC,P,2018-05-11 09:51:01.040000
West Bohemia 2018,WB.STC,P,2018-05-11 09:51:07.530000
West Bohemia 2018,WB.STC,P,2018-05-11 09:52:23.250000
West Bohemia 2018,WB.STC,P,2018-05-11 09:52:31.310000
West Bohemia 2018,WB.STC,P,2018-05-11 09:52:55.860000
West Bohemia 2018,WB.STC,P,2018-05-11 09:53:05.200000
West Bohemia 2018,WB.STC,P,2018-05-11 09:53:26.550000
West Bohemia 2018,WB.STC,P,2018-05-11 09:53:31.900000
West Bohemia 2018,WB.STC,P,2018-05-11 09:53:40.900000
West Bohemia 2018,WB.STC,P,2018-05-11 09:53:42.790000
West Bohemia 2018,WB.STC,P,2018-05-11 09:53:45.120000
West Bohemia 2018,WB.STC,P,2018-05-11 09:53:53.570000
West Bohemia 2018,WB.STC,P,2018-05-11 09:54:00.310000
West Bohemia 2018,WB.STC,P,2018-05-11 09:54:02.620000
West Bohemia 2018,WB.STC,P,2018-05-11 09:54:04.190000
West Bohemia 2018,WB.STC,P,2018-05-11 09:54:23.340000
West Bohemia 2018,WB.STC,P,2018-05-11 09:55:19.960000
West Bohemia 2018,WB.STC,P,2018-05-11 09:55:20.110000
West Bohemia 2018,WB.STC,P,2018-05-11 09:55:33.360000
West Bohemia 2018,WB.STC,P,2018-05-11 09:55:35.140000
West Bohemia 2018,WB.STC,P,2018-05-11 09:55:38.420000
West Bohemia 2018,WB.STC,P,2018-05-11 09:58:00.220000
West Bohemia 2018,WB.STC,P,2018-05-11 09:59:23.000000
West Bohemia 2018,WB.STC,P,2018-05-11 09:59:39.340000
West Bohemia 2018,WB.STC,P,2018-05-11 10:01:13.830000
West Bohemia 2018,WB.STC,P,2018-05-11 10:05:58.480000
West Bohemia 2018,WB.STC,P,2018-05-11 10:05:58.910000
West Bohemia 2018,WB.STC,P,2018-05-11 10:05:59.210000
West Bohemia 2018,WB.STC,P,2018-05-11 10:06:54.050000
West Bohemia 2018,WB.STC,P,2018-05-11 10:06:55.020000
West Bohemia 2018,WB.STC,P,2018-05-11 10:07:00.820000
West Bohemia 2018,WB.STC,P,2018-05-11 10:07:01.880000
West Bohemia 2018,WB.STC,P,2018-05-11 10:08:00.910000
West Bohemia 2018,WB.STC,P,2018-05-11 10:11:29.520000
West Bohemia 2018,WB.STC,P,2018-05-11 10:11:45.960000
West Bohemia 2018,WB.STC,P,2018-05-11 10:11:59.950000
West Bohemia 2018,WB.STC,P,2018-05-11 10:12:32.310000
West Bohemia 2018,WB.STC,P,2018-05-11 10:18:10.910000
West Bohemia 2018,WB.STC,P,2018-05-11 10:18:13.080000
West Bohemia 2018,WB.STC,P,2018-05-11 10:18:13.830000
West Bohemia 2018,WB.STC,P,2018-05-11 10:19:53.000000
West Bohemia 2018,WB.STC,P,2018-05-11 10:21:31.700000
West Bohemia 2018,WB.STC,P,2018-05-11 10:21:32.100000
West Bohemia 2018,WB.STC,P,2018-05-11 10:21:45.080000
West Bohemia 2018,WB.STC,P,2018-05-11 10:25:00.730000
West Bohemia 2018,WB.STC,P,2018-05-11 10:27:48.140000
West Bohemia 2018,WB.STC,P,2018-05-11 10:27:49.060000
West Bohemia 2018,WB.STC,P,2018-05-11 10:27:59.340000
West Bohemia 2018,WB.STC,P,2018-05-11 10:28:07.980000
West Bohemia 2018,WB.STC,P,2018-05-11 10:28:20.200000
West Bohemia 2018,WB.STC,P,2018-05-11 10:28:23.750000
West Bohemia 2018,WB.STC,P,2018-05-11 10:28:30.100000
West Bohemia 2018,WB.STC,P,2018-05-11 10:28:31.590000
West Bohemia 2018,WB.STC,P,2018-05-11 10:28:39.610000
West Bohemia 2018,WB.STC,P,2018-05-11 10:28:40.250000
West Bohemia 2018,WB.STC,P,2018-05-11 10:29:00.600000
West Bohemia 2018,WB.STC,P,2018-05-11 10:30:19.250000
West Bohemia 2018,WB.STC,P,2018-05-11 10:31:19.800000
West Bohemia 2018,WB.STC,P,2018-05-11 10:31:25.330000
West Bohemia 2018,WB.STC,P,2018-05-11 10:31:36.420000
West Bohemia 2018,WB.STC,P,2018-05-11 10:31:42.100000
West Bohemia 2018,WB.STC,P,2018-05-11 10:32:20.740000
West Bohemia 2018,WB.STC,P,2018-05-11 10:33:05.700000
West Bohemia 2018,WB.STC,P,2018-05-11 10:33:08.350000
West Bohemia 2018,WB.STC,P,2018-05-11 10:33:37.460000
West Bohemia 2018,WB.STC,P,2018-05-11 10:45:25.620000
West Bohemia 2018,WB.STC,P,2018-05-11 10:45:37.600000
West Bohemia 2018,WB.STC,P,2018-05-11 10:45:42.000000
West Bohemia 2018,WB.STC,P,2018-05-11 11:02:40.670000
West Bohemia 2018,WB.STC,P,2018-05-11 11:03:13.970000
West Bohemia 2018,WB.STC,P,2018-05-11 11:03:14.450000
West Bohemia 2018,WB.STC,P,2018-05-11 11:04:07.730000
West Bohemia 2018,WB.STC,P,2018-05-11 11:04:49.310000
West Bohemia 2018,WB.STC,P,2018-05-11 11:09:00.400000
West Bohemia 2018,WB.STC,P,2018-05-11 11:11:20.120000
West Bohemia 2018,WB.STC,P,2018-05-11 11:13:11.140000
West Bohemia 2018,WB.STC,P,2018-05-11 11:25:05.540000
West Bohemia 2018,WB.STC,P,2018-05-11 11:25:07.990000
West Bohemia 2018,WB.STC,P,2018-05-11 11:30:31.320000
West Bohemia 2018,WB.STC,P,2018-05-11 11:31:05.140000
West Bohemia 2018,WB.STC,P,2018-05-11 11:31:21.930000
West Bohemia 2018,WB.STC,P,2018-05-11 11:31:21.980000
West Bohemia 2018,WB.STC,P,2018-05-11 11:31:28.830000
West Bohemia 2018,WB.STC,P,2018-05-11 11:31:29.140000
West Bohemia 2018,WB.STC,P,2018-05-11 11:31:32.580000
West Bohemia 2018,WB.STC,P,2018-05-11 11:34:37.740000
West Bohemia 2018,WB.STC,P,2018-05-11 11:34:45.940000
West Bohemia 2018,WB.STC,P,2018-05-11 11:35:09.220000
West Bohemia 2018,WB.STC,P,2018-05-11 11:35:12.560000
West Bohemia 2018,WB.STC,P,2018-05-11 11:35:15.290000
West Bohemia 2018,WB.STC,P,2018-05-11 11:35:15.820000
West Bohemia 2018,WB.STC,P,2018-05-11 11:35:30.140000
West Bohemia 2018,WB.STC,P,2018-05-11 11:35:39.920000
West Bohemia 2018,WB.STC,P,2018-05-11 11:35:47.360000
West Bohemia 2018,WB.STC,P,2018-05-11 11:35:50.320000
West Bohemia 2018,WB.STC,P,2018-05-11 11:38:26.940000
West Bohemia 2018,WB.STC,P,2018-05-11 11:39:00.260000
West Bohemia 2018,WB.STC,P,2018-05-11 11:39:00.370000
West Bohemia 2018,WB.STC,P,2018-05-11 11:39:21.250000
West Bohemia 2018,WB.STC,P,2018-05-11 11:39:29.770000
West Bohemia 2018,WB.STC,P,2018-05-11 11:39:46.920000
West Bohemia 2018,WB.STC,P,2018-05-11 11:39:51.550000
West Bohemia 2018,WB.STC,P,2018-05-11 11:39:55.150000
West Bohemia 2018,WB.STC,P,2018-05-11 11:40:07.980000
West Bohemia 2018,WB.STC,P,2018-05-11 11:42:12.220000
West Bohemia 2018,WB.STC,P,2018-05-11 11:42:14.530000
West Bohemia 2018,WB.STC,S,2018-05-10 09:02:28.280000
West Bohemia 2018,WB.STC,S,2018-05-10 09:02:32.260000
West Bohemia 2018,WB.STC,S,2018-05-10 09:02:53.460000
West Bohemia 2018,WB.STC,S,2018-05-10 09:03:33.730000
West Bohemia 2018,WB.STC,S,2018-05-10 09:03:38.680000
West Bohemia 2018,WB.STC,S,2018-05-10 09:03:52.090000
West Bohemia 2018,WB.STC,S,2018-05-10 09:04:32.190000
West Bohemia 2018,WB.STC,S,2018-05-10 09:04:32.340000
West Bohemia 2018,WB.STC,S,2018-05-10 09:04:57.520000
West Bohemia 2018,WB.STC,S,2018-05-10 09:08:35.710000
West Bohemia 2018,WB.STC,S,2018-05-10 09:08:45.150000
West Bohemia 2018,WB.STC,S,2018-05-10 09:09:03.240000
West Bohemia 2018,WB.STC,S,2018-05-10 09:09:45.880000
West Bohemia 2018,WB.STC,S,2018-05-10 09:10:04.190000
West Bohemia 2018,WB.STC,S,2018-05-10 09:11:09.810000
West Bohemia 2018,WB.STC,S,2018-05-10 09:12:03.900000
West Bohemia 2018,WB.STC,S,2018-05-10 09:12:41.570000
West Bohemia 2018,WB.STC,S,2018-05-10 09:13:05.780000
West Bohemia 2018,WB.STC,S,2018-05-10 09:13:27.820000
West Bohemia 2018,WB.STC,S,2018-05-10 09:14:25.270000
West Bohemia 2018,WB.STC,S,2018-05-10 09:15:15.530000
West Bohemia 2018,WB.STC,S,2018-05-10 09:26:54.950000
West Bohemia 2018,WB.STC,S,2018-05-10 09:26:55.820000
West Bohemia 2018,WB.STC,S,2018-05-10 09:32:17.660000
West Bohemia 2018,WB.STC,S,2018-05-10 09:34:27.950000
West Bohemia 2018,WB.STC,S,2018-05-10 09:34:28.020000
West Bohemia 2018,WB.STC,S,2018-05-10 09:34:53.540000
West Bohemia 2018,WB.STC,S,2018-05-10 09:35:09.690000
West Bohemia 2018,WB.STC,S,2018-05-10 09:35:09.800000
West Bohemia 2018,WB.STC,S,2018-05-10 09:35:20.690000
West Bohemia 2018,WB.STC,S,2018-05-10 09:35:21.100000
West Bohemia 2018,WB.STC,S,2018-05-10 09:35:28.440000
West Bohemia 2018,WB.STC,S,2018-05-10 09:35:39.380000
West Bohemia 2018,WB.STC,S,2018-05-10 09:35:43.130000
West Bohemia 2018,WB.STC,S,2018-05-10 09:36:30.100000
West Bohemia 2018,WB.STC,S,2018-05-10 09:36:48.200000
West Bohemia 2018,WB.STC,S,2018-05-10 09:36:54.410000
West Bohemia 2018,WB.STC,S,2018-05-10 09:37:06.320000
West Bohemia 2018,WB.STC,S,2018-05-10 09:37:13.350000
West Bohemia 2018,WB.STC,S,2018-05-10 09:37:38.460000
West Bohemia 2018,WB.STC,S,2018-05-10 09:37:39.200000
West Bohemia 2018,WB.STC,S,2018-05-10 09:37:55.050000
West Bohemia 2018,WB.STC,S,2018-05-10 09:39:33.910000
West Bohemia 2018,WB.STC,S,2018-05-10 09:39:55.470000
West Bohemia 2018,WB.STC,S,2018-05-10 09:40:08.290000
West Bohemia 2018,WB.STC,S,2018-05-10 09:40:10.720000
West Bohemia 2018,WB.STC,S,2018-05-10 09:41:09.220000
West Bohemia 2018,WB.STC,S,2018-05-10 09:42:54.420000
West Bohemia 2018,WB.STC,S,2018-05-10 09:46:01.960000
West Bohemia 2018,WB.STC,S,2018-05-10 09:46:25.760000
West Bohemia 2018,WB.STC,S,2018-05-10 09:46:37.440000
West Bohemia 2018,WB.STC,S,2018-05-10 09:46:59.950000
West Bohemia 2018,WB.STC,S,2018-05-10 09:47:09.950000
West Bohemia 2018,WB.STC,S,2018-05-10 09:47:27.260000
West Bohemia 2018,WB.STC,S,2018-05-10 09:47:30.940000
West Bohemia 2018,WB.STC,S,2018-05-10 09:47:34.240000
West Bohemia 2018,WB.STC,S,2018-05-10 09:47:38.680000
West Bohemia 2018,WB.STC,S,2018-05-10 09:47:54.970000
West Bohemia 2018,WB.STC,S,2018-05-10 09:48:10.370000
West Bohemia 2018,WB.STC,S,2018-05-10 09:48:14.760000
West Bohemia 2018,WB.STC,S,2018-05-10 09:48:21.320000
West Bohemia 2018,WB.STC,S,2018-05-10 09:48:33.010000
West Bohemia 2018,WB.STC,S,2018-05-10 09:48:48.260000
West Bohemia 2018,WB.STC,S,2018-05-10 09:48:52.580000
West Bohemia 2018,WB.STC,S,2018-05-10 09:49:26.560000
West Bohemia 2018,WB.STC,S,2018-05-10 09:49:32.340000
West Bohemia 2018,WB.STC,S,2018-05-10 09:49:34.900000
West Bohemia 2018,WB.STC,S,2018-05-10 09:49:51.070000
West Bohemia 2018,WB.STC,S,2018-05-10 09:50:27.200000
West Bohemia 2018,WB.STC,S,2018-05-10 09:50:43.820000
West Bohemia 2018,WB.STC,S,2018-05-10 09:50:57.540000
West Bohemia 2018,WB.STC,S,2018-05-10 09:51:56.360000
West Bohemia 2018,WB.STC,S,2018-05-10 09:51:58.200000
West Bohemia 2018,WB.STC,S,2018-05-10 09:52:04.160000
West Bohemia 2018,WB.STC,S,2018-05-10 09:53:25.910000
West Bohemia 2018,WB.STC,S,2018-05-10 09:53:50.180000
West Bohemia 2018,WB.STC,S,2018-05-10 09:54:09.910000
West Bohemia 2018,WB.STC,S,2018-05-10 09:54:16.340000
West Bohemia 2018,WB.STC,S,2018-05-10 09:54:54.610000
West Bohemia 2018,WB.STC,S,2018-05-10 09:54:55.590000
West Bohemia 2018,WB.STC,S,2018-05-10 09:55:08.990000
West Bohemia 2018,WB.STC,S,2018-05-10 09:55:19.760000
West Bohemia 2018,WB.STC,S,2018-05-10 09:57:24.210000
West Bohemia 2018,WB.STC,S,2018-05-10 09:57:47.890000
West Bohemia 2018,WB.STC,S,2018-05-10 09:57:56.850000
West Bohemia 2018,WB.STC,S,2018-05-10 09:58:02.080000
West Bohemia 2018,WB.STC,S,2018-05-10 09:58:33.210000
West Bohemia 2018,WB.STC,S,2018-05-10 09:59:43.830000
West Bohemia 2018,WB.STC,S,2018-05-10 10:01:45.410000
West Bohemia 2018,WB.STC,S,2018-05-10 10:01:51.170000
West Bohemia 2018,WB.STC,S,2018-05-10 10:02:09.870000
West Bohemia 2018,WB.STC,S,2018-05-10 10:02:43.890000
West Bohemia 2018,WB.STC,S,2018-05-10 10:02:50.070000
West Bohemia 2018,WB.STC,S,2018-05-10 10:03:00.820000
West Bohemia 2018,WB.STC,S,2018-05-10 10:04:33.420000
West Bohemia 2018,WB.STC,S,2018-05-10 10:04:40.230000
West Bohemia 2018,WB.STC,S,2018-05-10 10:04:50.300000
West Bohemia 2018,WB.STC,S,2018-05-10 10:04:52.710000
West Bohemia 2018,WB.STC,S,2018-05-10 10:04:54.210000
West Bohemia 2018,WB.STC,S,2018-05-10 10:05:00.860000
West Bohemia 2018,WB.STC,S,2018-05-10 10:05:03.030000
West Bohemia 2018,WB.STC,S,2018-05-10 10:05:05.060000
West Bohemia 2018,WB.STC,S,2018-05-10 10:05:05.780000
West Bohemia 2018,WB.STC,S,2018-05-10 10:05:12.320000
West Bohemia 2018,WB.STC,S,2018-05-10 10:05:22.870000
West Bohemia 2018,WB.STC,S,2018-05-10 10:05:24.500000
West Bohemia 2018,WB.STC,S,2018-05-10 10:05:45.360000
West Bohemia 2018,WB.STC,S,2018-05-10 10:05:57.510000
West Bohemia 2018,WB.STC,S,2018-05-10 10:06:00.940000
West Bohemia 2018,WB.STC,S,2018-05-10 10:06:03.270000
West Bohemia 2018,WB.STC,S,2018-05-10 10:06:10.800000
West Bohemia 2018,WB.STC,S,2018-05-10 10:06:23.070000
West Bohemia 2018,WB.STC,S,2018-05-10 10:06:30.500000
West Bohemia 2018,WB.STC,S,2018-05-10 10:06:39.010000
West Bohemia 2018,WB.STC,S,2018-05-10 10:06:47.450000
West Bohemia 2018,WB.STC,S,2018-05-10 10:07:00.690000
West Bohemia 2018,WB.STC,S,2018-05-10 10:07:01.420000
West Bohemia 2018,WB.STC,S,2018-05-10 10:07:18.960000
West Bohemia 2018,WB.STC,S,2018-05-10 10:07:24.350000
West Bohemia 2018,WB.STC,S,2018-05-10 10:07:46.160000
West Bohemia 2018,WB.STC,S,2018-05-10 10:08:09.400000
West Bohemia 2018,WB.STC,S,2018-05-10 10:08:10.720000
West Bohemia 2018,WB.STC,S,2018-05-10 10:08:12.290000
West Bohemia 2018,WB.STC,S,2018-05-10 10:09:21.220000
West Bohemia 2018,WB.STC,S,2018-05-10 10:09:47.060000
West Bohemia 2018,WB.STC,S,2018-05-10 10:10:16.290000
West Bohemia 2018,WB.STC,S,2018-05-10 10:22:20.670000
West Bohemia 2018,WB.STC,S,2018-05-10 10:22:20.730000
West Bohemia 2018,WB.STC,S,2018-05-10 10:22:35.260000
West Bohemia 2018,WB.STC,S,2018-05-10 10:22:38.480000
West Bohemia 2018,WB.STC,S,2018-05-10 10:23:17.580000
West Bohemia 2018,WB.STC,S,2018-05-10 10:23:35.200000
West Bohemia 2018,WB.STC,S,2018-05-10 10:24:05.780000
West Bohemia 2018,WB.STC,S,2018-05-10 10:24:22.960000
West Bohemia 2018,WB.STC,S,2018-05-10 10:24:26.390000
West Bohemia 2018,WB.STC,S,2018-05-10 10:24:27.580000
West Bohemia 2018,WB.STC,S,2018-05-10 10:25:01.740000
West Bohemia 2018,WB.STC,S,2018-05-10 10:25:02.260000
West Bohemia 2018,WB.STC,S,2018-05-10 10:25:18.600000
West Bohemia 2018,WB.STC,S,2018-05-10 10:25:56.140000
West Bohemia 2018,WB.STC,S,2018-05-10 10:25:59.280000
West Bohemia 2018,WB.STC,S,2018-05-10 10:26:09.390000
West Bohemia 2018,WB.STC,S,2018-05-10 10:26:29.580000
West Bohemia 2018,WB.STC,S,2018-05-10 10:27:37.570000
West Bohemia 2018,WB.STC,S,2018-05-10 10:28:22.120000
West Bohemia 2018,WB.STC,S,2018-05-10 10:28:47.450000
West Bohemia 2018,WB.STC,S,2018-05-10 10:28:59.790000
West Bohemia 2018,WB.STC,S,2018-05-10 10:29:01.860000
West Bohemia 2018,WB.STC,S,2018-05-10 10:29:34.220000
West Bohemia 2018,WB.STC,S,2018-05-10 10:29:41.060000
West Bohemia 2018,WB.STC,S,2018-05-10 10:34:10.010000
West Bohemia 2018,WB.STC,S,2018-05-10 10:34:20.100000
West Bohemia 2018,WB.STC,S,2018-05-10 10:34:54.850000
West Bohemia 2018,WB.STC,S,2018-05-10 10:35:45.570000
West Bohemia 2018,WB.STC,S,2018-05-10 10:39:37.680000
West Bohemia 2018,WB.STC,S,2018-05-10 10:39:40.780000
West Bohemia 2018,WB.STC,S,2018-05-10 10:39:41.590000
West Bohemia 2018,WB.STC,S,2018-05-10 10:39:46.430000
West Bohemia 2018,WB.STC,S,2018-05-10 10:40:06.210000
West Bohemia 2018,WB.STC,S,2018-05-10 10:41:11.720000
West Bohemia 2018,WB.STC,S,2018-05-10 10:41:16.090000
West Bohemia 2018,WB.STC,S,2018-05-10 10:41:17.300000
West Bohemia 2018,WB.STC,S,2018-05-10 10:41:24.140000
West Bohemia 2018,WB.STC,S,2018-05-10 10:42:11.200000
West Bohemia 2018,WB.STC,S,2018-05-10 10:42:23.540000
West Bohemia 2018,WB.STC,S,2018-05-10 10:46:40.010000
West Bohemia 2018,WB.STC,S,2018-05-10 10:46:41.350000
West Bohemia 2018,WB.STC,S,2018-05-10 10:46:47.670000
West Bohemia 2018,WB.STC,S,2018-05-10 11:04:37.080000
West Bohemia 2018,WB.STC,S,2018-05-10 11:06:08.410000
West Bohemia 2018,WB.STC,S,2018-05-10 11:06:26.880000
West Bohemia 2018,WB.STC,S,2018-05-10 11:06:27.000000
West Bohemia 2018,WB.STC,S,2018-05-10 11:09:03.040000
West Bohemia 2018,WB.STC,S,2018-05-10 11:09:03.370000
West Bohemia 2018,WB.STC,S,2018-05-10 11:10:00.420000
West Bohemia 2018,WB.STC,S,2018-05-10 11:17:04.670000
West Bohemia 2018,WB.STC,S,2018-05-10 11:48:43.430000
West Bohemia 2018,WB.STC,S,2018-05-11 09:06:16.050000
West Bohemia 2018,WB.STC,S,2018-05-11 09:06:30.930000
West Bohemia 2018,WB.STC,S,2018-05-11 09:06:48.530000
West Bohemia 2018,WB.STC,S,2018-05-11 09:06:49.320000
West Bohemia 2018,WB.STC,S,2018-05-11 09:32:39.880000
West Bohemia 2018,WB.STC,S,2018-05-11 09:36:23.070000
West Bohemia 2018,WB.STC,S,2018-05-11 09:36:24.050000
West Bohemia 2018,WB.STC,S,2018-05-11 09:36:36.550000
West Bohemia 2018,WB.STC,S,2018-05-11 09:36:37.620000
West Bohemia 2018,WB.STC,S,2018-05-11 09:36:37.630000
West Bohemia 2018,WB.STC,S,2018-05-11 09:36:56.070000
West Bohemia 2018,WB.STC,S,2018-05-11 09:37:04.590000
West Bohemia 2018,WB.STC,S,2018-05-11 09:37:14.450000
West Bohemia 2018,WB.STC,S,2018-05-11 09:37:15.940000
West Bohemia 2018,WB.STC,S,2018-05-11 09:37:35.340000
West Bohemia 2018,WB.STC,S,2018-05-11 09:37:52.290000
West Bohemia 2018,WB.STC,S,2018-05-11 09:37:54.150000
West Bohemia 2018,WB.STC,S,2018-05-11 09:37:54.740000
West Bohemia 2018,WB.STC,S,2018-05-11 09:38:08.220000
West Bohemia 2018,WB.STC,S,2018-05-11 09:39:58.390000
West Bohemia 2018,WB.STC,S,2018-05-11 09:40:12.050000
West Bohemia 2018,WB.STC,S,2018-05-11 09:40:48.730000
West Bohemia 2018,WB.STC,S,2018-05-11 09:41:55.540000
West Bohemia 2018,WB.STC,S,2018-05-11 09:46:07.140000
West Bohemia 2018,WB.STC,S,2018-05-11 09:48:56.720000
West Bohemia 2018,WB.STC,S,2018-05-11 09:51:02.260000
West Bohemia 2018,WB.STC,S,2018-05-11 09:51:08.740000
West Bohemia 2018,WB.STC,S,2018-05-11 09:52:24.440000
West Bohemia 2018,WB.STC,S,2018-05-11 09:52:32.480000
West Bohemia 2018,WB.STC,S,2018-05-11 09:52:57.050000
West Bohemia 2018,WB.STC,S,2018-05-11 09:53:06.370000
West Bohemia 2018,WB.STC,S,2018-05-11 09:53:06.950000
West Bohemia 2018,WB.STC,S,2018-05-11 09:53:27.730000
West Bohemia 2018,WB.STC,S,2018-05-11 09:53:33.180000
West Bohemia 2018,WB.STC,S,2018-05-11 09:53:42.100000
West Bohemia 2018,WB.STC,S,2018-05-11 09:53:44.060000
West Bohemia 2018,WB.STC,S,2018-05-11 09:53:46.310000
West Bohemia 2018,WB.STC,S,2018-05-11 09:53:54.770000
West Bohemia 2018,WB.STC,S,2018-05-11 09:54:01.600000
West Bohemia 2018,WB.STC,S,2018-05-11 09:54:03.830000
West Bohemia 2018,WB.STC,S,2018-05-11 09:54:05.380000
West Bohemia 2018,WB.STC,S,2018-05-11 09:54:20.670000
West Bohemia 2018,WB.STC,S,2018-05-11 09:54:24.600000
West Bohemia 2018,WB.STC,S,2018-05-11 09:54:41.840000
West Bohemia 2018,WB.STC,S,2018-05-11 09:55:21.160000
West Bohemia 2018,WB.STC,S,2018-05-11 09:55:21.330000
West Bohemia 2018,WB.STC,S,2018-05-11 09:55:34.560000
West Bohemia 2018,WB.STC,S,2018-05-11 09:55:36.340000
West Bohemia 2018,WB.STC,S,2018-05-11 09:55:39.630000
West Bohemia 2018,WB.STC,S,2018-05-11 09:58:01.370000
West Bohemia 2018,WB.STC,S,2018-05-11 09:59:24.180000
West Bohemia 2018,WB.STC,S,2018-05-11 09:59:40.510000
West Bohemia 2018,WB.STC,S,2018-05-11 10:01:15.050000
West Bohemia 2018,WB.STC,S,2018-05-11 10:06:00.120000
West Bohemia 2018,WB.STC,S,2018-05-11 10:06:00.430000
West Bohemia 2018,WB.STC,S,2018-05-11 10:06:55.280000
West Bohemia 2018,WB.STC,S,2018-05-11 10:06:56.200000
West Bohemia 2018,WB.STC,S,2018-05-11 10:07:02.040000
West Bohemia 2018,WB.STC,S,2018-05-11 10:07:03.060000
West Bohemia 2018,WB.STC,S,2018-05-11 10:08:02.090000
West Bohemia 2018,WB.STC,S,2018-05-11 10:11:30.860000
West Bohemia 2018,WB.STC,S,2018-05-11 10:11:47.160000
West Bohemia 2018,WB.STC,S,2018-05-11 10:12:01.150000
West Bohemia 2018,WB.STC,S,2018-05-11 10:12:02.900000
West Bohemia 2018,WB.STC,S,2018-05-11 10:12:33.520000
West Bohemia 2018,WB.STC,S,2018-05-11 10:18:12.130000
West Bohemia 2018,WB.STC,S,2018-05-11 10:18:15.000000
West Bohemia 2018,WB.STC,S,2018-05-11 10:19:54.250000
West Bohemia 2018,WB.STC,S,2018-05-11 10:21:33.320000
West Bohemia 2018,WB.STC,S,2018-05-11 10:21:46.240000
West Bohemia 2018,WB.STC,S,2018-05-11 10:25:01.970000
West Bohemia 2018,WB.STC,S,2018-05-11 10:27:49.360000
West Bohemia 2018,WB.STC,S,2018-05-11 10:27:50.270000
West Bohemia 2018,WB.STC,S,2018-05-11 10:28:00.560000
West Bohemia 2018,WB.STC,S,2018-05-11 10:28:09.210000
West Bohemia 2018,WB.STC,S,2018-05-11 10:28:21.430000
West Bohemia 2018,WB.STC,S,2018-05-11 10:28:25.010000
West Bohemia 2018,WB.STC,S,2018-05-11 10:28:31.320000
West Bohemia 2018,WB.STC,S,2018-05-11 10:28:32.820000
West Bohemia 2018,WB.STC,S,2018-05-11 10:28:40.840000
West Bohemia 2018,WB.STC,S,2018-05-11 10:28:41.460000
West Bohemia 2018,WB.STC,S,2018-05-11 10:28:42.930000
West Bohemia 2018,WB.STC,S,2018-05-11 10:29:01.850000
West Bohemia 2018,WB.STC,S,2018-05-11 10:30:20.470000
West Bohemia 2018,WB.STC,S,2018-05-11 10:31:21.040000
West Bohemia 2018,WB.STC,S,2018-05-11 10:31:26.540000
West Bohemia 2018,WB.STC,S,2018-05-11 10:31:29.720000
West Bohemia 2018,WB.STC,S,2018-05-11 10:31:37.650000
West Bohemia 2018,WB.STC,S,2018-05-11 10:31:43.340000
West Bohemia 2018,WB.STC,S,2018-05-11 10:31:44.200000
West Bohemia 2018,WB.STC,S,2018-05-11 10:32:21.970000
West Bohemia 2018,WB.STC,S,2018-05-11 10:33:06.930000
West Bohemia 2018,WB.STC,S,2018-05-11 10:33:09.580000
West Bohemia 2018,WB.STC,S,2018-05-11 10:33:38.680000
West Bohemia 2018,WB.STC,S,2018-05-11 10:45:26.860000
West Bohemia 2018,WB.STC,S,2018-05-11 10:45:38.830000
West Bohemia 2018,WB.STC,S,2018-05-11 10:45:43.240000
West Bohemia 2018,WB.STC,S,2018-05-11 11:02:41.930000
West Bohemia 2018,WB.STC,S,2018-05-11 11:03:15.200000
West Bohemia 2018,WB.STC,S,2018-05-11 11:03:15.680000
West Bohemia 2018,WB.STC,S,2018-05-11 11:04:08.960000
West Bohemia 2018,WB.STC,S,2018-05-11 11:04:50.520000
West Bohemia 2018,WB.STC,S,2018-05-11 11:09:01.610000
West Bohemia 2018,WB.STC,S,2018-05-11 11:11:21.360000
West Bohemia 2018,WB.STC,S,2018-05-11 11:13:12.390000
West Bohemia 2018,WB.STC,S,2018-05-11 11:25:06.690000
West Bohemia 2018,WB.STC,S,2018-05-11 11:25:09.140000
West Bohemia 2018,WB.STC,S,2018-05-11 11:30:32.540000
West Bohemia 2018,WB.STC,S,2018-05-11 11:31:06.390000
West Bohemia 2018,WB.STC,S,2018-05-11 11:31:23.220000
West Bohemia 2018,WB.STC,S,2018-05-11 11:31:23.290000
West Bohemia 2018,WB.STC,S,2018-05-11 11:31:23.830000
West Bohemia 2018,WB.STC,S,2018-05-11 11:31:30.040000
West Bohemia 2018,WB.STC,S,2018-05-11 11:31:30.400000
West Bohemia 2018,WB.STC,S,2018-05-11 11:31:33.840000
West Bohemia 2018,WB.STC,S,2018-05-11 11:34:38.960000
West Bohemia 2018,WB.STC,S,2018-05-11 11:34:47.140000
West Bohemia 2018,WB.STC,S,2018-05-11 11:34:53.340000
West Bohemia 2018,WB.STC,S,2018-05-11 11:35:10.470000
West Bohemia 2018,WB.STC,S,2018-05-11 11:35:12.270000
West Bohemia 2018,WB.STC,S,2018-05-11 11:35:13.250000
West Bohemia 2018,WB.STC,S,2018-05-11 11:35:13.830000
West Bohemia 2018,WB.STC,S,2018-05-11 11:35:17.050000
West Bohemia 2018,WB.STC,S,2018-05-11 11:35:19.270000
West Bohemia 2018,WB.STC,S,2018-05-11 11:35:21.280000
West Bohemia 2018,WB.STC,S,2018-05-11 11:35:31.380000
West Bohemia 2018,WB.STC,S,2018-05-11 11:35:41.210000
West Bohemia 2018,WB.STC,S,2018-05-11 11:35:42.480000
West Bohemia 2018,WB.STC,S,2018-05-11 11:35:44.510000
West Bohemia 2018,WB.STC,S,2018-05-11 11:35:48.590000
West Bohemia 2018,WB.STC,S,2018-05-11 11:35:51.550000
West Bohemia 2018,WB.STC,S,2018-05-11 11:38:28.170000
West Bohemia 2018,WB.STC,S,2018-05-11 11:38:28.200000
West Bohemia 2018,WB.STC,S,2018-05-11 11:38:52.070000
West Bohemia 2018,WB.STC,S,2018-05-11 11:38:52.920000
West Bohemia 2018,WB.STC,S,2018-05-11 11:39:01.500000
West Bohemia 2018,WB.STC,S,2018-05-11 11:39:01.630000
West Bohemia 2018,WB.STC,S,2018-05-11 11:39:02.660000
West Bohemia 2018,WB.STC,S,2018-05-11 11:39:03.320000
West Bohemia 2018,WB.STC,S,2018-05-11 11:39:22.480000
West Bohemia 2018,WB.STC,S,2018-05-11 11:39:30.990000
West Bohemia 2018,WB.STC,S,2018-05-11 11:39:41.940000
West Bohemia 2018,WB.STC,S,2018-05-11 11:39:48.200000
West Bohemia 2018,WB.STC,S,2018-05-11 11:39:48.540000
West Bohemia 2018,WB.STC,S,2018-05-11 11:39:50.390000
West Bohemia 2018,WB.STC,S,2018-05-11 11:39:52.790000
West Bohemia 2018,WB.STC,S,2018-05-11 11:39:54.050000
West Bohemia 2018,WB.STC,S,2018-05-11 11:39:56.390000
West Bohemia 2018,WB.STC,S,2018-05-11 11:40:09.240000
West Bohemia 2018,WB.STC,S,2018-05-11 11:42:13.460000
West Bohemia 2018,WB.STC,S,2018-05-11 11:42:15.760000
West Bohemia 2018,WB.STC,S,2018-05-11 11:42:19.300000
