sequence,station,phase,time
Kaikoura 2016,NZ.BSWZ,P,2016-11-13 11:17:01.302633
Kaikoura 2016,NZ.BSWZ,P,2016-11-13 11:18:45.144390
Kaikoura 2016,NZ.BSWZ,P,2016-11-13 11:19:15.233098
Kaikoura 2016,NZ.BSWZ,P,2016-11-13 11:19:39.166318
Kaikoura 2016,NZ.BSWZ,P,2016-11-13 11:22:04.882991
Kaikoura 2016,NZ.BSWZ,P,2016-11-13 11:22:40.366850
Kaikoura 2016,NZ.BSWZ,P,2016-11-13 11:28:23.139869
Kaikoura 2016,NZ.BSWZ,P,2016-11-13 11:30:35.979255
Kaikoura 2016,NZ.BSWZ,P,2016-11-13 11:30:41.760787
Kaikoura 2016,NZ.BSWZ,P,2016-11-13 11:31:34.139336
Kaikoura 2016,NZ.BSWZ,P,2016-11-13 11:33:54.264723
Kaikoura 2016,NZ.BSWZ,P,2016-11-13 11:35:16.432895
Kaikoura 2016,NZ.BSWZ,P,2016-11-13 11:35:48.126929
Kaikoura 2016,NZ.BSWZ,P,2016-11-13 11:41:02.468621
Kaikoura 2016,NZ.BSWZ,P,2016-11-13 11:41:23.355088
Kaikoura 2016,NZ.BSWZ,P,2016-11-13 11:42:50.436862
Kaikoura 2016,NZ.BSWZ,P,2016-11-13 11:44:22.499018
Kaikoura 2016,NZ.BSWZ,P,2016-11-13 11:45:59.786051
Kaikoura 2016,NZ.BSWZ,P,2016-11-13 11:47:09.824414
Kaikoura 2016,NZ.BSWZ,P,2016-11-13 11:51:18.709466
Kaikoura 2016,NZ.BSWZ,P,2016-11-13 11:52:54.311057
Kaikoura 2016,NZ.BSWZ,P,2016-11-13 11:53:23.107602
Kaikoura 2016,NZ.BSWZ,P,2016-11-13 11:53:47.370756
Kaikoura 2016,NZ.BSWZ,P,2016-11-13 11:59:50.374920
Kaikoura 2016,NZ.BSWZ,P,2016-11-13 12:00:28.503776
Kaikoura 2016,NZ.BSWZ,P,2016-11-13 12:01:06.289873
Kaikoura 2016,NZ.BSWZ,P,2016-11-13 12:04:00.681178
Kaikoura 2016,NZ.BSWZ,P,2016-11-13 12:04:32.423387
Kaikoura 2016,NZ.BSWZ,P,2016-11-13 12:07:01.886745
Kaikoura 2016,NZ.BSWZ,P,2016-11-13 12:07:40.616110
Kaikoura 2016,NZ.BSWZ,P,2016-11-13 12:10:07.397518
Kaikoura 2016,NZ.BSWZ,P,2016-11-13 12:10:25.817649
Kaikoura 2016,NZ.BSWZ,P,2016-11-13 12:11:52.942675
Kaikoura 2016,NZ.BSWZ,P,2016-11-13 12:12:05.109559
Kaikoura 2016,NZ.BSWZ,P,2016-11-13 12:13:25.894217
Kaikoura 2016,NZ.BSWZ,P,2016-11-13 12:14:39.256212
Kaikoura 2016,NZ.BSWZ,P,2016-11-13 12:18:08.909892
Kaikoura 2016,NZ.BSWZ,P,2016-11-13 12:19:15.676935
Kaikoura 2016,NZ.BSWZ,P,2016-11-13 12:22:18.946413
Kaikoura 2016,NZ.BSWZ,P,2016-11-13 12:23:28.408150
Kaikoura 2016,NZ.BSWZ,P,2016-11-13 12:31:29.076668
Kaikoura 2016,NZ.BSWZ,P,2016-11-13 12:32:10.274060
Kaikoura 2016,NZ.BSWZ,P,2016-11-13 12:33:21.544194
Kaikoura 2016,NZ.BSWZ,P,2016-11-13 12:34:41.136392
Kaikoura 2016,NZ.BSWZ,P,2016-11-13 12:38:43.874548
Kaikoura 2016,NZ.BSWZ,P,2016-11-13 12:46:36.465182
Kaikoura 2016,NZ.BSWZ,P,2016-11-13 12:53:03.174512
Kaikoura 2016,NZ.BSWZ,P,2016-11-13 12:56:59.549394
Kaikoura 2016,NZ.BSWZ,P,2016-11-13 13:05:04.486109
Kaikoura 2016,NZ.BSWZ,P,2016-11-13 13:05:45.598717
Kaikoura 2016,NZ.BSWZ,P,2016-11-13 13:14:42.966844
Kaikoura 2016,NZ.BSWZ,P,2016-11-13 13:18:47.636585
Kaikoura 2016,NZ.BSWZ,P,2016-11-13 13:21:16.992403
Kaikoura 2016,NZ.BSWZ,P,2016-11-13 13:25:32.888282
Kaikoura 2016,NZ.BSWZ,P,2016-11-13 13:27:06.150419
Kaikoura 2016,NZ.BSWZ,P,2016-11-13 13:33:49.676944
Kaikoura 2016,NZ.BSWZ,P,2016-11-13 13:35:21.065707
Kaikoura 2016,NZ.BSWZ,P,2016-11-13 13:39:50.997896
Kaikoura 2016,NZ.BSWZ,P,2016-11-13 13:40:11.369592
Kaikoura 2016,NZ.BSWZ,P,2016-11-13 13:41:08.087270
Kaikoura 2016,NZ.BSWZ,P,2016-11-13 13:42:41.092571
Kaikoura 2016,NZ.BSWZ,P,2016-11-13 13:43:11.237074
Kaikoura 2016,NZ.BSWZ,P,2016-11-13 13:44:34.783359
Kaikoura 2016,NZ.BSWZ,P,2016-11-13 13:44:57.302069
Kaikoura 2016,NZ.BSWZ,P,2016-11-13 13:49:15.482764
Kaikoura 2016,NZ.BSWZ,P,2016-11-13 13:50:07.200709
Kaikoura 2016,NZ.BSWZ,P,2016-11-13 13:53:41.531398
Kaikoura 2016,NZ.BSWZ,P,2016-11-13 13:54:50.925707
Kaikoura 2016,NZ.BSWZ,P,2016-11-13 13:58:14.697510
Kaikoura 2016,NZ.BSWZ,P,2016-11-13 13:58:47.291891
Kaikoura 2016,NZ.BSWZ,P,2016-11-13 13:59:59.993850
Kaikoura 2016,NZ.BSWZ,P,2016-11-13 14:00:34.299991
Kaikoura 2016,NZ.BSWZ,P,2016-11-13 14:01:30.000777
Kaikoura 2016,NZ.BSWZ,P,2016-11-13 14:03:47.698500
Kaikoura 2016,NZ.BSWZ,P,2016-11-13 14:04:44.882931
Kaikoura 2016,NZ.BSWZ,P,2016-11-13 14:05:31.530481
Kaikoura 2016,NZ.BSWZ,P,2016-11-13 14:06:36.437735
Kaikoura 2016,NZ.BSWZ,P,2016-11-13 14:08:15.385469
Kaikoura 2016,NZ.BSWZ,P,2016-11-13 14:09:05.830693
Kaikoura 2016,NZ.BSWZ,P,2016-11-13 14:12:34.805107
Kaikoura 2016,NZ.BSWZ,S,2016-11-13 11:17:06.308637
Kaikoura 2016,NZ.BSWZ,S,2016-11-13 11:18:50.456035
Kaikoura 2016,NZ.BSWZ,S,2016-11-13 11:19:19.029162
Kaikoura 2016,NZ.BSWZ,S,2016-11-13 11:19:44.848455
Kaikoura 2016,NZ.BSWZ,S,2016-11-13 11:22:13.036033
Kaikoura 2016,NZ.BSWZ,S,2016-11-13 11:22:48.367717
Kaikoura 2016,NZ.BSWZ,S,2016-11-13 11:24:29.621364
Kaikoura 2016,NZ.BSWZ,S,2016-11-13 11:28:09.431993
Kaikoura 2016,NZ.BSWZ,S,2016-11-13 11:28:28.292986
Kaikoura 2016,NZ.BSWZ,S,2016-11-13 11:30:41.818462
Kaikoura 2016,NZ.BSWZ,S,2016-11-13 11:31:41.634603
Kaikoura 2016,NZ.BSWZ,S,2016-11-13 11:32:30.949112
Kaikoura 2016,NZ.BSWZ,S,2016-11-13 11:35:22.879526
Kaikoura 2016,NZ.BSWZ,S,2016-11-13 11:35:52.844356
Kaikoura 2016,NZ.BSWZ,S,2016-11-13 11:41:31.402659
Kaikoura 2016,NZ.BSWZ,S,2016-11-13 11:41:59.816866
Kaikoura 2016,NZ.BSWZ,S,2016-11-13 11:42:53.655578
Kaikoura 2016,NZ.BSWZ,S,2016-11-13 11:44:25.982958
Kaikoura 2016,NZ.BSWZ,S,2016-11-13 11:46:04.800032
Kaikoura 2016,NZ.BSWZ,S,2016-11-13 11:47:14.282058
Kaikoura 2016,NZ.BSWZ,S,2016-11-13 11:48:03.072550
Kaikoura 2016,NZ.BSWZ,S,2016-11-13 11:50:24.162205
Kaikoura 2016,NZ.BSWZ,S,2016-11-13 11:53:28.770635
Kaikoura 2016,NZ.BSWZ,S,2016-11-13 11:53:52.556181
Kaikoura 2016,NZ.BSWZ,S,2016-11-13 11:59:59.645308
Kaikoura 2016,NZ.BSWZ,S,2016-11-13 12:00:31.665066
Kaikoura 2016,NZ.BSWZ,S,2016-11-13 12:01:12.019701
Kaikoura 2016,NZ.BSWZ,S,2016-11-13 12:04:05.650594
Kaikoura 2016,NZ.BSWZ,S,2016-11-13 12:04:28.390838
Kaikoura 2016,NZ.BSWZ,S,2016-11-13 12:04:36.657391
Kaikoura 2016,NZ.BSWZ,S,2016-11-13 12:07:47.737931
Kaikoura 2016,NZ.BSWZ,S,2016-11-13 12:10:13.819752
Kaikoura 2016,NZ.BSWZ,S,2016-11-13 12:10:29.499562
Kaikoura 2016,NZ.BSWZ,S,2016-11-13 12:11:58.216989
Kaikoura 2016,NZ.BSWZ,S,2016-11-13 12:13:28.759635
Kaikoura 2016,NZ.BSWZ,S,2016-11-13 12:14:43.793128
Kaikoura 2016,NZ.BSWZ,S,2016-11-13 12:16:35.699502
Kaikoura 2016,NZ.BSWZ,S,2016-11-13 12:18:14.673892
Kaikoura 2016,NZ.BSWZ,S,2016-11-13 12:19:21.325653
Kaikoura 2016,NZ.BSWZ,S,2016-11-13 12:21:00.304143
Kaikoura 2016,NZ.BSWZ,S,2016-11-13 12:22:24.105868
Kaikoura 2016,NZ.BSWZ,S,2016-11-13 12:23:38.965335
Kaikoura 2016,NZ.BSWZ,S,2016-11-13 12:24:11.740321
Kaikoura 2016,NZ.BSWZ,S,2016-11-13 12:28:20.824575
Kaikoura 2016,NZ.BSWZ,S,2016-11-13 12:31:34.247117
Kaikoura 2016,NZ.BSWZ,S,2016-11-13 12:32:42.464483
Kaikoura 2016,NZ.BSWZ,S,2016-11-13 12:33:26.394483
Kaikoura 2016,NZ.BSWZ,S,2016-11-13 12:34:54.371816
Kaikoura 2016,NZ.BSWZ,S,2016-11-13 12:38:49.138988
Kaikoura 2016,NZ.BSWZ,S,2016-11-13 12:40:05.438379
Kaikoura 2016,NZ.BSWZ,S,2016-11-13 12:45:53.207773
Kaikoura 2016,NZ.BSWZ,S,2016-11-13 12:46:41.515285
Kaikoura 2016,NZ.BSWZ,S,2016-11-13 12:48:55.022658
Kaikoura 2016,NZ.BSWZ,S,2016-11-13 12:52:37.540200
Kaikoura 2016,NZ.BSWZ,S,2016-11-13 12:53:10.818812
Kaikoura 2016,NZ.BSWZ,S,2016-11-13 12:57:03.802774
Kaikoura 2016,NZ.BSWZ,S,2016-11-13 12:58:42.892872
Kaikoura 2016,NZ.BSWZ,S,2016-11-13 12:59:21.167132
Kaikoura 2016,NZ.BSWZ,S,2016-11-13 13:04:50.549482
Kaikoura 2016,NZ.BSWZ,S,2016-11-13 13:05:09.433327
Kaikoura 2016,NZ.BSWZ,S,2016-11-13 13:05:49.909000
Kaikoura 2016,NZ.BSWZ,S,2016-11-13 13:10:08.967790
Kaikoura 2016,NZ.BSWZ,S,2016-11-13 13:12:38.704604
Kaikoura 2016,NZ.BSWZ,S,2016-11-13 13:14:47.910481
Kaikoura 2016,NZ.BSWZ,S,2016-11-13 13:17:27.275122
Kaikoura 2016,NZ.BSWZ,S,2016-11-13 13:18:10.299988
Kaikoura 2016,NZ.BSWZ,S,2016-11-13 13:18:51.174365
Kaikoura 2016,NZ.BSWZ,S,2016-11-13 13:20:49.291697
Kaikoura 2016,NZ.BSWZ,S,2016-11-13 13:25:39.352131
Kaikoura 2016,NZ.BSWZ,S,2016-11-13 13:27:10.821275
Kaikoura 2016,NZ.BSWZ,S,2016-11-13 13:27:28.461210
Kaikoura 2016,NZ.BSWZ,S,2016-11-13 13:29:54.944414
Kaikoura 2016,NZ.BSWZ,S,2016-11-13 13:31:48.097628
Kaikoura 2016,NZ.BSWZ,S,2016-11-13 13:33:54.132746
Kaikoura 2016,NZ.BSWZ,S,2016-11-13 13:39:56.151658
Kaikoura 2016,NZ.BSWZ,S,2016-11-13 13:40:16.187238
Kaikoura 2016,NZ.BSWZ,S,2016-11-13 13:41:12.344724
Kaikoura 2016,NZ.BSWZ,S,2016-11-13 13:42:50.006999
Kaikoura 2016,NZ.BSWZ,S,2016-11-13 13:43:17.030887
Kaikoura 2016,NZ.BSWZ,S,2016-11-13 13:44:40.359797
Kaikoura 2016,NZ.BSWZ,S,2016-11-13 13:45:01.271737
Kaikoura 2016,NZ.BSWZ,S,2016-11-13 13:46:32.808401
Kaikoura 2016,NZ.BSWZ,S,2016-11-13 13:47:21.492278
Kaikoura 2016,NZ.BSWZ,S,2016-11-13 13:49:20.753405
Kaikoura 2016,NZ.BSWZ,S,2016-11-13 13:50:13.432756
Kaikoura 2016,NZ.BSWZ,S,2016-11-13 13:53:46.015403
Kaikoura 2016,NZ.BSWZ,S,2016-11-13 13:55:00.304896
Kaikoura 2016,NZ.BSWZ,S,2016-11-13 13:58:19.832227
Kaikoura 2016,NZ.BSWZ,S,2016-11-13 13:58:55.812138
Kaikoura 2016,NZ.BSWZ,S,2016-11-13 14:00:13.883273
Kaikoura 2016,NZ.BSWZ,S,2016-11-13 14:00:39.764682
Kaikoura 2016,NZ.BSWZ,S,2016-11-13 14:01:35.237771
Kaikoura 2016,NZ.BSWZ,S,2016-11-13 14:03:52.798561
Kaikoura 2016,NZ.BSWZ,S,2016-11-13 14:05:39.746859
Kaikoura 2016,NZ.BSWZ,S,2016-11-13 14:06:41.150473
Kaikoura 2016,NZ.BSWZ,S,2016-11-13 14:08:18.770290
Kaikoura 2016,NZ.BSWZ,S,2016-11-13 14:09:41.534377
Kaikoura 2016,NZ.BSWZ,S,2016-11-13 14:11:08.148757
Kaikoura 2016,NZ.BSWZ,S,2016-11-13 14:12:39.819004
Kaikoura 2016,NZ.CMWZ,P,2016-11-13 11:16:58.035008
Kaikoura 2016,NZ.CMWZ,P,2016-11-13 11:19:17.171393
Kaikoura 2016,NZ.CMWZ,P,2016-11-13 11:22:02.090318
Kaikoura 2016,NZ.CMWZ,P,2016-11-13 11:28:19.983522
Kaikoura 2016,NZ.CMWZ,P,2016-11-13 11:33:51.217225
Kaikoura 2016,NZ.CMWZ,P,2016-11-13 11:35:44.367166
Kaikoura 2016,NZ.CMWZ,P,2016-11-13 11:42:50.008113
Kaikoura 2016,NZ.CMWZ,P,2016-11-13 11:45:29.462811
Kaikoura 2016,NZ.CMWZ,P,2016-11-13 11:46:03.148083
Kaikoura 2016,NZ.CMWZ,P,2016-11-13 11:47:06.150644
Kaikoura 2016,NZ.CMWZ,P,2016-11-13 11:49:05.616367
Kaikoura 2016,NZ.CMWZ,P,2016-11-13 11:52:57.985066
Kaikoura 2016,NZ.CMWZ,P,2016-11-13 11:53:42.731165
Kaikoura 2016,NZ.CMWZ,P,2016-11-13 12:04:17.444820
Kaikoura 2016,NZ.CMWZ,P,2016-11-13 12:10:02.936192
Kaikoura 2016,NZ.CMWZ,P,2016-11-13 12:11:52.012309
Kaikoura 2016,NZ.CMWZ,P,2016-11-13 12:13:26.945198
Kaikoura 2016,NZ.CMWZ,P,2016-11-13 12:16:32.422649
Kaikoura 2016,NZ.CMWZ,P,2016-11-13 12:19:12.657428
Kaikoura 2016,NZ.CMWZ,P,2016-11-13 12:22:14.903935
Kaikoura 2016,NZ.CMWZ,P,2016-11-13 12:23:31.041948
Kaikoura 2016,NZ.CMWZ,P,2016-11-13 12:28:13.031999
Kaikoura 2016,NZ.CMWZ,P,2016-11-13 12:31:26.386106
Kaikoura 2016,NZ.CMWZ,P,2016-11-13 12:38:02.827254
Kaikoura 2016,NZ.CMWZ,P,2016-11-13 12:38:40.140685
Kaikoura 2016,NZ.CMWZ,P,2016-11-13 12:40:01.188576
Kaikoura 2016,NZ.CMWZ,P,2016-11-13 12:48:49.591808
Kaikoura 2016,NZ.CMWZ,P,2016-11-13 12:53:03.368238
Kaikoura 2016,NZ.CMWZ,P,2016-11-13 12:56:57.568133
Kaikoura 2016,NZ.CMWZ,P,2016-11-13 13:05:01.255855
Kaikoura 2016,NZ.CMWZ,P,2016-11-13 13:05:42.860414
Kaikoura 2016,NZ.CMWZ,P,2016-11-13 13:14:43.857187
Kaikoura 2016,NZ.CMWZ,P,2016-11-13 13:18:42.386370
Kaikoura 2016,NZ.CMWZ,P,2016-11-13 13:20:41.376034
Kaikoura 2016,NZ.CMWZ,P,2016-11-13 13:27:02.572743
Kaikoura 2016,NZ.CMWZ,P,2016-11-13 13:27:22.811616
Kaikoura 2016,NZ.CMWZ,P,2016-11-13 13:35:27.139342
Kaikoura 2016,NZ.CMWZ,P,2016-11-13 13:39:51.978229
Kaikoura 2016,NZ.CMWZ,P,2016-11-13 13:40:11.705705
Kaikoura 2016,NZ.CMWZ,P,2016-11-13 13:44:37.051739
Kaikoura 2016,NZ.CMWZ,P,2016-11-13 13:44:56.433777
Kaikoura 2016,NZ.CMWZ,P,2016-11-13 13:49:12.391408
Kaikoura 2016,NZ.CMWZ,P,2016-11-13 13:50:02.371454
Kaikoura 2016,NZ.CMWZ,P,2016-11-13 13:53:38.289744
Kaikoura 2016,NZ.CMWZ,P,2016-11-13 13:54:51.863619
Kaikoura 2016,NZ.CMWZ,P,2016-11-13 13:58:11.490324
Kaikoura 2016,NZ.CMWZ,P,2016-11-13 14:01:33.610132
Kaikoura 2016,NZ.CMWZ,P,2016-11-13 14:03:45.542220
Kaikoura 2016,NZ.CMWZ,P,2016-11-13 14:06:38.187326
Kaikoura 2016,NZ.CMWZ,P,2016-11-13 14:11:03.442794
Kaikoura 2016,NZ.CMWZ,P,2016-11-13 14:12:30.549853
Kaikoura 2016,NZ.CMWZ,S,2016-11-13 11:19:20.560736
Kaikoura 2016,NZ.CMWZ,S,2016-11-13 11:22:04.899695
Kaikoura 2016,NZ.CMWZ,S,2016-11-13 11:23:51.318075
Kaikoura 2016,NZ.CMWZ,S,2016-11-13 11:24:33.672431
Kaikoura 2016,NZ.CMWZ,S,2016-11-13 11:28:08.721950
Kaikoura 2016,NZ.CMWZ,S,2016-11-13 11:28:22.135372
Kaikoura 2016,NZ.CMWZ,S,2016-11-13 11:33:55.905684
Kaikoura 2016,NZ.CMWZ,S,2016-11-13 11:35:46.495761
Kaikoura 2016,NZ.CMWZ,S,2016-11-13 11:41:52.327300
Kaikoura 2016,NZ.CMWZ,S,2016-11-13 11:42:53.727519
Kaikoura 2016,NZ.CMWZ,S,2016-11-13 11:45:31.690636
Kaikoura 2016,NZ.CMWZ,S,2016-11-13 11:47:07.961227
Kaikoura 2016,NZ.CMWZ,S,2016-11-13 11:48:04.573639
Kaikoura 2016,NZ.CMWZ,S,2016-11-13 11:49:08.009697
Kaikoura 2016,NZ.CMWZ,S,2016-11-13 11:50:16.249184
Kaikoura 2016,NZ.CMWZ,S,2016-11-13 11:53:21.363604
Kaikoura 2016,NZ.CMWZ,S,2016-11-13 11:53:45.620675
Kaikoura 2016,NZ.CMWZ,S,2016-11-13 12:01:06.164434
Kaikoura 2016,NZ.CMWZ,S,2016-11-13 12:03:58.224391
Kaikoura 2016,NZ.CMWZ,S,2016-11-13 12:04:21.005573
Kaikoura 2016,NZ.CMWZ,S,2016-11-13 12:04:31.433640
Kaikoura 2016,NZ.CMWZ,S,2016-11-13 12:10:06.799183
Kaikoura 2016,NZ.CMWZ,S,2016-11-13 12:11:54.349789
Kaikoura 2016,NZ.CMWZ,S,2016-11-13 12:12:10.232667
Kaikoura 2016,NZ.CMWZ,S,2016-11-13 12:13:31.123932
Kaikoura 2016,NZ.CMWZ,S,2016-11-13 12:14:38.810828
Kaikoura 2016,NZ.CMWZ,S,2016-11-13 12:19:14.468185
Kaikoura 2016,NZ.CMWZ,S,2016-11-13 12:22:16.734708
Kaikoura 2016,NZ.CMWZ,S,2016-11-13 12:23:42.566875
Kaikoura 2016,NZ.CMWZ,S,2016-11-13 12:24:14.463531
Kaikoura 2016,NZ.CMWZ,S,2016-11-13 12:31:30.346449
Kaikoura 2016,NZ.CMWZ,S,2016-11-13 12:33:26.943713
Kaikoura 2016,NZ.CMWZ,S,2016-11-13 12:38:42.885760
Kaikoura 2016,NZ.CMWZ,S,2016-11-13 12:46:34.909731
Kaikoura 2016,NZ.CMWZ,S,2016-11-13 12:59:13.692561
Kaikoura 2016,NZ.CMWZ,S,2016-11-13 13:04:43.068707
Kaikoura 2016,NZ.CMWZ,S,2016-11-13 13:05:03.784433
Kaikoura 2016,NZ.CMWZ,S,2016-11-13 13:10:04.354171
Kaikoura 2016,NZ.CMWZ,S,2016-11-13 13:12:40.996121
Kaikoura 2016,NZ.CMWZ,S,2016-11-13 13:14:46.930260
Kaikoura 2016,NZ.CMWZ,S,2016-11-13 13:17:19.709537
Kaikoura 2016,NZ.CMWZ,S,2016-11-13 13:18:44.868097
Kaikoura 2016,NZ.CMWZ,S,2016-11-13 13:25:32.054693
Kaikoura 2016,NZ.CMWZ,S,2016-11-13 13:27:04.460961
Kaikoura 2016,NZ.CMWZ,S,2016-11-13 13:27:25.082294
Kaikoura 2016,NZ.CMWZ,S,2016-11-13 13:29:47.389857
Kaikoura 2016,NZ.CMWZ,S,2016-11-13 13:41:10.357629
Kaikoura 2016,NZ.CMWZ,S,2016-11-13 13:44:43.762370
Kaikoura 2016,NZ.CMWZ,S,2016-11-13 13:44:57.984552
Kaikoura 2016,NZ.CMWZ,S,2016-11-13 13:49:14.921315
Kaikoura 2016,NZ.CMWZ,S,2016-11-13 13:50:04.520829
Kaikoura 2016,NZ.CMWZ,S,2016-11-13 13:53:40.506837
Kaikoura 2016,NZ.CMWZ,S,2016-11-13 14:01:41.921017
Kaikoura 2016,NZ.CMWZ,S,2016-11-13 14:05:38.694346
Kaikoura 2016,NZ.CMWZ,S,2016-11-13 14:08:17.282484
Kaikoura 2016,NZ.CMWZ,S,2016-11-13 14:09:34.203892
Kaikoura 2016,NZ.CMWZ,S,2016-11-13 14:11:06.601120
Kaikoura 2016,NZ.CMWZ,S,2016-11-13 14:12:32.332102
Kaikoura 2016,NZ.KHZ,P,2016-11-13 11:16:18.485724
Kaikoura 2016,NZ.KHZ,P,2016-11-13 11:22:37.505023
Kaikoura 2016,NZ.KHZ,P,2016-11-13 11:23:40.493530
Kaikoura 2016,NZ.KHZ,P,2016-11-13 11:24:25.755972
Kaikoura 2016,NZ.KHZ,P,2016-11-13 11:30:31.640428
Kaikoura 2016,NZ.KHZ,P,2016-11-13 11:30:35.413766
Kaikoura 2016,NZ.KHZ,P,2016-11-13 11:31:30.226651
Kaikoura 2016,NZ.KHZ,P,2016-11-13 11:34:03.641640
Kaikoura 2016,NZ.KHZ,P,2016-11-13 11:35:12.007538
Kaikoura 2016,NZ.KHZ,P,2016-11-13 11:40:51.555109
Kaikoura 2016,NZ.KHZ,P,2016-11-13 11:48:00.167151
Kaikoura 2016,NZ.KHZ,P,2016-11-13 11:51:05.844587
Kaikoura 2016,NZ.KHZ,P,2016-11-13 11:52:49.739629
Kaikoura 2016,NZ.KHZ,P,2016-11-13 11:53:58.219214
Kaikoura 2016,NZ.KHZ,P,2016-11-13 11:59:43.383981
Kaikoura 2016,NZ.KHZ,P,2016-11-13 12:06:51.309295
Kaikoura 2016,NZ.KHZ,P,2016-11-13 12:07:35.949291
Kaikoura 2016,NZ.KHZ,P,2016-11-13 12:10:32.935504
Kaikoura 2016,NZ.KHZ,P,2016-11-13 12:18:05.816531
Kaikoura 2016,NZ.KHZ,P,2016-11-13 12:20:48.434869
Kaikoura 2016,NZ.KHZ,P,2016-11-13 12:22:29.734973
Kaikoura 2016,NZ.KHZ,P,2016-11-13 12:23:16.808578
Kaikoura 2016,NZ.KHZ,P,2016-11-13 12:40:58.302411
Kaikoura 2016,NZ.KHZ,P,2016-11-13 12:45:15.111740
Kaikoura 2016,NZ.KHZ,P,2016-11-13 12:52:23.969899
Kaikoura 2016,NZ.KHZ,P,2016-11-13 12:52:59.163988
Kaikoura 2016,NZ.KHZ,P,2016-11-13 12:56:22.039507
Kaikoura 2016,NZ.KHZ,P,2016-11-13 12:57:08.750601
Kaikoura 2016,NZ.KHZ,P,2016-11-13 13:14:45.505469
Kaikoura 2016,NZ.KHZ,P,2016-11-13 13:17:53.599897
Kaikoura 2016,NZ.KHZ,P,2016-11-13 13:21:26.351501
Kaikoura 2016,NZ.KHZ,P,2016-11-13 13:33:44.367333
Kaikoura 2016,NZ.KHZ,P,2016-11-13 13:39:53.154631
Kaikoura 2016,NZ.KHZ,P,2016-11-13 13:40:11.145514
Kaikoura 2016,NZ.KHZ,P,2016-11-13 13:43:11.711977
Kaikoura 2016,NZ.KHZ,P,2016-11-13 13:44:29.206920
Kaikoura 2016,NZ.KHZ,P,2016-11-13 13:54:46.939547
Kaikoura 2016,NZ.KHZ,P,2016-11-13 13:58:24.875437
Kaikoura 2016,NZ.KHZ,P,2016-11-13 13:59:02.906200
Kaikoura 2016,NZ.KHZ,P,2016-11-13 13:59:44.734392
Kaikoura 2016,NZ.KHZ,P,2016-11-13 14:01:32.477798
Kaikoura 2016,NZ.KHZ,P,2016-11-13 14:04:12.561053
Kaikoura 2016,NZ.KHZ,P,2016-11-13 14:04:32.892608
Kaikoura 2016,NZ.KHZ,P,2016-11-13 14:05:27.365232
Kaikoura 2016,NZ.KHZ,P,2016-11-13 14:07:35.350886
Kaikoura 2016,NZ.KHZ,S,2016-11-13 11:19:45.011098
Kaikoura 2016,NZ.KHZ,S,2016-11-13 11:22:40.314399
Kaikoura 2016,NZ.KHZ,S,2016-11-13 11:24:33.251881
Kaikoura 2016,NZ.KHZ,S,2016-11-13 11:28:43.259658
Kaikoura 2016,NZ.KHZ,S,2016-11-13 11:30:35.626955
Kaikoura 2016,NZ.KHZ,S,2016-11-13 11:31:34.676349
Kaikoura 2016,NZ.KHZ,S,2016-11-13 11:32:15.408965
Kaikoura 2016,NZ.KHZ,S,2016-11-13 11:34:16.534902
Kaikoura 2016,NZ.KHZ,S,2016-11-13 11:35:14.293163
Kaikoura 2016,NZ.KHZ,S,2016-11-13 11:40:53.473456
Kaikoura 2016,NZ.KHZ,S,2016-11-13 11:41:12.123427
Kaikoura 2016,NZ.KHZ,S,2016-11-13 11:44:36.663407
Kaikoura 2016,NZ.KHZ,S,2016-11-13 11:48:05.846173
Kaikoura 2016,NZ.KHZ,S,2016-11-13 11:51:07.717802
Kaikoura 2016,NZ.KHZ,S,2016-11-13 11:52:53.091605
Kaikoura 2016,NZ.KHZ,S,2016-11-13 11:54:12.137994
Kaikoura 2016,NZ.KHZ,S,2016-11-13 11:59:47.187217
Kaikoura 2016,NZ.KHZ,S,2016-11-13 12:07:39.792813
Kaikoura 2016,NZ.KHZ,S,2016-11-13 12:10:42.653341
Kaikoura 2016,NZ.KHZ,S,2016-11-13 12:18:10.110713
Kaikoura 2016,NZ.KHZ,S,2016-11-13 12:20:54.196225
Kaikoura 2016,NZ.KHZ,S,2016-11-13 12:22:43.382563
Kaikoura 2016,NZ.KHZ,S,2016-11-13 12:23:20.943824
Kaikoura 2016,NZ.KHZ,S,2016-11-13 12:23:47.443823
Kaikoura 2016,NZ.KHZ,S,2016-11-13 12:24:34.805242
Kaikoura 2016,NZ.KHZ,S,2016-11-13 12:28:08.494241
Kaikoura 2016,NZ.KHZ,S,2016-11-13 12:33:36.773833
Kaikoura 2016,NZ.KHZ,S,2016-11-13 12:37:50.095231
Kaikoura 2016,NZ.KHZ,S,2016-11-13 12:41:01.137929
Kaikoura 2016,NZ.KHZ,S,2016-11-13 12:45:16.991313
Kaikoura 2016,NZ.KHZ,S,2016-11-13 12:48:43.351345
Kaikoura 2016,NZ.KHZ,S,2016-11-13 12:52:26.211967
Kaikoura 2016,NZ.KHZ,S,2016-11-13 12:53:03.666795
Kaikoura 2016,NZ.KHZ,S,2016-11-13 12:56:25.982813
Kaikoura 2016,NZ.KHZ,S,2016-11-13 13:12:55.118802
Kaikoura 2016,NZ.KHZ,S,2016-11-13 13:14:54.083343
Kaikoura 2016,NZ.KHZ,S,2016-11-13 13:15:56.256524
Kaikoura 2016,NZ.KHZ,S,2016-11-13 13:17:57.168816
Kaikoura 2016,NZ.KHZ,S,2016-11-13 13:31:36.197559
Kaikoura 2016,NZ.KHZ,S,2016-11-13 13:33:46.030833
Kaikoura 2016,NZ.KHZ,S,2016-11-13 13:37:34.941264
Kaikoura 2016,NZ.KHZ,S,2016-11-13 13:39:59.820911
Kaikoura 2016,NZ.KHZ,S,2016-11-13 13:42:36.650243
Kaikoura 2016,NZ.KHZ,S,2016-11-13 13:43:17.505790
Kaikoura 2016,NZ.KHZ,S,2016-11-13 13:44:32.987556
Kaikoura 2016,NZ.KHZ,S,2016-11-13 13:46:25.051645
Kaikoura 2016,NZ.KHZ,S,2016-11-13 13:47:01.994963
Kaikoura 2016,NZ.KHZ,S,2016-11-13 13:54:52.098101
Kaikoura 2016,NZ.KHZ,S,2016-11-13 13:58:37.284900
Kaikoura 2016,NZ.KHZ,S,2016-11-13 13:58:44.003667
Kaikoura 2016,NZ.KHZ,S,2016-11-13 13:59:06.573854
Kaikoura 2016,NZ.KHZ,S,2016-11-13 13:59:47.922128
Kaikoura 2016,NZ.KHZ,S,2016-11-13 14:01:39.536358
Kaikoura 2016,NZ.KHZ,S,2016-11-13 14:04:15.797629
Kaikoura 2016,NZ.KHZ,S,2016-11-13 14:04:39.099656
Kaikoura 2016,NZ.KHZ,S,2016-11-13 14:05:32.386354
Kaikoura 2016,NZ.KHZ,S,2016-11-13 14:07:43.776962
Kaikoura 2016,NZ.KHZ,S,2016-11-13 14:10:00.191091
Kaikoura 2016,NZ.TCW,P,2016-11-13 11:16:34.917293
Kaikoura 2016,NZ.TCW,P,2016-11-13 11:17:09.954096
Kaikoura 2016,NZ.TCW,P,2016-11-13 11:18:55.400757
Kaikoura 2016,NZ.TCW,P,2016-11-13 11:19:23.551898
Kaikoura 2016,NZ.TCW,P,2016-11-13 11:19:49.126527
Kaikoura 2016,NZ.TCW,P,2016-11-13 11:22:12.537416
Kaikoura 2016,NZ.TCW,P,2016-11-13 11:23:51.245886
Kaikoura 2016,NZ.TCW,P,2016-11-13 11:24:33.990942
Kaikoura 2016,NZ.TCW,P,2016-11-13 11:30:45.842888
Kaikoura 2016,NZ.TCW,P,2016-11-13 11:31:44.167454
Kaikoura 2016,NZ.TCW,P,2016-11-13 11:34:00.348946
Kaikoura 2016,NZ.TCW,P,2016-11-13 11:42:57.953719
Kaikoura 2016,NZ.TCW,P,2016-11-13 11:44:31.413044
Kaikoura 2016,NZ.TCW,P,2016-11-13 11:45:36.064123
Kaikoura 2016,NZ.TCW,P,2016-11-13 11:46:09.800907
Kaikoura 2016,NZ.TCW,P,2016-11-13 11:47:13.220354
Kaikoura 2016,NZ.TCW,P,2016-11-13 11:48:08.030491
Kaikoura 2016,NZ.TCW,P,2016-11-13 11:49:12.883753
Kaikoura 2016,NZ.TCW,P,2016-11-13 11:50:23.801808
Kaikoura 2016,NZ.TCW,P,2016-11-13 11:53:04.795394
Kaikoura 2016,NZ.TCW,P,2016-11-13 12:00:37.031363
Kaikoura 2016,NZ.TCW,P,2016-11-13 12:01:07.105420
Kaikoura 2016,NZ.TCW,P,2016-11-13 12:04:05.515177
Kaikoura 2016,NZ.TCW,P,2016-11-13 12:04:36.386704
Kaikoura 2016,NZ.TCW,P,2016-11-13 12:07:50.767266
Kaikoura 2016,NZ.TCW,P,2016-11-13 12:10:09.297887
Kaikoura 2016,NZ.TCW,P,2016-11-13 12:10:34.719690
Kaikoura 2016,NZ.TCW,P,2016-11-13 12:12:00.509196
Kaikoura 2016,NZ.TCW,P,2016-11-13 12:13:33.816350
Kaikoura 2016,NZ.TCW,P,2016-11-13 12:14:43.668681
Kaikoura 2016,NZ.TCW,P,2016-11-13 12:16:40.253346
Kaikoura 2016,NZ.TCW,P,2016-11-13 12:21:01.755956
Kaikoura 2016,NZ.TCW,P,2016-11-13 12:22:23.435671
Kaikoura 2016,NZ.TCW,P,2016-11-13 12:26:25.304583
Kaikoura 2016,NZ.TCW,P,2016-11-13 12:28:21.671447
Kaikoura 2016,NZ.TCW,P,2016-11-13 12:33:29.784729
Kaikoura 2016,NZ.TCW,P,2016-11-13 12:45:53.362003
Kaikoura 2016,NZ.TCW,P,2016-11-13 12:46:40.420190
Kaikoura 2016,NZ.TCW,P,2016-11-13 12:58:02.805542
Kaikoura 2016,NZ.TCW,P,2016-11-13 12:58:43.598309
Kaikoura 2016,NZ.TCW,P,2016-11-13 13:05:09.465742
Kaikoura 2016,NZ.TCW,P,2016-11-13 13:05:51.192215
Kaikoura 2016,NZ.TCW,P,2016-11-13 13:10:09.120519
Kaikoura 2016,NZ.TCW,P,2016-11-13 13:17:25.442954
Kaikoura 2016,NZ.TCW,P,2016-11-13 13:18:54.684031
Kaikoura 2016,NZ.TCW,P,2016-11-13 13:38:41.169796
Kaikoura 2016,NZ.TCW,P,2016-11-13 13:40:21.453037
Kaikoura 2016,NZ.TCW,P,2016-11-13 13:43:20.830108
Kaikoura 2016,NZ.TCW,P,2016-11-13 13:44:44.896561
Kaikoura 2016,NZ.TCW,P,2016-11-13 13:45:00.946170
Kaikoura 2016,NZ.TCW,P,2016-11-13 13:46:35.326270
Kaikoura 2016,NZ.TCW,P,2016-11-13 13:49:19.559479
Kaikoura 2016,NZ.TCW,P,2016-11-13 13:50:11.410737
Kaikoura 2016,NZ.TCW,P,2016-11-13 13:53:48.072897
Kaikoura 2016,NZ.TCW,P,2016-11-13 13:55:00.773852
Kaikoura 2016,NZ.TCW,P,2016-11-13 13:58:19.235444
Kaikoura 2016,NZ.TCW,P,2016-11-13 14:03:51.678453
Kaikoura 2016,NZ.TCW,P,2016-11-13 14:05:41.743898
Kaikoura 2016,NZ.TCW,P,2016-11-13 14:06:46.512330
Kaikoura 2016,NZ.TCW,P,2016-11-13 14:08:22.297082
Kaikoura 2016,NZ.TCW,P,2016-11-13 14:09:38.904820
Kaikoura 2016,NZ.TCW,P,2016-11-13 14:12:40.165909
Kaikoura 2016,NZ.TCW,S,2016-11-13 11:13:17.867380
Kaikoura 2016,NZ.TCW,S,2016-11-13 11:19:08.659377
Kaikoura 2016,NZ.TCW,S,2016-11-13 11:19:33.584353
Kaikoura 2016,NZ.TCW,S,2016-11-13 11:20:03.226194
Kaikoura 2016,NZ.TCW,S,2016-11-13 11:22:20.263199
Kaikoura 2016,NZ.TCW,S,2016-11-13 11:24:07.399795
Kaikoura 2016,NZ.TCW,S,2016-11-13 11:24:47.770145
Kaikoura 2016,NZ.TCW,S,2016-11-13 11:28:38.668180
Kaikoura 2016,NZ.TCW,S,2016-11-13 11:30:59.623029
Kaikoura 2016,NZ.TCW,S,2016-11-13 11:31:58.406491
Kaikoura 2016,NZ.TCW,S,2016-11-13 11:34:12.123110
Kaikoura 2016,NZ.TCW,S,2016-11-13 11:36:01.922223
Kaikoura 2016,NZ.TCW,S,2016-11-13 11:42:09.049456
Kaikoura 2016,NZ.TCW,S,2016-11-13 11:43:07.208016
Kaikoura 2016,NZ.TCW,S,2016-11-13 11:44:42.518199
Kaikoura 2016,NZ.TCW,S,2016-11-13 11:45:45.127856
Kaikoura 2016,NZ.TCW,S,2016-11-13 11:46:22.239437
Kaikoura 2016,NZ.TCW,S,2016-11-13 11:47:20.316046
Kaikoura 2016,NZ.TCW,S,2016-11-13 11:48:18.551115
Kaikoura 2016,NZ.TCW,S,2016-11-13 11:49:21.520602
Kaikoura 2016,NZ.TCW,S,2016-11-13 11:50:32.861644
Kaikoura 2016,NZ.TCW,S,2016-11-13 11:53:59.447340
Kaikoura 2016,NZ.TCW,S,2016-11-13 12:00:47.350287
Kaikoura 2016,NZ.TCW,S,2016-11-13 12:01:13.108090
Kaikoura 2016,NZ.TCW,S,2016-11-13 12:04:13.749960
Kaikoura 2016,NZ.TCW,S,2016-11-13 12:04:30.762186
Kaikoura 2016,NZ.TCW,S,2016-11-13 12:04:43.871529
Kaikoura 2016,NZ.TCW,S,2016-11-13 12:10:16.609009
Kaikoura 2016,NZ.TCW,S,2016-11-13 12:10:45.161838
Kaikoura 2016,NZ.TCW,S,2016-11-13 12:12:09.499505
Kaikoura 2016,NZ.TCW,S,2016-11-13 12:12:25.861864
Kaikoura 2016,NZ.TCW,S,2016-11-13 12:13:43.725934
Kaikoura 2016,NZ.TCW,S,2016-11-13 12:14:51.787375
Kaikoura 2016,NZ.TCW,S,2016-11-13 12:16:50.415619
Kaikoura 2016,NZ.TCW,S,2016-11-13 12:19:27.389074
Kaikoura 2016,NZ.TCW,S,2016-11-13 12:21:18.258875
Kaikoura 2016,NZ.TCW,S,2016-11-13 12:22:31.757372
Kaikoura 2016,NZ.TCW,S,2016-11-13 12:28:38.103996
Kaikoura 2016,NZ.TCW,S,2016-11-13 12:31:46.697838
Kaikoura 2016,NZ.TCW,S,2016-11-13 12:33:41.555555
Kaikoura 2016,NZ.TCW,S,2016-11-13 12:38:55.201245
Kaikoura 2016,NZ.TCW,S,2016-11-13 12:46:02.044752
Kaikoura 2016,NZ.TCW,S,2016-11-13 12:46:47.969838
Kaikoura 2016,NZ.TCW,S,2016-11-13 12:52:56.995291
Kaikoura 2016,NZ.TCW,S,2016-11-13 12:53:30.786899
Kaikoura 2016,NZ.TCW,S,2016-11-13 12:58:10.000899
Kaikoura 2016,NZ.TCW,S,2016-11-13 12:58:55.477893
Kaikoura 2016,NZ.TCW,S,2016-11-13 12:59:27.288104
Kaikoura 2016,NZ.TCW,S,2016-11-13 13:04:57.384436
Kaikoura 2016,NZ.TCW,S,2016-11-13 13:05:17.821041
Kaikoura 2016,NZ.TCW,S,2016-11-13 13:05:58.539292
Kaikoura 2016,NZ.TCW,S,2016-11-13 13:10:18.928838
Kaikoura 2016,NZ.TCW,S,2016-11-13 13:12:53.450837
Kaikoura 2016,NZ.TCW,S,2016-11-13 13:17:33.584431
Kaikoura 2016,NZ.TCW,S,2016-11-13 13:18:26.229252
Kaikoura 2016,NZ.TCW,S,2016-11-13 13:19:03.669157
Kaikoura 2016,NZ.TCW,S,2016-11-13 13:20:55.031131
Kaikoura 2016,NZ.TCW,S,2016-11-13 13:21:30.524222
Kaikoura 2016,NZ.TCW,S,2016-11-13 13:25:42.918393
Kaikoura 2016,NZ.TCW,S,2016-11-13 13:27:19.069803
Kaikoura 2016,NZ.TCW,S,2016-11-13 13:27:35.814619
Kaikoura 2016,NZ.TCW,S,2016-11-13 13:30:02.034939
Kaikoura 2016,NZ.TCW,S,2016-11-13 13:32:05.711097
Kaikoura 2016,NZ.TCW,S,2016-11-13 13:35:39.253998
Kaikoura 2016,NZ.TCW,S,2016-11-13 13:38:50.300918
Kaikoura 2016,NZ.TCW,S,2016-11-13 13:40:34.001328
Kaikoura 2016,NZ.TCW,S,2016-11-13 13:43:07.887137
Kaikoura 2016,NZ.TCW,S,2016-11-13 13:43:35.172169
Kaikoura 2016,NZ.TCW,S,2016-11-13 13:45:00.397173
Kaikoura 2016,NZ.TCW,S,2016-11-13 13:45:08.003867
Kaikoura 2016,NZ.TCW,S,2016-11-13 13:46:50.911195
Kaikoura 2016,NZ.TCW,S,2016-11-13 13:49:26.938374
Kaikoura 2016,NZ.TCW,S,2016-11-13 13:50:19.376070
Kaikoura 2016,NZ.TCW,S,2016-11-13 13:53:58.884332
Kaikoura 2016,NZ.TCW,S,2016-11-13 13:55:17.187434
Kaikoura 2016,NZ.TCW,S,2016-11-13 13:58:28.150667
Kaikoura 2016,NZ.TCW,S,2016-11-13 14:00:57.741860
Kaikoura 2016,NZ.TCW,S,2016-11-13 14:04:00.113168
Kaikoura 2016,NZ.TCW,S,2016-11-13 14:05:56.236673
Kaikoura 2016,NZ.TCW,S,2016-11-13 14:07:02.430935
Kaikoura 2016,NZ.TCW,S,2016-11-13 14:08:30.639776
Kaikoura 2016,NZ.TCW,S,2016-11-13 14:09:46.853111
Kaikoura 2016,NZ.TCW,S,2016-11-13 14:11:22.077485
Kaikoura 2016,NZ.TCW,S,2016-11-13 14:12:50.135367
Kaikoura 2016,NZ.THZ,P,2016-11-13 11:19:45.470993
Kaikoura 2016,NZ.THZ,P,2016-11-13 11:21:32.407678
Kaikoura 2016,NZ.THZ,P,2016-11-13 11:22:19.119400
Kaikoura 2016,NZ.THZ,P,2016-11-13 11:23:48.093971
Kaikoura 2016,NZ.THZ,P,2016-11-13 11:30:41.818070
Kaikoura 2016,NZ.THZ,P,2016-11-13 11:30:58.305394
Kaikoura 2016,NZ.THZ,P,2016-11-13 11:31:37.791138
Kaikoura 2016,NZ.THZ,P,2016-11-13 11:36:00.448435
Kaikoura 2016,NZ.THZ,P,2016-11-13 11:46:04.618798
Kaikoura 2016,NZ.THZ,P,2016-11-13 11:48:04.001935
Kaikoura 2016,NZ.THZ,P,2016-11-13 11:51:17.631665
Kaikoura 2016,NZ.THZ,P,2016-11-13 11:52:56.408391
Kaikoura 2016,NZ.THZ,P,2016-11-13 11:59:55.031391
Kaikoura 2016,NZ.THZ,P,2016-11-13 12:00:38.912914
Kaikoura 2016,NZ.THZ,P,2016-11-13 12:07:43.493744
Kaikoura 2016,NZ.THZ,P,2016-11-13 12:12:06.617219
Kaikoura 2016,NZ.THZ,P,2016-11-13 12:18:14.857926
Kaikoura 2016,NZ.THZ,P,2016-11-13 12:19:44.981761
Kaikoura 2016,NZ.THZ,P,2016-11-13 12:20:57.634855
Kaikoura 2016,NZ.THZ,P,2016-11-13 12:22:31.891406
Kaikoura 2016,NZ.THZ,P,2016-11-13 12:23:24.548653
Kaikoura 2016,NZ.THZ,P,2016-11-13 12:23:51.478211
Kaikoura 2016,NZ.THZ,P,2016-11-13 12:24:39.629962
Kaikoura 2016,NZ.THZ,P,2016-11-13 13:05:18.050905
Kaikoura 2016,NZ.THZ,P,2016-11-13 13:05:58.489763
Kaikoura 2016,NZ.THZ,P,2016-11-13 13:10:17.721438
Kaikoura 2016,NZ.THZ,P,2016-11-13 13:14:54.056624
Kaikoura 2016,NZ.THZ,P,2016-11-13 13:18:59.503852
Kaikoura 2016,NZ.THZ,P,2016-11-13 13:21:30.782709
Kaikoura 2016,NZ.THZ,P,2016-11-13 13:33:57.440070
Kaikoura 2016,NZ.THZ,P,2016-11-13 13:39:56.683839
Kaikoura 2016,NZ.THZ,P,2016-11-13 13:40:18.876156
Kaikoura 2016,NZ.THZ,P,2016-11-13 13:43:17.600770
Kaikoura 2016,NZ.THZ,P,2016-11-13 13:44:40.832378
Kaikoura 2016,NZ.THZ,P,2016-11-13 13:47:07.156976
Kaikoura 2016,NZ.THZ,P,2016-11-13 13:54:57.426806
Kaikoura 2016,NZ.THZ,P,2016-11-13 13:58:27.991924
Kaikoura 2016,NZ.THZ,P,2016-11-13 13:58:49.095045
Kaikoura 2016,NZ.THZ,P,2016-11-13 13:59:14.317229
Kaikoura 2016,NZ.THZ,P,2016-11-13 14:00:42.300872
Kaikoura 2016,NZ.THZ,P,2016-11-13 14:01:35.353900
Kaikoura 2016,NZ.THZ,P,2016-11-13 14:04:21.171193
Kaikoura 2016,NZ.THZ,P,2016-11-13 14:04:40.388876
Kaikoura 2016,NZ.THZ,P,2016-11-13 14:05:37.448062
Kaikoura 2016,NZ.THZ,P,2016-11-13 14:06:42.532677
Kaikoura 2016,NZ.THZ,P,2016-11-13 14:08:59.353853
Kaikoura 2016,NZ.THZ,P,2016-11-13 14:11:17.241121
Kaikoura 2016,NZ.THZ,P,2016-11-13 14:12:47.709975
Kaikoura 2016,NZ.THZ,S,2016-11-13 11:13:06.440187
Kaikoura 2016,NZ.THZ,S,2016-11-13 11:19:02.409915
Kaikoura 2016,NZ.THZ,S,2016-11-13 11:19:55.017057
Kaikoura 2016,NZ.THZ,S,2016-11-13 11:21:45.049868
Kaikoura 2016,NZ.THZ,S,2016-11-13 11:22:30.942190
Kaikoura 2016,NZ.THZ,S,2016-11-13 11:23:59.173446
Kaikoura 2016,NZ.THZ,S,2016-11-13 11:24:40.316180
Kaikoura 2016,NZ.THZ,S,2016-11-13 11:28:55.269701
Kaikoura 2016,NZ.THZ,S,2016-11-13 11:30:52.849565
Kaikoura 2016,NZ.THZ,S,2016-11-13 11:31:13.303318
Kaikoura 2016,NZ.THZ,S,2016-11-13 11:32:32.393616
Kaikoura 2016,NZ.THZ,S,2016-11-13 11:36:12.226768
Kaikoura 2016,NZ.THZ,S,2016-11-13 11:40:53.357624
Kaikoura 2016,NZ.THZ,S,2016-11-13 11:41:12.688644
Kaikoura 2016,NZ.THZ,S,2016-11-13 11:42:21.869707
Kaikoura 2016,NZ.THZ,S,2016-11-13 11:46:13.586110
Kaikoura 2016,NZ.THZ,S,2016-11-13 11:48:12.283842
Kaikoura 2016,NZ.THZ,S,2016-11-13 11:51:27.700199
Kaikoura 2016,NZ.THZ,S,2016-11-13 11:53:06.165566
Kaikoura 2016,NZ.THZ,S,2016-11-13 11:54:15.822377
Kaikoura 2016,NZ.THZ,S,2016-11-13 12:00:06.441099
Kaikoura 2016,NZ.THZ,S,2016-11-13 12:00:50.663364
Kaikoura 2016,NZ.THZ,S,2016-11-13 12:07:52.706891
Kaikoura 2016,NZ.THZ,S,2016-11-13 12:18:26.097726
Kaikoura 2016,NZ.THZ,S,2016-11-13 12:19:56.509760
Kaikoura 2016,NZ.THZ,S,2016-11-13 12:21:11.815141
Kaikoura 2016,NZ.THZ,S,2016-11-13 12:22:48.790611
Kaikoura 2016,NZ.THZ,S,2016-11-13 12:23:34.533760
Kaikoura 2016,NZ.THZ,S,2016-11-13 12:24:49.698634
Kaikoura 2016,NZ.THZ,S,2016-11-13 12:28:26.159176
Kaikoura 2016,NZ.THZ,S,2016-11-13 12:38:08.630970
Kaikoura 2016,NZ.THZ,S,2016-11-13 12:41:20.089035
Kaikoura 2016,NZ.THZ,S,2016-11-13 12:49:02.064460
Kaikoura 2016,NZ.THZ,S,2016-11-13 12:52:42.557177
Kaikoura 2016,NZ.THZ,S,2016-11-13 12:56:50.325358
Kaikoura 2016,NZ.THZ,S,2016-11-13 13:15:06.048952
Kaikoura 2016,NZ.THZ,S,2016-11-13 13:16:13.296823
Kaikoura 2016,NZ.THZ,S,2016-11-13 13:18:17.033734
Kaikoura 2016,NZ.THZ,S,2016-11-13 13:19:15.661475
Kaikoura 2016,NZ.THZ,S,2016-11-13 13:31:51.061836
Kaikoura 2016,NZ.THZ,S,2016-11-13 13:34:12.055104
Kaikoura 2016,NZ.THZ,S,2016-11-13 13:35:31.093408
Kaikoura 2016,NZ.THZ,S,2016-11-13 13:40:04.918653
Kaikoura 2016,NZ.THZ,S,2016-11-13 13:40:28.847567
Kaikoura 2016,NZ.THZ,S,2016-11-13 13:41:30.898482
Kaikoura 2016,NZ.THZ,S,2016-11-13 13:42:55.128276
Kaikoura 2016,NZ.THZ,S,2016-11-13 13:43:27.668707
Kaikoura 2016,NZ.THZ,S,2016-11-13 13:44:51.323643
Kaikoura 2016,NZ.THZ,S,2016-11-13 13:46:37.794888
Kaikoura 2016,NZ.THZ,S,2016-11-13 13:47:17.983801
Kaikoura 2016,NZ.THZ,S,2016-11-13 13:54:07.971763
Kaikoura 2016,NZ.THZ,S,2016-11-13 13:55:09.619757
Kaikoura 2016,NZ.THZ,S,2016-11-13 13:58:58.969500
Kaikoura 2016,NZ.THZ,S,2016-11-13 13:59:24.868790
Kaikoura 2016,NZ.THZ,S,2016-11-13 14:00:10.503900
Kaikoura 2016,NZ.THZ,S,2016-11-13 14:00:53.685641
Kaikoura 2016,NZ.THZ,S,2016-11-13 14:01:43.892482
Kaikoura 2016,NZ.THZ,S,2016-11-13 14:04:50.566197
Kaikoura 2016,NZ.THZ,S,2016-11-13 14:05:49.316162
Kaikoura 2016,NZ.THZ,S,2016-11-13 14:06:52.953926
Kaikoura 2016,NZ.THZ,S,2016-11-13 14:07:52.682058
Kaikoura 2016,NZ.THZ,S,2016-11-13 14:09:11.817638
Kaikoura 2016,NZ.THZ,S,2016-11-13 14:11:29.622213
Kaikoura 2016,NZ.TUWZ,P,2016-11-13 11:19:19.105070
Kaikoura 2016,NZ.TUWZ,P,2016-11-13 11:19:44.813781
Kaikoura 2016,NZ.TUWZ,P,2016-11-13 11:22:09.020812
Kaikoura 2016,NZ.TUWZ,P,2016-11-13 11:22:48.340119
Kaikoura 2016,NZ.TUWZ,P,2016-11-13 11:23:48.282890
Kaikoura 2016,NZ.TUWZ,P,2016-11-13 11:24:29.027225
Kaikoura 2016,NZ.TUWZ,P,2016-11-13 11:30:41.261991
Kaikoura 2016,NZ.TUWZ,P,2016-11-13 11:31:38.160362
Kaikoura 2016,NZ.TUWZ,P,2016-11-13 11:33:57.312221
Kaikoura 2016,NZ.TUWZ,P,2016-11-13 11:35:21.393872
Kaikoura 2016,NZ.TUWZ,P,2016-11-13 11:35:50.885751
Kaikoura 2016,NZ.TUWZ,P,2016-11-13 11:41:29.091124
Kaikoura 2016,NZ.TUWZ,P,2016-11-13 11:42:54.066916
Kaikoura 2016,NZ.TUWZ,P,2016-11-13 11:44:27.256088
Kaikoura 2016,NZ.TUWZ,P,2016-11-13 11:46:04.859645
Kaikoura 2016,NZ.TUWZ,P,2016-11-13 11:49:10.061695
Kaikoura 2016,NZ.TUWZ,P,2016-11-13 11:50:21.060642
Kaikoura 2016,NZ.TUWZ,P,2016-11-13 11:53:25.280872
Kaikoura 2016,NZ.TUWZ,P,2016-11-13 11:53:49.895239
Kaikoura 2016,NZ.TUWZ,P,2016-11-13 12:00:32.866809
Kaikoura 2016,NZ.TUWZ,P,2016-11-13 12:01:06.104306
Kaikoura 2016,NZ.TUWZ,P,2016-11-13 12:04:02.470077
Kaikoura 2016,NZ.TUWZ,P,2016-11-13 12:04:22.465130
Kaikoura 2016,NZ.TUWZ,P,2016-11-13 12:04:33.681614
Kaikoura 2016,NZ.TUWZ,P,2016-11-13 12:07:44.384647
Kaikoura 2016,NZ.TUWZ,P,2016-11-13 12:10:08.357700
Kaikoura 2016,NZ.TUWZ,P,2016-11-13 12:10:30.429565
Kaikoura 2016,NZ.TUWZ,P,2016-11-13 12:12:13.242972
Kaikoura 2016,NZ.TUWZ,P,2016-11-13 12:13:29.797476
Kaikoura 2016,NZ.TUWZ,P,2016-11-13 12:14:40.688922
Kaikoura 2016,NZ.TUWZ,P,2016-11-13 12:18:13.439429
Kaikoura 2016,NZ.TUWZ,P,2016-11-13 12:19:17.633960
Kaikoura 2016,NZ.TUWZ,P,2016-11-13 12:20:58.245019
Kaikoura 2016,NZ.TUWZ,P,2016-11-13 12:22:20.810911
Kaikoura 2016,NZ.TUWZ,P,2016-11-13 12:23:32.842441
Kaikoura 2016,NZ.TUWZ,P,2016-11-13 12:24:47.186245
Kaikoura 2016,NZ.TUWZ,P,2016-11-13 12:31:32.266675
Kaikoura 2016,NZ.TUWZ,P,2016-11-13 12:32:40.157639
Kaikoura 2016,NZ.TUWZ,P,2016-11-13 12:33:26.127598
Kaikoura 2016,NZ.TUWZ,P,2016-11-13 12:45:50.821196
Kaikoura 2016,NZ.TUWZ,P,2016-11-13 12:52:35.277721
Kaikoura 2016,NZ.TUWZ,P,2016-11-13 12:53:06.306923
Kaikoura 2016,NZ.TUWZ,P,2016-11-13 12:57:03.306743
Kaikoura 2016,NZ.TUWZ,P,2016-11-13 12:59:16.781386
Kaikoura 2016,NZ.TUWZ,P,2016-11-13 13:05:07.175675
Kaikoura 2016,NZ.TUWZ,P,2016-11-13 13:05:47.714638
Kaikoura 2016,NZ.TUWZ,P,2016-11-13 13:10:07.613756
Kaikoura 2016,NZ.TUWZ,P,2016-11-13 13:14:47.568516
Kaikoura 2016,NZ.TUWZ,P,2016-11-13 13:18:06.449496
Kaikoura 2016,NZ.TUWZ,P,2016-11-13 13:18:50.920708
Kaikoura 2016,NZ.TUWZ,P,2016-11-13 13:20:45.941043
Kaikoura 2016,NZ.TUWZ,P,2016-11-13 13:27:06.349179
Kaikoura 2016,NZ.TUWZ,P,2016-11-13 13:27:25.479813
Kaikoura 2016,NZ.TUWZ,P,2016-11-13 13:29:51.095487
Kaikoura 2016,NZ.TUWZ,P,2016-11-13 13:33:54.627566
Kaikoura 2016,NZ.TUWZ,P,2016-11-13 13:38:38.605438
Kaikoura 2016,NZ.TUWZ,P,2016-11-13 13:39:56.291704
Kaikoura 2016,NZ.TUWZ,P,2016-11-13 13:40:16.747429
Kaikoura 2016,NZ.TUWZ,P,2016-11-13 13:41:12.988926
Kaikoura 2016,NZ.TUWZ,P,2016-11-13 13:43:16.176062
Kaikoura 2016,NZ.TUWZ,P,2016-11-13 13:44:40.076249
Kaikoura 2016,NZ.TUWZ,P,2016-11-13 13:49:17.240397
Kaikoura 2016,NZ.TUWZ,P,2016-11-13 13:50:09.542835
Kaikoura 2016,NZ.TUWZ,P,2016-11-13 13:53:45.111290
Kaikoura 2016,NZ.TUWZ,P,2016-11-13 13:54:56.553217
Kaikoura 2016,NZ.TUWZ,P,2016-11-13 13:58:17.228331
Kaikoura 2016,NZ.TUWZ,P,2016-11-13 13:58:52.595886
Kaikoura 2016,NZ.TUWZ,P,2016-11-13 14:01:35.100692
Kaikoura 2016,NZ.TUWZ,P,2016-11-13 14:05:36.721065
Kaikoura 2016,NZ.TUWZ,P,2016-11-13 14:06:41.852794
Kaikoura 2016,NZ.TUWZ,P,2016-11-13 14:09:10.253328
Kaikoura 2016,NZ.TUWZ,S,2016-11-13 11:17:11.682667
Kaikoura 2016,NZ.TUWZ,S,2016-11-13 11:19:00.231839
Kaikoura 2016,NZ.TUWZ,S,2016-11-13 11:19:26.154903
Kaikoura 2016,NZ.TUWZ,S,2016-11-13 11:19:54.278524
Kaikoura 2016,NZ.TUWZ,S,2016-11-13 11:22:16.629537
Kaikoura 2016,NZ.TUWZ,S,2016-11-13 11:22:57.587647
Kaikoura 2016,NZ.TUWZ,S,2016-11-13 11:23:58.232763
Kaikoura 2016,NZ.TUWZ,S,2016-11-13 11:24:39.505967
Kaikoura 2016,NZ.TUWZ,S,2016-11-13 11:28:16.065752
Kaikoura 2016,NZ.TUWZ,S,2016-11-13 11:30:51.522054
Kaikoura 2016,NZ.TUWZ,S,2016-11-13 11:31:50.619517
Kaikoura 2016,NZ.TUWZ,S,2016-11-13 11:32:40.285853
Kaikoura 2016,NZ.TUWZ,S,2016-11-13 11:34:04.813755
Kaikoura 2016,NZ.TUWZ,S,2016-11-13 11:35:56.275490
Kaikoura 2016,NZ.TUWZ,S,2016-11-13 11:41:21.580019
Kaikoura 2016,NZ.TUWZ,S,2016-11-13 11:41:39.957907
Kaikoura 2016,NZ.TUWZ,S,2016-11-13 11:42:04.931401
Kaikoura 2016,NZ.TUWZ,S,2016-11-13 11:43:00.347207
Kaikoura 2016,NZ.TUWZ,S,2016-11-13 11:44:34.223969
Kaikoura 2016,NZ.TUWZ,S,2016-11-13 11:45:38.985706
Kaikoura 2016,NZ.TUWZ,S,2016-11-13 11:46:13.282168
Kaikoura 2016,NZ.TUWZ,S,2016-11-13 11:47:16.442737
Kaikoura 2016,NZ.TUWZ,S,2016-11-13 11:48:11.378455
Kaikoura 2016,NZ.TUWZ,S,2016-11-13 11:49:17.633724
Kaikoura 2016,NZ.TUWZ,S,2016-11-13 11:50:28.400255
Kaikoura 2016,NZ.TUWZ,S,2016-11-13 11:53:11.901865
Kaikoura 2016,NZ.TUWZ,S,2016-11-13 11:53:31.540912
Kaikoura 2016,NZ.TUWZ,S,2016-11-13 11:53:56.035876
Kaikoura 2016,NZ.TUWZ,S,2016-11-13 12:00:39.964797
Kaikoura 2016,NZ.TUWZ,S,2016-11-13 12:01:11.629499
Kaikoura 2016,NZ.TUWZ,S,2016-11-13 12:04:08.919249
Kaikoura 2016,NZ.TUWZ,S,2016-11-13 12:04:29.321814
Kaikoura 2016,NZ.TUWZ,S,2016-11-13 12:04:39.829350
Kaikoura 2016,NZ.TUWZ,S,2016-11-13 12:10:15.099356
Kaikoura 2016,NZ.TUWZ,S,2016-11-13 12:10:37.914110
Kaikoura 2016,NZ.TUWZ,S,2016-11-13 12:12:04.072858
Kaikoura 2016,NZ.TUWZ,S,2016-11-13 12:12:19.416317
Kaikoura 2016,NZ.TUWZ,S,2016-11-13 12:13:36.244673
Kaikoura 2016,NZ.TUWZ,S,2016-11-13 12:14:47.136120
Kaikoura 2016,NZ.TUWZ,S,2016-11-13 12:19:22.824797
Kaikoura 2016,NZ.TUWZ,S,2016-11-13 12:21:10.163794
Kaikoura 2016,NZ.TUWZ,S,2016-11-13 12:22:26.802534
Kaikoura 2016,NZ.TUWZ,S,2016-11-13 12:23:48.678220
Kaikoura 2016,NZ.TUWZ,S,2016-11-13 12:28:30.420997
Kaikoura 2016,NZ.TUWZ,S,2016-11-13 12:31:38.867248
Kaikoura 2016,NZ.TUWZ,S,2016-11-13 12:32:53.998711
Kaikoura 2016,NZ.TUWZ,S,2016-11-13 12:33:33.994531
Kaikoura 2016,NZ.TUWZ,S,2016-11-13 12:38:51.740030
Kaikoura 2016,NZ.TUWZ,S,2016-11-13 12:42:08.078668
Kaikoura 2016,NZ.TUWZ,S,2016-11-13 12:45:57.157256
Kaikoura 2016,NZ.TUWZ,S,2016-11-13 12:46:45.106687
Kaikoura 2016,NZ.TUWZ,S,2016-11-13 12:49:04.226171
Kaikoura 2016,NZ.TUWZ,S,2016-11-13 12:52:46.877984
Kaikoura 2016,NZ.TUWZ,S,2016-11-13 12:57:10.012071
Kaikoura 2016,NZ.TUWZ,S,2016-11-13 12:58:48.435094
Kaikoura 2016,NZ.TUWZ,S,2016-11-13 12:59:22.740397
Kaikoura 2016,NZ.TUWZ,S,2016-11-13 13:04:53.433406
Kaikoura 2016,NZ.TUWZ,S,2016-11-13 13:05:13.002396
Kaikoura 2016,NZ.TUWZ,S,2016-11-13 13:05:54.278027
Kaikoura 2016,NZ.TUWZ,S,2016-11-13 13:10:13.165763
Kaikoura 2016,NZ.TUWZ,S,2016-11-13 13:12:45.472507
Kaikoura 2016,NZ.TUWZ,S,2016-11-13 13:14:56.076773
Kaikoura 2016,NZ.TUWZ,S,2016-11-13 13:17:29.899348
Kaikoura 2016,NZ.TUWZ,S,2016-11-13 13:18:19.684627
Kaikoura 2016,NZ.TUWZ,S,2016-11-13 13:18:56.834608
Kaikoura 2016,NZ.TUWZ,S,2016-11-13 13:20:51.638357
Kaikoura 2016,NZ.TUWZ,S,2016-11-13 13:21:26.648957
Kaikoura 2016,NZ.TUWZ,S,2016-11-13 13:25:40.743687
Kaikoura 2016,NZ.TUWZ,S,2016-11-13 13:27:31.275389
Kaikoura 2016,NZ.TUWZ,S,2016-11-13 13:29:58.945483
Kaikoura 2016,NZ.TUWZ,S,2016-11-13 13:31:55.995264
Kaikoura 2016,NZ.TUWZ,S,2016-11-13 13:34:02.529190
Kaikoura 2016,NZ.TUWZ,S,2016-11-13 13:35:33.261028
Kaikoura 2016,NZ.TUWZ,S,2016-11-13 13:38:44.655506
Kaikoura 2016,NZ.TUWZ,S,2016-11-13 13:40:04.806616
Kaikoura 2016,NZ.TUWZ,S,2016-11-13 13:41:20.831604
Kaikoura 2016,NZ.TUWZ,S,2016-11-13 13:43:00.968624
Kaikoura 2016,NZ.TUWZ,S,2016-11-13 13:43:25.199213
Kaikoura 2016,NZ.TUWZ,S,2016-11-13 13:44:49.811389
Kaikoura 2016,NZ.TUWZ,S,2016-11-13 13:45:03.287371
Kaikoura 2016,NZ.TUWZ,S,2016-11-13 13:46:41.910717
Kaikoura 2016,NZ.TUWZ,S,2016-11-13 13:49:23.565165
Kaikoura 2016,NZ.TUWZ,S,2016-11-13 13:50:16.791709
Kaikoura 2016,NZ.TUWZ,S,2016-11-13 13:53:52.435164
Kaikoura 2016,NZ.TUWZ,S,2016-11-13 13:55:09.918566
Kaikoura 2016,NZ.TUWZ,S,2016-11-13 13:58:23.830110
Kaikoura 2016,NZ.TUWZ,S,2016-11-13 13:59:04.727360
Kaikoura 2016,NZ.TUWZ,S,2016-11-13 14:00:21.397697
Kaikoura 2016,NZ.TUWZ,S,2016-11-13 14:01:43.892482
Kaikoura 2016,NZ.TUWZ,S,2016-11-13 14:03:56.386201
Kaikoura 2016,NZ.TUWZ,S,2016-11-13 14:05:49.102695
Kaikoura 2016,NZ.TUWZ,S,2016-11-13 14:06:50.335735
Kaikoura 2016,NZ.TUWZ,S,2016-11-13 14:08:24.463758
Kaikoura 2016,NZ.TUWZ,S,2016-11-13 14:09:43.959885
Kaikoura 2016,NZ.TUWZ,S,2016-11-13 14:11:14.726212
Kaikoura 2016,NZ.TUWZ,S,2016-11-13 14:12:44.986883
Norcia 2016,IV.CAMP,P,2016-10-30 06:50:50.060000
Norcia 2016,IV.CAMP,P,2016-10-30 06:52:01.950000
Norcia 2016,IV.CAMP,P,2016-10-30 06:53:20.630000
Norcia 2016,IV.CAMP,P,2016-10-30 06:54:01.000000
Norcia 2016,IV.CAMP,P,2016-10-30 06:54:53.170000
Norcia 2016,IV.CAMP,P,2016-10-30 06:55:46.470000
Norcia 2016,IV.CAMP,P,2016-10-30 06:55:59.780000
Norcia 2016,IV.CAMP,P,2016-10-30 06:56:12.870000
Norcia 2016,IV.CAMP,P,2016-10-30 06:56:45.550000
Norcia 2016,IV.CAMP,P,2016-10-30 06:58:12.340000
Norcia 2016,IV.CAMP,P,2016-10-30 06:59:39.310000
Norcia 2016,IV.CAMP,P,2016-10-30 06:59:52.280000
Norcia 2016,IV.CAMP,P,2016-10-30 07:01:01.690000
Norcia 2016,IV.CAMP,P,2016-10-30 07:01:38.540000
Norcia 2016,IV.CAMP,P,2016-10-30 07:03:29.620000
Norcia 2016,IV.CAMP,P,2016-10-30 07:05:07.280000
Norcia 2016,IV.CAMP,P,2016-10-30 07:06:54.070000
Norcia 2016,IV.CAMP,P,2016-10-30 07:07:17.080000
Norcia 2016,IV.CAMP,P,2016-10-30 07:07:59.180000
Norcia 2016,IV.CAMP,P,2016-10-30 07:08:32.320000
Norcia 2016,IV.CAMP,P,2016-10-30 07:08:40.960000
Norcia 2016,IV.CAMP,P,2016-10-30 07:10:13.550000
Norcia 2016,IV.CAMP,P,2016-10-30 07:10:43.610000
Norcia 2016,IV.CAMP,P,2016-10-30 07:13:10.180000
Norcia 2016,IV.CAMP,P,2016-10-30 07:13:43.790000
Norcia 2016,IV.CAMP,P,2016-10-30 07:14:05.470000
Norcia 2016,IV.CAMP,P,2016-10-30 07:14:28.680000
Norcia 2016,IV.CAMP,P,2016-10-30 07:16:06.470000
Norcia 2016,IV.CAMP,P,2016-10-30 07:16:40.160000
Norcia 2016,IV.CAMP,P,2016-10-30 07:20:02.140000
Norcia 2016,IV.CAMP,P,2016-10-30 07:22:59.040000
Norcia 2016,IV.CAMP,P,2016-10-30 07:23:47.290000
Norcia 2016,IV.CAMP,P,2016-10-30 07:24:43.130000
Norcia 2016,IV.CAMP,P,2016-10-30 07:25:16.790000
Norcia 2016,IV.CAMP,P,2016-10-30 07:27:01.180000
Norcia 2016,IV.CAMP,P,2016-10-30 07:27:16.100000
Norcia 2016,IV.CAMP,P,2016-10-30 07:28:09.520000
Norcia 2016,IV.CAMP,P,2016-10-30 07:28:46.260000
Norcia 2016,IV.CAMP,P,2016-10-30 07:29:46.730000
Norcia 2016,IV.CAMP,P,2016-10-30 07:30:20.450000
Norcia 2016,IV.CAMP,P,2016-10-30 07:31:15.790000
Norcia 2016,IV.CAMP,P,2016-10-30 07:32:36.960000
Norcia 2016,IV.CAMP,P,2016-10-30 07:33:03.310000
Norcia 2016,IV.CAMP,P,2016-10-30 07:34:07.770000
Norcia 2016,IV.CAMP,P,2016-10-30 07:34:56.600000
Norcia 2016,IV.CAMP,P,2016-10-30 07:36:55.580000
Norcia 2016,IV.CAMP,P,2016-10-30 07:37:05.460000
Norcia 2016,IV.CAMP,P,2016-10-30 07:37:28.620000
Norcia 2016,IV.CAMP,P,2016-10-30 07:38:51.430000
Norcia 2016,IV.CAMP,P,2016-10-30 07:39:04.300000
Norcia 2016,IV.CAMP,P,2016-10-30 07:40:26.120000
Norcia 2016,IV.CAMP,P,2016-10-30 07:40:38.850000
Norcia 2016,IV.CAMP,P,2016-10-30 07:40:55.530000
Norcia 2016,IV.CAMP,P,2016-10-30 07:41:15.380000
Norcia 2016,IV.CAMP,P,2016-10-30 07:42:10.410000
Norcia 2016,IV.CAMP,P,2016-10-30 07:42:22.660000
Norcia 2016,IV.CAMP,P,2016-10-30 07:42:49.660000
Norcia 2016,IV.CAMP,P,2016-10-30 07:43:02.430000
Norcia 2016,IV.CAMP,P,2016-10-30 07:44:24.570000
Norcia 2016,IV.CAMP,P,2016-10-30 07:46:17.920000
Norcia 2016,IV.CAMP,P,2016-10-30 07:46:52.140000
Norcia 2016,IV.CAMP,P,2016-10-30 07:48:04.090000
Norcia 2016,IV.CAMP,P,2016-10-30 07:48:40.100000
Norcia 2016,IV.CAMP,P,2016-10-30 07:48:56.970000
Norcia 2016,IV.CAMP,P,2016-10-30 07:49:25.580000
Norcia 2016,IV.CAMP,P,2016-10-30 07:51:49.070000
Norcia 2016,IV.CAMP,P,2016-10-30 07:52:54.950000
Norcia 2016,IV.CAMP,P,2016-10-30 07:53:38.740000
Norcia 2016,IV.CAMP,P,2016-10-30 07:55:11.450000
Norcia 2016,IV.CAMP,P,2016-10-30 07:55:37.320000
Norcia 2016,IV.CAMP,P,2016-10-30 07:56:07.680000
Norcia 2016,IV.CAMP,P,2016-10-30 07:57:17.760000
Norcia 2016,IV.CAMP,P,2016-10-30 07:58:01.960000
Norcia 2016,IV.CAMP,P,2016-10-30 07:59:24.260000
Norcia 2016,IV.CAMP,P,2016-10-30 08:00:16.400000
Norcia 2016,IV.CAMP,P,2016-10-30 08:00:35.420000
Norcia 2016,IV.CAMP,P,2016-10-30 08:02:02.480000
Norcia 2016,IV.CAMP,P,2016-10-30 08:02:47.830000
Norcia 2016,IV.CAMP,P,2016-10-30 08:03:12.780000
Norcia 2016,IV.CAMP,P,2016-10-30 08:03:54.980000
Norcia 2016,IV.CAMP,P,2016-10-30 08:04:06.710000
Norcia 2016,IV.CAMP,P,2016-10-30 08:10:37.100000
Norcia 2016,IV.CAMP,P,2016-10-30 08:10:59.350000
Norcia 2016,IV.CAMP,P,2016-10-30 08:12:13.810000
Norcia 2016,IV.CAMP,P,2016-10-30 08:13:13.030000
Norcia 2016,IV.CAMP,P,2016-10-30 08:17:47.960000
Norcia 2016,IV.CAMP,P,2016-10-30 08:19:07.420000
Norcia 2016,IV.CAMP,P,2016-10-30 08:19:49.490000
Norcia 2016,IV.CAMP,P,2016-10-30 08:21:07.440000
Norcia 2016,IV.CAMP,P,2016-10-30 08:22:02.410000
Norcia 2016,IV.CAMP,P,2016-10-30 08:22:58.320000
Norcia 2016,IV.CAMP,P,2016-10-30 08:24:12.200000
Norcia 2016,IV.CAMP,P,2016-10-30 08:24:42.570000
Norcia 2016,IV.CAMP,P,2016-10-30 08:27:03.330000
Norcia 2016,IV.CAMP,P,2016-10-30 08:28:54.720000
Norcia 2016,IV.CAMP,P,2016-10-30 08:29:33.780000
Norcia 2016,IV.CAMP,P,2016-10-30 08:31:15.070000
Norcia 2016,IV.CAMP,P,2016-10-30 08:32:08.970000
Norcia 2016,IV.CAMP,P,2016-10-30 08:33:06.950000
Norcia 2016,IV.CAMP,P,2016-10-30 08:34:07.430000
Norcia 2016,IV.CAMP,P,2016-10-30 08:34:30.170000
Norcia 2016,IV.CAMP,P,2016-10-30 08:35:32.940000
Norcia 2016,IV.CAMP,P,2016-10-30 08:36:06.340000
Norcia 2016,IV.CAMP,P,2016-10-30 08:37:09.460000
Norcia 2016,IV.CAMP,P,2016-10-30 08:38:03.390000
Norcia 2016,IV.CAMP,P,2016-10-30 08:39:02.540000
Norcia 2016,IV.CAMP,P,2016-10-30 08:41:27.730000
Norcia 2016,IV.CAMP,P,2016-10-30 08:42:59.450000
Norcia 2016,IV.CAMP,P,2016-10-30 08:44:06.900000
Norcia 2016,IV.CAMP,P,2016-10-30 08:45:45.120000
Norcia 2016,IV.CAMP,P,2016-10-30 08:46:05.580000
Norcia 2016,IV.CAMP,P,2016-10-30 08:46:26.920000
Norcia 2016,IV.CAMP,P,2016-10-30 08:47:53.320000
Norcia 2016,IV.CAMP,S,2016-10-30 06:50:54.800000
Norcia 2016,IV.CAMP,S,2016-10-30 06:54:05.610000
Norcia 2016,IV.CAMP,S,2016-10-30 06:54:57.760000
Norcia 2016,IV.CAMP,S,2016-10-30 06:55:50.240000
Norcia 2016,IV.CAMP,S,2016-10-30 06:56:04.020000
Norcia 2016,IV.CAMP,S,2016-10-30 06:56:18.260000
Norcia 2016,IV.CAMP,S,2016-10-30 06:56:51.490000
Norcia 2016,IV.CAMP,S,2016-10-30 06:58:18.600000
Norcia 2016,IV.CAMP,S,2016-10-30 06:59:57.510000
Norcia 2016,IV.CAMP,S,2016-10-30 07:01:43.340000
Norcia 2016,IV.CAMP,S,2016-10-30 07:03:34.840000
Norcia 2016,IV.CAMP,S,2016-10-30 07:07:00.240000
Norcia 2016,IV.CAMP,S,2016-10-30 07:07:21.700000
Norcia 2016,IV.CAMP,S,2016-10-30 07:08:02.900000
Norcia 2016,IV.CAMP,S,2016-10-30 07:08:37.670000
Norcia 2016,IV.CAMP,S,2016-10-30 07:08:45.380000
Norcia 2016,IV.CAMP,S,2016-10-30 07:10:18.940000
Norcia 2016,IV.CAMP,S,2016-10-30 07:10:47.320000
Norcia 2016,IV.CAMP,S,2016-10-30 07:13:13.500000
Norcia 2016,IV.CAMP,S,2016-10-30 07:13:48.080000
Norcia 2016,IV.CAMP,S,2016-10-30 07:14:08.720000
Norcia 2016,IV.CAMP,S,2016-10-30 07:14:34.450000
Norcia 2016,IV.CAMP,S,2016-10-30 07:16:10.900000
Norcia 2016,IV.CAMP,S,2016-10-30 07:16:44.070000
Norcia 2016,IV.CAMP,S,2016-10-30 07:20:07.880000
Norcia 2016,IV.CAMP,S,2016-10-30 07:23:52.130000
Norcia 2016,IV.CAMP,S,2016-10-30 07:24:47.080000
Norcia 2016,IV.CAMP,S,2016-10-30 07:25:22.670000
Norcia 2016,IV.CAMP,S,2016-10-30 07:27:05.630000
Norcia 2016,IV.CAMP,S,2016-10-30 07:27:19.980000
Norcia 2016,IV.CAMP,S,2016-10-30 07:28:15.840000
Norcia 2016,IV.CAMP,S,2016-10-30 07:28:51.110000
Norcia 2016,IV.CAMP,S,2016-10-30 07:30:25.970000
Norcia 2016,IV.CAMP,S,2016-10-30 07:31:21.310000
Norcia 2016,IV.CAMP,S,2016-10-30 07:32:40.900000
Norcia 2016,IV.CAMP,S,2016-10-30 07:34:12.620000
Norcia 2016,IV.CAMP,S,2016-10-30 07:35:03.500000
Norcia 2016,IV.CAMP,S,2016-10-30 07:36:59.490000
Norcia 2016,IV.CAMP,S,2016-10-30 07:38:55.830000
Norcia 2016,IV.CAMP,S,2016-10-30 07:39:08.100000
Norcia 2016,IV.CAMP,S,2016-10-30 07:40:31.800000
Norcia 2016,IV.CAMP,S,2016-10-30 07:40:43.750000
Norcia 2016,IV.CAMP,S,2016-10-30 07:41:00.600000
Norcia 2016,IV.CAMP,S,2016-10-30 07:41:21.770000
Norcia 2016,IV.CAMP,S,2016-10-30 07:42:16.950000
Norcia 2016,IV.CAMP,S,2016-10-30 07:42:27.420000
Norcia 2016,IV.CAMP,S,2016-10-30 07:42:53.050000
Norcia 2016,IV.CAMP,S,2016-10-30 07:44:31.170000
Norcia 2016,IV.CAMP,S,2016-10-30 07:46:23.920000
Norcia 2016,IV.CAMP,S,2016-10-30 07:46:58.910000
Norcia 2016,IV.CAMP,S,2016-10-30 07:48:08.360000
Norcia 2016,IV.CAMP,S,2016-10-30 07:48:45.540000
Norcia 2016,IV.CAMP,S,2016-10-30 07:49:00.960000
Norcia 2016,IV.CAMP,S,2016-10-30 07:49:32.460000
Norcia 2016,IV.CAMP,S,2016-10-30 07:51:55.400000
Norcia 2016,IV.CAMP,S,2016-10-30 07:52:59.180000
Norcia 2016,IV.CAMP,S,2016-10-30 07:53:43.230000
Norcia 2016,IV.CAMP,S,2016-10-30 07:55:16.130000
Norcia 2016,IV.CAMP,S,2016-10-30 07:55:42.650000
Norcia 2016,IV.CAMP,S,2016-10-30 07:56:14.200000
Norcia 2016,IV.CAMP,S,2016-10-30 07:57:21.300000
Norcia 2016,IV.CAMP,S,2016-10-30 07:58:07.200000
Norcia 2016,IV.CAMP,S,2016-10-30 07:59:29.900000
Norcia 2016,IV.CAMP,S,2016-10-30 08:00:41.670000
Norcia 2016,IV.CAMP,S,2016-10-30 08:02:06.050000
Norcia 2016,IV.CAMP,S,2016-10-30 08:02:53.700000
Norcia 2016,IV.CAMP,S,2016-10-30 08:03:18.120000
Norcia 2016,IV.CAMP,S,2016-10-30 08:03:58.660000
Norcia 2016,IV.CAMP,S,2016-10-30 08:04:10.860000
Norcia 2016,IV.CAMP,S,2016-10-30 08:10:41.440000
Norcia 2016,IV.CAMP,S,2016-10-30 08:11:05.920000
Norcia 2016,IV.CAMP,S,2016-10-30 08:12:18.320000
Norcia 2016,IV.CAMP,S,2016-10-30 08:13:18.910000
Norcia 2016,IV.CAMP,S,2016-10-30 08:17:54.390000
Norcia 2016,IV.CAMP,S,2016-10-30 08:19:11.430000
Norcia 2016,IV.CAMP,S,2016-10-30 08:19:54.240000
Norcia 2016,IV.CAMP,S,2016-10-30 08:21:11.820000
Norcia 2016,IV.CAMP,S,2016-10-30 08:22:08.150000
Norcia 2016,IV.CAMP,S,2016-10-30 08:23:02.800000
Norcia 2016,IV.CAMP,S,2016-10-30 08:24:17.250000
Norcia 2016,IV.CAMP,S,2016-10-30 08:24:47.780000
Norcia 2016,IV.CAMP,S,2016-10-30 08:27:07.570000
Norcia 2016,IV.CAMP,S,2016-10-30 08:28:59.750000
Norcia 2016,IV.CAMP,S,2016-10-30 08:29:37.430000
Norcia 2016,IV.CAMP,S,2016-10-30 08:31:21.500000
Norcia 2016,IV.CAMP,S,2016-10-30 08:32:16.020000
Norcia 2016,IV.CAMP,S,2016-10-30 08:33:12.210000
Norcia 2016,IV.CAMP,S,2016-10-30 08:34:10.790000
Norcia 2016,IV.CAMP,S,2016-10-30 08:34:36.750000
Norcia 2016,IV.CAMP,S,2016-10-30 08:35:37.850000
Norcia 2016,IV.CAMP,S,2016-10-30 08:36:12.200000
Norcia 2016,IV.CAMP,S,2016-10-30 08:37:13.500000
Norcia 2016,IV.CAMP,S,2016-10-30 08:38:09.220000
Norcia 2016,IV.CAMP,S,2016-10-30 08:39:08.140000
Norcia 2016,IV.CAMP,S,2016-10-30 08:41:34.000000
Norcia 2016,IV.CAMP,S,2016-10-30 08:43:04.230000
Norcia 2016,IV.CAMP,S,2016-10-30 08:44:12.090000
Norcia 2016,IV.CAMP,S,2016-10-30 08:45:50.370000
Norcia 2016,IV.CAMP,S,2016-10-30 08:46:08.930000
Norcia 2016,IV.CAMP,S,2016-10-30 08:47:57.680000
Norcia 2016,IV.GUMA,P,2016-10-30 06:51:20.090000
Norcia 2016,IV.GUMA,P,2016-10-30 06:52:02.120000
Norcia 2016,IV.GUMA,P,2016-10-30 06:53:19.730000
Norcia 2016,IV.GUMA,P,2016-10-30 06:55:48.820000
Norcia 2016,IV.GUMA,P,2016-10-30 06:56:02.160000
Norcia 2016,IV.GUMA,P,2016-10-30 06:56:12.540000
Norcia 2016,IV.GUMA,P,2016-10-30 06:56:44.350000
Norcia 2016,IV.GUMA,P,2016-10-30 06:57:27.780000
Norcia 2016,IV.GUMA,P,2016-10-30 06:58:08.120000
Norcia 2016,IV.GUMA,P,2016-10-30 06:59:37.440000
Norcia 2016,IV.GUMA,P,2016-10-30 06:59:51.410000
Norcia 2016,IV.GUMA,P,2016-10-30 07:00:46.540000
Norcia 2016,IV.GUMA,P,2016-10-30 07:01:00.270000
Norcia 2016,IV.GUMA,P,2016-10-30 07:01:39.460000
Norcia 2016,IV.GUMA,P,2016-10-30 07:03:29.210000
Norcia 2016,IV.GUMA,P,2016-10-30 07:05:06.290000
Norcia 2016,IV.GUMA,P,2016-10-30 07:06:02.970000
Norcia 2016,IV.GUMA,P,2016-10-30 07:06:51.530000
Norcia 2016,IV.GUMA,P,2016-10-30 07:07:17.520000
Norcia 2016,IV.GUMA,P,2016-10-30 07:08:01.410000
Norcia 2016,IV.GUMA,P,2016-10-30 07:08:31.640000
Norcia 2016,IV.GUMA,P,2016-10-30 07:08:43.530000
Norcia 2016,IV.GUMA,P,2016-10-30 07:09:30.830000
Norcia 2016,IV.GUMA,P,2016-10-30 07:10:13.230000
Norcia 2016,IV.GUMA,P,2016-10-30 07:10:47.350000
Norcia 2016,IV.GUMA,P,2016-10-30 07:13:13.160000
Norcia 2016,IV.GUMA,P,2016-10-30 07:13:44.590000
Norcia 2016,IV.GUMA,P,2016-10-30 07:14:08.780000
Norcia 2016,IV.GUMA,P,2016-10-30 07:14:28.080000
Norcia 2016,IV.GUMA,P,2016-10-30 07:15:59.990000
Norcia 2016,IV.GUMA,P,2016-10-30 07:16:42.440000
Norcia 2016,IV.GUMA,P,2016-10-30 07:20:01.060000
Norcia 2016,IV.GUMA,P,2016-10-30 07:21:11.740000
Norcia 2016,IV.GUMA,P,2016-10-30 07:21:32.510000
Norcia 2016,IV.GUMA,P,2016-10-30 07:22:57.220000
Norcia 2016,IV.GUMA,P,2016-10-30 07:23:47.620000
Norcia 2016,IV.GUMA,P,2016-10-30 07:24:45.250000
Norcia 2016,IV.GUMA,P,2016-10-30 07:25:14.320000
Norcia 2016,IV.GUMA,P,2016-10-30 07:25:49.720000
Norcia 2016,IV.GUMA,P,2016-10-30 07:27:18.160000
Norcia 2016,IV.GUMA,P,2016-10-30 07:28:06.310000
Norcia 2016,IV.GUMA,P,2016-10-30 07:29:46.150000
Norcia 2016,IV.GUMA,P,2016-10-30 07:31:15.320000
Norcia 2016,IV.GUMA,P,2016-10-30 07:32:14.800000
Norcia 2016,IV.GUMA,P,2016-10-30 07:32:38.800000
Norcia 2016,IV.GUMA,P,2016-10-30 07:34:08.650000
Norcia 2016,IV.GUMA,P,2016-10-30 07:34:52.750000
Norcia 2016,IV.GUMA,P,2016-10-30 07:36:58.580000
Norcia 2016,IV.GUMA,P,2016-10-30 07:37:02.770000
Norcia 2016,IV.GUMA,P,2016-10-30 07:37:25.880000
Norcia 2016,IV.GUMA,P,2016-10-30 07:38:52.840000
Norcia 2016,IV.GUMA,P,2016-10-30 07:39:07.410000
Norcia 2016,IV.GUMA,P,2016-10-30 07:40:25.160000
Norcia 2016,IV.GUMA,P,2016-10-30 07:40:39.360000
Norcia 2016,IV.GUMA,P,2016-10-30 07:40:55.170000
Norcia 2016,IV.GUMA,P,2016-10-30 07:41:13.650000
Norcia 2016,IV.GUMA,P,2016-10-30 07:42:05.730000
Norcia 2016,IV.GUMA,P,2016-10-30 07:42:23.320000
Norcia 2016,IV.GUMA,P,2016-10-30 07:42:53.360000
Norcia 2016,IV.GUMA,P,2016-10-30 07:43:03.810000
Norcia 2016,IV.GUMA,P,2016-10-30 07:44:11.920000
Norcia 2016,IV.GUMA,P,2016-10-30 07:44:19.490000
Norcia 2016,IV.GUMA,P,2016-10-30 07:44:33.320000
Norcia 2016,IV.GUMA,P,2016-10-30 07:44:52.180000
Norcia 2016,IV.GUMA,P,2016-10-30 07:45:09.900000
Norcia 2016,IV.GUMA,P,2016-10-30 07:46:15.960000
Norcia 2016,IV.GUMA,P,2016-10-30 07:46:47.660000
Norcia 2016,IV.GUMA,P,2016-10-30 07:47:39.160000
Norcia 2016,IV.GUMA,P,2016-10-30 07:48:40.280000
Norcia 2016,IV.GUMA,P,2016-10-30 07:49:21.870000
Norcia 2016,IV.GUMA,P,2016-10-30 07:50:08.390000
Norcia 2016,IV.GUMA,P,2016-10-30 07:51:23.420000
Norcia 2016,IV.GUMA,P,2016-10-30 07:51:46.300000
Norcia 2016,IV.GUMA,P,2016-10-30 07:52:58.030000
Norcia 2016,IV.GUMA,P,2016-10-30 07:53:07.330000
Norcia 2016,IV.GUMA,P,2016-10-30 07:53:38.900000
Norcia 2016,IV.GUMA,P,2016-10-30 07:55:12.060000
Norcia 2016,IV.GUMA,P,2016-10-30 07:55:37.130000
Norcia 2016,IV.GUMA,P,2016-10-30 07:56:04.580000
Norcia 2016,IV.GUMA,P,2016-10-30 07:56:13.990000
Norcia 2016,IV.GUMA,P,2016-10-30 07:57:20.240000
Norcia 2016,IV.GUMA,P,2016-10-30 07:58:01.620000
Norcia 2016,IV.GUMA,P,2016-10-30 07:59:24.420000
Norcia 2016,IV.GUMA,P,2016-10-30 08:00:13.620000
Norcia 2016,IV.GUMA,P,2016-10-30 08:00:16.470000
Norcia 2016,IV.GUMA,P,2016-10-30 08:00:34.400000
Norcia 2016,IV.GUMA,P,2016-10-30 08:02:04.650000
Norcia 2016,IV.GUMA,P,2016-10-30 08:02:46.770000
Norcia 2016,IV.GUMA,P,2016-10-30 08:03:48.080000
Norcia 2016,IV.GUMA,P,2016-10-30 08:03:57.790000
Norcia 2016,IV.GUMA,P,2016-10-30 08:04:05.870000
Norcia 2016,IV.GUMA,P,2016-10-30 08:05:07.210000
Norcia 2016,IV.GUMA,P,2016-10-30 08:08:03.130000
Norcia 2016,IV.GUMA,P,2016-10-30 08:10:05.400000
Norcia 2016,IV.GUMA,P,2016-10-30 08:10:39.970000
Norcia 2016,IV.GUMA,P,2016-10-30 08:10:57.680000
Norcia 2016,IV.GUMA,P,2016-10-30 08:12:14.940000
Norcia 2016,IV.GUMA,P,2016-10-30 08:12:27.150000
Norcia 2016,IV.GUMA,P,2016-10-30 08:13:09.850000
Norcia 2016,IV.GUMA,P,2016-10-30 08:15:48.720000
Norcia 2016,IV.GUMA,P,2016-10-30 08:16:40.100000
Norcia 2016,IV.GUMA,P,2016-10-30 08:16:45.070000
Norcia 2016,IV.GUMA,P,2016-10-30 08:17:46.710000
Norcia 2016,IV.GUMA,P,2016-10-30 08:19:09.480000
Norcia 2016,IV.GUMA,P,2016-10-30 08:19:44.150000
Norcia 2016,IV.GUMA,P,2016-10-30 08:21:08.650000
Norcia 2016,IV.GUMA,P,2016-10-30 08:22:00.830000
Norcia 2016,IV.GUMA,P,2016-10-30 08:22:59.970000
Norcia 2016,IV.GUMA,P,2016-10-30 08:24:12.160000
Norcia 2016,IV.GUMA,P,2016-10-30 08:24:42.390000
Norcia 2016,IV.GUMA,P,2016-10-30 08:25:41.370000
Norcia 2016,IV.GUMA,P,2016-10-30 08:27:05.150000
Norcia 2016,IV.GUMA,P,2016-10-30 08:28:56.080000
Norcia 2016,IV.GUMA,P,2016-10-30 08:29:36.790000
Norcia 2016,IV.GUMA,P,2016-10-30 08:31:12.510000
Norcia 2016,IV.GUMA,P,2016-10-30 08:32:05.780000
Norcia 2016,IV.GUMA,P,2016-10-30 08:33:06.230000
Norcia 2016,IV.GUMA,P,2016-10-30 08:34:11.450000
Norcia 2016,IV.GUMA,P,2016-10-30 08:34:28.400000
Norcia 2016,IV.GUMA,P,2016-10-30 08:35:11.180000
Norcia 2016,IV.GUMA,P,2016-10-30 08:35:33.960000
Norcia 2016,IV.GUMA,P,2016-10-30 08:36:05.200000
Norcia 2016,IV.GUMA,P,2016-10-30 08:37:11.540000
Norcia 2016,IV.GUMA,P,2016-10-30 08:38:03.450000
Norcia 2016,IV.GUMA,P,2016-10-30 08:39:01.620000
Norcia 2016,IV.GUMA,P,2016-10-30 08:41:24.590000
Norcia 2016,IV.GUMA,P,2016-10-30 08:43:00.070000
Norcia 2016,IV.GUMA,P,2016-10-30 08:43:34.120000
Norcia 2016,IV.GUMA,P,2016-10-30 08:44:06.720000
Norcia 2016,IV.GUMA,P,2016-10-30 08:45:44.500000
Norcia 2016,IV.GUMA,P,2016-10-30 08:46:25.890000
Norcia 2016,IV.GUMA,P,2016-10-30 08:47:54.740000
Norcia 2016,IV.GUMA,P,2016-10-30 08:48:54.800000
Norcia 2016,IV.GUMA,P,2016-10-30 08:49:18.190000
Norcia 2016,IV.GUMA,S,2016-10-30 06:51:24.630000
Norcia 2016,IV.GUMA,S,2016-10-30 06:52:07.510000
Norcia 2016,IV.GUMA,S,2016-10-30 06:53:24.970000
Norcia 2016,IV.GUMA,S,2016-10-30 06:56:06.560000
Norcia 2016,IV.GUMA,S,2016-10-30 06:56:48.640000
Norcia 2016,IV.GUMA,S,2016-10-30 06:57:32.900000
Norcia 2016,IV.GUMA,S,2016-10-30 06:58:12.160000
Norcia 2016,IV.GUMA,S,2016-10-30 06:59:40.800000
Norcia 2016,IV.GUMA,S,2016-10-30 06:59:56.040000
Norcia 2016,IV.GUMA,S,2016-10-30 07:00:51.400000
Norcia 2016,IV.GUMA,S,2016-10-30 07:01:05.360000
Norcia 2016,IV.GUMA,S,2016-10-30 07:01:44.450000
Norcia 2016,IV.GUMA,S,2016-10-30 07:03:34.470000
Norcia 2016,IV.GUMA,S,2016-10-30 07:05:11.500000
Norcia 2016,IV.GUMA,S,2016-10-30 07:06:08.370000
Norcia 2016,IV.GUMA,S,2016-10-30 07:06:56.450000
Norcia 2016,IV.GUMA,S,2016-10-30 07:08:07.450000
Norcia 2016,IV.GUMA,S,2016-10-30 07:08:49.430000
Norcia 2016,IV.GUMA,S,2016-10-30 07:09:35.930000
Norcia 2016,IV.GUMA,S,2016-10-30 07:10:18.390000
Norcia 2016,IV.GUMA,S,2016-10-30 07:13:19.500000
Norcia 2016,IV.GUMA,S,2016-10-30 07:13:49.940000
Norcia 2016,IV.GUMA,S,2016-10-30 07:14:15.340000
Norcia 2016,IV.GUMA,S,2016-10-30 07:14:33.400000
Norcia 2016,IV.GUMA,S,2016-10-30 07:16:04.840000
Norcia 2016,IV.GUMA,S,2016-10-30 07:16:48.850000
Norcia 2016,IV.GUMA,S,2016-10-30 07:21:15.550000
Norcia 2016,IV.GUMA,S,2016-10-30 07:21:36.770000
Norcia 2016,IV.GUMA,S,2016-10-30 07:23:02.200000
Norcia 2016,IV.GUMA,S,2016-10-30 07:23:52.880000
Norcia 2016,IV.GUMA,S,2016-10-30 07:24:51.170000
Norcia 2016,IV.GUMA,S,2016-10-30 07:25:19.040000
Norcia 2016,IV.GUMA,S,2016-10-30 07:25:53.270000
Norcia 2016,IV.GUMA,S,2016-10-30 07:27:24.640000
Norcia 2016,IV.GUMA,S,2016-10-30 07:28:10.110000
Norcia 2016,IV.GUMA,S,2016-10-30 07:29:52.170000
Norcia 2016,IV.GUMA,S,2016-10-30 07:31:20.610000
Norcia 2016,IV.GUMA,S,2016-10-30 07:32:18.400000
Norcia 2016,IV.GUMA,S,2016-10-30 07:32:44.400000
Norcia 2016,IV.GUMA,S,2016-10-30 07:34:14.000000
Norcia 2016,IV.GUMA,S,2016-10-30 07:34:56.200000
Norcia 2016,IV.GUMA,S,2016-10-30 07:37:04.140000
Norcia 2016,IV.GUMA,S,2016-10-30 07:37:06.270000
Norcia 2016,IV.GUMA,S,2016-10-30 07:37:30.200000
Norcia 2016,IV.GUMA,S,2016-10-30 07:38:59.310000
Norcia 2016,IV.GUMA,S,2016-10-30 07:39:14.100000
Norcia 2016,IV.GUMA,S,2016-10-30 07:40:30.160000
Norcia 2016,IV.GUMA,S,2016-10-30 07:40:44.840000
Norcia 2016,IV.GUMA,S,2016-10-30 07:41:00.600000
Norcia 2016,IV.GUMA,S,2016-10-30 07:41:18.540000
Norcia 2016,IV.GUMA,S,2016-10-30 07:42:08.820000
Norcia 2016,IV.GUMA,S,2016-10-30 07:42:28.410000
Norcia 2016,IV.GUMA,S,2016-10-30 07:43:00.100000
Norcia 2016,IV.GUMA,S,2016-10-30 07:43:09.840000
Norcia 2016,IV.GUMA,S,2016-10-30 07:44:22.620000
Norcia 2016,IV.GUMA,S,2016-10-30 07:44:36.400000
Norcia 2016,IV.GUMA,S,2016-10-30 07:44:57.120000
Norcia 2016,IV.GUMA,S,2016-10-30 07:45:15.340000
Norcia 2016,IV.GUMA,S,2016-10-30 07:46:20.400000
Norcia 2016,IV.GUMA,S,2016-10-30 07:46:50.690000
Norcia 2016,IV.GUMA,S,2016-10-30 07:47:43.580000
Norcia 2016,IV.GUMA,S,2016-10-30 07:48:46.080000
Norcia 2016,IV.GUMA,S,2016-10-30 07:49:25.580000
Norcia 2016,IV.GUMA,S,2016-10-30 07:50:11.480000
Norcia 2016,IV.GUMA,S,2016-10-30 07:51:28.290000
Norcia 2016,IV.GUMA,S,2016-10-30 07:51:50.200000
Norcia 2016,IV.GUMA,S,2016-10-30 07:53:01.480000
Norcia 2016,IV.GUMA,S,2016-10-30 07:53:12.250000
Norcia 2016,IV.GUMA,S,2016-10-30 07:53:44.500000
Norcia 2016,IV.GUMA,S,2016-10-30 07:55:17.710000
Norcia 2016,IV.GUMA,S,2016-10-30 07:55:42.020000
Norcia 2016,IV.GUMA,S,2016-10-30 07:56:07.600000
Norcia 2016,IV.GUMA,S,2016-10-30 07:56:19.050000
Norcia 2016,IV.GUMA,S,2016-10-30 07:57:26.590000
Norcia 2016,IV.GUMA,S,2016-10-30 07:58:06.650000
Norcia 2016,IV.GUMA,S,2016-10-30 07:59:30.140000
Norcia 2016,IV.GUMA,S,2016-10-30 08:00:16.960000
Norcia 2016,IV.GUMA,S,2016-10-30 08:00:22.060000
Norcia 2016,IV.GUMA,S,2016-10-30 08:00:39.600000
Norcia 2016,IV.GUMA,S,2016-10-30 08:02:10.550000
Norcia 2016,IV.GUMA,S,2016-10-30 08:02:51.700000
Norcia 2016,IV.GUMA,S,2016-10-30 08:03:53.190000
Norcia 2016,IV.GUMA,S,2016-10-30 08:04:03.570000
Norcia 2016,IV.GUMA,S,2016-10-30 08:04:10.810000
Norcia 2016,IV.GUMA,S,2016-10-30 08:05:11.120000
Norcia 2016,IV.GUMA,S,2016-10-30 08:08:06.190000
Norcia 2016,IV.GUMA,S,2016-10-30 08:10:10.370000
Norcia 2016,IV.GUMA,S,2016-10-30 08:10:45.780000
Norcia 2016,IV.GUMA,S,2016-10-30 08:11:02.740000
Norcia 2016,IV.GUMA,S,2016-10-30 08:12:20.650000
Norcia 2016,IV.GUMA,S,2016-10-30 08:12:30.220000
Norcia 2016,IV.GUMA,S,2016-10-30 08:13:13.980000
Norcia 2016,IV.GUMA,S,2016-10-30 08:15:53.640000
Norcia 2016,IV.GUMA,S,2016-10-30 08:16:45.060000
Norcia 2016,IV.GUMA,S,2016-10-30 08:16:48.400000
Norcia 2016,IV.GUMA,S,2016-10-30 08:17:51.630000
Norcia 2016,IV.GUMA,S,2016-10-30 08:19:15.610000
Norcia 2016,IV.GUMA,S,2016-10-30 08:19:47.500000
Norcia 2016,IV.GUMA,S,2016-10-30 08:21:14.280000
Norcia 2016,IV.GUMA,S,2016-10-30 08:22:05.890000
Norcia 2016,IV.GUMA,S,2016-10-30 08:23:06.210000
Norcia 2016,IV.GUMA,S,2016-10-30 08:24:17.220000
Norcia 2016,IV.GUMA,S,2016-10-30 08:24:48.550000
Norcia 2016,IV.GUMA,S,2016-10-30 08:25:46.240000
Norcia 2016,IV.GUMA,S,2016-10-30 08:27:11.440000
Norcia 2016,IV.GUMA,S,2016-10-30 08:29:02.240000
Norcia 2016,IV.GUMA,S,2016-10-30 08:29:43.940000
Norcia 2016,IV.GUMA,S,2016-10-30 08:31:16.870000
Norcia 2016,IV.GUMA,S,2016-10-30 08:32:09.900000
Norcia 2016,IV.GUMA,S,2016-10-30 08:33:10.980000
Norcia 2016,IV.GUMA,S,2016-10-30 08:34:17.800000
Norcia 2016,IV.GUMA,S,2016-10-30 08:34:33.320000
Norcia 2016,IV.GUMA,S,2016-10-30 08:35:14.600000
Norcia 2016,IV.GUMA,S,2016-10-30 08:35:39.700000
Norcia 2016,IV.GUMA,S,2016-10-30 08:36:10.200000
Norcia 2016,IV.GUMA,S,2016-10-30 08:37:17.100000
Norcia 2016,IV.GUMA,S,2016-10-30 08:38:09.410000
Norcia 2016,IV.GUMA,S,2016-10-30 08:39:06.900000
Norcia 2016,IV.GUMA,S,2016-10-30 08:41:28.200000
Norcia 2016,IV.GUMA,S,2016-10-30 08:43:05.640000
Norcia 2016,IV.GUMA,S,2016-10-30 08:43:40.120000
Norcia 2016,IV.GUMA,S,2016-10-30 08:44:12.080000
Norcia 2016,IV.GUMA,S,2016-10-30 08:45:49.230000
Norcia 2016,IV.GUMA,S,2016-10-30 08:46:31.010000
Norcia 2016,IV.GUMA,S,2016-10-30 08:48:00.430000
Norcia 2016,IV.GUMA,S,2016-10-30 08:48:58.750000
Norcia 2016,IV.GUMA,S,2016-10-30 08:49:21.800000
Norcia 2016,IV.LNSS,P,2016-10-30 06:50:49.670000
Norcia 2016,IV.LNSS,P,2016-10-30 06:52:00.090000
Norcia 2016,IV.LNSS,P,2016-10-30 06:53:17.770000
Norcia 2016,IV.LNSS,P,2016-10-30 06:53:59.680000
Norcia 2016,IV.LNSS,P,2016-10-30 06:54:52.120000
Norcia 2016,IV.LNSS,P,2016-10-30 06:55:45.220000
Norcia 2016,IV.LNSS,P,2016-10-30 06:55:59.140000
Norcia 2016,IV.LNSS,P,2016-10-30 06:56:10.940000
Norcia 2016,IV.LNSS,P,2016-10-30 06:56:44.300000
Norcia 2016,IV.LNSS,P,2016-10-30 06:57:28.450000
Norcia 2016,IV.LNSS,P,2016-10-30 06:58:10.120000
Norcia 2016,IV.LNSS,P,2016-10-30 06:59:38.520000
Norcia 2016,IV.LNSS,P,2016-10-30 07:00:46.440000
Norcia 2016,IV.LNSS,P,2016-10-30 07:01:37.830000
Norcia 2016,IV.LNSS,P,2016-10-30 07:03:27.580000
Norcia 2016,IV.LNSS,P,2016-10-30 07:05:04.650000
Norcia 2016,IV.LNSS,P,2016-10-30 07:06:01.460000
Norcia 2016,IV.LNSS,P,2016-10-30 07:06:51.200000
Norcia 2016,IV.LNSS,P,2016-10-30 07:07:15.340000
Norcia 2016,IV.LNSS,P,2016-10-30 07:07:58.010000
Norcia 2016,IV.LNSS,P,2016-10-30 07:08:30.700000
Norcia 2016,IV.LNSS,P,2016-10-30 07:08:39.220000
Norcia 2016,IV.LNSS,P,2016-10-30 07:09:30.000000
Norcia 2016,IV.LNSS,P,2016-10-30 07:10:11.340000
Norcia 2016,IV.LNSS,P,2016-10-30 07:12:58.220000
Norcia 2016,IV.LNSS,P,2016-10-30 07:13:09.670000
Norcia 2016,IV.LNSS,P,2016-10-30 07:14:04.820000
Norcia 2016,IV.LNSS,P,2016-10-30 07:14:26.510000
Norcia 2016,IV.LNSS,P,2016-10-30 07:16:04.840000
Norcia 2016,IV.LNSS,P,2016-10-30 07:16:38.720000
Norcia 2016,IV.LNSS,P,2016-10-30 07:20:00.050000
Norcia 2016,IV.LNSS,P,2016-10-30 07:23:27.770000
Norcia 2016,IV.LNSS,P,2016-10-30 07:23:45.290000
Norcia 2016,IV.LNSS,P,2016-10-30 07:24:42.380000
Norcia 2016,IV.LNSS,P,2016-10-30 07:26:59.560000
Norcia 2016,IV.LNSS,P,2016-10-30 07:27:14.490000
Norcia 2016,IV.LNSS,P,2016-10-30 07:28:45.410000
Norcia 2016,IV.LNSS,P,2016-10-30 07:29:44.380000
Norcia 2016,IV.LNSS,P,2016-10-30 07:30:17.730000
Norcia 2016,IV.LNSS,P,2016-10-30 07:31:13.050000
Norcia 2016,IV.LNSS,P,2016-10-30 07:32:36.570000
Norcia 2016,IV.LNSS,P,2016-10-30 07:33:00.580000
Norcia 2016,IV.LNSS,P,2016-10-30 07:33:16.110000
Norcia 2016,IV.LNSS,P,2016-10-30 07:34:06.240000
Norcia 2016,IV.LNSS,P,2016-10-30 07:34:54.750000
Norcia 2016,IV.LNSS,P,2016-10-30 07:36:55.700000
Norcia 2016,IV.LNSS,P,2016-10-30 07:37:26.180000
Norcia 2016,IV.LNSS,P,2016-10-30 07:38:49.570000
Norcia 2016,IV.LNSS,P,2016-10-30 07:39:02.610000
Norcia 2016,IV.LNSS,P,2016-10-30 07:40:23.960000
Norcia 2016,IV.LNSS,P,2016-10-30 07:40:37.560000
Norcia 2016,IV.LNSS,P,2016-10-30 07:40:53.760000
Norcia 2016,IV.LNSS,P,2016-10-30 07:41:12.960000
Norcia 2016,IV.LNSS,P,2016-10-30 07:42:09.230000
Norcia 2016,IV.LNSS,P,2016-10-30 07:42:21.810000
Norcia 2016,IV.LNSS,P,2016-10-30 07:42:50.290000
Norcia 2016,IV.LNSS,P,2016-10-30 07:43:00.830000
Norcia 2016,IV.LNSS,P,2016-10-30 07:44:23.680000
Norcia 2016,IV.LNSS,P,2016-10-30 07:44:50.790000
Norcia 2016,IV.LNSS,P,2016-10-30 07:45:07.990000
Norcia 2016,IV.LNSS,P,2016-10-30 07:46:15.750000
Norcia 2016,IV.LNSS,P,2016-10-30 07:47:38.720000
Norcia 2016,IV.LNSS,P,2016-10-30 07:48:02.250000
Norcia 2016,IV.LNSS,P,2016-10-30 07:48:37.860000
Norcia 2016,IV.LNSS,P,2016-10-30 07:48:56.060000
Norcia 2016,IV.LNSS,P,2016-10-30 07:49:24.390000
Norcia 2016,IV.LNSS,P,2016-10-30 07:51:23.160000
Norcia 2016,IV.LNSS,P,2016-10-30 07:51:48.260000
Norcia 2016,IV.LNSS,P,2016-10-30 07:52:54.450000
Norcia 2016,IV.LNSS,P,2016-10-30 07:55:09.920000
Norcia 2016,IV.LNSS,P,2016-10-30 07:55:34.710000
Norcia 2016,IV.LNSS,P,2016-10-30 07:56:12.810000
Norcia 2016,IV.LNSS,P,2016-10-30 07:57:16.160000
Norcia 2016,IV.LNSS,P,2016-10-30 07:58:00.130000
Norcia 2016,IV.LNSS,P,2016-10-30 07:59:21.750000
Norcia 2016,IV.LNSS,P,2016-10-30 08:00:14.370000
Norcia 2016,IV.LNSS,P,2016-10-30 08:02:02.240000
Norcia 2016,IV.LNSS,P,2016-10-30 08:02:45.820000
Norcia 2016,IV.LNSS,P,2016-10-30 08:03:10.170000
Norcia 2016,IV.LNSS,P,2016-10-30 08:03:54.300000
Norcia 2016,IV.LNSS,P,2016-10-30 08:04:05.700000
Norcia 2016,IV.LNSS,P,2016-10-30 08:10:01.760000
Norcia 2016,IV.LNSS,P,2016-10-30 08:10:34.990000
Norcia 2016,IV.LNSS,P,2016-10-30 08:10:56.850000
Norcia 2016,IV.LNSS,P,2016-10-30 08:12:12.250000
Norcia 2016,IV.LNSS,P,2016-10-30 08:12:31.670000
Norcia 2016,IV.LNSS,P,2016-10-30 08:13:11.660000
Norcia 2016,IV.LNSS,P,2016-10-30 08:19:06.350000
Norcia 2016,IV.LNSS,P,2016-10-30 08:21:06.240000
Norcia 2016,IV.LNSS,P,2016-10-30 08:22:00.330000
Norcia 2016,IV.LNSS,P,2016-10-30 08:22:56.140000
Norcia 2016,IV.LNSS,P,2016-10-30 08:24:10.640000
Norcia 2016,IV.LNSS,P,2016-10-30 08:24:39.750000
Norcia 2016,IV.LNSS,P,2016-10-30 08:27:01.810000
Norcia 2016,IV.LNSS,P,2016-10-30 08:28:52.200000
Norcia 2016,IV.LNSS,P,2016-10-30 08:29:32.510000
Norcia 2016,IV.LNSS,P,2016-10-30 08:31:13.520000
Norcia 2016,IV.LNSS,P,2016-10-30 08:32:08.080000
Norcia 2016,IV.LNSS,P,2016-10-30 08:33:05.350000
Norcia 2016,IV.LNSS,P,2016-10-30 08:34:08.070000
Norcia 2016,IV.LNSS,P,2016-10-30 08:34:27.670000
Norcia 2016,IV.LNSS,P,2016-10-30 08:35:15.970000
Norcia 2016,IV.LNSS,P,2016-10-30 08:35:31.080000
Norcia 2016,IV.LNSS,P,2016-10-30 08:36:03.920000
Norcia 2016,IV.LNSS,P,2016-10-30 08:37:09.410000
Norcia 2016,IV.LNSS,P,2016-10-30 08:38:00.520000
Norcia 2016,IV.LNSS,P,2016-10-30 08:39:00.140000
Norcia 2016,IV.LNSS,P,2016-10-30 08:41:27.110000
Norcia 2016,IV.LNSS,P,2016-10-30 08:42:58.580000
Norcia 2016,IV.LNSS,P,2016-10-30 08:43:30.770000
Norcia 2016,IV.LNSS,P,2016-10-30 08:45:43.430000
Norcia 2016,IV.LNSS,P,2016-10-30 08:46:05.060000
Norcia 2016,IV.LNSS,P,2016-10-30 08:46:24.530000
Norcia 2016,IV.LNSS,P,2016-10-30 08:47:52.040000
Norcia 2016,IV.LNSS,P,2016-10-30 08:48:56.600000
Norcia 2016,IV.LNSS,S,2016-10-30 06:50:52.600000
Norcia 2016,IV.LNSS,S,2016-10-30 06:52:03.710000
Norcia 2016,IV.LNSS,S,2016-10-30 06:53:22.160000
Norcia 2016,IV.LNSS,S,2016-10-30 06:54:02.920000
Norcia 2016,IV.LNSS,S,2016-10-30 06:54:55.490000
Norcia 2016,IV.LNSS,S,2016-10-30 06:55:48.270000
Norcia 2016,IV.LNSS,S,2016-10-30 06:56:02.780000
Norcia 2016,IV.LNSS,S,2016-10-30 06:56:14.460000
Norcia 2016,IV.LNSS,S,2016-10-30 06:57:31.610000
Norcia 2016,IV.LNSS,S,2016-10-30 06:58:13.920000
Norcia 2016,IV.LNSS,S,2016-10-30 06:59:41.990000
Norcia 2016,IV.LNSS,S,2016-10-30 07:00:50.900000
Norcia 2016,IV.LNSS,S,2016-10-30 07:01:41.730000
Norcia 2016,IV.LNSS,S,2016-10-30 07:03:31.310000
Norcia 2016,IV.LNSS,S,2016-10-30 07:05:08.390000
Norcia 2016,IV.LNSS,S,2016-10-30 07:06:04.870000
Norcia 2016,IV.LNSS,S,2016-10-30 07:06:55.560000
Norcia 2016,IV.LNSS,S,2016-10-30 07:07:19.100000
Norcia 2016,IV.LNSS,S,2016-10-30 07:08:00.910000
Norcia 2016,IV.LNSS,S,2016-10-30 07:08:34.630000
Norcia 2016,IV.LNSS,S,2016-10-30 07:08:41.620000
Norcia 2016,IV.LNSS,S,2016-10-30 07:09:34.430000
Norcia 2016,IV.LNSS,S,2016-10-30 07:10:14.910000
Norcia 2016,IV.LNSS,S,2016-10-30 07:13:01.760000
Norcia 2016,IV.LNSS,S,2016-10-30 07:13:12.700000
Norcia 2016,IV.LNSS,S,2016-10-30 07:14:07.890000
Norcia 2016,IV.LNSS,S,2016-10-30 07:14:30.280000
Norcia 2016,IV.LNSS,S,2016-10-30 07:16:08.100000
Norcia 2016,IV.LNSS,S,2016-10-30 07:16:41.850000
Norcia 2016,IV.LNSS,S,2016-10-30 07:20:04.000000
Norcia 2016,IV.LNSS,S,2016-10-30 07:23:31.560000
Norcia 2016,IV.LNSS,S,2016-10-30 07:23:48.850000
Norcia 2016,IV.LNSS,S,2016-10-30 07:24:45.470000
Norcia 2016,IV.LNSS,S,2016-10-30 07:27:03.490000
Norcia 2016,IV.LNSS,S,2016-10-30 07:27:17.630000
Norcia 2016,IV.LNSS,S,2016-10-30 07:28:48.620000
Norcia 2016,IV.LNSS,S,2016-10-30 07:29:47.980000
Norcia 2016,IV.LNSS,S,2016-10-30 07:30:21.290000
Norcia 2016,IV.LNSS,S,2016-10-30 07:31:16.710000
Norcia 2016,IV.LNSS,S,2016-10-30 07:32:39.900000
Norcia 2016,IV.LNSS,S,2016-10-30 07:33:02.890000
Norcia 2016,IV.LNSS,S,2016-10-30 07:33:19.100000
Norcia 2016,IV.LNSS,S,2016-10-30 07:34:09.760000
Norcia 2016,IV.LNSS,S,2016-10-30 07:35:00.300000
Norcia 2016,IV.LNSS,S,2016-10-30 07:36:59.960000
Norcia 2016,IV.LNSS,S,2016-10-30 07:38:52.560000
Norcia 2016,IV.LNSS,S,2016-10-30 07:39:05.100000
Norcia 2016,IV.LNSS,S,2016-10-30 07:40:28.070000
Norcia 2016,IV.LNSS,S,2016-10-30 07:40:40.820000
Norcia 2016,IV.LNSS,S,2016-10-30 07:40:57.600000
Norcia 2016,IV.LNSS,S,2016-10-30 07:41:17.410000
Norcia 2016,IV.LNSS,S,2016-10-30 07:42:15.170000
Norcia 2016,IV.LNSS,S,2016-10-30 07:42:24.950000
Norcia 2016,IV.LNSS,S,2016-10-30 07:42:54.390000
Norcia 2016,IV.LNSS,S,2016-10-30 07:43:04.480000
Norcia 2016,IV.LNSS,S,2016-10-30 07:44:29.190000
Norcia 2016,IV.LNSS,S,2016-10-30 07:44:54.520000
Norcia 2016,IV.LNSS,S,2016-10-30 07:45:12.020000
Norcia 2016,IV.LNSS,S,2016-10-30 07:46:20.290000
Norcia 2016,IV.LNSS,S,2016-10-30 07:47:42.320000
Norcia 2016,IV.LNSS,S,2016-10-30 07:48:04.890000
Norcia 2016,IV.LNSS,S,2016-10-30 07:48:41.420000
Norcia 2016,IV.LNSS,S,2016-10-30 07:48:59.230000
Norcia 2016,IV.LNSS,S,2016-10-30 07:49:29.640000
Norcia 2016,IV.LNSS,S,2016-10-30 07:51:27.290000
Norcia 2016,IV.LNSS,S,2016-10-30 07:51:52.700000
Norcia 2016,IV.LNSS,S,2016-10-30 07:52:57.000000
Norcia 2016,IV.LNSS,S,2016-10-30 07:55:13.380000
Norcia 2016,IV.LNSS,S,2016-10-30 07:55:37.800000
Norcia 2016,IV.LNSS,S,2016-10-30 07:56:17.040000
Norcia 2016,IV.LNSS,S,2016-10-30 07:57:18.970000
Norcia 2016,IV.LNSS,S,2016-10-30 07:58:04.050000
Norcia 2016,IV.LNSS,S,2016-10-30 07:59:25.140000
Norcia 2016,IV.LNSS,S,2016-10-30 08:00:17.900000
Norcia 2016,IV.LNSS,S,2016-10-30 08:02:05.890000
Norcia 2016,IV.LNSS,S,2016-10-30 08:02:49.300000
Norcia 2016,IV.LNSS,S,2016-10-30 08:03:13.430000
Norcia 2016,IV.LNSS,S,2016-10-30 08:03:57.650000
Norcia 2016,IV.LNSS,S,2016-10-30 08:04:09.470000
Norcia 2016,IV.LNSS,S,2016-10-30 08:10:04.540000
Norcia 2016,IV.LNSS,S,2016-10-30 08:10:37.660000
Norcia 2016,IV.LNSS,S,2016-10-30 08:11:01.070000
Norcia 2016,IV.LNSS,S,2016-10-30 08:12:15.740000
Norcia 2016,IV.LNSS,S,2016-10-30 08:12:35.490000
Norcia 2016,IV.LNSS,S,2016-10-30 08:13:16.390000
Norcia 2016,IV.LNSS,S,2016-10-30 08:19:09.530000
Norcia 2016,IV.LNSS,S,2016-10-30 08:21:09.850000
Norcia 2016,IV.LNSS,S,2016-10-30 08:22:04.300000
Norcia 2016,IV.LNSS,S,2016-10-30 08:22:59.040000
Norcia 2016,IV.LNSS,S,2016-10-30 08:24:14.490000
Norcia 2016,IV.LNSS,S,2016-10-30 08:24:42.730000
Norcia 2016,IV.LNSS,S,2016-10-30 08:27:05.100000
Norcia 2016,IV.LNSS,S,2016-10-30 08:28:55.050000
Norcia 2016,IV.LNSS,S,2016-10-30 08:29:35.040000
Norcia 2016,IV.LNSS,S,2016-10-30 08:31:17.680000
Norcia 2016,IV.LNSS,S,2016-10-30 08:32:12.560000
Norcia 2016,IV.LNSS,S,2016-10-30 08:33:09.650000
Norcia 2016,IV.LNSS,S,2016-10-30 08:34:12.170000
Norcia 2016,IV.LNSS,S,2016-10-30 08:34:32.110000
Norcia 2016,IV.LNSS,S,2016-10-30 08:35:20.500000
Norcia 2016,IV.LNSS,S,2016-10-30 08:35:34.380000
Norcia 2016,IV.LNSS,S,2016-10-30 08:36:07.900000
Norcia 2016,IV.LNSS,S,2016-10-30 08:37:13.320000
Norcia 2016,IV.LNSS,S,2016-10-30 08:38:03.660000
Norcia 2016,IV.LNSS,S,2016-10-30 08:39:03.770000
Norcia 2016,IV.LNSS,S,2016-10-30 08:41:32.100000
Norcia 2016,IV.LNSS,S,2016-10-30 08:43:02.350000
Norcia 2016,IV.LNSS,S,2016-10-30 08:43:33.740000
Norcia 2016,IV.LNSS,S,2016-10-30 08:45:47.480000
Norcia 2016,IV.LNSS,S,2016-10-30 08:46:07.800000
Norcia 2016,IV.LNSS,S,2016-10-30 08:46:28.610000
Norcia 2016,IV.LNSS,S,2016-10-30 08:47:55.700000
Norcia 2016,IV.LNSS,S,2016-10-30 08:49:01.700000
Norcia 2016,IV.MC2,P,2016-10-30 06:51:17.020000
Norcia 2016,IV.MC2,P,2016-10-30 06:51:58.840000
Norcia 2016,IV.MC2,P,2016-10-30 06:55:45.970000
Norcia 2016,IV.MC2,P,2016-10-30 06:55:58.350000
Norcia 2016,IV.MC2,P,2016-10-30 06:56:09.680000
Norcia 2016,IV.MC2,P,2016-10-30 06:56:40.780000
Norcia 2016,IV.MC2,P,2016-10-30 06:57:23.880000
Norcia 2016,IV.MC2,P,2016-10-30 06:59:33.640000
Norcia 2016,IV.MC2,P,2016-10-30 06:59:48.620000
Norcia 2016,IV.MC2,P,2016-10-30 07:00:43.420000
Norcia 2016,IV.MC2,P,2016-10-30 07:00:57.050000
Norcia 2016,IV.MC2,P,2016-10-30 07:01:36.440000
Norcia 2016,IV.MC2,P,2016-10-30 07:03:26.250000
Norcia 2016,IV.MC2,P,2016-10-30 07:05:02.990000
Norcia 2016,IV.MC2,P,2016-10-30 07:05:59.540000
Norcia 2016,IV.MC2,P,2016-10-30 07:06:48.630000
Norcia 2016,IV.MC2,P,2016-10-30 07:07:13.230000
Norcia 2016,IV.MC2,P,2016-10-30 07:07:58.250000
Norcia 2016,IV.MC2,P,2016-10-30 07:08:28.390000
Norcia 2016,IV.MC2,P,2016-10-30 07:08:40.700000
Norcia 2016,IV.MC2,P,2016-10-30 07:09:27.580000
Norcia 2016,IV.MC2,P,2016-10-30 07:10:09.970000
Norcia 2016,IV.MC2,P,2016-10-30 07:12:57.640000
Norcia 2016,IV.MC2,P,2016-10-30 07:13:11.500000
Norcia 2016,IV.MC2,P,2016-10-30 07:13:42.230000
Norcia 2016,IV.MC2,P,2016-10-30 07:14:05.880000
Norcia 2016,IV.MC2,P,2016-10-30 07:14:24.910000
Norcia 2016,IV.MC2,P,2016-10-30 07:15:56.840000
Norcia 2016,IV.MC2,P,2016-10-30 07:19:57.950000
Norcia 2016,IV.MC2,P,2016-10-30 07:21:29.150000
Norcia 2016,IV.MC2,P,2016-10-30 07:22:54.210000
Norcia 2016,IV.MC2,P,2016-10-30 07:23:44.160000
Norcia 2016,IV.MC2,P,2016-10-30 07:24:42.230000
Norcia 2016,IV.MC2,P,2016-10-30 07:25:11.250000
Norcia 2016,IV.MC2,P,2016-10-30 07:28:02.520000
Norcia 2016,IV.MC2,P,2016-10-30 07:28:43.560000
Norcia 2016,IV.MC2,P,2016-10-30 07:30:16.570000
Norcia 2016,IV.MC2,P,2016-10-30 07:31:11.780000
Norcia 2016,IV.MC2,P,2016-10-30 07:31:54.610000
Norcia 2016,IV.MC2,P,2016-10-30 07:32:11.120000
Norcia 2016,IV.MC2,P,2016-10-30 07:34:50.030000
Norcia 2016,IV.MC2,P,2016-10-30 07:36:56.690000
Norcia 2016,IV.MC2,P,2016-10-30 07:37:22.480000
Norcia 2016,IV.MC2,P,2016-10-30 07:39:04.630000
Norcia 2016,IV.MC2,P,2016-10-30 07:40:21.920000
Norcia 2016,IV.MC2,P,2016-10-30 07:40:36.190000
Norcia 2016,IV.MC2,P,2016-10-30 07:40:51.830000
Norcia 2016,IV.MC2,P,2016-10-30 07:41:10.440000
Norcia 2016,IV.MC2,P,2016-10-30 07:42:02.780000
Norcia 2016,IV.MC2,P,2016-10-30 07:42:19.820000
Norcia 2016,IV.MC2,P,2016-10-30 07:43:00.440000
Norcia 2016,IV.MC2,P,2016-10-30 07:44:16.730000
Norcia 2016,IV.MC2,P,2016-10-30 07:44:30.430000
Norcia 2016,IV.MC2,P,2016-10-30 07:44:48.880000
Norcia 2016,IV.MC2,P,2016-10-30 07:45:06.630000
Norcia 2016,IV.MC2,P,2016-10-30 07:46:44.640000
Norcia 2016,IV.MC2,P,2016-10-30 07:47:35.960000
Norcia 2016,IV.MC2,P,2016-10-30 07:49:18.440000
Norcia 2016,IV.MC2,P,2016-10-30 07:50:05.560000
Norcia 2016,IV.MC2,P,2016-10-30 07:51:19.930000
Norcia 2016,IV.MC2,P,2016-10-30 07:51:42.510000
Norcia 2016,IV.MC2,P,2016-10-30 07:53:35.480000
Norcia 2016,IV.MC2,P,2016-10-30 07:55:08.130000
Norcia 2016,IV.MC2,P,2016-10-30 07:55:33.690000
Norcia 2016,IV.MC2,P,2016-10-30 07:56:00.440000
Norcia 2016,IV.MC2,P,2016-10-30 07:57:58.360000
Norcia 2016,IV.MC2,P,2016-10-30 07:59:21.120000
Norcia 2016,IV.MC2,P,2016-10-30 08:00:09.880000
Norcia 2016,IV.MC2,P,2016-10-30 08:00:12.560000
Norcia 2016,IV.MC2,P,2016-10-30 08:00:31.110000
Norcia 2016,IV.MC2,P,2016-10-30 08:02:43.430000
Norcia 2016,IV.MC2,P,2016-10-30 08:03:09.190000
Norcia 2016,IV.MC2,P,2016-10-30 08:03:55.220000
Norcia 2016,IV.MC2,P,2016-10-30 08:04:02.380000
Norcia 2016,IV.MC2,P,2016-10-30 08:05:03.900000
Norcia 2016,IV.MC2,P,2016-10-30 08:08:00.380000
Norcia 2016,IV.MC2,P,2016-10-30 08:10:01.680000
Norcia 2016,IV.MC2,P,2016-10-30 08:10:54.570000
Norcia 2016,IV.MC2,P,2016-10-30 08:12:24.350000
Norcia 2016,IV.MC2,P,2016-10-30 08:13:06.250000
Norcia 2016,IV.MC2,P,2016-10-30 08:16:37.030000
Norcia 2016,IV.MC2,P,2016-10-30 08:16:41.910000
Norcia 2016,IV.MC2,P,2016-10-30 08:17:43.660000
Norcia 2016,IV.MC2,P,2016-10-30 08:19:40.810000
Norcia 2016,IV.MC2,P,2016-10-30 08:21:58.240000
Norcia 2016,IV.MC2,P,2016-10-30 08:22:56.720000
Norcia 2016,IV.MC2,P,2016-10-30 08:24:08.830000
Norcia 2016,IV.MC2,P,2016-10-30 08:24:39.490000
Norcia 2016,IV.MC2,P,2016-10-30 08:31:09.470000
Norcia 2016,IV.MC2,P,2016-10-30 08:32:01.830000
Norcia 2016,IV.MC2,P,2016-10-30 08:33:02.940000
Norcia 2016,IV.MC2,P,2016-10-30 08:34:08.900000
Norcia 2016,IV.MC2,P,2016-10-30 08:34:25.230000
Norcia 2016,IV.MC2,P,2016-10-30 08:35:08.300000
Norcia 2016,IV.MC2,P,2016-10-30 08:35:30.610000
Norcia 2016,IV.MC2,P,2016-10-30 08:36:01.960000
Norcia 2016,IV.MC2,P,2016-10-30 08:37:08.410000
Norcia 2016,IV.MC2,P,2016-10-30 08:38:58.400000
Norcia 2016,IV.MC2,P,2016-10-30 08:41:20.810000
Norcia 2016,IV.MC2,P,2016-10-30 08:43:30.720000
Norcia 2016,IV.MC2,P,2016-10-30 08:44:03.110000
Norcia 2016,IV.MC2,P,2016-10-30 08:45:41.140000
Norcia 2016,IV.MC2,P,2016-10-30 08:46:22.690000
Norcia 2016,IV.MC2,P,2016-10-30 08:48:51.200000
Norcia 2016,IV.MC2,P,2016-10-30 08:49:14.230000
Norcia 2016,IV.MC2,S,2016-10-30 06:51:18.880000
Norcia 2016,IV.MC2,S,2016-10-30 06:52:01.520000
Norcia 2016,IV.MC2,S,2016-10-30 06:55:49.510000
Norcia 2016,IV.MC2,S,2016-10-30 06:56:01.420000
Norcia 2016,IV.MC2,S,2016-10-30 06:56:11.970000
Norcia 2016,IV.MC2,S,2016-10-30 06:56:42.360000
Norcia 2016,IV.MC2,S,2016-10-30 06:57:26.600000
Norcia 2016,IV.MC2,S,2016-10-30 06:59:34.380000
Norcia 2016,IV.MC2,S,2016-10-30 06:59:50.860000
Norcia 2016,IV.MC2,S,2016-10-30 07:00:45.700000
Norcia 2016,IV.MC2,S,2016-10-30 07:00:59.400000
Norcia 2016,IV.MC2,S,2016-10-30 07:01:38.630000
Norcia 2016,IV.MC2,S,2016-10-30 07:03:28.290000
Norcia 2016,IV.MC2,S,2016-10-30 07:05:05.150000
Norcia 2016,IV.MC2,S,2016-10-30 07:06:01.890000
Norcia 2016,IV.MC2,S,2016-10-30 07:06:50.500000
Norcia 2016,IV.MC2,S,2016-10-30 07:07:16.000000
Norcia 2016,IV.MC2,S,2016-10-30 07:08:02.110000
Norcia 2016,IV.MC2,S,2016-10-30 07:08:29.610000
Norcia 2016,IV.MC2,S,2016-10-30 07:08:43.610000
Norcia 2016,IV.MC2,S,2016-10-30 07:09:29.850000
Norcia 2016,IV.MC2,S,2016-10-30 07:10:12.520000
Norcia 2016,IV.MC2,S,2016-10-30 07:12:59.940000
Norcia 2016,IV.MC2,S,2016-10-30 07:13:44.750000
Norcia 2016,IV.MC2,S,2016-10-30 07:14:27.240000
Norcia 2016,IV.MC2,S,2016-10-30 07:15:59.210000
Norcia 2016,IV.MC2,S,2016-10-30 07:21:30.740000
Norcia 2016,IV.MC2,S,2016-10-30 07:22:56.270000
Norcia 2016,IV.MC2,S,2016-10-30 07:23:46.940000
Norcia 2016,IV.MC2,S,2016-10-30 07:24:45.700000
Norcia 2016,IV.MC2,S,2016-10-30 07:25:13.170000
Norcia 2016,IV.MC2,S,2016-10-30 07:28:03.590000
Norcia 2016,IV.MC2,S,2016-10-30 07:28:46.120000
Norcia 2016,IV.MC2,S,2016-10-30 07:30:19.180000
Norcia 2016,IV.MC2,S,2016-10-30 07:31:14.690000
Norcia 2016,IV.MC2,S,2016-10-30 07:31:57.290000
Norcia 2016,IV.MC2,S,2016-10-30 07:32:11.610000
Norcia 2016,IV.MC2,S,2016-10-30 07:34:51.300000
Norcia 2016,IV.MC2,S,2016-10-30 07:37:00.470000
Norcia 2016,IV.MC2,S,2016-10-30 07:37:24.340000
Norcia 2016,IV.MC2,S,2016-10-30 07:39:08.100000
Norcia 2016,IV.MC2,S,2016-10-30 07:40:24.170000
Norcia 2016,IV.MC2,S,2016-10-30 07:40:38.860000
Norcia 2016,IV.MC2,S,2016-10-30 07:40:54.200000
Norcia 2016,IV.MC2,S,2016-10-30 07:41:12.770000
Norcia 2016,IV.MC2,S,2016-10-30 07:42:03.490000
Norcia 2016,IV.MC2,S,2016-10-30 07:42:23.140000
Norcia 2016,IV.MC2,S,2016-10-30 07:44:17.520000
Norcia 2016,IV.MC2,S,2016-10-30 07:44:31.100000
Norcia 2016,IV.MC2,S,2016-10-30 07:44:51.330000
Norcia 2016,IV.MC2,S,2016-10-30 07:45:09.200000
Norcia 2016,IV.MC2,S,2016-10-30 07:46:45.460000
Norcia 2016,IV.MC2,S,2016-10-30 07:47:38.290000
Norcia 2016,IV.MC2,S,2016-10-30 07:49:19.230000
Norcia 2016,IV.MC2,S,2016-10-30 07:50:06.310000
Norcia 2016,IV.MC2,S,2016-10-30 07:51:22.440000
Norcia 2016,IV.MC2,S,2016-10-30 07:51:43.300000
Norcia 2016,IV.MC2,S,2016-10-30 07:53:38.470000
Norcia 2016,IV.MC2,S,2016-10-30 07:55:10.000000
Norcia 2016,IV.MC2,S,2016-10-30 07:55:36.210000
Norcia 2016,IV.MC2,S,2016-10-30 07:56:01.300000
Norcia 2016,IV.MC2,S,2016-10-30 07:58:00.510000
Norcia 2016,IV.MC2,S,2016-10-30 07:59:23.880000
Norcia 2016,IV.MC2,S,2016-10-30 08:00:10.660000
Norcia 2016,IV.MC2,S,2016-10-30 08:00:15.670000
Norcia 2016,IV.MC2,S,2016-10-30 08:00:33.620000
Norcia 2016,IV.MC2,S,2016-10-30 08:02:45.920000
Norcia 2016,IV.MC2,S,2016-10-30 08:03:12.000000
Norcia 2016,IV.MC2,S,2016-10-30 08:03:58.550000
Norcia 2016,IV.MC2,S,2016-10-30 08:04:05.270000
Norcia 2016,IV.MC2,S,2016-10-30 08:05:05.800000
Norcia 2016,IV.MC2,S,2016-10-30 08:08:01.020000
Norcia 2016,IV.MC2,S,2016-10-30 08:10:04.360000
Norcia 2016,IV.MC2,S,2016-10-30 08:10:56.880000
Norcia 2016,IV.MC2,S,2016-10-30 08:12:25.220000
Norcia 2016,IV.MC2,S,2016-10-30 08:13:07.220000
Norcia 2016,IV.MC2,S,2016-10-30 08:16:39.440000
Norcia 2016,IV.MC2,S,2016-10-30 08:16:42.400000
Norcia 2016,IV.MC2,S,2016-10-30 08:17:45.930000
Norcia 2016,IV.MC2,S,2016-10-30 08:19:41.470000
Norcia 2016,IV.MC2,S,2016-10-30 08:22:00.050000
Norcia 2016,IV.MC2,S,2016-10-30 08:22:59.840000
Norcia 2016,IV.MC2,S,2016-10-30 08:24:11.330000
Norcia 2016,IV.MC2,S,2016-10-30 08:24:42.280000
Norcia 2016,IV.MC2,S,2016-10-30 08:31:11.280000
Norcia 2016,IV.MC2,S,2016-10-30 08:32:02.950000
Norcia 2016,IV.MC2,S,2016-10-30 08:33:05.030000
Norcia 2016,IV.MC2,S,2016-10-30 08:34:13.360000
Norcia 2016,IV.MC2,S,2016-10-30 08:34:27.550000
Norcia 2016,IV.MC2,S,2016-10-30 08:35:09.430000
Norcia 2016,IV.MC2,S,2016-10-30 08:35:33.830000
Norcia 2016,IV.MC2,S,2016-10-30 08:36:04.400000
Norcia 2016,IV.MC2,S,2016-10-30 08:37:11.880000
Norcia 2016,IV.MC2,S,2016-10-30 08:39:00.960000
Norcia 2016,IV.MC2,S,2016-10-30 08:41:21.750000
Norcia 2016,IV.MC2,S,2016-10-30 08:43:33.930000
Norcia 2016,IV.MC2,S,2016-10-30 08:44:05.860000
Norcia 2016,IV.MC2,S,2016-10-30 08:45:43.330000
Norcia 2016,IV.MC2,S,2016-10-30 08:46:25.230000
Norcia 2016,IV.MC2,S,2016-10-30 08:48:52.020000
Norcia 2016,IV.MC2,S,2016-10-30 08:49:15.460000
Norcia 2016,IV.RM33,P,2016-10-30 06:50:50.380000
Norcia 2016,IV.RM33,P,2016-10-30 06:52:01.610000
Norcia 2016,IV.RM33,P,2016-10-30 06:54:00.830000
Norcia 2016,IV.RM33,P,2016-10-30 06:54:53.210000
Norcia 2016,IV.RM33,P,2016-10-30 06:55:45.970000
Norcia 2016,IV.RM33,P,2016-10-30 06:55:59.730000
Norcia 2016,IV.RM33,P,2016-10-30 06:56:12.620000
Norcia 2016,IV.RM33,P,2016-10-30 06:58:11.980000
Norcia 2016,IV.RM33,P,2016-10-30 06:59:39.500000
Norcia 2016,IV.RM33,P,2016-10-30 06:59:52.980000
Norcia 2016,IV.RM33,P,2016-10-30 07:00:48.260000
Norcia 2016,IV.RM33,P,2016-10-30 07:01:38.620000
Norcia 2016,IV.RM33,P,2016-10-30 07:03:29.130000
Norcia 2016,IV.RM33,P,2016-10-30 07:05:06.550000
Norcia 2016,IV.RM33,P,2016-10-30 07:06:02.400000
Norcia 2016,IV.RM33,P,2016-10-30 07:06:53.220000
Norcia 2016,IV.RM33,P,2016-10-30 07:07:16.860000
Norcia 2016,IV.RM33,P,2016-10-30 07:07:58.720000
Norcia 2016,IV.RM33,P,2016-10-30 07:08:32.010000
Norcia 2016,IV.RM33,P,2016-10-30 07:08:40.540000
Norcia 2016,IV.RM33,P,2016-10-30 07:10:12.910000
Norcia 2016,IV.RM33,P,2016-10-30 07:10:43.660000
Norcia 2016,IV.RM33,P,2016-10-30 07:12:59.910000
Norcia 2016,IV.RM33,P,2016-10-30 07:13:09.940000
Norcia 2016,IV.RM33,P,2016-10-30 07:14:05.120000
Norcia 2016,IV.RM33,P,2016-10-30 07:14:28.110000
Norcia 2016,IV.RM33,P,2016-10-30 07:16:05.870000
Norcia 2016,IV.RM33,P,2016-10-30 07:16:39.700000
Norcia 2016,IV.RM33,P,2016-10-30 07:20:01.710000
Norcia 2016,IV.RM33,P,2016-10-30 07:21:17.850000
Norcia 2016,IV.RM33,P,2016-10-30 07:23:29.450000
Norcia 2016,IV.RM33,P,2016-10-30 07:23:46.730000
Norcia 2016,IV.RM33,P,2016-10-30 07:24:43.060000
Norcia 2016,IV.RM33,P,2016-10-30 07:27:01.050000
Norcia 2016,IV.RM33,P,2016-10-30 07:27:15.620000
Norcia 2016,IV.RM33,P,2016-10-30 07:28:08.980000
Norcia 2016,IV.RM33,P,2016-10-30 07:28:46.250000
Norcia 2016,IV.RM33,P,2016-10-30 07:29:46.200000
Norcia 2016,IV.RM33,P,2016-10-30 07:30:19.660000
Norcia 2016,IV.RM33,P,2016-10-30 07:31:14.900000
Norcia 2016,IV.RM33,P,2016-10-30 07:32:37.140000
Norcia 2016,IV.RM33,P,2016-10-30 07:33:02.260000
Norcia 2016,IV.RM33,P,2016-10-30 07:33:17.950000
Norcia 2016,IV.RM33,P,2016-10-30 07:34:07.730000
Norcia 2016,IV.RM33,P,2016-10-30 07:34:56.640000
Norcia 2016,IV.RM33,P,2016-10-30 07:36:55.710000
Norcia 2016,IV.RM33,P,2016-10-30 07:37:28.900000
Norcia 2016,IV.RM33,P,2016-10-30 07:38:50.770000
Norcia 2016,IV.RM33,P,2016-10-30 07:39:03.480000
Norcia 2016,IV.RM33,P,2016-10-30 07:40:25.590000
Norcia 2016,IV.RM33,P,2016-10-30 07:40:38.960000
Norcia 2016,IV.RM33,P,2016-10-30 07:40:55.140000
Norcia 2016,IV.RM33,P,2016-10-30 07:41:15.420000
Norcia 2016,IV.RM33,P,2016-10-30 07:42:23.090000
Norcia 2016,IV.RM33,P,2016-10-30 07:42:49.920000
Norcia 2016,IV.RM33,P,2016-10-30 07:43:01.980000
Norcia 2016,IV.RM33,P,2016-10-30 07:44:12.770000
Norcia 2016,IV.RM33,P,2016-10-30 07:45:10.760000
Norcia 2016,IV.RM33,P,2016-10-30 07:46:52.720000
Norcia 2016,IV.RM33,P,2016-10-30 07:48:03.270000
Norcia 2016,IV.RM33,P,2016-10-30 07:48:39.420000
Norcia 2016,IV.RM33,P,2016-10-30 07:48:56.710000
Norcia 2016,IV.RM33,P,2016-10-30 07:49:25.490000
Norcia 2016,IV.RM33,P,2016-10-30 07:52:54.660000
Norcia 2016,IV.RM33,P,2016-10-30 07:53:37.600000
Norcia 2016,IV.RM33,P,2016-10-30 07:55:10.910000
Norcia 2016,IV.RM33,P,2016-10-30 07:55:36.390000
Norcia 2016,IV.RM33,P,2016-10-30 07:56:14.590000
Norcia 2016,IV.RM33,P,2016-10-30 07:57:16.920000
Norcia 2016,IV.RM33,P,2016-10-30 07:58:01.770000
Norcia 2016,IV.RM33,P,2016-10-30 07:59:23.410000
Norcia 2016,IV.RM33,P,2016-10-30 08:00:16.100000
Norcia 2016,IV.RM33,P,2016-10-30 08:00:34.740000
Norcia 2016,IV.RM33,P,2016-10-30 08:02:02.810000
Norcia 2016,IV.RM33,P,2016-10-30 08:02:47.310000
Norcia 2016,IV.RM33,P,2016-10-30 08:03:11.670000
Norcia 2016,IV.RM33,P,2016-10-30 08:03:54.990000
Norcia 2016,IV.RM33,P,2016-10-30 08:04:06.500000
Norcia 2016,IV.RM33,P,2016-10-30 08:05:10.350000
Norcia 2016,IV.RM33,P,2016-10-30 08:10:03.600000
Norcia 2016,IV.RM33,P,2016-10-30 08:10:36.190000
Norcia 2016,IV.RM33,P,2016-10-30 08:10:58.710000
Norcia 2016,IV.RM33,P,2016-10-30 08:12:13.220000
Norcia 2016,IV.RM33,P,2016-10-30 08:13:12.800000
Norcia 2016,IV.RM33,P,2016-10-30 08:17:47.820000
Norcia 2016,IV.RM33,P,2016-10-30 08:19:06.960000
Norcia 2016,IV.RM33,P,2016-10-30 08:21:07.160000
Norcia 2016,IV.RM33,P,2016-10-30 08:22:01.850000
Norcia 2016,IV.RM33,P,2016-10-30 08:22:57.510000
Norcia 2016,IV.RM33,P,2016-10-30 08:24:11.870000
Norcia 2016,IV.RM33,P,2016-10-30 08:24:41.520000
Norcia 2016,IV.RM33,P,2016-10-30 08:27:02.730000
Norcia 2016,IV.RM33,P,2016-10-30 08:28:53.740000
Norcia 2016,IV.RM33,P,2016-10-30 08:29:33.200000
Norcia 2016,IV.RM33,P,2016-10-30 08:32:09.300000
Norcia 2016,IV.RM33,P,2016-10-30 08:33:06.550000
Norcia 2016,IV.RM33,P,2016-10-30 08:34:07.710000
Norcia 2016,IV.RM33,P,2016-10-30 08:34:29.510000
Norcia 2016,IV.RM33,P,2016-10-30 08:35:32.240000
Norcia 2016,IV.RM33,P,2016-10-30 08:36:05.880000
Norcia 2016,IV.RM33,P,2016-10-30 08:37:10.260000
Norcia 2016,IV.RM33,P,2016-10-30 08:38:02.690000
Norcia 2016,IV.RM33,P,2016-10-30 08:39:01.690000
Norcia 2016,IV.RM33,P,2016-10-30 08:41:27.850000
Norcia 2016,IV.RM33,P,2016-10-30 08:42:59.300000
Norcia 2016,IV.RM33,P,2016-10-30 08:43:32.700000
Norcia 2016,IV.RM33,P,2016-10-30 08:44:06.400000
Norcia 2016,IV.RM33,P,2016-10-30 08:45:44.670000
Norcia 2016,IV.RM33,P,2016-10-30 08:46:05.300000
Norcia 2016,IV.RM33,P,2016-10-30 08:47:52.990000
Norcia 2016,IV.RM33,P,2016-10-30 08:48:58.030000
Norcia 2016,IV.RM33,S,2016-10-30 06:50:54.300000
Norcia 2016,IV.RM33,S,2016-10-30 06:52:06.250000
Norcia 2016,IV.RM33,S,2016-10-30 06:54:04.930000
Norcia 2016,IV.RM33,S,2016-10-30 06:54:57.340000
Norcia 2016,IV.RM33,S,2016-10-30 06:55:49.630000
Norcia 2016,IV.RM33,S,2016-10-30 06:56:03.950000
Norcia 2016,IV.RM33,S,2016-10-30 06:56:17.400000
Norcia 2016,IV.RM33,S,2016-10-30 06:59:57.670000
Norcia 2016,IV.RM33,S,2016-10-30 07:00:54.600000
Norcia 2016,IV.RM33,S,2016-10-30 07:01:43.540000
Norcia 2016,IV.RM33,S,2016-10-30 07:03:34.010000
Norcia 2016,IV.RM33,S,2016-10-30 07:05:11.930000
Norcia 2016,IV.RM33,S,2016-10-30 07:06:07.230000
Norcia 2016,IV.RM33,S,2016-10-30 07:06:59.130000
Norcia 2016,IV.RM33,S,2016-10-30 07:08:02.230000
Norcia 2016,IV.RM33,S,2016-10-30 07:08:36.860000
Norcia 2016,IV.RM33,S,2016-10-30 07:08:44.040000
Norcia 2016,IV.RM33,S,2016-10-30 07:10:17.960000
Norcia 2016,IV.RM33,S,2016-10-30 07:10:47.540000
Norcia 2016,IV.RM33,S,2016-10-30 07:13:05.010000
Norcia 2016,IV.RM33,S,2016-10-30 07:13:13.200000
Norcia 2016,IV.RM33,S,2016-10-30 07:14:08.360000
Norcia 2016,IV.RM33,S,2016-10-30 07:14:33.500000
Norcia 2016,IV.RM33,S,2016-10-30 07:16:09.900000
Norcia 2016,IV.RM33,S,2016-10-30 07:16:43.330000
Norcia 2016,IV.RM33,S,2016-10-30 07:20:07.080000
Norcia 2016,IV.RM33,S,2016-10-30 07:23:34.790000
Norcia 2016,IV.RM33,S,2016-10-30 07:23:51.460000
Norcia 2016,IV.RM33,S,2016-10-30 07:24:46.650000
Norcia 2016,IV.RM33,S,2016-10-30 07:27:05.230000
Norcia 2016,IV.RM33,S,2016-10-30 07:27:19.210000
Norcia 2016,IV.RM33,S,2016-10-30 07:28:15.820000
Norcia 2016,IV.RM33,S,2016-10-30 07:28:50.680000
Norcia 2016,IV.RM33,S,2016-10-30 07:29:51.200000
Norcia 2016,IV.RM33,S,2016-10-30 07:30:24.820000
Norcia 2016,IV.RM33,S,2016-10-30 07:31:20.020000
Norcia 2016,IV.RM33,S,2016-10-30 07:32:41.000000
Norcia 2016,IV.RM33,S,2016-10-30 07:33:06.440000
Norcia 2016,IV.RM33,S,2016-10-30 07:33:22.700000
Norcia 2016,IV.RM33,S,2016-10-30 07:34:12.000000
Norcia 2016,IV.RM33,S,2016-10-30 07:35:03.300000
Norcia 2016,IV.RM33,S,2016-10-30 07:36:59.810000
Norcia 2016,IV.RM33,S,2016-10-30 07:37:34.440000
Norcia 2016,IV.RM33,S,2016-10-30 07:38:54.730000
Norcia 2016,IV.RM33,S,2016-10-30 07:39:06.800000
Norcia 2016,IV.RM33,S,2016-10-30 07:40:30.940000
Norcia 2016,IV.RM33,S,2016-10-30 07:40:43.320000
Norcia 2016,IV.RM33,S,2016-10-30 07:41:00.000000
Norcia 2016,IV.RM33,S,2016-10-30 07:41:20.570000
Norcia 2016,IV.RM33,S,2016-10-30 07:42:27.340000
Norcia 2016,IV.RM33,S,2016-10-30 07:42:53.590000
Norcia 2016,IV.RM33,S,2016-10-30 07:43:06.170000
Norcia 2016,IV.RM33,S,2016-10-30 07:45:15.720000
Norcia 2016,IV.RM33,S,2016-10-30 07:46:59.280000
Norcia 2016,IV.RM33,S,2016-10-30 07:48:07.190000
Norcia 2016,IV.RM33,S,2016-10-30 07:48:44.320000
Norcia 2016,IV.RM33,S,2016-10-30 07:49:00.450000
Norcia 2016,IV.RM33,S,2016-10-30 07:49:32.170000
Norcia 2016,IV.RM33,S,2016-10-30 07:52:58.720000
Norcia 2016,IV.RM33,S,2016-10-30 07:53:42.000000
Norcia 2016,IV.RM33,S,2016-10-30 07:55:15.360000
Norcia 2016,IV.RM33,S,2016-10-30 07:55:40.980000
Norcia 2016,IV.RM33,S,2016-10-30 07:56:20.430000
Norcia 2016,IV.RM33,S,2016-10-30 07:57:20.300000
Norcia 2016,IV.RM33,S,2016-10-30 07:58:06.140000
Norcia 2016,IV.RM33,S,2016-10-30 07:59:28.470000
Norcia 2016,IV.RM33,S,2016-10-30 08:00:20.800000
Norcia 2016,IV.RM33,S,2016-10-30 08:02:06.350000
Norcia 2016,IV.RM33,S,2016-10-30 08:02:52.800000
Norcia 2016,IV.RM33,S,2016-10-30 08:03:16.610000
Norcia 2016,IV.RM33,S,2016-10-30 08:03:58.650000
Norcia 2016,IV.RM33,S,2016-10-30 08:04:10.930000
Norcia 2016,IV.RM33,S,2016-10-30 08:05:17.280000
Norcia 2016,IV.RM33,S,2016-10-30 08:10:08.440000
Norcia 2016,IV.RM33,S,2016-10-30 08:10:40.010000
Norcia 2016,IV.RM33,S,2016-10-30 08:11:04.670000
Norcia 2016,IV.RM33,S,2016-10-30 08:12:17.630000
Norcia 2016,IV.RM33,S,2016-10-30 08:13:19.070000
Norcia 2016,IV.RM33,S,2016-10-30 08:19:10.780000
Norcia 2016,IV.RM33,S,2016-10-30 08:21:11.550000
Norcia 2016,IV.RM33,S,2016-10-30 08:22:07.550000
Norcia 2016,IV.RM33,S,2016-10-30 08:23:01.330000
Norcia 2016,IV.RM33,S,2016-10-30 08:24:16.870000
Norcia 2016,IV.RM33,S,2016-10-30 08:24:46.140000
Norcia 2016,IV.RM33,S,2016-10-30 08:27:06.870000
Norcia 2016,IV.RM33,S,2016-10-30 08:28:58.070000
Norcia 2016,IV.RM33,S,2016-10-30 08:29:36.400000
Norcia 2016,IV.RM33,S,2016-10-30 08:33:12.030000
Norcia 2016,IV.RM33,S,2016-10-30 08:34:11.380000
Norcia 2016,IV.RM33,S,2016-10-30 08:34:35.570000
Norcia 2016,IV.RM33,S,2016-10-30 08:35:36.690000
Norcia 2016,IV.RM33,S,2016-10-30 08:36:11.200000
Norcia 2016,IV.RM33,S,2016-10-30 08:37:14.250000
Norcia 2016,IV.RM33,S,2016-10-30 08:38:07.380000
Norcia 2016,IV.RM33,S,2016-10-30 08:39:07.120000
Norcia 2016,IV.RM33,S,2016-10-30 08:41:34.720000
Norcia 2016,IV.RM33,S,2016-10-30 08:43:03.970000
Norcia 2016,IV.RM33,S,2016-10-30 08:43:36.570000
Norcia 2016,IV.RM33,S,2016-10-30 08:44:11.560000
Norcia 2016,IV.RM33,S,2016-10-30 08:45:50.230000
Norcia 2016,IV.RM33,S,2016-10-30 08:46:08.350000
Norcia 2016,IV.RM33,S,2016-10-30 08:47:57.450000
Norcia 2016,IV.RM33,S,2016-10-30 08:49:04.200000
Norcia 2016,XO.AM05,P,2016-10-30 06:51:19.230000
Norcia 2016,XO.AM05,P,2016-10-30 06:54:51.380000
Norcia 2016,XO.AM05,P,2016-10-30 06:55:47.320000
Norcia 2016,XO.AM05,P,2016-10-30 06:55:59.590000
Norcia 2016,XO.AM05,P,2016-10-30 06:56:11.360000
Norcia 2016,XO.AM05,P,2016-10-30 06:56:43.040000
Norcia 2016,XO.AM05,P,2016-10-30 06:57:26.710000
Norcia 2016,XO.AM05,P,2016-10-30 06:59:36.210000
Norcia 2016,XO.AM05,P,2016-10-30 06:59:50.030000
Norcia 2016,XO.AM05,P,2016-10-30 07:00:45.600000
Norcia 2016,XO.AM05,P,2016-10-30 07:01:00.570000
Norcia 2016,XO.AM05,P,2016-10-30 07:01:37.480000
Norcia 2016,XO.AM05,P,2016-10-30 07:03:28.000000
Norcia 2016,XO.AM05,P,2016-10-30 07:05:05.240000
Norcia 2016,XO.AM05,P,2016-10-30 07:06:01.590000
Norcia 2016,XO.AM05,P,2016-10-30 07:06:50.640000
Norcia 2016,XO.AM05,P,2016-10-30 07:07:59.830000
Norcia 2016,XO.AM05,P,2016-10-30 07:08:30.410000
Norcia 2016,XO.AM05,P,2016-10-30 07:08:42.150000
Norcia 2016,XO.AM05,P,2016-10-30 07:09:29.860000
Norcia 2016,XO.AM05,P,2016-10-30 07:10:11.960000
Norcia 2016,XO.AM05,P,2016-10-30 07:13:11.610000
Norcia 2016,XO.AM05,P,2016-10-30 07:13:43.020000
Norcia 2016,XO.AM05,P,2016-10-30 07:14:07.290000
Norcia 2016,XO.AM05,P,2016-10-30 07:14:26.890000
Norcia 2016,XO.AM05,P,2016-10-30 07:15:59.740000
Norcia 2016,XO.AM05,P,2016-10-30 07:16:41.120000
Norcia 2016,XO.AM05,P,2016-10-30 07:19:59.990000
Norcia 2016,XO.AM05,P,2016-10-30 07:21:11.970000
Norcia 2016,XO.AM05,P,2016-10-30 07:21:31.520000
Norcia 2016,XO.AM05,P,2016-10-30 07:22:56.290000
Norcia 2016,XO.AM05,P,2016-10-30 07:23:27.260000
Norcia 2016,XO.AM05,P,2016-10-30 07:25:13.360000
Norcia 2016,XO.AM05,P,2016-10-30 07:25:48.870000
Norcia 2016,XO.AM05,P,2016-10-30 07:27:01.070000
Norcia 2016,XO.AM05,P,2016-10-30 07:28:05.220000
Norcia 2016,XO.AM05,P,2016-10-30 07:28:45.010000
Norcia 2016,XO.AM05,P,2016-10-30 07:30:18.960000
Norcia 2016,XO.AM05,P,2016-10-30 07:31:14.160000
Norcia 2016,XO.AM05,P,2016-10-30 07:31:56.680000
Norcia 2016,XO.AM05,P,2016-10-30 07:32:13.540000
Norcia 2016,XO.AM05,P,2016-10-30 07:32:37.190000
Norcia 2016,XO.AM05,P,2016-10-30 07:34:51.950000
Norcia 2016,XO.AM05,P,2016-10-30 07:36:56.340000
Norcia 2016,XO.AM05,P,2016-10-30 07:37:00.890000
Norcia 2016,XO.AM05,P,2016-10-30 07:37:24.960000
Norcia 2016,XO.AM05,P,2016-10-30 07:38:51.430000
Norcia 2016,XO.AM05,P,2016-10-30 07:39:05.830000
Norcia 2016,XO.AM05,P,2016-10-30 07:40:24.020000
Norcia 2016,XO.AM05,P,2016-10-30 07:40:38.160000
Norcia 2016,XO.AM05,P,2016-10-30 07:40:53.760000
Norcia 2016,XO.AM05,P,2016-10-30 07:41:12.670000
Norcia 2016,XO.AM05,P,2016-10-30 07:42:04.580000
Norcia 2016,XO.AM05,P,2016-10-30 07:42:21.730000
Norcia 2016,XO.AM05,P,2016-10-30 07:42:51.790000
Norcia 2016,XO.AM05,P,2016-10-30 07:43:02.410000
Norcia 2016,XO.AM05,P,2016-10-30 07:44:10.950000
Norcia 2016,XO.AM05,P,2016-10-30 07:44:18.440000
Norcia 2016,XO.AM05,P,2016-10-30 07:44:32.340000
Norcia 2016,XO.AM05,P,2016-10-30 07:44:50.840000
Norcia 2016,XO.AM05,P,2016-10-30 07:45:09.030000
Norcia 2016,XO.AM05,P,2016-10-30 07:46:14.810000
Norcia 2016,XO.AM05,P,2016-10-30 07:46:46.510000
Norcia 2016,XO.AM05,P,2016-10-30 07:47:38.200000
Norcia 2016,XO.AM05,P,2016-10-30 07:48:05.000000
Norcia 2016,XO.AM05,P,2016-10-30 07:49:20.940000
Norcia 2016,XO.AM05,P,2016-10-30 07:50:07.280000
Norcia 2016,XO.AM05,P,2016-10-30 07:51:44.970000
Norcia 2016,XO.AM05,P,2016-10-30 07:53:06.550000
Norcia 2016,XO.AM05,P,2016-10-30 07:53:37.500000
Norcia 2016,XO.AM05,P,2016-10-30 07:55:10.600000
Norcia 2016,XO.AM05,P,2016-10-30 07:55:35.810000
Norcia 2016,XO.AM05,P,2016-10-30 07:56:02.900000
Norcia 2016,XO.AM05,P,2016-10-30 07:56:12.860000
Norcia 2016,XO.AM05,P,2016-10-30 07:57:18.610000
Norcia 2016,XO.AM05,P,2016-10-30 07:58:00.220000
Norcia 2016,XO.AM05,P,2016-10-30 07:59:23.170000
Norcia 2016,XO.AM05,P,2016-10-30 08:00:12.190000
Norcia 2016,XO.AM05,P,2016-10-30 08:00:15.190000
Norcia 2016,XO.AM05,P,2016-10-30 08:00:33.300000
Norcia 2016,XO.AM05,P,2016-10-30 08:02:03.970000
Norcia 2016,XO.AM05,P,2016-10-30 08:02:45.700000
Norcia 2016,XO.AM05,P,2016-10-30 08:03:11.400000
Norcia 2016,XO.AM05,P,2016-10-30 08:03:47.200000
Norcia 2016,XO.AM05,P,2016-10-30 08:03:56.290000
Norcia 2016,XO.AM05,P,2016-10-30 08:04:04.390000
Norcia 2016,XO.AM05,P,2016-10-30 08:05:06.460000
Norcia 2016,XO.AM05,P,2016-10-30 08:08:02.020000
Norcia 2016,XO.AM05,P,2016-10-30 08:10:04.230000
Norcia 2016,XO.AM05,P,2016-10-30 08:10:56.740000
Norcia 2016,XO.AM05,P,2016-10-30 08:12:13.490000
Norcia 2016,XO.AM05,P,2016-10-30 08:12:26.080000
Norcia 2016,XO.AM05,P,2016-10-30 08:13:08.750000
Norcia 2016,XO.AM05,P,2016-10-30 08:16:39.210000
Norcia 2016,XO.AM05,P,2016-10-30 08:16:44.170000
Norcia 2016,XO.AM05,P,2016-10-30 08:17:45.710000
Norcia 2016,XO.AM05,P,2016-10-30 08:19:42.890000
Norcia 2016,XO.AM05,P,2016-10-30 08:22:00.050000
Norcia 2016,XO.AM05,P,2016-10-30 08:22:58.610000
Norcia 2016,XO.AM05,P,2016-10-30 08:24:10.710000
Norcia 2016,XO.AM05,P,2016-10-30 08:24:41.200000
Norcia 2016,XO.AM05,P,2016-10-30 08:25:40.540000
Norcia 2016,XO.AM05,P,2016-10-30 08:28:54.720000
Norcia 2016,XO.AM05,P,2016-10-30 08:29:36.120000
Norcia 2016,XO.AM05,P,2016-10-30 08:31:11.570000
Norcia 2016,XO.AM05,P,2016-10-30 08:32:04.720000
Norcia 2016,XO.AM05,P,2016-10-30 08:33:04.850000
Norcia 2016,XO.AM05,P,2016-10-30 08:34:09.580000
Norcia 2016,XO.AM05,P,2016-10-30 08:34:27.490000
Norcia 2016,XO.AM05,P,2016-10-30 08:35:09.920000
Norcia 2016,XO.AM05,P,2016-10-30 08:35:32.520000
Norcia 2016,XO.AM05,P,2016-10-30 08:36:04.140000
Norcia 2016,XO.AM05,P,2016-10-30 08:37:09.890000
Norcia 2016,XO.AM05,P,2016-10-30 08:39:00.570000
Norcia 2016,XO.AM05,P,2016-10-30 08:41:23.310000
Norcia 2016,XO.AM05,P,2016-10-30 08:42:58.640000
Norcia 2016,XO.AM05,P,2016-10-30 08:43:32.780000
Norcia 2016,XO.AM05,P,2016-10-30 08:44:05.390000
Norcia 2016,XO.AM05,P,2016-10-30 08:45:43.310000
Norcia 2016,XO.AM05,P,2016-10-30 08:46:24.890000
Norcia 2016,XO.AM05,P,2016-10-30 08:47:53.070000
Norcia 2016,XO.AM05,P,2016-10-30 08:48:53.700000
Norcia 2016,XO.AM05,P,2016-10-30 08:49:16.560000
Norcia 2016,XO.AM05,S,2016-10-30 06:51:22.810000
Norcia 2016,XO.AM05,S,2016-10-30 06:54:54.370000
Norcia 2016,XO.AM05,S,2016-10-30 06:55:51.900000
Norcia 2016,XO.AM05,S,2016-10-30 06:56:03.640000
Norcia 2016,XO.AM05,S,2016-10-30 06:56:15.720000
Norcia 2016,XO.AM05,S,2016-10-30 06:56:46.220000
Norcia 2016,XO.AM05,S,2016-10-30 06:57:30.400000
Norcia 2016,XO.AM05,S,2016-10-30 06:59:39.410000
Norcia 2016,XO.AM05,S,2016-10-30 06:59:53.230000
Norcia 2016,XO.AM05,S,2016-10-30 07:00:49.500000
Norcia 2016,XO.AM05,S,2016-10-30 07:01:03.200000
Norcia 2016,XO.AM05,S,2016-10-30 07:01:41.390000
Norcia 2016,XO.AM05,S,2016-10-30 07:03:31.910000
Norcia 2016,XO.AM05,S,2016-10-30 07:05:09.550000
Norcia 2016,XO.AM05,S,2016-10-30 07:06:05.430000
Norcia 2016,XO.AM05,S,2016-10-30 07:06:54.670000
Norcia 2016,XO.AM05,S,2016-10-30 07:08:04.600000
Norcia 2016,XO.AM05,S,2016-10-30 07:08:34.210000
Norcia 2016,XO.AM05,S,2016-10-30 07:08:47.030000
Norcia 2016,XO.AM05,S,2016-10-30 07:10:16.040000
Norcia 2016,XO.AM05,S,2016-10-30 07:13:16.300000
Norcia 2016,XO.AM05,S,2016-10-30 07:13:46.820000
Norcia 2016,XO.AM05,S,2016-10-30 07:14:12.120000
Norcia 2016,XO.AM05,S,2016-10-30 07:14:30.930000
Norcia 2016,XO.AM05,S,2016-10-30 07:16:02.820000
Norcia 2016,XO.AM05,S,2016-10-30 07:16:45.540000
Norcia 2016,XO.AM05,S,2016-10-30 07:21:15.920000
Norcia 2016,XO.AM05,S,2016-10-30 07:21:34.760000
Norcia 2016,XO.AM05,S,2016-10-30 07:23:00.270000
Norcia 2016,XO.AM05,S,2016-10-30 07:23:31.160000
Norcia 2016,XO.AM05,S,2016-10-30 07:25:16.980000
Norcia 2016,XO.AM05,S,2016-10-30 07:25:52.740000
Norcia 2016,XO.AM05,S,2016-10-30 07:27:03.820000
Norcia 2016,XO.AM05,S,2016-10-30 07:28:08.040000
Norcia 2016,XO.AM05,S,2016-10-30 07:28:48.840000
Norcia 2016,XO.AM05,S,2016-10-30 07:30:22.960000
Norcia 2016,XO.AM05,S,2016-10-30 07:31:18.150000
Norcia 2016,XO.AM05,S,2016-10-30 07:32:16.100000
Norcia 2016,XO.AM05,S,2016-10-30 07:34:54.700000
Norcia 2016,XO.AM05,S,2016-10-30 07:37:03.260000
Norcia 2016,XO.AM05,S,2016-10-30 07:37:28.360000
Norcia 2016,XO.AM05,S,2016-10-30 07:38:57.110000
Norcia 2016,XO.AM05,S,2016-10-30 07:39:11.200000
Norcia 2016,XO.AM05,S,2016-10-30 07:40:27.880000
Norcia 2016,XO.AM05,S,2016-10-30 07:40:42.000000
Norcia 2016,XO.AM05,S,2016-10-30 07:41:16.750000
Norcia 2016,XO.AM05,S,2016-10-30 07:42:06.580000
Norcia 2016,XO.AM05,S,2016-10-30 07:42:25.940000
Norcia 2016,XO.AM05,S,2016-10-30 07:42:56.970000
Norcia 2016,XO.AM05,S,2016-10-30 07:43:07.180000
Norcia 2016,XO.AM05,S,2016-10-30 07:44:14.920000
Norcia 2016,XO.AM05,S,2016-10-30 07:44:20.640000
Norcia 2016,XO.AM05,S,2016-10-30 07:44:34.300000
Norcia 2016,XO.AM05,S,2016-10-30 07:44:54.540000
Norcia 2016,XO.AM05,S,2016-10-30 07:45:13.150000
Norcia 2016,XO.AM05,S,2016-10-30 07:46:18.420000
Norcia 2016,XO.AM05,S,2016-10-30 07:46:48.730000
Norcia 2016,XO.AM05,S,2016-10-30 07:47:42.190000
Norcia 2016,XO.AM05,S,2016-10-30 07:48:09.780000
Norcia 2016,XO.AM05,S,2016-10-30 07:49:23.670000
Norcia 2016,XO.AM05,S,2016-10-30 07:50:09.440000
Norcia 2016,XO.AM05,S,2016-10-30 07:51:48.000000
Norcia 2016,XO.AM05,S,2016-10-30 07:53:10.530000
Norcia 2016,XO.AM05,S,2016-10-30 07:53:41.860000
Norcia 2016,XO.AM05,S,2016-10-30 07:55:39.450000
Norcia 2016,XO.AM05,S,2016-10-30 07:56:05.300000
Norcia 2016,XO.AM05,S,2016-10-30 07:56:17.040000
Norcia 2016,XO.AM05,S,2016-10-30 07:57:23.820000
Norcia 2016,XO.AM05,S,2016-10-30 07:59:27.750000
Norcia 2016,XO.AM05,S,2016-10-30 08:00:14.550000
Norcia 2016,XO.AM05,S,2016-10-30 08:00:19.440000
Norcia 2016,XO.AM05,S,2016-10-30 08:00:37.460000
Norcia 2016,XO.AM05,S,2016-10-30 08:02:07.340000
Norcia 2016,XO.AM05,S,2016-10-30 08:02:49.720000
Norcia 2016,XO.AM05,S,2016-10-30 08:03:15.720000
Norcia 2016,XO.AM05,S,2016-10-30 08:03:51.200000
Norcia 2016,XO.AM05,S,2016-10-30 08:04:00.390000
Norcia 2016,XO.AM05,S,2016-10-30 08:04:08.010000
Norcia 2016,XO.AM05,S,2016-10-30 08:05:10.040000
Norcia 2016,XO.AM05,S,2016-10-30 08:08:04.160000
Norcia 2016,XO.AM05,S,2016-10-30 08:10:08.420000
Norcia 2016,XO.AM05,S,2016-10-30 08:11:00.810000
Norcia 2016,XO.AM05,S,2016-10-30 08:12:17.860000
Norcia 2016,XO.AM05,S,2016-10-30 08:12:28.220000
Norcia 2016,XO.AM05,S,2016-10-30 08:13:11.690000
Norcia 2016,XO.AM05,S,2016-10-30 08:16:46.300000
Norcia 2016,XO.AM05,S,2016-10-30 08:17:49.700000
Norcia 2016,XO.AM05,S,2016-10-30 08:19:45.730000
Norcia 2016,XO.AM05,S,2016-10-30 08:22:03.670000
Norcia 2016,XO.AM05,S,2016-10-30 08:23:03.300000
Norcia 2016,XO.AM05,S,2016-10-30 08:24:14.920000
Norcia 2016,XO.AM05,S,2016-10-30 08:24:46.220000
Norcia 2016,XO.AM05,S,2016-10-30 08:25:44.270000
Norcia 2016,XO.AM05,S,2016-10-30 08:29:41.030000
Norcia 2016,XO.AM05,S,2016-10-30 08:31:14.980000
Norcia 2016,XO.AM05,S,2016-10-30 08:32:07.590000
Norcia 2016,XO.AM05,S,2016-10-30 08:33:08.200000
Norcia 2016,XO.AM05,S,2016-10-30 08:34:14.680000
Norcia 2016,XO.AM05,S,2016-10-30 08:34:31.500000
Norcia 2016,XO.AM05,S,2016-10-30 08:35:12.000000
Norcia 2016,XO.AM05,S,2016-10-30 08:35:36.920000
Norcia 2016,XO.AM05,S,2016-10-30 08:36:08.200000
Norcia 2016,XO.AM05,S,2016-10-30 08:37:14.030000
Norcia 2016,XO.AM05,S,2016-10-30 08:39:04.690000
Norcia 2016,XO.AM05,S,2016-10-30 08:41:26.000000
Norcia 2016,XO.AM05,S,2016-10-30 08:43:02.800000
Norcia 2016,XO.AM05,S,2016-10-30 08:44:09.300000
Norcia 2016,XO.AM05,S,2016-10-30 08:45:46.630000
Norcia 2016,XO.AM05,S,2016-10-30 08:46:28.850000
Norcia 2016,XO.AM05,S,2016-10-30 08:47:57.490000
Norcia 2016,XO.AM05,S,2016-10-30 08:48:56.570000
Norcia 2016,XO.AM05,S,2016-10-30 08:49:19.330000
Thessaly 2021,HL.KZN,P,2021-03-03 10:26:33.043347
Thessaly 2021,HL.KZN,P,2021-03-03 10:27:51.133191
Thessaly 2021,HL.KZN,P,2021-03-03 10:30:41.733716
Thessaly 2021,HL.KZN,P,2021-03-03 10:34:21.751290
Thessaly 2021,HL.KZN,P,2021-03-03 10:36:28.297922
Thessaly 2021,HL.KZN,P,2021-03-03 10:37:21.459687
Thessaly 2021,HL.KZN,P,2021-03-03 10:41:57.810465
Thessaly 2021,HL.KZN,P,2021-03-03 10:49:08.853097
Thessaly 2021,HL.KZN,P,2021-03-03 10:54:25.931850
Thessaly 2021,HL.KZN,P,2021-03-03 10:57:24.518174
Thessaly 2021,HL.KZN,P,2021-03-03 11:06:53.748084
Thessaly 2021,HL.KZN,P,2021-03-03 11:11:57.197166
Thessaly 2021,HL.KZN,P,2021-03-03 11:12:34.291128
Thessaly 2021,HL.KZN,P,2021-03-03 11:15:45.613899
Thessaly 2021,HL.KZN,P,2021-03-03 11:19:15.086217
Thessaly 2021,HL.KZN,P,2021-03-03 11:21:25.670117
Thessaly 2021,HL.KZN,P,2021-03-03 11:23:35.559648
Thessaly 2021,HL.KZN,P,2021-03-03 11:24:54.711589
Thessaly 2021,HL.KZN,P,2021-03-03 11:25:42.411303
Thessaly 2021,HL.KZN,P,2021-03-03 11:28:01.512094
Thessaly 2021,HL.KZN,P,2021-03-03 11:32:25.521179
Thessaly 2021,HL.KZN,P,2021-03-03 11:34:24.050391
Thessaly 2021,HL.KZN,P,2021-03-03 11:35:21.753728
Thessaly 2021,HL.KZN,P,2021-03-03 11:36:10.765857
Thessaly 2021,HL.KZN,P,2021-03-03 11:40:56.666462
Thessaly 2021,HL.KZN,P,2021-03-03 11:42:39.149478
Thessaly 2021,HL.KZN,P,2021-03-03 11:45:59.697114
Thessaly 2021,HL.KZN,P,2021-03-03 11:49:17.869303
Thessaly 2021,HL.KZN,P,2021-03-03 11:52:13.310417
Thessaly 2021,HL.KZN,P,2021-03-03 11:52:49.652882
Thessaly 2021,HL.KZN,P,2021-03-03 11:56:00.195580
Thessaly 2021,HL.KZN,P,2021-03-03 11:58:03.776256
Thessaly 2021,HL.KZN,P,2021-03-03 11:59:21.020988
Thessaly 2021,HL.KZN,P,2021-03-03 12:02:49.507049
Thessaly 2021,HL.KZN,P,2021-03-03 12:07:17.025537
Thessaly 2021,HL.KZN,P,2021-03-03 12:08:21.596296
Thessaly 2021,HL.KZN,P,2021-03-03 12:12:20.979376
Thessaly 2021,HL.KZN,P,2021-03-03 12:17:12.349588
Thessaly 2021,HL.KZN,P,2021-03-03 12:20:23.729499
Thessaly 2021,HL.KZN,P,2021-03-03 12:21:14.017132
Thessaly 2021,HL.KZN,P,2021-03-03 12:26:24.475812
Thessaly 2021,HL.KZN,P,2021-03-03 12:31:43.755455
Thessaly 2021,HL.KZN,P,2021-03-03 12:33:11.314435
Thessaly 2021,HL.KZN,P,2021-03-03 12:35:37.903419
Thessaly 2021,HL.KZN,P,2021-03-03 12:36:32.859110
Thessaly 2021,HL.KZN,P,2021-03-03 12:37:56.881449
Thessaly 2021,HL.KZN,P,2021-03-03 12:44:37.835058
Thessaly 2021,HL.KZN,P,2021-03-03 12:47:04.315951
Thessaly 2021,HL.KZN,P,2021-03-03 12:48:34.190403
Thessaly 2021,HL.KZN,P,2021-03-03 12:53:28.376292
Thessaly 2021,HL.KZN,P,2021-03-03 12:54:55.151960
Thessaly 2021,HL.KZN,P,2021-03-03 13:00:14.033877
Thessaly 2021,HL.KZN,P,2021-03-03 13:03:00.812673
Thessaly 2021,HL.KZN,P,2021-03-03 13:07:26.496193
Thessaly 2021,HL.KZN,P,2021-03-03 13:08:02.980152
Thessaly 2021,HL.KZN,P,2021-03-03 13:08:57.701859
Thessaly 2021,HL.KZN,P,2021-03-03 13:09:30.168808
Thessaly 2021,HL.KZN,P,2021-03-03 13:14:55.509370
Thessaly 2021,HL.KZN,P,2021-03-03 13:15:31.974753
Thessaly 2021,HL.KZN,P,2021-03-03 13:15:59.427798
Thessaly 2021,HL.KZN,P,2021-03-03 13:18:30.167087
Thessaly 2021,HL.KZN,P,2021-03-03 13:20:21.670098
Thessaly 2021,HL.KZN,P,2021-03-03 13:21:02.180405
Thessaly 2021,HL.KZN,P,2021-03-03 13:21:16.211345
Thessaly 2021,HL.KZN,P,2021-03-03 13:22:06.679209
Thessaly 2021,HL.KZN,P,2021-03-03 13:24:39.692690
Thessaly 2021,HL.KZN,S,2021-03-03 10:26:41.918455
Thessaly 2021,HL.KZN,S,2021-03-03 10:28:00.005653
Thessaly 2021,HL.KZN,S,2021-03-03 10:30:50.194019
Thessaly 2021,HL.KZN,S,2021-03-03 10:36:38.806652
Thessaly 2021,HL.KZN,S,2021-03-03 10:37:31.042889
Thessaly 2021,HL.KZN,S,2021-03-03 10:42:06.448602
Thessaly 2021,HL.KZN,S,2021-03-03 10:54:33.243701
Thessaly 2021,HL.KZN,S,2021-03-03 11:12:06.320877
Thessaly 2021,HL.KZN,S,2021-03-03 11:12:43.227389
Thessaly 2021,HL.KZN,S,2021-03-03 11:15:55.938035
Thessaly 2021,HL.KZN,S,2021-03-03 11:19:23.723621
Thessaly 2021,HL.KZN,S,2021-03-03 11:21:35.128881
Thessaly 2021,HL.KZN,S,2021-03-03 11:23:43.262069
Thessaly 2021,HL.KZN,S,2021-03-03 11:25:04.458568
Thessaly 2021,HL.KZN,S,2021-03-03 11:25:51.647621
Thessaly 2021,HL.KZN,S,2021-03-03 11:32:34.775623
Thessaly 2021,HL.KZN,S,2021-03-03 11:34:32.250938
Thessaly 2021,HL.KZN,S,2021-03-03 11:35:31.665136
Thessaly 2021,HL.KZN,S,2021-03-03 11:36:20.738711
Thessaly 2021,HL.KZN,S,2021-03-03 11:41:04.974337
Thessaly 2021,HL.KZN,S,2021-03-03 11:46:10.255116
Thessaly 2021,HL.KZN,S,2021-03-03 11:49:28.351222
Thessaly 2021,HL.KZN,S,2021-03-03 11:52:22.279242
Thessaly 2021,HL.KZN,S,2021-03-03 11:52:58.678833
Thessaly 2021,HL.KZN,S,2021-03-03 11:58:13.782052
Thessaly 2021,HL.KZN,S,2021-03-03 11:59:30.418081
Thessaly 2021,HL.KZN,S,2021-03-03 12:02:57.634706
Thessaly 2021,HL.KZN,S,2021-03-03 12:07:26.154727
Thessaly 2021,HL.KZN,S,2021-03-03 12:08:29.379802
Thessaly 2021,HL.KZN,S,2021-03-03 12:12:29.742263
Thessaly 2021,HL.KZN,S,2021-03-03 12:20:34.141871
Thessaly 2021,HL.KZN,S,2021-03-03 12:35:47.148909
Thessaly 2021,HL.KZN,S,2021-03-03 12:36:41.586945
Thessaly 2021,HL.KZN,S,2021-03-03 12:44:47.215332
Thessaly 2021,HL.KZN,S,2021-03-03 12:47:11.933073
Thessaly 2021,HL.KZN,S,2021-03-03 12:48:41.645215
Thessaly 2021,HL.KZN,S,2021-03-03 12:53:36.984540
Thessaly 2021,HL.KZN,S,2021-03-03 12:55:04.327542
Thessaly 2021,HL.KZN,S,2021-03-03 13:03:11.208115
Thessaly 2021,HL.KZN,S,2021-03-03 13:07:37.526833
Thessaly 2021,HL.KZN,S,2021-03-03 13:08:11.941851
Thessaly 2021,HL.KZN,S,2021-03-03 13:09:05.500714
Thessaly 2021,HL.KZN,S,2021-03-03 13:09:39.284828
Thessaly 2021,HL.KZN,S,2021-03-03 13:15:05.403934
Thessaly 2021,HL.KZN,S,2021-03-03 13:15:41.010427
Thessaly 2021,HL.KZN,S,2021-03-03 13:16:10.438379
Thessaly 2021,HL.KZN,S,2021-03-03 13:18:40.385922
Thessaly 2021,HL.KZN,S,2021-03-03 13:20:29.659787
Thessaly 2021,HL.KZN,S,2021-03-03 13:21:24.768051
Thessaly 2021,HL.KZN,S,2021-03-03 13:22:16.500467
Thessaly 2021,HL.KZN,S,2021-03-03 13:24:49.419658
Thessaly 2021,HL.TETR,P,2021-03-03 10:26:33.929787
Thessaly 2021,HL.TETR,P,2021-03-03 10:27:53.753263
Thessaly 2021,HL.TETR,P,2021-03-03 10:30:46.158663
Thessaly 2021,HL.TETR,P,2021-03-03 10:33:41.796322
Thessaly 2021,HL.TETR,P,2021-03-03 10:34:23.330248
Thessaly 2021,HL.TETR,P,2021-03-03 10:36:30.037926
Thessaly 2021,HL.TETR,P,2021-03-03 10:37:23.270741
Thessaly 2021,HL.TETR,P,2021-03-03 10:41:59.720285
Thessaly 2021,HL.TETR,P,2021-03-03 10:49:12.822168
Thessaly 2021,HL.TETR,P,2021-03-03 10:54:29.268328
Thessaly 2021,HL.TETR,P,2021-03-03 10:55:36.855676
Thessaly 2021,HL.TETR,P,2021-03-03 10:57:27.783501
Thessaly 2021,HL.TETR,P,2021-03-03 11:06:55.835713
Thessaly 2021,HL.TETR,P,2021-03-03 11:12:39.012037
Thessaly 2021,HL.TETR,P,2021-03-03 11:14:43.737118
Thessaly 2021,HL.TETR,P,2021-03-03 11:15:47.602789
Thessaly 2021,HL.TETR,P,2021-03-03 11:19:17.558407
Thessaly 2021,HL.TETR,P,2021-03-03 11:21:28.530941
Thessaly 2021,HL.TETR,P,2021-03-03 11:23:38.018637
Thessaly 2021,HL.TETR,P,2021-03-03 11:24:56.809743
Thessaly 2021,HL.TETR,P,2021-03-03 11:25:45.897125
Thessaly 2021,HL.TETR,P,2021-03-03 11:28:04.054301
Thessaly 2021,HL.TETR,P,2021-03-03 11:32:28.944173
Thessaly 2021,HL.TETR,P,2021-03-03 11:34:26.290267
Thessaly 2021,HL.TETR,P,2021-03-03 11:35:24.210157
Thessaly 2021,HL.TETR,P,2021-03-03 11:36:12.064209
Thessaly 2021,HL.TETR,P,2021-03-03 11:40:58.423682
Thessaly 2021,HL.TETR,P,2021-03-03 11:42:44.304118
Thessaly 2021,HL.TETR,P,2021-03-03 11:46:00.951306
Thessaly 2021,HL.TETR,P,2021-03-03 11:49:19.287548
Thessaly 2021,HL.TETR,P,2021-03-03 11:52:17.080746
Thessaly 2021,HL.TETR,P,2021-03-03 11:52:51.852242
Thessaly 2021,HL.TETR,P,2021-03-03 11:56:02.633172
Thessaly 2021,HL.TETR,P,2021-03-03 11:58:05.176484
Thessaly 2021,HL.TETR,P,2021-03-03 11:59:22.116139
Thessaly 2021,HL.TETR,P,2021-03-03 12:02:52.452562
Thessaly 2021,HL.TETR,P,2021-03-03 12:07:19.059212
Thessaly 2021,HL.TETR,P,2021-03-03 12:08:24.276709
Thessaly 2021,HL.TETR,P,2021-03-03 12:12:23.195870
Thessaly 2021,HL.TETR,P,2021-03-03 12:17:13.741340
Thessaly 2021,HL.TETR,P,2021-03-03 12:20:25.547644
Thessaly 2021,HL.TETR,P,2021-03-03 12:21:16.414041
Thessaly 2021,HL.TETR,P,2021-03-03 12:26:25.248997
Thessaly 2021,HL.TETR,P,2021-03-03 12:31:43.755453
Thessaly 2021,HL.TETR,P,2021-03-03 12:33:12.828878
Thessaly 2021,HL.TETR,P,2021-03-03 12:35:39.623135
Thessaly 2021,HL.TETR,P,2021-03-03 12:37:56.469078
Thessaly 2021,HL.TETR,P,2021-03-03 12:44:39.534921
Thessaly 2021,HL.TETR,P,2021-03-03 12:47:07.408734
Thessaly 2021,HL.TETR,P,2021-03-03 12:48:37.002809
Thessaly 2021,HL.TETR,P,2021-03-03 12:53:31.365983
Thessaly 2021,HL.TETR,P,2021-03-03 12:55:00.785463
Thessaly 2021,HL.TETR,P,2021-03-03 13:03:02.498328
Thessaly 2021,HL.TETR,P,2021-03-03 13:07:28.410257
Thessaly 2021,HL.TETR,P,2021-03-03 13:07:55.383753
Thessaly 2021,HL.TETR,P,2021-03-03 13:08:04.224446
Thessaly 2021,HL.TETR,P,2021-03-03 13:09:00.944500
Thessaly 2021,HL.TETR,P,2021-03-03 13:09:32.893411
Thessaly 2021,HL.TETR,P,2021-03-03 13:14:57.297354
Thessaly 2021,HL.TETR,P,2021-03-03 13:15:34.757427
Thessaly 2021,HL.TETR,P,2021-03-03 13:15:58.587162
Thessaly 2021,HL.TETR,P,2021-03-03 13:18:31.842192
Thessaly 2021,HL.TETR,P,2021-03-03 13:20:25.484531
Thessaly 2021,HL.TETR,P,2021-03-03 13:21:18.144334
Thessaly 2021,HL.TETR,P,2021-03-03 13:22:09.501413
Thessaly 2021,HL.TETR,P,2021-03-03 13:24:39.942902
Thessaly 2021,HL.TETR,S,2021-03-03 10:26:44.836056
Thessaly 2021,HL.TETR,S,2021-03-03 10:30:57.760565
Thessaly 2021,HL.TETR,S,2021-03-03 10:33:53.982321
Thessaly 2021,HL.TETR,S,2021-03-03 10:34:36.625537
Thessaly 2021,HL.TETR,S,2021-03-03 10:36:41.779461
Thessaly 2021,HL.TETR,S,2021-03-03 10:37:35.357090
Thessaly 2021,HL.TETR,S,2021-03-03 10:42:09.736481
Thessaly 2021,HL.TETR,S,2021-03-03 11:12:49.955961
Thessaly 2021,HL.TETR,S,2021-03-03 11:19:30.268643
Thessaly 2021,HL.TETR,S,2021-03-03 11:21:39.201044
Thessaly 2021,HL.TETR,S,2021-03-03 11:23:48.903278
Thessaly 2021,HL.TETR,S,2021-03-03 11:25:56.887455
Thessaly 2021,HL.TETR,S,2021-03-03 11:28:15.344367
Thessaly 2021,HL.TETR,S,2021-03-03 11:32:41.089693
Thessaly 2021,HL.TETR,S,2021-03-03 11:34:36.186139
Thessaly 2021,HL.TETR,S,2021-03-03 11:35:36.178111
Thessaly 2021,HL.TETR,S,2021-03-03 11:36:23.749384
Thessaly 2021,HL.TETR,S,2021-03-03 11:41:09.898032
Thessaly 2021,HL.TETR,S,2021-03-03 11:46:13.265174
Thessaly 2021,HL.TETR,S,2021-03-03 11:49:32.139746
Thessaly 2021,HL.TETR,S,2021-03-03 11:53:02.877614
Thessaly 2021,HL.TETR,S,2021-03-03 11:58:17.457650
Thessaly 2021,HL.TETR,S,2021-03-03 11:59:33.774187
Thessaly 2021,HL.TETR,S,2021-03-03 12:03:04.432965
Thessaly 2021,HL.TETR,S,2021-03-03 12:08:34.295294
Thessaly 2021,HL.TETR,S,2021-03-03 12:26:36.589204
Thessaly 2021,HL.TETR,S,2021-03-03 12:33:25.148467
Thessaly 2021,HL.TETR,S,2021-03-03 12:44:50.411209
Thessaly 2021,HL.TETR,S,2021-03-03 12:47:18.697394
Thessaly 2021,HL.TETR,S,2021-03-03 12:48:47.982051
Thessaly 2021,HL.TETR,S,2021-03-03 12:53:42.938148
Thessaly 2021,HL.TETR,S,2021-03-03 12:55:12.047531
Thessaly 2021,HL.TETR,S,2021-03-03 13:03:13.321517
Thessaly 2021,HL.TETR,S,2021-03-03 13:07:38.935304
Thessaly 2021,HL.TETR,S,2021-03-03 13:08:06.673199
Thessaly 2021,HL.TETR,S,2021-03-03 13:09:11.386967
Thessaly 2021,HL.TETR,S,2021-03-03 13:09:43.939066
Thessaly 2021,HL.TETR,S,2021-03-03 13:15:45.696190
Thessaly 2021,HL.TETR,S,2021-03-03 13:16:07.613016
Thessaly 2021,HL.TETR,S,2021-03-03 13:18:44.088991
Thessaly 2021,HL.TETR,S,2021-03-03 13:21:30.644335
Thessaly 2021,HL.TETR,S,2021-03-03 13:22:21.975539
Thessaly 2021,HL.TETR,S,2021-03-03 13:24:50.920927
Thessaly 2021,HL.THL,P,2021-03-03 10:26:22.143834
Thessaly 2021,HL.THL,P,2021-03-03 10:27:42.394352
Thessaly 2021,HL.THL,P,2021-03-03 10:30:35.577117
Thessaly 2021,HL.THL,P,2021-03-03 10:33:30.815980
Thessaly 2021,HL.THL,P,2021-03-03 10:34:12.277539
Thessaly 2021,HL.THL,P,2021-03-03 10:36:18.260728
Thessaly 2021,HL.THL,P,2021-03-03 10:37:11.898166
Thessaly 2021,HL.THL,P,2021-03-03 10:41:48.606843
Thessaly 2021,HL.THL,P,2021-03-03 10:49:00.889178
Thessaly 2021,HL.THL,P,2021-03-03 10:54:17.972958
Thessaly 2021,HL.THL,P,2021-03-03 10:55:26.649480
Thessaly 2021,HL.THL,P,2021-03-03 10:57:16.739685
Thessaly 2021,HL.THL,P,2021-03-03 11:06:44.941492
Thessaly 2021,HL.THL,P,2021-03-03 11:11:48.891754
Thessaly 2021,HL.THL,P,2021-03-03 11:12:27.093680
Thessaly 2021,HL.THL,P,2021-03-03 11:14:33.298968
Thessaly 2021,HL.THL,P,2021-03-03 11:15:35.913552
Thessaly 2021,HL.THL,P,2021-03-03 11:19:06.669216
Thessaly 2021,HL.THL,P,2021-03-03 11:21:17.835066
Thessaly 2021,HL.THL,P,2021-03-03 11:23:27.260566
Thessaly 2021,HL.THL,P,2021-03-03 11:24:45.319854
Thessaly 2021,HL.THL,P,2021-03-03 11:25:33.596836
Thessaly 2021,HL.THL,P,2021-03-03 11:27:52.897451
Thessaly 2021,HL.THL,P,2021-03-03 11:32:16.733438
Thessaly 2021,HL.THL,P,2021-03-03 11:34:15.318414
Thessaly 2021,HL.THL,P,2021-03-03 11:35:13.127662
Thessaly 2021,HL.THL,P,2021-03-03 11:36:01.009394
Thessaly 2021,HL.THL,P,2021-03-03 11:40:47.696973
Thessaly 2021,HL.THL,P,2021-03-03 11:42:32.910407
Thessaly 2021,HL.THL,P,2021-03-03 11:45:49.663591
Thessaly 2021,HL.THL,P,2021-03-03 11:49:08.126087
Thessaly 2021,HL.THL,P,2021-03-03 11:52:04.798604
Thessaly 2021,HL.THL,P,2021-03-03 11:52:40.169922
Thessaly 2021,HL.THL,P,2021-03-03 11:55:52.211583
Thessaly 2021,HL.THL,P,2021-03-03 11:57:53.887146
Thessaly 2021,HL.THL,P,2021-03-03 11:59:10.687718
Thessaly 2021,HL.THL,P,2021-03-03 12:02:41.192394
Thessaly 2021,HL.THL,P,2021-03-03 12:07:07.936507
Thessaly 2021,HL.THL,P,2021-03-03 12:08:13.297327
Thessaly 2021,HL.THL,P,2021-03-03 12:12:12.371127
Thessaly 2021,HL.THL,P,2021-03-03 12:17:01.340224
Thessaly 2021,HL.THL,P,2021-03-03 12:20:14.218155
Thessaly 2021,HL.THL,P,2021-03-03 12:21:04.147079
Thessaly 2021,HL.THL,P,2021-03-03 12:24:14.317012
Thessaly 2021,HL.THL,P,2021-03-03 12:26:14.291486
Thessaly 2021,HL.THL,P,2021-03-03 12:31:31.860226
Thessaly 2021,HL.THL,P,2021-03-03 12:33:01.288661
Thessaly 2021,HL.THL,P,2021-03-03 12:35:28.041222
Thessaly 2021,HL.THL,P,2021-03-03 12:36:22.871997
Thessaly 2021,HL.THL,P,2021-03-03 12:37:45.670108
Thessaly 2021,HL.THL,P,2021-03-03 12:44:28.599692
Thessaly 2021,HL.THL,P,2021-03-03 12:46:56.455126
Thessaly 2021,HL.THL,P,2021-03-03 12:48:25.271213
Thessaly 2021,HL.THL,P,2021-03-03 12:53:21.288662
Thessaly 2021,HL.THL,P,2021-03-03 12:54:49.698816
Thessaly 2021,HL.THL,P,2021-03-03 13:00:03.971826
Thessaly 2021,HL.THL,P,2021-03-03 13:02:50.668476
Thessaly 2021,HL.THL,P,2021-03-03 13:07:16.393364
Thessaly 2021,HL.THL,P,2021-03-03 13:07:43.845277
Thessaly 2021,HL.THL,P,2021-03-03 13:07:53.287821
Thessaly 2021,HL.THL,P,2021-03-03 13:08:50.681469
Thessaly 2021,HL.THL,P,2021-03-03 13:09:21.637594
Thessaly 2021,HL.THL,P,2021-03-03 13:14:45.948168
Thessaly 2021,HL.THL,P,2021-03-03 13:15:24.458366
Thessaly 2021,HL.THL,P,2021-03-03 13:15:49.752324
Thessaly 2021,HL.THL,P,2021-03-03 13:16:41.871381
Thessaly 2021,HL.THL,P,2021-03-03 13:18:20.450186
Thessaly 2021,HL.THL,P,2021-03-03 13:19:15.167524
Thessaly 2021,HL.THL,P,2021-03-03 13:19:42.087634
Thessaly 2021,HL.THL,P,2021-03-03 13:20:15.175254
Thessaly 2021,HL.THL,P,2021-03-03 13:20:54.396906
Thessaly 2021,HL.THL,P,2021-03-03 13:21:07.731963
Thessaly 2021,HL.THL,P,2021-03-03 13:24:32.374006
Thessaly 2021,HL.THL,S,2021-03-03 10:26:24.642566
Thessaly 2021,HL.THL,S,2021-03-03 10:27:45.662852
Thessaly 2021,HL.THL,S,2021-03-03 10:30:39.273999
Thessaly 2021,HL.THL,S,2021-03-03 10:33:34.196453
Thessaly 2021,HL.THL,S,2021-03-03 10:34:15.904566
Thessaly 2021,HL.THL,S,2021-03-03 10:36:21.326555
Thessaly 2021,HL.THL,S,2021-03-03 10:37:14.783108
Thessaly 2021,HL.THL,S,2021-03-03 10:41:51.548074
Thessaly 2021,HL.THL,S,2021-03-03 10:49:04.215296
Thessaly 2021,HL.THL,S,2021-03-03 10:54:20.526726
Thessaly 2021,HL.THL,S,2021-03-03 10:55:30.340823
Thessaly 2021,HL.THL,S,2021-03-03 10:57:19.716490
Thessaly 2021,HL.THL,S,2021-03-03 11:06:48.098762
Thessaly 2021,HL.THL,S,2021-03-03 11:11:52.164950
Thessaly 2021,HL.THL,S,2021-03-03 11:12:29.546155
Thessaly 2021,HL.THL,S,2021-03-03 11:14:36.623711
Thessaly 2021,HL.THL,S,2021-03-03 11:15:38.688954
Thessaly 2021,HL.THL,S,2021-03-03 11:19:10.115934
Thessaly 2021,HL.THL,S,2021-03-03 11:21:21.134035
Thessaly 2021,HL.THL,S,2021-03-03 11:23:30.189656
Thessaly 2021,HL.THL,S,2021-03-03 11:24:48.372724
Thessaly 2021,HL.THL,S,2021-03-03 11:25:36.960547
Thessaly 2021,HL.THL,S,2021-03-03 11:27:56.283360
Thessaly 2021,HL.THL,S,2021-03-03 11:32:20.324313
Thessaly 2021,HL.THL,S,2021-03-03 11:34:17.870096
Thessaly 2021,HL.THL,S,2021-03-03 11:35:16.041102
Thessaly 2021,HL.THL,S,2021-03-03 11:36:03.737816
Thessaly 2021,HL.THL,S,2021-03-03 11:40:50.388084
Thessaly 2021,HL.THL,S,2021-03-03 11:42:39.069868
Thessaly 2021,HL.THL,S,2021-03-03 11:45:53.152526
Thessaly 2021,HL.THL,S,2021-03-03 11:49:11.654381
Thessaly 2021,HL.THL,S,2021-03-03 11:52:07.940548
Thessaly 2021,HL.THL,S,2021-03-03 11:52:42.797731
Thessaly 2021,HL.THL,S,2021-03-03 11:55:55.073104
Thessaly 2021,HL.THL,S,2021-03-03 11:57:57.064780
Thessaly 2021,HL.THL,S,2021-03-03 11:59:13.248956
Thessaly 2021,HL.THL,S,2021-03-03 12:02:44.565176
Thessaly 2021,HL.THL,S,2021-03-03 12:07:11.183930
Thessaly 2021,HL.THL,S,2021-03-03 12:08:16.441657
Thessaly 2021,HL.THL,S,2021-03-03 12:12:15.335045
Thessaly 2021,HL.THL,S,2021-03-03 12:17:03.917544
Thessaly 2021,HL.THL,S,2021-03-03 12:20:17.542897
Thessaly 2021,HL.THL,S,2021-03-03 12:21:06.981049
Thessaly 2021,HL.THL,S,2021-03-03 12:24:17.371136
Thessaly 2021,HL.THL,S,2021-03-03 12:26:17.126537
Thessaly 2021,HL.THL,S,2021-03-03 12:31:34.895763
Thessaly 2021,HL.THL,S,2021-03-03 12:33:04.639177
Thessaly 2021,HL.THL,S,2021-03-03 12:35:30.566996
Thessaly 2021,HL.THL,S,2021-03-03 12:36:25.900347
Thessaly 2021,HL.THL,S,2021-03-03 12:37:48.556706
Thessaly 2021,HL.THL,S,2021-03-03 12:44:31.512063
Thessaly 2021,HL.THL,S,2021-03-03 12:47:00.089146
Thessaly 2021,HL.THL,S,2021-03-03 12:48:28.447911
Thessaly 2021,HL.THL,S,2021-03-03 12:53:25.206188
Thessaly 2021,HL.THL,S,2021-03-03 12:54:52.961658
Thessaly 2021,HL.THL,S,2021-03-03 13:00:06.909970
Thessaly 2021,HL.THL,S,2021-03-03 13:02:53.503527
Thessaly 2021,HL.THL,S,2021-03-03 13:07:19.246947
Thessaly 2021,HL.THL,S,2021-03-03 13:07:47.180119
Thessaly 2021,HL.THL,S,2021-03-03 13:07:56.020635
Thessaly 2021,HL.THL,S,2021-03-03 13:08:53.757607
Thessaly 2021,HL.THL,S,2021-03-03 13:09:24.621483
Thessaly 2021,HL.THL,S,2021-03-03 13:14:49.160492
Thessaly 2021,HL.THL,S,2021-03-03 13:15:27.656834
Thessaly 2021,HL.THL,S,2021-03-03 13:15:52.191794
Thessaly 2021,HL.THL,S,2021-03-03 13:16:45.003134
Thessaly 2021,HL.THL,S,2021-03-03 13:18:23.351177
Thessaly 2021,HL.THL,S,2021-03-03 13:19:18.466494
Thessaly 2021,HL.THL,S,2021-03-03 13:19:45.231959
Thessaly 2021,HL.THL,S,2021-03-03 13:20:18.860821
Thessaly 2021,HL.THL,S,2021-03-03 13:20:57.077318
Thessaly 2021,HL.THL,S,2021-03-03 13:21:11.211344
Thessaly 2021,HL.THL,S,2021-03-03 13:24:35.564202
Thessaly 2021,HT.AGG,P,2021-03-03 10:26:31.428986
Thessaly 2021,HT.AGG,P,2021-03-03 10:27:52.522948
Thessaly 2021,HT.AGG,P,2021-03-03 10:30:45.441220
Thessaly 2021,HT.AGG,P,2021-03-03 10:33:40.409537
Thessaly 2021,HT.AGG,P,2021-03-03 10:34:21.751290
Thessaly 2021,HT.AGG,P,2021-03-03 10:36:26.378899
Thessaly 2021,HT.AGG,P,2021-03-03 10:37:20.603181
Thessaly 2021,HT.AGG,P,2021-03-03 10:41:59.259290
Thessaly 2021,HT.AGG,P,2021-03-03 10:49:11.301549
Thessaly 2021,HT.AGG,P,2021-03-03 10:54:27.878129
Thessaly 2021,HT.AGG,P,2021-03-03 10:55:36.572171
Thessaly 2021,HT.AGG,P,2021-03-03 10:57:26.907212
Thessaly 2021,HT.AGG,P,2021-03-03 11:06:54.315094
Thessaly 2021,HT.AGG,P,2021-03-03 11:12:37.256872
Thessaly 2021,HT.AGG,P,2021-03-03 11:14:43.479386
Thessaly 2021,HT.AGG,P,2021-03-03 11:15:44.890669
Thessaly 2021,HT.AGG,P,2021-03-03 11:19:16.325119
Thessaly 2021,HT.AGG,P,2021-03-03 11:21:26.881456
Thessaly 2021,HT.AGG,P,2021-03-03 11:23:37.530460
Thessaly 2021,HT.AGG,P,2021-03-03 11:24:54.867009
Thessaly 2021,HT.AGG,P,2021-03-03 11:25:43.632451
Thessaly 2021,HT.AGG,P,2021-03-03 11:28:03.343815
Thessaly 2021,HT.AGG,P,2021-03-03 11:32:26.356864
Thessaly 2021,HT.AGG,P,2021-03-03 11:34:25.653691
Thessaly 2021,HT.AGG,P,2021-03-03 11:35:22.867686
Thessaly 2021,HT.AGG,P,2021-03-03 11:36:10.370706
Thessaly 2021,HT.AGG,P,2021-03-03 11:40:57.933396
Thessaly 2021,HT.AGG,P,2021-03-03 11:45:59.195438
Thessaly 2021,HT.AGG,P,2021-03-03 11:49:17.198903
Thessaly 2021,HT.AGG,P,2021-03-03 11:52:15.652594
Thessaly 2021,HT.AGG,P,2021-03-03 11:52:49.252996
Thessaly 2021,HT.AGG,P,2021-03-03 11:56:01.891296
Thessaly 2021,HT.AGG,P,2021-03-03 11:58:02.813599
Thessaly 2021,HT.AGG,P,2021-03-03 11:59:20.173131
Thessaly 2021,HT.AGG,P,2021-03-03 12:02:51.751516
Thessaly 2021,HT.AGG,P,2021-03-03 12:07:17.988053
Thessaly 2021,HT.AGG,P,2021-03-03 12:08:24.173616
Thessaly 2021,HT.AGG,P,2021-03-03 12:12:21.907211
Thessaly 2021,HT.AGG,P,2021-03-03 12:20:22.853211
Thessaly 2021,HT.AGG,P,2021-03-03 12:21:15.383111
Thessaly 2021,HT.AGG,P,2021-03-03 12:31:40.617411
Thessaly 2021,HT.AGG,P,2021-03-03 12:33:10.148465
Thessaly 2021,HT.AGG,P,2021-03-03 12:35:37.881969
Thessaly 2021,HT.AGG,P,2021-03-03 12:36:31.483853
Thessaly 2021,HT.AGG,P,2021-03-03 12:37:53.711346
Thessaly 2021,HT.AGG,P,2021-03-03 12:44:37.954783
Thessaly 2021,HT.AGG,P,2021-03-03 12:47:07.382961
Thessaly 2021,HT.AGG,P,2021-03-03 12:48:36.420200
Thessaly 2021,HT.AGG,P,2021-03-03 12:53:30.128869
Thessaly 2021,HT.AGG,P,2021-03-03 12:54:59.448219
Thessaly 2021,HT.AGG,P,2021-03-03 13:00:13.018221
Thessaly 2021,HT.AGG,P,2021-03-03 13:07:25.594155
Thessaly 2021,HT.AGG,P,2021-03-03 13:07:52.848787
Thessaly 2021,HT.AGG,P,2021-03-03 13:08:02.854299
Thessaly 2021,HT.AGG,P,2021-03-03 13:09:01.721300
Thessaly 2021,HT.AGG,P,2021-03-03 13:09:31.338990
Thessaly 2021,HT.AGG,P,2021-03-03 13:15:34.453573
Thessaly 2021,HT.AGG,P,2021-03-03 13:15:59.065167
Thessaly 2021,HT.AGG,P,2021-03-03 13:16:50.787478
Thessaly 2021,HT.AGG,P,2021-03-03 13:18:29.551068
Thessaly 2021,HT.AGG,P,2021-03-03 13:19:51.211310
Thessaly 2021,HT.AGG,P,2021-03-03 13:20:24.479377
Thessaly 2021,HT.AGG,P,2021-03-03 13:21:02.798962
Thessaly 2021,HT.AGG,P,2021-03-03 13:22:08.485421
Thessaly 2021,HT.AGG,S,2021-03-03 10:26:40.181788
Thessaly 2021,HT.AGG,S,2021-03-03 10:30:56.214618
Thessaly 2021,HT.AGG,S,2021-03-03 10:33:51.628508
Thessaly 2021,HT.AGG,S,2021-03-03 10:34:32.186146
Thessaly 2021,HT.AGG,S,2021-03-03 10:36:35.480617
Thessaly 2021,HT.AGG,S,2021-03-03 10:37:30.087837
Thessaly 2021,HT.AGG,S,2021-03-03 10:42:09.317394
Thessaly 2021,HT.AGG,S,2021-03-03 10:54:38.096095
Thessaly 2021,HT.AGG,S,2021-03-03 10:57:37.061852
Thessaly 2021,HT.AGG,S,2021-03-03 11:12:46.861490
Thessaly 2021,HT.AGG,S,2021-03-03 11:15:54.871270
Thessaly 2021,HT.AGG,S,2021-03-03 11:19:26.256853
Thessaly 2021,HT.AGG,S,2021-03-03 11:21:36.314446
Thessaly 2021,HT.AGG,S,2021-03-03 11:23:47.601460
Thessaly 2021,HT.AGG,S,2021-03-03 11:28:14.067713
Thessaly 2021,HT.AGG,S,2021-03-03 11:32:36.489250
Thessaly 2021,HT.AGG,S,2021-03-03 11:34:35.462757
Thessaly 2021,HT.AGG,S,2021-03-03 11:35:33.521736
Thessaly 2021,HT.AGG,S,2021-03-03 11:36:19.835509
Thessaly 2021,HT.AGG,S,2021-03-03 11:41:07.885740
Thessaly 2021,HT.AGG,S,2021-03-03 11:46:09.183354
Thessaly 2021,HT.AGG,S,2021-03-03 11:49:27.274798
Thessaly 2021,HT.AGG,S,2021-03-03 11:52:58.621705
Thessaly 2021,HT.AGG,S,2021-03-03 11:58:11.769224
Thessaly 2021,HT.AGG,S,2021-03-03 11:59:29.852843
Thessaly 2021,HT.AGG,S,2021-03-03 12:03:03.176650
Thessaly 2021,HT.AGG,S,2021-03-03 12:08:34.442519
Thessaly 2021,HT.AGG,S,2021-03-03 12:31:50.359679
Thessaly 2021,HT.AGG,S,2021-03-03 12:33:19.529909
Thessaly 2021,HT.AGG,S,2021-03-03 12:35:47.020043
Thessaly 2021,HT.AGG,S,2021-03-03 12:36:40.869297
Thessaly 2021,HT.AGG,S,2021-03-03 12:44:47.369972
Thessaly 2021,HT.AGG,S,2021-03-03 12:47:18.516982
Thessaly 2021,HT.AGG,S,2021-03-03 12:48:47.599733
Thessaly 2021,HT.AGG,S,2021-03-03 12:55:11.539121
Thessaly 2021,HT.AGG,S,2021-03-03 13:07:35.207306
Thessaly 2021,HT.AGG,S,2021-03-03 13:08:03.696087
Thessaly 2021,HT.AGG,S,2021-03-03 13:08:13.368291
Thessaly 2021,HT.AGG,S,2021-03-03 13:09:12.970693
Thessaly 2021,HT.AGG,S,2021-03-03 13:09:41.860215
Thessaly 2021,HT.AGG,S,2021-03-03 13:15:45.808137
Thessaly 2021,HT.AGG,S,2021-03-03 13:16:59.688247
Thessaly 2021,HT.AGG,S,2021-03-03 13:18:40.396820
Thessaly 2021,HT.AGG,S,2021-03-03 13:20:00.979352
Thessaly 2021,HT.AGG,S,2021-03-03 13:22:19.379115
Thessaly 2021,HT.LIT,P,2021-03-03 10:26:28.561501
Thessaly 2021,HT.LIT,P,2021-03-03 10:30:38.804780
Thessaly 2021,HT.LIT,P,2021-03-03 10:33:33.063897
Thessaly 2021,HT.LIT,P,2021-03-03 10:34:16.282144
Thessaly 2021,HT.LIT,P,2021-03-03 10:36:22.650980
Thessaly 2021,HT.LIT,P,2021-03-03 10:37:16.101938
Thessaly 2021,HT.LIT,P,2021-03-03 10:41:54.816960
Thessaly 2021,HT.LIT,P,2021-03-03 10:49:05.837629
Thessaly 2021,HT.LIT,P,2021-03-03 10:54:21.597824
Thessaly 2021,HT.LIT,P,2021-03-03 10:55:30.289278
Thessaly 2021,HT.LIT,P,2021-03-03 10:57:22.010305
Thessaly 2021,HT.LIT,P,2021-03-03 11:06:49.168351
Thessaly 2021,HT.LIT,P,2021-03-03 11:11:53.911085
Thessaly 2021,HT.LIT,P,2021-03-03 11:12:30.370772
Thessaly 2021,HT.LIT,P,2021-03-03 11:14:36.391752
Thessaly 2021,HT.LIT,P,2021-03-03 11:15:40.578398
Thessaly 2021,HT.LIT,P,2021-03-03 11:19:10.419672
Thessaly 2021,HT.LIT,P,2021-03-03 11:23:31.889251
Thessaly 2021,HT.LIT,P,2021-03-03 11:24:50.537486
Thessaly 2021,HT.LIT,P,2021-03-03 11:25:38.492528
Thessaly 2021,HT.LIT,P,2021-03-03 11:27:57.526712
Thessaly 2021,HT.LIT,P,2021-03-03 11:32:20.547580
Thessaly 2021,HT.LIT,P,2021-03-03 11:34:20.000240
Thessaly 2021,HT.LIT,P,2021-03-03 11:35:18.269026
Thessaly 2021,HT.LIT,P,2021-03-03 11:36:05.704162
Thessaly 2021,HT.LIT,P,2021-03-03 11:40:52.827481
Thessaly 2021,HT.LIT,P,2021-03-03 11:45:55.090815
Thessaly 2021,HT.LIT,P,2021-03-03 11:49:12.455719
Thessaly 2021,HT.LIT,P,2021-03-03 11:52:10.968240
Thessaly 2021,HT.LIT,P,2021-03-03 11:55:57.086767
Thessaly 2021,HT.LIT,P,2021-03-03 11:57:58.196084
Thessaly 2021,HT.LIT,P,2021-03-03 11:59:16.852353
Thessaly 2021,HT.LIT,P,2021-03-03 12:02:45.890481
Thessaly 2021,HT.LIT,P,2021-03-03 12:08:18.297327
Thessaly 2021,HT.LIT,P,2021-03-03 12:12:17.268035
Thessaly 2021,HT.LIT,P,2021-03-03 12:17:08.247441
Thessaly 2021,HT.LIT,P,2021-03-03 12:20:18.502911
Thessaly 2021,HT.LIT,P,2021-03-03 12:21:10.125379
Thessaly 2021,HT.LIT,P,2021-03-03 12:26:20.609835
Thessaly 2021,HT.LIT,P,2021-03-03 12:31:38.813287
Thessaly 2021,HT.LIT,P,2021-03-03 12:33:05.715475
Thessaly 2021,HT.LIT,P,2021-03-03 12:35:33.281565
Thessaly 2021,HT.LIT,P,2021-03-03 12:37:52.345367
Thessaly 2021,HT.LIT,P,2021-03-03 12:44:34.140350
Thessaly 2021,HT.LIT,P,2021-03-03 12:47:01.429353
Thessaly 2021,HT.LIT,P,2021-03-03 12:48:30.219531
Thessaly 2021,HT.LIT,P,2021-03-03 12:53:24.587632
Thessaly 2021,HT.LIT,P,2021-03-03 12:54:52.789017
Thessaly 2021,HT.LIT,P,2021-03-03 13:00:08.765640
Thessaly 2021,HT.LIT,P,2021-03-03 13:07:22.269499
Thessaly 2021,HT.LIT,P,2021-03-03 13:07:48.238798
Thessaly 2021,HT.LIT,P,2021-03-03 13:07:59.177044
Thessaly 2021,HT.LIT,P,2021-03-03 13:08:55.984505
Thessaly 2021,HT.LIT,P,2021-03-03 13:09:26.032781
Thessaly 2021,HT.LIT,P,2021-03-03 13:14:50.418147
Thessaly 2021,HT.LIT,P,2021-03-03 13:15:29.032168
Thessaly 2021,HT.LIT,P,2021-03-03 13:15:59.592619
Thessaly 2021,HT.LIT,P,2021-03-03 13:16:45.892056
Thessaly 2021,HT.LIT,P,2021-03-03 13:18:24.942006
Thessaly 2021,HT.LIT,P,2021-03-03 13:20:58.056694
Thessaly 2021,HT.LIT,P,2021-03-03 13:22:02.784576
Thessaly 2021,HT.LIT,P,2021-03-03 13:24:37.690999
Thessaly 2021,HT.LIT,S,2021-03-03 10:26:34.832853
Thessaly 2021,HT.LIT,S,2021-03-03 10:30:44.307446
Thessaly 2021,HT.LIT,S,2021-03-03 10:33:38.845716
Thessaly 2021,HT.LIT,S,2021-03-03 10:36:29.516803
Thessaly 2021,HT.LIT,S,2021-03-03 10:37:22.645017
Thessaly 2021,HT.LIT,S,2021-03-03 10:42:00.348917
Thessaly 2021,HT.LIT,S,2021-03-03 10:49:11.945880
Thessaly 2021,HT.LIT,S,2021-03-03 11:06:54.804785
Thessaly 2021,HT.LIT,S,2021-03-03 11:11:59.748714
Thessaly 2021,HT.LIT,S,2021-03-03 11:12:35.293539
Thessaly 2021,HT.LIT,S,2021-03-03 11:14:42.345361
Thessaly 2021,HT.LIT,S,2021-03-03 11:15:47.223092
Thessaly 2021,HT.LIT,S,2021-03-03 11:19:17.011683
Thessaly 2021,HT.LIT,S,2021-03-03 11:23:38.018637
Thessaly 2021,HT.LIT,S,2021-03-03 11:24:56.543312
Thessaly 2021,HT.LIT,S,2021-03-03 11:25:45.031220
Thessaly 2021,HT.LIT,S,2021-03-03 11:28:03.388222
Thessaly 2021,HT.LIT,S,2021-03-03 11:32:25.799047
Thessaly 2021,HT.LIT,S,2021-03-03 11:34:27.227344
Thessaly 2021,HT.LIT,S,2021-03-03 11:35:24.238721
Thessaly 2021,HT.LIT,S,2021-03-03 11:36:12.878146
Thessaly 2021,HT.LIT,S,2021-03-03 11:40:58.588343
Thessaly 2021,HT.LIT,S,2021-03-03 11:46:01.566998
Thessaly 2021,HT.LIT,S,2021-03-03 11:49:19.052857
Thessaly 2021,HT.LIT,S,2021-03-03 11:52:16.680867
Thessaly 2021,HT.LIT,S,2021-03-03 11:56:03.975613
Thessaly 2021,HT.LIT,S,2021-03-03 11:58:05.266733
Thessaly 2021,HT.LIT,S,2021-03-03 11:59:22.858014
Thessaly 2021,HT.LIT,S,2021-03-03 12:02:51.539106
Thessaly 2021,HT.LIT,S,2021-03-03 12:08:24.792173
Thessaly 2021,HT.LIT,S,2021-03-03 12:12:24.226797
Thessaly 2021,HT.LIT,S,2021-03-03 12:17:15.025791
Thessaly 2021,HT.LIT,S,2021-03-03 12:20:25.061618
Thessaly 2021,HT.LIT,S,2021-03-03 12:21:17.623150
Thessaly 2021,HT.LIT,S,2021-03-03 12:26:27.142622
Thessaly 2021,HT.LIT,S,2021-03-03 12:31:45.957556
Thessaly 2021,HT.LIT,S,2021-03-03 12:33:11.845282
Thessaly 2021,HT.LIT,S,2021-03-03 12:35:40.257719
Thessaly 2021,HT.LIT,S,2021-03-03 12:37:59.458769
Thessaly 2021,HT.LIT,S,2021-03-03 12:44:39.887772
Thessaly 2021,HT.LIT,S,2021-03-03 12:47:07.486054
Thessaly 2021,HT.LIT,S,2021-03-03 12:48:35.809297
Thessaly 2021,HT.LIT,S,2021-03-03 12:54:58.189223
Thessaly 2021,HT.LIT,S,2021-03-03 13:00:15.265592
Thessaly 2021,HT.LIT,S,2021-03-03 13:07:55.173150
Thessaly 2021,HT.LIT,S,2021-03-03 13:08:05.559447
Thessaly 2021,HT.LIT,S,2021-03-03 13:09:01.891447
Thessaly 2021,HT.LIT,S,2021-03-03 13:09:32.690055
Thessaly 2021,HT.LIT,S,2021-03-03 13:14:57.054930
Thessaly 2021,HT.LIT,S,2021-03-03 13:15:36.244715
Thessaly 2021,HT.LIT,S,2021-03-03 13:16:08.740632
Thessaly 2021,HT.LIT,S,2021-03-03 13:16:52.831359
Thessaly 2021,HT.LIT,S,2021-03-03 13:18:31.798895
Thessaly 2021,HT.LIT,S,2021-03-03 13:22:08.767641
Thessaly 2021,HT.LIT,S,2021-03-03 13:24:43.289479
Thessaly 2021,HT.TYRN,P,2021-03-03 10:26:20.607793
Thessaly 2021,HT.TYRN,P,2021-03-03 10:27:40.422708
Thessaly 2021,HT.TYRN,P,2021-03-03 10:30:33.117270
Thessaly 2021,HT.TYRN,P,2021-03-03 10:33:28.646622
Thessaly 2021,HT.TYRN,P,2021-03-03 10:34:09.554407
Thessaly 2021,HT.TYRN,P,2021-03-03 10:36:15.501922
Thessaly 2021,HT.TYRN,P,2021-03-03 10:37:09.198686
Thessaly 2021,HT.TYRN,P,2021-03-03 10:41:47.485847
Thessaly 2021,HT.TYRN,P,2021-03-03 10:48:59.497425
Thessaly 2021,HT.TYRN,P,2021-03-03 10:54:15.799075
Thessaly 2021,HT.TYRN,P,2021-03-03 10:55:25.128873
Thessaly 2021,HT.TYRN,P,2021-03-03 10:57:14.497417
Thessaly 2021,HT.TYRN,P,2021-03-03 11:06:42.248264
Thessaly 2021,HT.TYRN,P,2021-03-03 11:11:46.668816
Thessaly 2021,HT.TYRN,P,2021-03-03 11:12:24.413777
Thessaly 2021,HT.TYRN,P,2021-03-03 11:14:31.469071
Thessaly 2021,HT.TYRN,P,2021-03-03 11:15:33.427442
Thessaly 2021,HT.TYRN,P,2021-03-03 11:19:04.008821
Thessaly 2021,HT.TYRN,P,2021-03-03 11:23:25.380163
Thessaly 2021,HT.TYRN,P,2021-03-03 11:24:42.944167
Thessaly 2021,HT.TYRN,P,2021-03-03 11:25:31.731810
Thessaly 2021,HT.TYRN,P,2021-03-03 11:27:50.999122
Thessaly 2021,HT.TYRN,P,2021-03-03 11:32:14.019721
Thessaly 2021,HT.TYRN,P,2021-03-03 11:34:13.237603
Thessaly 2021,HT.TYRN,P,2021-03-03 11:35:10.499853
Thessaly 2021,HT.TYRN,P,2021-03-03 11:35:58.600855
Thessaly 2021,HT.TYRN,P,2021-03-03 11:40:45.607821
Thessaly 2021,HT.TYRN,P,2021-03-03 11:42:28.505148
Thessaly 2021,HT.TYRN,P,2021-03-03 11:45:47.679690
Thessaly 2021,HT.TYRN,P,2021-03-03 11:49:05.146005
Thessaly 2021,HT.TYRN,P,2021-03-03 11:52:03.627515
Thessaly 2021,HT.TYRN,P,2021-03-03 11:55:51.328398
Thessaly 2021,HT.TYRN,P,2021-03-03 11:57:50.975703
Thessaly 2021,HT.TYRN,P,2021-03-03 12:02:39.295204
Thessaly 2021,HT.TYRN,P,2021-03-03 12:12:09.845357
Thessaly 2021,HT.TYRN,P,2021-03-03 12:16:59.832491
Thessaly 2021,HT.TYRN,P,2021-03-03 12:20:11.415285
Thessaly 2021,HT.TYRN,P,2021-03-03 12:21:02.960431
Thessaly 2021,HT.TYRN,P,2021-03-03 12:24:12.280930
Thessaly 2021,HT.TYRN,P,2021-03-03 12:26:12.457791
Thessaly 2021,HT.TYRN,P,2021-03-03 12:31:30.411237
Thessaly 2021,HT.TYRN,P,2021-03-03 12:32:58.447430
Thessaly 2021,HT.TYRN,P,2021-03-03 12:35:25.420740
Thessaly 2021,HT.TYRN,P,2021-03-03 12:37:44.175264
Thessaly 2021,HT.TYRN,P,2021-03-03 12:46:55.578832
Thessaly 2021,HT.TYRN,P,2021-03-03 12:48:24.113902
Thessaly 2021,HT.TYRN,P,2021-03-03 12:53:19.355673
Thessaly 2021,HT.TYRN,P,2021-03-03 12:54:46.897004
Thessaly 2021,HT.TYRN,P,2021-03-03 13:00:01.729560
Thessaly 2021,HT.TYRN,P,2021-03-03 13:02:49.172881
Thessaly 2021,HT.TYRN,P,2021-03-03 13:07:14.803576
Thessaly 2021,HT.TYRN,P,2021-03-03 13:07:41.436781
Thessaly 2021,HT.TYRN,P,2021-03-03 13:07:52.033532
Thessaly 2021,HT.TYRN,P,2021-03-03 13:08:49.794484
Thessaly 2021,HT.TYRN,P,2021-03-03 13:09:19.560969
Thessaly 2021,HT.TYRN,P,2021-03-03 13:14:43.402553
Thessaly 2021,HT.TYRN,P,2021-03-03 13:15:22.923101
Thessaly 2021,HT.TYRN,P,2021-03-03 13:15:51.845653
Thessaly 2021,HT.TYRN,P,2021-03-03 13:16:39.069287
Thessaly 2021,HT.TYRN,P,2021-03-03 13:18:17.730506
Thessaly 2021,HT.TYRN,P,2021-03-03 13:19:12.242246
Thessaly 2021,HT.TYRN,P,2021-03-03 13:19:41.056701
Thessaly 2021,HT.TYRN,P,2021-03-03 13:20:52.824741
Thessaly 2021,HT.TYRN,P,2021-03-03 13:21:05.670111
Thessaly 2021,HT.TYRN,S,2021-03-03 10:26:21.965430
Thessaly 2021,HT.TYRN,S,2021-03-03 10:27:42.025328
Thessaly 2021,HT.TYRN,S,2021-03-03 10:30:35.601003
Thessaly 2021,HT.TYRN,S,2021-03-03 10:33:30.190460
Thessaly 2021,HT.TYRN,S,2021-03-03 10:34:10.309562
Thessaly 2021,HT.TYRN,S,2021-03-03 10:36:16.587257
Thessaly 2021,HT.TYRN,S,2021-03-03 10:37:10.270236
Thessaly 2021,HT.TYRN,S,2021-03-03 10:41:49.144804
Thessaly 2021,HT.TYRN,S,2021-03-03 10:49:01.043817
Thessaly 2021,HT.TYRN,S,2021-03-03 10:54:16.992935
Thessaly 2021,HT.TYRN,S,2021-03-03 10:55:27.054740
Thessaly 2021,HT.TYRN,S,2021-03-03 10:57:16.456180
Thessaly 2021,HT.TYRN,S,2021-03-03 11:06:43.781755
Thessaly 2021,HT.TYRN,S,2021-03-03 11:11:48.234537
Thessaly 2021,HT.TYRN,S,2021-03-03 11:12:25.792590
Thessaly 2021,HT.TYRN,S,2021-03-03 11:14:33.350514
Thessaly 2021,HT.TYRN,S,2021-03-03 11:15:34.611734
Thessaly 2021,HT.TYRN,S,2021-03-03 11:19:05.345571
Thessaly 2021,HT.TYRN,S,2021-03-03 11:23:26.953193
Thessaly 2021,HT.TYRN,S,2021-03-03 11:24:44.276328
Thessaly 2021,HT.TYRN,S,2021-03-03 11:25:33.097275
Thessaly 2021,HT.TYRN,S,2021-03-03 11:27:52.497803
Thessaly 2021,HT.TYRN,S,2021-03-03 11:32:15.160398
Thessaly 2021,HT.TYRN,S,2021-03-03 11:34:14.965419
Thessaly 2021,HT.TYRN,S,2021-03-03 11:35:11.785194
Thessaly 2021,HT.TYRN,S,2021-03-03 11:35:59.833350
Thessaly 2021,HT.TYRN,S,2021-03-03 11:40:46.917967
Thessaly 2021,HT.TYRN,S,2021-03-03 11:42:32.448447
Thessaly 2021,HT.TYRN,S,2021-03-03 11:45:48.432204
Thessaly 2021,HT.TYRN,S,2021-03-03 11:49:06.420877
Thessaly 2021,HT.TYRN,S,2021-03-03 11:52:05.312740
Thessaly 2021,HT.TYRN,S,2021-03-03 11:55:53.094769
Thessaly 2021,HT.TYRN,S,2021-03-03 11:57:52.007185
Thessaly 2021,HT.TYRN,S,2021-03-03 12:02:40.930652
Thessaly 2021,HT.TYRN,S,2021-03-03 12:12:12.216490
Thessaly 2021,HT.TYRN,S,2021-03-03 12:17:01.855688
Thessaly 2021,HT.TYRN,S,2021-03-03 12:20:13.296728
Thessaly 2021,HT.TYRN,S,2021-03-03 12:21:04.772902
Thessaly 2021,HT.TYRN,S,2021-03-03 12:24:13.930414
Thessaly 2021,HT.TYRN,S,2021-03-03 12:26:14.185341
Thessaly 2021,HT.TYRN,S,2021-03-03 12:31:32.473093
Thessaly 2021,HT.TYRN,S,2021-03-03 12:32:59.504131
Thessaly 2021,HT.TYRN,S,2021-03-03 12:35:26.490327
Thessaly 2021,HT.TYRN,S,2021-03-03 12:37:46.675263
Thessaly 2021,HT.TYRN,S,2021-03-03 12:46:57.460280
Thessaly 2021,HT.TYRN,S,2021-03-03 12:48:26.111788
Thessaly 2021,HT.TYRN,S,2021-03-03 12:53:21.365983
Thessaly 2021,HT.TYRN,S,2021-03-03 12:54:49.325808
Thessaly 2021,HT.TYRN,S,2021-03-03 13:00:03.095540
Thessaly 2021,HT.TYRN,S,2021-03-03 13:02:50.925460
Thessaly 2021,HT.TYRN,S,2021-03-03 13:07:16.497133
Thessaly 2021,HT.TYRN,S,2021-03-03 13:07:42.786598
Thessaly 2021,HT.TYRN,S,2021-03-03 13:07:53.795478
Thessaly 2021,HT.TYRN,S,2021-03-03 13:08:51.889278
Thessaly 2021,HT.TYRN,S,2021-03-03 13:09:20.911783
Thessaly 2021,HT.TYRN,S,2021-03-03 13:14:44.705665
Thessaly 2021,HT.TYRN,S,2021-03-03 13:15:25.146036
Thessaly 2021,HT.TYRN,S,2021-03-03 13:15:55.801550
Thessaly 2021,HT.TYRN,S,2021-03-03 13:16:40.074745
Thessaly 2021,HT.TYRN,S,2021-03-03 13:18:18.768929
Thessaly 2021,HT.TYRN,S,2021-03-03 13:19:14.097919
Thessaly 2021,HT.TYRN,S,2021-03-03 13:19:42.912371
Thessaly 2021,HT.TYRN,S,2021-03-03 13:20:54.989689
Thessaly 2021,HT.TYRN,S,2021-03-03 13:21:07.422688
