shard_id,basis,files,survivors,planned,with_picks,recorded,lost
2018019-2018039-8ee7cf10b830,plan up to the resumed attempt's first day (progress overwritten),16,12,648,202,47,472
2023233-2023253-1c91af83c6c9,plan up to the resumed attempt's first day (progress overwritten),7,5,629,194,57,472
2023273-2023293-e95cbcef4c9a,plan up to the resumed attempt's first day (progress overwritten),6,2,468,67,60,457
2013165-2013185-0f22d3e24bfa,plan up to the resumed attempt's first day (progress overwritten),10,6,578,160,40,448
2014060-2014080-ffc43f0de57f,plan up to the resumed attempt's first day (progress overwritten),6,2,476,87,68,441
2024188-2024208-c803c7f272ab,plan up to the resumed attempt's first day (progress overwritten),7,5,648,240,48,441
2025082-2025102-aaed97ab8099,plan up to the resumed attempt's first day (progress overwritten),9,8,720,327,40,427
2024008-2024028-1a172f719e76,plan up to the resumed attempt's first day (progress overwritten),6,5,630,231,40,427
2025002-2025022-f7b6d6258d6a,plan up to the resumed attempt's first day (progress overwritten),5,2,507,200,120,419
2019154-2019174-736c02f766d7,plan up to the resumed attempt's first day (progress overwritten),6,5,630,240,40,418
2024028-2024048-6ff5938c4ae6,plan up to the resumed attempt's first day (progress overwritten),7,5,595,230,58,410
2023173-2023193-6087ec34e5f5,plan up to the resumed attempt's first day (progress overwritten),7,5,595,216,53,409
2022298-2022318-84c3f485efa7,plan up to the resumed attempt's first day (progress overwritten),7,5,595,228,60,407
2016130-2016150-a6f065e02674,plan up to the resumed attempt's first day (progress overwritten),4,2,495,144,64,406
2014060-2014080-10cb4bb9d203,plan up to the resumed attempt's first day (progress overwritten),15,6,490,172,100,404
2023153-2023173-c97395c23a6b,plan up to the resumed attempt's first day (progress overwritten),10,4,490,176,101,403
2017304-2017324-0a54445e1fac,plan up to the resumed attempt's first day (progress overwritten),10,6,510,169,67,402
2017244-2017264-008592dbf0b9,plan up to the resumed attempt's first day (progress overwritten),8,2,442,136,100,401
2019194-2019214-3a7afcf4c481,plan up to the resumed attempt's first day (progress overwritten),6,3,512,157,66,401
2014100-2014120-56de7aff3123,plan up to the resumed attempt's first day (progress overwritten),15,6,490,177,100,400
2021363-2022018-8006a3a13f24,plan up to the resumed attempt's first day (progress overwritten),11,7,528,184,57,398
2021183-2021203-f0a6c32e5459,plan up to the resumed attempt's first day (progress overwritten),5,2,480,152,81,396
2023033-2023053-afbfa2eeb161,plan up to the resumed attempt's first day (progress overwritten),12,8,560,227,75,396
2022298-2022318-40d31b6d0b44,plan up to the resumed attempt's first day (progress overwritten),4,2,476,139,61,395
2017324-2017344-0a04f47e5aa7,plan up to the resumed attempt's first day (progress overwritten),6,4,525,184,62,395
2010201-2010221-8afc30096ae9,plan up to the resumed attempt's first day (progress overwritten),12,8,525,185,57,394
2017244-2017264-03e1b039ce9d,plan up to the resumed attempt's first day (progress overwritten),4,2,480,143,69,392
2012211-2012231-8497d79e54ee,plan up to the resumed attempt's first day (progress overwritten),9,3,468,310,207,390
2023033-2023053-dc22b60c508a,plan up to the resumed attempt's first day (progress overwritten),7,6,630,274,40,388
2018099-2018119-239cd6bf7d93,plan up to the resumed attempt's first day (progress overwritten),5,3,512,171,60,387
2010161-2010181-9edd79223b79,plan up to the resumed attempt's first day (progress overwritten),9,7,684,333,58,387
2023013-2023033-014e228d8f98,plan up to the resumed attempt's first day (progress overwritten),7,4,560,238,80,386
2010241-2010261-3782cf54087d,plan up to the resumed attempt's first day (progress overwritten),7,6,629,278,40,384
2024348-2025002-98478803bba7,plan up to the resumed attempt's first day (progress overwritten),7,4,560,240,80,384
2024308-2024328-ba6735005c11,plan up to the resumed attempt's first day (progress overwritten),6,4,560,240,80,384
2020069-2020089-90dc1ad114ff,plan up to the resumed attempt's first day (progress overwritten),4,2,464,119,41,383
2025062-2025082-92fa96ae1d11,plan up to the resumed attempt's first day (progress overwritten),7,6,630,279,40,383
2011156-2011176-fc756038da8e,plan up to the resumed attempt's first day (progress overwritten),10,1,429,380,340,382
2016190-2016210-462d285b7ee7,plan up to the resumed attempt's first day (progress overwritten),21,3,432,243,205,382
2013305-2013325-b77df368afa9,plan up to the resumed attempt's first day (progress overwritten),16,2,432,242,207,382
2017304-2017324-292e49b15bee,plan up to the resumed attempt's first day (progress overwritten),6,5,544,195,40,382
2019094-2019114-c9b8866739f7,plan up to the resumed attempt's first day (progress overwritten),6,4,544,204,60,381
2011216-2011236-8f2a506d594a,plan up to the resumed attempt's first day (progress overwritten),16,9,504,229,109,380
2011256-2011276-3587b2dea4f5,plan up to the resumed attempt's first day (progress overwritten),15,5,468,202,121,380
2024348-2025002-e953555ecadf,plan up to the resumed attempt's first day (progress overwritten),18,6,468,200,120,380
2019174-2019194-fcbf6c8370c1,plan up to the resumed attempt's first day (progress overwritten),9,5,464,127,47,379
2013185-2013205-7856dd43831a,plan up to the resumed attempt's first day (progress overwritten),11,2,480,407,327,377
2024328-2024348-a72b4aa696af,plan up to the resumed attempt's first day (progress overwritten),7,5,560,248,80,376
2017024-2017044-f3222ec033f1,plan up to the resumed attempt's first day (progress overwritten),11,7,510,197,67,372
2010341-2010361-10c95a037a5e,plan up to the resumed attempt's first day (progress overwritten),10,1,418,378,338,371
2024328-2024348-2d280ae6600d,plan up to the resumed attempt's first day (progress overwritten),15,11,680,375,141,371
2025182-2025202-ceae7fbea4f2,plan up to the resumed attempt's first day (progress overwritten),7,3,504,260,140,370
2015155-2015175-5bacf3e0104e,plan up to the resumed attempt's first day (progress overwritten),21,3,432,263,223,370
2019254-2019274-3d2680a0ed60,plan up to the resumed attempt's first day (progress overwritten),14,4,468,261,181,369
2025342-2025362-e97cad7b8392,plan up to the resumed attempt's first day (progress overwritten),24,18,612,303,78,369
2025282-2025302-e5e5d2f27ff4,plan up to the resumed attempt's first day (progress overwritten),5,1,416,167,127,368
2017224-2017244-131bb7402784,plan up to the resumed attempt's first day (progress overwritten),21,6,468,264,185,367
2018219-2018239-c6997070243d,plan up to the resumed attempt's first day (progress overwritten),4,1,416,140,100,367
2022098-2022118-f88061a08dcf,plan up to the resumed attempt's first day (progress overwritten),21,3,432,266,226,367
2012191-2012211-251817528104,plan up to the resumed attempt's first day (progress overwritten),16,4,468,265,185,366
2013065-2013085-b202b269cef7,plan up to the resumed attempt's first day (progress overwritten),16,5,468,264,184,366
2014180-2014200-898214eb0db2,plan up to the resumed attempt's first day (progress overwritten),11,4,520,394,268,366
2024288-2024308-2244923f961a,plan up to the resumed attempt's first day (progress overwritten),12,6,532,258,166,365
2024188-2024208-d9ea3446457c,plan up to the resumed attempt's first day (progress overwritten),5,3,493,165,50,365
2013125-2013145-0780e26ce980,plan up to the resumed attempt's first day (progress overwritten),17,5,468,268,188,365
2017284-2017304-b351e331e00a,plan up to the resumed attempt's first day (progress overwritten),4,2,448,154,80,364
2025242-2025262-3046c07ee9b8,plan up to the resumed attempt's first day (progress overwritten),7,4,525,241,87,364
2021243-2021263-a201739f5bab,plan up to the resumed attempt's first day (progress overwritten),6,3,462,186,100,363
2025062-2025082-3c15c2ac2731,plan up to the resumed attempt's first day (progress overwritten),6,3,465,162,99,363
2012291-2012311-1c0a32f5b9dc,plan up to the resumed attempt's first day (progress overwritten),10,6,629,374,137,363
2024228-2024248-1487a9e3b644,plan up to the resumed attempt's first day (progress overwritten),3,1,406,80,40,362
2021283-2021303-000187dce77f,plan up to the resumed attempt's first day (progress overwritten),21,10,504,259,137,362
2021363-2022018-4d12c9c8be08,plan up to the resumed attempt's first day (progress overwritten),7,5,528,225,61,362
2025242-2025262-a8093640690f,plan up to the resumed attempt's first day (progress overwritten),6,1,396,204,172,361
2016010-2016030-c02f6467a3ca,plan up to the resumed attempt's first day (progress overwritten),4,2,448,132,52,360
2011256-2011276-08fdff095750,plan up to the resumed attempt's first day (progress overwritten),9,2,408,136,96,360
2022038-2022058-59c79540d043,plan up to the resumed attempt's first day (progress overwritten),5,3,464,147,53,360
2017264-2017284-893b78f74d21,plan up to the resumed attempt's first day (progress overwritten),12,8,480,160,60,360
2011316-2011336-de45cb48eced,plan up to the resumed attempt's first day (progress overwritten),11,1,440,440,400,360
2018019-2018039-0e18c5efaea7,plan up to the resumed attempt's first day (progress overwritten),7,5,512,202,60,359
2024248-2024268-306f48d0baa9,plan up to the resumed attempt's first day (progress overwritten),8,6,594,271,41,359
2024348-2025002-023b79ced8e9,plan up to the resumed attempt's first day (progress overwritten),9,6,527,214,53,355
2018159-2018179-57c02ec0434c,plan up to the resumed attempt's first day (progress overwritten),3,1,392,79,56,353
2021343-2021363-a8403773aed8,plan up to the resumed attempt's first day (progress overwritten),5,1,396,170,134,353
2016130-2016150-bde80bed2d09,plan up to the resumed attempt's first day (progress overwritten),9,1,407,360,320,353
2017004-2017024-8ce6da35593b,plan up to the resumed attempt's first day (progress overwritten),20,5,432,271,195,353
2025222-2025242-614f7bf5e313,plan up to the resumed attempt's first day (progress overwritten),8,6,594,279,50,352
2012311-2012331-b0b3c2ccda85,plan up to the resumed attempt's first day (progress overwritten),11,3,480,411,308,351
2023193-2023213-6d2ba6c5075a,plan up to the resumed attempt's first day (progress overwritten),4,2,435,140,60,350
2025242-2025262-e7628f6bdd65,plan up to the resumed attempt's first day (progress overwritten),19,4,396,244,199,350
2024248-2024268-d8508d7a5ff0,plan up to the resumed attempt's first day (progress overwritten),6,4,510,201,60,348
2011156-2011176-0501b6cdadc2,plan up to the resumed attempt's first day (progress overwritten),12,6,432,125,51,348
2024068-2024088-664e761289dc,plan up to the resumed attempt's first day (progress overwritten),4,1,396,152,113,348
2014280-2014300-6508eaab4ab6,plan up to the resumed attempt's first day (progress overwritten),15,5,432,269,188,347
2012191-2012211-c1014447139a,plan up to the resumed attempt's first day (progress overwritten),4,3,476,160,40,346
2017344-2017364-68cc10dcb20b,plan up to the resumed attempt's first day (progress overwritten),3,1,392,100,60,346
2021023-2021043-14a2ee64b689,plan up to the resumed attempt's first day (progress overwritten),5,3,450,165,69,345
2025302-2025322-bb7ac3cb6028,plan up to the resumed attempt's first day (progress overwritten),21,6,432,255,189,345
2014220-2014240-1b2fd72e1a7b,plan up to the resumed attempt's first day (progress overwritten),20,8,468,288,185,344
2024308-2024328-2211d14c48bc,plan up to the resumed attempt's first day (progress overwritten),5,1,396,187,150,343
2023233-2023253-a56eebd8f37e,plan up to the resumed attempt's first day (progress overwritten),10,7,608,348,106,343
2025002-2025022-47329394eeda,plan up to the resumed attempt's first day (progress overwritten),5,1,396,194,160,342
2025282-2025302-a7ac5d250e62,plan up to the resumed attempt's first day (progress overwritten),21,9,468,280,160,342
2020069-2020089-419de360a73e,plan up to the resumed attempt's first day (progress overwritten),6,4,512,230,80,341
2015035-2015055-b78a9ff90a85,plan up to the resumed attempt's first day (progress overwritten),12,7,585,365,169,341
2022218-2022238-c07c1c4c031c,plan up to the resumed attempt's first day (progress overwritten),24,9,468,305,185,340
2016310-2016330-d1ac48d469b1,plan up to the resumed attempt's first day (progress overwritten),5,2,420,162,100,338
2016130-2016150-c4d0d532cb99,plan up to the resumed attempt's first day (progress overwritten),10,3,468,386,268,337
2017124-2017144-5c25cd510b6e,plan up to the resumed attempt's first day (progress overwritten),5,2,420,164,100,337
2016250-2016270-bb7e9b3120ce,plan up to the resumed attempt's first day (progress overwritten),24,12,504,308,148,337
2014080-2014100-078d3832f9ae,plan up to the resumed attempt's first day (progress overwritten),4,3,432,128,40,336
2020349-2021003-3ec3c0e575c3,plan up to the resumed attempt's first day (progress overwritten),24,4,432,293,225,336
2024308-2024328-bcfd70a8d27b,plan up to the resumed attempt's first day (progress overwritten),8,2,390,134,94,336
2014120-2014140-28e3508b1bf7,plan up to the resumed attempt's first day (progress overwritten),18,2,360,257,241,336
2020209-2020229-ac7a9a11f2ef,plan up to the resumed attempt's first day (progress overwritten),5,3,435,154,60,336
2017124-2017144-e77bc3db0cc7,plan up to the resumed attempt's first day (progress overwritten),4,2,420,137,72,336
2020209-2020229-e42c0b27afd3,plan up to the resumed attempt's first day (progress overwritten),12,8,495,230,80,335
2019154-2019174-1c47e26497d0,plan up to the resumed attempt's first day (progress overwritten),5,3,448,160,53,335
2024128-2024148-5fa9f244be35,plan up to the resumed attempt's first day (progress overwritten),18,12,510,220,60,335
2018059-2018079-6e8749ed7328,plan up to the resumed attempt's first day (progress overwritten),12,8,465,196,69,334
2025102-2025122-a4831d57edb7,plan up to the resumed attempt's first day (progress overwritten),8,4,495,254,100,332
2025142-2025162-a540eb3d9b2d,plan up to the resumed attempt's first day (progress overwritten),24,17,544,286,82,332
2023073-2023093-e7d8eeb4d720,plan up to the resumed attempt's first day (progress overwritten),6,3,450,185,72,332
2011036-2011056-d0457127be66,plan up to the resumed attempt's first day (progress overwritten),11,3,456,420,300,332
2016210-2016230-fb3f3273b695,plan up to the resumed attempt's first day (progress overwritten),12,4,480,445,297,331
2020129-2020149-5dbd064a262d,plan up to the resumed attempt's first day (progress overwritten),6,4,493,212,62,331
2018219-2018239-300ef69aac6a,plan up to the resumed attempt's first day (progress overwritten),16,3,396,287,251,331
2021303-2021323-3eb420f73ef7,plan up to the resumed attempt's first day (progress overwritten),5,1,363,162,141,330
2022318-2022338-380a56026431,plan up to the resumed attempt's first day (progress overwritten),14,6,455,231,121,329
2014280-2014300-154de0cab676,plan up to the resumed attempt's first day (progress overwritten),13,6,546,413,248,329
2025222-2025242-dea8aabc01b9,plan up to the resumed attempt's first day (progress overwritten),24,13,468,295,137,329
2025082-2025102-a2da38be9a85,plan up to the resumed attempt's first day (progress overwritten),8,5,495,255,100,329
2023333-2023353-3bb7bd8a76c8,plan up to the resumed attempt's first day (progress overwritten),7,4,462,230,114,329
2010221-2010241-82792d049185,plan up to the resumed attempt's first day (progress overwritten),10,7,629,379,100,328
2016030-2016050-c833b4f1f80f,plan up to the resumed attempt's first day (progress overwritten),10,2,407,388,320,325
2022118-2022138-c31cf1d0b5ff,plan up to the resumed attempt's first day (progress overwritten),11,3,374,176,136,325
2023333-2023353-904d6b048f58,plan up to the resumed attempt's first day (progress overwritten),8,2,384,249,213,324
2025222-2025242-03651e9ccba5,plan up to the resumed attempt's first day (progress overwritten),13,1,360,453,465,324
2021123-2021143-ddd98dccfe02,plan up to the resumed attempt's first day (progress overwritten),27,15,540,339,143,324
2022058-2022078-b11452c147ac,plan up to the resumed attempt's first day (progress overwritten),7,6,558,264,40,324
2016190-2016210-398a2e1b53c4,plan up to the resumed attempt's first day (progress overwritten),3,2,408,115,40,324
2025042-2025062-7023ca13eb50,plan up to the resumed attempt's first day (progress overwritten),8,5,442,166,58,324
2025062-2025082-c11dd6f90327,plan up to the resumed attempt's first day (progress overwritten),8,6,561,293,60,323
2023033-2023053-2ea3b2849aa4,plan up to the resumed attempt's first day (progress overwritten),5,2,406,168,89,323
2012151-2012171-aaee9be451c3,plan up to the resumed attempt's first day (progress overwritten),10,3,432,358,268,322
2023333-2023353-172ac2619399,plan up to the resumed attempt's first day (progress overwritten),5,3,420,165,70,322
2011256-2011276-854276ec096c,plan up to the resumed attempt's first day (progress overwritten),12,2,440,468,400,322
2012011-2012031-06766ffe094b,plan up to the resumed attempt's first day (progress overwritten),9,2,420,351,280,320
2024308-2024328-c14330e2973b,plan up to the resumed attempt's first day (progress overwritten),4,1,360,152,113,320
2025182-2025202-15bb7ce2fb23,plan up to the resumed attempt's first day (progress overwritten),16,6,442,292,178,320
2022358-2023013-5e4ba531dd23,plan up to the resumed attempt's first day (progress overwritten),6,4,476,197,60,318
2023213-2023233-fa9aa04e2dbc,plan up to the resumed attempt's first day (progress overwritten),7,2,416,255,180,318
2019254-2019274-d4323ced6881,plan up to the resumed attempt's first day (progress overwritten),4,1,350,99,86,317
2010221-2010241-3b32f10aace9,plan up to the resumed attempt's first day (progress overwritten),10,7,608,399,120,317
2024148-2024168-9d53d5adf5c8,plan up to the resumed attempt's first day (progress overwritten),5,3,405,137,60,317
2023333-2023353-817bc8f1a487,plan up to the resumed attempt's first day (progress overwritten),5,1,363,187,156,317
2016130-2016150-39c9c5933745,plan up to the resumed attempt's first day (progress overwritten),12,5,520,476,276,317
2020069-2020089-76a3f7d54841,plan up to the resumed attempt's first day (progress overwritten),4,1,364,139,99,316
2020269-2020289-0506e4b3916a,plan up to the resumed attempt's first day (progress overwritten),5,3,420,155,63,316
2025242-2025262-dbd537ef430d,plan up to the resumed attempt's first day (progress overwritten),4,1,352,143,120,316
2012091-2012111-12f9c59f1248,plan up to the resumed attempt's first day (progress overwritten),28,19,576,344,102,315
2016210-2016230-9b94f79f1cdb,plan up to the resumed attempt's first day (progress overwritten),27,15,504,334,156,315
2017084-2017104-b3f5ed5bad74,plan up to the resumed attempt's first day (progress overwritten),6,3,420,188,100,314
2016310-2016330-24def80ddc0e,plan up to the resumed attempt's first day (progress overwritten),9,2,407,337,257,313
2025342-2025362-ae33816f325e,plan up to the resumed attempt's first day (progress overwritten),16,9,480,282,121,313
2017364-2018019-13257b17c241,plan up to the resumed attempt's first day (progress overwritten),23,5,360,284,239,312
2021203-2021223-dfe1579d3b95,plan up to the resumed attempt's first day (progress overwritten),7,4,462,233,98,312
2015095-2015115-11a4a6020ca8,plan up to the resumed attempt's first day (progress overwritten),4,3,442,160,40,312
2021183-2021203-01cf01a6d670,plan up to the resumed attempt's first day (progress overwritten),5,4,476,200,40,312
2023093-2023113-0ae2e13821e7,plan up to the resumed attempt's first day (progress overwritten),14,2,352,276,236,310
2013245-2013265-621bd6c35719,plan up to the resumed attempt's first day (progress overwritten),4,2,390,131,60,310
2011276-2011296-d2369dc0bf3f,plan up to the resumed attempt's first day (progress overwritten),10,6,560,377,139,310
2017284-2017304-a2f6f4152a60,plan up to the resumed attempt's first day (progress overwritten),18,9,495,327,172,310
2021243-2021263-5a20b1aa2a15,plan up to the resumed attempt's first day (progress overwritten),12,1,360,457,420,310
2022178-2022198-ec3dbb9eb35e,plan up to the resumed attempt's first day (progress overwritten),27,9,432,323,223,309
2020209-2020229-895c65a6392c,plan up to the resumed attempt's first day (progress overwritten),5,4,442,163,40,309
2020149-2020169-dd9046973f45,plan up to the resumed attempt's first day (progress overwritten),27,9,432,325,225,309
2023313-2023333-132779f8e71c,plan up to the resumed attempt's first day (progress overwritten),5,3,416,147,60,308
2011156-2011176-91d350317f99,plan up to the resumed attempt's first day (progress overwritten),3,1,350,92,68,307
2025122-2025142-9129181439ec,plan up to the resumed attempt's first day (progress overwritten),21,15,512,278,78,306
2012211-2012231-1906a67a62e3,plan up to the resumed attempt's first day (progress overwritten),6,4,448,184,60,306
2022358-2023013-76f5ba5c8053,plan up to the resumed attempt's first day (progress overwritten),11,7,570,395,142,305
2018259-2018279-72e76828c152,plan up to the resumed attempt's first day (progress overwritten),5,1,352,150,111,304
2019014-2019034-3aec36dac654,plan up to the resumed attempt's first day (progress overwritten),5,2,390,140,78,304
2016270-2016290-b308f43864f3,plan up to the resumed attempt's first day (progress overwritten),4,2,350,93,52,304
2016150-2016170-a544d74650ce,plan up to the resumed attempt's first day (progress overwritten),4,3,416,144,40,304
2022098-2022118-8df1fb10b4c8,plan up to the resumed attempt's first day (progress overwritten),8,1,324,133,122,304
2023173-2023193-a420a7d65952,plan up to the resumed attempt's first day (progress overwritten),21,15,493,234,59,303
2022218-2022238-63515f1b579e,plan up to the resumed attempt's first day (progress overwritten),4,1,351,136,101,303
2023173-2023193-1bdb5f98a032,plan up to the resumed attempt's first day (progress overwritten),10,6,392,166,79,303
2025282-2025302-97a34435ceda,plan up to the resumed attempt's first day (progress overwritten),6,4,476,220,60,301
2012091-2012111-f420b228cfa7,plan up to the resumed attempt's first day (progress overwritten),10,3,420,359,260,301
2022358-2023013-2ea98c150629,plan up to the resumed attempt's first day (progress overwritten),13,7,434,224,102,300
2010061-2010081-149dec94c8af,plan up to the resumed attempt's first day (progress overwritten),4,2,391,113,44,300
2017004-2017024-ec0c0cb47160,plan up to the resumed attempt's first day (progress overwritten),12,7,585,441,171,300
2014120-2014140-65a041f98378,plan up to the resumed attempt's first day (progress overwritten),11,1,360,434,400,300
2015015-2015035-8bd63f4a0b72,plan up to the resumed attempt's first day (progress overwritten),19,5,396,303,230,300
2012031-2012051-ed969141755d,plan up to the resumed attempt's first day (progress overwritten),10,2,374,371,300,299
2023293-2023313-51941abf7b71,plan up to the resumed attempt's first day (progress overwritten),6,4,435,190,60,299
2017024-2017044-f0fde1d85b9a,plan up to the resumed attempt's first day (progress overwritten),5,3,390,150,64,298
2025102-2025122-a1d86a43280e,plan up to the resumed attempt's first day (progress overwritten),24,18,544,297,57,298
2023133-2023153-9602ba62439a,plan up to the resumed attempt's first day (progress overwritten),16,3,352,276,228,298
2012331-2012351-8a8c547c9d13,plan up to the resumed attempt's first day (progress overwritten),13,5,480,469,300,298
2014260-2014280-dd7960d6147d,plan up to the resumed attempt's first day (progress overwritten),21,7,385,219,140,297
2025282-2025302-8fbe9e41fcbc,plan up to the resumed attempt's first day (progress overwritten),30,18,540,374,143,297
2014260-2014280-aae2b9be52de,plan up to the resumed attempt's first day (progress overwritten),8,6,510,258,54,297
2012131-2012151-b685e127aff8,plan up to the resumed attempt's first day (progress overwritten),10,4,455,368,220,297
2018139-2018159-7ce8bf95d6dc,plan up to the resumed attempt's first day (progress overwritten),3,2,378,112,40,297
2012251-2012271-454662b821c0,plan up to the resumed attempt's first day (progress overwritten),10,3,420,389,280,296
2018059-2018079-5b64626767af,plan up to the resumed attempt's first day (progress overwritten),4,1,308,111,100,296
2021243-2021263-dc26eb6623c7,plan up to the resumed attempt's first day (progress overwritten),5,1,315,173,160,296
2012191-2012211-f20aa5008712,plan up to the resumed attempt's first day (progress overwritten),10,3,420,389,280,296
2017264-2017284-3dc5a62794d6,plan up to the resumed attempt's first day (progress overwritten),5,3,392,149,60,296
2021343-2021363-15095f1769dc,plan up to the resumed attempt's first day (progress overwritten),12,6,560,475,236,296
2011176-2011196-e28a1c0bf394,plan up to the resumed attempt's first day (progress overwritten),4,2,364,138,80,296
2012291-2012311-b3ab94574301,plan up to the resumed attempt's first day (progress overwritten),8,1,306,113,120,295
2024168-2024188-958857ff84b6,plan up to the resumed attempt's first day (progress overwritten),7,5,496,253,59,295
2024348-2025002-769713c877a5,plan up to the resumed attempt's first day (progress overwritten),8,5,462,274,80,294
2023253-2023273-87ecdcb83b20,plan up to the resumed attempt's first day (progress overwritten),4,1,338,125,100,294
2019114-2019134-fc14342d2bad,plan up to the resumed attempt's first day (progress overwritten),36,30,684,414,45,294
2022338-2022358-02cbd5a7ce4a,plan up to the resumed attempt's first day (progress overwritten),4,1,338,129,99,293
2021003-2021023-0365810d331a,plan up to the resumed attempt's first day (progress overwritten),4,2,384,132,52,293
2024148-2024168-11d481aa25a0,plan up to the resumed attempt's first day (progress overwritten),33,24,576,383,103,292
2024268-2024288-ffabaf01516a,plan up to the resumed attempt's first day (progress overwritten),23,17,510,269,57,292
2024128-2024148-905f462a7c73,plan up to the resumed attempt's first day (progress overwritten),6,3,420,207,99,292
2024188-2024208-c92549e19bd3,plan up to the resumed attempt's first day (progress overwritten),21,18,540,280,40,292
2017144-2017164-43b2e73c2781,plan up to the resumed attempt's first day (progress overwritten),6,3,403,201,100,292
2010241-2010261-53bf1af1d9ab,plan up to the resumed attempt's first day (progress overwritten),11,3,432,422,314,292
2017304-2017324-5d2b792ee666,plan up to the resumed attempt's first day (progress overwritten),28,19,576,381,120,291
2023173-2023193-7153c50e646a,plan up to the resumed attempt's first day (progress overwritten),7,4,420,192,82,291
2023213-2023233-d3f8bb9e8d3b,plan up to the resumed attempt's first day (progress overwritten),6,1,336,221,181,291
2015015-2015035-4f61fdd8a198,plan up to the resumed attempt's first day (progress overwritten),7,6,540,278,40,290
2015075-2015095-93943747cf5a,plan up to the resumed attempt's first day (progress overwritten),6,3,406,188,77,290
2018339-2018359-4e2621463a61,plan up to the resumed attempt's first day (progress overwritten),3,1,338,119,79,289
2011096-2011116-9086f42438a5,plan up to the resumed attempt's first day (progress overwritten),12,5,351,480,280,289
2024308-2024328-d25c02a2a33c,plan up to the resumed attempt's first day (progress overwritten),21,15,496,279,79,289
2023053-2023073-8aa9213524ed,plan up to the resumed attempt's first day (progress overwritten),7,4,450,239,98,289
2022158-2022178-062d8822833e,plan up to the resumed attempt's first day (progress overwritten),10,4,378,180,100,288
2019174-2019194-e755d72c5624,plan up to the resumed attempt's first day (progress overwritten),3,1,333,100,60,288
2023113-2023133-dd85a7f252a3,plan up to the resumed attempt's first day (progress overwritten),21,18,522,262,40,288
2016030-2016050-bd8ea464e89d,plan up to the resumed attempt's first day (progress overwritten),31,25,612,395,78,288
2022258-2022278-9fdaa970f9ae,plan up to the resumed attempt's first day (progress overwritten),30,9,432,351,231,287
2016270-2016290-5dacc1759bed,plan up to the resumed attempt's first day (progress overwritten),6,5,442,184,40,287
2024108-2024128-ffa1e7dcdac4,plan up to the resumed attempt's first day (progress overwritten),23,17,510,263,60,286
2015275-2015295-a6157180f7f7,plan up to the resumed attempt's first day (progress overwritten),4,2,322,61,40,286
2018039-2018059-b77bdd96dc63,plan up to the resumed attempt's first day (progress overwritten),6,5,468,205,40,286
2020329-2020349-4bcfcf6bf2a3,plan up to the resumed attempt's first day (progress overwritten),18,8,468,344,184,286
2023273-2023293-0ca7aded5946,plan up to the resumed attempt's first day (progress overwritten),5,1,308,156,142,285
2012331-2012351-1d0997f41c2a,plan up to the resumed attempt's first day (progress overwritten),3,1,315,85,60,285
2014320-2014340-f1cb80246467,plan up to the resumed attempt's first day (progress overwritten),13,2,400,473,395,285
2020289-2020309-c49ac4a6df4f,plan up to the resumed attempt's first day (progress overwritten),6,2,372,199,120,285
2016330-2016350-5317bef043b7,plan up to the resumed attempt's first day (progress overwritten),13,6,520,500,275,284
2022298-2022318-7b193f1b6f5a,plan up to the resumed attempt's first day (progress overwritten),6,3,392,186,94,284
2024348-2025002-8192848f39d1,plan up to the resumed attempt's first day (progress overwritten),5,1,338,148,112,284
2021083-2021103-85b0cfefee58,plan up to the resumed attempt's first day (progress overwritten),8,4,350,120,55,283
2020329-2020349-f917f5133135,plan up to the resumed attempt's first day (progress overwritten),8,4,350,122,59,282
2018259-2018279-33b94dec9fa7,plan up to the resumed attempt's first day (progress overwritten),5,4,442,190,40,282
2021303-2021323-8b7869d48dbf,plan up to the resumed attempt's first day (progress overwritten),32,23,576,395,109,282
2017284-2017304-b2553761d5ed,plan up to the resumed attempt's first day (progress overwritten),6,1,336,228,189,282
2022158-2022178-360e62ce2dde,plan up to the resumed attempt's first day (progress overwritten),5,4,442,197,40,281
2011336-2011356-33c7d2570df5,plan up to the resumed attempt's first day (progress overwritten),10,3,408,394,276,281
2023113-2023133-c688d8fd600d,plan up to the resumed attempt's first day (progress overwritten),19,13,459,221,58,281
2023273-2023293-d14073c00894,plan up to the resumed attempt's first day (progress overwritten),6,4,416,183,60,281
2021363-2022018-f1815ca91cf7,plan up to the resumed attempt's first day (progress overwritten),4,1,312,112,99,280
2012151-2012171-54f3b56b2697,plan up to the resumed attempt's first day (progress overwritten),10,2,374,372,320,280
2019194-2019214-a465d2584aac,plan up to the resumed attempt's first day (progress overwritten),7,2,364,215,140,280
2014080-2014100-4a5b63772a7a,plan up to the resumed attempt's first day (progress overwritten),6,4,420,211,79,280
2023293-2023313-3c7cf2fb4675,plan up to the resumed attempt's first day (progress overwritten),9,6,495,302,97,280
2025062-2025082-a57d024f9611,plan up to the resumed attempt's first day (progress overwritten),6,4,448,227,80,280
2024228-2024248-9ba9b9395c1e,plan up to the resumed attempt's first day (progress overwritten),5,2,364,156,80,279
2021343-2021363-39b598bdf411,plan up to the resumed attempt's first day (progress overwritten),33,27,648,417,62,279
2025202-2025222-d4fde3d235af,plan up to the resumed attempt's first day (progress overwritten),6,4,405,182,63,279
2018099-2018119-fd73f77fe4b6,plan up to the resumed attempt's first day (progress overwritten),33,27,648,420,61,278
2011096-2011116-bf16fdb31817,plan up to the resumed attempt's first day (progress overwritten),2,1,322,80,40,278
2020149-2020169-555f404c35ee,plan up to the resumed attempt's first day (progress overwritten),12,7,532,430,197,277
2012291-2012311-f4b6ae9f7bbf,plan up to the resumed attempt's first day (progress overwritten),6,3,390,161,60,277
2025302-2025322-9bd8bb3ae7e8,plan up to the resumed attempt's first day (progress overwritten),11,3,341,208,160,277
2024328-2024348-d77c2201af50,plan up to the resumed attempt's first day (progress overwritten),19,13,544,360,120,277
2021203-2021223-2b05b970746b,plan up to the resumed attempt's first day (progress overwritten),33,24,576,399,107,277
2010181-2010201-1fb268dee919,plan up to the resumed attempt's first day (progress overwritten),20,4,296,143,140,277
2016070-2016090-34cb22e06da6,plan up to the resumed attempt's first day (progress overwritten),16,4,360,293,232,277
2021163-2021183-0f2bce8c9463,plan up to the resumed attempt's first day (progress overwritten),4,1,322,99,60,277
2024208-2024228-1b3c04b8565f,plan up to the resumed attempt's first day (progress overwritten),24,21,540,296,40,276
2022338-2022358-034c908dee7f,plan up to the resumed attempt's first day (progress overwritten),13,7,560,513,233,275
2021223-2021243-975232300ffe,plan up to the resumed attempt's first day (progress overwritten),4,2,360,140,60,275
2010241-2010261-5663464cd06a,plan up to the resumed attempt's first day (progress overwritten),13,6,507,491,260,275
2013225-2013245-7c3c702d7bdc,plan up to the resumed attempt's first day (progress overwritten),27,21,648,418,66,275
2017044-2017064-79db21b0ac0e,plan up to the resumed attempt's first day (progress overwritten),7,2,360,191,131,275
2012211-2012231-5645a658712c,plan up to the resumed attempt's first day (progress overwritten),11,4,420,410,280,274
2023073-2023093-801f2428b215,plan up to the resumed attempt's first day (progress overwritten),7,3,392,197,100,274
2025022-2025042-99b4d357629e,plan up to the resumed attempt's first day (progress overwritten),24,15,448,275,118,274
2022298-2022318-02ba24639101,plan up to the resumed attempt's first day (progress overwritten),21,18,504,258,40,274
2024088-2024108-c6bb67439ee6,plan up to the resumed attempt's first day (progress overwritten),6,5,442,203,40,274
2023153-2023173-0879a4d3e0fe,plan up to the resumed attempt's first day (progress overwritten),10,8,576,347,60,274
2025142-2025162-1876c91efcd3,plan up to the resumed attempt's first day (progress overwritten),9,5,462,293,121,273
2025302-2025322-dcc80029d263,plan up to the resumed attempt's first day (progress overwritten),8,6,493,271,60,273
2023293-2023313-ea92fa9bdf98,plan up to the resumed attempt's first day (progress overwritten),21,15,480,271,80,273
2023213-2023233-bf9e41e103a8,plan up to the resumed attempt's first day (progress overwritten),5,2,364,183,104,272
2025182-2025202-039bb2482af3,plan up to the resumed attempt's first day (progress overwritten),6,1,324,220,180,272
2017144-2017164-ff54b0344bce,plan up to the resumed attempt's first day (progress overwritten),6,3,392,206,100,272
2011056-2011076-12e75f24cda8,plan up to the resumed attempt's first day (progress overwritten),13,6,532,481,253,271
2016090-2016110-398060424b05,plan up to the resumed attempt's first day (progress overwritten),7,5,476,250,60,271
2021143-2021163-c583f81e5171,plan up to the resumed attempt's first day (progress overwritten),14,10,459,233,60,271
2019034-2019054-81af6e0e8b7a,plan up to the resumed attempt's first day (progress overwritten),3,1,308,78,59,271
2020089-2020109-807b48873b59,plan up to the resumed attempt's first day (progress overwritten),10,7,400,169,45,271
2016210-2016230-1c2b3aeff69e,plan up to the resumed attempt's first day (progress overwritten),4,1,312,111,92,271
2015115-2015135-cc5e7fef23fa,plan up to the resumed attempt's first day (progress overwritten),30,12,432,360,214,270
2010181-2010201-7e04b426b221,plan up to the resumed attempt's first day (progress overwritten),12,1,312,474,438,270
2013245-2013265-5b7c16471a3e,plan up to the resumed attempt's first day (progress overwritten),10,6,418,399,160,270
2021223-2021243-de25a1443ca2,plan up to the resumed attempt's first day (progress overwritten),33,27,648,431,74,269
2019074-2019094-04b45ad3bf10,plan up to the resumed attempt's first day (progress overwritten),6,3,390,174,60,269
2012071-2012091-ec98b01c3ddf,plan up to the resumed attempt's first day (progress overwritten),11,6,525,405,180,269
2021323-2021343-d69fb7813011,plan up to the resumed attempt's first day (progress overwritten),12,8,432,216,61,269
2015115-2015135-3ec85e49bb67,plan up to the resumed attempt's first day (progress overwritten),4,2,338,140,80,268
2014100-2014120-5361aebfd1a0,plan up to the resumed attempt's first day (progress overwritten),5,3,384,163,59,268
2020169-2020189-9e0aed0c280a,plan up to the resumed attempt's first day (progress overwritten),10,5,350,130,60,268
2024308-2024328-98ef2b08a820,plan up to the resumed attempt's first day (progress overwritten),3,1,308,88,60,268
2020209-2020229-1a87d235d09c,plan up to the resumed attempt's first day (progress overwritten),6,3,392,219,109,268
2025062-2025082-b22768ad1d65,plan up to the resumed attempt's first day (progress overwritten),5,3,390,190,80,267
2017144-2017164-597188da3e7d,plan up to the resumed attempt's first day (progress overwritten),4,2,338,125,64,267
2016150-2016170-0ffec6444b86,plan up to the resumed attempt's first day (progress overwritten),4,2,338,136,69,266
2024328-2024348-49f306730a84,plan up to the resumed attempt's first day (progress overwritten),24,18,496,298,79,266
2022198-2022218-e764339ecfc9,plan up to the resumed attempt's first day (progress overwritten),28,6,360,345,265,266
2010281-2010301-e6ee1abc2e7d,plan up to the resumed attempt's first day (progress overwritten),11,5,468,440,240,266
2019234-2019254-a641763f94a2,plan up to the resumed attempt's first day (progress overwritten),5,4,391,150,40,266
2025042-2025062-ac6d5cfd2c4c,plan up to the resumed attempt's first day (progress overwritten),5,1,312,155,120,266
2025302-2025322-b61782153837,plan up to the resumed attempt's first day (progress overwritten),18,13,512,325,97,266
2025282-2025302-41f02b7c345f,plan up to the resumed attempt's first day (progress overwritten),4,1,312,130,100,266
2015335-2015355-3a7abcc1ab5e,plan up to the resumed attempt's first day (progress overwritten),2,1,308,78,40,265
2023113-2023133-5e6d22c11a1b,plan up to the resumed attempt's first day (progress overwritten),20,10,468,366,183,265
2015195-2015215-421ca28709a9,plan up to the resumed attempt's first day (progress overwritten),7,3,392,217,97,265
2014180-2014200-8d434bce0fc3,plan up to the resumed attempt's first day (progress overwritten),4,1,280,95,100,265
2017124-2017144-46e673bc17da,plan up to the resumed attempt's first day (progress overwritten),7,2,364,260,180,265
2023253-2023273-c46ab22a0570,plan up to the resumed attempt's first day (progress overwritten),3,2,352,119,40,265
2023313-2023333-ba06806516e7,plan up to the resumed attempt's first day (progress overwritten),12,10,684,474,77,265
2022238-2022258-1fe14ef03034,plan up to the resumed attempt's first day (progress overwritten),6,3,364,189,100,264
2015095-2015115-9df7aea174ca,plan up to the resumed attempt's first day (progress overwritten),4,1,312,131,97,264
2015075-2015095-ab6e6bedec81,plan up to the resumed attempt's first day (progress overwritten),3,1,308,80,40,264
2023153-2023173-4ea454e679c4,plan up to the resumed attempt's first day (progress overwritten),4,1,312,160,120,264
2016270-2016290-07adb34a05bc,plan up to the resumed attempt's first day (progress overwritten),3,1,300,90,59,263
2019234-2019254-2baae832ee10,plan up to the resumed attempt's first day (progress overwritten),10,6,350,137,61,263
2019134-2019154-19b8579f8c13,plan up to the resumed attempt's first day (progress overwritten),6,2,338,148,97,263
2022338-2022358-8d12948b34da,plan up to the resumed attempt's first day (progress overwritten),3,1,312,116,80,263
2021043-2021063-54732481f6d1,plan up to the resumed attempt's first day (progress overwritten),6,1,308,180,140,263
2014260-2014280-cff7e8901eba,plan up to the resumed attempt's first day (progress overwritten),13,2,360,460,380,263
2021063-2021083-2d4d6cf0787a,plan up to the resumed attempt's first day (progress overwritten),4,2,352,127,49,263
2020289-2020309-e8aa08a72448,plan up to the resumed attempt's first day (progress overwritten),6,3,384,165,46,263
2014120-2014140-9367f9054bfa,plan up to the resumed attempt's first day (progress overwritten),4,1,275,111,100,263
2021043-2021063-e53d6449b7b3,plan up to the resumed attempt's first day (progress overwritten),4,1,312,120,80,262
2011116-2011136-9a5a429809db,plan up to the resumed attempt's first day (progress overwritten),13,5,468,510,320,262
2015075-2015095-a3e74f10fc09,plan up to the resumed attempt's first day (progress overwritten),6,2,348,197,118,261
2024048-2024068-ba9255282703,plan up to the resumed attempt's first day (progress overwritten),9,4,429,279,127,261
2018079-2018099-efb645d88760,plan up to the resumed attempt's first day (progress overwritten),8,2,340,231,178,261
2016090-2016110-a2f5a94c6779,plan up to the resumed attempt's first day (progress overwritten),4,2,315,97,51,261
2021023-2021043-e1eb41f02cbd,plan up to the resumed attempt's first day (progress overwritten),12,7,532,445,182,261
2013345-2013365-c4b959bc682a,plan up to the resumed attempt's first day (progress overwritten),9,6,510,320,81,261
2023293-2023313-3ec5850a3664,plan up to the resumed attempt's first day (progress overwritten),27,15,468,327,155,261
2013025-2013045-fb84c8cdef9f,plan up to the resumed attempt's first day (progress overwritten),24,13,432,356,189,261
2016230-2016250-c1dc3dcf75fa,plan up to the resumed attempt's first day (progress overwritten),8,4,420,242,100,261
2019154-2019174-82161dbff64c,plan up to the resumed attempt's first day (progress overwritten),4,3,391,160,40,261
2013365-2014020-d947681c85b2,plan up to the resumed attempt's first day (progress overwritten),12,1,304,458,422,260
2022238-2022258-da4b5d6b3781,plan up to the resumed attempt's first day (progress overwritten),14,12,722,481,42,260
2012291-2012311-0c69716307ab,plan up to the resumed attempt's first day (progress overwritten),14,3,400,520,400,260
2024228-2024248-5cd19e7367e8,plan up to the resumed attempt's first day (progress overwritten),24,21,540,312,40,260
2023093-2023113-91e232dfd9dd,plan up to the resumed attempt's first day (progress overwritten),6,4,432,201,43,260
2017304-2017324-f69ae83abd89,plan up to the resumed attempt's first day (progress overwritten),8,6,476,270,58,259
2012031-2012051-3e30b065bc72,plan up to the resumed attempt's first day (progress overwritten),11,5,455,413,221,259
2023153-2023173-7dc421331ce4,plan up to the resumed attempt's first day (progress overwritten),6,1,300,181,170,259
2024208-2024228-ad7be46679ee,plan up to the resumed attempt's first day (progress overwritten),4,3,352,125,40,258
2019094-2019114-454500b474db,plan up to the resumed attempt's first day (progress overwritten),7,4,420,256,100,258
2013205-2013225-16b5ae82d8d2,plan up to the resumed attempt's first day (progress overwritten),26,13,468,366,180,258
2023253-2023273-6b6e929e37a5,plan up to the resumed attempt's first day (progress overwritten),4,2,336,135,76,258
2019274-2019294-661e497bf122,plan up to the resumed attempt's first day (progress overwritten),5,4,340,97,40,256
2019274-2019294-811a54882658,plan up to the resumed attempt's first day (progress overwritten),8,4,330,119,53,256
2018299-2018319-d7374da6c894,plan up to the resumed attempt's first day (progress overwritten),8,4,325,140,80,255
2012091-2012111-4291e5325754,plan up to the resumed attempt's first day (progress overwritten),6,5,408,183,40,255
2012211-2012231-31e09caea5ad,plan up to the resumed attempt's first day (progress overwritten),14,3,400,528,415,255
2022078-2022098-89fe405c51f8,plan up to the resumed attempt's first day (progress overwritten),14,10,432,229,60,255
2011336-2011356-4a6ab96d660e,plan up to the resumed attempt's first day (progress overwritten),10,4,429,398,240,254
2014240-2014260-564a36a16efa,plan up to the resumed attempt's first day (progress overwritten),3,2,322,102,40,254
2011176-2011196-d9342f12c0ae,plan up to the resumed attempt's first day (progress overwritten),14,6,480,538,316,254
2023253-2023273-111462cd6597,plan up to the resumed attempt's first day (progress overwritten),4,2,336,149,80,253
2014180-2014200-cbe442736aba,plan up to the resumed attempt's first day (progress overwritten),4,1,273,97,83,253
2010301-2010321-d991e6337832,plan up to the resumed attempt's first day (progress overwritten),13,7,540,458,202,253
2014180-2014200-77dd0d622228,plan up to the resumed attempt's first day (progress overwritten),24,4,324,341,301,253
2014180-2014200-33015ad3d229,plan up to the resumed attempt's first day (progress overwritten),4,1,275,122,100,252
2025142-2025162-61fca72e1cb7,plan up to the resumed attempt's first day (progress overwritten),6,4,390,202,80,252
2016050-2016070-432a3d585000,plan up to the resumed attempt's first day (progress overwritten),3,2,322,106,40,252
2020169-2020189-e3a56451734e,plan up to the resumed attempt's first day (progress overwritten),18,1,264,321,317,252
2018039-2018059-b38eada58ed8,plan up to the resumed attempt's first day (progress overwritten),18,13,493,299,88,251
2022058-2022078-3ed6f781c03e,plan up to the resumed attempt's first day (progress overwritten),5,1,286,170,140,251
2025202-2025222-f01e39f97a2f,plan up to the resumed attempt's first day (progress overwritten),10,4,429,355,199,250
2019134-2019154-3f907f4d5ab9,plan up to the resumed attempt's first day (progress overwritten),3,1,294,80,40,250
2024048-2024068-96878f34f24d,plan up to the resumed attempt's first day (progress overwritten),36,27,576,427,102,250
2022158-2022178-0f1b4b7a3f92,plan up to the resumed attempt's first day (progress overwritten),18,10,448,354,158,249
2016230-2016250-c446111a9b16,plan up to the resumed attempt's first day (progress overwritten),6,3,364,173,77,249
2020169-2020189-340534829cbb,plan up to the resumed attempt's first day (progress overwritten),34,28,648,450,64,248
2014200-2014220-9f7464d39596,plan up to the resumed attempt's first day (progress overwritten),26,3,288,334,306,248
2020189-2020209-be963e3d889e,plan up to the resumed attempt's first day (progress overwritten),5,2,322,144,100,248
2025022-2025042-67ca263373ee,plan up to the resumed attempt's first day (progress overwritten),12,7,494,418,174,248
2023013-2023033-b7a1a4f505a7,plan up to the resumed attempt's first day (progress overwritten),9,2,336,310,234,248
2022138-2022158-a763e294aeec,plan up to the resumed attempt's first day (progress overwritten),34,28,648,452,66,248
2014180-2014200-968394f3f127,plan up to the resumed attempt's first day (progress overwritten),4,1,276,101,98,247
2018299-2018319-fbafa5768db6,plan up to the resumed attempt's first day (progress overwritten),13,9,608,489,148,247
2023153-2023173-03bbba83c9ac,plan up to the resumed attempt's first day (progress overwritten),6,4,408,203,43,247
2024108-2024128-fb5abbe38057,plan up to the resumed attempt's first day (progress overwritten),6,5,391,175,40,246
2022238-2022258-957dc4587860,plan up to the resumed attempt's first day (progress overwritten),8,3,363,286,180,245
2024128-2024148-4fa40e66bcd3,plan up to the resumed attempt's first day (progress overwritten),5,4,391,177,40,245
2024048-2024068-beea82d2b7dc,plan up to the resumed attempt's first day (progress overwritten),7,5,442,241,55,245
2016230-2016250-eff49fcad190,plan up to the resumed attempt's first day (progress overwritten),5,1,286,140,100,245
2020249-2020269-aded1ede82ba,plan up to the resumed attempt's first day (progress overwritten),5,3,352,142,55,245
2025222-2025242-82e959065f5c,plan up to the resumed attempt's first day (progress overwritten),5,1,300,200,160,244
2017024-2017044-7f1377c9141b,plan up to the resumed attempt's first day (progress overwritten),4,3,374,159,40,244
2020329-2020349-9fe6fd6c6ce2,plan up to the resumed attempt's first day (progress overwritten),6,3,364,232,120,244
2010181-2010201-a286cb041633,plan up to the resumed attempt's first day (progress overwritten),12,5,468,474,280,244
2017064-2017084-ba4087953a32,plan up to the resumed attempt's first day (progress overwritten),3,1,286,97,79,244
2018219-2018239-79b480b75e67,plan up to the resumed attempt's first day (progress overwritten),5,1,288,172,132,244
2024148-2024168-e102e6dd2606,plan up to the resumed attempt's first day (progress overwritten),5,2,312,151,100,244
2017244-2017264-9c02bade164d,plan up to the resumed attempt's first day (progress overwritten),7,3,364,268,149,243
2024068-2024088-33f6b1ed8930,plan up to the resumed attempt's first day (progress overwritten),4,2,322,134,71,242
2021083-2021103-2d3c9672a3e6,plan up to the resumed attempt's first day (progress overwritten),7,6,486,272,40,242
2020349-2021003-d5307beb5149,plan up to the resumed attempt's first day (progress overwritten),7,3,364,227,107,242
2024268-2024288-977a130d099a,plan up to the resumed attempt's first day (progress overwritten),18,9,416,347,177,242
2022178-2022198-3f0efdbed3a8,plan up to the resumed attempt's first day (progress overwritten),6,2,312,186,129,242
2014260-2014280-b619219c49b1,plan up to the resumed attempt's first day (progress overwritten),12,2,360,455,386,242
2025182-2025202-a4214d634154,plan up to the resumed attempt's first day (progress overwritten),5,3,360,180,79,241
2020049-2020069-5c9c77dd6834,plan up to the resumed attempt's first day (progress overwritten),6,4,384,189,57,241
2011296-2011316-7fff8037c1b7,plan up to the resumed attempt's first day (progress overwritten),5,3,345,159,60,241
2023173-2023193-9e6f9a60fb7b,plan up to the resumed attempt's first day (progress overwritten),10,6,448,338,140,241
2019294-2019314-e8b8738a840b,plan up to the resumed attempt's first day (progress overwritten),21,17,540,336,58,241
2016250-2016270-a863858aef02,plan up to the resumed attempt's first day (progress overwritten),8,2,336,320,240,240
2013205-2013225-3d28c51f962b,plan up to the resumed attempt's first day (progress overwritten),4,3,352,144,40,240
2017184-2017204-7841b107774a,plan up to the resumed attempt's first day (progress overwritten),8,4,420,295,135,240
2017104-2017124-d6991b87ea2a,plan up to the resumed attempt's first day (progress overwritten),16,4,319,254,200,240
2013125-2013145-e751b68749eb,plan up to the resumed attempt's first day (progress overwritten),3,1,286,117,77,239
2016290-2016310-9a3f4ff25b51,plan up to the resumed attempt's first day (progress overwritten),13,4,407,469,315,239
2021083-2021103-d4bf2e056bd1,plan up to the resumed attempt's first day (progress overwritten),13,9,416,237,70,238
2025202-2025222-a115095e7fc2,plan up to the resumed attempt's first day (progress overwritten),8,5,390,241,119,238
2024308-2024328-f5288dad29dd,plan up to the resumed attempt's first day (progress overwritten),14,9,608,506,170,238
2017064-2017084-168e66a5885a,plan up to the resumed attempt's first day (progress overwritten),4,2,322,150,80,238
2020349-2021003-f5b3375a1bb5,plan up to the resumed attempt's first day (progress overwritten),19,8,416,360,214,237
2018319-2018339-c83187cb0837,plan up to the resumed attempt's first day (progress overwritten),8,4,325,155,78,237
2023013-2023033-8a7393f1f22d,plan up to the resumed attempt's first day (progress overwritten),9,4,392,292,154,236
2020209-2020229-b2c67dbe3c78,plan up to the resumed attempt's first day (progress overwritten),5,2,308,177,117,236
2024348-2025002-0e5f682ba218,plan up to the resumed attempt's first day (progress overwritten),3,1,280,80,40,236
2024288-2024308-105f94a09043,plan up to the resumed attempt's first day (progress overwritten),8,6,468,262,40,236
2012331-2012351-7069aec069e9,plan up to the resumed attempt's first day (progress overwritten),13,5,420,447,293,236
2023313-2023333-e0214ae6e421,plan up to the resumed attempt's first day (progress overwritten),2,1,280,79,40,236
2012111-2012131-292850467850,plan up to the resumed attempt's first day (progress overwritten),9,7,504,308,59,236
2019134-2019154-1ffd6393ba01,plan up to the resumed attempt's first day (progress overwritten),12,6,352,157,54,235
2017164-2017184-762b7d6c67ae,plan up to the resumed attempt's first day (progress overwritten),4,1,276,80,43,235
2010201-2010221-ceb9402aa854,plan up to the resumed attempt's first day (progress overwritten),5,3,338,157,80,235
2015075-2015095-188405cb7708,plan up to the resumed attempt's first day (progress overwritten),33,20,576,443,127,234
2014300-2014320-fcaedcfdbc3d,plan up to the resumed attempt's first day (progress overwritten),3,2,308,110,40,234
2020169-2020189-22eb935411ec,plan up to the resumed attempt's first day (progress overwritten),4,1,276,98,58,234
2013365-2014020-432917ee94c2,plan up to the resumed attempt's first day (progress overwritten),2,1,242,44,40,234
2016090-2016110-6b3e128e760c,plan up to the resumed attempt's first day (progress overwritten),5,1,270,166,140,234
2017284-2017304-b7014ea425d6,plan up to the resumed attempt's first day (progress overwritten),9,5,420,309,131,234
2012251-2012271-2b278993ea12,plan up to the resumed attempt's first day (progress overwritten),4,2,322,160,80,234
2024028-2024048-10861f07b13e,plan up to the resumed attempt's first day (progress overwritten),6,5,391,191,40,233
2017124-2017144-f654d0626bdb,plan up to the resumed attempt's first day (progress overwritten),3,1,273,100,70,233
2025242-2025262-ff8bf4aa604d,plan up to the resumed attempt's first day (progress overwritten),5,4,374,168,40,233
2018319-2018339-270bb2a23a96,plan up to the resumed attempt's first day (progress overwritten),4,1,276,99,60,232
2017304-2017324-4ea399bd1645,plan up to the resumed attempt's first day (progress overwritten),8,4,392,285,144,232
2022258-2022278-831b9f2e279a,plan up to the resumed attempt's first day (progress overwritten),4,2,320,120,40,232
2025342-2025362-f2700ad4ff0f,plan up to the resumed attempt's first day (progress overwritten),14,10,640,550,154,231
2022218-2022238-1d2804336c1e,plan up to the resumed attempt's first day (progress overwritten),5,4,374,175,40,231
2018299-2018319-8ef169c98b10,plan up to the resumed attempt's first day (progress overwritten),4,2,276,101,60,231
2018259-2018279-1a770574a9bd,plan up to the resumed attempt's first day (progress overwritten),6,2,300,170,120,230
2018079-2018099-3c0ccc2dfd01,plan up to the resumed attempt's first day (progress overwritten),7,2,320,213,139,230
2023133-2023153-4eca7090705b,plan up to the resumed attempt's first day (progress overwritten),7,4,391,198,47,230
2025282-2025302-c67cdfd49bd0,plan up to the resumed attempt's first day (progress overwritten),6,3,336,197,103,229
2023333-2023353-72ad47588d5f,plan up to the resumed attempt's first day (progress overwritten),5,1,260,137,140,229
2021303-2021323-e53b45331cfb,plan up to the resumed attempt's first day (progress overwritten),9,7,504,308,55,229
2019154-2019174-bd2c15de3269,plan up to the resumed attempt's first day (progress overwritten),20,16,510,338,70,229
2021183-2021203-a776cf98b5fc,plan up to the resumed attempt's first day (progress overwritten),4,2,300,113,60,229
2024008-2024028-cb3ee80da4d0,plan up to the resumed attempt's first day (progress overwritten),15,13,760,562,44,229
2024108-2024128-0082115a996d,plan up to the resumed attempt's first day (progress overwritten),7,2,308,190,149,228
2010161-2010181-6cc79cf11af3,plan up to the resumed attempt's first day (progress overwritten),3,1,270,75,52,228
2024088-2024108-78b45a0ce8e3,plan up to the resumed attempt's first day (progress overwritten),6,3,338,221,117,228
2018239-2018259-ec8fca229999,plan up to the resumed attempt's first day (progress overwritten),6,2,312,201,125,228
2012191-2012211-3ae55b498b28,plan up to the resumed attempt's first day (progress overwritten),5,4,391,199,40,228
2024008-2024028-32e6ee2b30da,plan up to the resumed attempt's first day (progress overwritten),8,4,390,265,135,227
2021363-2022018-20896997ecf7,plan up to the resumed attempt's first day (progress overwritten),6,2,276,161,124,227
2019314-2019334-c8fd7f8a078d,plan up to the resumed attempt's first day (progress overwritten),9,5,448,318,122,227
2019114-2019134-8ed8cff4c15a,plan up to the resumed attempt's first day (progress overwritten),9,7,476,306,60,226
2023333-2023353-cdf44dd76232,plan up to the resumed attempt's first day (progress overwritten),5,1,256,154,146,226
2015215-2015235-d89421906ea0,plan up to the resumed attempt's first day (progress overwritten),10,6,340,150,46,226
2012031-2012051-af882b2e1b36,plan up to the resumed attempt's first day (progress overwritten),3,1,242,87,80,226
2017044-2017064-ffef929d13f1,plan up to the resumed attempt's first day (progress overwritten),7,2,308,217,137,226
2021063-2021083-14c1c826f51b,plan up to the resumed attempt's first day (progress overwritten),3,1,266,91,59,225
2018319-2018339-d2d899bb5195,plan up to the resumed attempt's first day (progress overwritten),5,2,308,136,59,225
2024168-2024188-387a9b32576b,plan up to the resumed attempt's first day (progress overwritten),6,2,312,200,120,224
2012171-2012191-4339b82bdbcd,plan up to the resumed attempt's first day (progress overwritten),27,17,504,421,144,223
2011016-2011036-03255d5013c5,plan up to the resumed attempt's first day (progress overwritten),15,5,456,529,329,223
2015075-2015095-f3ff27341cdb,plan up to the resumed attempt's first day (progress overwritten),4,1,264,97,60,223
2019274-2019294-f58da49ec1ce,plan up to the resumed attempt's first day (progress overwritten),7,5,420,259,68,223
2015035-2015055-b99e65475771,plan up to the resumed attempt's first day (progress overwritten),4,2,300,125,60,223
2017164-2017184-1133a0d53046,plan up to the resumed attempt's first day (progress overwritten),4,1,273,120,80,223
2025062-2025082-874094bcdcbe,plan up to the resumed attempt's first day (progress overwritten),8,4,390,272,127,222
2019174-2019194-f097692e87df,plan up to the resumed attempt's first day (progress overwritten),6,4,320,134,55,222
2010181-2010201-e61755421ff8,plan up to the resumed attempt's first day (progress overwritten),5,3,322,172,80,222
2016290-2016310-c9da73ef9050,plan up to the resumed attempt's first day (progress overwritten),7,4,392,260,100,222
2017364-2018019-34688543e5bb,plan up to the resumed attempt's first day (progress overwritten),2,1,231,33,40,222
2024268-2024288-b531f7d96edf,plan up to the resumed attempt's first day (progress overwritten),9,4,360,319,197,222
2012291-2012311-e63ea3804624,plan up to the resumed attempt's first day (progress overwritten),3,1,266,80,40,222
2012311-2012331-dd47b07440d9,plan up to the resumed attempt's first day (progress overwritten),2,1,266,80,40,222
2019334-2019354-42e53fb26c4c,plan up to the resumed attempt's first day (progress overwritten),5,2,276,149,120,222
2024068-2024088-159bb2ec68e2,plan up to the resumed attempt's first day (progress overwritten),5,1,264,170,140,222
2024268-2024288-c4e789b3c688,plan up to the resumed attempt's first day (progress overwritten),16,11,640,568,172,221
2010181-2010201-c6d1842deb1b,plan up to the resumed attempt's first day (progress overwritten),5,2,273,131,97,221
2017204-2017224-4b7c8dd8991a,plan up to the resumed attempt's first day (progress overwritten),8,4,288,123,60,221
2021283-2021303-252e46520b2e,plan up to the resumed attempt's first day (progress overwritten),4,2,300,126,60,221
2022358-2023013-0d0e6843a441,plan up to the resumed attempt's first day (progress overwritten),15,8,520,558,265,220
2022238-2022258-1fc0a4d9ac9f,plan up to the resumed attempt's first day (progress overwritten),8,3,315,248,180,220
2019214-2019234-026dbaccb8d3,plan up to the resumed attempt's first day (progress overwritten),6,4,384,220,80,220
2010081-2010101-605174382bda,plan up to the resumed attempt's first day (progress overwritten),5,3,345,180,65,220
2013305-2013325-013fbb30e730,plan up to the resumed attempt's first day (progress overwritten),4,1,260,124,98,219
2012271-2012291-beab58469dfb,plan up to the resumed attempt's first day (progress overwritten),6,5,391,208,40,219
2025322-2025342-0d085d72cbf6,plan up to the resumed attempt's first day (progress overwritten),32,21,504,407,137,219
2012271-2012291-770d0d84f6ce,plan up to the resumed attempt's first day (progress overwritten),6,2,275,161,121,219
2018119-2018139-8c617f9f7ff4,plan up to the resumed attempt's first day (progress overwritten),9,4,364,308,184,219
2015115-2015135-f5ff516d8f7f,plan up to the resumed attempt's first day (progress overwritten),7,3,308,224,137,219
2024288-2024308-177b16e67204,plan up to the resumed attempt's first day (progress overwritten),10,5,434,360,160,218
2022138-2022158-5ecf5d0e1b70,plan up to the resumed attempt's first day (progress overwritten),7,3,338,204,90,218
2023173-2023193-7ef27690dfc5,plan up to the resumed attempt's first day (progress overwritten),7,2,297,222,160,218
2025082-2025102-2406a3fe5489,plan up to the resumed attempt's first day (progress overwritten),7,4,351,237,120,218
2012311-2012331-781480b52eb5,plan up to the resumed attempt's first day (progress overwritten),2,1,252,57,40,218
2019074-2019094-f536ead4f371,plan up to the resumed attempt's first day (progress overwritten),9,5,420,294,100,218
2024148-2024168-16669e930fb3,plan up to the resumed attempt's first day (progress overwritten),13,5,408,453,297,216
2022138-2022158-e239342715cf,plan up to the resumed attempt's first day (progress overwritten),6,5,374,191,40,216
2011316-2011336-c6802f057026,plan up to the resumed attempt's first day (progress overwritten),12,6,462,438,200,216
2013005-2013025-f0e4402466c7,plan up to the resumed attempt's first day (progress overwritten),8,6,476,320,80,216
2016270-2016290-6a264c0a470a,plan up to the resumed attempt's first day (progress overwritten),14,5,390,505,344,216
2012251-2012271-2772c24a9606,plan up to the resumed attempt's first day (progress overwritten),5,3,340,163,43,216
2020029-2020049-3789463e416b,plan up to the resumed attempt's first day (progress overwritten),3,1,240,73,60,216
2025322-2025342-b5a75e8dceed,plan up to the resumed attempt's first day (progress overwritten),37,31,648,487,66,215
2025042-2025062-3409bad4db1f,plan up to the resumed attempt's first day (progress overwritten),6,1,275,239,200,215
2019254-2019274-88b4dcf96f4a,plan up to the resumed attempt's first day (progress overwritten),6,4,384,223,80,215
2017004-2017024-22348e48fd7e,plan up to the resumed attempt's first day (progress overwritten),5,2,294,151,100,215
2012331-2012351-823d47e7d6e1,plan up to the resumed attempt's first day (progress overwritten),9,7,476,321,66,215
2015055-2015075-dabe99bf1b27,plan up to the resumed attempt's first day (progress overwritten),4,2,260,100,79,215
2012151-2012171-ffe4aeb1b2b2,plan up to the resumed attempt's first day (progress overwritten),5,3,322,180,76,214
2014020-2014040-d581f6544aa3,plan up to the resumed attempt's first day (progress overwritten),14,3,360,520,400,214
2018199-2018219-6a84d7da9ef7,plan up to the resumed attempt's first day (progress overwritten),6,1,260,168,140,214
2010361-2011016-7fa0421c0f2d,plan up to the resumed attempt's first day (progress overwritten),5,3,322,179,80,214
2017004-2017024-a573cfe411eb,plan up to the resumed attempt's first day (progress overwritten),9,5,420,321,123,214
2018299-2018319-e245b8a0bfcf,plan up to the resumed attempt's first day (progress overwritten),4,2,264,106,62,214
2021003-2021023-b87603fd7da0,plan up to the resumed attempt's first day (progress overwritten),4,2,294,144,79,214
2022238-2022258-0a0c0f5a09e2,plan up to the resumed attempt's first day (progress overwritten),19,8,384,370,220,214
2021103-2021123-034f8e6bbbab,plan up to the resumed attempt's first day (progress overwritten),4,2,288,98,40,214
2023213-2023233-490c4ed812ef,plan up to the resumed attempt's first day (progress overwritten),10,6,465,387,160,213
2016110-2016130-09c7179be9a9,plan up to the resumed attempt's first day (progress overwritten),5,3,338,195,80,213
2012231-2012251-28bf5819e795,plan up to the resumed attempt's first day (progress overwritten),30,20,504,424,143,213
2020049-2020069-20d891163162,plan up to the resumed attempt's first day (progress overwritten),33,18,468,431,196,213
2016250-2016270-a6c07cc5f989,plan up to the resumed attempt's first day (progress overwritten),6,2,252,87,56,213
2023173-2023193-627d32c683d9,plan up to the resumed attempt's first day (progress overwritten),7,5,391,218,60,213
2016210-2016230-6f6fcf7888fb,plan up to the resumed attempt's first day (progress overwritten),7,2,270,205,166,212
2014240-2014260-9714c029f2ac,plan up to the resumed attempt's first day (progress overwritten),15,4,400,573,431,212
2017324-2017344-293787d2be33,plan up to the resumed attempt's first day (progress overwritten),6,4,350,210,80,212
2021003-2021023-bac789126d4a,plan up to the resumed attempt's first day (progress overwritten),6,2,299,221,141,212
2015115-2015135-fcc56990198b,plan up to the resumed attempt's first day (progress overwritten),13,5,418,486,300,211
2016130-2016150-be08994dcb82,plan up to the resumed attempt's first day (progress overwritten),4,3,323,134,40,211
2013025-2013045-032de82778d1,plan up to the resumed attempt's first day (progress overwritten),2,1,242,67,40,211
2017204-2017224-d1856ce5e06d,plan up to the resumed attempt's first day (progress overwritten),5,3,300,135,60,211
2021223-2021243-bdeaaf8354dc,plan up to the resumed attempt's first day (progress overwritten),5,4,374,199,40,211
2021263-2021283-c5469e6837c8,plan up to the resumed attempt's first day (progress overwritten),30,18,432,370,152,211
2021103-2021123-391e654dc58c,plan up to the resumed attempt's first day (progress overwritten),6,2,288,188,155,211
2018019-2018039-5ec77eb2745b,plan up to the resumed attempt's first day (progress overwritten),3,2,280,105,40,211
2024008-2024028-535e0bf8821d,plan up to the resumed attempt's first day (progress overwritten),3,1,252,89,60,210
2022218-2022238-2670a076706b,plan up to the resumed attempt's first day (progress overwritten),7,4,390,280,120,210
2020269-2020289-1538716de2d2,plan up to the resumed attempt's first day (progress overwritten),4,2,260,90,80,210
2011076-2011096-8f5d677a0182,plan up to the resumed attempt's first day (progress overwritten),6,1,260,180,140,210
2013005-2013025-a012076f2ae2,plan up to the resumed attempt's first day (progress overwritten),6,2,260,120,80,210
2016330-2016350-326fb87e9f40,plan up to the resumed attempt's first day (progress overwritten),9,4,364,329,179,209
2010121-2010141-ff0582e0931b,plan up to the resumed attempt's first day (progress overwritten),6,1,252,170,180,209
2019234-2019254-fe0d7aab036f,plan up to the resumed attempt's first day (progress overwritten),9,7,476,323,60,209
2014240-2014260-7e97a276dcff,plan up to the resumed attempt's first day (progress overwritten),14,4,360,514,381,209
2016130-2016150-ba8e3bf89538,plan up to the resumed attempt's first day (progress overwritten),4,1,252,138,120,209
2012031-2012051-f740054553ed,plan up to the resumed attempt's first day (progress overwritten),3,1,217,86,80,209
2025262-2025282-a2e2bb11f670,plan up to the resumed attempt's first day (progress overwritten),4,1,252,104,69,209
2024028-2024048-910767e800a6,plan up to the resumed attempt's first day (progress overwritten),8,3,312,290,200,209
2025262-2025282-512a64b30859,plan up to the resumed attempt's first day (progress overwritten),9,2,297,282,220,209
2020089-2020109-7c93ea3f9b28,plan up to the resumed attempt's first day (progress overwritten),7,2,264,175,168,209
2019174-2019194-732488e82afd,plan up to the resumed attempt's first day (progress overwritten),8,4,364,285,140,209
2021243-2021263-4fd3d67f1a35,plan up to the resumed attempt's first day (progress overwritten),12,6,442,472,240,208
2011236-2011256-4236e7c12eac,plan up to the resumed attempt's first day (progress overwritten),15,8,560,585,280,208
2018219-2018239-21eb134aa9e6,plan up to the resumed attempt's first day (progress overwritten),9,6,448,322,120,208
2023073-2023093-e92b0b987d43,plan up to the resumed attempt's first day (progress overwritten),12,3,288,208,153,208
2022058-2022078-f2b8914c365c,plan up to the resumed attempt's first day (progress overwritten),4,1,242,132,120,208
2023253-2023273-8fcb3cb83e08,plan up to the resumed attempt's first day (progress overwritten),4,2,285,128,60,207
2017044-2017064-c95e5ad463c4,plan up to the resumed attempt's first day (progress overwritten),10,2,308,336,280,206
2019354-2020009-15a2f8e2a68d,plan up to the resumed attempt's first day (progress overwritten),8,3,312,207,137,206
2022078-2022098-b787e9ae3bd6,plan up to the resumed attempt's first day (progress overwritten),7,5,391,226,49,206
2023273-2023293-2ef550ded47e,plan up to the resumed attempt's first day (progress overwritten),8,3,312,278,180,206
2023153-2023173-f33efa242d2e,plan up to the resumed attempt's first day (progress overwritten),9,4,364,351,200,206
2013225-2013245-472ecfabf561,plan up to the resumed attempt's first day (progress overwritten),5,1,252,158,120,206
2018199-2018219-2817e7472d9f,plan up to the resumed attempt's first day (progress overwritten),7,5,390,241,80,206
2022198-2022218-52c7ee4122e3,plan up to the resumed attempt's first day (progress overwritten),7,2,286,210,132,206
2017124-2017144-c9cfafe87c32,plan up to the resumed attempt's first day (progress overwritten),5,3,300,140,80,206
2016290-2016310-c54eb475ecb7,plan up to the resumed attempt's first day (progress overwritten),5,4,374,199,40,205
2022058-2022078-9104a4ccb388,plan up to the resumed attempt's first day (progress overwritten),5,4,340,160,40,205
2019154-2019174-b492371b575b,plan up to the resumed attempt's first day (progress overwritten),7,5,414,243,44,205
2015195-2015215-5421c7fec7f4,plan up to the resumed attempt's first day (progress overwritten),5,3,323,143,40,205
2020029-2020049-07a6675feb2b,plan up to the resumed attempt's first day (progress overwritten),6,2,253,182,140,205
2013265-2013285-7b3d2f6842a6,plan up to the resumed attempt's first day (progress overwritten),2,1,242,72,40,205
2024008-2024028-f01986430c64,plan up to the resumed attempt's first day (progress overwritten),4,2,285,130,60,205
2019354-2020009-e96dd2ea7c72,plan up to the resumed attempt's first day (progress overwritten),4,1,253,120,80,205
2018119-2018139-ce9fa1f1ab86,plan up to the resumed attempt's first day (progress overwritten),5,3,300,147,58,205
2020049-2020069-c6a2f493480a,plan up to the resumed attempt's first day (progress overwritten),4,1,253,120,80,205
2014240-2014260-b92fba6be8ba,plan up to the resumed attempt's first day (progress overwritten),21,6,330,416,300,204
2018299-2018319-b8410fa3df70,plan up to the resumed attempt's first day (progress overwritten),8,6,432,260,42,204
2025322-2025342-6d81e501a79e,plan up to the resumed attempt's first day (progress overwritten),8,5,392,268,100,204
2010001-2010021-77fe7e8003d7,plan up to the resumed attempt's first day (progress overwritten),3,2,272,91,40,204
2018099-2018119-5a85b0a005be,plan up to the resumed attempt's first day (progress overwritten),7,3,336,252,132,204
2023033-2023053-f68cf7ff86e1,plan up to the resumed attempt's first day (progress overwritten),9,5,420,346,147,204
2021043-2021063-d87267980a22,plan up to the resumed attempt's first day (progress overwritten),5,2,285,120,49,204
2012291-2012311-f49d3366d249,plan up to the resumed attempt's first day (progress overwritten),14,4,385,487,340,204
2018239-2018259-a23f6d42c9a2,plan up to the resumed attempt's first day (progress overwritten),5,2,286,195,120,203
2020029-2020049-f1e395fbdb4c,plan up to the resumed attempt's first day (progress overwritten),8,2,286,315,240,203
2015135-2015155-ae8bf3b5c5f2,plan up to the resumed attempt's first day (progress overwritten),6,1,242,174,136,203
2016190-2016210-8ca1db3c0dde,plan up to the resumed attempt's first day (progress overwritten),5,2,286,194,120,203
2016330-2016350-a9cddac4d767,plan up to the resumed attempt's first day (progress overwritten),6,4,300,144,80,203
2020209-2020229-fb22424d900f,plan up to the resumed attempt's first day (progress overwritten),6,2,279,230,160,203
2012131-2012151-efce1b544efb,plan up to the resumed attempt's first day (progress overwritten),12,8,544,465,160,202
2025262-2025282-be9c0794eab6,plan up to the resumed attempt's first day (progress overwritten),8,5,392,279,100,202
2017224-2017244-d49e0021bfc1,plan up to the resumed attempt's first day (progress overwritten),5,3,300,152,80,202
2018039-2018059-677d7fdf028e,plan up to the resumed attempt's first day (progress overwritten),7,3,336,260,140,202
2018039-2018059-283531406ff6,plan up to the resumed attempt's first day (progress overwritten),5,2,286,188,120,201
2020129-2020149-651062a75138,plan up to the resumed attempt's first day (progress overwritten),7,2,288,275,200,201
2023053-2023073-f6cb4b87e656,plan up to the resumed attempt's first day (progress overwritten),12,8,496,404,139,201
2016070-2016090-22adcdd752ac,plan up to the resumed attempt's first day (progress overwritten),4,3,323,148,40,201
2025082-2025102-145257ef0114,plan up to the resumed attempt's first day (progress overwritten),5,1,234,110,100,201
2018179-2018199-5bea3a1133d9,plan up to the resumed attempt's first day (progress overwritten),5,2,240,128,120,201
2017264-2017284-fb5f80081ef2,plan up to the resumed attempt's first day (progress overwritten),8,4,276,132,63,201
2023233-2023253-e4c3c683a498,plan up to the resumed attempt's first day (progress overwritten),8,5,392,293,113,200
2021183-2021203-2671088691db,plan up to the resumed attempt's first day (progress overwritten),6,3,330,220,100,200
2025342-2025362-84600b5d17ee,plan up to the resumed attempt's first day (progress overwritten),5,3,320,171,60,200
2014100-2014120-dc57368c82ee,plan up to the resumed attempt's first day (progress overwritten),18,16,741,568,55,200
2020289-2020309-a9b263109988,plan up to the resumed attempt's first day (progress overwritten),6,2,276,168,120,200
2021103-2021123-8f5b8de3bec7,plan up to the resumed attempt's first day (progress overwritten),5,2,280,144,80,200
2011016-2011036-180f16f1ac89,plan up to the resumed attempt's first day (progress overwritten),4,2,288,120,40,200
2010221-2010241-0d0bd51ff20f,plan up to the resumed attempt's first day (progress overwritten),13,8,540,520,200,200
2025102-2025122-a5ab64546e38,plan up to the resumed attempt's first day (progress overwritten),11,7,480,379,120,199
2022358-2023013-d23aeb27c6aa,plan up to the resumed attempt's first day (progress overwritten),9,6,420,317,119,199
2017084-2017104-ab865faa8a83,plan up to the resumed attempt's first day (progress overwritten),10,7,448,341,100,199
2013025-2013045-d82114d6d07e,plan up to the resumed attempt's first day (progress overwritten),4,2,252,109,60,199
2016150-2016170-c26e1bc627fb,plan up to the resumed attempt's first day (progress overwritten),5,1,240,172,140,199
2011156-2011176-fafac184f17d,plan up to the resumed attempt's first day (progress overwritten),3,1,247,117,80,199
2016130-2016150-d2e0b2928818,plan up to the resumed attempt's first day (progress overwritten),4,1,240,135,120,199
2011176-2011196-4fe8bfd2e324,plan up to the resumed attempt's first day (progress overwritten),4,3,288,120,40,199
2016270-2016290-d28db2354b94,plan up to the resumed attempt's first day (progress overwritten),5,2,286,197,120,198
2012271-2012291-abf1cff7c49d,plan up to the resumed attempt's first day (progress overwritten),3,2,266,104,40,198
2021203-2021223-0c1c1dd55a73,plan up to the resumed attempt's first day (progress overwritten),10,2,234,133,108,198
2022198-2022218-dea9c4b6d42a,plan up to the resumed attempt's first day (progress overwritten),7,1,240,182,188,198
2024308-2024328-296108253a01,plan up to the resumed attempt's first day (progress overwritten),9,6,416,297,98,198
2017144-2017164-7e3ad911f0e0,plan up to the resumed attempt's first day (progress overwritten),4,2,266,115,54,198
2025262-2025282-06b7e5f71204,plan up to the resumed attempt's first day (progress overwritten),33,21,468,424,160,198
2016030-2016050-02fd9949c531,plan up to the resumed attempt's first day (progress overwritten),14,2,273,522,460,198
2012151-2012171-ac7a989bc5a6,plan up to the resumed attempt's first day (progress overwritten),7,2,252,222,180,198
2012331-2012351-93c4baae5384,plan up to the resumed attempt's first day (progress overwritten),15,5,380,547,370,197
2023333-2023353-584052f6f07a,plan up to the resumed attempt's first day (progress overwritten),5,1,230,145,140,197
2018339-2018359-9beec54f58d7,plan up to the resumed attempt's first day (progress overwritten),4,2,270,116,60,197
2016050-2016070-cdfe68414e74,plan up to the resumed attempt's first day (progress overwritten),7,1,252,220,180,197
2019074-2019094-97cbcb7a24b7,plan up to the resumed attempt's first day (progress overwritten),5,1,231,116,100,196
2019174-2019194-49accf0d7c50,plan up to the resumed attempt's first day (progress overwritten),8,6,414,250,41,196
2024208-2024228-33aa0894d678,plan up to the resumed attempt's first day (progress overwritten),4,2,260,126,80,196
2025302-2025322-09f8eba17330,plan up to the resumed attempt's first day (progress overwritten),5,1,240,164,140,196
2020169-2020189-8ecb1bd3c2e6,plan up to the resumed attempt's first day (progress overwritten),5,2,260,112,80,195
2014020-2014040-c94bc219eec5,plan up to the resumed attempt's first day (progress overwritten),4,3,323,153,40,195
2013225-2013245-5e3e08e572d6,plan up to the resumed attempt's first day (progress overwritten),5,3,323,157,40,195
2020109-2020129-5c373d8f912a,plan up to the resumed attempt's first day (progress overwritten),7,5,330,188,80,195
2019194-2019214-73f8835a8c76,plan up to the resumed attempt's first day (progress overwritten),5,2,280,152,72,194
2012271-2012291-c10f9db3ba9e,plan up to the resumed attempt's first day (progress overwritten),21,6,320,415,300,194
2024148-2024168-70841af1d564,plan up to the resumed attempt's first day (progress overwritten),5,3,285,144,60,194
2017144-2017164-aa824a11a824,plan up to the resumed attempt's first day (progress overwritten),6,4,357,203,60,194
2015135-2015155-7ee61fd4f12e,plan up to the resumed attempt's first day (progress overwritten),24,10,403,401,229,194
2017064-2017084-c710571129ac,plan up to the resumed attempt's first day (progress overwritten),9,6,448,346,106,194
2022198-2022218-ee47ad596fb2,plan up to the resumed attempt's first day (progress overwritten),8,4,364,260,100,194
2010221-2010241-de368b79a6be,plan up to the resumed attempt's first day (progress overwritten),3,2,272,107,40,194
2021263-2021283-d03e26ef51d5,plan up to the resumed attempt's first day (progress overwritten),7,2,279,232,160,193
2014260-2014280-75fda305f49e,plan up to the resumed attempt's first day (progress overwritten),31,22,540,463,133,193
2012251-2012271-348c52eb51be,plan up to the resumed attempt's first day (progress overwritten),4,2,270,127,60,193
2025222-2025242-1ade2dd273eb,plan up to the resumed attempt's first day (progress overwritten),8,4,350,291,140,193
2024048-2024068-ad205ead1e09,plan up to the resumed attempt's first day (progress overwritten),16,13,720,599,106,193
2015135-2015155-c61251df6b1e,plan up to the resumed attempt's first day (progress overwritten),5,3,289,112,40,193
2012331-2012351-d1595a303c07,plan up to the resumed attempt's first day (progress overwritten),5,2,231,97,100,193
2019234-2019254-ace911141b13,plan up to the resumed attempt's first day (progress overwritten),6,4,368,240,80,192
2018159-2018179-7663c4b9afa2,plan up to the resumed attempt's first day (progress overwritten),9,6,448,349,120,192
2013145-2013165-399f23baf92d,plan up to the resumed attempt's first day (progress overwritten),6,4,330,203,80,192
2014220-2014240-5fa4fb70233b,plan up to the resumed attempt's first day (progress overwritten),5,1,247,172,132,192
2024028-2024048-df86a36d4030,plan up to the resumed attempt's first day (progress overwritten),7,2,264,200,164,192
2023033-2023053-403425491d2a,plan up to the resumed attempt's first day (progress overwritten),3,1,234,106,74,192
2011096-2011116-d2629eee2339,plan up to the resumed attempt's first day (progress overwritten),9,8,532,360,40,192
2018019-2018039-0752e5ad4e84,plan up to the resumed attempt's first day (progress overwritten),24,4,297,422,360,191
2021023-2021043-4f16a1ce87c0,plan up to the resumed attempt's first day (progress overwritten),4,2,266,122,55,191
2021283-2021303-8c229ca40183,plan up to the resumed attempt's first day (progress overwritten),12,4,273,202,140,191
2019354-2020009-fcef9f744d4c,plan up to the resumed attempt's first day (progress overwritten),5,3,266,110,52,191
2017084-2017104-d676e602aa0c,plan up to the resumed attempt's first day (progress overwritten),5,4,323,152,40,191
2018359-2019014-d15f3c0abb0d,plan up to the resumed attempt's first day (progress overwritten),7,3,280,229,146,191
2022178-2022198-0da54642c454,plan up to the resumed attempt's first day (progress overwritten),5,2,231,132,100,191
2016230-2016250-bc28b0c6b9a3,plan up to the resumed attempt's first day (progress overwritten),6,3,300,160,60,190
2025262-2025282-e5b3847a1011,plan up to the resumed attempt's first day (progress overwritten),19,2,231,340,300,190
2024268-2024288-2e88f2138146,plan up to the resumed attempt's first day (progress overwritten),20,8,340,357,219,190
2016150-2016170-e495c580469a,plan up to the resumed attempt's first day (progress overwritten),22,5,288,400,322,190
2019334-2019354-bc1882c12e46,plan up to the resumed attempt's first day (progress overwritten),5,1,208,144,140,190
2023293-2023313-e25a1edfbe92,plan up to the resumed attempt's first day (progress overwritten),8,1,240,238,202,190
2025022-2025042-e2627d055463,plan up to the resumed attempt's first day (progress overwritten),22,12,408,383,179,189
2019014-2019034-29a8481673a0,plan up to the resumed attempt's first day (progress overwritten),5,1,228,127,120,188
2014180-2014200-efb070c5f1ba,plan up to the resumed attempt's first day (progress overwritten),19,17,741,578,59,188
2014300-2014320-8bc382faf999,plan up to the resumed attempt's first day (progress overwritten),5,2,234,145,100,188
2021043-2021063-a5c7a7e33d1e,plan up to the resumed attempt's first day (progress overwritten),5,2,266,125,60,188
2017004-2017024-47b4b8ffe190,plan up to the resumed attempt's first day (progress overwritten),9,5,392,360,160,188
2025202-2025222-f6eb18440afe,plan up to the resumed attempt's first day (progress overwritten),8,3,308,251,140,188
2024208-2024228-aa55f46d5407,plan up to the resumed attempt's first day (progress overwritten),5,3,288,144,52,187
2016270-2016290-7524524c2ff2,plan up to the resumed attempt's first day (progress overwritten),8,3,230,125,85,187
2020109-2020129-1fd8e61492c1,plan up to the resumed attempt's first day (progress overwritten),7,5,391,249,60,187
2020209-2020229-fe9a0888a64a,plan up to the resumed attempt's first day (progress overwritten),6,2,250,170,140,187
2019014-2019034-75d88c70580f,plan up to the resumed attempt's first day (progress overwritten),10,7,476,346,71,187
2024208-2024228-4797b2d90461,plan up to the resumed attempt's first day (progress overwritten),9,3,304,318,216,187
2024048-2024068-08442477c14a,plan up to the resumed attempt's first day (progress overwritten),6,2,252,113,89,187
2021143-2021163-28af9d95da54,plan up to the resumed attempt's first day (progress overwritten),17,11,416,312,98,187
2013245-2013265-dd5b907165aa,plan up to the resumed attempt's first day (progress overwritten),4,2,270,137,60,187
2017344-2017364-6ff9ba4137cc,plan up to the resumed attempt's first day (progress overwritten),8,5,400,298,100,186
2014260-2014280-bd1519513349,plan up to the resumed attempt's first day (progress overwritten),5,4,323,163,40,186
2024168-2024188-d9e6a327683c,plan up to the resumed attempt's first day (progress overwritten),9,1,234,299,261,186
2019074-2019094-b1acb8bd6910,plan up to the resumed attempt's first day (progress overwritten),7,4,336,193,61,186
2024328-2024348-a6ba626afc2a,plan up to the resumed attempt's first day (progress overwritten),7,3,308,256,140,186
2025082-2025102-7293ed9ffe90,plan up to the resumed attempt's first day (progress overwritten),12,6,418,457,239,186
2015155-2015175-aafdace3f867,plan up to the resumed attempt's first day (progress overwritten),3,1,221,76,80,185
2014320-2014340-94c95a92c7df,plan up to the resumed attempt's first day (progress overwritten),5,4,323,162,40,185
2018199-2018219-887c3e382fa7,plan up to the resumed attempt's first day (progress overwritten),24,8,363,414,280,185
2022358-2023013-1053ac20134f,plan up to the resumed attempt's first day (progress overwritten),5,2,261,183,112,185
2025082-2025102-8d72d9dd46a6,plan up to the resumed attempt's first day (progress overwritten),22,12,408,416,200,184
2022358-2023013-75165c33f6c6,plan up to the resumed attempt's first day (progress overwritten),5,2,220,91,96,184
2024328-2024348-826fa749cde3,plan up to the resumed attempt's first day (progress overwritten),7,3,300,242,134,184
2022178-2022198-020d0a666d7c,plan up to the resumed attempt's first day (progress overwritten),5,3,266,144,80,184
2013065-2013085-88417877287f,plan up to the resumed attempt's first day (progress overwritten),24,18,561,467,107,184
2015295-2015315-855360ec5731,plan up to the resumed attempt's first day (progress overwritten),10,2,230,130,99,184
2016150-2016170-0a28d5c15d27,plan up to the resumed attempt's first day (progress overwritten),5,4,323,163,40,184
2014120-2014140-2ed45d7d7af0,plan up to the resumed attempt's first day (progress overwritten),5,2,240,152,120,184
2011136-2011156-5ef818aa4673,plan up to the resumed attempt's first day (progress overwritten),8,4,364,320,160,184
2019294-2019314-2fd0f9a55d79,plan up to the resumed attempt's first day (progress overwritten),12,8,345,232,79,183
2014040-2014060-64e0bec5077d,plan up to the resumed attempt's first day (progress overwritten),24,18,561,464,120,183
2010341-2010361-c3946b5ea3de,plan up to the resumed attempt's first day (progress overwritten),3,1,224,95,59,183
2025342-2025362-961c968cf783,plan up to the resumed attempt's first day (progress overwritten),7,4,330,225,97,183
2023293-2023313-2873882ca4f3,plan up to the resumed attempt's first day (progress overwritten),4,1,216,97,120,183
2014020-2014040-93073d3ce146,plan up to the resumed attempt's first day (progress overwritten),6,2,275,198,120,183
2018119-2018139-09c4217d31a2,plan up to the resumed attempt's first day (progress overwritten),7,4,360,273,113,182
2011076-2011096-723e83386c14,plan up to the resumed attempt's first day (progress overwritten),16,6,429,582,343,182
2018059-2018079-546043ad7a6f,plan up to the resumed attempt's first day (progress overwritten),8,4,336,278,140,182
2020329-2020349-b5fa03f8b486,plan up to the resumed attempt's first day (progress overwritten),9,8,468,322,40,182
2013365-2014020-e842072135fb,plan up to the resumed attempt's first day (progress overwritten),6,4,300,176,80,182
2024168-2024188-4a58259bb2cb,plan up to the resumed attempt's first day (progress overwritten),22,10,384,385,189,182
2022238-2022258-0ea36b413112,plan up to the resumed attempt's first day (progress overwritten),10,8,486,346,60,182
2010001-2010021-9d37fc0a1dc4,plan up to the resumed attempt's first day (progress overwritten),3,1,224,89,58,182
2012231-2012251-fa52a626b08f,plan up to the resumed attempt's first day (progress overwritten),5,4,323,170,40,181
2016270-2016290-43a6cea4ad80,plan up to the resumed attempt's first day (progress overwritten),10,4,336,379,239,181
2020269-2020289-7804cb8131f2,plan up to the resumed attempt's first day (progress overwritten),7,5,368,248,80,181
2014240-2014260-f56d21b9417d,plan up to the resumed attempt's first day (progress overwritten),6,2,224,150,133,181
2019234-2019254-e1e47fdc126e,plan up to the resumed attempt's first day (progress overwritten),7,2,260,192,140,180
2015355-2016010-66d2babd0365,plan up to the resumed attempt's first day (progress overwritten),7,2,270,213,133,180
2020109-2020129-26db89af440f,plan up to the resumed attempt's first day (progress overwritten),39,21,468,463,184,180
2017324-2017344-2dd64bc67c06,plan up to the resumed attempt's first day (progress overwritten),18,6,440,525,301,180
2014260-2014280-1a10662925be,plan up to the resumed attempt's first day (progress overwritten),5,1,231,157,118,179
2019114-2019134-34b6cd48b344,plan up to the resumed attempt's first day (progress overwritten),7,3,280,231,140,179
2012151-2012171-ce04e143df4c,plan up to the resumed attempt's first day (progress overwritten),5,4,323,170,40,179
2014120-2014140-a0c473411000,plan up to the resumed attempt's first day (progress overwritten),6,4,320,193,60,179
2012031-2012051-3a3cbbfd6574,plan up to the resumed attempt's first day (progress overwritten),7,2,252,241,180,179
2020209-2020229-9e5f24f65dd0,plan up to the resumed attempt's first day (progress overwritten),7,3,299,260,160,179
2022198-2022218-a53af3b29cf2,plan up to the resumed attempt's first day (progress overwritten),7,2,253,187,140,178
2024168-2024188-fb1a1ad2d3da,plan up to the resumed attempt's first day (progress overwritten),8,4,338,265,106,178
2021303-2021323-33e0ba7f5963,plan up to the resumed attempt's first day (progress overwritten),11,3,247,172,131,178
2012191-2012211-fa1e92767dba,plan up to the resumed attempt's first day (progress overwritten),8,5,384,290,90,178
2021143-2021163-4b33e894d961,plan up to the resumed attempt's first day (progress overwritten),10,3,243,154,101,178
2025322-2025342-d1fd12792986,plan up to the resumed attempt's first day (progress overwritten),9,6,392,298,120,178
2016110-2016130-9d81fd3fa4f9,plan up to the resumed attempt's first day (progress overwritten),6,4,300,172,60,178
2018079-2018099-15370844ee70,plan up to the resumed attempt's first day (progress overwritten),5,1,216,123,100,178
2016350-2017004-6f797a3669c9,plan up to the resumed attempt's first day (progress overwritten),23,12,416,402,172,178
2025302-2025322-cfa42fc192ca,plan up to the resumed attempt's first day (progress overwritten),14,4,242,252,199,177
2018259-2018279-a8b634985db7,plan up to the resumed attempt's first day (progress overwritten),24,10,396,441,260,177
2010261-2010281-0769a1d3d3c7,plan up to the resumed attempt's first day (progress overwritten),4,1,220,107,80,177
2016350-2017004-ec3d645c9542,plan up to the resumed attempt's first day (progress overwritten),7,1,210,161,169,177
2014280-2014300-83b0d46b45b7,plan up to the resumed attempt's first day (progress overwritten),4,3,289,139,40,177
2011136-2011156-e416f689d175,plan up to the resumed attempt's first day (progress overwritten),16,7,468,587,307,177
2016150-2016170-abdb881c1702,plan up to the resumed attempt's first day (progress overwritten),7,6,360,203,40,177
2022078-2022098-6ed2443227bb,plan up to the resumed attempt's first day (progress overwritten),23,17,512,435,108,176
2016270-2016290-79a7875bff38,plan up to the resumed attempt's first day (progress overwritten),4,2,224,97,55,176
2011116-2011136-3fd350104a3a,plan up to the resumed attempt's first day (progress overwritten),3,2,256,110,40,176
2011356-2012011-e7f97bc03e78,plan up to the resumed attempt's first day (progress overwritten),2,1,220,80,40,176
2017044-2017064-4a6d658d0162,plan up to the resumed attempt's first day (progress overwritten),5,4,323,171,40,176
2021323-2021343-461308eb75ee,plan up to the resumed attempt's first day (progress overwritten),7,2,264,201,129,176
2011196-2011216-5b678c9304d0,plan up to the resumed attempt's first day (progress overwritten),10,7,476,360,80,176
2015055-2015075-cabb7617d0a4,plan up to the resumed attempt's first day (progress overwritten),6,2,242,189,124,176
2019074-2019094-01c85f70d9c6,plan up to the resumed attempt's first day (progress overwritten),4,1,221,109,80,175
2023233-2023253-2ab155836759,plan up to the resumed attempt's first day (progress overwritten),18,14,442,323,80,175
2011216-2011236-8982b4717926,plan up to the resumed attempt's first day (progress overwritten),9,7,468,341,61,175
2018159-2018179-400dc1d4a929,plan up to the resumed attempt's first day (progress overwritten),4,1,216,139,119,175
2022138-2022158-a6745948e98c,plan up to the resumed attempt's first day (progress overwritten),7,2,253,204,140,174
2014080-2014100-b34ad2c36fb9,plan up to the resumed attempt's first day (progress overwritten),15,4,360,560,400,174
2023333-2023353-82fadd7b5d37,plan up to the resumed attempt's first day (progress overwritten),5,1,210,166,140,174
2010161-2010181-3d6a10034bed,plan up to the resumed attempt's first day (progress overwritten),3,1,221,105,80,174
2024168-2024188-98d310f0e54f,plan up to the resumed attempt's first day (progress overwritten),9,5,360,259,93,174
2018199-2018219-e5f2daf270bd,plan up to the resumed attempt's first day (progress overwritten),4,1,209,92,69,174
2014080-2014100-8e77e9148511,plan up to the resumed attempt's first day (progress overwritten),24,3,238,441,389,174
2018059-2018079-1ab46a408d03,plan up to the resumed attempt's first day (progress overwritten),3,1,184,79,77,173
2016350-2017004-ccc9e76c4383,plan up to the resumed attempt's first day (progress overwritten),11,4,336,371,211,173
2014280-2014300-cfb74a325380,plan up to the resumed attempt's first day (progress overwritten),7,3,308,267,151,173
2019334-2019354-ccd0d248587e,plan up to the resumed attempt's first day (progress overwritten),6,1,189,167,165,173
2025202-2025222-74b89285d27d,plan up to the resumed attempt's first day (progress overwritten),6,2,264,198,120,173
2020209-2020229-b8728674e6d4,plan up to the resumed attempt's first day (progress overwritten),7,2,245,242,180,172
2010341-2010361-fe17a92e420c,plan up to the resumed attempt's first day (progress overwritten),3,1,221,117,80,172
2012231-2012251-2fda2657bc38,plan up to the resumed attempt's first day (progress overwritten),17,6,440,619,379,172
2017304-2017324-00e5b69b62f3,plan up to the resumed attempt's first day (progress overwritten),5,1,182,165,157,172
2016150-2016170-0f94430d25ee,plan up to the resumed attempt's first day (progress overwritten),5,1,210,149,134,172
2014240-2014260-f311664b3f1f,plan up to the resumed attempt's first day (progress overwritten),5,2,231,168,120,171
2025022-2025042-20ce30b9b686,plan up to the resumed attempt's first day (progress overwritten),7,4,312,249,120,171
2015055-2015075-afae43cfa071,plan up to the resumed attempt's first day (progress overwritten),15,4,312,459,426,171
2022098-2022118-4c11f77e2032,plan up to the resumed attempt's first day (progress overwritten),6,4,320,199,80,171
2010101-2010121-cfeacfb2a796,plan up to the resumed attempt's first day (progress overwritten),3,1,221,120,80,171
2023293-2023313-0e842d24e274,plan up to the resumed attempt's first day (progress overwritten),22,15,480,432,137,171
2010021-2010041-addbf68bd5ff,plan up to the resumed attempt's first day (progress overwritten),16,12,663,602,129,170
2020229-2020249-c8b660c8996c,plan up to the resumed attempt's first day (progress overwritten),5,2,252,133,54,170
2019174-2019194-e1c3af81a185,plan up to the resumed attempt's first day (progress overwritten),4,2,242,144,80,170
2015255-2015275-b9fdf8e6b9e2,plan up to the resumed attempt's first day (progress overwritten),6,3,288,166,60,170
2025022-2025042-013ac1f7892b,plan up to the resumed attempt's first day (progress overwritten),29,19,432,445,198,170
2011216-2011236-f51d931d1fbd,plan up to the resumed attempt's first day (progress overwritten),10,8,513,369,51,170
2018319-2018339-4b111a6ead76,plan up to the resumed attempt's first day (progress overwritten),10,4,336,357,200,170
2022238-2022258-32e6d72b6106,plan up to the resumed attempt's first day (progress overwritten),4,2,234,127,80,170
2019334-2019354-94153a782e62,plan up to the resumed attempt's first day (progress overwritten),4,1,189,126,117,170
2013225-2013245-a53b5a24aa2d,plan up to the resumed attempt's first day (progress overwritten),7,3,300,230,110,170
2024228-2024248-fa8d0cab953e,plan up to the resumed attempt's first day (progress overwritten),5,1,209,136,100,169
2020089-2020109-390e2a0ec601,plan up to the resumed attempt's first day (progress overwritten),8,3,288,305,200,169
2020029-2020049-c397224d0336,plan up to the resumed attempt's first day (progress overwritten),6,1,210,208,174,169
2011056-2011076-ab272b895a48,plan up to the resumed attempt's first day (progress overwritten),4,2,238,114,60,168
2023333-2023353-364d0519037e,plan up to the resumed attempt's first day (progress overwritten),13,3,210,191,175,168
2021143-2021163-a478033232a9,plan up to the resumed attempt's first day (progress overwritten),8,4,308,275,140,168
2013205-2013225-45a886a24fa2,plan up to the resumed attempt's first day (progress overwritten),7,6,396,251,40,168
2014300-2014320-44ae26053cc8,plan up to the resumed attempt's first day (progress overwritten),4,2,221,111,80,167
2011296-2011316-0eab22ec46d5,plan up to the resumed attempt's first day (progress overwritten),6,4,336,225,69,167
2022078-2022098-87dae4bf992a,plan up to the resumed attempt's first day (progress overwritten),8,6,396,263,51,167
2010161-2010181-6e353206f1c0,plan up to the resumed attempt's first day (progress overwritten),5,3,288,166,60,167
2025002-2025022-0759c47c699e,plan up to the resumed attempt's first day (progress overwritten),4,2,252,152,80,167
2021023-2021043-cb57c4e934ec,plan up to the resumed attempt's first day (progress overwritten),4,2,242,138,69,167
2021083-2021103-af047c6bef6a,plan up to the resumed attempt's first day (progress overwritten),22,11,384,433,219,167
2018359-2019014-19fded284e55,plan up to the resumed attempt's first day (progress overwritten),7,1,217,219,180,167
2025002-2025022-6436fc1cdbe8,plan up to the resumed attempt's first day (progress overwritten),5,1,216,190,157,166
2021023-2021043-96727d58e694,plan up to the resumed attempt's first day (progress overwritten),5,1,207,135,100,166
2012351-2013005-ce836855e71a,plan up to the resumed attempt's first day (progress overwritten),6,1,210,163,124,166
2011236-2011256-d884d653eb3e,plan up to the resumed attempt's first day (progress overwritten),10,6,378,368,160,166
2014180-2014200-78d44320aaf1,plan up to the resumed attempt's first day (progress overwritten),5,1,200,166,140,166
2024268-2024288-e26d10e44c16,plan up to the resumed attempt's first day (progress overwritten),5,3,285,171,60,166
2020129-2020149-b1930b20c72b,plan up to the resumed attempt's first day (progress overwritten),7,6,414,280,40,166
2019194-2019214-e10451ce994a,plan up to the resumed attempt's first day (progress overwritten),8,6,414,279,40,166
2023313-2023333-06d5f04b37c4,plan up to the resumed attempt's first day (progress overwritten),16,12,663,614,140,165
2021123-2021143-907b2bf37bd8,plan up to the resumed attempt's first day (progress overwritten),6,3,300,219,100,165
2017104-2017124-346e9a0ec4d5,plan up to the resumed attempt's first day (progress overwritten),5,1,198,117,100,165
2023333-2023353-1dec2ff7bb8d,plan up to the resumed attempt's first day (progress overwritten),10,2,224,323,284,164
2016090-2016110-591dd3d48c9c,plan up to the resumed attempt's first day (progress overwritten),5,1,198,178,160,164
2022058-2022078-7f774e2c479a,plan up to the resumed attempt's first day (progress overwritten),4,1,180,103,89,164
2013105-2013125-7ad0606ab32f,plan up to the resumed attempt's first day (progress overwritten),4,2,247,149,80,164
2017364-2018019-cafe2d1a1926,plan up to the resumed attempt's first day (progress overwritten),23,3,231,442,400,163
2018059-2018079-dfd3397b896a,plan up to the resumed attempt's first day (progress overwritten),6,4,288,169,60,163
2017224-2017244-df01cdfabf08,plan up to the resumed attempt's first day (progress overwritten),4,3,289,155,40,163
2025322-2025342-a6797aee9c4c,plan up to the resumed attempt's first day (progress overwritten),8,5,364,285,100,162
2016030-2016050-99158c1246a9,plan up to the resumed attempt's first day (progress overwritten),5,2,234,163,100,162
2022358-2023013-2f7ad3a6795e,plan up to the resumed attempt's first day (progress overwritten),7,3,286,259,140,162
2021323-2021343-fb7f59680f7a,plan up to the resumed attempt's first day (progress overwritten),5,3,256,123,41,162
2025202-2025222-ed20d146d7c6,plan up to the resumed attempt's first day (progress overwritten),7,4,312,253,120,162
2023113-2023133-5238a5c70251,plan up to the resumed attempt's first day (progress overwritten),7,3,286,259,140,162
2023113-2023133-e848d3d3aea0,plan up to the resumed attempt's first day (progress overwritten),8,3,297,299,180,162
2016270-2016290-2d56d248bede,plan up to the resumed attempt's first day (progress overwritten),5,3,255,141,55,161
2013105-2013125-b5e42ea1dcbf,plan up to the resumed attempt's first day (progress overwritten),5,1,198,124,100,161
2013045-2013065-ddde786c294c,plan up to the resumed attempt's first day (progress overwritten),5,1,198,127,100,161
2010241-2010261-3fe0ef1d65a8,plan up to the resumed attempt's first day (progress overwritten),3,1,180,68,61,161
2023193-2023213-9fccb4359917,plan up to the resumed attempt's first day (progress overwritten),7,5,352,260,80,161
2012151-2012171-306439679365,plan up to the resumed attempt's first day (progress overwritten),8,2,180,118,100,161
2021243-2021263-763f9fc15b83,plan up to the resumed attempt's first day (progress overwritten),3,1,171,65,60,161
2018179-2018199-40a170581b69,plan up to the resumed attempt's first day (progress overwritten),5,2,234,155,100,161
2012071-2012091-5d55815028f3,plan up to the resumed attempt's first day (progress overwritten),7,3,294,257,137,160
2011196-2011216-42fc5df31a30,plan up to the resumed attempt's first day (progress overwritten),16,9,560,638,280,160
2016350-2017004-7d568dceca5e,plan up to the resumed attempt's first day (progress overwritten),6,2,234,150,100,160
2013185-2013205-e718f8903ee9,plan up to the resumed attempt's first day (progress overwritten),6,2,260,240,160,160
2021023-2021043-79edcab9357f,plan up to the resumed attempt's first day (progress overwritten),5,3,260,170,80,160
2013145-2013165-c4ac417d3aa0,plan up to the resumed attempt's first day (progress overwritten),7,6,378,242,40,160
2013085-2013105-69463318734d,plan up to the resumed attempt's first day (progress overwritten),6,4,288,170,60,160
2017164-2017184-adeb84ae9f29,plan up to the resumed attempt's first day (progress overwritten),11,7,448,380,100,160
2012311-2012331-4b7eaa462c20,plan up to the resumed attempt's first day (progress overwritten),7,5,360,240,41,160
2021343-2021363-7155156549c2,plan up to the resumed attempt's first day (progress overwritten),7,5,352,257,80,160
2017304-2017324-246235dfc8dc,plan up to the resumed attempt's first day (progress overwritten),3,1,176,87,80,160
2015015-2015035-473bf3c87df5,plan up to the resumed attempt's first day (progress overwritten),16,9,560,640,280,160
2011056-2011076-21c11364d73e,plan up to the resumed attempt's first day (progress overwritten),6,2,198,111,80,159
2020329-2020349-354333910843,plan up to the resumed attempt's first day (progress overwritten),7,5,336,237,79,159
2014360-2015015-653b98d91191,plan up to the resumed attempt's first day (progress overwritten),4,2,204,101,60,159
2016270-2016290-4d6fae921e1e,plan up to the resumed attempt's first day (progress overwritten),9,6,336,241,81,159
2018239-2018259-8347f4469712,plan up to the resumed attempt's first day (progress overwritten),11,10,532,391,40,159
2010181-2010201-39005e5a117e,plan up to the resumed attempt's first day (progress overwritten),5,1,176,138,140,158
2012071-2012091-b15f5d839052,plan up to the resumed attempt's first day (progress overwritten),8,6,396,273,47,158
2021023-2021043-d5e32168c506,plan up to the resumed attempt's first day (progress overwritten),8,5,345,282,106,158
2016270-2016290-d339cc18e5f8,plan up to the resumed attempt's first day (progress overwritten),5,4,289,154,40,158
2013145-2013165-ac6b9f3eb0dc,plan up to the resumed attempt's first day (progress overwritten),3,1,198,95,60,158
2018259-2018279-00c7cc7f4f1d,plan up to the resumed attempt's first day (progress overwritten),9,5,360,283,89,158
2013345-2013365-26c55921a94f,plan up to the resumed attempt's first day (progress overwritten),16,13,680,635,116,158
2016230-2016250-00d406dc09fc,plan up to the resumed attempt's first day (progress overwritten),12,5,364,403,203,157
2025302-2025322-f3aa02235661,plan up to the resumed attempt's first day (progress overwritten),7,3,260,234,140,157
2024328-2024348-b07c2071d687,plan up to the resumed attempt's first day (progress overwritten),11,7,336,299,140,157
2020309-2020329-d41e873ca13e,plan up to the resumed attempt's first day (progress overwritten),8,6,414,295,56,157
2025302-2025322-ea5d4fe3a987,plan up to the resumed attempt's first day (progress overwritten),3,1,180,80,60,156
2019114-2019134-cc1dbc2d0c43,plan up to the resumed attempt's first day (progress overwritten),8,3,250,218,178,156
2017364-2018019-36e01d4405e1,plan up to the resumed attempt's first day (progress overwritten),4,1,171,84,100,156
2010261-2010281-4c40b08d3260,plan up to the resumed attempt's first day (progress overwritten),6,1,198,173,160,156
2012091-2012111-5ac1f93ad36a,plan up to the resumed attempt's first day (progress overwritten),14,11,578,515,103,156
2010081-2010101-eaf992f6e736,plan up to the resumed attempt's first day (progress overwritten),6,4,288,185,60,155
2012231-2012251-132369fe2b30,plan up to the resumed attempt's first day (progress overwritten),6,1,198,186,160,155
2023233-2023253-83b26f37bd77,plan up to the resumed attempt's first day (progress overwritten),5,1,180,64,120,155
2018219-2018239-4683a725f29a,plan up to the resumed attempt's first day (progress overwritten),5,4,306,184,40,155
2012091-2012111-9240963c105a,plan up to the resumed attempt's first day (progress overwritten),15,3,175,159,152,155
2024328-2024348-f52298996288,plan up to the resumed attempt's first day (progress overwritten),8,4,286,264,145,155
2024328-2024348-4a9c6396df63,plan up to the resumed attempt's first day (progress overwritten),7,3,270,246,141,154
2020009-2020029-e3c869dd52d2,plan up to the resumed attempt's first day (progress overwritten),8,4,225,120,60,154
2010261-2010281-d0eca55a812d,plan up to the resumed attempt's first day (progress overwritten),8,2,198,113,74,154
2019174-2019194-449ea55d2688,plan up to the resumed attempt's first day (progress overwritten),7,3,260,224,140,154
2014320-2014340-9aa0f10a09c8,plan up to the resumed attempt's first day (progress overwritten),12,2,200,166,132,153
2012211-2012231-ce1627f2953d,plan up to the resumed attempt's first day (progress overwritten),6,2,198,187,160,153
2012091-2012111-904680356896,plan up to the resumed attempt's first day (progress overwritten),7,1,189,208,240,153
2017164-2017184-e0a8018a49c6,plan up to the resumed attempt's first day (progress overwritten),6,2,234,160,100,153
2013085-2013105-a9e9d57994f6,plan up to the resumed attempt's first day (progress overwritten),5,2,220,166,100,153
2022198-2022218-dd2ab337ec61,plan up to the resumed attempt's first day (progress overwritten),5,4,306,180,40,153
2010141-2010161-bcbb99d03f97,plan up to the resumed attempt's first day (progress overwritten),5,1,189,132,100,153
2016330-2016350-10e8918d3800,plan up to the resumed attempt's first day (progress overwritten),7,3,243,244,160,153
2025202-2025222-bc889dd152c5,plan up to the resumed attempt's first day (progress overwritten),17,14,720,639,105,153
2010301-2010321-42bb8b38e7da,plan up to the resumed attempt's first day (progress overwritten),6,5,323,207,40,152
2022258-2022278-e43b6a94fd9e,plan up to the resumed attempt's first day (progress overwritten),10,6,360,288,107,152
2019054-2019074-3b78c8714a60,plan up to the resumed attempt's first day (progress overwritten),5,2,207,153,100,152
2016110-2016130-ecf5b00677c9,plan up to the resumed attempt's first day (progress overwritten),14,5,370,513,314,152
2011056-2011076-ab8d6ed7c2c8,plan up to the resumed attempt's first day (progress overwritten),4,1,189,126,100,152
2024208-2024228-10fe589b3e82,plan up to the resumed attempt's first day (progress overwritten),12,5,348,423,260,152
2020269-2020289-454ff7b29f77,plan up to the resumed attempt's first day (progress overwritten),5,2,207,154,100,152
2014240-2014260-7c7608b8883f,plan up to the resumed attempt's first day (progress overwritten),4,1,180,106,100,151
2017124-2017144-6e68d64381a6,plan up to the resumed attempt's first day (progress overwritten),12,6,285,219,100,151
2024188-2024208-e9385c23b4f4,plan up to the resumed attempt's first day (progress overwritten),12,10,558,461,80,150
2012171-2012191-7668289d4324,plan up to the resumed attempt's first day (progress overwritten),5,3,238,127,60,150
2011356-2012011-84a5ce11b2f5,plan up to the resumed attempt's first day (progress overwritten),6,4,288,190,60,150
2025262-2025282-06387329b6e1,plan up to the resumed attempt's first day (progress overwritten),15,12,612,563,120,150
2021363-2022018-b97cf6f2524d,plan up to the resumed attempt's first day (progress overwritten),14,3,272,507,429,150
2024048-2024068-97d8e1dd4049,plan up to the resumed attempt's first day (progress overwritten),8,2,242,232,168,150
2018339-2018359-897abc2a64c2,plan up to the resumed attempt's first day (progress overwritten),10,8,476,399,80,149
2020009-2020029-faac83f2043e,plan up to the resumed attempt's first day (progress overwritten),4,2,224,147,79,149
2025022-2025042-fdab1fd16cca,plan up to the resumed attempt's first day (progress overwritten),12,1,192,417,381,149
2025242-2025262-758f583ebef3,plan up to the resumed attempt's first day (progress overwritten),8,1,196,281,258,149
2016170-2016190-603137223ca0,plan up to the resumed attempt's first day (progress overwritten),8,5,315,229,81,149
2014080-2014100-db0a28cfa18e,plan up to the resumed attempt's first day (progress overwritten),5,1,180,108,100,149
2018059-2018079-5740a0eed259,plan up to the resumed attempt's first day (progress overwritten),14,2,198,278,256,149
2018359-2019014-b13b95cead14,plan up to the resumed attempt's first day (progress overwritten),3,1,184,96,73,148
2014260-2014280-623893dc7161,plan up to the resumed attempt's first day (progress overwritten),6,1,189,173,160,148
2020209-2020229-dc5565db6caf,plan up to the resumed attempt's first day (progress overwritten),8,3,253,274,191,148
2016230-2016250-eeb11e44b378,plan up to the resumed attempt's first day (progress overwritten),6,2,242,232,160,148
2011256-2011276-32247d845d87,plan up to the resumed attempt's first day (progress overwritten),10,5,364,360,160,148
2018159-2018179-db5ed2df8b0e,plan up to the resumed attempt's first day (progress overwritten),8,7,432,319,40,148
2012231-2012251-7efa76fb504b,plan up to the resumed attempt's first day (progress overwritten),7,5,336,236,54,148
2020029-2020049-1caba0327bc9,plan up to the resumed attempt's first day (progress overwritten),5,4,306,189,40,147
2025122-2025142-3cb3bf0d65bd,plan up to the resumed attempt's first day (progress overwritten),14,11,612,529,95,147
2018119-2018139-e33ed39cd830,plan up to the resumed attempt's first day (progress overwritten),3,1,161,92,80,147
2022298-2022318-3ecc2995fdfc,plan up to the resumed attempt's first day (progress overwritten),5,2,198,113,120,147
2021023-2021043-e94dde01a3b2,plan up to the resumed attempt's first day (progress overwritten),5,1,180,99,120,146
2018119-2018139-66a341668bfb,plan up to the resumed attempt's first day (progress overwritten),4,1,168,118,120,146
2023333-2023353-3d4f0d197446,plan up to the resumed attempt's first day (progress overwritten),16,2,185,278,260,146
2024288-2024308-d7f58711d147,plan up to the resumed attempt's first day (progress overwritten),6,1,198,183,149,146
2025302-2025322-0b732ea88cd1,plan up to the resumed attempt's first day (progress overwritten),6,1,196,219,180,146
2022178-2022198-fa51df92d6d9,plan up to the resumed attempt's first day (progress overwritten),3,1,171,80,60,146
2019054-2019074-22f8bc7b01c0,plan up to the resumed attempt's first day (progress overwritten),3,1,171,69,60,145
2011336-2011356-48d3cbb5612e,plan up to the resumed attempt's first day (progress overwritten),4,2,210,106,58,145
2023113-2023133-9cb00d5e5f72,plan up to the resumed attempt's first day (progress overwritten),12,2,189,200,160,145
2021223-2021243-6474973a2b69,plan up to the resumed attempt's first day (progress overwritten),14,10,323,219,60,145
2013205-2013225-f25d33565765,plan up to the resumed attempt's first day (progress overwritten),7,3,250,224,140,145
2013325-2013345-fb161f7accbc,plan up to the resumed attempt's first day (progress overwritten),6,3,275,238,120,145
2010241-2010261-a3bcea257e24,plan up to the resumed attempt's first day (progress overwritten),3,1,168,66,48,144
2024148-2024168-a71d9ebb8708,plan up to the resumed attempt's first day (progress overwritten),16,8,299,308,160,144
2024048-2024068-a7eb1ab4bbba,plan up to the resumed attempt's first day (progress overwritten),5,3,252,156,55,144
2018119-2018139-222e271107c9,plan up to the resumed attempt's first day (progress overwritten),5,4,289,174,40,144
2019054-2019074-e3634106e8bd,plan up to the resumed attempt's first day (progress overwritten),4,1,189,123,89,144
2011056-2011076-78afc4b37deb,plan up to the resumed attempt's first day (progress overwritten),6,2,200,168,140,144
2016270-2016290-328f251e77f6,plan up to the resumed attempt's first day (progress overwritten),6,4,288,193,60,143
2016270-2016290-55b87cb20b79,plan up to the resumed attempt's first day (progress overwritten),5,2,189,141,100,143
2012351-2013005-bc62513643d8,plan up to the resumed attempt's first day (progress overwritten),11,8,455,411,104,143
2011236-2011256-aaced47e4c49,plan up to the resumed attempt's first day (progress overwritten),6,3,231,183,96,143
2025242-2025262-59093e59006f,plan up to the resumed attempt's first day (progress overwritten),5,1,156,129,140,142
2015015-2015035-0b132f445bd5,plan up to the resumed attempt's first day (progress overwritten),17,14,663,601,100,142
2020049-2020069-52d3a31d9d20,plan up to the resumed attempt's first day (progress overwritten),4,1,180,112,120,142
2023273-2023293-4b2e6d439db7,plan up to the resumed attempt's first day (progress overwritten),4,1,162,116,120,142
2011256-2011276-fa4248f18ba3,plan up to the resumed attempt's first day (progress overwritten),11,6,405,388,148,142
2017304-2017324-e5ac85e5111f,plan up to the resumed attempt's first day (progress overwritten),6,1,156,161,200,142
2024328-2024348-0b2a9ab7fc48,plan up to the resumed attempt's first day (progress overwritten),12,6,372,451,240,142
2012291-2012311-61930fc1ad93,plan up to the resumed attempt's first day (progress overwritten),6,1,180,132,140,142
2025302-2025322-122f6b99a6d9,plan up to the resumed attempt's first day (progress overwritten),5,1,170,168,149,141
2023073-2023093-e6c3f0f3bf61,plan up to the resumed attempt's first day (progress overwritten),17,11,608,614,180,141
2024268-2024288-28a5d3f837b0,plan up to the resumed attempt's first day (progress overwritten),9,4,297,346,195,141
2022318-2022338-09f3399b7963,plan up to the resumed attempt's first day (progress overwritten),8,4,308,268,120,141
2019114-2019134-cd84d8a8a650,plan up to the resumed attempt's first day (progress overwritten),7,1,182,186,176,141
2015175-2015195-37a72f08506c,plan up to the resumed attempt's first day (progress overwritten),6,3,234,184,100,141
2011336-2011356-7c40b6230397,plan up to the resumed attempt's first day (progress overwritten),7,4,304,231,83,141
2013085-2013105-fa8eef03d2eb,plan up to the resumed attempt's first day (progress overwritten),5,2,198,136,100,141
2012331-2012351-a9552908345b,plan up to the resumed attempt's first day (progress overwritten),7,3,260,260,160,140
2021303-2021323-f840bfb9cba0,plan up to the resumed attempt's first day (progress overwritten),5,1,168,147,140,140
2021043-2021063-eedb80502bee,plan up to the resumed attempt's first day (progress overwritten),9,5,345,300,100,140
2020129-2020149-0590004f71a2,plan up to the resumed attempt's first day (progress overwritten),4,2,224,148,73,140
2018279-2018299-662d9cdd21da,plan up to the resumed attempt's first day (progress overwritten),4,2,225,134,60,140
2013025-2013045-1555703f81ba,plan up to the resumed attempt's first day (progress overwritten),5,2,189,111,120,140
2016290-2016310-46c372e2bd52,plan up to the resumed attempt's first day (progress overwritten),5,2,210,110,60,140
2020149-2020169-baac4d48e41a,plan up to the resumed attempt's first day (progress overwritten),6,2,171,109,160,140
2024228-2024248-15354e533515,plan up to the resumed attempt's first day (progress overwritten),15,9,510,535,180,139
2011356-2012011-3fe4829b149b,plan up to the resumed attempt's first day (progress overwritten),5,3,224,120,53,139
2022038-2022058-bec8fe8ab32c,plan up to the resumed attempt's first day (progress overwritten),14,11,595,557,120,139
2019034-2019054-6153102245a6,plan up to the resumed attempt's first day (progress overwritten),4,1,182,135,96,138
2012231-2012251-79b4f84400cf,plan up to the resumed attempt's first day (progress overwritten),6,3,266,200,80,138
2014020-2014040-16cafe7673c3,plan up to the resumed attempt's first day (progress overwritten),4,1,180,125,120,138
2021023-2021043-e4a6d0a11bc4,plan up to the resumed attempt's first day (progress overwritten),7,1,189,224,186,138
2024068-2024088-e1ad16a5f558,plan up to the resumed attempt's first day (progress overwritten),17,14,720,661,116,137
2012171-2012191-6818ab8243a8,plan up to the resumed attempt's first day (progress overwritten),4,3,255,144,40,137
2021323-2021343-148d019d3ec0,plan up to the resumed attempt's first day (progress overwritten),14,7,418,539,280,137
2025022-2025042-567945093aab,plan up to the resumed attempt's first day (progress overwritten),9,3,252,301,200,137
2024268-2024288-8f26a73d3ee2,plan up to the resumed attempt's first day (progress overwritten),16,13,648,580,100,137
2020049-2020069-21e1a6400339,plan up to the resumed attempt's first day (progress overwritten),7,1,184,240,200,136
2021203-2021223-45faf680e041,plan up to the resumed attempt's first day (progress overwritten),4,2,210,115,46,136
2025242-2025262-16799635e35e,plan up to the resumed attempt's first day (progress overwritten),16,2,240,635,560,136
2025302-2025322-8d55946aca1e,plan up to the resumed attempt's first day (progress overwritten),37,7,216,456,385,136
2022278-2022298-250912f6e60d,plan up to the resumed attempt's first day (progress overwritten),10,9,494,376,40,136
2016290-2016310-f05f9b0ab87a,plan up to the resumed attempt's first day (progress overwritten),26,17,450,437,153,136
2012091-2012111-d89e6ea0dc8b,plan up to the resumed attempt's first day (progress overwritten),4,1,153,98,120,136
2021223-2021243-df9b4c055c63,plan up to the resumed attempt's first day (progress overwritten),3,2,224,120,40,136
2011136-2011156-52dafee09cd9,plan up to the resumed attempt's first day (progress overwritten),20,12,144,182,80,136
2010361-2011016-548994df5d53,plan up to the resumed attempt's first day (progress overwritten),6,2,198,181,160,135
2016210-2016230-ae530c59f70d,plan up to the resumed attempt's first day (progress overwritten),5,2,195,147,100,135
2024348-2025002-e6fcd9936b02,plan up to the resumed attempt's first day (progress overwritten),19,16,760,658,49,135
2010181-2010201-98ffe47cf00e,plan up to the resumed attempt's first day (progress overwritten),4,1,144,100,91,134
2021323-2021343-cc731bb25872,plan up to the resumed attempt's first day (progress overwritten),15,11,323,232,60,134
2017144-2017164-c500393ba7a0,plan up to the resumed attempt's first day (progress overwritten),14,8,285,236,100,134
2020169-2020189-ae84c2a76741,plan up to the resumed attempt's first day (progress overwritten),7,6,378,271,40,134
2014200-2014220-d69e05e9b49f,plan up to the resumed attempt's first day (progress overwritten),7,3,252,215,120,134
2019114-2019134-1ac44ac6eb3b,plan up to the resumed attempt's first day (progress overwritten),5,4,289,184,40,133
2023053-2023073-673d26590f1a,plan up to the resumed attempt's first day (progress overwritten),9,7,408,334,79,133
2022298-2022318-831ccf0c3292,plan up to the resumed attempt's first day (progress overwritten),17,7,400,629,373,133
2021363-2022018-4c974df46a2b,plan up to the resumed attempt's first day (progress overwritten),3,1,154,79,77,133
2025302-2025322-1fcc79727b72,plan up to the resumed attempt's first day (progress overwritten),3,1,152,83,69,133
2017024-2017044-6e8d19b6cc88,plan up to the resumed attempt's first day (progress overwritten),6,3,216,150,99,133
2024168-2024188-4cfdbf3d6540,plan up to the resumed attempt's first day (progress overwritten),8,2,231,274,200,133
2022198-2022218-8cb1dc58a9fc,plan up to the resumed attempt's first day (progress overwritten),11,9,442,373,72,133
2020329-2020349-5b06d7a7afa6,plan up to the resumed attempt's first day (progress overwritten),9,7,391,315,62,133
2019214-2019234-a6fd9e2afe78,plan up to the resumed attempt's first day (progress overwritten),4,1,182,140,100,133
2012271-2012291-05f15a8fea91,plan up to the resumed attempt's first day (progress overwritten),17,4,320,655,499,132
2014200-2014220-0ef08f216c49,plan up to the resumed attempt's first day (progress overwritten),17,7,440,628,348,132
2025242-2025262-2c60b023c296,plan up to the resumed attempt's first day (progress overwritten),7,1,180,256,220,132
2012231-2012251-e99899dcbd73,plan up to the resumed attempt's first day (progress overwritten),7,3,234,174,100,132
2022178-2022198-58aae9740983,plan up to the resumed attempt's first day (progress overwritten),4,1,171,139,103,132
2010261-2010281-8fcdc05d58de,plan up to the resumed attempt's first day (progress overwritten),16,12,612,582,130,132
2014180-2014200-608fadb101a3,plan up to the resumed attempt's first day (progress overwritten),4,1,156,136,120,132
2020189-2020209-4504c84a2391,plan up to the resumed attempt's first day (progress overwritten),8,6,391,319,79,132
2013085-2013105-1085fb6d7f83,plan up to the resumed attempt's first day (progress overwritten),3,1,168,108,77,132
2020289-2020309-507857a7fbf6,plan up to the resumed attempt's first day (progress overwritten),6,2,221,188,108,131
2023053-2023073-ab63fa0aa6be,plan up to the resumed attempt's first day (progress overwritten),8,3,240,287,185,131
2011176-2011196-ab452a8acbb6,plan up to the resumed attempt's first day (progress overwritten),4,2,176,113,71,130
2010201-2010221-373b88ae4851,plan up to the resumed attempt's first day (progress overwritten),5,1,176,123,87,130
2019214-2019234-d9d2fb5dab9d,plan up to the resumed attempt's first day (progress overwritten),4,2,210,143,76,130
2017144-2017164-1f2e29307927,plan up to the resumed attempt's first day (progress overwritten),7,3,243,263,160,130
2016170-2016190-10e6ae22ff25,plan up to the resumed attempt's first day (progress overwritten),8,4,286,258,120,130
2020329-2020349-dec810b58f6f,plan up to the resumed attempt's first day (progress overwritten),5,2,180,112,120,130
2020049-2020069-1716470e2ccc,plan up to the resumed attempt's first day (progress overwritten),4,1,180,160,120,130
2012311-2012331-659a0f4bd931,plan up to the resumed attempt's first day (progress overwritten),26,23,576,504,60,130
2020309-2020329-51a99a775ac2,plan up to the resumed attempt's first day (progress overwritten),6,4,304,238,80,129
2011056-2011076-a3068be1355a,plan up to the resumed attempt's first day (progress overwritten),7,3,260,271,156,129
2014140-2014160-2fda5a7dee3f,plan up to the resumed attempt's first day (progress overwritten),13,4,300,441,281,129
2020329-2020349-f07feb4392d5,plan up to the resumed attempt's first day (progress overwritten),7,3,230,231,140,129
2018179-2018199-2fc6c2c68a95,plan up to the resumed attempt's first day (progress overwritten),6,2,171,172,160,129
2013325-2013345-114937f3b833,plan up to the resumed attempt's first day (progress overwritten),17,4,304,619,459,129
2011296-2011316-f689a7e1f339,plan up to the resumed attempt's first day (progress overwritten),14,8,429,525,240,128
2015235-2015255-c9cba29379e3,plan up to the resumed attempt's first day (progress overwritten),15,4,304,539,379,128
2022058-2022078-14269d39505f,plan up to the resumed attempt's first day (progress overwritten),5,1,154,166,160,128
2016290-2016310-5f21fff5ee2a,plan up to the resumed attempt's first day (progress overwritten),5,4,289,189,40,128
2013065-2013085-6e062a99e6fb,plan up to the resumed attempt's first day (progress overwritten),7,4,300,271,114,128
2016030-2016050-8faf7a4c30ea,plan up to the resumed attempt's first day (progress overwritten),3,1,144,64,60,128
2025322-2025342-cd58cdd4b201,plan up to the resumed attempt's first day (progress overwritten),4,1,176,120,80,128
2025022-2025042-1491465a8aeb,plan up to the resumed attempt's first day (progress overwritten),10,2,216,342,264,128
2017184-2017204-31f0c71000cf,plan up to the resumed attempt's first day (progress overwritten),12,8,304,240,80,128
2019114-2019134-b86c15443220,plan up to the resumed attempt's first day (progress overwritten),5,2,198,161,100,127
2020269-2020289-4125de2b6f7a,plan up to the resumed attempt's first day (progress overwritten),4,2,182,102,66,127
2013205-2013225-587fb826b0d8,plan up to the resumed attempt's first day (progress overwritten),6,3,240,218,120,127
2022178-2022198-885c6c9883d7,plan up to the resumed attempt's first day (progress overwritten),6,2,175,185,160,127
2013085-2013105-dfd5656be611,plan up to the resumed attempt's first day (progress overwritten),7,1,132,81,100,126
2012111-2012131-80d0b7f94618,plan up to the resumed attempt's first day (progress overwritten),15,5,350,523,340,126
2013265-2013285-88a490c0041b,plan up to the resumed attempt's first day (progress overwritten),5,3,210,122,60,126
2018119-2018139-20ef16df47fa,plan up to the resumed attempt's first day (progress overwritten),4,1,150,133,120,126
2010361-2011016-9a877c19c418,plan up to the resumed attempt's first day (progress overwritten),3,1,150,64,42,126
2018279-2018299-e5f801df149a,plan up to the resumed attempt's first day (progress overwritten),3,1,168,91,60,126
2011336-2011356-f3937a29b010,plan up to the resumed attempt's first day (progress overwritten),7,5,323,246,54,125
2019294-2019314-77d666152976,plan up to the resumed attempt's first day (progress overwritten),16,7,418,554,285,125
2023213-2023233-49f734dc57cd,plan up to the resumed attempt's first day (progress overwritten),17,14,702,653,98,125
2014080-2014100-b315a06d42b3,plan up to the resumed attempt's first day (progress overwritten),7,2,198,204,160,125
2017144-2017164-bdb39513e481,plan up to the resumed attempt's first day (progress overwritten),6,3,198,151,100,125
2011236-2011256-68af953241ce,plan up to the resumed attempt's first day (progress overwritten),6,1,168,160,140,125
2021103-2021123-b4d94e7e127b,plan up to the resumed attempt's first day (progress overwritten),7,3,252,222,105,125
2023053-2023073-7eacaddee3ec,plan up to the resumed attempt's first day (progress overwritten),11,8,442,391,99,125
2024268-2024288-ba4680737ef6,plan up to the resumed attempt's first day (progress overwritten),37,3,180,459,423,125
2013365-2014020-a3bd9c3ddd1f,plan up to the resumed attempt's first day (progress overwritten),5,1,144,150,140,125
2021303-2021323-344915c929ed,plan up to the resumed attempt's first day (progress overwritten),7,1,161,256,239,124
2019114-2019134-99aede2c70c3,plan up to the resumed attempt's first day (progress overwritten),6,1,168,200,160,124
2013125-2013145-38ae82a392b3,plan up to the resumed attempt's first day (progress overwritten),4,1,168,140,113,124
2025202-2025222-8c94443b7e6a,plan up to the resumed attempt's first day (progress overwritten),9,3,240,266,180,124
2012091-2012111-eedadc1a6419,plan up to the resumed attempt's first day (progress overwritten),9,7,374,305,60,123
2015355-2016010-aaddceeffdea,plan up to the resumed attempt's first day (progress overwritten),16,6,370,583,344,122
2012211-2012231-33d2be5fe026,plan up to the resumed attempt's first day (progress overwritten),3,1,144,73,60,122
2015235-2015255-4b65c19e402d,plan up to the resumed attempt's first day (progress overwritten),7,2,198,209,160,122
2018079-2018099-aea74fafa857,plan up to the resumed attempt's first day (progress overwritten),9,6,330,287,116,122
2014220-2014240-80ce415348b0,plan up to the resumed attempt's first day (progress overwritten),3,1,168,93,60,122
2023053-2023073-f9bf83fb3c7d,plan up to the resumed attempt's first day (progress overwritten),8,1,162,215,212,121
2014120-2014140-a15e778fea5a,plan up to the resumed attempt's first day (progress overwritten),3,1,132,67,60,121
2017324-2017344-63be668a3d5f,plan up to the resumed attempt's first day (progress overwritten),10,8,450,371,60,121
2012051-2012071-695c0e960530,plan up to the resumed attempt's first day (progress overwritten),6,3,231,210,100,120
2011236-2011256-f9d3120a2f92,plan up to the resumed attempt's first day (progress overwritten),10,7,416,392,120,120
2017104-2017124-d12d061eeb34,plan up to the resumed attempt's first day (progress overwritten),12,8,448,420,100,120
2015115-2015135-af53c30286db,progress (first attempt),11,10,400,296,19,120
2012011-2012031-de712bc4150b,plan up to the resumed attempt's first day (progress overwritten),8,5,336,300,100,120
2018039-2018059-eb5200172bf2,plan up to the resumed attempt's first day (progress overwritten),4,1,168,159,120,120
2023173-2023193-728be0eebacf,plan up to the resumed attempt's first day (progress overwritten),12,1,168,435,400,120
2017104-2017124-a09c0bda8587,plan up to the resumed attempt's first day (progress overwritten),12,6,364,440,200,120
2025142-2025162-ce52590d92a1,plan up to the resumed attempt's first day (progress overwritten),6,1,168,188,148,120
2013005-2013025-f887106b7bf8,plan up to the resumed attempt's first day (progress overwritten),7,4,300,280,120,120
2021063-2021083-e15973852fc7,plan up to the resumed attempt's first day (progress overwritten),3,2,208,120,40,120
2014060-2014080-eac41212779e,plan up to the resumed attempt's first day (progress overwritten),7,4,300,280,120,120
2012191-2012211-aeb427481edd,plan up to the resumed attempt's first day (progress overwritten),8,5,336,300,100,120
2018139-2018159-49fd78d6b7f4,plan up to the resumed attempt's first day (progress overwritten),5,2,208,158,80,120
2013365-2014020-0ed836e585de,plan up to the resumed attempt's first day (progress overwritten),28,24,594,532,80,120
2012071-2012091-fdd023e318b5,plan up to the resumed attempt's first day (progress overwritten),7,5,323,258,59,119
2020089-2020109-0837d2db5146,plan up to the resumed attempt's first day (progress overwritten),7,2,180,158,180,119
2017324-2017344-e0acad43b8a8,plan up to the resumed attempt's first day (progress overwritten),6,4,240,173,60,119
2021183-2021203-bbee56160b43,plan up to the resumed attempt's first day (progress overwritten),12,8,272,207,79,119
2012051-2012071-4991485d5e36,plan up to the resumed attempt's first day (progress overwritten),8,6,336,284,80,119
2013105-2013125-1c11f8893c96,plan up to the resumed attempt's first day (progress overwritten),11,8,448,372,69,119
2015195-2015215-e7e81e7ed0bc,plan up to the resumed attempt's first day (progress overwritten),19,16,702,646,80,119
2019114-2019134-fb7de36cac01,plan up to the resumed attempt's first day (progress overwritten),7,1,162,240,200,118
2012211-2012231-012ebe3dc098,plan up to the resumed attempt's first day (progress overwritten),4,1,144,114,100,118
2017024-2017044-891b8f560f2a,plan up to the resumed attempt's first day (progress overwritten),8,3,252,297,180,118
2018179-2018199-2401c182fa59,plan up to the resumed attempt's first day (progress overwritten),4,2,195,145,80,118
2014020-2014040-fbba0a1fcdcd,plan up to the resumed attempt's first day (progress overwritten),7,3,242,238,119,118
2016330-2016350-773a4c956739,plan up to the resumed attempt's first day (progress overwritten),8,1,168,259,220,118
2018079-2018099-dda7bd5aca91,plan up to the resumed attempt's first day (progress overwritten),10,7,384,350,100,118
2011156-2011176-c66ca52cd7d7,plan up to the resumed attempt's first day (progress overwritten),7,5,320,270,74,118
2010361-2011016-352dcbb48d67,plan up to the resumed attempt's first day (progress overwritten),3,1,156,94,60,117
2013025-2013045-ce810919fae8,plan up to the resumed attempt's first day (progress overwritten),6,1,161,199,160,117
2012351-2013005-5e82002d3541,plan up to the resumed attempt's first day (progress overwritten),4,1,156,87,60,117
2018199-2018219-e6b9a49e9b2a,plan up to the resumed attempt's first day (progress overwritten),12,7,392,403,160,116
2015175-2015195-bb78b3ee1bf8,plan up to the resumed attempt's first day (progress overwritten),15,2,228,559,479,116
2018079-2018099-0d518c19310e,plan up to the resumed attempt's first day (progress overwritten),26,10,330,502,319,116
2025082-2025102-eedf5d7dc2b3,plan up to the resumed attempt's first day (progress overwritten),10,1,162,339,300,116
2013205-2013225-8a8b537e33a2,plan up to the resumed attempt's first day (progress overwritten),6,3,228,214,120,116
2025082-2025102-6a86e6188578,plan up to the resumed attempt's first day (progress overwritten),8,1,161,278,240,116
2016090-2016110-ed1d5d8d25e1,plan up to the resumed attempt's first day (progress overwritten),4,1,132,111,100,116
2010021-2010041-b4c18e3d2bd0,plan up to the resumed attempt's first day (progress overwritten),5,3,221,167,80,116
2021303-2021323-be0156a79ae1,plan up to the resumed attempt's first day (progress overwritten),4,1,135,108,90,116
2012271-2012291-f1cbe5dc1888,plan up to the resumed attempt's first day (progress overwritten),15,4,280,560,440,116
2016090-2016110-05031cce164d,plan up to the resumed attempt's first day (progress overwritten),4,2,168,97,60,115
2021023-2021043-eff95d8e31fc,plan up to the resumed attempt's first day (progress overwritten),25,7,256,458,339,115
2025142-2025162-074ad232721b,plan up to the resumed attempt's first day (progress overwritten),13,12,570,478,40,115
2017304-2017324-79f793648a2f,plan up to the resumed attempt's first day (progress overwritten),6,1,136,152,167,115
2016210-2016230-7b7d0bb7cbef,plan up to the resumed attempt's first day (progress overwritten),13,7,270,240,100,115
2014080-2014100-8ae2e7249ae2,plan up to the resumed attempt's first day (progress overwritten),14,8,260,228,99,114
2020209-2020229-f1fcc9b274ed,plan up to the resumed attempt's first day (progress overwritten),7,2,189,243,180,114
2025242-2025262-3c0c4d04953b,plan up to the resumed attempt's first day (progress overwritten),11,2,160,381,340,114
2019234-2019254-444e4a858ada,plan up to the resumed attempt's first day (progress overwritten),6,1,140,93,161,114
2020169-2020189-534c517d527a,plan up to the resumed attempt's first day (progress overwritten),9,7,360,285,41,113
2024048-2024068-a60088bfe418,plan up to the resumed attempt's first day (progress overwritten),11,4,286,380,220,113
2018019-2018039-602a78d6dcf6,plan up to the resumed attempt's first day (progress overwritten),10,7,400,371,100,113
2018239-2018259-3ca478167f3b,plan up to the resumed attempt's first day (progress overwritten),12,4,176,193,140,113
2016110-2016130-a307eecf7073,plan up to the resumed attempt's first day (progress overwritten),6,2,187,164,100,113
2018119-2018139-fff517d38206,plan up to the resumed attempt's first day (progress overwritten),6,1,138,185,196,113
2022058-2022078-3386300be7c4,plan up to the resumed attempt's first day (progress overwritten),5,1,140,159,160,112
2017344-2017364-0258e7dd24da,progress (first attempt),28,27,560,457,12,112
2012151-2012171-c217f0fe8fd6,plan up to the resumed attempt's first day (progress overwritten),9,7,391,338,62,112
2019234-2019254-171325fde800,plan up to the resumed attempt's first day (progress overwritten),5,1,153,140,100,112
2019054-2019074-c7275049bc2d,plan up to the resumed attempt's first day (progress overwritten),17,6,360,657,431,112
2021203-2021223-016740dcca56,plan up to the resumed attempt's first day (progress overwritten),8,6,340,282,71,112
2019314-2019334-223ee02f2e96,plan up to the resumed attempt's first day (progress overwritten),3,2,192,110,40,112
2019194-2019214-ce99b9d05b42,plan up to the resumed attempt's first day (progress overwritten),6,3,240,180,60,112
2013325-2013345-2b17f09ef150,plan up to the resumed attempt's first day (progress overwritten),7,4,240,220,120,112
2018199-2018219-fd5e0e33ab05,plan up to the resumed attempt's first day (progress overwritten),5,2,196,136,59,112
2020049-2020069-c3e2c51cea76,plan up to the resumed attempt's first day (progress overwritten),11,9,442,402,80,112
2012091-2012111-f3578adaed4b,plan up to the resumed attempt's first day (progress overwritten),4,1,120,107,100,111
2018279-2018299-a3c2874027b5,plan up to the resumed attempt's first day (progress overwritten),3,1,156,104,80,111
2020349-2021003-9e52f946ab46,plan up to the resumed attempt's first day (progress overwritten),4,1,156,100,80,111
2022298-2022318-4d58bbd959df,plan up to the resumed attempt's first day (progress overwritten),7,1,156,222,183,111
2017364-2018019-2e47ccbc45ac,plan up to the resumed attempt's first day (progress overwritten),6,4,224,179,68,111
2011296-2011316-ab9700818bf1,plan up to the resumed attempt's first day (progress overwritten),4,2,168,97,60,111
2024148-2024168-f319b1342f06,plan up to the resumed attempt's first day (progress overwritten),5,2,171,170,120,111
2013085-2013105-a0918cc74ad0,plan up to the resumed attempt's first day (progress overwritten),26,9,252,441,302,111
2023353-2024008-50a9e7eec6ba,plan up to the resumed attempt's first day (progress overwritten),18,15,702,663,97,111
2011216-2011236-612e3f8e1657,plan up to the resumed attempt's first day (progress overwritten),8,6,340,284,60,110
2016330-2016350-6a0c9ad8e16f,plan up to the resumed attempt's first day (progress overwritten),10,4,162,143,100,110
2019294-2019314-b0292c74cf6e,plan up to the resumed attempt's first day (progress overwritten),4,2,168,106,49,110
2012051-2012071-b0a1b315e317,plan up to the resumed attempt's first day (progress overwritten),5,1,153,128,118,109
2023273-2023293-22817c3cd36c,plan up to the resumed attempt's first day (progress overwritten),6,1,124,185,175,109
2016170-2016190-039d03070511,plan up to the resumed attempt's first day (progress overwritten),6,4,255,201,60,109
2012011-2012031-284706ef5d4c,plan up to the resumed attempt's first day (progress overwritten),8,7,378,303,40,109
2024208-2024228-ad7573e93f8a,plan up to the resumed attempt's first day (progress overwritten),24,4,204,415,355,109
2017324-2017344-c769fcc8a2da,plan up to the resumed attempt's first day (progress overwritten),8,3,242,277,159,109
2012051-2012071-c5d4d2f36dd7,plan up to the resumed attempt's first day (progress overwritten),14,8,442,551,240,108
2015175-2015195-8d6ca3cf625c,plan up to the resumed attempt's first day (progress overwritten),3,2,154,82,40,108
2017024-2017044-2d47249a3f66,plan up to the resumed attempt's first day (progress overwritten),12,10,504,444,50,108
2011116-2011136-0559ada8c4f5,plan up to the resumed attempt's first day (progress overwritten),6,2,168,192,139,108
2023333-2023353-fdf445bf5868,plan up to the resumed attempt's first day (progress overwritten),7,1,144,218,220,108
2014240-2014260-c00be1ee98a0,plan up to the resumed attempt's first day (progress overwritten),8,6,342,269,44,107
2018079-2018099-128511607da6,plan up to the resumed attempt's first day (progress overwritten),8,3,242,279,160,107
2019054-2019074-456af0c4edef,plan up to the resumed attempt's first day (progress overwritten),26,9,264,449,335,107
2023353-2024008-7a7c54ce9a8b,plan up to the resumed attempt's first day (progress overwritten),16,14,646,569,44,107
2017324-2017344-3a1c90f24f11,plan up to the resumed attempt's first day (progress overwritten),7,4,234,203,100,107
2020149-2020169-2b8cdc896531,plan up to the resumed attempt's first day (progress overwritten),10,7,384,364,114,107
2021023-2021043-d64de9856dd5,plan up to the resumed attempt's first day (progress overwritten),10,1,150,333,299,106
2020089-2020109-ceb51475c4bc,plan up to the resumed attempt's first day (progress overwritten),4,1,138,139,116,106
2012171-2012191-c273a134cd52,plan up to the resumed attempt's first day (progress overwritten),19,9,480,682,322,106
2019294-2019314-efc5812f3af6,plan up to the resumed attempt's first day (progress overwritten),4,1,154,120,80,106
2014140-2014160-d80b5a7f5ec7,plan up to the resumed attempt's first day (progress overwritten),3,2,182,112,40,106
2023033-2023053-fa3a99266446,plan up to the resumed attempt's first day (progress overwritten),6,4,255,190,47,106
2021203-2021223-495a0b964b9f,plan up to the resumed attempt's first day (progress overwritten),8,2,189,237,180,106
2016270-2016290-473e2f514fe3,plan up to the resumed attempt's first day (progress overwritten),27,25,608,529,40,106
2017304-2017324-1676fc940afe,plan up to the resumed attempt's first day (progress overwritten),26,2,165,485,478,106
2021143-2021163-bf57621d2ca6,plan up to the resumed attempt's first day (progress overwritten),15,12,561,553,100,106
2016030-2016050-94edf515ec6b,plan up to the resumed attempt's first day (progress overwritten),6,1,132,201,180,106
2014260-2014280-558667c34489,plan up to the resumed attempt's first day (progress overwritten),13,10,510,487,106,106
2020349-2021003-a3273f540691,plan up to the resumed attempt's first day (progress overwritten),10,7,391,343,63,105
2011116-2011136-c243610b65bf,plan up to the resumed attempt's first day (progress overwritten),3,1,144,95,60,105
2019134-2019154-0c41ceca7bfc,plan up to the resumed attempt's first day (progress overwritten),10,2,143,135,100,105
2020129-2020149-df93f2895cc3,plan up to the resumed attempt's first day (progress overwritten),3,2,192,119,40,105
2020329-2020349-c803d4b96f87,plan up to the resumed attempt's first day (progress overwritten),5,2,162,147,98,105
2010001-2010021-2711ee956e72,plan up to the resumed attempt's first day (progress overwritten),3,2,192,113,40,105
2020269-2020289-79e9d4b17ba0,plan up to the resumed attempt's first day (progress overwritten),10,6,224,189,80,105
2017304-2017324-097ed9bd2644,plan up to the resumed attempt's first day (progress overwritten),6,1,120,158,200,105
2024088-2024108-bff0b64108db,plan up to the resumed attempt's first day (progress overwritten),7,4,266,266,120,105
2013005-2013025-3c09016a86f8,plan up to the resumed attempt's first day (progress overwritten),5,3,210,164,69,105
2012111-2012131-f168aa7e5211,plan up to the resumed attempt's first day (progress overwritten),15,5,306,543,360,104
2013265-2013285-b1cc0e0e61f3,plan up to the resumed attempt's first day (progress overwritten),6,3,198,181,100,104
2010141-2010161-fbb46ebccb98,plan up to the resumed attempt's first day (progress overwritten),5,3,221,181,80,104
2025022-2025042-9111f517392e,plan up to the resumed attempt's first day (progress overwritten),11,6,324,390,185,104
2016330-2016350-e31d5180515e,plan up to the resumed attempt's first day (progress overwritten),6,2,176,200,140,103
2022138-2022158-132bef1a08f7,plan up to the resumed attempt's first day (progress overwritten),4,1,143,101,80,103
2012211-2012231-9be48d706220,plan up to the resumed attempt's first day (progress overwritten),5,4,255,179,40,103
2018179-2018199-9548672b8481,plan up to the resumed attempt's first day (progress overwritten),5,1,135,161,140,103
2023293-2023313-4bb794356fe9,plan up to the resumed attempt's first day (progress overwritten),13,10,493,474,100,103
2012031-2012051-57e073f513ef,plan up to the resumed attempt's first day (progress overwritten),6,1,126,181,180,103
2016030-2016050-2146275d9217,plan up to the resumed attempt's first day (progress overwritten),5,1,125,141,125,102
2022238-2022258-c35108bf57f4,plan up to the resumed attempt's first day (progress overwritten),9,8,414,348,40,102
2021363-2022018-a7936a1eb529,plan up to the resumed attempt's first day (progress overwritten),5,1,130,142,135,101
2013365-2014020-151ffa333f9a,plan up to the resumed attempt's first day (progress overwritten),8,5,300,299,119,101
2020009-2020029-c92a9c5ecef8,plan up to the resumed attempt's first day (progress overwritten),3,1,143,92,80,101
2020149-2020169-d5caa68b2597,plan up to the resumed attempt's first day (progress overwritten),6,2,147,201,156,101
2025302-2025322-0741adeb9be0,plan up to the resumed attempt's first day (progress overwritten),4,1,126,135,118,101
2021303-2021323-57ed19463c40,plan up to the resumed attempt's first day (progress overwritten),4,1,117,96,100,100
2013025-2013045-507e55953a82,plan up to the resumed attempt's first day (progress overwritten),8,5,300,300,120,100
2024228-2024248-36ff5d0bccc3,plan up to the resumed attempt's first day (progress overwritten),19,17,720,693,77,100
2014180-2014200-6ff528e0964d,plan up to the resumed attempt's first day (progress overwritten),4,1,120,101,119,100
2010341-2010361-3f1c83995582,plan up to the resumed attempt's first day (progress overwritten),14,12,594,558,80,100
2011076-2011096-3a9b7b282145,plan up to the resumed attempt's first day (progress overwritten),4,1,144,100,60,100
2022118-2022138-663d2b7c0fe5,plan up to the resumed attempt's first day (progress overwritten),36,6,180,455,382,100
2014180-2014200-7d3e126ff9bd,plan up to the resumed attempt's first day (progress overwritten),8,5,304,275,83,99
2012091-2012111-cce9462677d0,plan up to the resumed attempt's first day (progress overwritten),9,6,336,321,100,99
2020029-2020049-85b6e3d89bb7,plan up to the resumed attempt's first day (progress overwritten),5,1,135,170,160,99
2011176-2011196-6f62d28f0647,plan up to the resumed attempt's first day (progress overwritten),4,2,144,94,60,99
2024088-2024108-8ac86a62a8d6,plan up to the resumed attempt's first day (progress overwritten),8,2,176,262,220,99
2010361-2011016-a67142bc862f,plan up to the resumed attempt's first day (progress overwritten),5,2,144,144,100,98
2025242-2025262-d62888030fc4,plan up to the resumed attempt's first day (progress overwritten),11,2,144,382,340,98
2021023-2021043-785768138b8d,plan up to the resumed attempt's first day (progress overwritten),8,2,168,239,196,98
2012251-2012271-eb362e5c42b6,plan up to the resumed attempt's first day (progress overwritten),3,1,143,107,80,97
2017364-2018019-f9e43000c8e2,plan up to the resumed attempt's first day (progress overwritten),6,3,210,196,100,97
2012131-2012151-2b00e3211474,plan up to the resumed attempt's first day (progress overwritten),7,5,304,280,80,96
2011296-2011316-ad14e2753138,plan up to the resumed attempt's first day (progress overwritten),18,5,312,643,443,96
2017304-2017324-82215ba96579,plan up to the resumed attempt's first day (progress overwritten),12,8,240,214,80,96
2019134-2019154-cf143783da2a,plan up to the resumed attempt's first day (progress overwritten),5,3,204,128,40,96
2025242-2025262-04be71502a9e,plan up to the resumed attempt's first day (progress overwritten),16,14,648,617,80,96
2021243-2021263-b0e95cd68a50,plan up to the resumed attempt's first day (progress overwritten),7,1,120,234,222,95
2012311-2012331-0c0a51649696,plan up to the resumed attempt's first day (progress overwritten),4,2,180,140,60,95
2017244-2017264-99aec6a125f9,plan up to the resumed attempt's first day (progress overwritten),4,2,180,140,60,95
2019054-2019074-5579d096afdf,plan up to the resumed attempt's first day (progress overwritten),5,2,182,176,100,95
2017224-2017244-1145c941e2ce,plan up to the resumed attempt's first day (progress overwritten),12,10,504,462,79,95
2024028-2024048-a7430287ae38,plan up to the resumed attempt's first day (progress overwritten),5,1,145,200,160,95
2023333-2023353-8f5553b9899a,plan up to the resumed attempt's first day (progress overwritten),8,1,140,270,269,95
2019134-2019154-03e0261aeda3,plan up to the resumed attempt's first day (progress overwritten),5,3,204,134,40,95
2015255-2015275-729b0dbb9544,plan up to the resumed attempt's first day (progress overwritten),5,2,182,160,80,94
2015275-2015295-3b4d48d09925,plan up to the resumed attempt's first day (progress overwritten),4,2,182,160,80,94
2017184-2017204-85ddaa8b5480,plan up to the resumed attempt's first day (progress overwritten),3,1,140,96,60,94
2010361-2011016-71d6d697f5e0,plan up to the resumed attempt's first day (progress overwritten),18,16,741,684,59,94
2011296-2011316-debe6604a650,plan up to the resumed attempt's first day (progress overwritten),15,8,408,586,280,94
2022238-2022258-bf67df4d3c8c,plan up to the resumed attempt's first day (progress overwritten),37,6,180,463,385,94
2013065-2013085-c57c7cfa5539,plan up to the resumed attempt's first day (progress overwritten),5,3,210,180,75,94
2022018-2022038-db04c41b2c84,plan up to the resumed attempt's first day (progress overwritten),4,1,132,91,80,94
2023313-2023333-cc20bdac4b36,progress (first attempt),4,3,160,87,39,93
2021363-2022018-001089680a18,progress (first attempt),6,5,200,125,31,93
2015295-2015315-d96e84925b80,plan up to the resumed attempt's first day (progress overwritten),8,2,176,272,197,92
2022058-2022078-0734b570259b,plan up to the resumed attempt's first day (progress overwritten),5,1,115,158,140,92
2011296-2011316-7074793a3993,plan up to the resumed attempt's first day (progress overwritten),6,1,136,167,140,92
2019314-2019334-8d6a1122e39b,progress (first attempt),5,4,200,120,16,92
2021303-2021323-08caf61ae100,plan up to the resumed attempt's first day (progress overwritten),5,1,115,156,140,92
2015115-2015135-6471c4c83204,plan up to the resumed attempt's first day (progress overwritten),7,1,132,213,200,91
2012111-2012131-df3512f86b7a,plan up to the resumed attempt's first day (progress overwritten),7,2,171,217,160,91
2020149-2020169-b08170fc2eb0,progress (first attempt),8,7,280,212,26,90
2024328-2024348-aac510f800d1,plan up to the resumed attempt's first day (progress overwritten),19,3,138,333,300,90
2017104-2017124-b8c6cc1cace7,plan up to the resumed attempt's first day (progress overwritten),5,2,168,124,60,90
2011196-2011216-ecf58a732918,plan up to the resumed attempt's first day (progress overwritten),6,3,210,176,60,89
2021083-2021103-8696d5ec0599,plan up to the resumed attempt's first day (progress overwritten),9,2,184,283,220,89
2012291-2012311-266dffcd62b4,plan up to the resumed attempt's first day (progress overwritten),4,1,132,99,60,89
2011236-2011256-259c2ee800e4,plan up to the resumed attempt's first day (progress overwritten),9,7,340,305,60,89
2013025-2013045-d4d5b5891a7e,plan up to the resumed attempt's first day (progress overwritten),10,4,210,282,220,88
2016210-2016230-74d6ec0037ec,plan up to the resumed attempt's first day (progress overwritten),6,1,130,167,165,88
2014020-2014040-3fbd38c71ab9,plan up to the resumed attempt's first day (progress overwritten),4,1,132,100,60,88
2019174-2019194-ee8a87e3605f,plan up to the resumed attempt's first day (progress overwritten),6,4,90,230,80,88
2021143-2021163-00f0fdf1cbf0,plan up to the resumed attempt's first day (progress overwritten),4,3,208,152,40,88
2023273-2023293-75bcd751c733,plan up to the resumed attempt's first day (progress overwritten),20,2,112,343,340,88
2017164-2017184-cff29bd3da7f,plan up to the resumed attempt's first day (progress overwritten),18,12,342,287,47,87
2020109-2020129-4cc773cedec9,plan up to the resumed attempt's first day (progress overwritten),4,3,192,135,40,87
2012171-2012191-ad577f410845,plan up to the resumed attempt's first day (progress overwritten),16,10,490,606,221,87
2021143-2021163-693f96e2a76d,plan up to the resumed attempt's first day (progress overwritten),14,8,221,230,120,87
2024268-2024288-b4b00c1b89c9,plan up to the resumed attempt's first day (progress overwritten),8,4,228,282,160,87
2016030-2016050-1d0986d6a83f,plan up to the resumed attempt's first day (progress overwritten),6,1,112,202,180,86
2022058-2022078-53b175d07141,plan up to the resumed attempt's first day (progress overwritten),16,2,124,278,253,86
2019174-2019194-4326829d7705,plan up to the resumed attempt's first day (progress overwritten),28,8,264,505,360,86
2024028-2024048-4673ee4f67b0,plan up to the resumed attempt's first day (progress overwritten),7,2,147,228,180,86
2017204-2017224-d5bcc745576d,plan up to the resumed attempt's first day (progress overwritten),12,6,308,446,240,86
2025082-2025102-41ccba042f77,plan up to the resumed attempt's first day (progress overwritten),6,1,126,184,160,86
2017044-2017064-2c325d32ae10,plan up to the resumed attempt's first day (progress overwritten),12,8,420,459,140,86
2020049-2020069-2d4f538863df,plan up to the resumed attempt's first day (progress overwritten),4,1,132,118,80,85
2014240-2014260-b93e7bebd1c3,plan up to the resumed attempt's first day (progress overwritten),31,5,144,443,424,85
2021243-2021263-31f771a7d74f,plan up to the resumed attempt's first day (progress overwritten),6,1,104,161,200,85
2025082-2025102-1f6bc70f510a,plan up to the resumed attempt's first day (progress overwritten),20,16,408,387,80,85
2019114-2019134-0e0027ec5009,plan up to the resumed attempt's first day (progress overwritten),4,2,156,132,80,85
2020229-2020249-0b0ed997770a,plan up to the resumed attempt's first day (progress overwritten),9,6,345,360,120,85
2016350-2017004-0c84a1ccb636,plan up to the resumed attempt's first day (progress overwritten),4,1,120,81,56,85
2018299-2018319-0099d2e07948,plan up to the resumed attempt's first day (progress overwritten),7,2,161,219,180,84
2024168-2024188-b789b4be1957,progress (first attempt),5,4,160,91,28,84
2017364-2018019-385fae587915,plan up to the resumed attempt's first day (progress overwritten),5,3,196,184,80,84
2020289-2020309-1ae1c3e5fe19,plan up to the resumed attempt's first day (progress overwritten),9,5,300,311,120,84
2017024-2017044-583a9386980c,plan up to the resumed attempt's first day (progress overwritten),4,2,144,116,60,84
2016210-2016230-0bfebe6f1918,plan up to the resumed attempt's first day (progress overwritten),3,1,108,74,59,83
2014060-2014080-9f84edeee3d3,plan up to the resumed attempt's first day (progress overwritten),4,2,168,157,77,83
2013365-2014020-30669310ebd9,plan up to the resumed attempt's first day (progress overwritten),3,1,91,86,80,83
2021283-2021303-315e12f0b075,plan up to the resumed attempt's first day (progress overwritten),8,4,168,154,78,83
2011176-2011196-30cf2109ed7a,plan up to the resumed attempt's first day (progress overwritten),9,7,360,315,57,82
2018359-2019014-ef9abb9f5ee3,plan up to the resumed attempt's first day (progress overwritten),9,1,138,286,246,82
2019234-2019254-c4f4fbdb33a1,plan up to the resumed attempt's first day (progress overwritten),6,4,225,206,80,82
2011096-2011116-9c848f543a32,plan up to the resumed attempt's first day (progress overwritten),8,6,340,317,80,82
2014080-2014100-2687715ca2a8,plan up to the resumed attempt's first day (progress overwritten),9,2,180,309,229,82
2023073-2023093-24a0931278f8,progress (first attempt),5,3,160,105,39,82
2017124-2017144-6b50787d49de,plan up to the resumed attempt's first day (progress overwritten),3,1,130,116,80,82
2020169-2020189-2fcdcd7ae961,plan up to the resumed attempt's first day (progress overwritten),4,3,192,142,40,81
2015055-2015075-6d2941204e2f,plan up to the resumed attempt's first day (progress overwritten),3,1,120,89,61,81
2019354-2020009-faf891c17c3a,plan up to the resumed attempt's first day (progress overwritten),13,6,336,453,224,81
2023053-2023073-dc83d32ca49f,plan up to the resumed attempt's first day (progress overwritten),18,3,228,657,555,81
2010321-2010341-6b456af44672,plan up to the resumed attempt's first day (progress overwritten),6,4,224,181,55,81
2010241-2010261-c666f835f4d4,plan up to the resumed attempt's first day (progress overwritten),4,1,108,122,119,81
2013165-2013185-1ffcc0cb4962,plan up to the resumed attempt's first day (progress overwritten),9,5,300,320,120,80
2012291-2012311-89f0e25e35c8,plan up to the resumed attempt's first day (progress overwritten),6,2,168,200,120,80
2011256-2011276-ac03c6c4b278,plan up to the resumed attempt's first day (progress overwritten),4,1,130,120,80,80
2015095-2015115-7a2f0b4d7c33,plan up to the resumed attempt's first day (progress overwritten),3,1,130,118,80,80
2012111-2012131-39b405f0b876,plan up to the resumed attempt's first day (progress overwritten),10,6,286,332,140,80
2013005-2013025-8afdef36c808,plan up to the resumed attempt's first day (progress overwritten),3,1,126,100,60,80
2011276-2011296-fd53175add94,plan up to the resumed attempt's first day (progress overwritten),4,2,165,140,60,80
2013105-2013125-a9698ab021cd,plan up to the resumed attempt's first day (progress overwritten),9,4,260,318,159,80
2017244-2017264-3a50b64c0ff1,plan up to the resumed attempt's first day (progress overwritten),3,1,130,118,78,80
2015035-2015055-3fc3d22adc20,plan up to the resumed attempt's first day (progress overwritten),5,3,208,180,60,80
2014300-2014320-06855fa43123,plan up to the resumed attempt's first day (progress overwritten),4,2,126,93,60,80
2015335-2015355-aa2492be1bab,progress (first attempt),5,4,200,134,20,79
2024248-2024268-1199277c36cc,plan up to the resumed attempt's first day (progress overwritten),7,6,324,276,40,79
2015115-2015135-ed1d0d8b0260,plan up to the resumed attempt's first day (progress overwritten),8,1,126,236,220,79
2020089-2020109-b033bbff990e,plan up to the resumed attempt's first day (progress overwritten),5,1,108,139,123,79
2016330-2016350-50e6cfc67d1b,plan up to the resumed attempt's first day (progress overwritten),5,3,180,150,60,79
2012031-2012051-f75a810e6127,plan up to the resumed attempt's first day (progress overwritten),8,1,105,282,280,78
2019234-2019254-484050c11eeb,progress (first attempt),7,6,240,177,17,78
2015175-2015195-834ee8636b88,plan up to the resumed attempt's first day (progress overwritten),8,1,126,244,220,78
2020189-2020209-0ebb2d703499,plan up to the resumed attempt's first day (progress overwritten),4,3,204,156,40,77
2025102-2025122-8e4ddf2a089f,progress (first attempt),6,4,200,145,26,77
2022298-2022318-b898d5a39411,plan up to the resumed attempt's first day (progress overwritten),20,4,161,305,260,76
2019054-2019074-d5d329bc89ff,plan up to the resumed attempt's first day (progress overwritten),24,8,210,408,320,76
2016270-2016290-a8572ad519c6,plan up to the resumed attempt's first day (progress overwritten),5,2,132,155,100,76
2019094-2019114-544c6fc7c351,progress (first attempt),6,5,240,182,20,76
2021243-2021263-fe45e69cc406,plan up to the resumed attempt's first day (progress overwritten),16,2,95,232,260,76
2018359-2019014-aa0e2039020f,plan up to the resumed attempt's first day (progress overwritten),4,2,140,98,48,75
2018119-2018139-373f328dfbcd,plan up to the resumed attempt's first day (progress overwritten),4,1,96,120,120,75
2013205-2013225-f7c895bf5d8b,plan up to the resumed attempt's first day (progress overwritten),7,1,126,220,180,75
2019314-2019334-28c0c14ab222,plan up to the resumed attempt's first day (progress overwritten),4,3,187,133,40,75
2019254-2019274-0325b1be0743,progress (first attempt),6,5,240,196,37,75
2015295-2015315-90b2487cc8b1,plan up to the resumed attempt's first day (progress overwritten),4,2,144,118,60,75
2011136-2011156-15abd5c973fb,plan up to the resumed attempt's first day (progress overwritten),9,8,360,318,40,74
2023253-2023273-c97927394c83,progress (first attempt),9,8,360,304,20,74
2023113-2023133-28f504b4f8ef,plan up to the resumed attempt's first day (progress overwritten),18,16,722,685,74,74
2023193-2023213-38737f944214,plan up to the resumed attempt's first day (progress overwritten),20,18,437,385,40,74
2011196-2011216-660cf2aa0318,plan up to the resumed attempt's first day (progress overwritten),10,7,340,320,63,74
2019334-2019354-5ee2245e3704,progress (first attempt),5,4,160,94,9,73
2020029-2020049-c297f566d7df,plan up to the resumed attempt's first day (progress overwritten),5,1,100,121,160,73
2020029-2020049-5423bad5d649,plan up to the resumed attempt's first day (progress overwritten),4,1,108,122,120,73
2019334-2019354-c08babea639c,plan up to the resumed attempt's first day (progress overwritten),5,4,187,138,40,73
2010361-2011016-97af57717949,plan up to the resumed attempt's first day (progress overwritten),4,1,120,158,120,73
2025022-2025042-91a54d9ea2dc,progress (first attempt),3,2,80,18,20,73
2016090-2016110-11b9bff5dd84,plan up to the resumed attempt's first day (progress overwritten),17,16,703,665,40,72
2013205-2013225-076d709a3df0,plan up to the resumed attempt's first day (progress overwritten),4,2,132,116,60,72
2013025-2013045-162b3e933deb,plan up to the resumed attempt's first day (progress overwritten),18,7,342,677,420,72
2019094-2019114-251f7c5323d9,progress (first attempt),5,4,200,150,26,72
2011356-2012011-e82ded0326d4,plan up to the resumed attempt's first day (progress overwritten),9,2,152,282,202,71
2017204-2017224-a5183f66e1ce,plan up to the resumed attempt's first day (progress overwritten),4,3,176,133,40,71
2025242-2025262-2caab66436ff,plan up to the resumed attempt's first day (progress overwritten),19,17,760,728,69,71
2012111-2012131-2988b11ecd6b,plan up to the resumed attempt's first day (progress overwritten),4,2,144,123,60,70
2017304-2017324-e166eed982ce,plan up to the resumed attempt's first day (progress overwritten),4,2,130,128,79,70
2023253-2023273-fb3a473adb69,progress (first attempt),6,5,240,187,18,70
2023153-2023173-b3a752cb7870,progress (first attempt),5,4,200,147,20,70
2012191-2012211-119f9c310ec2,plan up to the resumed attempt's first day (progress overwritten),4,3,187,142,40,70
2025182-2025202-c351ad0caba7,progress (first attempt),5,4,200,147,20,69
2018359-2019014-a3062e7e043f,plan up to the resumed attempt's first day (progress overwritten),10,8,221,178,40,69
2012031-2012051-17d9d21ac064,plan up to the resumed attempt's first day (progress overwritten),5,3,165,151,60,69
2018359-2019014-5739d79b0c0e,plan up to the resumed attempt's first day (progress overwritten),12,3,196,434,320,69
2018119-2018139-7bef87b7e43c,plan up to the resumed attempt's first day (progress overwritten),5,1,95,139,160,69
2018239-2018259-253afceeb674,plan up to the resumed attempt's first day (progress overwritten),3,1,99,85,60,69
2016030-2016050-95025ac9acd9,plan up to the resumed attempt's first day (progress overwritten),6,1,100,220,196,68
2012171-2012191-411e824140ec,plan up to the resumed attempt's first day (progress overwritten),10,8,378,352,60,68
2016270-2016290-d233809b45a6,plan up to the resumed attempt's first day (progress overwritten),17,5,259,615,469,68
2016150-2016170-278624a1e1a1,plan up to the resumed attempt's first day (progress overwritten),8,2,132,285,240,68
2013125-2013145-cc902d5b62ef,progress (first attempt),5,4,200,151,20,67
2020149-2020169-f6d7c50b9ccd,plan up to the resumed attempt's first day (progress overwritten),7,2,126,219,171,67
2014040-2014060-9418a87f10b9,progress (first attempt),5,4,200,149,20,67
2017304-2017324-2e8ed50be870,plan up to the resumed attempt's first day (progress overwritten),8,1,84,272,280,67
2018179-2018199-27c5e0234c18,plan up to the resumed attempt's first day (progress overwritten),4,1,96,123,120,67
2014080-2014100-9d69253f153b,plan up to the resumed attempt's first day (progress overwritten),5,3,154,134,60,66
2011116-2011136-1e8f554fdb5a,plan up to the resumed attempt's first day (progress overwritten),9,8,360,330,40,66
2016350-2017004-dee336e743de,plan up to the resumed attempt's first day (progress overwritten),17,10,270,284,85,66
2010321-2010341-a3f500c5f10c,plan up to the resumed attempt's first day (progress overwritten),19,11,532,692,252,66
2022238-2022258-bee8dc59ff1d,plan up to the resumed attempt's first day (progress overwritten),11,4,225,419,276,66
2024108-2024128-8cbfdd8bddaf,plan up to the resumed attempt's first day (progress overwritten),9,5,273,342,160,66
2021143-2021163-a875f645490a,plan up to the resumed attempt's first day (progress overwritten),5,1,108,125,120,66
2023293-2023313-e9d3f73ff369,plan up to the resumed attempt's first day (progress overwritten),10,6,312,386,153,66
2023173-2023193-c95b34a8d556,plan up to the resumed attempt's first day (progress overwritten),9,5,228,296,160,66
2011236-2011256-ee1cc314e9ac,plan up to the resumed attempt's first day (progress overwritten),9,7,340,326,70,66
2025202-2025222-69a75fe73c39,plan up to the resumed attempt's first day (progress overwritten),8,5,238,256,91,66
2020029-2020049-f41f5ada4a70,plan up to the resumed attempt's first day (progress overwritten),3,1,84,86,78,65
2011116-2011136-d5e7991f7ebc,plan up to the resumed attempt's first day (progress overwritten),9,7,340,335,80,65
2015295-2015315-e9676d64bcff,plan up to the resumed attempt's first day (progress overwritten),16,8,407,612,296,65
2014240-2014260-dacb3c868384,plan up to the resumed attempt's first day (progress overwritten),3,1,91,104,80,65
2018159-2018179-078997a99be8,progress (first attempt),6,5,240,208,36,65
2018359-2019014-13f8e369a8e3,progress (first attempt),6,5,200,162,30,65
2013365-2014020-03b3520b8792,plan up to the resumed attempt's first day (progress overwritten),4,1,72,92,98,64
2012351-2013005-cf66fd6bcff5,plan up to the resumed attempt's first day (progress overwritten),7,4,210,202,80,64
2017284-2017304-4c03dbe58e1a,progress (first attempt),12,10,240,196,22,64
2011256-2011276-6ed0ef451e47,plan up to the resumed attempt's first day (progress overwritten),10,7,357,356,82,64
2010081-2010101-130bd1ec3d0b,plan up to the resumed attempt's first day (progress overwritten),6,1,112,178,140,64
2019354-2020009-68f29b659e2f,plan up to the resumed attempt's first day (progress overwritten),4,1,108,136,120,64
2025262-2025282-f0a50cbc169d,plan up to the resumed attempt's first day (progress overwritten),19,18,800,735,40,64
2020169-2020189-008f54dda862,plan up to the resumed attempt's first day (progress overwritten),10,8,374,371,68,63
2024008-2024028-6a79600d0d26,progress (first attempt),18,17,720,686,29,63
2016090-2016110-a8418f57bc42,plan up to the resumed attempt's first day (progress overwritten),7,1,96,207,220,63
2020229-2020249-e6490164ae68,plan up to the resumed attempt's first day (progress overwritten),6,3,180,170,60,63
2020029-2020049-d2cad2ec581b,plan up to the resumed attempt's first day (progress overwritten),4,1,99,118,120,63
2024268-2024288-0083cdd3a4e5,plan up to the resumed attempt's first day (progress overwritten),6,2,144,204,140,63
2012231-2012251-01da5c6050d6,plan up to the resumed attempt's first day (progress overwritten),17,10,455,624,240,62
2024148-2024168-b9e9a3fa2243,plan up to the resumed attempt's first day (progress overwritten),11,1,104,369,333,62
2017264-2017284-1e00ea1f4d27,progress (first attempt),5,4,160,112,21,62
2014240-2014260-a2521f7ba689,plan up to the resumed attempt's first day (progress overwritten),8,2,132,276,220,62
2019114-2019134-d81244cd51d7,progress (first attempt),7,6,240,196,20,62
2015115-2015135-40d8c506a915,plan up to the resumed attempt's first day (progress overwritten),6,2,136,206,140,62
2018059-2018079-20f26d325624,plan up to the resumed attempt's first day (progress overwritten),6,5,238,212,40,62
2021203-2021223-861e2126c18d,plan up to the resumed attempt's first day (progress overwritten),8,5,252,299,120,61
2024088-2024108-2ea4d16e4699,plan up to the resumed attempt's first day (progress overwritten),9,2,140,335,280,61
2019194-2019214-16ae8b094c9b,progress (first attempt),10,6,160,133,39,61
2023053-2023073-189faab9c618,plan up to the resumed attempt's first day (progress overwritten),7,3,187,261,159,61
2016270-2016290-ce627365529e,plan up to the resumed attempt's first day (progress overwritten),6,4,208,198,60,61
2025302-2025322-6762f257aa38,plan up to the resumed attempt's first day (progress overwritten),5,1,90,148,140,61
2021123-2021143-04d77a91677b,plan up to the resumed attempt's first day (progress overwritten),2,1,84,50,40,60
2011176-2011196-d1c6c9aaedb2,plan up to the resumed attempt's first day (progress overwritten),5,2,121,151,100,60
2023073-2023093-826de2fa4441,plan up to the resumed attempt's first day (progress overwritten),22,16,391,396,80,60
2013265-2013285-0625715e8f1d,plan up to the resumed attempt's first day (progress overwritten),9,5,260,340,160,60
2013145-2013165-69b6799f772a,plan up to the resumed attempt's first day (progress overwritten),9,4,220,340,200,60
2016230-2016250-c1023e99e918,plan up to the resumed attempt's first day (progress overwritten),18,10,270,295,95,60
2023213-2023233-567bbca5eaa3,progress (first attempt),6,5,240,198,20,60
2025282-2025302-4d603c280e46,progress (first attempt),5,4,200,158,20,60
2023193-2023213-91532ef4a19a,progress (first attempt),5,4,200,153,20,59
2018099-2018119-b854a1ea78b9,progress (first attempt),6,5,240,198,20,59
2019354-2020009-b462452ee060,plan up to the resumed attempt's first day (progress overwritten),4,1,99,130,120,58
2023033-2023053-d76963768162,plan up to the resumed attempt's first day (progress overwritten),4,3,187,159,40,58
2012191-2012211-75bfe61af745,plan up to the resumed attempt's first day (progress overwritten),8,7,342,320,40,58
2015095-2015115-38fd7efca407,progress (first attempt),8,6,160,117,17,58
2023133-2023153-397a42def317,plan up to the resumed attempt's first day (progress overwritten),20,17,741,722,44,58
2021363-2022018-f75bc0a0647b,plan up to the resumed attempt's first day (progress overwritten),5,1,90,148,124,58
2013365-2014020-a29c4b38fa22,progress (first attempt),5,4,160,129,34,58
2012151-2012171-33a69990d448,plan up to the resumed attempt's first day (progress overwritten),7,1,92,220,220,58
2021323-2021343-e0e26e70993f,plan up to the resumed attempt's first day (progress overwritten),4,3,187,160,40,57
2012211-2012231-888b765a1ab4,plan up to the resumed attempt's first day (progress overwritten),10,8,378,363,60,57
2017044-2017064-5b6fc1e582df,plan up to the resumed attempt's first day (progress overwritten),18,14,340,334,61,57
2018299-2018319-03894380a778,plan up to the resumed attempt's first day (progress overwritten),28,7,198,501,398,57
2016170-2016190-c0fd61344b32,plan up to the resumed attempt's first day (progress overwritten),7,3,182,214,100,57
2010181-2010201-e83c1deb33e1,plan up to the resumed attempt's first day (progress overwritten),5,1,70,100,153,57
2015095-2015115-b31a5230c3b9,plan up to the resumed attempt's first day (progress overwritten),5,4,221,200,40,57
2011016-2011036-d2a2e171d968,plan up to the resumed attempt's first day (progress overwritten),10,6,300,337,99,57
2018119-2018139-88c01691b1b4,plan up to the resumed attempt's first day (progress overwritten),5,1,80,155,140,57
2015155-2015175-8b654d9ec102,plan up to the resumed attempt's first day (progress overwritten),5,4,221,200,40,57
2022358-2023013-fa12ec935d97,plan up to the resumed attempt's first day (progress overwritten),9,2,133,284,240,56
2019354-2020009-4edf006f20e5,progress (first attempt),4,3,160,139,38,56
2023333-2023353-104a2a2dc82d,progress (first attempt),6,5,200,157,20,56
2018219-2018239-4f876efc4edb,progress (first attempt),12,10,240,214,33,56
2012351-2013005-9cdc71c9f4fc,plan up to the resumed attempt's first day (progress overwritten),4,1,99,103,70,56
2011316-2011336-acb3f76247ae,progress (first attempt),9,7,320,284,20,55
2012211-2012231-482d42187c26,plan up to the resumed attempt's first day (progress overwritten),5,1,96,173,140,55
2020129-2020149-f2c81102bb75,progress (first attempt),7,6,280,245,20,55
2016030-2016050-73968c236a5e,plan up to the resumed attempt's first day (progress overwritten),6,4,208,205,60,54
2017084-2017104-eff446b286d2,plan up to the resumed attempt's first day (progress overwritten),3,1,90,82,58,54
2012151-2012171-294428bc3d76,plan up to the resumed attempt's first day (progress overwritten),2,1,66,48,40,54
2016050-2016070-f05ee06ed147,plan up to the resumed attempt's first day (progress overwritten),6,4,180,181,60,54
2025242-2025262-69fa8ee98d35,plan up to the resumed attempt's first day (progress overwritten),19,2,114,375,340,54
2023053-2023073-598f38353c53,progress (first attempt),4,3,120,94,36,54
2016090-2016110-b2782ce36eb1,plan up to the resumed attempt's first day (progress overwritten),6,1,91,205,180,54
2023253-2023273-a9e056d4736f,progress (first attempt),4,3,160,124,20,54
2019174-2019194-ddbbc9249d24,plan up to the resumed attempt's first day (progress overwritten),7,1,105,219,180,54
2011356-2012011-ca0432f05ad5,plan up to the resumed attempt's first day (progress overwritten),11,3,189,362,243,54
2016350-2017004-ba3695374b38,plan up to the resumed attempt's first day (progress overwritten),3,1,98,80,40,54
2014360-2015015-74d01eabfd29,plan up to the resumed attempt's first day (progress overwritten),3,1,91,116,80,53
2015175-2015195-fff3fd43dffb,plan up to the resumed attempt's first day (progress overwritten),6,5,221,204,40,53
2020349-2021003-a8db161d07c3,plan up to the resumed attempt's first day (progress overwritten),8,7,340,305,40,53
2017284-2017304-89970556d0d9,progress (first attempt),3,2,120,87,20,52
2013085-2013105-b230a4a21334,progress (first attempt),7,6,240,223,39,52
2011356-2012011-ac95432f04fa,plan up to the resumed attempt's first day (progress overwritten),15,6,297,594,360,52
2017184-2017204-f998ea3da387,progress (first attempt),8,6,160,125,20,52
2019074-2019094-c0d740b89527,progress (first attempt),7,6,240,207,22,52
2011356-2012011-63dfea61bda9,plan up to the resumed attempt's first day (progress overwritten),17,7,340,616,340,52
2017364-2018019-b85e0da8cbf2,plan up to the resumed attempt's first day (progress overwritten),6,4,210,228,80,52
2024248-2024268-cfae721a7014,progress (first attempt),6,5,240,211,26,52
2013305-2013325-717455201ce8,progress (first attempt),9,7,200,182,37,51
2019174-2019194-65453a345a25,plan up to the resumed attempt's first day (progress overwritten),4,3,170,145,40,51
2011296-2011316-1dfa7cd32754,plan up to the resumed attempt's first day (progress overwritten),19,9,440,749,398,51
2016170-2016190-eb76599621b0,plan up to the resumed attempt's first day (progress overwritten),6,2,132,180,100,51
2025162-2025182-fd13e6dd228a,progress (first attempt),4,3,160,121,13,51
2020309-2020329-aca6ce3dfffa,progress (first attempt),4,3,160,127,20,51
2016230-2016250-715d9989cc36,plan up to the resumed attempt's first day (progress overwritten),7,5,240,238,60,51
2010361-2011016-34779f77e0ae,plan up to the resumed attempt's first day (progress overwritten),18,3,190,680,560,50
2025022-2025042-4b28f48368bc,plan up to the resumed attempt's first day (progress overwritten),9,5,240,333,160,50
2011356-2012011-e2963f73a7a4,plan up to the resumed attempt's first day (progress overwritten),5,3,165,170,60,50
2018239-2018259-aa669e23b5f1,plan up to the resumed attempt's first day (progress overwritten),7,2,114,225,200,50
2022038-2022058-a6b24f347344,progress (first attempt),5,4,200,174,24,50
2020149-2020169-96b7ba9ef563,plan up to the resumed attempt's first day (progress overwritten),5,1,85,140,160,50
2024088-2024108-2c363ed56468,plan up to the resumed attempt's first day (progress overwritten),9,2,147,348,280,50
2010081-2010101-8bbaf7f6d900,plan up to the resumed attempt's first day (progress overwritten),6,1,70,52,46,50
2016190-2016210-d71631f683e1,progress (first attempt),17,16,680,647,17,49
2023053-2023073-ef8c90774f56,plan up to the resumed attempt's first day (progress overwritten),15,3,174,509,401,49
2017204-2017224-0e9f8d48acf0,plan up to the resumed attempt's first day (progress overwritten),14,5,252,500,300,49
2012351-2013005-72c20b8d0f3e,progress (first attempt),3,2,120,92,24,49
2018179-2018199-d4d224f187ef,plan up to the resumed attempt's first day (progress overwritten),4,1,78,132,120,49
2012151-2012171-b97c29432fee,plan up to the resumed attempt's first day (progress overwritten),8,1,95,316,280,49
2020269-2020289-5e40f8a31034,plan up to the resumed attempt's first day (progress overwritten),9,8,380,349,40,49
2012111-2012131-f679652fa062,plan up to the resumed attempt's first day (progress overwritten),10,6,294,371,140,49
2015055-2015075-67a8d633c1f7,progress (first attempt),6,5,200,169,20,49
2022198-2022218-9fbcb3190849,plan up to the resumed attempt's first day (progress overwritten),13,8,390,465,151,49
2017104-2017124-199193dfbc36,progress (first attempt),8,7,280,250,20,49
2025262-2025282-880d87f1dfd4,progress (first attempt),7,6,240,206,18,49
2022238-2022258-3f9aa260e1a8,plan up to the resumed attempt's first day (progress overwritten),13,2,130,440,380,48
2021363-2022018-d89b991e4149,plan up to the resumed attempt's first day (progress overwritten),6,1,76,192,197,48
2020249-2020269-821a5b46698d,plan up to the resumed attempt's first day (progress overwritten),9,8,380,351,40,48
2020329-2020349-6e222c206463,plan up to the resumed attempt's first day (progress overwritten),6,2,72,51,60,48
2022018-2022038-d5e2dad04c7b,progress (first attempt),5,4,160,130,20,48
2016110-2016130-5d90c7da731d,plan up to the resumed attempt's first day (progress overwritten),6,4,180,187,57,48
2019154-2019174-fe673a138ddb,progress (first attempt),9,8,360,332,20,48
2022278-2022298-6b0d3210f275,progress (first attempt),7,6,280,244,12,48
2023133-2023153-109ebb15c01a,progress (first attempt),21,15,240,227,35,48
2019154-2019174-85ccd5cd84e6,progress (first attempt),2,1,80,46,17,48
2022238-2022258-73dd5a1c3647,plan up to the resumed attempt's first day (progress overwritten),8,1,102,278,240,47
2024048-2024068-7ad68bf4b401,plan up to the resumed attempt's first day (progress overwritten),19,11,520,748,317,47
2012151-2012171-6e4f1e8b5437,plan up to the resumed attempt's first day (progress overwritten),5,1,75,162,160,47
2016070-2016090-f85ffa608a21,progress (first attempt),6,5,240,212,20,47
2021023-2021043-18ba33ef3e04,progress (first attempt),7,6,240,227,38,47
2010161-2010181-43d6804c948e,progress (first attempt),5,4,200,172,20,47
2019094-2019114-94ebe3304ff7,progress (first attempt),5,4,200,165,12,47
2020009-2020029-bb22061a4afe,progress (first attempt),5,4,200,172,20,47
2016350-2017004-3f5597743de9,plan up to the resumed attempt's first day (progress overwritten),7,4,208,210,50,46
2022098-2022118-ea03e6961905,progress (first attempt),4,3,160,134,20,46
2013045-2013065-356c1ba0058d,plan up to the resumed attempt's first day (progress overwritten),7,5,224,228,61,46
2016330-2016350-d04ee6db2d9e,plan up to the resumed attempt's first day (progress overwritten),4,1,84,126,90,46
2023273-2023293-a3ad1135d5d5,plan up to the resumed attempt's first day (progress overwritten),8,1,69,278,280,46
2024068-2024088-a2e897cec315,progress (first attempt),5,4,200,170,16,46
2019334-2019354-6b08f2dbd6a2,plan up to the resumed attempt's first day (progress overwritten),8,1,69,287,278,46
2025342-2025362-e33454b05168,progress (first attempt),8,7,320,299,25,46
2013305-2013325-93f78487fbfd,progress (first attempt),2,1,80,55,23,46
2011076-2011096-b693f842f845,plan up to the resumed attempt's first day (progress overwritten),9,8,360,350,40,46
2024028-2024048-34d1cc9a25b8,plan up to the resumed attempt's first day (progress overwritten),5,1,95,197,160,45
2015275-2015295-56caa5a36fdd,progress (first attempt),5,4,200,170,15,45
2022358-2023013-a68e82e07ed2,progress (first attempt),19,17,360,323,9,45
2024028-2024048-85723fccb9f1,progress (first attempt),6,5,200,188,34,45
2013025-2013045-420ffdeb6b05,progress (first attempt),7,6,240,213,19,45
2021023-2021043-cd1a9ffb3a65,plan up to the resumed attempt's first day (progress overwritten),15,13,589,575,59,45
2019234-2019254-bdb2e50a08ec,plan up to the resumed attempt's first day (progress overwritten),7,4,182,221,91,45
2018119-2018139-d6a189d44968,plan up to the resumed attempt's first day (progress overwritten),6,1,68,191,180,44
2010061-2010081-816c6f604c28,progress (first attempt),2,1,80,67,32,44
2016250-2016270-db5f98684aa3,progress (first attempt),6,5,240,216,20,44
2019354-2020009-c5dc50975b69,plan up to the resumed attempt's first day (progress overwritten),4,1,90,145,120,44
2019034-2019054-06e6724e1fdd,progress (first attempt),15,14,600,589,34,44
2017364-2018019-80db00054ff6,plan up to the resumed attempt's first day (progress overwritten),6,1,68,188,180,44
2018179-2018199-9d04adbee7cb,plan up to the resumed attempt's first day (progress overwritten),7,2,90,234,192,44
2024128-2024148-14bcd198f004,progress (first attempt),7,6,280,256,20,44
2025222-2025242-5667c1480ef8,progress (first attempt),6,5,240,223,27,44
2016110-2016130-8dcc2014339c,plan up to the resumed attempt's first day (progress overwritten),6,4,208,216,60,44
2011256-2011276-39d244b69633,plan up to the resumed attempt's first day (progress overwritten),6,3,165,176,56,44
2012011-2012031-4ce2be6ab8b9,progress (first attempt),2,1,80,57,20,43
2020189-2020209-1f30254791f9,plan up to the resumed attempt's first day (progress overwritten),9,8,380,357,40,43
2019034-2019054-c7a4d2bf1ab8,progress (first attempt),5,4,200,178,21,43
2012191-2012211-f941b0a011f7,progress (first attempt),2,1,80,53,20,43
2010341-2010361-f66480749ad7,progress (first attempt),4,3,160,152,36,43
2012351-2013005-66fa562e2dae,progress (first attempt),4,3,120,89,20,43
2017184-2017204-60f9387d0032,progress (first attempt),12,10,240,208,11,43
2012171-2012191-70c1ec4d98b7,plan up to the resumed attempt's first day (progress overwritten),9,8,342,335,40,42
2018019-2018039-2057de6859b6,progress (first attempt),5,4,160,133,20,42
2015295-2015315-92ad1e90fcce,plan up to the resumed attempt's first day (progress overwritten),5,3,168,198,79,42
2016010-2016030-40c663b39ceb,progress (first attempt),2,1,80,76,38,42
2025362-2026002-e66963669229,plan up to the resumed attempt's first day (progress overwritten),3,1,90,106,70,42
2020269-2020289-0be0e102e630,progress (first attempt),16,14,280,269,33,42
2018039-2018059-17e44bd0a2ed,progress (first attempt),6,5,240,218,20,42
2019094-2019114-b30adcaf98f3,progress (first attempt),7,6,280,273,35,42
2013285-2013305-eabb489e7dd5,plan up to the resumed attempt's first day (progress overwritten),5,4,204,198,40,42
2014280-2014300-e44c01c9d0ea,progress (first attempt),4,3,160,154,36,42
2022038-2022058-fdff0e2dd85d,progress (first attempt),5,4,200,184,28,41
2012151-2012171-77215ba83d9c,progress (first attempt),4,3,120,96,20,41
2019214-2019234-733de98edb7a,progress (first attempt),5,4,200,178,20,41
2018339-2018359-7543f66145f9,progress (first attempt),8,7,320,288,9,41
2019254-2019274-4c15e5b6e82b,progress (first attempt),6,4,120,105,27,41
2024228-2024248-4df18f943c0e,plan up to the resumed attempt's first day (progress overwritten),17,15,630,654,80,41
2019054-2019074-b76a45631bec,progress (first attempt),4,3,120,111,38,41
2011336-2011356-5a5b460ec06b,progress (first attempt),9,8,360,339,20,41
2011316-2011336-9746b8946d82,progress (first attempt),10,8,360,339,20,41
2020049-2020069-a19e7b86a4e4,plan up to the resumed attempt's first day (progress overwritten),5,3,156,173,80,41
2019154-2019174-13c8bde9e362,plan up to the resumed attempt's first day (progress overwritten),2,1,84,77,40,41
2014060-2014080-fce7f04687b6,progress (first attempt),3,2,120,99,20,41
2023213-2023233-e34ba79ca9e3,progress (first attempt),20,18,280,251,12,41
2023153-2023173-d26e28ecc2b0,progress (first attempt),18,16,360,333,14,41
2014260-2014280-c99d8a96c50d,progress (first attempt),7,6,240,217,20,41
2014080-2014100-d17b5f320503,progress (first attempt),6,5,200,179,20,41
2012131-2012151-0c99305efe7a,progress (first attempt),2,1,80,59,20,41
2019274-2019294-c10c7fc5cea9,progress (first attempt),1,0,40,20,20,40
2024248-2024268-e7797a9edd6c,progress (first attempt),21,18,280,278,38,40
2014060-2014080-d50e72db2ca8,progress (first attempt),1,0,40,29,29,40
2016190-2016210-e05cbbfb0bb5,progress (first attempt),12,10,240,233,33,40
2011356-2012011-f98b1b5f823f,plan up to the resumed attempt's first day (progress overwritten),9,8,400,360,40,40
2011216-2011236-79d18122bc44,progress (first attempt),1,0,40,20,20,40
2019314-2019334-db178d32ea0c,progress (first attempt),4,3,160,129,9,40
2013165-2013185-5bd728b5168f,progress (first attempt),2,0,40,20,20,40
2011356-2012011-c94631f40686,progress (first attempt),2,1,80,50,10,40
2012351-2013005-bb6b7d3c6d2d,progress (first attempt),4,3,160,152,32,40
2011336-2011356-6b3e77218c35,progress (first attempt),1,0,40,20,20,40
2013205-2013225-affa9e426604,plan up to the resumed attempt's first day (progress overwritten),9,4,220,360,200,40
2021023-2021043-2a908af4bef9,progress (first attempt),4,3,120,96,19,40
2012011-2012031-9a40568f2597,progress (first attempt),1,0,40,20,20,40
2021103-2021123-970ef3d9ba95,progress (first attempt),4,2,120,108,28,40
2025362-2026002-d4e8791bd94c,progress (first attempt),2,0,40,34,34,40
2021223-2021243-2db8a99e17c5,progress (first attempt),8,7,320,319,39,40
2016010-2016030-57b41d46e6c9,progress (first attempt),5,4,200,180,20,40
2022258-2022278-8485f772b593,progress (first attempt),7,6,280,260,20,40
2016290-2016310-bc1c3f3985e7,progress (first attempt),2,0,40,34,34,40
2011256-2011276-646d461c0888,progress (first attempt),2,0,40,20,20,40
2015095-2015115-c243f306166c,progress (first attempt),2,1,80,77,38,40
2011016-2011036-8bba26ee96e7,progress (first attempt),8,4,120,119,39,40
2010301-2010321-9909365a6588,progress (first attempt),6,5,200,180,20,40
2021163-2021183-4767789c7d5f,progress (first attempt),16,13,280,266,27,40
2012351-2013005-3330b1530300,plan up to the resumed attempt's first day (progress overwritten),3,1,84,80,40,40
2015195-2015215-748b34e25644,progress (first attempt),4,2,120,117,37,40
2016070-2016090-5e2512c1220a,progress (first attempt),1,0,40,5,20,40
2020349-2021003-51985b4aa37d,progress (first attempt),2,0,40,11,12,40
2011216-2011236-64c56b91a14d,progress (first attempt),5,4,200,180,20,40
2012351-2013005-23c37914bf2d,progress (first attempt),5,4,200,168,8,40
2015195-2015215-58b7af15de78,progress (first attempt),5,3,160,159,39,40
2023193-2023213-34bb6b20af74,progress (first attempt),17,15,240,235,39,40
2025182-2025202-00bc0ef58b7c,progress (first attempt),1,0,40,12,20,40
2013305-2013325-324a6d7826a3,progress (first attempt),1,0,40,20,20,40
2013265-2013285-54960425ee82,plan up to the resumed attempt's first day (progress overwritten),6,1,84,200,160,40
2014040-2014060-2b7bcfed0eb6,plan up to the resumed attempt's first day (progress overwritten),5,4,204,200,40,40
2017224-2017244-24d4e4f5bbf1,progress (first attempt),1,0,40,27,27,40
2015355-2016010-d6783aa7d893,plan up to the resumed attempt's first day (progress overwritten),7,2,130,218,139,40
2021283-2021303-07345655a396,progress (first attempt),1,0,40,20,20,40
2020249-2020269-08c71b8fba57,progress (first attempt),9,8,360,354,34,40
2025362-2026002-b997589318a2,progress (first attempt),3,1,80,70,30,40
2012351-2013005-d7aa30a258f3,plan up to the resumed attempt's first day (progress overwritten),9,6,300,360,120,40
2021163-2021183-3fd74c096fb3,progress (first attempt),9,7,320,319,39,40
2024308-2024328-0986cd025fdf,progress (first attempt),7,6,280,260,20,40
2010061-2010081-093a482ad61a,progress (first attempt),1,0,40,17,20,40
2019354-2020009-fb127da44209,progress (first attempt),7,6,240,219,20,40
2016010-2016030-aab44dfe6948,progress (first attempt),1,0,40,29,38,40
2011356-2012011-a5a7530840b4,plan up to the resumed attempt's first day (progress overwritten),5,1,90,157,117,40
2011076-2011096-3ca0fcda832e,progress (first attempt),2,0,40,20,20,40
2019154-2019174-8afbf1eb81ef,progress (first attempt),4,3,160,140,20,40
2017344-2017364-7a6b1f715317,progress (first attempt),1,0,40,20,20,40
2015015-2015035-343cf49ca932,plan up to the resumed attempt's first day (progress overwritten),5,3,170,160,40,40
2013185-2013205-31e48a7a10eb,progress (first attempt),4,3,160,140,20,40
2011196-2011216-426f0fb26296,progress (first attempt),2,0,40,20,20,40
2021123-2021143-970cc29d497b,progress (first attempt),1,0,40,20,20,40
2019094-2019114-7405a316a932,progress (first attempt),3,2,120,100,20,40
2019014-2019034-6f543b536ce7,progress (first attempt),10,6,160,157,37,40
2022218-2022238-ce098d4d6e29,progress (first attempt),10,8,200,181,21,40
2018259-2018279-e7912f3ff10a,plan up to the resumed attempt's first day (progress overwritten),3,1,88,115,80,40
2017124-2017144-abd542870c3c,plan up to the resumed attempt's first day (progress overwritten),5,4,204,200,40,40
2020309-2020329-23e925c49532,progress (first attempt),1,0,40,20,20,40
2023013-2023033-8eaacad9a074,progress (first attempt),6,4,200,184,24,40
2014160-2014180-9a5e6bbbdbcd,progress (first attempt),1,0,40,22,23,40
2021103-2021123-6750a4e71a9a,progress (first attempt),2,0,40,33,34,40
2016250-2016270-a047c23a8a8d,progress (first attempt),16,14,320,300,20,40
2012131-2012151-60c523e0d822,progress (first attempt),5,4,200,180,20,40
2013245-2013265-302c087c37f2,progress (first attempt),1,0,40,20,20,40
2011136-2011156-4a6ebf9fa01b,progress (first attempt),2,0,40,20,20,40
2023353-2024008-6ec6c401c392,progress (first attempt),2,0,40,38,38,40
2013085-2013105-1f01e50a691c,plan up to the resumed attempt's first day (progress overwritten),9,3,180,360,240,40
2011276-2011296-c0591bc479f3,progress (first attempt),1,0,40,20,20,40
2014180-2014200-9a459a37408a,plan up to the resumed attempt's first day (progress overwritten),19,18,800,760,40,40
2020189-2020209-507e1504b58a,progress (first attempt),1,0,40,20,20,40
2023353-2024008-6197f48d8cdd,progress (first attempt),8,7,280,274,34,40
2011296-2011316-1d805a661e00,plan up to the resumed attempt's first day (progress overwritten),5,1,90,160,120,40
2021343-2021363-bc24492267b7,progress (first attempt),14,12,280,260,20,40
2012311-2012331-dd3e26375f8d,plan up to the resumed attempt's first day (progress overwritten),6,5,252,240,40,40
2017244-2017264-9182bbf2feac,progress (first attempt),2,1,80,60,20,40
2022358-2023013-4e01c2861dd5,progress (first attempt),6,5,200,195,38,39
2017084-2017104-af367d228876,progress (first attempt),17,15,320,316,35,39
2017364-2018019-08bca01b2f61,progress (first attempt),7,6,240,216,18,39
2022258-2022278-5959e853d267,progress (first attempt),6,5,200,176,19,39
2022218-2022238-36be48bd354f,progress (first attempt),20,19,400,381,20,39
2019334-2019354-20f256a1b893,progress (first attempt),2,1,40,19,26,38
2016170-2016190-728ad2ebdb92,progress (first attempt),4,3,120,88,7,38
2020209-2020229-f8e17abca72c,plan up to the resumed attempt's first day (progress overwritten),6,2,96,187,138,38
2016290-2016310-073d1afe7a80,progress (first attempt),7,6,240,222,20,38
2021323-2021343-ba3a5cccfef1,progress (first attempt),6,5,200,182,20,38
2018299-2018319-dafaa6722fd6,plan up to the resumed attempt's first day (progress overwritten),5,2,90,149,99,37
2023333-2023353-6752ae86bf50,plan up to the resumed attempt's first day (progress overwritten),18,2,75,317,294,37
2025102-2025122-fe47b71c1789,progress (first attempt),17,13,200,197,35,37
2025022-2025042-8bc09d76f3fd,plan up to the resumed attempt's first day (progress overwritten),5,4,187,178,40,37
2025082-2025102-0c0c2d1a872b,progress (first attempt),8,7,280,261,20,37
2018359-2019014-90b2f8d6b6a8,progress (first attempt),34,31,480,454,11,37
2016090-2016110-89dda44a3b6f,plan up to the resumed attempt's first day (progress overwritten),7,1,63,240,240,36
2018239-2018259-1b84bbcff410,progress (first attempt),6,5,200,183,20,36
2020329-2020349-e879e58ce57d,plan up to the resumed attempt's first day (progress overwritten),5,2,108,164,120,36
2025302-2025322-3dd719e4fd99,plan up to the resumed attempt's first day (progress overwritten),9,2,100,327,280,36
2019014-2019034-de138736d81c,progress (first attempt),6,5,200,181,20,36
2010301-2010321-fca3bfc2a8a7,plan up to the resumed attempt's first day (progress overwritten),4,1,66,126,100,36
2022058-2022078-f45b83ddb134,progress (first attempt),2,1,40,7,3,36
2018259-2018279-a51f0f6d5443,progress (first attempt),10,8,160,148,28,36
2012291-2012311-b8d6b525b526,progress (first attempt),6,5,200,185,20,35
2012031-2012051-a68ed032893e,progress (first attempt),3,2,80,60,15,35
2023233-2023253-9f7b0c8d1d27,progress (first attempt),22,19,280,265,20,35
2012031-2012051-12d4cd7fd163,progress (first attempt),3,2,80,63,20,35
2013025-2013045-6ff11fef9262,progress (first attempt),3,2,80,55,20,35
2017024-2017044-a071febe9c25,progress (first attempt),7,6,240,236,33,35
2024108-2024128-43fa2797c9dd,progress (first attempt),20,19,760,756,31,35
2018239-2018259-6f273118df2b,plan up to the resumed attempt's first day (progress overwritten),4,1,78,145,120,35
2022178-2022198-e92cdcb7fc24,plan up to the resumed attempt's first day (progress overwritten),19,4,200,706,576,34
2015055-2015075-0b9508a1d8c4,progress (first attempt),5,4,160,162,36,34
2016030-2016050-5a3aff9a2280,plan up to the resumed attempt's first day (progress overwritten),8,1,63,250,260,34
2012051-2012071-684e2b3d8d54,progress (first attempt),3,2,80,66,20,34
2022298-2022318-e3f0af4079cc,progress (first attempt),8,7,280,259,16,34
2023273-2023293-e08def17a485,plan up to the resumed attempt's first day (progress overwritten),3,1,42,82,80,34
2017104-2017124-c341b3e679c9,progress (first attempt),6,5,200,184,20,34
2010081-2010101-f79986a5fbd5,plan up to the resumed attempt's first day (progress overwritten),4,2,121,160,80,33
2012271-2012291-f6931bd0611c,progress (first attempt),7,6,240,240,33,33
2014180-2014200-200184a59d3b,progress (first attempt),7,6,240,225,20,33
2018359-2019014-10896c03f7f6,progress (first attempt),7,6,120,110,23,33
2013145-2013165-2b02d29e934b,plan up to the resumed attempt's first day (progress overwritten),19,7,304,715,458,33
2022078-2022098-be9d42126dc7,progress (first attempt),20,18,360,358,31,33
2025242-2025262-a224a2c1aca9,plan up to the resumed attempt's first day (progress overwritten),24,1,68,454,433,32
2016210-2016230-17e1dbbb23a1,plan up to the resumed attempt's first day (progress overwritten),6,5,204,208,40,32
2012151-2012171-4383474e44be,progress (first attempt),4,3,120,105,17,32
2011356-2012011-3ec15e8323a3,progress (first attempt),3,2,80,66,20,32
2014240-2014260-3be33a01d0cd,progress (first attempt),2,1,40,21,20,32
2025302-2025322-252f720fd040,progress (first attempt),9,8,320,305,16,31
2024168-2024188-ffea12aece50,progress (first attempt),20,19,760,744,15,31
2014080-2014100-3edcdb1df1a3,progress (first attempt),31,28,480,465,16,31
2016270-2016290-2e8bd058f812,plan up to the resumed attempt's first day (progress overwritten),5,4,170,168,40,31
2024088-2024108-0590aceb6c0d,progress (first attempt),38,35,480,474,25,31
2025302-2025322-d2b0e6203c98,progress (first attempt),20,19,760,755,26,31
2016290-2016310-322f3e2e1cbd,progress (first attempt),18,16,320,326,37,31
2023293-2023313-83fc2fa6362a,progress (first attempt),7,6,240,225,20,30
2011076-2011096-06259a5d9f78,plan up to the resumed attempt's first day (progress overwritten),10,8,340,370,80,30
2016090-2016110-2bf797fe6bcf,progress (first attempt),6,4,80,70,20,30
2018299-2018319-fde24462824a,plan up to the resumed attempt's first day (progress overwritten),8,3,135,270,180,30
2012271-2012291-a301846ca51d,plan up to the resumed attempt's first day (progress overwritten),3,1,56,104,80,30
2016090-2016110-5e6a86d28ebe,plan up to the resumed attempt's first day (progress overwritten),3,1,45,70,60,30
2020329-2020349-ea5360f11a6a,progress (first attempt),17,15,320,310,20,30
2012031-2012051-584d3aca1616,plan up to the resumed attempt's first day (progress overwritten),5,1,50,162,152,30
2021263-2021283-3294ec5a3a9c,plan up to the resumed attempt's first day (progress overwritten),10,5,240,355,166,30
2019234-2019254-ab4a1481f336,plan up to the resumed attempt's first day (progress overwritten),7,4,168,250,116,30
2017144-2017164-64d9c723036b,progress (first attempt),4,3,120,109,20,30
2019294-2019314-02e82754c1bd,progress (first attempt),12,10,200,182,12,29
2021023-2021043-286f5fea9ebc,progress (first attempt),37,34,480,467,16,29
2010201-2010221-10ed7ad81776,progress (first attempt),5,4,160,166,38,29
2017304-2017324-7b51e1962a74,progress (first attempt),16,15,600,606,35,29
2019334-2019354-44641865a881,progress (first attempt),6,5,200,207,38,29
2010201-2010221-6e9cbf37db74,progress (first attempt),3,2,80,67,20,29
2020169-2020189-e5154dfe1991,progress (first attempt),8,7,280,282,32,29
2016090-2016110-1fa12d541d0f,plan up to the resumed attempt's first day (progress overwritten),8,1,66,284,257,29
2024148-2024168-fea7c40c9a58,progress (first attempt),23,20,280,271,19,28
2020329-2020349-2b59eac26847,progress (first attempt),2,1,40,23,15,28
2025242-2025262-9d248fad8023,plan up to the resumed attempt's first day (progress overwritten),3,1,42,92,80,28
2014240-2014260-fd24423050f0,progress (first attempt),7,6,240,232,20,28
2022198-2022218-61b3a8ad7b58,progress (first attempt),18,17,680,691,39,27
2022078-2022098-cc4f92b37f95,progress (first attempt),18,17,680,680,27,27
2021243-2021263-ba3a019360bd,plan up to the resumed attempt's first day (progress overwritten),9,1,54,308,300,27
2012131-2012151-238bd5af1046,plan up to the resumed attempt's first day (progress overwritten),9,1,35,128,142,27
2020229-2020249-2e15659d2122,progress (first attempt),5,4,160,151,20,27
2018179-2018199-e5c48fb722c7,progress (first attempt),3,2,80,71,18,27
2017144-2017164-ac11c3f51943,progress (first attempt),8,6,120,112,19,27
2016090-2016110-20e9de377bcc,progress (first attempt),4,3,120,114,20,26
2013265-2013285-19c6139b95f9,plan up to the resumed attempt's first day (progress overwritten),11,5,35,120,78,26
2020209-2020229-73aa47c39f86,progress (first attempt),2,1,40,35,20,25
2013045-2013065-050602de78a9,progress (first attempt),5,4,160,155,20,25
2016050-2016070-0489e931af8b,plan up to the resumed attempt's first day (progress overwritten),5,4,170,172,40,25
2012331-2012351-36125602f9f8,progress (first attempt),6,5,200,195,20,25
2016330-2016350-dfcc8dc3ecc8,progress (first attempt),2,1,40,16,18,25
2010141-2010161-0c92a8082328,progress (first attempt),28,25,440,441,26,25
2010361-2011016-83b820c1563b,progress (first attempt),2,1,40,35,20,25
2024328-2024348-1f80033e713b,progress (first attempt),5,4,160,151,18,25
2025082-2025102-405b397ccd88,progress (first attempt),8,7,280,277,22,25
2015075-2015095-ae254a1dff1b,plan up to the resumed attempt's first day (progress overwritten),6,5,221,232,40,25
2012331-2012351-311dbe2d5300,plan up to the resumed attempt's first day (progress overwritten),7,6,252,250,40,25
2016150-2016170-f566218a5ff0,progress (first attempt),6,5,200,196,20,24
2025302-2025322-a2e6b9a7374d,plan up to the resumed attempt's first day (progress overwritten),6,1,39,173,133,24
2015115-2015135-e18aa030f698,progress (first attempt),29,27,560,572,36,24
2013205-2013225-02a7cba10404,progress (first attempt),6,5,200,212,36,24
2017104-2017124-81d0b13b90d9,progress (first attempt),18,16,320,324,28,24
2015115-2015135-cf84ace2ff2b,progress (first attempt),2,1,40,36,20,23
2016290-2016310-e828f3f767c2,plan up to the resumed attempt's first day (progress overwritten),14,5,36,143,100,23
2016150-2016170-58d267700f96,plan up to the resumed attempt's first day (progress overwritten),3,1,42,96,80,23
2011176-2011196-fe65100dbd5b,progress (first attempt),2,1,40,38,20,22
2024048-2024068-c692abc32b52,progress (first attempt),6,5,200,198,20,22
2015055-2015075-7ea8374303c6,progress (first attempt),17,16,640,657,39,22
2019274-2019294-5a45284adf03,plan up to the resumed attempt's first day (progress overwritten),4,1,35,139,99,22
2024288-2024308-2feb39f5b641,progress (first attempt),8,7,280,266,8,22
2014180-2014200-f4910d80ac43,progress (first attempt),5,4,160,158,20,22
2025142-2025162-d322531deeee,plan up to the resumed attempt's first day (progress overwritten),10,5,220,365,180,22
2021363-2022018-da9970923d69,plan up to the resumed attempt's first day (progress overwritten),3,1,42,89,80,22
2013085-2013105-533bd4d97d80,progress (first attempt),2,1,40,45,30,22
2024148-2024168-1d364ebfb1a8,plan up to the resumed attempt's first day (progress overwritten),4,2,29,71,50,21
2012111-2012131-e82f9727f096,progress (first attempt),5,4,160,159,20,21
2025322-2025342-554f8f755619,progress (first attempt),9,8,320,318,19,21
2013325-2013345-5df06011d046,progress (first attempt),4,3,120,116,22,21
2025142-2025162-2eae24b67beb,progress (first attempt),2,1,40,33,20,21
2020329-2020349-61475e131746,progress (first attempt),5,4,160,159,20,21
2025322-2025342-45ab8e0aebcb,progress (first attempt),9,8,320,318,20,21
2012151-2012171-ace0db531237,plan up to the resumed attempt's first day (progress overwritten),5,1,50,180,160,20
2023093-2023113-fe91b43f0908,plan up to the resumed attempt's first day (progress overwritten),4,1,33,130,100,20
2024288-2024308-87f8e108e37d,progress (first attempt),10,7,160,162,22,20
2020089-2020109-1730776d21e3,plan up to the resumed attempt's first day (progress overwritten),6,1,64,193,200,20
2021103-2021123-7b11e886dcab,plan up to the resumed attempt's first day (progress overwritten),17,15,627,639,60,20
2013045-2013065-3150823e842d,plan up to the resumed attempt's first day (progress overwritten),10,8,340,380,80,20
2019134-2019154-5b07a004d569,progress (first attempt),6,5,200,200,20,20
2018179-2018199-5ebfcb8898a3,progress (first attempt),4,3,120,136,37,20
2024168-2024188-07931246cea5,plan up to the resumed attempt's first day (progress overwritten),5,3,29,165,50,19
2020329-2020349-1f6266b9a6a0,progress (first attempt),2,1,40,41,20,19
2015015-2015035-0c18c29a07da,progress (first attempt),7,6,240,241,20,19
2010261-2010281-3055c1cd75c0,progress (first attempt),6,5,200,201,20,19
2014260-2014280-8a5f4ceb6229,progress (first attempt),7,6,240,242,20,18
2017204-2017224-e481bf5a1ea6,progress (first attempt),16,14,280,279,17,18
2021303-2021323-e1a229a20224,progress (first attempt),6,5,200,219,37,18
2016350-2017004-2cf48dccc244,progress (first attempt),5,4,160,164,25,18
2022298-2022318-de183f79047a,progress (first attempt),5,4,160,162,20,18
2021363-2022018-6dd4f2aa29cb,plan up to the resumed attempt's first day (progress overwritten),5,1,31,140,100,18
2025042-2025062-0bf21d13e861,progress (first attempt),5,4,160,154,13,18
2021083-2021103-c82cd92d79d9,progress (first attempt),2,1,40,39,20,18
2024148-2024168-a798cfe203a0,progress (first attempt),7,6,240,256,33,17
2016050-2016070-5896b198ab2b,plan up to the resumed attempt's first day (progress overwritten),7,4,169,243,100,17
2018139-2018159-66b9ec457475,progress (first attempt),8,6,120,140,37,17
2016030-2016050-1434482d99a0,progress (first attempt),14,12,240,237,14,17
2025262-2025282-457354508848,plan up to the resumed attempt's first day (progress overwritten),7,4,32,240,84,17
2019114-2019134-edd98873f258,progress (first attempt),2,1,40,54,31,16
2017164-2017184-4b700101af4b,progress (first attempt),14,12,240,239,15,16
2017144-2017164-87b2397ec22a,plan up to the resumed attempt's first day (progress overwritten),14,6,252,544,320,16
2021243-2021263-7945b909d510,plan up to the resumed attempt's first day (progress overwritten),5,1,28,123,89,16
2011236-2011256-f80620a99e03,progress (first attempt),7,6,240,244,20,16
2012051-2012071-df4ba4b601a4,progress (first attempt),34,31,440,447,23,16
2021083-2021103-2638735f75a3,progress (first attempt),2,1,40,44,20,16
2022178-2022198-e34ffea23464,progress (first attempt),9,8,320,339,35,16
2011116-2011136-20372085bf4a,progress (first attempt),3,2,80,85,20,15
2015055-2015075-f39181b2a614,progress (first attempt),7,6,240,237,12,15
2013085-2013105-a4f881b34f3c,progress (first attempt),11,10,400,398,14,15
2025302-2025322-4b53f9c4fbe7,plan up to the resumed attempt's first day (progress overwritten),5,2,27,151,80,15
2025282-2025302-a8b431878f37,plan up to the resumed attempt's first day (progress overwritten),4,2,27,151,80,15
2018139-2018159-bc4bf80a4be1,progress (first attempt),6,4,80,85,20,15
2022058-2022078-651ef52f699e,plan up to the resumed attempt's first day (progress overwritten),7,4,30,227,67,14
2010081-2010101-c3a98a556fdf,progress (first attempt),4,3,120,122,16,14
2014020-2014040-d106e2681f4e,plan up to the resumed attempt's first day (progress overwritten),10,6,260,372,138,14
2022238-2022258-ff1061d5628f,plan up to the resumed attempt's first day (progress overwritten),5,3,26,188,80,14
2023173-2023193-7ee6823a2d3f,plan up to the resumed attempt's first day (progress overwritten),7,1,33,205,220,14
2023253-2023273-2a8c3fd0d754,plan up to the resumed attempt's first day (progress overwritten),4,2,24,124,60,13
2012291-2012311-3421113ed49a,plan up to the resumed attempt's first day (progress overwritten),26,4,36,424,349,13
2021023-2021043-3bfb7a0d8a58,progress (first attempt),2,1,40,47,20,13
2024108-2024128-554201a38000,progress (first attempt),6,5,200,205,20,13
2025202-2025222-ef800fafdc74,progress (first attempt),9,8,320,327,20,13
2013105-2013125-b015f3e9432e,plan up to the resumed attempt's first day (progress overwritten),20,3,36,306,265,13
2015235-2015255-795b83b77c1d,progress (first attempt),6,5,200,212,24,12
2024148-2024168-73cabc5d0421,plan up to the resumed attempt's first day (progress overwritten),3,1,42,103,80,12
2020209-2020229-5c0a6fd0ae17,plan up to the resumed attempt's first day (progress overwritten),7,1,26,252,220,11
2020029-2020049-9a5799cbf879,progress (first attempt),34,31,440,462,33,11
2010201-2010221-4f9b076f2107,plan up to the resumed attempt's first day (progress overwritten),18,11,468,709,280,11
2014360-2015015-263f351b1dfc,plan up to the resumed attempt's first day (progress overwritten),4,2,19,113,53,11
2010081-2010101-d65606d83f91,progress (first attempt),2,1,40,49,20,11
2024048-2024068-85824f035972,plan up to the resumed attempt's first day (progress overwritten),16,2,30,265,235,11
2020109-2020129-a78dcfb3ca27,plan up to the resumed attempt's first day (progress overwritten),12,8,336,469,160,11
2019294-2019314-5ec3aa1051c4,progress (first attempt),5,4,160,186,38,11
2013265-2013285-b3ebb89dfba1,plan up to the resumed attempt's first day (progress overwritten),14,4,38,495,375,10
2015295-2015315-c14252c55a0a,progress (first attempt),6,5,200,210,20,10
2015115-2015135-bf8695b0694f,progress (first attempt),6,5,200,224,34,10
2010241-2010261-3225fddce226,progress (first attempt),7,6,240,248,20,10
2019174-2019194-6ad294e544d3,progress (first attempt),2,1,40,68,38,10
2025322-2025342-f6e8646ea871,plan up to the resumed attempt's first day (progress overwritten),7,5,26,246,79,10
2013325-2013345-a90a6ca2a93c,progress (first attempt),2,1,40,50,20,10
2010361-2011016-2486fe333344,plan up to the resumed attempt's first day (progress overwritten),17,4,198,638,483,10
2019174-2019194-97e7a2d46e71,plan up to the resumed attempt's first day (progress overwritten),6,4,22,204,60,9
2022358-2023013-462e997cf5c0,plan up to the resumed attempt's first day (progress overwritten),2,1,44,71,40,9
2016350-2017004-b4b4f7ac4b5e,plan up to the resumed attempt's first day (progress overwritten),4,1,19,88,80,9
2020029-2020049-20ede51e5f2a,progress (first attempt),6,5,200,211,20,9
2011276-2011296-8da71bbf7922,plan up to the resumed attempt's first day (progress overwritten),8,3,33,295,175,9
2020329-2020349-df613fb62fcb,plan up to the resumed attempt's first day (progress overwritten),6,3,23,143,100,8
2018079-2018099-ff3f83e30dca,plan up to the resumed attempt's first day (progress overwritten),3,2,84,112,40,8
2022018-2022038-3b05a4c02880,progress (first attempt),6,5,200,216,24,8
2020049-2020069-848e2823f925,plan up to the resumed attempt's first day (progress overwritten),5,1,13,145,122,8
2011016-2011036-63b721fa993b,plan up to the resumed attempt's first day (progress overwritten),16,12,40,588,140,7
2020289-2020309-74468f8b6516,progress (first attempt),5,4,160,173,20,7
2013105-2013125-a44deec810a3,plan up to the resumed attempt's first day (progress overwritten),6,4,21,224,80,7
2015195-2015215-8afe6659fcf7,plan up to the resumed attempt's first day (progress overwritten),10,3,38,378,260,7
2014220-2014240-49abc2df4664,plan up to the resumed attempt's first day (progress overwritten),9,1,40,360,320,6
2021363-2022018-e057bcecc57e,plan up to the resumed attempt's first day (progress overwritten),16,10,26,309,120,6
2015135-2015155-8d1fc4e01f5a,plan up to the resumed attempt's first day (progress overwritten),7,3,21,202,100,6
2014060-2014080-0eed5062452a,plan up to the resumed attempt's first day (progress overwritten),9,1,40,347,308,6
2015075-2015095-c0f6b05ea7dc,plan up to the resumed attempt's first day (progress overwritten),10,2,38,400,320,6
2020049-2020069-1a0aa86fdd81,progress (first attempt),2,1,40,50,19,6
2014040-2014060-92e1f446909b,plan up to the resumed attempt's first day (progress overwritten),10,3,40,400,280,6
2018079-2018099-2095d246c199,progress (first attempt),7,6,240,254,20,6
2016330-2016350-c13c7aa5bc20,progress (first attempt),18,17,320,320,5,5
2021303-2021323-6dc6f3c3268c,progress (first attempt),9,8,320,343,28,5
2013025-2013045-18d7407c1dc6,progress (first attempt),6,5,200,227,31,4
2014360-2015015-99eb5c5fd5e4,plan up to the resumed attempt's first day (progress overwritten),13,7,40,496,240,4
2016010-2016030-52b5ecafd168,plan up to the resumed attempt's first day (progress overwritten),11,5,37,430,230,4
2015355-2016010-efa35f294ffe,progress (first attempt),6,5,200,215,18,3
2012351-2013005-54e8be660a68,plan up to the resumed attempt's first day (progress overwritten),8,1,40,304,272,3
2017324-2017344-00b4b82f4fe3,progress (first attempt),4,3,120,137,20,3
2016030-2016050-5b1a78b12679,plan up to the resumed attempt's first day (progress overwritten),17,1,32,284,289,3
2013005-2013025-518052de48c8,plan up to the resumed attempt's first day (progress overwritten),20,11,32,378,180,3
2016210-2016230-80b383000ab5,plan up to the resumed attempt's first day (progress overwritten),12,2,37,431,351,3
2023353-2024008-bed8dd151213,plan up to the resumed attempt's first day (progress overwritten),10,3,26,378,280,2
2014200-2014220-0eeb9ee4f709,progress (first attempt),2,1,40,52,20,2
2022118-2022138-a4cc6e811bae,progress (first attempt),7,6,240,258,20,2
2020109-2020129-997edd81078d,progress (first attempt),2,1,40,56,20,2
2013205-2013225-4fa1ce4af0b5,plan up to the resumed attempt's first day (progress overwritten),15,5,38,600,400,2
2025202-2025222-6bd863fe20c7,plan up to the resumed attempt's first day (progress overwritten),13,4,31,499,340,2
2013165-2013185-1a1af52bb5b5,plan up to the resumed attempt's first day (progress overwritten),13,2,38,460,380,1
2011256-2011276-ddbf6a6f11e3,plan up to the resumed attempt's first day (progress overwritten),8,1,24,253,222,1
2015235-2015255-6f5e1bb7facc,plan up to the resumed attempt's first day (progress overwritten),16,2,40,580,500,1
2013045-2013065-bbdd5ea64bc9,plan up to the resumed attempt's first day (progress overwritten),17,14,38,655,100,1
2014260-2014280-57eceb05a1ee,progress (first attempt),8,7,280,315,36,1
2013185-2013205-064ab751f732,plan up to the resumed attempt's first day (progress overwritten),10,1,38,373,333,1
2012351-2013005-26ec1e5e49c5,progress (first attempt),3,2,80,100,20,0
2023253-2023273-245ba2b60f23,plan up to the resumed attempt's first day (progress overwritten),14,4,39,537,380,0
2012051-2012071-62fd91ef0a2d,plan up to the resumed attempt's first day (progress overwritten),8,4,21,270,140,0
2018079-2018099-da14c1cc5fbb,plan up to the resumed attempt's first day (progress overwritten),7,5,15,235,60,0
2022238-2022258-e0ee58f7d68f,plan up to the resumed attempt's first day (progress overwritten),13,7,36,494,240,0
