tid,yr,doy
AZ.FRD.,2026,182
AZ.FRD.,2026,183
AZ.FRD.,2026,184
AZ.FRD.,2026,185
AZ.FRD.,2026,186
AZ.FRD.,2026,187
AZ.FRD.,2026,188
AZ.FRD.,2026,189
AZ.FRD.,2026,190
AZ.FRD.,2026,191
AZ.FRD.,2026,192
AZ.FRD.,2026,193
AZ.FRD.,2026,194
AZ.LVA2.,2026,182
AZ.LVA2.,2026,183
AZ.LVA2.,2026,184
AZ.LVA2.,2026,185
AZ.LVA2.,2026,186
AZ.LVA2.,2026,187
AZ.LVA2.,2026,188
AZ.LVA2.,2026,189
AZ.LVA2.,2026,190
AZ.LVA2.,2026,191
AZ.LVA2.,2026,192
AZ.LVA2.,2026,193
AZ.MONP2.,2026,182
AZ.MONP2.,2026,183
AZ.MONP2.,2026,184
AZ.MONP2.,2026,185
AZ.MONP2.,2026,186
AZ.MONP2.,2026,187
AZ.MONP2.,2026,188
AZ.MONP2.,2026,189
AZ.MONP2.,2026,190
AZ.MONP2.,2026,191
AZ.MONP2.,2026,192
AZ.MONP2.,2026,193
AZ.SIO5.,2026,182
AZ.SIO5.,2026,183
AZ.SIO5.,2026,184
AZ.SIO5.,2026,185
AZ.SIO5.,2026,186
AZ.SIO5.,2026,187
AZ.SIO5.,2026,188
AZ.SMER.,2026,182
AZ.SMER.,2026,183
AZ.SMER.,2026,184
AZ.SMER.,2026,185
AZ.SMER.,2026,186
AZ.SMER.,2026,187
AZ.SMER.,2026,188
AZ.SND.,2026,181
AZ.SND.,2026,182
AZ.SND.,2026,183
AZ.SND.,2026,184
AZ.SND.,2026,185
AZ.SND.,2026,186
AZ.SND.,2026,187
AZ.SND.,2026,188
AZ.SND.,2026,189
AZ.TMSP.,2026,181
AZ.TMSP.,2026,182
AZ.TMSP.,2026,183
AZ.TMSP.,2026,184
AZ.TMSP.,2026,185
AZ.TMSP.,2026,186
AZ.TMSP.,2026,187
AZ.TMSP.,2026,188
AZ.TMSP.,2026,189
AZ.TONN.,2026,182
AZ.TONN.,2026,183
AZ.TONN.,2026,184
AZ.TONN.,2026,185
AZ.TONN.,2026,186
AZ.TONN.,2026,187
AZ.TONN.,2026,188
AZ.TRAN.,2026,181
AZ.TRAN.,2026,182
AZ.TRAN.,2026,183
AZ.TRAN.,2026,184
AZ.TRAN.,2026,185
AZ.TRAN.,2026,186
AZ.TRAN.,2026,187
AZ.TRAN.,2026,188
AZ.TRAN.,2026,189
AZ.TRO.,2026,181
AZ.TRO.,2026,182
AZ.TRO.,2026,183
AZ.TRO.,2026,184
AZ.TRO.,2026,185
AZ.TRO.,2026,186
AZ.TRO.,2026,187
AZ.TRO.,2026,188
AZ.TRO.,2026,189
AZ.TUBB.,2026,182
AZ.TUBB.,2026,183
AZ.TUBB.,2026,184
AZ.TUBB.,2026,185
AZ.TUBB.,2026,186
AZ.TUBB.,2026,187
AZ.TUBB.,2026,188
AZ.USGCB.,2026,182
AZ.USGCB.,2026,183
AZ.USGCB.,2026,184
AZ.USGCB.,2026,185
AZ.USGCB.,2026,186
AZ.USGCB.,2026,187
AZ.USGCB.,2026,188
BK.DCMP.01,2026,182
BK.DCMP.01,2026,183
BK.DCMP.01,2026,184
BK.DCMP.01,2026,185
BK.DCMP.01,2026,186
BK.DIAZ.00,2026,182
BK.DIAZ.00,2026,183
BK.DIAZ.00,2026,184
BK.DIAZ.00,2026,185
BK.DIAZ.00,2026,186
BK.DIAZ.S0,2026,181
BK.DIAZ.S0,2026,182
BK.DIAZ.S0,2026,183
BK.DIAZ.S0,2026,184
BK.DIAZ.S0,2026,185
BK.DIAZ.S0,2026,186
BK.DIAZ.S0,2026,187
BK.DIAZ.S0,2026,188
BK.DIAZ.S0,2026,189
BK.DIAZ.S0,2026,190
BK.DIAZ.S0,2026,191
BK.DIAZ.S0,2026,192
BK.DIAZ.S0,2026,193
BK.DIAZ.S0,2026,194
BK.DIAZ.S0,2026,195
BK.DIAZ.S0,2026,196
BK.DLIK.00,2026,182
BK.DLIK.00,2026,183
BK.DLIK.00,2026,184
BK.DLIK.00,2026,185
BK.DLIK.00,2026,186
BK.DMOR.00,2026,182
BK.DMOR.00,2026,183
BK.DMOR.00,2026,184
BK.DMOR.00,2026,185
BK.DMOR.00,2026,186
BK.DRDG.00,2026,182
BK.DRDG.00,2026,183
BK.DRDG.00,2026,184
BK.DRDG.00,2026,185
BK.DRDG.00,2026,186
BK.DRDG.S0,2026,181
BK.DRDG.S0,2026,182
BK.DRDG.S0,2026,183
BK.DRDG.S0,2026,184
BK.DRDG.S0,2026,185
BK.DRDG.S0,2026,186
BK.DRDG.S0,2026,187
BK.DRDG.S0,2026,188
BK.DRDG.S0,2026,189
BK.DRDG.S0,2026,190
BK.DRDG.S0,2026,191
BK.DRDG.S0,2026,192
BK.DRDG.S0,2026,193
BK.DRDG.S0,2026,194
BK.DRDG.S0,2026,195
BK.DRDG.S0,2026,196
BK.DRYC.00,2026,182
BK.DRYC.00,2026,183
BK.DRYC.00,2026,184
BK.DRYC.00,2026,185
BK.DRYC.00,2026,186
BK.DRYC.S0,2026,181
BK.DRYC.S0,2026,182
BK.DRYC.S0,2026,183
BK.DRYC.S0,2026,184
BK.DRYC.S0,2026,185
BK.DRYC.S0,2026,186
BK.DRYC.S0,2026,187
BK.DRYC.S0,2026,188
BK.DRYC.S0,2026,189
BK.DRYC.S0,2026,190
BK.DRYC.S0,2026,191
BK.DRYC.S0,2026,192
BK.DRYC.S0,2026,193
BK.DRYC.S0,2026,194
BK.DRYC.S0,2026,195
BK.DRYC.S0,2026,196
BK.EAGL.00,2026,182
BK.EAGL.00,2026,183
BK.EAGL.00,2026,184
BK.EAGL.00,2026,185
BK.EAGL.00,2026,186
BK.EAGL.S0,2026,181
BK.EAGL.S0,2026,182
BK.EAGL.S0,2026,183
BK.EAGL.S0,2026,184
BK.EAGL.S0,2026,185
BK.EAGL.S0,2026,186
BK.EAGL.S0,2026,187
BK.EAGL.S0,2026,188
BK.EAGL.S0,2026,189
BK.EAGL.S0,2026,190
BK.EAGL.S0,2026,191
BK.EAGL.S0,2026,192
BK.EAGL.S0,2026,193
BK.EAGL.S0,2026,194
BK.EAGL.S0,2026,195
BK.EAGL.S0,2026,196
BK.ETSL.00,2026,182
BK.ETSL.00,2026,183
BK.ETSL.00,2026,184
BK.ETSL.00,2026,185
BK.ETSL.00,2026,186
BK.ETSL.S0,2026,181
BK.ETSL.S0,2026,182
BK.ETSL.S0,2026,183
BK.ETSL.S0,2026,184
BK.ETSL.S0,2026,185
BK.ETSL.S0,2026,186
BK.ETSL.S0,2026,187
BK.ETSL.S0,2026,188
BK.ETSL.S0,2026,189
BK.ETSL.S0,2026,190
BK.ETSL.S0,2026,191
BK.ETSL.S0,2026,192
BK.ETSL.S0,2026,193
BK.ETSL.S0,2026,194
BK.ETSL.S0,2026,195
BK.ETSL.S0,2026,196
BK.FORD.00,2026,182
BK.FORD.00,2026,183
BK.FORD.00,2026,184
BK.FORD.00,2026,185
BK.FORD.00,2026,186
BK.GALB.00,2026,182
BK.GALB.00,2026,183
BK.GALB.00,2026,184
BK.GALB.00,2026,185
BK.GALB.00,2026,186
BK.GALB.S0,2026,181
BK.GALB.S0,2026,182
BK.GALB.S0,2026,183
BK.GALB.S0,2026,184
BK.GALB.S0,2026,185
BK.GALB.S0,2026,186
BK.GALB.S0,2026,187
BK.GALB.S0,2026,188
BK.GALB.S0,2026,189
BK.GALB.S0,2026,190
BK.GALB.S0,2026,193
BK.GALB.S0,2026,194
BK.GALB.S0,2026,195
BK.GALB.S0,2026,196
BK.GASB.,2026,181
BK.GASB.,2026,182
BK.GASB.,2026,183
BK.GASB.,2026,184
BK.GASB.,2026,185
BK.GASB.,2026,186
BK.GASB.,2026,187
BK.GASB.,2026,188
BK.GASB.,2026,189
BK.GASB.,2026,190
BK.GASB.,2026,191
BK.GASB.,2026,192
BK.GASB.,2026,193
BK.GASB.,2026,194
BK.GASB.,2026,195
BK.GASB.,2026,196
BK.GASB.00,2026,182
BK.GASB.00,2026,183
BK.GASB.00,2026,184
BK.GASB.00,2026,185
BK.GASB.00,2026,186
BK.GCKB.00,2026,182
BK.GCKB.00,2026,183
BK.GCKB.00,2026,184
BK.GCKB.00,2026,185
BK.GCKB.00,2026,186
BK.GCKB.S0,2026,181
BK.GCKB.S0,2026,182
BK.GCKB.S0,2026,183
BK.GCKB.S0,2026,184
BK.GCKB.S0,2026,185
BK.GCKB.S0,2026,186
BK.GCKB.S0,2026,187
BK.GCKB.S0,2026,188
BK.GCKB.S0,2026,189
BK.GCKB.S0,2026,190
BK.GCKB.S0,2026,191
BK.GCKB.S0,2026,192
BK.GCKB.S0,2026,193
BK.GCKB.S0,2026,194
BK.GCKB.S0,2026,195
BK.GCKB.S0,2026,196
BK.GHOP.00,2026,182
BK.GHOP.00,2026,183
BK.GHOP.00,2026,184
BK.GHOP.00,2026,185
BK.GHOP.00,2026,186
BK.GHOP.S0,2026,181
BK.GHOP.S0,2026,182
BK.GHOP.S0,2026,183
BK.GHOP.S0,2026,184
BK.GHOP.S0,2026,185
BK.GHOP.S0,2026,186
BK.GHOP.S0,2026,187
BK.GHOP.S0,2026,188
BK.GHOP.S0,2026,189
BK.GHOP.S0,2026,190
BK.GHOP.S0,2026,191
BK.GHOP.S0,2026,192
BK.GHOP.S0,2026,193
BK.GHOP.S0,2026,194
BK.GHOP.S0,2026,195
BK.GHOP.S0,2026,196
BK.GRPK.00,2026,182
BK.GRPK.00,2026,183
BK.GRPK.00,2026,184
BK.GRPK.00,2026,185
BK.GRPK.00,2026,186
BK.GRPK.S0,2026,181
BK.GRPK.S0,2026,182
BK.GRPK.S0,2026,183
BK.GRPK.S0,2026,184
BK.GRPK.S0,2026,185
BK.GRPK.S0,2026,186
BK.GRPK.S0,2026,187
BK.GRPK.S0,2026,188
BK.GRPK.S0,2026,189
BK.GRPK.S0,2026,190
BK.GRPK.S0,2026,191
BK.GRPK.S0,2026,192
BK.GRPK.S0,2026,193
BK.GRPK.S0,2026,194
BK.GRPK.S0,2026,195
BK.GRPK.S0,2026,196
BK.GTSB.00,2026,182
BK.GTSB.00,2026,183
BK.GTSB.00,2026,184
BK.GTSB.00,2026,185
BK.GTSB.00,2026,186
BK.GTSB.S0,2026,181
BK.GTSB.S0,2026,182
BK.GTSB.S0,2026,183
BK.GTSB.S0,2026,184
BK.GTSB.S0,2026,185
BK.GTSB.S0,2026,186
BK.GTSB.S0,2026,187
BK.GTSB.S0,2026,188
BK.GTSB.S0,2026,189
BK.GTSB.S0,2026,190
BK.GTSB.S0,2026,191
BK.GTSB.S0,2026,192
BK.GTSB.S0,2026,193
BK.GTSB.S0,2026,194
BK.GTSB.S0,2026,195
BK.GTSB.S0,2026,196
BK.GUMB.00,2026,182
BK.GUMB.00,2026,183
BK.GUMB.00,2026,184
BK.GUMB.00,2026,185
BK.GUMB.00,2026,186
BK.GUMB.S0,2026,181
BK.GUMB.S0,2026,182
BK.GUMB.S0,2026,183
BK.GUMB.S0,2026,184
BK.GUMB.S0,2026,185
BK.GUMB.S0,2026,186
BK.GUMB.S0,2026,187
BK.GUMB.S0,2026,188
BK.GUMB.S0,2026,189
BK.GUMB.S0,2026,190
BK.GUMB.S0,2026,191
BK.GUMB.S0,2026,192
BK.GUMB.S0,2026,193
BK.GUMB.S0,2026,194
BK.GUMB.S0,2026,195
BK.GUMB.S0,2026,196
BK.HALS.00,2026,182
BK.HALS.00,2026,183
BK.HALS.00,2026,184
BK.HALS.00,2026,185
BK.HALS.00,2026,186
BK.HALS.S0,2026,181
BK.HALS.S0,2026,182
BK.HALS.S0,2026,183
BK.HALS.S0,2026,184
BK.HALS.S0,2026,185
BK.HALS.S0,2026,186
BK.HALS.S0,2026,187
BK.HALS.S0,2026,188
BK.HALS.S0,2026,189
BK.HALS.S0,2026,190
BK.HALS.S0,2026,191
BK.HALS.S0,2026,192
BK.HALS.S0,2026,193
BK.HALS.S0,2026,194
BK.HALS.S0,2026,195
BK.HALS.S0,2026,196
BK.HAPY.00,2026,182
BK.HAPY.00,2026,183
BK.HAPY.00,2026,184
BK.HAPY.00,2026,185
BK.HAPY.00,2026,186
BK.HAPY.S0,2026,181
BK.HAPY.S0,2026,182
BK.HAPY.S0,2026,183
BK.HAPY.S0,2026,184
BK.HAPY.S0,2026,185
BK.HAPY.S0,2026,186
BK.HAPY.S0,2026,187
BK.HAPY.S0,2026,188
BK.HAPY.S0,2026,189
BK.HAPY.S0,2026,190
BK.HAPY.S0,2026,191
BK.HAPY.S0,2026,192
BK.HAPY.S0,2026,193
BK.HAPY.S0,2026,194
BK.HAPY.S0,2026,195
BK.HAPY.S0,2026,196
BK.HAS2.00,2026,182
BK.HAS2.00,2026,183
BK.HAS2.00,2026,184
BK.HAS2.00,2026,185
BK.HAS2.00,2026,186
BK.HAS2.S0,2026,181
BK.HAS2.S0,2026,182
BK.HAS2.S0,2026,183
BK.HAS2.S0,2026,184
BK.HAS2.S0,2026,185
BK.HAS2.S0,2026,186
BK.HAS2.S0,2026,187
BK.HAS2.S0,2026,188
BK.HAS2.S0,2026,189
BK.HAS2.S0,2026,190
BK.HAS2.S0,2026,191
BK.HAS2.S0,2026,192
BK.HAS2.S0,2026,193
BK.HAS2.S0,2026,194
BK.HAS2.S0,2026,195
BK.HAS2.S0,2026,196
BK.HATC.,2026,181
BK.HATC.,2026,182
BK.HATC.,2026,183
BK.HATC.,2026,184
BK.HATC.,2026,185
BK.HATC.,2026,186
BK.HATC.,2026,187
BK.HATC.,2026,188
BK.HATC.,2026,189
BK.HATC.,2026,190
BK.HATC.,2026,191
BK.HATC.,2026,192
BK.HATC.,2026,193
BK.HATC.,2026,194
BK.HATC.,2026,195
BK.HATC.,2026,196
BK.HATC.00,2026,182
BK.HATC.00,2026,183
BK.HATC.00,2026,184
BK.HATC.00,2026,185
BK.HATC.00,2026,186
BK.HAYF.00,2026,101
BK.HAYF.00,2026,102
BK.HAYF.00,2026,103
BK.HELL.00,2026,101
BK.HELL.00,2026,102
BK.HELL.00,2026,103
BK.HERB.40,2026,101
BK.HERB.40,2026,102
BK.HERB.40,2026,103
BK.HOPS.00,2026,101
BK.HOPS.00,2026,102
BK.HOPS.00,2026,103
BK.HRCH.00,2026,101
BK.HRCH.00,2026,102
BK.HRCH.00,2026,103
BK.HULI.00,2026,101
BK.HULI.00,2026,102
BK.HULI.00,2026,103
BK.HULL.00,2026,101
BK.HULL.00,2026,102
BK.HULL.00,2026,103
BK.HUNT.00,2026,101
BK.HUNT.00,2026,102
BK.HUNT.00,2026,103
BK.JASP.00,2026,101
BK.JASP.00,2026,102
BK.JCC.00,2026,101
BK.JCC.00,2026,102
BK.JEPS.00,2026,101
BK.JEPS.00,2026,102
BK.JEWT.00,2026,101
BK.JEWT.00,2026,102
BK.KARE.00,2026,101
BK.KARE.00,2026,102
BK.KETL.00,2026,101
BK.KETL.00,2026,102
BK.KNEE.00,2026,101
BK.KNEE.00,2026,102
BK.KRUG.00,2026,101
BK.KRUG.00,2026,102
BK.LAKN.00,2026,91
BK.LAKN.00,2026,92
BK.LAKN.00,2026,93
BK.LAKN.00,2026,94
BK.LAKN.S0,2026,81
BK.LAKN.S0,2026,82
BK.LAKN.S0,2026,83
BK.LAKN.S0,2026,84
BK.LAKN.S0,2026,85
BK.LAKN.S0,2026,86
BK.LAKN.S0,2026,87
BK.LAKN.S0,2026,88
BK.LAKN.S0,2026,89
BK.LAKN.S0,2026,90
BK.LAKN.S0,2026,91
BK.LAKN.S0,2026,92
BK.LAKN.S0,2026,93
BK.LAKN.S0,2026,94
BK.LAKN.S0,2026,95
BK.LAKN.S0,2026,96
BK.LAKN.S0,2026,97
BK.LAKN.S0,2026,98
BK.LAND.00,2026,91
BK.LAND.00,2026,92
BK.LAND.00,2026,93
BK.LAND.00,2026,94
BK.LCOS.00,2026,91
BK.LCOS.00,2026,92
BK.LCOS.00,2026,93
BK.LCOS.00,2026,94
BK.LCOS.S0,2026,81
BK.LCOS.S0,2026,82
BK.LCOS.S0,2026,83
BK.LCOS.S0,2026,84
BK.LCOS.S0,2026,85
BK.LCOS.S0,2026,86
BK.LCOS.S0,2026,87
BK.LCOS.S0,2026,88
BK.LCOS.S0,2026,89
BK.LCOS.S0,2026,90
BK.LCOS.S0,2026,91
BK.LCOS.S0,2026,92
BK.LCOS.S0,2026,93
BK.LCOS.S0,2026,94
BK.LCOS.S0,2026,95
BK.LCOS.S0,2026,96
BK.LCOS.S0,2026,97
BK.LCOS.S0,2026,98
BK.LCOW.00,2026,91
BK.LCOW.00,2026,92
BK.LCOW.00,2026,93
BK.LCOW.00,2026,94
BK.LCUV.00,2026,91
BK.LCUV.00,2026,92
BK.LCUV.00,2026,93
BK.LCUV.00,2026,94
BK.LEGD.00,2026,91
BK.LEGD.00,2026,92
BK.LEGD.00,2026,93
BK.LEGD.00,2026,94
BK.LGMB.00,2026,91
BK.LGMB.00,2026,92
BK.LGMB.00,2026,93
BK.LGMB.00,2026,94
BK.LGMB.S0,2026,81
BK.LGMB.S0,2026,82
BK.LGMB.S0,2026,83
BK.LGMB.S0,2026,84
BK.LGMB.S0,2026,85
BK.LGMB.S0,2026,86
BK.LGMB.S0,2026,87
BK.LGMB.S0,2026,88
BK.LGMB.S0,2026,89
BK.LGMB.S0,2026,90
BK.LGMB.S0,2026,91
BK.LGMB.S0,2026,92
BK.LGMB.S0,2026,93
BK.LGMB.S0,2026,94
BK.LGMB.S0,2026,95
BK.LGMB.S0,2026,96
BK.LGMB.S0,2026,97
BK.LGMB.S0,2026,98
BK.LIND.00,2026,91
BK.LIND.00,2026,92
BK.LIND.00,2026,93
BK.LIND.00,2026,94
BK.LITV.00,2026,91
BK.LITV.00,2026,92
BK.LITV.00,2026,93
BK.LITV.S0,2026,81
BK.LITV.S0,2026,82
BK.LITV.S0,2026,83
BK.LITV.S0,2026,84
BK.LITV.S0,2026,85
BK.LITV.S0,2026,86
BK.LITV.S0,2026,87
BK.LITV.S0,2026,88
BK.LITV.S0,2026,89
BK.LITV.S0,2026,90
BK.LITV.S0,2026,91
BK.LITV.S0,2026,92
BK.LITV.S0,2026,93
BK.LITV.S0,2026,94
BK.LITV.S0,2026,95
BK.LITV.S0,2026,96
BK.LITV.S0,2026,97
BK.LITV.S0,2026,98
BK.LLNL.00,2026,91
BK.LLNL.00,2026,92
BK.LLNL.00,2026,93
BK.LLNL.S0,2026,81
BK.LLNL.S0,2026,82
BK.LLNL.S0,2026,83
BK.LLNL.S0,2026,84
BK.LLNL.S0,2026,85
BK.LLNL.S0,2026,86
BK.LLNL.S0,2026,87
BK.LLNL.S0,2026,88
BK.LLNL.S0,2026,89
BK.LLNL.S0,2026,90
BK.LLNL.S0,2026,91
BK.LLNL.S0,2026,92
BK.LLNL.S0,2026,93
BK.LLNL.S0,2026,94
BK.LLNL.S0,2026,95
BK.LLNL.S0,2026,96
BK.LLNL.S0,2026,97
BK.LLNL.S0,2026,98
BK.LSIB.00,2026,91
BK.LSIB.00,2026,92
BK.LSIB.00,2026,93
BK.LSIB.S0,2026,81
BK.LSIB.S0,2026,82
BK.LSIB.S0,2026,83
BK.LSIB.S0,2026,84
BK.LSIB.S0,2026,85
BK.LSIB.S0,2026,86
BK.LSIB.S0,2026,87
BK.LSIB.S0,2026,88
BK.LSIB.S0,2026,89
BK.LSIB.S0,2026,90
BK.LSIB.S0,2026,91
BK.LSIB.S0,2026,92
BK.LSIB.S0,2026,93
BK.LSIB.S0,2026,94
BK.LSIB.S0,2026,95
BK.LSIB.S0,2026,96
BK.LSIB.S0,2026,97
BK.LSIB.S0,2026,98
BK.LTIB.00,2026,91
BK.LTIB.00,2026,92
BK.LTIB.00,2026,93
BK.LTIB.S0,2026,81
BK.LTIB.S0,2026,82
BK.LTIB.S0,2026,83
BK.LTIB.S0,2026,84
BK.LTIB.S0,2026,85
BK.LTIB.S0,2026,86
BK.LTIB.S0,2026,87
BK.LTIB.S0,2026,88
BK.LTIB.S0,2026,89
BK.LTIB.S0,2026,90
BK.LTIB.S0,2026,91
BK.LTIB.S0,2026,92
BK.LTIB.S0,2026,93
BK.LTIB.S0,2026,94
BK.LTIB.S0,2026,95
BK.LTIB.S0,2026,96
BK.LTIB.S0,2026,97
BK.LTIB.S0,2026,98
BK.MBARI.00,2026,91
BK.MBARI.00,2026,92
BK.MBARI.00,2026,93
BK.MERC.00,2026,91
BK.MERC.00,2026,92
BK.MERC.00,2026,93
BK.MERC.S0,2026,81
BK.MERC.S0,2026,82
BK.MERC.S0,2026,83
BK.MERC.S0,2026,84
BK.MERC.S0,2026,85
BK.MERC.S0,2026,86
BK.MERC.S0,2026,87
BK.MERC.S0,2026,88
BK.MERC.S0,2026,89
BK.MERC.S0,2026,90
BK.MERC.S0,2026,91
BK.MERC.S0,2026,92
BK.MERC.S0,2026,93
BK.MERC.S0,2026,94
BK.MERC.S0,2026,95
BK.MERC.S0,2026,96
BK.MERC.S0,2026,97
BK.MERC.S0,2026,98
BK.MHC.,2026,81
BK.MHC.,2026,82
BK.MHC.,2026,83
BK.MHC.,2026,84
BK.MHC.,2026,85
BK.MHC.,2026,86
BK.MHC.,2026,87
BK.MHC.,2026,88
BK.MHC.,2026,89
BK.MHC.,2026,90
BK.MHC.,2026,91
BK.MHC.,2026,92
BK.MHC.,2026,93
BK.MHC.,2026,94
BK.MHC.,2026,95
BK.MHC.,2026,96
BK.MHC.,2026,97
BK.MHC.,2026,98
BK.MHC.00,2026,91
BK.MHC.00,2026,92
BK.MHC.00,2026,93
BK.MHDL.,2026,81
BK.MHDL.,2026,82
BK.MHDL.,2026,83
BK.MHDL.,2026,84
BK.MHDL.,2026,85
BK.MHDL.,2026,86
BK.MHDL.,2026,87
BK.MHDL.,2026,88
BK.MHDL.,2026,89
BK.MHDL.,2026,90
BK.MHDL.,2026,91
BK.MHDL.,2026,92
BK.MHDL.,2026,93
BK.MHDL.,2026,94
BK.MHDL.,2026,95
BK.MHDL.,2026,96
BK.MHDL.,2026,97
BK.MHDL.,2026,98
BK.MHDL.00,2026,81
BK.MHDL.00,2026,82
BK.MHDL.00,2026,83
BK.MHDL.00,2026,84
BK.MHDL.00,2026,85
BK.MHDL.00,2026,86
BK.MHDL.00,2026,87
BK.MHDL.00,2026,88
BK.MHDL.00,2026,89
BK.MHDL.00,2026,90
BK.MHDL.00,2026,91
BK.MHDL.00,2026,92
BK.MHDL.00,2026,93
BK.MHDL.00,2026,94
BK.MHDL.00,2026,95
BK.MHDL.00,2026,96
BK.MHDL.00,2026,97
BK.MHDL.00,2026,98
BK.MHDL.40,2026,81
BK.MHDL.40,2026,82
BK.MHDL.40,2026,83
BK.MHDL.40,2026,84
BK.MHDL.40,2026,85
BK.MHDL.40,2026,86
BK.MHDL.40,2026,87
BK.MHDL.40,2026,88
BK.MHDL.40,2026,89
BK.MHDL.40,2026,90
BK.MHDL.40,2026,91
BK.MHDL.40,2026,92
BK.MHDL.40,2026,93
BK.MHDL.40,2026,94
BK.MHDL.40,2026,95
BK.MHDL.40,2026,96
BK.MHDL.40,2026,97
BK.MHDL.40,2026,98
BK.MHDL.50,2026,81
BK.MHDL.50,2026,82
BK.MHDL.50,2026,83
BK.MHDL.50,2026,84
BK.MHDL.50,2026,85
BK.MHDL.50,2026,86
BK.MHDL.50,2026,87
BK.MHDL.50,2026,88
BK.MHDL.50,2026,89
BK.MHDL.50,2026,90
BK.MHDL.50,2026,91
BK.MHDL.50,2026,92
BK.MHDL.50,2026,93
BK.MHDL.50,2026,94
BK.MHDL.50,2026,95
BK.MHDL.50,2026,96
BK.MHDL.50,2026,97
BK.MHDL.50,2026,98
BK.MILL.00,2026,81
BK.MILL.00,2026,91
BK.MILL.00,2026,92
BK.MILL.00,2026,93
BK.MILL.S0,2026,81
BK.MILL.S0,2026,82
BK.MILL.S0,2026,83
BK.MILL.S0,2026,84
BK.MILL.S0,2026,85
BK.MILL.S0,2026,86
BK.MILL.S0,2026,87
BK.MILL.S0,2026,88
BK.MILL.S0,2026,89
BK.MILL.S0,2026,90
BK.MILL.S0,2026,91
BK.MILL.S0,2026,92
BK.MILL.S0,2026,93
BK.MILL.S0,2026,94
BK.MILL.S0,2026,95
BK.MILL.S0,2026,96
BK.MILL.S0,2026,97
BK.MILL.S0,2026,98
BK.MKOF.00,2026,91
BK.MKOF.00,2026,92
BK.MKOF.00,2026,93
BK.MKOF.00,2026,94
BK.MKOF.S0,2026,81
BK.MKOF.S0,2026,82
BK.MKOF.S0,2026,83
BK.MKOF.S0,2026,84
BK.MKOF.S0,2026,85
BK.MKOF.S0,2026,86
BK.MKOF.S0,2026,87
BK.MKOF.S0,2026,88
BK.MKOF.S0,2026,89
BK.MKOF.S0,2026,90
BK.MKOF.S0,2026,91
BK.MKOF.S0,2026,92
BK.MKOF.S0,2026,93
BK.MKOF.S0,2026,94
BK.MKOF.S0,2026,95
BK.MKOF.S0,2026,96
BK.MKOF.S0,2026,97
BK.MKOF.S0,2026,98
BK.MLKN.00,2026,91
BK.MLKN.00,2026,92
BK.MLKN.00,2026,93
BK.MLKN.S0,2026,81
BK.MLKN.S0,2026,82
BK.MLKN.S0,2026,83
BK.MLKN.S0,2026,84
BK.MLKN.S0,2026,85
BK.MLKN.S0,2026,86
BK.MLKN.S0,2026,87
BK.MLKN.S0,2026,88
BK.MLKN.S0,2026,89
BK.MLKN.S0,2026,90
BK.MLKN.S0,2026,91
BK.MLKN.S0,2026,92
BK.MLKN.S0,2026,93
BK.MLKN.S0,2026,94
BK.MLKN.S0,2026,95
BK.MLKN.S0,2026,96
BK.MLKN.S0,2026,97
BK.MLKN.S0,2026,98
BK.MMI.00,2026,91
BK.MMI.00,2026,92
BK.MMI.00,2026,93
BK.MMI.S0,2026,81
BK.MMI.S0,2026,82
BK.MMI.S0,2026,83
BK.MMI.S0,2026,84
BK.MMI.S0,2026,85
BK.MMI.S0,2026,86
BK.MMI.S0,2026,87
BK.MMI.S0,2026,88
BK.MMI.S0,2026,89
BK.MMI.S0,2026,90
BK.MMI.S0,2026,91
BK.MMI.S0,2026,92
BK.MMI.S0,2026,93
BK.MMI.S0,2026,94
BK.MMI.S0,2026,95
BK.MMI.S0,2026,96
BK.MMI.S0,2026,97
BK.MMI.S0,2026,98
BK.MNDO.00,2026,91
BK.MNDO.00,2026,92
BK.MNDO.00,2026,93
BK.MNLT.00,2026,91
BK.MNLT.00,2026,92
BK.MNLT.00,2026,93
BK.MNLT.S0,2026,81
BK.MNLT.S0,2026,82
BK.MNLT.S0,2026,83
BK.MNLT.S0,2026,84
BK.MNLT.S0,2026,85
BK.MNLT.S0,2026,86
BK.MNLT.S0,2026,87
BK.MNLT.S0,2026,88
BK.MNLT.S0,2026,89
BK.MNLT.S0,2026,90
BK.MNLT.S0,2026,91
BK.MNLT.S0,2026,92
BK.MNLT.S0,2026,93
BK.MNLT.S0,2026,94
BK.MNLT.S0,2026,95
BK.MNLT.S0,2026,96
BK.MNLT.S0,2026,97
BK.MNLT.S0,2026,98
BK.MNRC.,2026,21
BK.MNRC.,2026,22
BK.MNRC.,2026,23
BK.MNRC.,2026,24
BK.MNRC.,2026,25
BK.MNRC.,2026,26
BK.MNRC.,2026,27
BK.MNRC.,2026,28
BK.MNRC.,2026,29
BK.MNRC.,2026,121
BK.MNRC.,2026,122
BK.MNRC.,2026,123
BK.MNRC.,2026,124
BK.MNRC.,2026,125
BK.MNRC.,2026,126
BK.MNRC.,2026,127
BK.MNRC.,2026,128
BK.MNRC.,2026,129
BK.MNRC.,2026,130
BK.MNRC.,2026,131
BK.MNRC.,2026,132
BK.MNRC.,2026,133
BK.MNRC.,2026,134
BK.MNRC.,2026,135
BK.MNRC.,2026,136
BK.MNRC.,2026,141
BK.MNRC.,2026,142
BK.MNRC.,2026,143
BK.MNRC.,2026,144
BK.MNRC.,2026,145
BK.MNRC.,2026,146
BK.MNRC.,2026,147
BK.MNRC.,2026,148
BK.MNRC.,2026,149
BK.MNRC.,2026,150
BK.MNRC.,2026,151
BK.MNRC.,2026,152
BK.MNRC.,2026,153
BK.MNRC.,2026,154
BK.MNRC.,2026,155
BK.MNRC.,2026,156
BK.MNRC.,2026,157
BK.MNRC.,2026,158
BK.MNRC.00,2026,21
BK.MNRC.00,2026,22
BK.MNRC.00,2026,23
BK.MNRC.00,2026,121
BK.MNRC.00,2026,122
BK.MNRC.00,2026,123
BK.MNRC.00,2026,124
BK.MNRC.00,2026,125
BK.MNRC.00,2026,152
BK.MOD.,2026,21
BK.MOD.,2026,22
BK.MOD.,2026,23
BK.MOD.,2026,24
BK.MOD.,2026,25
BK.MOD.,2026,26
BK.MOD.,2026,27
BK.MOD.,2026,28
BK.MOD.,2026,29
BK.MOD.,2026,121
BK.MOD.,2026,122
BK.MOD.,2026,123
BK.MOD.,2026,124
BK.MOD.,2026,125
BK.MOD.,2026,126
BK.MOD.,2026,127
BK.MOD.,2026,128
BK.MOD.,2026,129
BK.MOD.,2026,130
BK.MOD.,2026,131
BK.MOD.,2026,132
BK.MOD.,2026,133
BK.MOD.,2026,134
BK.MOD.,2026,135
BK.MOD.,2026,136
BK.MOD.,2026,141
BK.MOD.,2026,142
BK.MOD.,2026,143
BK.MOD.,2026,144
BK.MOD.,2026,145
BK.MOD.,2026,146
BK.MOD.,2026,147
BK.MOD.,2026,148
BK.MOD.,2026,149
BK.MOD.,2026,150
BK.MOD.,2026,151
BK.MOD.,2026,152
BK.MOD.,2026,153
BK.MOD.,2026,154
BK.MOD.,2026,155
BK.MOD.,2026,156
BK.MOD.,2026,157
BK.MOD.,2026,158
BK.MOD.00,2026,21
BK.MOD.00,2026,22
BK.MOD.00,2026,23
BK.MOD.00,2026,121
BK.MOD.00,2026,122
BK.MOD.00,2026,123
BK.MOD.00,2026,124
BK.MOD.00,2026,125
BK.MOD.00,2026,152
BK.MOGU.00,2026,21
BK.MOGU.00,2026,22
BK.MOGU.00,2026,23
BK.MOGU.00,2026,121
BK.MOGU.00,2026,122
BK.MOGU.00,2026,123
BK.MOGU.00,2026,124
BK.MOGU.00,2026,125
BK.MTOS.00,2026,21
BK.MTOS.00,2026,22
BK.MTOS.00,2026,23
BK.MTOS.00,2026,24
BK.MTOS.00,2026,25
BK.MTOS.00,2026,26
BK.MTOS.00,2026,27
BK.MTOS.00,2026,28
BK.MTOS.00,2026,29
BK.MTOS.00,2026,121
BK.MTOS.00,2026,122
BK.MTOS.00,2026,123
BK.MTOS.00,2026,124
BK.MTOS.00,2026,125
BK.MTOS.00,2026,126
BK.MTOS.00,2026,127
BK.MTOS.00,2026,128
BK.MTOS.00,2026,129
BK.MTOS.00,2026,130
BK.MTOS.00,2026,131
BK.MTOS.00,2026,132
BK.MTOS.00,2026,133
BK.MTOS.00,2026,134
BK.MTOS.00,2026,135
BK.MTOS.00,2026,136
BK.MTOS.00,2026,141
BK.MTOS.00,2026,142
BK.MTOS.00,2026,143
BK.MTOS.00,2026,144
BK.MTOS.00,2026,145
BK.MTOS.00,2026,146
BK.MTOS.00,2026,147
BK.MTOS.00,2026,148
BK.MTOS.00,2026,149
BK.MTOS.00,2026,150
BK.MTOS.00,2026,151
BK.MTOS.00,2026,152
BK.MTOS.00,2026,153
BK.MTOS.00,2026,154
BK.MTOS.00,2026,155
BK.MTOS.00,2026,156
BK.MTOS.00,2026,157
BK.MTOS.00,2026,158
BK.MZTA.00,2026,21
BK.MZTA.00,2026,22
BK.MZTA.00,2026,23
BK.MZTA.00,2026,121
BK.MZTA.00,2026,122
BK.MZTA.00,2026,123
BK.MZTA.00,2026,124
BK.MZTA.00,2026,125
BK.MZTA.S0,2026,21
BK.MZTA.S0,2026,22
BK.MZTA.S0,2026,23
BK.MZTA.S0,2026,24
BK.MZTA.S0,2026,25
BK.MZTA.S0,2026,26
BK.MZTA.S0,2026,27
BK.MZTA.S0,2026,28
BK.MZTA.S0,2026,29
BK.MZTA.S0,2026,121
BK.MZTA.S0,2026,122
BK.MZTA.S0,2026,123
BK.MZTA.S0,2026,124
BK.MZTA.S0,2026,125
BK.MZTA.S0,2026,126
BK.MZTA.S0,2026,127
BK.MZTA.S0,2026,128
BK.MZTA.S0,2026,129
BK.MZTA.S0,2026,130
BK.MZTA.S0,2026,131
BK.MZTA.S0,2026,132
BK.MZTA.S0,2026,133
BK.MZTA.S0,2026,134
BK.MZTA.S0,2026,135
BK.MZTA.S0,2026,136
BK.MZTA.S0,2026,141
BK.MZTA.S0,2026,142
BK.MZTA.S0,2026,143
BK.MZTA.S0,2026,144
BK.MZTA.S0,2026,145
BK.MZTA.S0,2026,146
BK.MZTA.S0,2026,147
BK.MZTA.S0,2026,148
BK.MZTA.S0,2026,149
BK.MZTA.S0,2026,150
BK.MZTA.S0,2026,151
BK.MZTA.S0,2026,152
BK.MZTA.S0,2026,153
BK.MZTA.S0,2026,154
BK.MZTA.S0,2026,155
BK.MZTA.S0,2026,156
BK.MZTA.S0,2026,157
BK.MZTA.S0,2026,158
BK.OAKV.00,2026,21
BK.OAKV.00,2026,22
BK.OAKV.00,2026,121
BK.OAKV.00,2026,122
BK.OAKV.00,2026,123
BK.OAKV.00,2026,124
BK.OAKV.00,2026,125
BK.OHLN.,2026,21
BK.OHLN.,2026,22
BK.OHLN.,2026,23
BK.OHLN.,2026,24
BK.OHLN.,2026,25
BK.OHLN.,2026,26
BK.OHLN.,2026,27
BK.OHLN.,2026,28
BK.OHLN.,2026,29
BK.OHLN.,2026,121
BK.OHLN.,2026,122
BK.OHLN.,2026,123
BK.OHLN.,2026,124
BK.OHLN.,2026,125
BK.OHLN.,2026,126
BK.OHLN.,2026,127
BK.OHLN.,2026,128
BK.OHLN.,2026,129
BK.OHLN.,2026,130
BK.OHLN.,2026,131
BK.OHLN.,2026,132
BK.OHLN.,2026,133
BK.OHLN.,2026,134
BK.OHLN.,2026,135
BK.OHLN.,2026,136
BK.OHLN.,2026,141
BK.OHLN.,2026,142
BK.OHLN.,2026,143
BK.OHLN.,2026,144
BK.OHLN.,2026,145
BK.OHLN.,2026,146
BK.OHLN.,2026,147
BK.OHLN.,2026,148
BK.OHLN.,2026,149
BK.OHLN.,2026,150
BK.OHLN.,2026,151
BK.OHLN.,2026,152
BK.OHLN.,2026,153
BK.OHLN.,2026,154
BK.OHLN.,2026,155
BK.OHLN.,2026,156
BK.OHLN.,2026,157
BK.OHLN.,2026,158
BK.OHLN.40,2026,21
BK.OHLN.40,2026,22
BK.OHLN.40,2026,23
BK.OHLN.40,2026,24
BK.OHLN.40,2026,25
BK.OHLN.40,2026,26
BK.OHLN.40,2026,27
BK.OHLN.40,2026,28
BK.OHLN.40,2026,29
BK.OHLN.40,2026,121
BK.OHLN.40,2026,122
BK.OHLN.40,2026,123
BK.OHLN.40,2026,124
BK.OHLN.40,2026,125
BK.OHLN.40,2026,126
BK.OHLN.40,2026,127
BK.OHLN.40,2026,128
BK.OHLN.40,2026,129
BK.OHLN.40,2026,130
BK.OHLN.40,2026,131
BK.OHLN.40,2026,132
BK.OHLN.40,2026,133
BK.OHLN.40,2026,134
BK.OHLN.40,2026,135
BK.OHLN.40,2026,136
BK.OHLN.40,2026,141
BK.OHLN.40,2026,142
BK.OHLN.40,2026,143
BK.OHLN.40,2026,144
BK.OHLN.40,2026,145
BK.OHLN.40,2026,146
BK.OHLN.40,2026,147
BK.OHLN.40,2026,148
BK.OHLN.40,2026,149
BK.OHLN.40,2026,150
BK.OHLN.40,2026,151
BK.OHLN.40,2026,152
BK.OHLN.40,2026,153
BK.OHLN.40,2026,154
BK.OHLN.40,2026,155
BK.OHLN.40,2026,156
BK.OHLN.40,2026,157
BK.OHLN.40,2026,158
BK.ORRS.00,2026,21
BK.ORRS.00,2026,22
BK.ORRS.00,2026,121
BK.ORRS.00,2026,122
BK.ORRS.00,2026,123
BK.ORRS.00,2026,124
BK.ORRS.00,2026,125
BK.ORRS.S0,2026,21
BK.ORRS.S0,2026,22
BK.ORRS.S0,2026,23
BK.ORRS.S0,2026,24
BK.ORRS.S0,2026,25
BK.ORRS.S0,2026,26
BK.ORRS.S0,2026,27
BK.ORRS.S0,2026,28
BK.ORRS.S0,2026,29
BK.ORRS.S0,2026,121
BK.ORRS.S0,2026,122
BK.ORRS.S0,2026,123
BK.ORRS.S0,2026,124
BK.ORRS.S0,2026,125
BK.ORRS.S0,2026,126
BK.ORRS.S0,2026,127
BK.ORRS.S0,2026,128
BK.ORRS.S0,2026,129
BK.ORRS.S0,2026,130
BK.ORRS.S0,2026,131
BK.ORRS.S0,2026,132
BK.ORRS.S0,2026,133
BK.ORRS.S0,2026,134
BK.ORRS.S0,2026,135
BK.ORRS.S0,2026,136
BK.ORRS.S0,2026,141
BK.ORRS.S0,2026,142
BK.ORRS.S0,2026,143
BK.ORRS.S0,2026,144
BK.ORRS.S0,2026,145
BK.ORRS.S0,2026,146
BK.ORRS.S0,2026,147
BK.ORRS.S0,2026,148
BK.ORRS.S0,2026,149
BK.ORRS.S0,2026,150
BK.ORRS.S0,2026,151
BK.ORRS.S0,2026,152
BK.ORRS.S0,2026,153
BK.ORRS.S0,2026,154
BK.ORRS.S0,2026,155
BK.ORRS.S0,2026,156
BK.ORRS.S0,2026,157
BK.ORRS.S0,2026,158
BK.ORV.,2026,21
BK.ORV.,2026,22
BK.ORV.,2026,23
BK.ORV.,2026,24
BK.ORV.,2026,25
BK.ORV.,2026,26
BK.ORV.,2026,27
BK.ORV.,2026,28
BK.ORV.,2026,29
BK.ORV.,2026,121
BK.ORV.,2026,122
BK.ORV.,2026,123
BK.ORV.,2026,124
BK.ORV.,2026,125
BK.ORV.,2026,126
BK.ORV.,2026,127
BK.ORV.,2026,128
BK.ORV.,2026,129
BK.ORV.,2026,130
BK.ORV.,2026,131
BK.ORV.,2026,132
BK.ORV.,2026,133
BK.ORV.,2026,134
BK.ORV.,2026,135
BK.ORV.,2026,136
BK.ORV.,2026,141
BK.ORV.,2026,142
BK.ORV.,2026,143
BK.ORV.,2026,144
BK.ORV.,2026,145
BK.ORV.,2026,146
BK.ORV.,2026,147
BK.ORV.,2026,148
BK.ORV.,2026,149
BK.ORV.,2026,150
BK.ORV.,2026,151
BK.ORV.,2026,152
BK.ORV.,2026,153
BK.ORV.,2026,154
BK.ORV.,2026,155
BK.ORV.,2026,156
BK.ORV.,2026,157
BK.ORV.,2026,158
BK.ORV.00,2026,21
BK.ORV.00,2026,22
BK.ORV.00,2026,121
BK.ORV.00,2026,122
BK.ORV.00,2026,123
BK.ORV.00,2026,124
BK.ORV.00,2026,125
BK.OVRO.00,2026,21
BK.OVRO.00,2026,22
BK.OVRO.00,2026,121
BK.OVRO.00,2026,122
BK.OVRO.00,2026,123
BK.OVRO.00,2026,124
BK.OVRO.00,2026,125
BK.OXMT.,2026,21
BK.OXMT.,2026,22
BK.OXMT.,2026,23
BK.OXMT.,2026,24
BK.OXMT.,2026,25
BK.OXMT.,2026,26
BK.OXMT.,2026,27
BK.OXMT.,2026,28
BK.OXMT.,2026,29
BK.OXMT.,2026,121
BK.OXMT.,2026,122
BK.OXMT.,2026,123
BK.OXMT.,2026,124
BK.OXMT.,2026,125
BK.OXMT.,2026,126
BK.OXMT.,2026,127
BK.OXMT.,2026,128
BK.OXMT.,2026,129
BK.OXMT.,2026,130
BK.OXMT.,2026,131
BK.OXMT.,2026,132
BK.OXMT.,2026,133
BK.OXMT.,2026,134
BK.OXMT.,2026,135
BK.OXMT.,2026,136
BK.OXMT.,2026,141
BK.OXMT.,2026,142
BK.OXMT.,2026,143
BK.OXMT.,2026,144
BK.OXMT.,2026,145
BK.OXMT.,2026,146
BK.OXMT.,2026,147
BK.OXMT.,2026,148
BK.OXMT.,2026,149
BK.OXMT.,2026,150
BK.OXMT.,2026,151
BK.OXMT.,2026,152
BK.OXMT.,2026,153
BK.OXMT.,2026,154
BK.OXMT.,2026,155
BK.OXMT.,2026,156
BK.OXMT.,2026,157
BK.OXMT.,2026,158
BK.OXMT.00,2026,21
BK.OXMT.00,2026,22
BK.OXMT.00,2026,23
BK.OXMT.00,2026,24
BK.OXMT.00,2026,25
BK.OXMT.00,2026,26
BK.OXMT.00,2026,27
BK.OXMT.00,2026,28
BK.OXMT.00,2026,29
BK.OXMT.00,2026,121
BK.OXMT.00,2026,122
BK.OXMT.00,2026,123
BK.OXMT.00,2026,124
BK.OXMT.00,2026,125
BK.OXMT.00,2026,126
BK.OXMT.00,2026,127
BK.OXMT.00,2026,128
BK.OXMT.00,2026,129
BK.OXMT.00,2026,130
BK.OXMT.00,2026,131
BK.OXMT.00,2026,132
BK.OXMT.00,2026,133
BK.OXMT.00,2026,134
BK.OXMT.00,2026,135
BK.OXMT.00,2026,136
BK.OXMT.00,2026,141
BK.OXMT.00,2026,142
BK.OXMT.00,2026,143
BK.OXMT.00,2026,144
BK.OXMT.00,2026,145
BK.OXMT.00,2026,146
BK.OXMT.00,2026,147
BK.OXMT.00,2026,148
BK.OXMT.00,2026,149
BK.OXMT.00,2026,150
BK.OXMT.00,2026,151
BK.OXMT.00,2026,152
BK.OXMT.00,2026,153
BK.OXMT.00,2026,154
BK.OXMT.00,2026,155
BK.OXMT.00,2026,156
BK.OXMT.00,2026,157
BK.OXMT.00,2026,158
BK.OXMT.40,2026,21
BK.OXMT.40,2026,22
BK.OXMT.40,2026,23
BK.OXMT.40,2026,24
BK.OXMT.40,2026,25
BK.OXMT.40,2026,26
BK.OXMT.40,2026,27
BK.OXMT.40,2026,28
BK.OXMT.40,2026,29
BK.OXMT.40,2026,121
BK.OXMT.40,2026,122
BK.OXMT.40,2026,123
BK.OXMT.40,2026,124
BK.OXMT.40,2026,125
BK.OXMT.40,2026,126
BK.OXMT.40,2026,127
BK.OXMT.40,2026,128
BK.OXMT.40,2026,129
BK.OXMT.40,2026,130
BK.OXMT.40,2026,131
BK.OXMT.40,2026,132
BK.OXMT.40,2026,133
BK.OXMT.40,2026,134
BK.OXMT.40,2026,135
BK.OXMT.40,2026,136
BK.OXMT.40,2026,141
BK.OXMT.40,2026,142
BK.OXMT.40,2026,143
BK.OXMT.40,2026,144
BK.OXMT.40,2026,145
BK.OXMT.40,2026,146
BK.OXMT.40,2026,147
BK.OXMT.40,2026,148
BK.OXMT.40,2026,149
BK.OXMT.40,2026,150
BK.OXMT.40,2026,151
BK.OXMT.40,2026,152
BK.OXMT.40,2026,153
BK.OXMT.40,2026,154
BK.OXMT.40,2026,155
BK.OXMT.40,2026,156
BK.OXMT.40,2026,157
BK.OXMT.40,2026,158
BK.OXMT.50,2026,21
BK.OXMT.50,2026,22
BK.OXMT.50,2026,23
BK.OXMT.50,2026,24
BK.OXMT.50,2026,25
BK.OXMT.50,2026,26
BK.OXMT.50,2026,27
BK.OXMT.50,2026,28
BK.OXMT.50,2026,29
BK.OXMT.50,2026,121
BK.OXMT.50,2026,122
BK.OXMT.50,2026,123
BK.OXMT.50,2026,124
BK.OXMT.50,2026,125
BK.OXMT.50,2026,126
BK.OXMT.50,2026,127
BK.OXMT.50,2026,128
BK.OXMT.50,2026,129
BK.OXMT.50,2026,130
BK.OXMT.50,2026,131
BK.OXMT.50,2026,132
BK.OXMT.50,2026,133
BK.OXMT.50,2026,134
BK.OXMT.50,2026,135
BK.OXMT.50,2026,136
BK.OXMT.50,2026,141
BK.OXMT.50,2026,142
BK.OXMT.50,2026,143
BK.OXMT.50,2026,144
BK.OXMT.50,2026,145
BK.OXMT.50,2026,146
BK.OXMT.50,2026,147
BK.OXMT.50,2026,148
BK.OXMT.50,2026,149
BK.OXMT.50,2026,150
BK.OXMT.50,2026,151
BK.OXMT.50,2026,152
BK.OXMT.50,2026,153
BK.OXMT.50,2026,154
BK.OXMT.50,2026,155
BK.OXMT.50,2026,156
BK.OXMT.50,2026,157
BK.OXMT.50,2026,158
BK.PABC.00,2026,21
BK.PABC.00,2026,22
BK.PABC.00,2026,121
BK.PABC.00,2026,122
BK.PABC.00,2026,123
BK.PABC.00,2026,124
BK.PABC.00,2026,125
BK.PABC.S0,2026,21
BK.PABC.S0,2026,22
BK.PABC.S0,2026,23
BK.PABC.S0,2026,24
BK.PABC.S0,2026,25
BK.PABC.S0,2026,26
BK.PABC.S0,2026,27
BK.PABC.S0,2026,28
BK.PABC.S0,2026,29
BK.PABC.S0,2026,121
BK.PABC.S0,2026,122
BK.PABC.S0,2026,123
BK.PABC.S0,2026,124
BK.PABC.S0,2026,125
BK.PABC.S0,2026,126
BK.PABC.S0,2026,127
BK.PABC.S0,2026,128
BK.PABC.S0,2026,129
BK.PABC.S0,2026,130
BK.PABC.S0,2026,131
BK.PABC.S0,2026,132
BK.PABC.S0,2026,133
BK.PABC.S0,2026,134
BK.PABC.S0,2026,135
BK.PABC.S0,2026,136
BK.PABC.S0,2026,141
BK.PABC.S0,2026,142
BK.PABC.S0,2026,143
BK.PABC.S0,2026,144
BK.PABC.S0,2026,145
BK.PABC.S0,2026,146
BK.PABC.S0,2026,147
BK.PABC.S0,2026,148
BK.PABC.S0,2026,149
BK.PABC.S0,2026,150
BK.PABC.S0,2026,151
BK.PABC.S0,2026,152
BK.PABC.S0,2026,153
BK.PABC.S0,2026,154
BK.PABC.S0,2026,155
BK.PABC.S0,2026,156
BK.PABC.S0,2026,157
BK.PABC.S0,2026,158
BK.PACP.,2026,21
BK.PACP.,2026,22
BK.PACP.,2026,23
BK.PACP.,2026,24
BK.PACP.,2026,25
BK.PACP.,2026,26
BK.PACP.,2026,27
BK.PACP.,2026,28
BK.PACP.,2026,29
BK.PACP.,2026,121
BK.PACP.,2026,122
BK.PACP.,2026,123
BK.PACP.,2026,124
BK.PACP.,2026,125
BK.PACP.,2026,126
BK.PACP.,2026,127
BK.PACP.,2026,128
BK.PACP.,2026,129
BK.PACP.,2026,130
BK.PACP.,2026,131
BK.PACP.,2026,132
BK.PACP.,2026,133
BK.PACP.,2026,134
BK.PACP.,2026,135
BK.PACP.,2026,136
BK.PACP.,2026,141
BK.PACP.,2026,142
BK.PACP.,2026,143
BK.PACP.,2026,144
BK.PACP.,2026,145
BK.PACP.,2026,146
BK.PACP.,2026,147
BK.PACP.,2026,148
BK.PACP.,2026,149
BK.PACP.,2026,150
BK.PACP.,2026,151
BK.PACP.,2026,152
BK.PACP.,2026,153
BK.PACP.,2026,154
BK.PACP.,2026,155
BK.PACP.,2026,156
BK.PACP.,2026,157
BK.PACP.,2026,158
BK.PACP.00,2026,21
BK.PACP.00,2026,22
BK.PACP.00,2026,121
BK.PACP.00,2026,122
BK.PACP.00,2026,123
BK.PACP.00,2026,124
BK.PACP.00,2026,125
BK.PATT.00,2026,21
BK.PATT.00,2026,22
BK.PATT.00,2026,121
BK.PATT.00,2026,122
BK.PATT.00,2026,123
BK.PATT.00,2026,124
BK.PATT.00,2026,125
BK.PATT.S0,2026,21
BK.PATT.S0,2026,22
BK.PATT.S0,2026,23
BK.PATT.S0,2026,24
BK.PATT.S0,2026,25
BK.PATT.S0,2026,26
BK.PATT.S0,2026,27
BK.PATT.S0,2026,28
BK.PATT.S0,2026,29
BK.PATT.S0,2026,121
BK.PATT.S0,2026,122
BK.PATT.S0,2026,123
BK.PATT.S0,2026,124
BK.PATT.S0,2026,125
BK.PATT.S0,2026,126
BK.PATT.S0,2026,127
BK.PATT.S0,2026,128
BK.PATT.S0,2026,129
BK.PATT.S0,2026,130
BK.PATT.S0,2026,131
BK.PATT.S0,2026,132
BK.PATT.S0,2026,133
BK.PATT.S0,2026,134
BK.PATT.S0,2026,135
BK.PATT.S0,2026,136
BK.PATT.S0,2026,141
BK.PATT.S0,2026,142
BK.PATT.S0,2026,143
BK.PATT.S0,2026,144
BK.PATT.S0,2026,145
BK.PATT.S0,2026,146
BK.PATT.S0,2026,147
BK.PATT.S0,2026,148
BK.PATT.S0,2026,149
BK.PATT.S0,2026,150
BK.PATT.S0,2026,151
BK.PATT.S0,2026,152
BK.PATT.S0,2026,153
BK.PATT.S0,2026,154
BK.PATT.S0,2026,155
BK.PATT.S0,2026,156
BK.PATT.S0,2026,157
BK.PATT.S0,2026,158
BK.PBDB.00,2026,21
BK.PBDB.00,2026,22
BK.PBDB.00,2026,121
BK.PBDB.00,2026,122
BK.PBDB.00,2026,123
BK.PBDB.00,2026,124
BK.PBDB.00,2026,125
BK.PBDB.S0,2026,21
BK.PBDB.S0,2026,22
BK.PBDB.S0,2026,23
BK.PBDB.S0,2026,24
BK.PBDB.S0,2026,25
BK.PBDB.S0,2026,26
BK.PBDB.S0,2026,27
BK.PBDB.S0,2026,28
BK.PBDB.S0,2026,29
BK.PBDB.S0,2026,121
BK.PBDB.S0,2026,122
BK.PBDB.S0,2026,123
BK.PBDB.S0,2026,124
BK.PBDB.S0,2026,125
BK.PBDB.S0,2026,126
BK.PBDB.S0,2026,127
BK.PBDB.S0,2026,128
BK.PBDB.S0,2026,129
BK.PBDB.S0,2026,130
BK.PBDB.S0,2026,131
BK.PBDB.S0,2026,132
BK.PBDB.S0,2026,133
BK.PBDB.S0,2026,134
BK.PBDB.S0,2026,135
BK.PBDB.S0,2026,136
BK.PBDB.S0,2026,141
BK.PBDB.S0,2026,142
BK.PBDB.S0,2026,143
BK.PBDB.S0,2026,144
BK.PBDB.S0,2026,145
BK.PBDB.S0,2026,146
BK.PBDB.S0,2026,147
BK.PBDB.S0,2026,148
BK.PBDB.S0,2026,149
BK.PBDB.S0,2026,150
BK.PBDB.S0,2026,151
BK.PBDB.S0,2026,152
BK.PBDB.S0,2026,153
BK.PBDB.S0,2026,154
BK.PBDB.S0,2026,155
BK.PBDB.S0,2026,156
BK.PBDB.S0,2026,157
BK.PBDB.S0,2026,158
BK.PESC.00,2026,21
BK.PESC.00,2026,22
BK.PESC.00,2026,121
BK.PESC.00,2026,122
BK.PESC.00,2026,123
BK.PESC.00,2026,124
BK.PESC.00,2026,125
BK.PESC.S0,2026,21
BK.PESC.S0,2026,22
BK.PESC.S0,2026,23
BK.PESC.S0,2026,24
BK.PESC.S0,2026,25
BK.PESC.S0,2026,26
BK.PESC.S0,2026,27
BK.PESC.S0,2026,28
BK.PESC.S0,2026,29
BK.PESC.S0,2026,121
BK.PESC.S0,2026,122
BK.PESC.S0,2026,123
BK.PESC.S0,2026,124
BK.PESC.S0,2026,125
BK.PESC.S0,2026,126
BK.PESC.S0,2026,127
BK.PESC.S0,2026,128
BK.PESC.S0,2026,129
BK.PESC.S0,2026,130
BK.PESC.S0,2026,131
BK.PESC.S0,2026,132
BK.PESC.S0,2026,133
BK.PESC.S0,2026,134
BK.PESC.S0,2026,135
BK.PESC.S0,2026,136
BK.PESC.S0,2026,141
BK.PESC.S0,2026,142
BK.PESC.S0,2026,143
BK.PESC.S0,2026,144
BK.PESC.S0,2026,145
BK.PESC.S0,2026,146
BK.PESC.S0,2026,147
BK.PESC.S0,2026,148
BK.PESC.S0,2026,149
BK.PESC.S0,2026,150
BK.PESC.S0,2026,151
BK.PESC.S0,2026,152
BK.PESC.S0,2026,153
BK.PESC.S0,2026,154
BK.PESC.S0,2026,155
BK.PESC.S0,2026,156
BK.PESC.S0,2026,157
BK.PESC.S0,2026,158
BK.PETB.40,2026,21
BK.PETB.40,2026,22
BK.PETB.40,2026,121
BK.PETB.40,2026,122
BK.PETB.40,2026,123
BK.PETB.40,2026,124
BK.PETL.00,2026,21
BK.PETL.00,2026,22
BK.PETL.00,2026,121
BK.PETL.00,2026,122
BK.PETL.00,2026,123
BK.PETL.00,2026,124
BK.PETL.S0,2026,21
BK.PETL.S0,2026,22
BK.PETL.S0,2026,23
BK.PETL.S0,2026,24
BK.PETL.S0,2026,25
BK.PETL.S0,2026,26
BK.PETL.S0,2026,27
BK.PETL.S0,2026,28
BK.PETL.S0,2026,29
BK.PETL.S0,2026,121
BK.PETL.S0,2026,122
BK.PETL.S0,2026,123
BK.PETL.S0,2026,124
BK.PETL.S0,2026,125
BK.PETL.S0,2026,126
BK.PETL.S0,2026,127
BK.PETL.S0,2026,128
BK.PETL.S0,2026,129
BK.PETL.S0,2026,130
BK.PETL.S0,2026,131
BK.PETL.S0,2026,132
BK.PETL.S0,2026,133
BK.PETL.S0,2026,134
BK.PETL.S0,2026,135
BK.PETL.S0,2026,136
BK.PETL.S0,2026,141
BK.PETL.S0,2026,142
BK.PETL.S0,2026,143
BK.PETL.S0,2026,144
BK.PETL.S0,2026,145
BK.PETL.S0,2026,146
BK.PETL.S0,2026,147
BK.PETL.S0,2026,148
BK.PETL.S0,2026,149
BK.PETL.S0,2026,150
BK.PETL.S0,2026,151
BK.PETL.S0,2026,152
BK.PETL.S0,2026,153
BK.PETL.S0,2026,154
BK.PETL.S0,2026,155
BK.PETL.S0,2026,156
BK.PETL.S0,2026,157
BK.PETL.S0,2026,158
BK.PETY.00,2026,21
BK.PETY.00,2026,22
BK.PETY.00,2026,121
BK.PETY.00,2026,122
BK.PETY.00,2026,123
BK.PETY.00,2026,124
BK.PINL.00,2026,21
BK.PINL.00,2026,22
BK.PINL.00,2026,121
BK.PINL.00,2026,122
BK.PINL.00,2026,123
BK.PINL.00,2026,124
BK.PKD.,2026,21
BK.PKD.,2026,22
BK.PKD.,2026,23
BK.PKD.,2026,24
BK.PKD.,2026,25
BK.PKD.,2026,26
BK.PKD.,2026,27
BK.PKD.,2026,28
BK.PKD.,2026,29
BK.PKD.,2026,121
BK.PKD.,2026,122
BK.PKD.,2026,123
BK.PKD.,2026,124
BK.PKD.,2026,125
BK.PKD.,2026,126
BK.PKD.,2026,127
BK.PKD.,2026,128
BK.PKD.,2026,129
BK.PKD.,2026,130
BK.PKD.,2026,131
BK.PKD.,2026,132
BK.PKD.,2026,133
BK.PKD.,2026,134
BK.PKD.,2026,135
BK.PKD.,2026,136
BK.PKD.,2026,141
BK.PKD.,2026,142
BK.PKD.,2026,143
BK.PKD.,2026,144
BK.PKD.,2026,145
BK.PKD.,2026,146
BK.PKD.,2026,147
BK.PKD.,2026,148
BK.PKD.,2026,149
BK.PKD.,2026,150
BK.PKD.,2026,151
BK.PKD.,2026,152
BK.PKD.,2026,153
BK.PKD.,2026,154
BK.PKD.,2026,155
BK.PKD.,2026,156
BK.PKD.,2026,157
BK.PKD.,2026,158
BK.PKD.00,2026,21
BK.PKD.00,2026,22
BK.PKD.00,2026,121
BK.PKD.00,2026,122
BK.PKD.00,2026,123
BK.PKD.00,2026,124
BK.PORC.00,2026,21
BK.PORC.00,2026,22
BK.PORC.00,2026,23
BK.PORC.00,2026,24
BK.PORC.00,2026,25
BK.PORC.00,2026,26
BK.PORC.00,2026,27
BK.PORC.00,2026,28
BK.PORC.00,2026,29
BK.PORC.S0,2026,21
BK.PORC.S0,2026,22
BK.PORC.S0,2026,23
BK.PORC.S0,2026,24
BK.PORC.S0,2026,25
BK.PORC.S0,2026,26
BK.PORC.S0,2026,27
BK.PORC.S0,2026,28
BK.PORC.S0,2026,29
BK.PRDS.00,2026,21
BK.PRDS.00,2026,22
BK.PRDS.00,2026,23
BK.PRDS.S0,2026,21
BK.PRDS.S0,2026,22
BK.PRDS.S0,2026,23
BK.PRDS.S0,2026,24
BK.PRDS.S0,2026,25
BK.PRDS.S0,2026,26
BK.PRDS.S0,2026,27
BK.PRDS.S0,2026,28
BK.PRDS.S0,2026,29
BK.PVSP.00,2026,21
BK.PVSP.00,2026,22
BK.PVSP.00,2026,23
BK.PVSP.S0,2026,21
BK.PVSP.S0,2026,22
BK.PVSP.S0,2026,23
BK.PVSP.S0,2026,24
BK.PVSP.S0,2026,25
BK.PVSP.S0,2026,26
BK.PVSP.S0,2026,27
BK.PVSP.S0,2026,28
BK.PVSP.S0,2026,29
BK.PWAY.00,2026,21
BK.PWAY.00,2026,22
BK.PWAY.00,2026,23
BK.PWAY.S0,2026,21
BK.PWAY.S0,2026,22
BK.PWAY.S0,2026,23
BK.PWAY.S0,2026,24
BK.PWAY.S0,2026,25
BK.PWAY.S0,2026,26
BK.PWAY.S0,2026,27
BK.PWAY.S0,2026,28
BK.PWAY.S0,2026,29
BK.PWOD.00,2026,21
BK.PWOD.00,2026,22
BK.PWOD.00,2026,23
BK.PWOD.S0,2026,21
BK.PWOD.S0,2026,22
BK.PWOD.S0,2026,23
BK.PWOD.S0,2026,24
BK.PWOD.S0,2026,25
BK.PWOD.S0,2026,26
BK.PWOD.S0,2026,27
BK.PWOD.S0,2026,28
BK.PWOD.S0,2026,29
BK.QRDG.00,2026,21
BK.QRDG.00,2026,22
BK.RAMR.,2026,21
BK.RAMR.,2026,22
BK.RAMR.,2026,23
BK.RAMR.,2026,24
BK.RAMR.,2026,25
BK.RAMR.,2026,26
BK.RAMR.,2026,27
BK.RAMR.,2026,28
BK.RAMR.,2026,29
BK.RAMR.00,2026,21
BK.RAMR.00,2026,22
BK.RAMR.00,2026,23
BK.RAMR.00,2026,24
BK.RAMR.00,2026,25
BK.RAMR.00,2026,26
BK.RAMR.00,2026,27
BK.RAMR.00,2026,28
BK.RAMR.00,2026,29
BK.RAVE.00,2026,21
BK.RAVE.00,2026,22
BK.RAVE.S0,2026,21
BK.RAVE.S0,2026,22
BK.RAVE.S0,2026,23
BK.RAVE.S0,2026,24
BK.RAVE.S0,2026,25
BK.RAVE.S0,2026,26
BK.RAVE.S0,2026,27
BK.RAVE.S0,2026,28
BK.RAVE.S0,2026,29
BK.RB2B.,2026,21
BK.RB2B.,2026,22
BK.RB2B.,2026,23
BK.RB2B.,2026,24
BK.RB2B.,2026,25
BK.RB2B.,2026,26
BK.RB2B.,2026,27
BK.RB2B.,2026,28
BK.RB2B.,2026,29
BK.RB2B.40,2026,21
BK.RB2B.40,2026,22
BK.RBOW.00,2026,21
BK.RBOW.00,2026,22
BK.RFSB.,2026,21
BK.RFSB.,2026,22
BK.RFSB.,2026,23
BK.RFSB.,2026,24
BK.RFSB.,2026,25
BK.RFSB.,2026,26
BK.RFSB.,2026,27
BK.RFSB.,2026,28
BK.RFSB.,2026,29
BK.RFSB.00,2026,21
BK.RFSB.00,2026,22
BK.RFSB.40,2026,21
BK.RFSB.40,2026,22
BK.RFSB.40,2026,23
BK.RFSB.40,2026,24
BK.RFSB.40,2026,25
BK.RFSB.40,2026,26
BK.RFSB.40,2026,27
BK.RFSB.40,2026,28
BK.RFSB.40,2026,29
BK.RIMR.00,2026,21
BK.RIMR.00,2026,22
BK.RIMR.S0,2026,21
BK.RIMR.S0,2026,22
BK.RIMR.S0,2026,23
BK.RIMR.S0,2026,24
BK.RIMR.S0,2026,25
BK.RIMR.S0,2026,26
BK.RIMR.S0,2026,27
BK.RIMR.S0,2026,28
BK.RIMR.S0,2026,29
BK.ROMB.00,2026,21
BK.ROMB.00,2026,22
BK.ROMB.S0,2026,21
BK.ROMB.S0,2026,22
BK.ROMB.S0,2026,23
BK.ROMB.S0,2026,24
BK.ROMB.S0,2026,25
BK.ROMB.S0,2026,26
BK.ROMB.S0,2026,27
BK.ROMB.S0,2026,28
BK.ROMB.S0,2026,29
BK.RUSS.00,2026,21
BK.RUSS.00,2026,22
BK.RVIT.00,2026,21
BK.RVIT.00,2026,22
BK.RVRP.00,2026,21
BK.RVRP.00,2026,22
BK.RVRP.S0,2026,21
BK.RVRP.S0,2026,22
BK.RVRP.S0,2026,23
BK.RVRP.S0,2026,24
BK.RVRP.S0,2026,25
BK.RVRP.S0,2026,26
BK.RVRP.S0,2026,27
BK.RVRP.S0,2026,28
BK.RVRP.S0,2026,29
BK.SAGE.00,2026,21
BK.SAGE.00,2026,22
BK.SAGE.S0,2026,21
BK.SAGE.S0,2026,22
BK.SAGE.S0,2026,23
BK.SAGE.S0,2026,24
BK.SAGE.S0,2026,25
BK.SAGE.S0,2026,26
BK.SAGE.S0,2026,27
BK.SAGE.S0,2026,28
BK.SAGE.S0,2026,29
BK.SANG.00,2026,21
BK.SANG.00,2026,22
BK.SANG.S0,2026,21
BK.SANG.S0,2026,22
BK.SANG.S0,2026,23
BK.SANG.S0,2026,24
BK.SANG.S0,2026,25
BK.SANG.S0,2026,26
BK.SANG.S0,2026,27
BK.SANG.S0,2026,28
BK.SANG.S0,2026,29
BK.SAO.,2026,21
BK.SAO.,2026,22
BK.SAO.,2026,23
BK.SAO.,2026,24
BK.SAO.,2026,25
BK.SAO.,2026,26
BK.SAO.,2026,27
BK.SAO.,2026,28
BK.SAO.,2026,29
BK.SAO.00,2026,21
BK.SAO.00,2026,22
BK.SBAR.00,2026,21
BK.SBAR.00,2026,22
BK.SBAR.S0,2026,21
BK.SBAR.S0,2026,22
BK.SBAR.S0,2026,23
BK.SBAR.S0,2026,24
BK.SBAR.S0,2026,25
BK.SBAR.S0,2026,26
BK.SBAR.S0,2026,27
BK.SBAR.S0,2026,28
BK.SBAR.S0,2026,29
BK.SBRN.,2026,21
BK.SBRN.,2026,22
BK.SBRN.,2026,23
BK.SBRN.,2026,24
BK.SBRN.,2026,25
BK.SBRN.,2026,26
BK.SBRN.,2026,27
BK.SBRN.,2026,28
BK.SBRN.,2026,29
BK.SBRN.40,2026,21
BK.SBRN.40,2026,22
BK.SBRN.40,2026,23
BK.SBRN.40,2026,24
BK.SBRN.40,2026,25
BK.SBRN.40,2026,26
BK.SBRN.40,2026,27
BK.SBRN.40,2026,28
BK.SBRN.40,2026,29
BK.SCCB.00,2026,182
BK.SCCB.00,2026,183
BK.SCCB.00,2026,184
BK.SCCB.00,2026,185
BK.SCCB.00,2026,186
BK.SCCB.00,2026,187
BK.SCCB.00,2026,188
BK.SCCB.00,2026,189
BK.SCOT.00,2026,181
BK.SCOT.00,2026,182
BK.SCOT.00,2026,183
BK.SCOT.00,2026,184
BK.SCOT.00,2026,185
BK.SCOT.00,2026,186
BK.SCOT.00,2026,187
BK.SCOT.00,2026,188
BK.SCOT.00,2026,189
BK.SCOT.01,2026,182
BK.SCOT.01,2026,183
BK.SCOT.01,2026,184
BK.SCOT.01,2026,185
BK.SCOT.01,2026,186
BK.SCOT.01,2026,187
BK.SCOT.01,2026,188
BK.SCOT.01,2026,189
BK.SCZ.00,2026,182
BK.SCZ.00,2026,183
BK.SCZ.00,2026,184
BK.SCZ.00,2026,185
BK.SCZ.00,2026,186
BK.SCZ.00,2026,187
BK.SCZ.00,2026,188
BK.SCZ.00,2026,189
BK.SCZ.50,2026,181
BK.SCZ.50,2026,182
BK.SCZ.50,2026,183
BK.SCZ.50,2026,184
BK.SCZ.50,2026,185
BK.SCZ.50,2026,186
BK.SCZ.50,2026,187
BK.SCZ.50,2026,188
BK.SCZ.50,2026,189
BK.SEIA.00,2026,182
BK.SEIA.00,2026,183
BK.SEIA.00,2026,184
BK.SEIA.00,2026,185
BK.SEIA.00,2026,186
BK.SEIA.00,2026,187
BK.SEIA.00,2026,188
BK.SEIA.00,2026,189
BK.SEIA.S0,2026,181
BK.SEIA.S0,2026,182
BK.SEIA.S0,2026,183
BK.SEIA.S0,2026,184
BK.SEIA.S0,2026,185
BK.SEIA.S0,2026,186
BK.SEIA.S0,2026,187
BK.SEIA.S0,2026,188
BK.SEIA.S0,2026,189
BK.SFRE.00,2026,182
BK.SFRE.00,2026,183
BK.SFRE.00,2026,184
BK.SFRE.00,2026,185
BK.SFRE.00,2026,186
BK.SFRE.00,2026,187
BK.SFRE.00,2026,188
BK.SFRE.00,2026,189
BK.SHEP.00,2026,181
BK.SHEP.00,2026,182
BK.SHEP.00,2026,183
BK.SHEP.00,2026,184
BK.SHEP.00,2026,185
BK.SHEP.00,2026,186
BK.SHEP.00,2026,187
BK.SHEP.00,2026,188
BK.SHEP.00,2026,189
BK.SHEP.01,2026,182
BK.SHEP.01,2026,183
BK.SHEP.01,2026,184
BK.SHEP.01,2026,185
BK.SHEP.01,2026,186
BK.SHEP.01,2026,187
BK.SHEP.01,2026,188
BK.SHEP.01,2026,189
BK.SHEP.S1,2026,181
BK.SHEP.S1,2026,182
BK.SHEP.S1,2026,183
BK.SHEP.S1,2026,184
BK.SHEP.S1,2026,185
BK.SHEP.S1,2026,186
BK.SHEP.S1,2026,187
BK.SHEP.S1,2026,188
BK.SHEP.S1,2026,189
BK.SHWD.00,2026,182
BK.SHWD.00,2026,183
BK.SHWD.00,2026,184
BK.SHWD.00,2026,185
BK.SHWD.00,2026,186
BK.SHWD.00,2026,187
BK.SHWD.00,2026,188
BK.SHWD.00,2026,189
BK.SHWD.S0,2026,181
BK.SHWD.S0,2026,182
BK.SHWD.S0,2026,183
BK.SHWD.S0,2026,184
BK.SHWD.S0,2026,185
BK.SHWD.S0,2026,186
BK.SHWD.S0,2026,187
BK.SHWD.S0,2026,188
BK.SHWD.S0,2026,189
BK.SIGP.00,2026,182
BK.SIGP.00,2026,183
BK.SIGP.00,2026,184
BK.SIGP.00,2026,185
BK.SIGP.00,2026,186
BK.SIGP.00,2026,187
BK.SIGP.00,2026,188
BK.SIGP.00,2026,189
BK.SKGS.00,2026,181
BK.SKGS.00,2026,182
BK.SKGS.00,2026,183
BK.SKGS.00,2026,184
BK.SKGS.00,2026,185
BK.SKGS.00,2026,186
BK.SKGS.00,2026,187
BK.SKGS.00,2026,188
BK.SKGS.00,2026,189
BK.SKGS.S0,2026,181
BK.SKGS.S0,2026,182
BK.SKGS.S0,2026,183
BK.SKGS.S0,2026,184
BK.SKGS.S0,2026,185
BK.SKGS.S0,2026,186
BK.SKGS.S0,2026,187
BK.SKGS.S0,2026,188
BK.SKGS.S0,2026,189
BK.SM2B.,2026,181
BK.SM2B.,2026,182
BK.SM2B.,2026,183
BK.SM2B.,2026,184
BK.SM2B.,2026,185
BK.SM2B.,2026,186
BK.SM2B.,2026,187
BK.SM2B.,2026,188
BK.SM2B.,2026,189
BK.SM2B.40,2026,182
BK.SM2B.40,2026,183
BK.SM2B.40,2026,184
BK.SM2B.40,2026,185
BK.SM2B.40,2026,186
BK.SM2B.40,2026,187
BK.SM2B.40,2026,188
BK.SM2B.40,2026,189
BK.SNCR.00,2026,182
BK.SNCR.00,2026,183
BK.SNCR.00,2026,184
BK.SNCR.00,2026,185
BK.SNCR.00,2026,186
BK.SNCR.00,2026,187
BK.SNCR.00,2026,188
BK.SNCR.00,2026,189
BK.SNCR.S0,2026,181
BK.SNCR.S0,2026,182
BK.SNCR.S0,2026,183
BK.SNCR.S0,2026,184
BK.SNCR.S0,2026,185
BK.SNCR.S0,2026,186
BK.SNCR.S0,2026,187
BK.SNCR.S0,2026,188
BK.SNCR.S0,2026,189
BK.SPAN.00,2026,182
BK.SPAN.00,2026,183
BK.SPAN.00,2026,184
BK.SPAN.00,2026,185
BK.SPAN.00,2026,186
BK.SPAN.00,2026,187
BK.SPAN.00,2026,188
BK.SPAN.00,2026,189
BK.SPAN.S0,2026,181
BK.SPAN.S0,2026,182
BK.SPAN.S0,2026,183
BK.SPAN.S0,2026,184
BK.SPAN.S0,2026,185
BK.SPAN.S0,2026,186
BK.SPAN.S0,2026,187
BK.SPAN.S0,2026,188
BK.SPAN.S0,2026,189
BK.SPRL.00,2026,182
BK.SPRL.00,2026,183
BK.SPRL.00,2026,184
BK.SPRL.00,2026,185
BK.SPRL.00,2026,186
BK.SPRL.00,2026,187
BK.SPRL.00,2026,188
BK.SPRL.00,2026,189
BK.SPRL.S0,2026,181
BK.SPRL.S0,2026,182
BK.SPRL.S0,2026,183
BK.SPRL.S0,2026,184
BK.SPRL.S0,2026,185
BK.SPRL.S0,2026,186
BK.SPRL.S0,2026,187
BK.SPRL.S0,2026,188
BK.SPRL.S0,2026,189
BK.SUGR.00,2026,182
BK.SUGR.00,2026,183
BK.SUGR.00,2026,184
BK.SUGR.00,2026,185
BK.SUGR.00,2026,186
BK.SUGR.00,2026,187
BK.SUGR.00,2026,188
BK.SUGR.00,2026,189
BK.SUGR.S0,2026,181
BK.SUGR.S0,2026,182
BK.SUGR.S0,2026,183
BK.SUGR.S0,2026,184
BK.SUGR.S0,2026,185
BK.SUGR.S0,2026,186
BK.SUGR.S0,2026,187
BK.SUGR.S0,2026,188
BK.SUGR.S0,2026,189
BK.SUTB.,2026,181
BK.SUTB.,2026,182
BK.SUTB.,2026,183
BK.SUTB.,2026,184
BK.SUTB.,2026,185
BK.SUTB.,2026,186
BK.SUTB.,2026,187
BK.SUTB.,2026,188
BK.SUTB.,2026,189
BK.SUTB.00,2026,181
BK.SUTB.00,2026,182
BK.SUTB.00,2026,183
BK.SUTB.00,2026,184
BK.SUTB.00,2026,185
BK.SUTB.00,2026,186
BK.SUTB.00,2026,187
BK.SUTB.00,2026,188
BK.SUTB.00,2026,189
BK.SUTB.01,2026,182
BK.SUTB.01,2026,183
BK.SUTB.01,2026,184
BK.SUTB.01,2026,185
BK.SUTB.01,2026,186
BK.SUTB.01,2026,187
BK.SUTB.01,2026,188
BK.SUTB.01,2026,189
BK.SVIN.,2026,181
BK.SVIN.,2026,182
BK.SVIN.,2026,183
BK.SVIN.,2026,184
BK.SVIN.,2026,185
BK.SVIN.,2026,186
BK.SVIN.,2026,187
BK.SVIN.,2026,188
BK.SVIN.,2026,189
BK.SVIN.40,2026,181
BK.SVIN.40,2026,182
BK.SVIN.40,2026,183
BK.SVIN.40,2026,184
BK.SVIN.40,2026,185
BK.SVIN.40,2026,186
BK.SVIN.40,2026,187
BK.SVIN.40,2026,188
BK.SVIN.40,2026,189
BK.SWNM.00,2026,182
BK.SWNM.00,2026,183
BK.SWNM.00,2026,184
BK.SWNM.00,2026,185
BK.SWNM.00,2026,186
BK.SWNM.00,2026,187
BK.SWNM.00,2026,188
BK.SWNM.00,2026,189
BK.SWNM.S0,2026,181
BK.SWNM.S0,2026,182
BK.SWNM.S0,2026,183
BK.SWNM.S0,2026,184
BK.SWNM.S0,2026,185
BK.SWNM.S0,2026,186
BK.SWNM.S0,2026,187
BK.SWNM.S0,2026,188
BK.SWNM.S0,2026,189
BK.TCAS.00,2026,182
BK.TCAS.00,2026,183
BK.TCAS.00,2026,184
BK.TCAS.00,2026,185
BK.TCAS.00,2026,186
BK.TCAS.00,2026,187
BK.TCAS.00,2026,188
BK.TCAS.40,2026,181
BK.TCAS.40,2026,182
BK.TCAS.40,2026,183
BK.TCAS.40,2026,184
BK.TCAS.40,2026,185
BK.TCAS.40,2026,186
BK.TCAS.40,2026,187
BK.TCAS.40,2026,188
BK.TCAS.40,2026,189
BK.TCHL.00,2026,182
BK.TCHL.00,2026,183
BK.TCHL.00,2026,184
BK.TCHL.00,2026,185
BK.TCHL.00,2026,186
BK.TCHL.00,2026,187
BK.TCHL.00,2026,188
BK.TESL.00,2026,182
BK.TESL.00,2026,183
BK.TESL.00,2026,184
BK.TESL.00,2026,185
BK.TESL.00,2026,186
BK.TESL.00,2026,187
BK.TESL.00,2026,188
BK.TESL.S0,2026,181
BK.TESL.S0,2026,182
BK.TESL.S0,2026,183
BK.TESL.S0,2026,184
BK.TESL.S0,2026,185
BK.TESL.S0,2026,186
BK.TESL.S0,2026,187
BK.TESL.S0,2026,188
BK.TESL.S0,2026,189
BK.THIS.00,2026,161
BK.THIS.00,2026,162
BK.THIS.00,2026,163
BK.THIS.00,2026,164
BK.THIS.00,2026,165
BK.THIS.00,2026,166
BK.THIS.00,2026,167
BK.THIS.00,2026,213
BK.THIS.00,2026,214
BK.THIS.00,2026,215
BK.THOM.00,2026,161
BK.THOM.00,2026,162
BK.THOM.00,2026,163
BK.THOM.00,2026,164
BK.THOM.00,2026,165
BK.THOM.00,2026,166
BK.THOM.00,2026,167
BK.THOM.00,2026,213
BK.THOM.00,2026,214
BK.THOM.00,2026,215
BK.THOM.S0,2026,161
BK.THOM.S0,2026,162
BK.THOM.S0,2026,163
BK.THOM.S0,2026,164
BK.THOM.S0,2026,165
BK.THOM.S0,2026,166
BK.THOM.S0,2026,167
BK.THOM.S0,2026,168
BK.THOM.S0,2026,169
BK.THOM.S0,2026,170
BK.THOM.S0,2026,171
BK.THOM.S0,2026,172
BK.THOM.S0,2026,173
BK.THOM.S0,2026,174
BK.THOM.S0,2026,175
BK.THOM.S0,2026,201
BK.THOM.S0,2026,202
BK.THOM.S0,2026,203
BK.THOM.S0,2026,204
BK.THOM.S0,2026,205
BK.THOM.S0,2026,206
BK.THOM.S0,2026,207
BK.THOM.S0,2026,208
BK.THOM.S0,2026,209
BK.THOM.S0,2026,210
BK.THOM.S0,2026,211
BK.THOM.S0,2026,212
BK.THOM.S0,2026,213
BK.THOM.S0,2026,214
BK.THOM.S0,2026,215
BK.TOLH.00,2026,161
BK.TOLH.00,2026,162
BK.TOLH.00,2026,163
BK.TOLH.00,2026,164
BK.TOLH.00,2026,165
BK.TOLH.00,2026,166
BK.TOLH.00,2026,167
BK.TOLH.00,2026,213
BK.TOLH.00,2026,214
BK.TOLH.00,2026,215
BK.TOLH.S0,2026,161
BK.TOLH.S0,2026,162
BK.TOLH.S0,2026,163
BK.TOLH.S0,2026,164
BK.TOLH.S0,2026,165
BK.TOLH.S0,2026,166
BK.TOLH.S0,2026,167
BK.TOLH.S0,2026,168
BK.TOLH.S0,2026,169
BK.TOLH.S0,2026,170
BK.TOLH.S0,2026,171
BK.TOLH.S0,2026,172
BK.TOLH.S0,2026,173
BK.TOLH.S0,2026,174
BK.TOLH.S0,2026,175
BK.TOLH.S0,2026,201
BK.TOLH.S0,2026,202
BK.TOLH.S0,2026,203
BK.TOLH.S0,2026,204
BK.TOLH.S0,2026,205
BK.TOLH.S0,2026,206
BK.TOLH.S0,2026,207
BK.TOLH.S0,2026,208
BK.TOLH.S0,2026,209
BK.TOLH.S0,2026,210
BK.TOLH.S0,2026,211
BK.TOLH.S0,2026,212
BK.TOLH.S0,2026,213
BK.TOLH.S0,2026,214
BK.TOLH.S0,2026,215
BK.TRAM.00,2026,161
BK.TRAM.00,2026,162
BK.TRAM.00,2026,163
BK.TRAM.00,2026,164
BK.TRAM.00,2026,165
BK.TRAM.00,2026,166
BK.TRAM.00,2026,167
BK.TRAM.00,2026,168
BK.TRAM.00,2026,169
BK.TRAM.00,2026,170
BK.TRAM.00,2026,171
BK.TRAM.00,2026,172
BK.TRAM.00,2026,173
BK.TRAM.00,2026,174
BK.TRAM.00,2026,175
BK.TRAM.00,2026,201
BK.TRAM.00,2026,202
BK.TRAM.00,2026,203
BK.TRAM.00,2026,204
BK.TRAM.00,2026,205
BK.TRAM.00,2026,206
BK.TRAM.00,2026,207
BK.TRAM.00,2026,208
BK.TRAM.00,2026,209
BK.TRAM.00,2026,210
BK.TRAM.00,2026,211
BK.TRAM.00,2026,212
BK.TRAM.00,2026,213
BK.TRAM.00,2026,214
BK.TRAM.00,2026,215
BK.TRIN.00,2026,161
BK.TRIN.00,2026,162
BK.TRIN.00,2026,163
BK.TRIN.00,2026,164
BK.TRIN.00,2026,165
BK.TRIN.00,2026,166
BK.TRIN.00,2026,167
BK.TRIN.00,2026,168
BK.TRIN.00,2026,169
BK.TRIN.00,2026,170
BK.TRIN.00,2026,171
BK.TRIN.00,2026,172
BK.TRIN.00,2026,173
BK.TRIN.00,2026,174
BK.TRIN.00,2026,175
BK.TRIN.00,2026,201
BK.TRIN.00,2026,202
BK.TRIN.00,2026,203
BK.TRIN.00,2026,204
BK.TRIN.00,2026,205
BK.TRIN.00,2026,206
BK.TRIN.00,2026,207
BK.TRIN.00,2026,208
BK.TRIN.00,2026,209
BK.TRIN.00,2026,210
BK.TRIN.00,2026,211
BK.TRIN.00,2026,212
BK.TRIN.00,2026,213
BK.TRIN.00,2026,214
BK.TRIN.00,2026,215
BK.TRIN.01,2026,161
BK.TRIN.01,2026,162
BK.TRIN.01,2026,163
BK.TRIN.01,2026,164
BK.TRIN.01,2026,165
BK.TRIN.01,2026,166
BK.TRIN.01,2026,167
BK.TRIN.01,2026,213
BK.TRIN.01,2026,214
BK.TRIN.01,2026,215
BK.TRIN.S1,2026,161
BK.TRIN.S1,2026,162
BK.TRIN.S1,2026,163
BK.TRIN.S1,2026,164
BK.TRIN.S1,2026,165
BK.TRIN.S1,2026,166
BK.TRIN.S1,2026,167
BK.TRIN.S1,2026,168
BK.TRIN.S1,2026,169
BK.TRIN.S1,2026,170
BK.TRIN.S1,2026,171
BK.TRIN.S1,2026,172
BK.TRIN.S1,2026,173
BK.TRIN.S1,2026,174
BK.TRIN.S1,2026,175
BK.TRIN.S1,2026,201
BK.TRIN.S1,2026,202
BK.TRIN.S1,2026,203
BK.TRIN.S1,2026,204
BK.TRIN.S1,2026,205
BK.TRIN.S1,2026,206
BK.TRIN.S1,2026,207
BK.TRIN.S1,2026,208
BK.TRIN.S1,2026,209
BK.TRIN.S1,2026,210
BK.TRIN.S1,2026,211
BK.TRIN.S1,2026,212
BK.TRIN.S1,2026,213
BK.TRIN.S1,2026,214
BK.TRIN.S1,2026,215
BK.TSCN.00,2026,161
BK.TSCN.00,2026,162
BK.TSCN.00,2026,163
BK.TSCN.00,2026,164
BK.TSCN.00,2026,165
BK.TSCN.00,2026,166
BK.TSCN.00,2026,167
BK.TSCN.00,2026,213
BK.TSCN.00,2026,214
BK.TSCN.00,2026,215
BK.TSCS.00,2026,161
BK.TSCS.00,2026,162
BK.TSCS.00,2026,163
BK.TSCS.00,2026,164
BK.TSCS.00,2026,165
BK.TSCS.00,2026,166
BK.TSCS.00,2026,167
BK.TSCS.00,2026,213
BK.TSCS.00,2026,214
BK.TSCS.00,2026,215
BK.TSCS.40,2026,161
BK.TSCS.40,2026,162
BK.TSCS.40,2026,163
BK.TSCS.40,2026,164
BK.TSCS.40,2026,165
BK.TSCS.40,2026,166
BK.TSCS.40,2026,167
BK.TSCS.40,2026,168
BK.TSCS.40,2026,169
BK.TSCS.40,2026,170
BK.TSCS.40,2026,171
BK.TSCS.40,2026,172
BK.TSCS.40,2026,173
BK.TSCS.40,2026,174
BK.TSCS.40,2026,175
BK.TSCS.40,2026,201
BK.TSCS.40,2026,202
BK.TSCS.40,2026,203
BK.TSCS.40,2026,204
BK.TSCS.40,2026,205
BK.TSCS.40,2026,206
BK.TSCS.40,2026,207
BK.TSCS.40,2026,208
BK.TSCS.40,2026,209
BK.TSCS.40,2026,210
BK.TSCS.40,2026,211
BK.TSCS.40,2026,212
BK.TSCS.40,2026,213
BK.TSCS.40,2026,214
BK.TSCS.40,2026,215
BK.TULE.00,2026,161
BK.TULE.00,2026,162
BK.TULE.00,2026,163
BK.TULE.00,2026,164
BK.TULE.00,2026,165
BK.TULE.00,2026,166
BK.TULE.00,2026,213
BK.TULE.00,2026,214
BK.TULE.00,2026,215
BK.TUMY.00,2026,161
BK.TUMY.00,2026,162
BK.TUMY.00,2026,163
BK.TUMY.00,2026,164
BK.TUMY.00,2026,165
BK.TUMY.00,2026,166
BK.TUMY.00,2026,213
BK.TUMY.00,2026,214
BK.TUMY.00,2026,215
BK.TUMY.S0,2026,161
BK.TUMY.S0,2026,162
BK.TUMY.S0,2026,163
BK.TUMY.S0,2026,164
BK.TUMY.S0,2026,165
BK.TUMY.S0,2026,166
BK.TUMY.S0,2026,167
BK.TUMY.S0,2026,168
BK.TUMY.S0,2026,169
BK.TUMY.S0,2026,170
BK.TUMY.S0,2026,171
BK.TUMY.S0,2026,172
BK.TUMY.S0,2026,173
BK.TUMY.S0,2026,174
BK.TUMY.S0,2026,175
BK.TUMY.S0,2026,201
BK.TUMY.S0,2026,202
BK.TUMY.S0,2026,203
BK.TUMY.S0,2026,204
BK.TUMY.S0,2026,205
BK.TUMY.S0,2026,206
BK.TUMY.S0,2026,207
BK.TUMY.S0,2026,208
BK.TUMY.S0,2026,209
BK.TUMY.S0,2026,210
BK.TUMY.S0,2026,211
BK.TUMY.S0,2026,212
BK.TUMY.S0,2026,213
BK.TUMY.S0,2026,214
BK.TUMY.S0,2026,215
BK.TWIT.00,2026,161
BK.TWIT.00,2026,162
BK.TWIT.00,2026,163
BK.TWIT.00,2026,164
BK.TWIT.00,2026,165
BK.TWIT.00,2026,166
BK.TWIT.00,2026,213
BK.TWIT.00,2026,214
BK.TWIT.00,2026,215
BK.TWIT.S0,2026,161
BK.TWIT.S0,2026,162
BK.TWIT.S0,2026,163
BK.TWIT.S0,2026,164
BK.TWIT.S0,2026,165
BK.TWIT.S0,2026,166
BK.TWIT.S0,2026,167
BK.TWIT.S0,2026,168
BK.TWIT.S0,2026,169
BK.TWIT.S0,2026,170
BK.TWIT.S0,2026,171
BK.TWIT.S0,2026,172
BK.TWIT.S0,2026,173
BK.TWIT.S0,2026,174
BK.TWIT.S0,2026,175
BK.TWIT.S0,2026,201
BK.TWIT.S0,2026,202
BK.TWIT.S0,2026,203
BK.TWIT.S0,2026,204
BK.TWIT.S0,2026,205
BK.TWIT.S0,2026,206
BK.TWIT.S0,2026,207
BK.TWIT.S0,2026,208
BK.TWIT.S0,2026,209
BK.TWIT.S0,2026,210
BK.TWIT.S0,2026,211
BK.TWIT.S0,2026,212
BK.TWIT.S0,2026,213
BK.TWIT.S0,2026,214
BK.TWIT.S0,2026,215
BK.UKON.00,2026,161
BK.UKON.00,2026,162
BK.UKON.00,2026,163
BK.UKON.00,2026,164
BK.UKON.00,2026,165
BK.UKON.00,2026,166
BK.UKON.00,2026,213
BK.UKON.00,2026,214
BK.UKON.00,2026,215
BK.UKON.S0,2026,161
BK.UKON.S0,2026,162
BK.UKON.S0,2026,163
BK.UKON.S0,2026,164
BK.UKON.S0,2026,165
BK.UKON.S0,2026,166
BK.UKON.S0,2026,167
BK.UKON.S0,2026,168
BK.UKON.S0,2026,169
BK.UKON.S0,2026,170
BK.UKON.S0,2026,171
BK.UKON.S0,2026,172
BK.UKON.S0,2026,173
BK.UKON.S0,2026,174
BK.UKON.S0,2026,175
BK.UKON.S0,2026,201
BK.UKON.S0,2026,202
BK.UKON.S0,2026,203
BK.UKON.S0,2026,204
BK.UKON.S0,2026,205
BK.UKON.S0,2026,206
BK.UKON.S0,2026,207
BK.UKON.S0,2026,208
BK.UKON.S0,2026,209
BK.UKON.S0,2026,210
BK.UKON.S0,2026,211
BK.UKON.S0,2026,212
BK.UKON.S0,2026,213
BK.UKON.S0,2026,214
BK.UKON.S0,2026,215
BK.UMUN.00,2026,161
BK.UMUN.00,2026,162
BK.UMUN.00,2026,163
BK.UMUN.00,2026,164
BK.UMUN.00,2026,165
BK.UMUN.00,2026,166
BK.UMUN.00,2026,213
BK.UMUN.00,2026,214
BK.UMUN.00,2026,215
BK.UMUN.S0,2026,161
BK.UMUN.S0,2026,162
BK.UMUN.S0,2026,163
BK.UMUN.S0,2026,164
BK.UMUN.S0,2026,165
BK.UMUN.S0,2026,166
BK.UMUN.S0,2026,167
BK.UMUN.S0,2026,168
BK.UMUN.S0,2026,169
BK.UMUN.S0,2026,170
BK.UMUN.S0,2026,171
BK.UMUN.S0,2026,172
BK.UMUN.S0,2026,173
BK.UMUN.S0,2026,174
BK.UMUN.S0,2026,175
BK.UMUN.S0,2026,201
BK.UMUN.S0,2026,202
BK.UMUN.S0,2026,203
BK.UMUN.S0,2026,204
BK.UMUN.S0,2026,205
BK.UMUN.S0,2026,206
BK.UMUN.S0,2026,207
BK.UMUN.S0,2026,208
BK.UMUN.S0,2026,209
BK.UMUN.S0,2026,210
BK.UMUN.S0,2026,211
BK.UMUN.S0,2026,212
BK.UMUN.S0,2026,213
BK.UMUN.S0,2026,214
BK.UMUN.S0,2026,215
BK.USAL.00,2026,161
BK.USAL.00,2026,162
BK.USAL.00,2026,163
BK.USAL.00,2026,164
BK.USAL.00,2026,165
BK.USAL.00,2026,166
BK.USAL.00,2026,213
BK.USAL.00,2026,214
BK.USAL.00,2026,215
BK.USAL.S0,2026,161
BK.USAL.S0,2026,162
BK.USAL.S0,2026,163
BK.USAL.S0,2026,164
BK.USAL.S0,2026,165
BK.USAL.S0,2026,166
BK.USAL.S0,2026,167
BK.USAL.S0,2026,168
BK.USAL.S0,2026,169
BK.USAL.S0,2026,170
BK.USAL.S0,2026,171
BK.USAL.S0,2026,172
BK.USAL.S0,2026,173
BK.USAL.S0,2026,174
BK.USAL.S0,2026,175
BK.USAL.S0,2026,201
BK.USAL.S0,2026,202
BK.USAL.S0,2026,203
BK.USAL.S0,2026,204
BK.USAL.S0,2026,205
BK.USAL.S0,2026,206
BK.USAL.S0,2026,207
BK.USAL.S0,2026,208
BK.USAL.S0,2026,209
BK.USAL.S0,2026,210
BK.USAL.S0,2026,211
BK.USAL.S0,2026,212
BK.USAL.S0,2026,213
BK.USAL.S0,2026,214
BK.USAL.S0,2026,215
BK.VAK.00,2026,161
BK.VAK.00,2026,162
BK.VAK.00,2026,163
BK.VAK.00,2026,164
BK.VAK.00,2026,165
BK.VAK.00,2026,166
BK.VAK.00,2026,213
BK.VAK.00,2026,214
BK.VAK.00,2026,215
BK.VAK.S0,2026,161
BK.VAK.S0,2026,162
BK.VAK.S0,2026,163
BK.VAK.S0,2026,164
BK.VAK.S0,2026,165
BK.VAK.S0,2026,166
BK.VAK.S0,2026,167
BK.VAK.S0,2026,168
BK.VAK.S0,2026,169
BK.VAK.S0,2026,170
BK.VAK.S0,2026,171
BK.VAK.S0,2026,172
BK.VAK.S0,2026,173
BK.VAK.S0,2026,174
BK.VAK.S0,2026,175
BK.VAK.S0,2026,201
BK.VAK.S0,2026,202
BK.VAK.S0,2026,203
BK.VAK.S0,2026,204
BK.VAK.S0,2026,205
BK.VAK.S0,2026,206
BK.VAK.S0,2026,207
BK.VAK.S0,2026,208
BK.VAK.S0,2026,209
BK.VAK.S0,2026,210
BK.VAK.S0,2026,211
BK.VAK.S0,2026,212
BK.VAK.S0,2026,213
BK.VAK.S0,2026,214
BK.VAK.S0,2026,215
BK.VALB.,2026,161
BK.VALB.,2026,162
BK.VALB.,2026,163
BK.VALB.,2026,164
BK.VALB.,2026,165
BK.VALB.,2026,166
BK.VALB.,2026,167
BK.VALB.,2026,168
BK.VALB.,2026,169
BK.VALB.,2026,170
BK.VALB.,2026,171
BK.VALB.,2026,172
BK.VALB.,2026,173
BK.VALB.,2026,174
BK.VALB.,2026,175
BK.VALB.,2026,201
BK.VALB.,2026,202
BK.VALB.,2026,203
BK.VALB.,2026,204
BK.VALB.,2026,205
BK.VALB.,2026,206
BK.VALB.,2026,207
BK.VALB.,2026,208
BK.VALB.,2026,209
BK.VALB.,2026,210
BK.VALB.,2026,211
BK.VALB.,2026,212
BK.VALB.,2026,213
BK.VALB.,2026,214
BK.VALB.,2026,215
BK.VALB.40,2026,161
BK.VALB.40,2026,162
BK.VALB.40,2026,163
BK.VALB.40,2026,164
BK.VALB.40,2026,165
BK.VALB.40,2026,166
BK.VALB.40,2026,167
BK.VALB.40,2026,168
BK.VALB.40,2026,169
BK.VALB.40,2026,170
BK.VALB.40,2026,171
BK.VALB.40,2026,172
BK.VALB.40,2026,173
BK.VALB.40,2026,174
BK.VALB.40,2026,175
BK.VALB.40,2026,201
BK.VALB.40,2026,202
BK.VALB.40,2026,203
BK.VALB.40,2026,204
BK.VALB.40,2026,205
BK.VALB.40,2026,206
BK.VALB.40,2026,207
BK.VALB.40,2026,208
BK.VALB.40,2026,209
BK.VALB.40,2026,210
BK.VALB.40,2026,211
BK.VALB.40,2026,212
BK.VALB.40,2026,213
BK.VALB.40,2026,214
BK.VALB.40,2026,215
BK.WEAV.00,2026,161
BK.WEAV.00,2026,162
BK.WEAV.00,2026,163
BK.WEAV.00,2026,164
BK.WEAV.00,2026,165
BK.WEAV.00,2026,166
BK.WEAV.00,2026,213
BK.WEAV.00,2026,214
BK.WEAV.00,2026,215
BK.WEBR.00,2026,161
BK.WEBR.00,2026,162
BK.WEBR.00,2026,163
BK.WEBR.00,2026,164
BK.WEBR.00,2026,165
BK.WEBR.00,2026,166
BK.WEBR.00,2026,213
BK.WEBR.00,2026,214
BK.WEBR.S0,2026,161
BK.WEBR.S0,2026,162
BK.WEBR.S0,2026,163
BK.WEBR.S0,2026,164
BK.WEBR.S0,2026,165
BK.WEBR.S0,2026,166
BK.WEBR.S0,2026,167
BK.WEBR.S0,2026,168
BK.WEBR.S0,2026,169
BK.WEBR.S0,2026,170
BK.WEBR.S0,2026,171
BK.WEBR.S0,2026,172
BK.WEBR.S0,2026,173
BK.WEBR.S0,2026,174
BK.WEBR.S0,2026,175
BK.WEBR.S0,2026,201
BK.WEBR.S0,2026,202
BK.WEBR.S0,2026,203
BK.WEBR.S0,2026,204
BK.WEBR.S0,2026,205
BK.WEBR.S0,2026,206
BK.WEBR.S0,2026,207
BK.WEBR.S0,2026,208
BK.WEBR.S0,2026,209
BK.WEBR.S0,2026,210
BK.WEBR.S0,2026,211
BK.WEBR.S0,2026,212
BK.WEBR.S0,2026,213
BK.WEBR.S0,2026,214
BK.WEBR.S0,2026,215
BK.WELL.00,2026,161
BK.WELL.00,2026,162
BK.WELL.00,2026,163
BK.WELL.00,2026,164
BK.WELL.00,2026,165
BK.WELL.00,2026,166
BK.WELL.00,2026,213
BK.WELL.00,2026,214
BK.WENL.,2026,161
BK.WENL.,2026,162
BK.WENL.,2026,163
BK.WENL.,2026,164
BK.WENL.,2026,165
BK.WENL.,2026,166
BK.WENL.,2026,167
BK.WENL.,2026,168
BK.WENL.,2026,169
BK.WENL.,2026,170
BK.WENL.,2026,171
BK.WENL.,2026,172
BK.WENL.,2026,173
BK.WENL.,2026,174
BK.WENL.,2026,175
BK.WENL.,2026,201
BK.WENL.,2026,202
BK.WENL.,2026,203
BK.WENL.,2026,204
BK.WENL.,2026,205
BK.WENL.,2026,206
BK.WENL.,2026,207
BK.WENL.,2026,208
BK.WENL.,2026,209
BK.WENL.,2026,210
BK.WENL.,2026,211
BK.WENL.,2026,212
BK.WENL.,2026,213
BK.WENL.,2026,214
BK.WENL.,2026,215
BK.WENL.00,2026,161
BK.WENL.00,2026,162
BK.WENL.00,2026,163
BK.WENL.00,2026,164
BK.WENL.00,2026,165
BK.WENL.00,2026,166
BK.WENL.00,2026,213
BK.WENL.00,2026,214
BK.WHCL.00,2026,161
BK.WHCL.00,2026,162
BK.WHCL.00,2026,163
BK.WHCL.00,2026,164
BK.WHCL.00,2026,165
BK.WHCL.00,2026,166
BK.WHCL.00,2026,213
BK.WHCL.00,2026,214
BK.WHCL.S0,2026,161
BK.WHCL.S0,2026,162
BK.WHCL.S0,2026,163
BK.WHCL.S0,2026,164
BK.WHCL.S0,2026,165
BK.WHCL.S0,2026,166
BK.WHCL.S0,2026,167
BK.WHCL.S0,2026,168
BK.WHCL.S0,2026,169
BK.WHCL.S0,2026,170
BK.WHCL.S0,2026,171
BK.WHCL.S0,2026,172
BK.WHCL.S0,2026,173
BK.WHCL.S0,2026,174
BK.WHCL.S0,2026,175
BK.WHCL.S0,2026,201
BK.WHCL.S0,2026,202
BK.WHCL.S0,2026,203
BK.WHCL.S0,2026,204
BK.WHCL.S0,2026,205
BK.WHCL.S0,2026,206
BK.WHCL.S0,2026,207
BK.WHCL.S0,2026,208
BK.WHCL.S0,2026,209
BK.WHCL.S0,2026,210
BK.WHCL.S0,2026,211
BK.WHCL.S0,2026,212
BK.WHCL.S0,2026,213
BK.WHCL.S0,2026,214
BK.WHCL.S0,2026,215
BK.WHMT.00,2026,161
BK.WHMT.00,2026,162
BK.WHMT.00,2026,163
BK.WHMT.00,2026,164
BK.WHMT.00,2026,165
BK.WHMT.00,2026,166
BK.WHMT.00,2026,213
BK.WHMT.00,2026,214
CC.ARAT.,2026,1
CC.ARAT.,2026,2
CC.ARAT.,2026,3
CC.ARAT.,2026,4
CC.ARAT.,2026,5
CC.ARAT.,2026,6
CC.ARAT.,2026,7
CC.ARAT.,2026,8
CC.ARAT.,2026,9
CC.ARAT.,2026,10
CC.ARAT.,2026,41
CC.ARAT.,2026,42
CC.ARAT.,2026,121
CC.ARAT.,2026,122
CC.ARAT.,2026,123
CC.ARAT.,2026,124
CC.ARAT.,2026,125
CC.ARAT.,2026,161
CC.ARAT.,2026,162
CC.ASBU.,2026,1
CC.ASBU.,2026,2
CC.ASBU.,2026,3
CC.ASBU.,2026,4
CC.ASBU.,2026,5
CC.ASBU.,2026,6
CC.ASBU.,2026,7
CC.ASBU.,2026,8
CC.ASBU.,2026,9
CC.ASBU.,2026,41
CC.ASBU.,2026,42
CC.ASBU.,2026,121
CC.ASBU.,2026,122
CC.ASBU.,2026,123
CC.ASBU.,2026,124
CC.ASBU.,2026,125
CC.ASBU.,2026,161
CC.ASBU.,2026,162
CC.BRSP.,2026,1
CC.BRSP.,2026,2
CC.BRSP.,2026,3
CC.BRSP.,2026,4
CC.BRSP.,2026,5
CC.BRSP.,2026,6
CC.BRSP.,2026,7
CC.BRSP.,2026,8
CC.BRSP.,2026,9
CC.BRSP.,2026,41
CC.BRSP.,2026,42
CC.BRSP.,2026,121
CC.BRSP.,2026,122
CC.BRSP.,2026,123
CC.BRSP.,2026,124
CC.BRSP.,2026,125
CC.BRSP.,2026,161
CC.BRSP.,2026,162
CC.CARB.,2026,1
CC.CARB.,2026,2
CC.CARB.,2026,3
CC.CARB.,2026,4
CC.CARB.,2026,5
CC.CARB.,2026,6
CC.CARB.,2026,7
CC.CARB.,2026,8
CC.CARB.,2026,9
CC.CARB.,2026,10
CC.CARB.,2026,41
CC.CARB.,2026,42
CC.CARB.,2026,121
CC.CARB.,2026,122
CC.CARB.,2026,123
CC.CARB.,2026,124
CC.CARB.,2026,125
CC.CARB.,2026,161
CC.CARB.,2026,162
CC.CC.10,2026,1
CC.CC.10,2026,2
CC.CC.10,2026,3
CC.CC.10,2026,4
CC.CC.10,2026,5
CC.CC.10,2026,6
CC.CC.10,2026,7
CC.CC.10,2026,8
CC.CC.10,2026,9
CC.CC.10,2026,10
CC.CC.10,2026,11
CC.CC.10,2026,12
CC.CC.10,2026,41
CC.CC.10,2026,42
CC.CC.10,2026,43
CC.CC.10,2026,44
CC.CC.10,2026,45
CC.CC.10,2026,46
CC.CC.10,2026,47
CC.CC.10,2026,48
CC.CC.10,2026,49
CC.CC.10,2026,50
CC.CC.10,2026,51
CC.CC.10,2026,52
CC.CC.10,2026,53
CC.CC.10,2026,54
CC.CC.10,2026,55
CC.CC.10,2026,56
CC.CC.10,2026,57
CC.CC.10,2026,58
CC.CC.10,2026,59
CC.CC.10,2026,121
CC.CC.10,2026,122
CC.CC.10,2026,123
CC.CC.10,2026,124
CC.CC.10,2026,125
CC.CC.10,2026,126
CC.CC.10,2026,127
CC.CC.10,2026,128
CC.CC.10,2026,129
CC.CC.10,2026,130
CC.CC.10,2026,131
CC.CC.10,2026,132
CC.CC.10,2026,133
CC.CC.10,2026,134
CC.CC.10,2026,135
CC.CC.10,2026,136
CC.CC.10,2026,137
CC.CC.10,2026,138
CC.CC.20,2026,1
CC.CC.20,2026,2
CC.CC.20,2026,3
CC.CC.20,2026,4
CC.CC.20,2026,5
CC.CC.20,2026,6
CC.CC.20,2026,7
CC.CC.20,2026,8
CC.CC.20,2026,9
CC.CC.20,2026,10
CC.CC.20,2026,11
CC.CC.20,2026,12
CC.CC.20,2026,41
CC.CC.20,2026,42
CC.CC.20,2026,43
CC.CC.20,2026,44
CC.CC.20,2026,45
CC.CC.20,2026,46
CC.CC.20,2026,47
CC.CC.20,2026,48
CC.CC.20,2026,49
CC.CC.20,2026,50
CC.CC.20,2026,51
CC.CC.20,2026,52
CC.CC.20,2026,53
CC.CC.20,2026,54
CC.CC.20,2026,55
CC.CC.20,2026,56
CC.CC.20,2026,57
CC.CC.20,2026,58
CC.CC.20,2026,59
CC.CC.20,2026,121
CC.CC.20,2026,122
CC.CC.20,2026,123
CC.CC.20,2026,124
CC.CC.20,2026,125
CC.CC.20,2026,126
CC.CC.20,2026,127
CC.CC.20,2026,128
CC.CC.20,2026,129
CC.CC.20,2026,130
CC.CC.20,2026,131
CC.CC.20,2026,132
CC.CC.20,2026,133
CC.CC.20,2026,134
CC.CC.20,2026,135
CC.CC.20,2026,136
CC.CC.20,2026,137
CC.CC.20,2026,138
CC.CIHL.,2026,1
CC.CIHL.,2026,2
CC.CIHL.,2026,3
CC.CIHL.,2026,4
CC.CIHL.,2026,5
CC.CIHL.,2026,6
CC.CIHL.,2026,7
CC.CIHL.,2026,8
CC.CIHL.,2026,9
CC.CIHL.,2026,41
CC.CIHL.,2026,42
CC.CIHL.,2026,121
CC.CIHL.,2026,122
CC.CIHL.,2026,123
CC.CIHL.,2026,124
CC.CIHL.,2026,125
CC.CLBH.,2026,1
CC.CLBH.,2026,2
CC.CLBH.,2026,3
CC.CLBH.,2026,4
CC.CLBH.,2026,5
CC.CLBH.,2026,6
CC.CLBH.,2026,7
CC.CLBH.,2026,8
CC.CLBH.,2026,41
CC.CLBH.,2026,42
CC.CLBH.,2026,121
CC.CLBH.,2026,122
CC.CLBH.,2026,123
CC.CLBH.,2026,124
CC.CLBH.,2026,125
CC.CLBH.,2026,128
CC.CLBH.,2026,129
CC.CLBH.,2026,130
CC.CLBH.,2026,131
CC.CLBH.,2026,132
CC.CLBH.,2026,133
CC.CLBH.,2026,134
CC.CLBH.,2026,135
CC.CLBH.,2026,136
CC.CLBH.,2026,137
CC.CLBH.,2026,138
CC.CLCV.,2026,1
CC.CLCV.,2026,2
CC.CLCV.,2026,3
CC.CLCV.,2026,4
CC.CLCV.,2026,5
CC.CLCV.,2026,6
CC.CLCV.,2026,7
CC.CLCV.,2026,8
CC.CLCV.,2026,9
CC.CLCV.,2026,10
CC.CLCV.,2026,11
CC.CLCV.,2026,12
CC.CLCV.,2026,41
CC.CLCV.,2026,42
CC.CLCV.,2026,43
CC.CLCV.,2026,44
CC.CLCV.,2026,45
CC.CLCV.,2026,46
CC.CLCV.,2026,47
CC.CLCV.,2026,48
CC.CLCV.,2026,49
CC.CLCV.,2026,50
CC.CLCV.,2026,51
CC.CLCV.,2026,52
CC.CLCV.,2026,53
CC.CLCV.,2026,54
CC.CLCV.,2026,55
CC.CLCV.,2026,56
CC.CLCV.,2026,57
CC.CLCV.,2026,58
CC.CLCV.,2026,59
CC.CLCV.,2026,121
CC.CLCV.,2026,122
CC.CLCV.,2026,123
CC.CLCV.,2026,124
CC.CLCV.,2026,125
CC.CLCV.,2026,126
CC.CLCV.,2026,127
CC.CLCV.,2026,128
CC.CLCV.,2026,129
CC.CLCV.,2026,130
CC.CLCV.,2026,131
CC.CLCV.,2026,132
CC.CLCV.,2026,133
CC.CLCV.,2026,134
CC.CLCV.,2026,135
CC.CLCV.,2026,136
CC.CLCV.,2026,137
CC.CLCV.,2026,138
CC.CLMS.,2026,1
CC.CLMS.,2026,2
CC.CLMS.,2026,3
CC.CLMS.,2026,4
CC.CLMS.,2026,5
CC.CLMS.,2026,6
CC.CLMS.,2026,7
CC.CLMS.,2026,8
CC.CLMS.,2026,9
CC.CLMS.,2026,10
CC.CLMS.,2026,11
CC.CLMS.,2026,12
CC.CLMS.,2026,41
CC.CLMS.,2026,42
CC.CLMS.,2026,43
CC.CLMS.,2026,44
CC.CLMS.,2026,45
CC.CLMS.,2026,46
CC.CLMS.,2026,47
CC.CLMS.,2026,48
CC.CLMS.,2026,49
CC.CLMS.,2026,50
CC.CLMS.,2026,51
CC.CLMS.,2026,52
CC.CLMS.,2026,53
CC.CLMS.,2026,54
CC.CLMS.,2026,55
CC.CLMS.,2026,56
CC.CLMS.,2026,57
CC.CLMS.,2026,58
CC.CLMS.,2026,59
CC.CLMS.,2026,121
CC.CLMS.,2026,122
CC.CLMS.,2026,123
CC.CLMS.,2026,124
CC.CLMS.,2026,125
CC.CLMS.,2026,126
CC.CLMS.,2026,127
CC.CLMS.,2026,128
CC.CLMS.,2026,129
CC.CLMS.,2026,130
CC.CLMS.,2026,131
CC.CLMS.,2026,132
CC.CLMS.,2026,133
CC.CLMS.,2026,134
CC.CLMS.,2026,135
CC.CLMS.,2026,136
CC.CLMS.,2026,137
CC.CLMS.,2026,138
CC.COPP.,2026,1
CC.COPP.,2026,2
CC.COPP.,2026,3
CC.COPP.,2026,4
CC.COPP.,2026,5
CC.COPP.,2026,6
CC.COPP.,2026,7
CC.COPP.,2026,8
CC.COPP.,2026,9
CC.COPP.,2026,41
CC.COPP.,2026,42
CC.COPP.,2026,121
CC.COPP.,2026,122
CC.COPP.,2026,123
CC.COPP.,2026,124
CC.COPP.,2026,125
CC.COPP.,2026,161
CC.COPP.,2026,162
CC.CPCO.,2026,1
CC.CPCO.,2026,2
CC.CPCO.,2026,3
CC.CPCO.,2026,4
CC.CPCO.,2026,5
CC.CPCO.,2026,6
CC.CPCO.,2026,7
CC.CPCO.,2026,8
CC.CPCO.,2026,9
CC.CPCO.,2026,41
CC.CPCO.,2026,42
CC.CPCO.,2026,121
CC.CPCO.,2026,122
CC.CPCO.,2026,123
CC.CPCO.,2026,124
CC.CPCO.,2026,125
CC.CPCO.,2026,161
CC.CPCO.,2026,162
CC.CRBN.,2026,1
CC.CRBN.,2026,2
CC.CRBN.,2026,3
CC.CRBN.,2026,4
CC.CRBN.,2026,5
CC.CRBN.,2026,6
CC.CRBN.,2026,7
CC.CRBN.,2026,8
CC.CRBN.,2026,9
CC.CRBN.,2026,41
CC.CRBN.,2026,42
CC.CRBN.,2026,121
CC.CRBN.,2026,122
CC.CRBN.,2026,123
CC.CRBN.,2026,124
CC.CRBN.,2026,125
CC.CRBN.,2026,126
CC.CRBN.,2026,127
CC.CRBN.,2026,128
CC.CRBN.,2026,129
CC.CRBN.,2026,130
CC.CRBN.,2026,161
CC.CRBN.,2026,162
CC.CRBU.,2026,1
CC.CRBU.,2026,2
CC.CRBU.,2026,3
CC.CRBU.,2026,4
CC.CRBU.,2026,5
CC.CRBU.,2026,6
CC.CRBU.,2026,7
CC.CRBU.,2026,8
CC.CRBU.,2026,9
CC.CRBU.,2026,10
CC.CRBU.,2026,11
CC.CRBU.,2026,12
CC.CRBU.,2026,41
CC.CRBU.,2026,42
CC.CRBU.,2026,43
CC.CRBU.,2026,44
CC.CRBU.,2026,45
CC.CRBU.,2026,46
CC.CRBU.,2026,47
CC.CRBU.,2026,48
CC.CRBU.,2026,49
CC.CRBU.,2026,50
CC.CRBU.,2026,51
CC.CRBU.,2026,52
CC.CRBU.,2026,53
CC.CRBU.,2026,54
CC.CRBU.,2026,55
CC.CRBU.,2026,56
CC.CRBU.,2026,57
CC.CRBU.,2026,58
CC.CRBU.,2026,59
CC.CRBU.,2026,121
CC.CRBU.,2026,122
CC.CRBU.,2026,123
CC.CRBU.,2026,124
CC.CRBU.,2026,125
CC.CRBU.,2026,126
CC.CRBU.,2026,127
CC.CRBU.,2026,128
CC.CRBU.,2026,129
CC.CRBU.,2026,130
CC.CRBU.,2026,131
CC.CRBU.,2026,132
CC.CRBU.,2026,133
CC.CRBU.,2026,134
CC.CRBU.,2026,135
CC.CRBU.,2026,136
CC.CRBU.,2026,137
CC.CRBU.,2026,138
CC.ELBE.,2026,1
CC.ELBE.,2026,2
CC.ELBE.,2026,3
CC.ELBE.,2026,4
CC.ELBE.,2026,5
CC.ELBE.,2026,6
CC.ELBE.,2026,7
CC.ELBE.,2026,8
CC.ELBE.,2026,9
CC.ELBE.,2026,41
CC.ELBE.,2026,42
CC.ELBE.,2026,121
CC.ELBE.,2026,122
CC.ELBE.,2026,123
CC.ELBE.,2026,124
CC.ELBE.,2026,125
CC.ELBE.,2026,161
CC.ELBE.,2026,162
CC.FLAT.,2026,1
CC.FLAT.,2026,2
CC.FLAT.,2026,3
CC.FLAT.,2026,4
CC.FLAT.,2026,5
CC.FLAT.,2026,6
CC.FLAT.,2026,7
CC.FLAT.,2026,8
CC.FLAT.,2026,9
CC.FLAT.,2026,41
CC.FLAT.,2026,42
CC.FLAT.,2026,121
CC.FLAT.,2026,122
CC.FLAT.,2026,123
CC.FLAT.,2026,124
CC.FLAT.,2026,125
CC.FLAT.,2026,161
CC.FLAT.,2026,162
CC.GNOB.,2026,1
CC.GNOB.,2026,2
CC.GNOB.,2026,3
CC.GNOB.,2026,4
CC.GNOB.,2026,5
CC.GNOB.,2026,6
CC.GNOB.,2026,7
CC.GNOB.,2026,8
CC.GNOB.,2026,9
CC.GNOB.,2026,41
CC.GNOB.,2026,42
CC.GNOB.,2026,121
CC.GNOB.,2026,122
CC.GNOB.,2026,123
CC.GNOB.,2026,124
CC.GNOB.,2026,125
CC.GNOB.,2026,161
CC.GNOB.,2026,162
CC.GOBB.,2026,1
CC.GOBB.,2026,2
CC.GOBB.,2026,3
CC.GOBB.,2026,4
CC.GOBB.,2026,5
CC.GOBB.,2026,6
CC.GOBB.,2026,7
CC.GOBB.,2026,8
CC.GOBB.,2026,9
CC.GOBB.,2026,10
CC.GOBB.,2026,11
CC.GOBB.,2026,12
CC.GOBB.,2026,41
CC.GOBB.,2026,42
CC.GOBB.,2026,43
CC.GOBB.,2026,44
CC.GOBB.,2026,45
CC.GOBB.,2026,46
CC.GOBB.,2026,47
CC.GOBB.,2026,48
CC.GOBB.,2026,49
CC.GOBB.,2026,50
CC.GOBB.,2026,51
CC.GOBB.,2026,52
CC.GOBB.,2026,53
CC.GOBB.,2026,54
CC.GOBB.,2026,55
CC.GOBB.,2026,56
CC.GOBB.,2026,57
CC.GOBB.,2026,58
CC.GOBB.,2026,59
CC.GOBB.,2026,121
CC.GOBB.,2026,122
CC.GOBB.,2026,123
CC.GOBB.,2026,124
CC.GOBB.,2026,125
CC.GOBB.,2026,126
CC.GOBB.,2026,127
CC.GOBB.,2026,128
CC.GOBB.,2026,129
CC.GOBB.,2026,130
CC.GOBB.,2026,131
CC.GOBB.,2026,132
CC.GOBB.,2026,133
CC.GOBB.,2026,134
CC.GOBB.,2026,135
CC.GOBB.,2026,136
CC.GOBB.,2026,137
CC.GOBB.,2026,138
CC.GTWY.,2026,1
CC.GTWY.,2026,2
CC.GTWY.,2026,3
CC.GTWY.,2026,4
CC.GTWY.,2026,5
CC.GTWY.,2026,6
CC.GTWY.,2026,7
CC.GTWY.,2026,8
CC.GTWY.,2026,41
CC.GTWY.,2026,42
CC.GTWY.,2026,121
CC.GTWY.,2026,122
CC.GTWY.,2026,123
CC.GTWY.,2026,124
CC.GTWY.,2026,125
CC.GTWY.,2026,161
CC.GTWY.,2026,162
CC.HIYU.,2026,1
CC.HIYU.,2026,2
CC.HIYU.,2026,3
CC.HIYU.,2026,4
CC.HIYU.,2026,5
CC.HIYU.,2026,6
CC.HIYU.,2026,7
CC.HIYU.,2026,8
CC.HIYU.,2026,9
CC.HIYU.,2026,10
CC.HIYU.,2026,11
CC.HIYU.,2026,12
CC.HIYU.,2026,41
CC.HIYU.,2026,42
CC.HIYU.,2026,43
CC.HIYU.,2026,44
CC.HIYU.,2026,45
CC.HIYU.,2026,46
CC.HIYU.,2026,47
CC.HIYU.,2026,48
CC.HIYU.,2026,49
CC.HIYU.,2026,50
CC.HIYU.,2026,51
CC.HIYU.,2026,52
CC.HIYU.,2026,53
CC.HIYU.,2026,54
CC.HIYU.,2026,55
CC.HIYU.,2026,56
CC.HIYU.,2026,57
CC.HIYU.,2026,58
CC.HIYU.,2026,59
CC.HIYU.,2026,121
CC.HIYU.,2026,122
CC.HIYU.,2026,123
CC.HIYU.,2026,124
CC.HIYU.,2026,125
CC.HIYU.,2026,126
CC.HIYU.,2026,127
CC.HIYU.,2026,128
CC.HIYU.,2026,129
CC.HIYU.,2026,130
CC.HIYU.,2026,131
CC.HIYU.,2026,132
CC.HIYU.,2026,133
CC.HIYU.,2026,134
CC.HIYU.,2026,135
CC.HIYU.,2026,136
CC.HIYU.,2026,137
CC.HIYU.,2026,138
CC.HOA.,2026,1
CC.HOA.,2026,2
CC.HOA.,2026,3
CC.HOA.,2026,4
CC.HOA.,2026,5
CC.HOA.,2026,6
CC.HOA.,2026,7
CC.HOA.,2026,8
CC.HOA.,2026,41
CC.HOA.,2026,42
CC.HOA.,2026,121
CC.HOA.,2026,122
CC.HOA.,2026,123
CC.HOA.,2026,124
CC.HOA.,2026,125
CC.HOA.,2026,161
CC.HOA.,2026,162
CC.HORC.,2026,1
CC.HORC.,2026,2
CC.HORC.,2026,3
CC.HORC.,2026,4
CC.HORC.,2026,5
CC.HORC.,2026,6
CC.HORC.,2026,7
CC.HORC.,2026,8
CC.HORC.,2026,9
CC.HORC.,2026,41
CC.HORC.,2026,42
CC.HORC.,2026,121
CC.HORC.,2026,122
CC.HORC.,2026,123
CC.HORC.,2026,124
CC.HORC.,2026,125
CC.HORC.,2026,161
CC.HORC.,2026,162
CC.HUSB.,2026,1
CC.HUSB.,2026,2
CC.HUSB.,2026,3
CC.HUSB.,2026,4
CC.HUSB.,2026,5
CC.HUSB.,2026,6
CC.HUSB.,2026,7
CC.HUSB.,2026,8
CC.HUSB.,2026,9
CC.HUSB.,2026,10
CC.HUSB.,2026,11
CC.HUSB.,2026,12
CC.HUSB.,2026,41
CC.HUSB.,2026,42
CC.HUSB.,2026,43
CC.HUSB.,2026,44
CC.HUSB.,2026,45
CC.HUSB.,2026,46
CC.HUSB.,2026,47
CC.HUSB.,2026,48
CC.HUSB.,2026,49
CC.HUSB.,2026,50
CC.HUSB.,2026,51
CC.HUSB.,2026,52
CC.HUSB.,2026,53
CC.HUSB.,2026,54
CC.HUSB.,2026,55
CC.HUSB.,2026,56
CC.HUSB.,2026,57
CC.HUSB.,2026,58
CC.HUSB.,2026,59
CC.HUSB.,2026,121
CC.HUSB.,2026,122
CC.HUSB.,2026,123
CC.HUSB.,2026,124
CC.HUSB.,2026,125
CC.HUSB.,2026,126
CC.HUSB.,2026,127
CC.HUSB.,2026,128
CC.HUSB.,2026,129
CC.HUSB.,2026,130
CC.HUSB.,2026,131
CC.HUSB.,2026,132
CC.HUSB.,2026,133
CC.HUSB.,2026,134
CC.HUSB.,2026,135
CC.HUSB.,2026,136
CC.HUSB.,2026,137
CC.HUSB.,2026,138
CC.HUT1.,2026,1
CC.HUT1.,2026,2
CC.HUT1.,2026,3
CC.HUT1.,2026,4
CC.HUT1.,2026,5
CC.HUT1.,2026,6
CC.HUT1.,2026,7
CC.HUT1.,2026,8
CC.HUT1.,2026,9
CC.HUT1.,2026,10
CC.HUT1.,2026,11
CC.HUT1.,2026,12
CC.HUT1.,2026,41
CC.HUT1.,2026,42
CC.HUT1.,2026,43
CC.HUT1.,2026,44
CC.HUT1.,2026,45
CC.HUT1.,2026,46
CC.HUT1.,2026,47
CC.HUT1.,2026,48
CC.HUT1.,2026,49
CC.HUT1.,2026,50
CC.HUT1.,2026,51
CC.HUT1.,2026,52
CC.HUT1.,2026,53
CC.HUT1.,2026,54
CC.HUT1.,2026,55
CC.HUT1.,2026,56
CC.HUT1.,2026,57
CC.HUT1.,2026,58
CC.HUT1.,2026,59
CC.HUT1.,2026,121
CC.HUT1.,2026,122
CC.HUT1.,2026,123
CC.HUT1.,2026,124
CC.HUT1.,2026,125
CC.HUT1.,2026,126
CC.HUT1.,2026,127
CC.HUT1.,2026,128
CC.HUT1.,2026,129
CC.HUT1.,2026,130
CC.HUT1.,2026,131
CC.HUT1.,2026,132
CC.HUT1.,2026,133
CC.HUT1.,2026,134
CC.HUT1.,2026,135
CC.HUT1.,2026,136
CC.HUT1.,2026,137
CC.HUT1.,2026,138
CC.JRO.,2026,1
CC.JRO.,2026,2
CC.JRO.,2026,3
CC.JRO.,2026,4
CC.JRO.,2026,5
CC.JRO.,2026,6
CC.JRO.,2026,7
CC.JRO.,2026,8
CC.JRO.,2026,9
CC.JRO.,2026,41
CC.JRO.,2026,42
CC.JRO.,2026,121
CC.JRO.,2026,122
CC.JRO.,2026,123
CC.JRO.,2026,124
CC.JRO.,2026,125
CC.JRO.,2026,161
CC.JRO.,2026,162
CC.KAUT.,2026,1
CC.KAUT.,2026,2
CC.KAUT.,2026,3
CC.KAUT.,2026,4
CC.KAUT.,2026,5
CC.KAUT.,2026,6
CC.KAUT.,2026,7
CC.KAUT.,2026,8
CC.KAUT.,2026,9
CC.KAUT.,2026,12
CC.KAUT.,2026,41
CC.KAUT.,2026,42
CC.KAUT.,2026,121
CC.KAUT.,2026,122
CC.KAUT.,2026,123
CC.KAUT.,2026,124
CC.KAUT.,2026,125
CC.KAUT.,2026,161
CC.KAUT.,2026,162
CC.KAVK.,2026,1
CC.KAVK.,2026,2
CC.KAVK.,2026,3
CC.KAVK.,2026,4
CC.KAVK.,2026,5
CC.KAVK.,2026,6
CC.KAVK.,2026,7
CC.KAVK.,2026,8
CC.KAVK.,2026,9
CC.KAVK.,2026,41
CC.KAVK.,2026,42
CC.KAVK.,2026,121
CC.KAVK.,2026,122
CC.KAVK.,2026,123
CC.KAVK.,2026,124
CC.KAVK.,2026,125
CC.KAVK.,2026,161
CC.KAVK.,2026,162
CC.KWBU.,2026,1
CC.KWBU.,2026,2
CC.KWBU.,2026,3
CC.KWBU.,2026,4
CC.KWBU.,2026,5
CC.KWBU.,2026,6
CC.KWBU.,2026,7
CC.KWBU.,2026,8
CC.KWBU.,2026,9
CC.KWBU.,2026,10
CC.KWBU.,2026,11
CC.KWBU.,2026,12
CC.KWBU.,2026,41
CC.KWBU.,2026,42
CC.KWBU.,2026,43
CC.KWBU.,2026,44
CC.KWBU.,2026,45
CC.KWBU.,2026,46
CC.KWBU.,2026,47
CC.KWBU.,2026,48
CC.KWBU.,2026,49
CC.KWBU.,2026,50
CC.KWBU.,2026,51
CC.KWBU.,2026,52
CC.KWBU.,2026,53
CC.KWBU.,2026,54
CC.KWBU.,2026,55
CC.KWBU.,2026,56
CC.KWBU.,2026,57
CC.KWBU.,2026,58
CC.KWBU.,2026,59
CC.KWBU.,2026,121
CC.KWBU.,2026,122
CC.KWBU.,2026,123
CC.KWBU.,2026,124
CC.KWBU.,2026,125
CC.KWBU.,2026,126
CC.KWBU.,2026,127
CC.KWBU.,2026,128
CC.KWBU.,2026,129
CC.KWBU.,2026,130
CC.KWBU.,2026,131
CC.KWBU.,2026,132
CC.KWBU.,2026,133
CC.KWBU.,2026,134
CC.KWBU.,2026,135
CC.KWBU.,2026,136
CC.KWBU.,2026,137
CC.KWBU.,2026,138
CC.LOO.,2026,1
CC.LOO.,2026,2
CC.LOO.,2026,3
CC.LOO.,2026,4
CC.LOO.,2026,5
CC.LOO.,2026,6
CC.LOO.,2026,7
CC.LOO.,2026,8
CC.LOO.,2026,9
CC.LOO.,2026,41
CC.LOO.,2026,121
CC.LOO.,2026,122
CC.LOO.,2026,123
CC.LOO.,2026,125
CC.LOO.,2026,161
CC.LOO.,2026,162
CC.LSON.,2026,1
CC.LSON.,2026,2
CC.LSON.,2026,3
CC.LSON.,2026,4
CC.LSON.,2026,5
CC.LSON.,2026,6
CC.LSON.,2026,7
CC.LSON.,2026,8
CC.LSON.,2026,9
CC.LSON.,2026,41
CC.LSON.,2026,121
CC.LSON.,2026,122
CC.LSON.,2026,123
CC.LSON.,2026,125
CC.LSON.,2026,161
CC.LSON.,2026,162
CC.MAR.,2026,1
CC.MAR.,2026,2
CC.MAR.,2026,3
CC.MAR.,2026,4
CC.MAR.,2026,5
CC.MAR.,2026,6
CC.MAR.,2026,7
CC.MAR.,2026,8
CC.MAR.,2026,41
CC.MAR.,2026,121
CC.MAR.,2026,122
CC.MAR.,2026,123
CC.MAR.,2026,125
CC.MAR.,2026,161
CC.MAR.,2026,162
CC.MAR.,2026,176
CC.MHX.,2026,1
CC.MHX.,2026,2
CC.MHX.,2026,3
CC.MHX.,2026,4
CC.MHX.,2026,5
CC.MHX.,2026,6
CC.MHX.,2026,7
CC.MHX.,2026,8
CC.MHX.,2026,9
CC.MHX.,2026,41
CC.MHX.,2026,121
CC.MHX.,2026,122
CC.MHX.,2026,123
CC.MHX.,2026,125
CC.MHX.,2026,161
CC.MHX.,2026,162
CC.MILD.,2026,32
CC.MILD.,2026,33
CC.MILD.,2026,34
CC.MILD.,2026,35
CC.MILD.,2026,36
CC.MILD.,2026,121
CC.MILD.,2026,122
CC.MILD.,2026,123
CC.MILD.,2026,124
CC.MILD.,2026,125
CC.MILD.,2026,152
CC.MILD.,2026,153
CC.MILD.,2026,154
CC.MILD.,2026,182
CC.MILD.,2026,183
CC.MILD.,2026,184
CC.MILD.,2026,185
CC.MILD.,2026,186
CC.MILD.,2026,187
CC.MILD.,2026,188
CC.MILD.,2026,189
CC.MILD.,2026,201
CC.MILD.,2026,202
CC.MILD.,2026,203
CC.MILD.,2026,204
CC.MILD.,2026,205
CC.MILD.,2026,206
CC.MILD.,2026,207
CC.NFT.,2026,32
CC.NFT.,2026,33
CC.NFT.,2026,34
CC.NFT.,2026,35
CC.NFT.,2026,121
CC.NFT.,2026,122
CC.NFT.,2026,123
CC.NFT.,2026,124
CC.NFT.,2026,125
CC.NFT.,2026,152
CC.NFT.,2026,153
CC.NFT.,2026,154
CC.NFT.,2026,182
CC.NFT.,2026,183
CC.NFT.,2026,184
CC.NFT.,2026,185
CC.NFT.,2026,186
CC.NFT.,2026,187
CC.NFT.,2026,188
CC.NFT.,2026,189
CC.NFT.,2026,201
CC.NFT.,2026,202
CC.NFT.,2026,203
CC.NFT.,2026,204
CC.NFT.,2026,205
CC.NFT.,2026,206
CC.NFT.,2026,207
CC.NORM.,2026,32
CC.NORM.,2026,33
CC.NORM.,2026,34
CC.NORM.,2026,35
CC.NORM.,2026,121
CC.NORM.,2026,122
CC.NORM.,2026,123
CC.NORM.,2026,124
CC.NORM.,2026,125
CC.NORM.,2026,152
CC.NORM.,2026,153
CC.NORM.,2026,154
CC.NORM.,2026,182
CC.NORM.,2026,183
CC.NORM.,2026,184
CC.NORM.,2026,185
CC.NORM.,2026,186
CC.NORM.,2026,187
CC.NORM.,2026,188
CC.NORM.,2026,189
CC.NORM.,2026,201
CC.NORM.,2026,202
CC.NORM.,2026,203
CC.NORM.,2026,204
CC.NORM.,2026,205
CC.NORM.,2026,206
CC.OBSR.,2026,32
CC.OBSR.,2026,33
CC.OBSR.,2026,34
CC.OBSR.,2026,35
CC.OBSR.,2026,121
CC.OBSR.,2026,122
CC.OBSR.,2026,123
CC.OBSR.,2026,124
CC.OBSR.,2026,125
CC.OBSR.,2026,152
CC.OBSR.,2026,153
CC.OBSR.,2026,154
CC.OBSR.,2026,182
CC.OBSR.,2026,183
CC.OBSR.,2026,184
CC.OBSR.,2026,185
CC.OBSR.,2026,186
CC.OBSR.,2026,187
CC.OBSR.,2026,188
CC.OBSR.,2026,189
CC.OBSR.,2026,201
CC.OBSR.,2026,202
CC.OBSR.,2026,203
CC.OBSR.,2026,204
CC.OBSR.,2026,205
CC.OBSR.,2026,206
CC.OPCH.,2026,32
CC.OPCH.,2026,33
CC.OPCH.,2026,34
CC.OPCH.,2026,35
CC.OPCH.,2026,121
CC.OPCH.,2026,122
CC.OPCH.,2026,123
CC.OPCH.,2026,124
CC.OPCH.,2026,125
CC.OPCH.,2026,152
CC.OPCH.,2026,153
CC.OPCH.,2026,154
CC.OPCH.,2026,182
CC.OPCH.,2026,183
CC.OPCH.,2026,184
CC.OPCH.,2026,185
CC.OPCH.,2026,186
CC.OPCH.,2026,187
CC.OPCH.,2026,188
CC.OPCH.,2026,189
CC.OPCH.,2026,201
CC.OPCH.,2026,202
CC.OPCH.,2026,203
CC.OPCH.,2026,204
CC.OPCH.,2026,205
CC.OPCH.,2026,206
CC.PALM.,2026,21
CC.PALM.,2026,22
CC.PALM.,2026,23
CC.PALM.,2026,24
CC.PALM.,2026,25
CC.PALM.,2026,26
CC.PALM.,2026,27
CC.PALM.,2026,28
CC.PALM.,2026,29
CC.PALM.,2026,30
CC.PALM.,2026,31
CC.PALM.,2026,32
CC.PALM.,2026,33
CC.PALM.,2026,34
CC.PALM.,2026,35
CC.PALM.,2026,36
CC.PALM.,2026,121
CC.PALM.,2026,122
CC.PALM.,2026,123
CC.PALM.,2026,124
CC.PALM.,2026,125
CC.PALM.,2026,126
CC.PALM.,2026,127
CC.PALM.,2026,128
CC.PALM.,2026,129
CC.PALM.,2026,130
CC.PALM.,2026,131
CC.PALM.,2026,132
CC.PALM.,2026,133
CC.PALM.,2026,134
CC.PALM.,2026,135
CC.PALM.,2026,136
CC.PALM.,2026,137
CC.PALM.,2026,141
CC.PALM.,2026,142
CC.PALM.,2026,143
CC.PALM.,2026,144
CC.PALM.,2026,145
CC.PALM.,2026,146
CC.PALM.,2026,147
CC.PALM.,2026,148
CC.PALM.,2026,149
CC.PALM.,2026,150
CC.PALM.,2026,151
CC.PALM.,2026,152
CC.PALM.,2026,153
CC.PALM.,2026,154
CC.PALM.,2026,155
CC.PALM.,2026,156
CC.PALM.,2026,157
CC.PALM.,2026,158
CC.PALM.,2026,181
CC.PALM.,2026,182
CC.PALM.,2026,183
CC.PALM.,2026,184
CC.PALM.,2026,185
CC.PALM.,2026,186
CC.PALM.,2026,187
CC.PALM.,2026,188
CC.PALM.,2026,189
CC.PALM.,2026,201
CC.PALM.,2026,202
CC.PALM.,2026,203
CC.PALM.,2026,204
CC.PALM.,2026,205
CC.PALM.,2026,206
CC.PALM.,2026,207
CC.PANH.,2026,32
CC.PANH.,2026,33
CC.PANH.,2026,34
CC.PANH.,2026,35
CC.PANH.,2026,121
CC.PANH.,2026,122
CC.PANH.,2026,123
CC.PANH.,2026,124
CC.PANH.,2026,125
CC.PANH.,2026,152
CC.PANH.,2026,153
CC.PANH.,2026,154
CC.PANH.,2026,182
CC.PANH.,2026,183
CC.PANH.,2026,184
CC.PANH.,2026,185
CC.PANH.,2026,186
CC.PANH.,2026,187
CC.PANH.,2026,188
CC.PANH.,2026,189
CC.PANH.,2026,201
CC.PANH.,2026,202
CC.PANH.,2026,203
CC.PANH.,2026,204
CC.PANH.,2026,205
CC.PANH.,2026,206
CC.PARA.,2026,32
CC.PARA.,2026,33
CC.PARA.,2026,34
CC.PARA.,2026,35
CC.PARA.,2026,121
CC.PARA.,2026,122
CC.PARA.,2026,123
CC.PARA.,2026,124
CC.PARA.,2026,125
CC.PARA.,2026,152
CC.PARA.,2026,153
CC.PARA.,2026,154
CC.PARA.,2026,182
CC.PARA.,2026,183
CC.PARA.,2026,184
CC.PARA.,2026,185
CC.PARA.,2026,186
CC.PARA.,2026,187
CC.PARA.,2026,188
CC.PARA.,2026,189
CC.PARA.,2026,201
CC.PARA.,2026,202
CC.PARA.,2026,203
CC.PARA.,2026,204
CC.PARA.,2026,205
CC.PARA.,2026,206
CC.PR00.10,2026,21
CC.PR00.10,2026,22
CC.PR00.10,2026,23
CC.PR00.10,2026,24
CC.PR00.10,2026,25
CC.PR00.10,2026,26
CC.PR00.10,2026,27
CC.PR00.10,2026,28
CC.PR00.10,2026,29
CC.PR00.10,2026,30
CC.PR00.10,2026,31
CC.PR00.10,2026,32
CC.PR00.10,2026,33
CC.PR00.10,2026,34
CC.PR00.10,2026,35
CC.PR00.10,2026,36
CC.PR00.10,2026,121
CC.PR00.10,2026,122
CC.PR00.10,2026,123
CC.PR00.10,2026,124
CC.PR00.10,2026,125
CC.PR00.10,2026,126
CC.PR00.10,2026,127
CC.PR00.10,2026,128
CC.PR00.10,2026,129
CC.PR00.10,2026,130
CC.PR00.10,2026,131
CC.PR00.10,2026,132
CC.PR00.10,2026,133
CC.PR00.10,2026,134
CC.PR00.10,2026,135
CC.PR00.10,2026,136
CC.PR00.10,2026,137
CC.PR00.10,2026,141
CC.PR00.10,2026,142
CC.PR00.10,2026,143
CC.PR00.10,2026,144
CC.PR00.10,2026,145
CC.PR00.10,2026,146
CC.PR00.10,2026,147
CC.PR00.10,2026,148
CC.PR00.10,2026,149
CC.PR00.10,2026,150
CC.PR00.10,2026,151
CC.PR00.10,2026,152
CC.PR00.10,2026,153
CC.PR00.10,2026,154
CC.PR00.10,2026,155
CC.PR00.10,2026,156
CC.PR00.10,2026,157
CC.PR00.10,2026,158
CC.PR00.10,2026,181
CC.PR00.10,2026,182
CC.PR00.10,2026,183
CC.PR00.10,2026,184
CC.PR00.10,2026,185
CC.PR00.10,2026,186
CC.PR00.10,2026,187
CC.PR00.10,2026,188
CC.PR00.10,2026,189
CC.PR00.10,2026,201
CC.PR00.10,2026,202
CC.PR00.10,2026,203
CC.PR00.10,2026,204
CC.PR00.10,2026,205
CC.PR00.10,2026,206
CC.PR00.10,2026,207
CC.PR00.20,2026,21
CC.PR00.20,2026,22
CC.PR00.20,2026,23
CC.PR00.20,2026,24
CC.PR00.20,2026,25
CC.PR00.20,2026,26
CC.PR00.20,2026,27
CC.PR00.20,2026,28
CC.PR00.20,2026,29
CC.PR00.20,2026,30
CC.PR00.20,2026,31
CC.PR00.20,2026,32
CC.PR00.20,2026,33
CC.PR00.20,2026,34
CC.PR00.20,2026,35
CC.PR00.20,2026,36
CC.PR00.20,2026,121
CC.PR00.20,2026,122
CC.PR00.20,2026,123
CC.PR00.20,2026,124
CC.PR00.20,2026,125
CC.PR00.20,2026,126
CC.PR00.20,2026,127
CC.PR00.20,2026,128
CC.PR00.20,2026,129
CC.PR00.20,2026,130
CC.PR00.20,2026,131
CC.PR00.20,2026,132
CC.PR00.20,2026,133
CC.PR00.20,2026,134
CC.PR00.20,2026,135
CC.PR00.20,2026,136
CC.PR00.20,2026,137
CC.PR00.20,2026,141
CC.PR00.20,2026,142
CC.PR00.20,2026,143
CC.PR00.20,2026,144
CC.PR00.20,2026,145
CC.PR00.20,2026,146
CC.PR00.20,2026,147
CC.PR00.20,2026,148
CC.PR00.20,2026,149
CC.PR00.20,2026,150
CC.PR00.20,2026,151
CC.PR00.20,2026,152
CC.PR00.20,2026,153
CC.PR00.20,2026,154
CC.PR00.20,2026,155
CC.PR00.20,2026,156
CC.PR00.20,2026,157
CC.PR00.20,2026,158
CC.PR00.20,2026,181
CC.PR00.20,2026,182
CC.PR00.20,2026,183
CC.PR00.20,2026,184
CC.PR00.20,2026,185
CC.PR00.20,2026,186
CC.PR00.20,2026,187
CC.PR00.20,2026,188
CC.PR00.20,2026,189
CC.PR00.20,2026,201
CC.PR00.20,2026,202
CC.PR00.20,2026,203
CC.PR00.20,2026,204
CC.PR00.20,2026,205
CC.PR00.20,2026,206
CC.PR00.20,2026,207
CC.PR01.,2026,32
CC.PR01.,2026,33
CC.PR01.,2026,34
CC.PR01.,2026,35
CC.PR01.,2026,121
CC.PR01.,2026,122
CC.PR01.,2026,123
CC.PR01.,2026,124
CC.PR01.,2026,125
CC.PR01.,2026,152
CC.PR01.,2026,153
CC.PR01.,2026,154
CC.PR01.,2026,182
CC.PR01.,2026,183
CC.PR01.,2026,184
CC.PR01.,2026,185
CC.PR01.,2026,186
CC.PR01.,2026,187
CC.PR01.,2026,188
CC.PR01.,2026,189
CC.PR01.,2026,201
CC.PR01.,2026,202
CC.PR01.,2026,203
CC.PR01.,2026,204
CC.PR01.,2026,205
CC.PR01.,2026,206
CC.PR02.,2026,32
CC.PR02.,2026,33
CC.PR02.,2026,34
CC.PR02.,2026,35
CC.PR02.,2026,36
CC.PR02.,2026,121
CC.PR02.,2026,122
CC.PR02.,2026,123
CC.PR02.,2026,125
CC.PR02.,2026,152
CC.PR02.,2026,153
CC.PR02.,2026,154
CC.PR02.,2026,182
CC.PR02.,2026,183
CC.PR02.,2026,184
CC.PR02.,2026,185
CC.PR02.,2026,186
CC.PR02.,2026,187
CC.PR02.,2026,188
CC.PR02.,2026,189
CC.PR02.,2026,201
CC.PR02.,2026,202
CC.PR02.,2026,203
CC.PR02.,2026,204
CC.PR02.,2026,205
CC.PR02.,2026,206
CC.PR03.,2026,32
CC.PR03.,2026,33
CC.PR03.,2026,34
CC.PR03.,2026,35
CC.PR03.,2026,121
CC.PR03.,2026,122
CC.PR03.,2026,123
CC.PR03.,2026,125
CC.PR03.,2026,152
CC.PR03.,2026,153
CC.PR03.,2026,154
CC.PR03.,2026,182
CC.PR03.,2026,183
CC.PR03.,2026,184
CC.PR03.,2026,185
CC.PR03.,2026,186
CC.PR03.,2026,187
CC.PR03.,2026,188
CC.PR03.,2026,189
CC.PR03.,2026,201
CC.PR03.,2026,202
CC.PR03.,2026,203
CC.PR03.,2026,204
CC.PR03.,2026,205
CC.PR03.,2026,206
CC.PR04.,2026,32
CC.PR04.,2026,33
CC.PR04.,2026,34
CC.PR04.,2026,35
CC.PR04.,2026,121
CC.PR04.,2026,122
CC.PR04.,2026,123
CC.PR04.,2026,125
CC.PR04.,2026,152
CC.PR04.,2026,153
CC.PR04.,2026,154
CC.PR04.,2026,182
CC.PR04.,2026,183
CC.PR04.,2026,184
CC.PR04.,2026,185
CC.PR04.,2026,186
CC.PR04.,2026,187
CC.PR04.,2026,188
CC.PR04.,2026,189
CC.PR04.,2026,201
CC.PR04.,2026,202
CC.PR04.,2026,203
CC.PR04.,2026,204
CC.PR04.,2026,205
CC.PR04.,2026,206
CC.PR05.,2026,32
CC.PR05.,2026,33
CC.PR05.,2026,34
CC.PR05.,2026,35
CC.PR05.,2026,121
CC.PR05.,2026,122
CC.PR05.,2026,123
CC.PR05.,2026,125
CC.PR05.,2026,152
CC.PR05.,2026,153
CC.PR05.,2026,154
CC.PR05.,2026,182
CC.PR05.,2026,183
CC.PR05.,2026,184
CC.PR05.,2026,185
CC.PR05.,2026,186
CC.PR05.,2026,187
CC.PR05.,2026,188
CC.PR05.,2026,189
CC.PR05.,2026,201
CC.PR05.,2026,202
CC.PR05.,2026,203
CC.PR05.,2026,204
CC.PR05.,2026,205
CC.PR05.,2026,206
CC.PRLK.,2026,32
CC.PRLK.,2026,33
CC.PRLK.,2026,34
CC.PRLK.,2026,35
CC.PRLK.,2026,121
CC.PRLK.,2026,122
CC.PRLK.,2026,123
CC.PRLK.,2026,125
CC.PRLK.,2026,152
CC.PRLK.,2026,153
CC.PRLK.,2026,154
CC.PRLK.,2026,181
CC.PRLK.,2026,182
CC.PRLK.,2026,183
CC.PRLK.,2026,184
CC.PRLK.,2026,185
CC.PRLK.,2026,186
CC.PRLK.,2026,187
CC.PRLK.,2026,188
CC.PRLK.,2026,189
CC.PRLK.,2026,201
CC.PRLK.,2026,202
CC.PRLK.,2026,203
CC.PRLK.,2026,204
CC.PRLK.,2026,205
CC.PRLK.,2026,206
CC.PRLK.,2026,207
CC.REM.,2026,32
CC.REM.,2026,33
CC.REM.,2026,34
CC.REM.,2026,35
CC.REM.,2026,121
CC.REM.,2026,122
CC.REM.,2026,123
CC.REM.,2026,125
CC.REM.,2026,152
CC.REM.,2026,153
CC.REM.,2026,154
CC.REM.,2026,182
CC.REM.,2026,183
CC.REM.,2026,184
CC.REM.,2026,185
CC.REM.,2026,186
CC.REM.,2026,187
CC.REM.,2026,188
CC.REM.,2026,189
CC.REM.,2026,201
CC.REM.,2026,202
CC.REM.,2026,203
CC.REM.,2026,204
CC.REM.,2026,205
CC.REM.,2026,206
CC.REM.,2026,207
CC.RUSH.,2026,32
CC.RUSH.,2026,33
CC.RUSH.,2026,34
CC.RUSH.,2026,35
CC.RUSH.,2026,121
CC.RUSH.,2026,122
CC.RUSH.,2026,123
CC.RUSH.,2026,125
CC.RUSH.,2026,152
CC.RUSH.,2026,153
CC.RUSH.,2026,154
CC.RUSH.,2026,182
CC.RUSH.,2026,183
CC.RUSH.,2026,184
CC.RUSH.,2026,185
CC.RUSH.,2026,186
CC.RUSH.,2026,187
CC.RUSH.,2026,188
CC.RUSH.,2026,189
CC.RUSH.,2026,201
CC.RUSH.,2026,202
CC.RUSH.,2026,203
CC.RUSH.,2026,204
CC.RUSH.,2026,205
CC.RUSH.,2026,206
CC.SEP.,2026,21
CC.SEP.,2026,22
CC.SEP.,2026,23
CC.SEP.,2026,24
CC.SEP.,2026,25
CC.SEP.,2026,26
CC.SEP.,2026,27
CC.SEP.,2026,28
CC.SEP.,2026,29
CC.SEP.,2026,30
CC.SEP.,2026,31
CC.SEP.,2026,32
CC.SEP.,2026,33
CC.SEP.,2026,34
CC.SEP.,2026,35
CC.SEP.,2026,36
CC.SEP.,2026,121
CC.SEP.,2026,122
CC.SEP.,2026,123
CC.SEP.,2026,124
CC.SEP.,2026,125
CC.SEP.,2026,126
CC.SEP.,2026,127
CC.SEP.,2026,128
CC.SEP.,2026,129
CC.SEP.,2026,130
CC.SEP.,2026,131
CC.SEP.,2026,132
CC.SEP.,2026,133
CC.SEP.,2026,134
CC.SEP.,2026,135
CC.SEP.,2026,136
CC.SEP.,2026,137
CC.SEP.,2026,141
CC.SEP.,2026,142
CC.SEP.,2026,143
CC.SEP.,2026,144
CC.SEP.,2026,145
CC.SEP.,2026,146
CC.SEP.,2026,147
CC.SEP.,2026,148
CC.SEP.,2026,149
CC.SEP.,2026,150
CC.SEP.,2026,151
CC.SEP.,2026,152
CC.SEP.,2026,153
CC.SEP.,2026,154
CC.SEP.,2026,155
CC.SEP.,2026,156
CC.SEP.,2026,157
CC.SEP.,2026,158
CC.SEP.,2026,181
CC.SEP.,2026,182
CC.SEP.,2026,183
CC.SEP.,2026,184
CC.SEP.,2026,185
CC.SEP.,2026,186
CC.SEP.,2026,187
CC.SEP.,2026,188
CC.SEP.,2026,189
CC.SEP.,2026,201
CC.SEP.,2026,202
CC.SEP.,2026,203
CC.SEP.,2026,204
CC.SEP.,2026,205
CC.SEP.,2026,206
CC.SEP.,2026,207
CC.SHRK.,2026,32
CC.SHRK.,2026,33
CC.SHRK.,2026,34
CC.SHRK.,2026,35
CC.SHRK.,2026,121
CC.SHRK.,2026,122
CC.SHRK.,2026,123
CC.SHRK.,2026,125
CC.SHRK.,2026,147
CC.SHRK.,2026,148
CC.SHRK.,2026,149
CC.SHRK.,2026,150
CC.SHRK.,2026,151
CC.SHRK.,2026,152
CC.SHRK.,2026,153
CC.SHRK.,2026,154
CC.SHRK.,2026,155
CC.SHRK.,2026,156
CC.SHRK.,2026,157
CC.SHRK.,2026,158
CC.SHRK.,2026,181
CC.SHRK.,2026,182
CC.SHRK.,2026,183
CC.SHRK.,2026,184
CC.SHRK.,2026,185
CC.SHRK.,2026,186
CC.SHRK.,2026,187
CC.SHRK.,2026,188
CC.SHRK.,2026,189
CC.SHRK.,2026,201
CC.SHRK.,2026,202
CC.SHRK.,2026,203
CC.SHRK.,2026,204
CC.SHRK.,2026,205
CC.SHRK.,2026,206
CC.SIFT.,2026,32
CC.SIFT.,2026,33
CC.SIFT.,2026,34
CC.SIFT.,2026,35
CC.SIFT.,2026,121
CC.SIFT.,2026,122
CC.SIFT.,2026,123
CC.SIFT.,2026,125
CC.SIFT.,2026,152
CC.SIFT.,2026,153
CC.SIFT.,2026,182
CC.SIFT.,2026,183
CC.SIFT.,2026,184
CC.SIFT.,2026,185
CC.SIFT.,2026,186
CC.SIFT.,2026,187
CC.SIFT.,2026,188
CC.SIFT.,2026,189
CC.SIFT.,2026,201
CC.SIFT.,2026,202
CC.SIFT.,2026,203
CC.SIFT.,2026,204
CC.SIFT.,2026,205
CC.SIFT.,2026,206
CC.SQCH.,2026,32
CC.SQCH.,2026,33
CC.SQCH.,2026,34
CC.SQCH.,2026,35
CC.SQCH.,2026,121
CC.SQCH.,2026,122
CC.SQCH.,2026,123
CC.SQCH.,2026,125
CC.SQCH.,2026,152
CC.SQCH.,2026,153
CC.SQCH.,2026,182
CC.SQCH.,2026,183
CC.SQCH.,2026,184
CC.SQCH.,2026,185
CC.SQCH.,2026,186
CC.SQCH.,2026,187
CC.SQCH.,2026,188
CC.SQCH.,2026,189
CC.SQCH.,2026,201
CC.SQCH.,2026,202
CC.SQCH.,2026,203
CC.SQCH.,2026,204
CC.SQCH.,2026,205
CC.SQCH.,2026,206
CC.SRUC.,2026,32
CC.SRUC.,2026,33
CC.SRUC.,2026,34
CC.SRUC.,2026,35
CC.SRUC.,2026,121
CC.SRUC.,2026,122
CC.SRUC.,2026,123
CC.SRUC.,2026,125
CC.SRUC.,2026,152
CC.SRUC.,2026,153
CC.SRUC.,2026,182
CC.SRUC.,2026,183
CC.SRUC.,2026,184
CC.SRUC.,2026,185
CC.SRUC.,2026,186
CC.SRUC.,2026,187
CC.SRUC.,2026,188
CC.SRUC.,2026,189
CC.SRUC.,2026,201
CC.SRUC.,2026,202
CC.SRUC.,2026,203
CC.SRUC.,2026,204
CC.SRUC.,2026,205
CC.SRUC.,2026,206
CC.STD.,2026,21
CC.STD.,2026,22
CC.STD.,2026,23
CC.STD.,2026,24
CC.STD.,2026,25
CC.STD.,2026,26
CC.STD.,2026,27
CC.STD.,2026,28
CC.STD.,2026,29
CC.STD.,2026,30
CC.STD.,2026,31
CC.STD.,2026,32
CC.STD.,2026,33
CC.STD.,2026,34
CC.STD.,2026,35
CC.STD.,2026,36
CC.STD.,2026,121
CC.STD.,2026,122
CC.STD.,2026,123
CC.STD.,2026,124
CC.STD.,2026,125
CC.STD.,2026,126
CC.STD.,2026,127
CC.STD.,2026,128
CC.STD.,2026,129
CC.STD.,2026,130
CC.STD.,2026,131
CC.STD.,2026,132
CC.STD.,2026,133
CC.STD.,2026,134
CC.STD.,2026,135
CC.STD.,2026,136
CC.STD.,2026,137
CC.STD.,2026,141
CC.STD.,2026,142
CC.STD.,2026,143
CC.STD.,2026,144
CC.STD.,2026,145
CC.STD.,2026,146
CC.STD.,2026,147
CC.STD.,2026,148
CC.STD.,2026,149
CC.STD.,2026,150
CC.STD.,2026,151
CC.STD.,2026,152
CC.STD.,2026,153
CC.STD.,2026,154
CC.STD.,2026,155
CC.STD.,2026,156
CC.STD.,2026,157
CC.STD.,2026,158
CC.STD.,2026,181
CC.STD.,2026,182
CC.STD.,2026,183
CC.STD.,2026,184
CC.STD.,2026,185
CC.STD.,2026,186
CC.STD.,2026,187
CC.STD.,2026,188
CC.STD.,2026,189
CC.STD.,2026,201
CC.STD.,2026,202
CC.STD.,2026,203
CC.STD.,2026,204
CC.STD.,2026,205
CC.STD.,2026,206
CC.STD.,2026,207
CC.STD.01,2026,32
CC.STD.01,2026,33
CC.STD.01,2026,34
CC.STD.01,2026,35
CC.STD.01,2026,121
CC.STD.01,2026,122
CC.STD.01,2026,123
CC.STD.01,2026,125
CC.STD.01,2026,152
CC.STD.01,2026,153
CC.STD.01,2026,182
CC.STD.01,2026,183
CC.STD.01,2026,184
CC.STD.01,2026,185
CC.STD.01,2026,186
CC.STD.01,2026,187
CC.STD.01,2026,188
CC.STD.01,2026,189
CC.STD.01,2026,201
CC.STD.01,2026,202
CC.STD.01,2026,203
CC.STD.01,2026,204
CC.STD.01,2026,205
CC.STD.01,2026,206
CC.STD.01,2026,207
CC.STYX.,2026,32
CC.STYX.,2026,33
CC.STYX.,2026,34
CC.STYX.,2026,35
CC.STYX.,2026,121
CC.STYX.,2026,122
CC.STYX.,2026,123
CC.STYX.,2026,125
CC.STYX.,2026,152
CC.STYX.,2026,153
CC.STYX.,2026,182
CC.STYX.,2026,183
CC.STYX.,2026,184
CC.STYX.,2026,185
CC.STYX.,2026,186
CC.STYX.,2026,187
CC.STYX.,2026,188
CC.STYX.,2026,189
CC.STYX.,2026,201
CC.STYX.,2026,202
CC.STYX.,2026,203
CC.STYX.,2026,204
CC.STYX.,2026,205
CC.STYX.,2026,206
CC.SUG.,2026,21
CC.SUG.,2026,22
CC.SUG.,2026,23
CC.SUG.,2026,24
CC.SUG.,2026,25
CC.SUG.,2026,26
CC.SUG.,2026,27
CC.SUG.,2026,28
CC.SUG.,2026,29
CC.SUG.,2026,30
CC.SUG.,2026,31
CC.SUG.,2026,32
CC.SUG.,2026,33
CC.SUG.,2026,34
CC.SUG.,2026,35
CC.SUG.,2026,36
CC.SUG.,2026,121
CC.SUG.,2026,122
CC.SUG.,2026,123
CC.SUG.,2026,124
CC.SUG.,2026,125
CC.SUG.,2026,126
CC.SUG.,2026,127
CC.SUG.,2026,128
CC.SUG.,2026,129
CC.SUG.,2026,130
CC.SUG.,2026,131
CC.SUG.,2026,132
CC.SUG.,2026,133
CC.SUG.,2026,134
CC.SUG.,2026,135
CC.SUG.,2026,136
CC.SUG.,2026,137
CC.SUG.,2026,141
CC.SUG.,2026,142
CC.SUG.,2026,143
CC.SUG.,2026,144
CC.SUG.,2026,145
CC.SUG.,2026,146
CC.SUG.,2026,147
CC.SUG.,2026,148
CC.SUG.,2026,149
CC.SUG.,2026,150
CC.SUG.,2026,151
CC.SUG.,2026,152
CC.SUG.,2026,153
CC.SUG.,2026,154
CC.SUG.,2026,155
CC.SUG.,2026,156
CC.SUG.,2026,157
CC.SUG.,2026,158
CC.SUG.,2026,181
CC.SUG.,2026,182
CC.SUG.,2026,183
CC.SUG.,2026,184
CC.SUG.,2026,185
CC.SUG.,2026,186
CC.SUG.,2026,187
CC.SUG.,2026,188
CC.SUG.,2026,189
CC.SUG.,2026,201
CC.SUG.,2026,202
CC.SUG.,2026,203
CC.SUG.,2026,204
CC.SUG.,2026,205
CC.SUG.,2026,206
CC.SUG.,2026,207
CC.SVIC.,2026,21
CC.SVIC.,2026,22
CC.SVIC.,2026,23
CC.SVIC.,2026,24
CC.SVIC.,2026,25
CC.SVIC.,2026,26
CC.SVIC.,2026,27
CC.SVIC.,2026,28
CC.SVIC.,2026,29
CC.SVIC.,2026,30
CC.SVIC.,2026,31
CC.SVIC.,2026,32
CC.SVIC.,2026,33
CC.SVIC.,2026,34
CC.SVIC.,2026,35
CC.SVIC.,2026,36
CC.SVIC.,2026,121
CC.SVIC.,2026,122
CC.SVIC.,2026,123
CC.SVIC.,2026,124
CC.SVIC.,2026,125
CC.SVIC.,2026,126
CC.SVIC.,2026,127
CC.SVIC.,2026,128
CC.SVIC.,2026,129
CC.SVIC.,2026,130
CC.SVIC.,2026,131
CC.SVIC.,2026,132
CC.SVIC.,2026,133
CC.SVIC.,2026,134
CC.SVIC.,2026,135
CC.SVIC.,2026,136
CC.SVIC.,2026,137
CC.SVIC.,2026,141
CC.SVIC.,2026,142
CC.SVIC.,2026,143
CC.SVIC.,2026,144
CC.SVIC.,2026,145
CC.SVIC.,2026,146
CC.SVIC.,2026,147
CC.SVIC.,2026,148
CC.SVIC.,2026,149
CC.SVIC.,2026,150
CC.SVIC.,2026,151
CC.SVIC.,2026,152
CC.SVIC.,2026,153
CC.SVIC.,2026,154
CC.SVIC.,2026,155
CC.SVIC.,2026,156
CC.SVIC.,2026,157
CC.SVIC.,2026,158
CC.SVIC.,2026,181
CC.SVIC.,2026,182
CC.SVIC.,2026,183
CC.SVIC.,2026,184
CC.SVIC.,2026,185
CC.SVIC.,2026,186
CC.SVIC.,2026,187
CC.SVIC.,2026,188
CC.SVIC.,2026,189
CC.SVIC.,2026,201
CC.SVIC.,2026,202
CC.SVIC.,2026,203
CC.SVIC.,2026,204
CC.SVIC.,2026,205
CC.SVIC.,2026,206
CC.SVIC.,2026,207
CC.SWF2.,2026,32
CC.SWF2.,2026,33
CC.SWF2.,2026,34
CC.SWF2.,2026,35
CC.SWF2.,2026,121
CC.SWF2.,2026,122
CC.SWF2.,2026,123
CC.SWF2.,2026,125
CC.SWF2.,2026,152
CC.SWF2.,2026,153
CC.SWF2.,2026,182
CC.SWF2.,2026,183
CC.SWF2.,2026,184
CC.SWF2.,2026,185
CC.SWF2.,2026,186
CC.SWF2.,2026,187
CC.SWF2.,2026,188
CC.SWF2.,2026,189
CC.SWF2.,2026,201
CC.SWF2.,2026,202
CC.SWF2.,2026,203
CC.SWF2.,2026,204
CC.SWF2.,2026,205
CC.SWF2.,2026,206
CC.SWNB.,2026,32
CC.SWNB.,2026,33
CC.SWNB.,2026,34
CC.SWNB.,2026,35
CC.SWNB.,2026,121
CC.SWNB.,2026,122
CC.SWNB.,2026,123
CC.SWNB.,2026,125
CC.SWNB.,2026,152
CC.SWNB.,2026,153
CC.SWNB.,2026,182
CC.SWNB.,2026,183
CC.SWNB.,2026,184
CC.SWNB.,2026,185
CC.SWNB.,2026,186
CC.SWNB.,2026,187
CC.SWNB.,2026,188
CC.SWNB.,2026,189
CC.SWNB.,2026,201
CC.SWNB.,2026,202
CC.SWNB.,2026,203
CC.SWNB.,2026,204
CC.SWNB.,2026,205
CC.SWNB.,2026,206
CC.TABR.,2026,32
CC.TABR.,2026,33
CC.TABR.,2026,34
CC.TABR.,2026,35
CC.TABR.,2026,121
CC.TABR.,2026,122
CC.TABR.,2026,123
CC.TABR.,2026,125
CC.TABR.,2026,152
CC.TABR.,2026,153
CC.TABR.,2026,182
CC.TABR.,2026,183
CC.TABR.,2026,184
CC.TABR.,2026,185
CC.TABR.,2026,186
CC.TABR.,2026,187
CC.TABR.,2026,188
CC.TABR.,2026,201
CC.TABR.,2026,202
CC.TABR.,2026,203
CC.TABR.,2026,204
CC.TABR.,2026,205
CC.TABR.,2026,206
CI.ACP.2C,2026,141
CI.ADO.2C,2026,141
CI.AGM.2C,2026,141
CI.AGO.2C,2026,141
CI.ALP.2C,2026,141
CI.APL.,2026,141
CI.APL.2C,2026,141
CI.ARV.2C,2026,141
CI.ASP.2C,2026,141
CI.AVC.2C,2026,141
CI.AVM.2C,2026,141
CI.BAC.2C,2026,141
CI.BAI.2C,2026,141
CI.BAK.2C,2026,141
CI.BAR.2C,2026,141
CI.BBR.,2026,32
CI.BBR.,2026,33
CI.BBR.,2026,34
CI.BBS.,2026,32
CI.BBS.,2026,33
CI.BBS.,2026,34
CI.BC3.,2026,32
CI.BC3.,2026,33
CI.BC3.,2026,34
CI.BCH.,2026,32
CI.BCH.,2026,33
CI.BCH.,2026,34
CI.BCW.,2026,32
CI.BCW.,2026,33
CI.BCW.,2026,34
CI.BFS.,2026,32
CI.BFS.,2026,33
CI.BHP.,2026,32
CI.BHP.,2026,33
CI.BHP.,2026,34
CI.BLA2.,2026,32
CI.BLA2.,2026,33
CI.BLC.,2026,32
CI.BLC.,2026,33
CI.BLY.,2026,32
CI.BLY.,2026,33
CI.BOM.,2026,32
CI.BOM.,2026,33
CI.BOR.,2026,32
CI.BOR.,2026,33
CI.BRE.,2026,61
CI.BRE.,2026,62
CI.BRE.,2026,63
CI.BRE.,2026,64
CI.BRE.,2026,65
CI.BRE.,2026,66
CI.BRE.,2026,67
CI.BRE.,2026,68
CI.BRE.,2026,69
CI.BTL2.,2026,61
CI.BTL2.,2026,62
CI.BTL2.,2026,63
CI.BTL2.,2026,64
CI.BTL2.,2026,65
CI.BTL2.,2026,66
CI.BTL2.,2026,67
CI.BTL2.,2026,68
CI.BTL2.,2026,69
CI.BTP.,2026,61
CI.BTP.,2026,62
CI.BTP.,2026,63
CI.BTP.,2026,64
CI.BTP.,2026,65
CI.BTP.,2026,66
CI.BTP.,2026,67
CI.BTP.,2026,68
CI.BTP.,2026,69
CI.BTP.,2026,71
CI.BTP.2C,2026,61
CI.BTP.2C,2026,62
CI.BTP.2C,2026,63
CI.BTP.2C,2026,64
CI.BTP.2C,2026,65
CI.BTP.2C,2026,66
CI.BTP.2C,2026,67
CI.BTP.2C,2026,68
CI.BTP.2C,2026,69
CI.BTP.2C,2026,70
CI.BTP.2C,2026,71
CI.BTP.2C,2026,72
CI.BUE.,2026,61
CI.BUE.,2026,62
CI.BUE.,2026,63
CI.BUE.,2026,64
CI.BUE.,2026,65
CI.BUE.,2026,66
CI.BUE.,2026,67
CI.BUE.,2026,68
CI.BUE.,2026,69
CI.BUE.2C,2026,61
CI.BUE.2C,2026,62
CI.BUE.2C,2026,63
CI.BUE.2C,2026,64
CI.BUE.2C,2026,65
CI.BUE.2C,2026,66
CI.BUE.2C,2026,67
CI.BUE.2C,2026,68
CI.BUE.2C,2026,69
CI.BUE.2C,2026,70
CI.BUE.2C,2026,71
CI.BUE.2C,2026,72
CI.CAC.,2026,61
CI.CAC.,2026,62
CI.CAC.,2026,63
CI.CAC.,2026,64
CI.CAC.,2026,65
CI.CAC.,2026,66
CI.CAC.,2026,67
CI.CAC.,2026,68
CI.CAC.,2026,69
CI.CAC.,2026,70
CI.CAC.,2026,71
CI.CAC.2C,2026,61
CI.CAC.2C,2026,62
CI.CAC.2C,2026,63
CI.CAC.2C,2026,64
CI.CAC.2C,2026,65
CI.CAC.2C,2026,66
CI.CAC.2C,2026,67
CI.CAC.2C,2026,68
CI.CAC.2C,2026,69
CI.CAC.2C,2026,70
CI.CAC.2C,2026,71
CI.CAC.2C,2026,72
CI.CAR.,2026,61
CI.CAR.,2026,62
CI.CAR.,2026,63
CI.CAR.,2026,64
CI.CAR.,2026,65
CI.CAR.,2026,66
CI.CAR.,2026,67
CI.CAR.,2026,68
CI.CAR.,2026,69
CI.CAR.,2026,70
CI.CAR.,2026,71
CI.CAR.,2026,72
CI.CAR.2C,2026,61
CI.CAR.2C,2026,62
CI.CAR.2C,2026,63
CI.CAR.2C,2026,64
CI.CAR.2C,2026,65
CI.CAR.2C,2026,66
CI.CAR.2C,2026,67
CI.CAR.2C,2026,68
CI.CAR.2C,2026,69
CI.CAR.2C,2026,70
CI.CAR.2C,2026,71
CI.CAR.2C,2026,72
CI.CBC.,2026,61
CI.CBC.,2026,62
CI.CBC.,2026,63
CI.CBC.,2026,64
CI.CBC.,2026,65
CI.CBC.,2026,66
CI.CBC.,2026,67
CI.CBC.,2026,68
CI.CBC.,2026,69
CI.CBC.,2026,70
CI.CBC.,2026,71
CI.CBC.,2026,72
CI.CBC.10,2026,61
CI.CBC.10,2026,62
CI.CBC.10,2026,63
CI.CBC.10,2026,64
CI.CBC.10,2026,65
CI.CBC.10,2026,66
CI.CBC.10,2026,67
CI.CBC.10,2026,68
CI.CBC.10,2026,69
CI.CBC.10,2026,70
CI.CBC.2C,2026,61
CI.CBC.2C,2026,62
CI.CBC.2C,2026,63
CI.CBC.2C,2026,64
CI.CBC.2C,2026,65
CI.CBC.2C,2026,66
CI.CBC.2C,2026,67
CI.CBC.2C,2026,68
CI.CBC.2C,2026,69
CI.CBC.2C,2026,70
CI.CBC.2C,2026,71
CI.CBC.2C,2026,72
CI.CBC.30,2026,61
CI.CBC.30,2026,62
CI.CBC.30,2026,63
CI.CBC.30,2026,64
CI.CBC.30,2026,65
CI.CBC.30,2026,66
CI.CBC.30,2026,67
CI.CBC.30,2026,68
CI.CBC.30,2026,69
CI.CBC.40,2026,61
CI.CBC.40,2026,62
CI.CBC.40,2026,63
CI.CBC.40,2026,64
CI.CBC.40,2026,65
CI.CBC.40,2026,66
CI.CBC.40,2026,67
CI.CBC.40,2026,68
CI.CBC.40,2026,69
CI.CBC.41,2026,61
CI.CBC.41,2026,62
CI.CBC.41,2026,63
CI.CBC.41,2026,64
CI.CBC.41,2026,65
CI.CBC.41,2026,66
CI.CBC.41,2026,67
CI.CBC.41,2026,68
CI.CCA.,2026,61
CI.CCA.,2026,62
CI.CCA.,2026,63
CI.CCA.,2026,64
CI.CCA.,2026,65
CI.CCA.,2026,66
CI.CCA.,2026,67
CI.CCA.,2026,68
CI.CCA.2C,2026,61
CI.CCA.2C,2026,62
CI.CCA.2C,2026,63
CI.CCA.2C,2026,64
CI.CCA.2C,2026,65
CI.CCA.2C,2026,66
CI.CCA.2C,2026,67
CI.CCA.2C,2026,68
CI.CCA.2C,2026,69
CI.CCA.2C,2026,70
CI.CCA.2C,2026,71
CI.CCA.2C,2026,72
CI.CCC.,2026,61
CI.CCC.,2026,62
CI.CCC.,2026,63
CI.CCC.,2026,64
CI.CCC.,2026,65
CI.CCC.,2026,66
CI.CCC.,2026,67
CI.CCC.,2026,68
CI.CCC.2C,2026,61
CI.CCC.2C,2026,62
CI.CCC.2C,2026,63
CI.CCC.2C,2026,64
CI.CCC.2C,2026,65
CI.CCC.2C,2026,66
CI.CCC.2C,2026,67
CI.CCC.2C,2026,68
CI.CCC.2C,2026,69
CI.CCC.2C,2026,70
CI.CCC.2C,2026,71
CI.CCC.2C,2026,72
CI.CCK.,2026,61
CI.CCK.,2026,62
CI.CCK.,2026,63
CI.CCK.,2026,64
CI.CCK.,2026,65
CI.CCK.,2026,66
CI.CCK.,2026,67
CI.CCK.,2026,68
CI.CCT.,2026,61
CI.CCT.,2026,62
CI.CCT.,2026,63
CI.CCT.,2026,64
CI.CCT.,2026,65
CI.CCT.,2026,66
CI.CCT.,2026,67
CI.CCT.,2026,68
CI.CDM.,2026,61
CI.CDM.,2026,62
CI.CDM.,2026,63
CI.CDM.,2026,64
CI.CDM.,2026,65
CI.CDM.,2026,66
CI.CDM.,2026,67
CI.CDM.,2026,68
CI.CVW.,2026,41
CI.CVW.,2026,42
CI.CVW.,2026,43
CI.CVW.,2026,44
CI.CVW.,2026,45
CI.CVW.,2026,46
CI.CVW.,2026,47
CI.CVW.,2026,48
CI.CVW.,2026,161
CI.CVW.,2026,162
CI.CVW.,2026,163
CI.CVW.,2026,164
CI.CVW.,2026,165
CI.CVW.,2026,166
CI.CVW.,2026,167
CI.CVW.,2026,168
CI.CVW.,2026,169
CI.CVW.,2026,170
CI.CVW.,2026,182
CI.CVW.,2026,183
CI.CVW.,2026,184
CI.CVW.,2026,185
CI.CVW.,2026,186
CI.CVW.,2026,187
CI.CVW.,2026,188
CI.CVW.,2026,213
CI.CVW.,2026,214
CI.CVW.,2026,215
CI.CVW.2C,2026,41
CI.CVW.2C,2026,42
CI.CVW.2C,2026,43
CI.CVW.2C,2026,44
CI.CVW.2C,2026,45
CI.CVW.2C,2026,46
CI.CVW.2C,2026,47
CI.CVW.2C,2026,48
CI.CVW.2C,2026,49
CI.CVW.2C,2026,50
CI.CVW.2C,2026,51
CI.CVW.2C,2026,52
CI.CVW.2C,2026,161
CI.CVW.2C,2026,162
CI.CVW.2C,2026,163
CI.CVW.2C,2026,164
CI.CVW.2C,2026,165
CI.CVW.2C,2026,166
CI.CVW.2C,2026,167
CI.CVW.2C,2026,168
CI.CVW.2C,2026,169
CI.CVW.2C,2026,170
CI.CVW.2C,2026,171
CI.CVW.2C,2026,172
CI.CVW.2C,2026,181
CI.CVW.2C,2026,182
CI.CVW.2C,2026,183
CI.CVW.2C,2026,184
CI.CVW.2C,2026,185
CI.CVW.2C,2026,186
CI.CVW.2C,2026,187
CI.CVW.2C,2026,188
CI.CVW.2C,2026,189
CI.CVW.2C,2026,190
CI.CVW.2C,2026,191
CI.CVW.2C,2026,192
CI.CVW.2C,2026,193
CI.CVW.2C,2026,194
CI.CVW.2C,2026,195
CI.CVW.2C,2026,201
CI.CVW.2C,2026,202
CI.CVW.2C,2026,203
CI.CVW.2C,2026,204
CI.CVW.2C,2026,205
CI.CVW.2C,2026,206
CI.CVW.2C,2026,207
CI.CVW.2C,2026,208
CI.CVW.2C,2026,209
CI.CVW.2C,2026,210
CI.CVW.2C,2026,211
CI.CVW.2C,2026,212
CI.CVW.2C,2026,213
CI.CVW.2C,2026,214
CI.CVW.2C,2026,215
CI.CWC.,2026,41
CI.CWC.,2026,42
CI.CWC.,2026,43
CI.CWC.,2026,44
CI.CWC.,2026,45
CI.CWC.,2026,46
CI.CWC.,2026,47
CI.CWC.,2026,48
CI.CWC.,2026,161
CI.CWC.,2026,162
CI.CWC.,2026,163
CI.CWC.,2026,164
CI.CWC.,2026,165
CI.CWC.,2026,166
CI.CWC.,2026,167
CI.CWC.,2026,168
CI.CWC.,2026,169
CI.CWC.,2026,170
CI.CWC.,2026,182
CI.CWC.,2026,183
CI.CWC.,2026,184
CI.CWC.,2026,185
CI.CWC.,2026,186
CI.CWC.,2026,187
CI.CWC.,2026,213
CI.CWC.,2026,214
CI.CWC.,2026,215
CI.CWC.2C,2026,41
CI.CWC.2C,2026,42
CI.CWC.2C,2026,43
CI.CWC.2C,2026,44
CI.CWC.2C,2026,45
CI.CWC.2C,2026,46
CI.CWC.2C,2026,47
CI.CWC.2C,2026,48
CI.CWC.2C,2026,49
CI.CWC.2C,2026,50
CI.CWC.2C,2026,51
CI.CWC.2C,2026,52
CI.CWC.2C,2026,161
CI.CWC.2C,2026,162
CI.CWC.2C,2026,163
CI.CWC.2C,2026,164
CI.CWC.2C,2026,165
CI.CWC.2C,2026,166
CI.CWC.2C,2026,167
CI.CWC.2C,2026,168
CI.CWC.2C,2026,169
CI.CWC.2C,2026,170
CI.CWC.2C,2026,171
CI.CWC.2C,2026,172
CI.CWC.2C,2026,181
CI.CWC.2C,2026,182
CI.CWC.2C,2026,183
CI.CWC.2C,2026,184
CI.CWC.2C,2026,185
CI.CWC.2C,2026,186
CI.CWC.2C,2026,187
CI.CWC.2C,2026,188
CI.CWC.2C,2026,189
CI.CWC.2C,2026,190
CI.CWC.2C,2026,191
CI.CWC.2C,2026,192
CI.CWC.2C,2026,193
CI.CWC.2C,2026,194
CI.CWC.2C,2026,195
CI.CWC.2C,2026,201
CI.CWC.2C,2026,202
CI.CWC.2C,2026,203
CI.CWC.2C,2026,204
CI.CWC.2C,2026,205
CI.CWC.2C,2026,206
CI.CWC.2C,2026,207
CI.CWC.2C,2026,208
CI.CWC.2C,2026,209
CI.CWC.2C,2026,210
CI.CWC.2C,2026,211
CI.CWC.2C,2026,212
CI.CWC.2C,2026,213
CI.CWC.2C,2026,214
CI.CWC.2C,2026,215
CI.CWP.,2026,41
CI.CWP.,2026,42
CI.CWP.,2026,43
CI.CWP.,2026,44
CI.CWP.,2026,45
CI.CWP.,2026,46
CI.CWP.,2026,47
CI.CWP.,2026,48
CI.CWP.,2026,161
CI.CWP.,2026,162
CI.CWP.,2026,163
CI.CWP.,2026,164
CI.CWP.,2026,165
CI.CWP.,2026,166
CI.CWP.,2026,167
CI.CWP.,2026,168
CI.CWP.,2026,169
CI.CWP.,2026,170
CI.CWP.,2026,182
CI.CWP.,2026,183
CI.CWP.,2026,184
CI.CWP.,2026,185
CI.CWP.,2026,186
CI.CWP.,2026,187
CI.CWP.,2026,213
CI.CWP.,2026,214
CI.CWP.2C,2026,41
CI.CWP.2C,2026,42
CI.CWP.2C,2026,43
CI.CWP.2C,2026,44
CI.CWP.2C,2026,45
CI.CWP.2C,2026,46
CI.CWP.2C,2026,47
CI.CWP.2C,2026,48
CI.CWP.2C,2026,49
CI.CWP.2C,2026,50
CI.CWP.2C,2026,51
CI.CWP.2C,2026,52
CI.CWP.2C,2026,161
CI.CWP.2C,2026,162
CI.CWP.2C,2026,163
CI.CWP.2C,2026,164
CI.CWP.2C,2026,165
CI.CWP.2C,2026,166
CI.CWP.2C,2026,167
CI.CWP.2C,2026,168
CI.CWP.2C,2026,169
CI.CWP.2C,2026,170
CI.CWP.2C,2026,171
CI.CWP.2C,2026,172
CI.CWP.2C,2026,181
CI.CWP.2C,2026,182
CI.CWP.2C,2026,183
CI.CWP.2C,2026,184
CI.CWP.2C,2026,185
CI.CWP.2C,2026,186
CI.CWP.2C,2026,187
CI.CWP.2C,2026,188
CI.CWP.2C,2026,189
CI.CWP.2C,2026,190
CI.CWP.2C,2026,191
CI.CWP.2C,2026,192
CI.CWP.2C,2026,193
CI.CWP.2C,2026,194
CI.CWP.2C,2026,195
CI.CWP.2C,2026,201
CI.CWP.2C,2026,202
CI.CWP.2C,2026,203
CI.CWP.2C,2026,204
CI.CWP.2C,2026,205
CI.CWP.2C,2026,206
CI.CWP.2C,2026,207
CI.CWP.2C,2026,208
CI.CWP.2C,2026,209
CI.CWP.2C,2026,210
CI.CWP.2C,2026,211
CI.CWP.2C,2026,212
CI.CWP.2C,2026,213
CI.CWP.2C,2026,214
CI.CWP.2C,2026,215
CI.CYP.,2026,41
CI.CYP.,2026,42
CI.CYP.,2026,43
CI.CYP.,2026,44
CI.CYP.,2026,45
CI.CYP.,2026,46
CI.CYP.,2026,47
CI.CYP.,2026,161
CI.CYP.,2026,162
CI.CYP.,2026,163
CI.CYP.,2026,164
CI.CYP.,2026,165
CI.CYP.,2026,166
CI.CYP.,2026,167
CI.CYP.,2026,168
CI.CYP.,2026,169
CI.CYP.,2026,170
CI.CYP.,2026,182
CI.CYP.,2026,183
CI.CYP.,2026,184
CI.CYP.,2026,185
CI.CYP.,2026,186
CI.CYP.,2026,187
CI.CYP.,2026,213
CI.CYP.,2026,214
CI.CYP.2C,2026,41
CI.CYP.2C,2026,42
CI.CYP.2C,2026,43
CI.CYP.2C,2026,44
CI.CYP.2C,2026,45
CI.CYP.2C,2026,46
CI.CYP.2C,2026,47
CI.CYP.2C,2026,48
CI.CYP.2C,2026,49
CI.CYP.2C,2026,50
CI.CYP.2C,2026,51
CI.CYP.2C,2026,52
CI.CYP.2C,2026,161
CI.CYP.2C,2026,162
CI.CYP.2C,2026,163
CI.CYP.2C,2026,164
CI.CYP.2C,2026,165
CI.CYP.2C,2026,166
CI.CYP.2C,2026,167
CI.CYP.2C,2026,168
CI.CYP.2C,2026,169
CI.CYP.2C,2026,170
CI.CYP.2C,2026,171
CI.CYP.2C,2026,172
CI.CYP.2C,2026,181
CI.CYP.2C,2026,182
CI.CYP.2C,2026,183
CI.CYP.2C,2026,184
CI.CYP.2C,2026,185
CI.CYP.2C,2026,186
CI.CYP.2C,2026,187
CI.CYP.2C,2026,188
CI.CYP.2C,2026,189
CI.CYP.2C,2026,190
CI.CYP.2C,2026,191
CI.CYP.2C,2026,192
CI.CYP.2C,2026,193
CI.CYP.2C,2026,194
CI.CYP.2C,2026,195
CI.CYP.2C,2026,201
CI.CYP.2C,2026,202
CI.CYP.2C,2026,203
CI.CYP.2C,2026,204
CI.CYP.2C,2026,205
CI.CYP.2C,2026,206
CI.CYP.2C,2026,207
CI.CYP.2C,2026,208
CI.CYP.2C,2026,209
CI.CYP.2C,2026,210
CI.CYP.2C,2026,211
CI.CYP.2C,2026,212
CI.CYP.2C,2026,213
CI.CYP.2C,2026,214
CI.CYP.2C,2026,215
CI.CZN.,2026,41
CI.CZN.,2026,42
CI.CZN.,2026,43
CI.CZN.,2026,44
CI.CZN.,2026,45
CI.CZN.,2026,46
CI.CZN.,2026,47
CI.CZN.,2026,161
CI.CZN.,2026,162
CI.CZN.,2026,163
CI.CZN.,2026,164
CI.CZN.,2026,165
CI.CZN.,2026,166
CI.CZN.,2026,167
CI.CZN.,2026,168
CI.CZN.,2026,169
CI.CZN.,2026,170
CI.CZN.,2026,182
CI.CZN.,2026,183
CI.CZN.,2026,184
CI.CZN.,2026,185
CI.CZN.,2026,186
CI.CZN.,2026,187
CI.CZN.,2026,213
CI.CZN.,2026,214
CI.CZN.2C,2026,41
CI.CZN.2C,2026,42
CI.CZN.2C,2026,43
CI.CZN.2C,2026,44
CI.CZN.2C,2026,45
CI.CZN.2C,2026,46
CI.CZN.2C,2026,47
CI.CZN.2C,2026,48
CI.CZN.2C,2026,49
CI.CZN.2C,2026,50
CI.CZN.2C,2026,51
CI.CZN.2C,2026,52
CI.CZN.2C,2026,161
CI.CZN.2C,2026,162
CI.CZN.2C,2026,163
CI.CZN.2C,2026,164
CI.CZN.2C,2026,165
CI.CZN.2C,2026,166
CI.CZN.2C,2026,167
CI.CZN.2C,2026,168
CI.CZN.2C,2026,169
CI.CZN.2C,2026,170
CI.CZN.2C,2026,171
CI.CZN.2C,2026,172
CI.CZN.2C,2026,181
CI.CZN.2C,2026,182
CI.CZN.2C,2026,183
CI.CZN.2C,2026,184
CI.CZN.2C,2026,185
CI.CZN.2C,2026,186
CI.CZN.2C,2026,187
CI.CZN.2C,2026,188
CI.CZN.2C,2026,189
CI.CZN.2C,2026,190
CI.CZN.2C,2026,191
CI.CZN.2C,2026,192
CI.CZN.2C,2026,193
CI.CZN.2C,2026,194
CI.CZN.2C,2026,195
CI.CZN.2C,2026,201
CI.CZN.2C,2026,202
CI.CZN.2C,2026,203
CI.CZN.2C,2026,204
CI.CZN.2C,2026,205
CI.CZN.2C,2026,206
CI.CZN.2C,2026,207
CI.CZN.2C,2026,208
CI.CZN.2C,2026,209
CI.CZN.2C,2026,210
CI.CZN.2C,2026,211
CI.CZN.2C,2026,212
CI.CZN.2C,2026,213
CI.CZN.2C,2026,214
CI.CZN.2C,2026,215
CI.DAN.,2026,41
CI.DAN.,2026,42
CI.DAN.,2026,43
CI.DAN.,2026,44
CI.DAN.,2026,45
CI.DAN.,2026,46
CI.DAN.,2026,47
CI.DAN.,2026,161
CI.DAN.,2026,162
CI.DAN.,2026,163
CI.DAN.,2026,164
CI.DAN.,2026,165
CI.DAN.,2026,166
CI.DAN.,2026,167
CI.DAN.,2026,168
CI.DAN.,2026,169
CI.DAN.,2026,170
CI.DAN.,2026,182
CI.DAN.,2026,183
CI.DAN.,2026,184
CI.DAN.,2026,185
CI.DAN.,2026,186
CI.DAN.,2026,187
CI.DAN.,2026,213
CI.DAN.,2026,214
CI.DAN.2C,2026,41
CI.DAN.2C,2026,42
CI.DAN.2C,2026,43
CI.DAN.2C,2026,44
CI.DAN.2C,2026,45
CI.DAN.2C,2026,46
CI.DAN.2C,2026,47
CI.DAN.2C,2026,48
CI.DAN.2C,2026,49
CI.DAN.2C,2026,50
CI.DAN.2C,2026,51
CI.DAN.2C,2026,52
CI.DAN.2C,2026,161
CI.DAN.2C,2026,162
CI.DAN.2C,2026,163
CI.DAN.2C,2026,164
CI.DAN.2C,2026,165
CI.DAN.2C,2026,166
CI.DAN.2C,2026,167
CI.DAN.2C,2026,168
CI.DAN.2C,2026,169
CI.DAN.2C,2026,170
CI.DAN.2C,2026,171
CI.DAN.2C,2026,172
CI.DAN.2C,2026,181
CI.DAN.2C,2026,182
CI.DAN.2C,2026,183
CI.DAN.2C,2026,184
CI.DAN.2C,2026,185
CI.DAN.2C,2026,186
CI.DAN.2C,2026,187
CI.DAN.2C,2026,188
CI.DAN.2C,2026,189
CI.DAN.2C,2026,190
CI.DAN.2C,2026,191
CI.DAN.2C,2026,192
CI.DAN.2C,2026,193
CI.DAN.2C,2026,194
CI.DAN.2C,2026,195
CI.DAN.2C,2026,201
CI.DAN.2C,2026,202
CI.DAN.2C,2026,203
CI.DAN.2C,2026,204
CI.DAN.2C,2026,205
CI.DAN.2C,2026,206
CI.DAN.2C,2026,207
CI.DAN.2C,2026,208
CI.DAN.2C,2026,209
CI.DAN.2C,2026,210
CI.DAN.2C,2026,211
CI.DAN.2C,2026,212
CI.DAN.2C,2026,213
CI.DAN.2C,2026,214
CI.DAN.2C,2026,215
CI.DAW.,2026,41
CI.DAW.,2026,42
CI.DAW.,2026,43
CI.DAW.,2026,44
CI.DAW.,2026,45
CI.DAW.,2026,46
CI.DAW.,2026,47
CI.DAW.,2026,161
CI.DAW.,2026,162
CI.DAW.,2026,163
CI.DAW.,2026,164
CI.DAW.,2026,165
CI.DAW.,2026,166
CI.DAW.,2026,167
CI.DAW.,2026,168
CI.DAW.,2026,169
CI.DAW.,2026,170
CI.DAW.,2026,182
CI.DAW.,2026,183
CI.DAW.,2026,184
CI.DAW.,2026,185
CI.DAW.,2026,186
CI.DAW.,2026,187
CI.DAW.,2026,213
CI.DAW.,2026,214
CI.DAW.2C,2026,41
CI.DAW.2C,2026,42
CI.DAW.2C,2026,43
CI.DAW.2C,2026,44
CI.DAW.2C,2026,45
CI.DAW.2C,2026,46
CI.DAW.2C,2026,47
CI.DAW.2C,2026,48
CI.DAW.2C,2026,49
CI.DAW.2C,2026,50
CI.DAW.2C,2026,51
CI.DAW.2C,2026,52
CI.DAW.2C,2026,161
CI.DAW.2C,2026,162
CI.DAW.2C,2026,163
CI.DAW.2C,2026,164
CI.DAW.2C,2026,165
CI.DAW.2C,2026,166
CI.DAW.2C,2026,167
CI.DAW.2C,2026,168
CI.DAW.2C,2026,169
CI.DAW.2C,2026,170
CI.DAW.2C,2026,171
CI.DAW.2C,2026,172
CI.DAW.2C,2026,181
CI.DAW.2C,2026,182
CI.DAW.2C,2026,183
CI.DAW.2C,2026,184
CI.DAW.2C,2026,185
CI.DAW.2C,2026,186
CI.DAW.2C,2026,187
CI.DAW.2C,2026,188
CI.DAW.2C,2026,189
CI.DAW.2C,2026,190
CI.DAW.2C,2026,191
CI.DAW.2C,2026,192
CI.DAW.2C,2026,193
CI.DAW.2C,2026,194
CI.DAW.2C,2026,195
CI.DAW.2C,2026,201
CI.DAW.2C,2026,202
CI.DAW.2C,2026,203
CI.DAW.2C,2026,204
CI.DAW.2C,2026,205
CI.DAW.2C,2026,206
CI.DAW.2C,2026,207
CI.DAW.2C,2026,208
CI.DAW.2C,2026,209
CI.DAW.2C,2026,210
CI.DAW.2C,2026,211
CI.DAW.2C,2026,212
CI.DAW.2C,2026,213
CI.DAW.2C,2026,214
CI.DAW.2C,2026,215
CI.DEC.,2026,41
CI.DEC.,2026,42
CI.DEC.,2026,43
CI.DEC.,2026,44
CI.DEC.,2026,45
CI.DEC.,2026,46
CI.DEC.,2026,47
CI.DEC.,2026,161
CI.DEC.,2026,162
CI.DEC.,2026,163
CI.DEC.,2026,164
CI.DEC.,2026,165
CI.DEC.,2026,166
CI.DEC.,2026,167
CI.DEC.,2026,168
CI.DEC.,2026,169
CI.DEC.,2026,182
CI.DEC.,2026,183
CI.DEC.,2026,184
CI.DEC.,2026,185
CI.DEC.,2026,186
CI.DEC.,2026,187
CI.DEC.,2026,213
CI.DEC.,2026,214
CI.DEV.,2026,41
CI.DEV.,2026,42
CI.DEV.,2026,43
CI.DEV.,2026,44
CI.DEV.,2026,45
CI.DEV.,2026,46
CI.DEV.,2026,47
CI.DEV.,2026,161
CI.DEV.,2026,162
CI.DEV.,2026,163
CI.DEV.,2026,164
CI.DEV.,2026,165
CI.DEV.,2026,166
CI.DEV.,2026,167
CI.DEV.,2026,168
CI.DEV.,2026,169
CI.DEV.,2026,182
CI.DEV.,2026,183
CI.DEV.,2026,184
CI.DEV.,2026,185
CI.DEV.,2026,186
CI.DEV.,2026,187
CI.DEV.,2026,213
CI.DEV.,2026,214
CI.DEV.2C,2026,41
CI.DEV.2C,2026,42
CI.DEV.2C,2026,43
CI.DEV.2C,2026,44
CI.DEV.2C,2026,45
CI.DEV.2C,2026,46
CI.DEV.2C,2026,47
CI.DEV.2C,2026,48
CI.DEV.2C,2026,49
CI.DEV.2C,2026,50
CI.DEV.2C,2026,51
CI.DEV.2C,2026,52
CI.DEV.2C,2026,161
CI.DEV.2C,2026,162
CI.DEV.2C,2026,163
CI.DEV.2C,2026,164
CI.DEV.2C,2026,165
CI.DEV.2C,2026,166
CI.DEV.2C,2026,167
CI.DEV.2C,2026,168
CI.DEV.2C,2026,169
CI.DEV.2C,2026,170
CI.DEV.2C,2026,171
CI.DEV.2C,2026,172
CI.DEV.2C,2026,181
CI.DEV.2C,2026,182
CI.DEV.2C,2026,183
CI.DEV.2C,2026,184
CI.DEV.2C,2026,185
CI.DEV.2C,2026,186
CI.DEV.2C,2026,187
CI.DEV.2C,2026,188
CI.DEV.2C,2026,189
CI.DEV.2C,2026,190
CI.DEV.2C,2026,191
CI.DEV.2C,2026,192
CI.DEV.2C,2026,193
CI.DEV.2C,2026,194
CI.DEV.2C,2026,195
CI.DEV.2C,2026,201
CI.DEV.2C,2026,202
CI.DEV.2C,2026,203
CI.DEV.2C,2026,204
CI.DEV.2C,2026,205
CI.DEV.2C,2026,206
CI.DEV.2C,2026,207
CI.DEV.2C,2026,208
CI.DEV.2C,2026,209
CI.DEV.2C,2026,210
CI.DEV.2C,2026,211
CI.DEV.2C,2026,212
CI.DEV.2C,2026,213
CI.DEV.2C,2026,214
CI.DEV.2C,2026,215
CI.DGR.,2026,41
CI.DGR.,2026,42
CI.DGR.,2026,43
CI.DGR.,2026,44
CI.DGR.,2026,45
CI.DGR.,2026,46
CI.DGR.,2026,47
CI.DGR.,2026,161
CI.DGR.,2026,162
CI.DGR.,2026,163
CI.DGR.,2026,164
CI.DGR.,2026,165
CI.DGR.,2026,166
CI.DGR.,2026,167
CI.DGR.,2026,168
CI.DGR.,2026,169
CI.DGR.,2026,182
CI.DGR.,2026,183
CI.DGR.,2026,184
CI.DGR.,2026,185
CI.DGR.,2026,186
CI.DGR.,2026,187
CI.DGR.,2026,213
CI.DGR.,2026,214
CI.DGR.2C,2026,41
CI.DGR.2C,2026,42
CI.DGR.2C,2026,43
CI.DGR.2C,2026,44
CI.DGR.2C,2026,45
CI.DGR.2C,2026,46
CI.DGR.2C,2026,47
CI.DGR.2C,2026,48
CI.DGR.2C,2026,49
CI.DGR.2C,2026,50
CI.DGR.2C,2026,51
CI.DGR.2C,2026,52
CI.DGR.2C,2026,161
CI.DGR.2C,2026,162
CI.DGR.2C,2026,163
CI.DGR.2C,2026,164
CI.DGR.2C,2026,165
CI.DGR.2C,2026,166
CI.DGR.2C,2026,167
CI.DGR.2C,2026,168
CI.DGR.2C,2026,169
CI.DGR.2C,2026,170
CI.DGR.2C,2026,171
CI.DGR.2C,2026,172
CI.DGR.2C,2026,181
CI.DGR.2C,2026,182
CI.DGR.2C,2026,183
CI.DGR.2C,2026,184
CI.DGR.2C,2026,185
CI.DGR.2C,2026,186
CI.DGR.2C,2026,187
CI.DGR.2C,2026,188
CI.DGR.2C,2026,189
CI.DGR.2C,2026,190
CI.DGR.2C,2026,191
CI.DGR.2C,2026,192
CI.DGR.2C,2026,193
CI.DGR.2C,2026,194
CI.DGR.2C,2026,195
CI.DGR.2C,2026,201
CI.DGR.2C,2026,202
CI.DGR.2C,2026,203
CI.DGR.2C,2026,204
CI.DGR.2C,2026,205
CI.DGR.2C,2026,206
CI.DGR.2C,2026,207
CI.DGR.2C,2026,208
CI.DGR.2C,2026,209
CI.DGR.2C,2026,210
CI.DGR.2C,2026,211
CI.DGR.2C,2026,212
CI.DGR.2C,2026,213
CI.DGR.2C,2026,214
CI.DGR.2C,2026,215
CI.DJJ.,2026,41
CI.DJJ.,2026,42
CI.DJJ.,2026,43
CI.DJJ.,2026,44
CI.DJJ.,2026,45
CI.DJJ.,2026,46
CI.DJJ.,2026,47
CI.DJJ.,2026,161
CI.DJJ.,2026,162
CI.DJJ.,2026,163
CI.DJJ.,2026,164
CI.DJJ.,2026,165
CI.DJJ.,2026,166
CI.DJJ.,2026,167
CI.DJJ.,2026,168
CI.DJJ.,2026,169
CI.DJJ.,2026,182
CI.DJJ.,2026,183
CI.DJJ.,2026,184
CI.DJJ.,2026,185
CI.DJJ.,2026,186
CI.DJJ.,2026,187
CI.DJJ.,2026,213
CI.DJJ.,2026,214
CI.DJJ.2C,2026,41
CI.DJJ.2C,2026,42
CI.DJJ.2C,2026,43
CI.DJJ.2C,2026,44
CI.DJJ.2C,2026,45
CI.DJJ.2C,2026,46
CI.DJJ.2C,2026,47
CI.DJJ.2C,2026,48
CI.DJJ.2C,2026,49
CI.DJJ.2C,2026,50
CI.DJJ.2C,2026,51
CI.DJJ.2C,2026,52
CI.DJJ.2C,2026,161
CI.DJJ.2C,2026,162
CI.DJJ.2C,2026,163
CI.DJJ.2C,2026,164
CI.DJJ.2C,2026,165
CI.DJJ.2C,2026,166
CI.DJJ.2C,2026,167
CI.DJJ.2C,2026,168
CI.DJJ.2C,2026,169
CI.DJJ.2C,2026,170
CI.DJJ.2C,2026,171
CI.DJJ.2C,2026,172
CI.DJJ.2C,2026,181
CI.DJJ.2C,2026,182
CI.DJJ.2C,2026,183
CI.DJJ.2C,2026,184
CI.DJJ.2C,2026,185
CI.DJJ.2C,2026,186
CI.DJJ.2C,2026,187
CI.DJJ.2C,2026,188
CI.DJJ.2C,2026,189
CI.DJJ.2C,2026,190
CI.DJJ.2C,2026,191
CI.DJJ.2C,2026,192
CI.DJJ.2C,2026,193
CI.DJJ.2C,2026,194
CI.DJJ.2C,2026,195
CI.DJJ.2C,2026,201
CI.DJJ.2C,2026,202
CI.DJJ.2C,2026,203
CI.DJJ.2C,2026,204
CI.DJJ.2C,2026,205
CI.DJJ.2C,2026,206
CI.DJJ.2C,2026,207
CI.DJJ.2C,2026,208
CI.DJJ.2C,2026,209
CI.DJJ.2C,2026,210
CI.DJJ.2C,2026,211
CI.DJJ.2C,2026,212
CI.DJJ.2C,2026,213
CI.DJJ.2C,2026,214
CI.DJJ.2C,2026,215
CI.DJJB.,2026,41
CI.DJJB.,2026,42
CI.DJJB.,2026,43
CI.DJJB.,2026,44
CI.DJJB.,2026,45
CI.DJJB.,2026,46
CI.DJJB.,2026,47
CI.DJJB.,2026,48
CI.DJJB.,2026,49
CI.DJJB.,2026,50
CI.DJJB.,2026,51
CI.DJJB.,2026,52
CI.DJJB.,2026,161
CI.DJJB.,2026,162
CI.DJJB.,2026,163
CI.DJJB.,2026,164
CI.DJJB.,2026,165
CI.DJJB.,2026,166
CI.DJJB.,2026,167
CI.DJJB.,2026,168
CI.DJJB.,2026,169
CI.DJJB.,2026,170
CI.DJJB.,2026,171
CI.DJJB.,2026,172
CI.DJJB.,2026,181
CI.DJJB.,2026,182
CI.DJJB.,2026,183
CI.DJJB.,2026,184
CI.DJJB.,2026,185
CI.DJJB.,2026,186
CI.DJJB.,2026,187
CI.DJJB.,2026,188
CI.DJJB.,2026,189
CI.DJJB.,2026,190
CI.DJJB.,2026,191
CI.DJJB.,2026,192
CI.DJJB.,2026,193
CI.DJJB.,2026,194
CI.DJJB.,2026,195
CI.DJJB.,2026,201
CI.DJJB.,2026,202
CI.DJJB.,2026,203
CI.DJJB.,2026,204
CI.DJJB.,2026,205
CI.DJJB.,2026,206
CI.DJJB.,2026,207
CI.DJJB.,2026,208
CI.DJJB.,2026,209
CI.DJJB.,2026,210
CI.DJJB.,2026,211
CI.DJJB.,2026,212
CI.DJJB.,2026,213
CI.DJJB.,2026,214
CI.DJJB.,2026,215
CI.DJJB.01,2026,41
CI.DJJB.01,2026,42
CI.DJJB.01,2026,43
CI.DJJB.01,2026,44
CI.DJJB.01,2026,45
CI.DJJB.01,2026,46
CI.DJJB.01,2026,47
CI.DJJB.01,2026,161
CI.DJJB.01,2026,162
CI.DJJB.01,2026,163
CI.DJJB.01,2026,164
CI.DJJB.01,2026,165
CI.DJJB.01,2026,166
CI.DJJB.01,2026,167
CI.DJJB.01,2026,168
CI.DJJB.01,2026,169
CI.DJJB.01,2026,182
CI.DJJB.01,2026,183
CI.DJJB.01,2026,184
CI.DJJB.01,2026,185
CI.DJJB.01,2026,186
CI.DJJB.01,2026,187
CI.DJJB.01,2026,213
CI.DJJB.01,2026,214
CI.DJJB.2C,2026,41
CI.DJJB.2C,2026,42
CI.DJJB.2C,2026,43
CI.DJJB.2C,2026,44
CI.DJJB.2C,2026,45
CI.DJJB.2C,2026,46
CI.DJJB.2C,2026,47
CI.DJJB.2C,2026,48
CI.DJJB.2C,2026,49
CI.DJJB.2C,2026,50
CI.DJJB.2C,2026,51
CI.DJJB.2C,2026,52
CI.DJJB.2C,2026,161
CI.DJJB.2C,2026,162
CI.DJJB.2C,2026,163
CI.DJJB.2C,2026,164
CI.DJJB.2C,2026,165
CI.DJJB.2C,2026,166
CI.DJJB.2C,2026,167
CI.DJJB.2C,2026,168
CI.DJJB.2C,2026,169
CI.DJJB.2C,2026,170
CI.DJJB.2C,2026,171
CI.DJJB.2C,2026,172
CI.DJJB.2C,2026,181
CI.DJJB.2C,2026,182
CI.DJJB.2C,2026,183
CI.DJJB.2C,2026,184
CI.DJJB.2C,2026,185
CI.DJJB.2C,2026,186
CI.DJJB.2C,2026,187
CI.DJJB.2C,2026,188
CI.DJJB.2C,2026,189
CI.DJJB.2C,2026,190
CI.DJJB.2C,2026,191
CI.DJJB.2C,2026,192
CI.DJJB.2C,2026,193
CI.DJJB.2C,2026,194
CI.DJJB.2C,2026,195
CI.DJJB.2C,2026,201
CI.DJJB.2C,2026,202
CI.DJJB.2C,2026,203
CI.DJJB.2C,2026,204
CI.DJJB.2C,2026,205
CI.DJJB.2C,2026,206
CI.DJJB.2C,2026,207
CI.DJJB.2C,2026,208
CI.DJJB.2C,2026,209
CI.DJJB.2C,2026,210
CI.DJJB.2C,2026,211
CI.DJJB.2C,2026,212
CI.DJJB.2C,2026,213
CI.DJJB.2C,2026,214
CI.DJJB.2C,2026,215
CI.DLA.,2026,41
CI.DLA.,2026,42
CI.DLA.,2026,43
CI.DLA.,2026,44
CI.DLA.,2026,45
CI.DLA.,2026,46
CI.DLA.,2026,47
CI.DLA.,2026,161
CI.DLA.,2026,162
CI.DLA.,2026,163
CI.DLA.,2026,164
CI.DLA.,2026,165
CI.DLA.,2026,166
CI.DLA.,2026,167
CI.DLA.,2026,168
CI.DLA.,2026,169
CI.DLA.,2026,182
CI.DLA.,2026,183
CI.DLA.,2026,184
CI.DLA.,2026,185
CI.DLA.,2026,186
CI.DLA.,2026,187
CI.DLA.,2026,213
CI.DLA.,2026,214
CI.DLA.2C,2026,41
CI.DLA.2C,2026,42
CI.DLA.2C,2026,43
CI.DLA.2C,2026,44
CI.DLA.2C,2026,45
CI.DLA.2C,2026,46
CI.DLA.2C,2026,47
CI.DLA.2C,2026,48
CI.DLA.2C,2026,49
CI.DLA.2C,2026,50
CI.DLA.2C,2026,51
CI.DLA.2C,2026,52
CI.DLA.2C,2026,161
CI.DLA.2C,2026,162
CI.DLA.2C,2026,163
CI.DLA.2C,2026,164
CI.DLA.2C,2026,165
CI.DLA.2C,2026,166
CI.DLA.2C,2026,167
CI.DLA.2C,2026,168
CI.DLA.2C,2026,169
CI.DLA.2C,2026,170
CI.DLA.2C,2026,171
CI.DLA.2C,2026,172
CI.DLA.2C,2026,181
CI.DLA.2C,2026,182
CI.DLA.2C,2026,183
CI.DLA.2C,2026,184
CI.DLA.2C,2026,185
CI.DLA.2C,2026,186
CI.DLA.2C,2026,187
CI.DLA.2C,2026,188
CI.DLA.2C,2026,189
CI.DLA.2C,2026,190
CI.DLA.2C,2026,191
CI.DLA.2C,2026,192
CI.DLA.2C,2026,193
CI.DLA.2C,2026,194
CI.DLA.2C,2026,195
CI.DLA.2C,2026,201
CI.DLA.2C,2026,202
CI.DLA.2C,2026,203
CI.DLA.2C,2026,204
CI.DLA.2C,2026,205
CI.DLA.2C,2026,206
CI.DLA.2C,2026,207
CI.DLA.2C,2026,208
CI.DLA.2C,2026,209
CI.DLA.2C,2026,210
CI.DLA.2C,2026,211
CI.DLA.2C,2026,212
CI.DLA.2C,2026,213
CI.DLA.2C,2026,214
CI.DLA.2C,2026,215
CI.DNR.,2026,41
CI.DNR.,2026,42
CI.DNR.,2026,43
CI.DNR.,2026,44
CI.DNR.,2026,45
CI.DNR.,2026,46
CI.DNR.,2026,47
CI.DNR.,2026,161
CI.DNR.,2026,162
CI.DNR.,2026,163
CI.DNR.,2026,164
CI.DNR.,2026,165
CI.DNR.,2026,166
CI.DNR.,2026,167
CI.DNR.,2026,168
CI.DNR.,2026,169
CI.DNR.,2026,182
CI.DNR.,2026,183
CI.DNR.,2026,184
CI.DNR.,2026,185
CI.DNR.,2026,186
CI.DNR.,2026,187
CI.DNR.,2026,213
CI.DNR.,2026,214
CI.DPP.,2026,41
CI.DPP.,2026,42
CI.DPP.,2026,43
CI.DPP.,2026,44
CI.DPP.,2026,45
CI.DPP.,2026,46
CI.DPP.,2026,47
CI.DPP.,2026,161
CI.DPP.,2026,162
CI.DPP.,2026,163
CI.DPP.,2026,164
CI.DPP.,2026,165
CI.DPP.,2026,166
CI.DPP.,2026,167
CI.DPP.,2026,168
CI.DPP.,2026,169
CI.DPP.,2026,182
CI.DPP.,2026,183
CI.DPP.,2026,184
CI.DPP.,2026,185
CI.DPP.,2026,186
CI.DPP.,2026,187
CI.DPP.,2026,213
CI.DPP.,2026,214
CI.DPP.2C,2026,41
CI.DPP.2C,2026,42
CI.DPP.2C,2026,43
CI.DPP.2C,2026,44
CI.DPP.2C,2026,45
CI.DPP.2C,2026,46
CI.DPP.2C,2026,47
CI.DPP.2C,2026,48
CI.DPP.2C,2026,49
CI.DPP.2C,2026,50
CI.DPP.2C,2026,51
CI.DPP.2C,2026,52
CI.DPP.2C,2026,161
CI.DPP.2C,2026,162
CI.DPP.2C,2026,163
CI.DPP.2C,2026,164
CI.DPP.2C,2026,165
CI.DPP.2C,2026,166
CI.DPP.2C,2026,167
CI.DPP.2C,2026,168
CI.DPP.2C,2026,169
CI.DPP.2C,2026,170
CI.DPP.2C,2026,171
CI.DPP.2C,2026,172
CI.DPP.2C,2026,181
CI.DPP.2C,2026,182
CI.DPP.2C,2026,183
CI.DPP.2C,2026,184
CI.DPP.2C,2026,185
CI.DPP.2C,2026,186
CI.DPP.2C,2026,187
CI.DPP.2C,2026,188
CI.DPP.2C,2026,189
CI.DPP.2C,2026,190
CI.DPP.2C,2026,191
CI.DPP.2C,2026,192
CI.DPP.2C,2026,193
CI.DPP.2C,2026,194
CI.DPP.2C,2026,195
CI.DPP.2C,2026,201
CI.DPP.2C,2026,202
CI.DPP.2C,2026,203
CI.DPP.2C,2026,204
CI.DPP.2C,2026,205
CI.DPP.2C,2026,206
CI.DPP.2C,2026,207
CI.DPP.2C,2026,208
CI.DPP.2C,2026,209
CI.DPP.2C,2026,210
CI.DPP.2C,2026,211
CI.DPP.2C,2026,212
CI.DPP.2C,2026,213
CI.DPP.2C,2026,214
CI.DPP.2C,2026,215
CI.DRE.,2026,41
CI.DRE.,2026,42
CI.DRE.,2026,43
CI.DRE.,2026,44
CI.DRE.,2026,45
CI.DRE.,2026,46
CI.DRE.,2026,47
CI.DRE.,2026,161
CI.DRE.,2026,162
CI.DRE.,2026,163
CI.DRE.,2026,164
CI.DRE.,2026,165
CI.DRE.,2026,166
CI.DRE.,2026,167
CI.DRE.,2026,168
CI.DRE.,2026,169
CI.DRE.,2026,182
CI.DRE.,2026,183
CI.DRE.,2026,184
CI.DRE.,2026,185
CI.DRE.,2026,186
CI.DRE.,2026,187
CI.DRE.,2026,213
CI.DRE.,2026,214
CI.DRE.2C,2026,41
CI.DRE.2C,2026,42
CI.DRE.2C,2026,43
CI.DRE.2C,2026,44
CI.DRE.2C,2026,45
CI.DRE.2C,2026,46
CI.DRE.2C,2026,47
CI.DRE.2C,2026,48
CI.DRE.2C,2026,49
CI.DRE.2C,2026,50
CI.DRE.2C,2026,51
CI.DRE.2C,2026,52
CI.DRE.2C,2026,161
CI.DRE.2C,2026,162
CI.DRE.2C,2026,163
CI.DRE.2C,2026,164
CI.DRE.2C,2026,165
CI.DRE.2C,2026,166
CI.DRE.2C,2026,167
CI.DRE.2C,2026,168
CI.DRE.2C,2026,169
CI.DRE.2C,2026,170
CI.DRE.2C,2026,171
CI.DRE.2C,2026,172
CI.DRE.2C,2026,181
CI.DRE.2C,2026,182
CI.DRE.2C,2026,183
CI.DRE.2C,2026,184
CI.DRE.2C,2026,185
CI.DRE.2C,2026,186
CI.DRE.2C,2026,187
CI.DRE.2C,2026,188
CI.DRE.2C,2026,189
CI.DRE.2C,2026,190
CI.DRE.2C,2026,191
CI.DRE.2C,2026,192
CI.DRE.2C,2026,193
CI.DRE.2C,2026,194
CI.DRE.2C,2026,195
CI.DRE.2C,2026,201
CI.DRE.2C,2026,202
CI.DRE.2C,2026,203
CI.DRE.2C,2026,204
CI.DRE.2C,2026,205
CI.DRE.2C,2026,206
CI.DRE.2C,2026,207
CI.DRE.2C,2026,208
CI.DRE.2C,2026,209
CI.DRE.2C,2026,210
CI.DRE.2C,2026,211
CI.DRE.2C,2026,212
CI.DRE.2C,2026,213
CI.DRE.2C,2026,214
CI.DRE.2C,2026,215
CI.DSC.,2026,41
CI.DSC.,2026,42
CI.DSC.,2026,43
CI.DSC.,2026,44
CI.DSC.,2026,45
CI.DSC.,2026,46
CI.DSC.,2026,47
CI.DSC.,2026,161
CI.DSC.,2026,162
CI.DSC.,2026,163
CI.DSC.,2026,164
CI.DSC.,2026,165
CI.DSC.,2026,166
CI.DSC.,2026,167
CI.DSC.,2026,168
CI.DSC.,2026,169
CI.DSC.,2026,182
CI.DSC.,2026,183
CI.DSC.,2026,184
CI.DSC.,2026,185
CI.DSC.,2026,186
CI.DSC.,2026,187
CI.DSC.,2026,203
CI.DSC.,2026,204
CI.DSC.,2026,205
CI.DSC.,2026,213
CI.DSC.,2026,214
CI.ERR.2C,2026,141
CI.ERR.2C,2026,142
CI.ERR.2C,2026,143
CI.ERR.2C,2026,144
CI.ERR.2C,2026,145
CI.ERR.2C,2026,146
CI.ERR.2C,2026,147
CI.ERR.2C,2026,148
CI.ERR.2C,2026,149
CI.ERR.2C,2026,150
CI.ERR.2C,2026,151
CI.ERR.2C,2026,152
CI.ERR.2C,2026,153
CI.ESI2.,2026,141
CI.ESI2.,2026,146
CI.ESI2.,2026,152
CI.ESI2.,2026,153
CI.ESI2.2C,2026,141
CI.ESI2.2C,2026,142
CI.ESI2.2C,2026,143
CI.ESI2.2C,2026,144
CI.ESI2.2C,2026,145
CI.ESI2.2C,2026,146
CI.ESI2.2C,2026,147
CI.ESI2.2C,2026,148
CI.ESI2.2C,2026,149
CI.ESI2.2C,2026,150
CI.ESI2.2C,2026,151
CI.ESI2.2C,2026,152
CI.ESI2.2C,2026,153
CI.FDR.,2026,141
CI.FDR.,2026,152
CI.FDR.,2026,153
CI.FDR.2C,2026,141
CI.FDR.2C,2026,142
CI.FDR.2C,2026,143
CI.FDR.2C,2026,144
CI.FDR.2C,2026,145
CI.FDR.2C,2026,146
CI.FDR.2C,2026,147
CI.FDR.2C,2026,148
CI.FDR.2C,2026,149
CI.FDR.2C,2026,150
CI.FDR.2C,2026,151
CI.FDR.2C,2026,152
CI.FDR.2C,2026,153
CI.FHO.,2026,141
CI.FHO.,2026,152
CI.FHO.,2026,153
CI.FHO.2C,2026,141
CI.FHO.2C,2026,142
CI.FHO.2C,2026,143
CI.FHO.2C,2026,144
CI.FHO.2C,2026,145
CI.FHO.2C,2026,146
CI.FHO.2C,2026,147
CI.FHO.2C,2026,148
CI.FHO.2C,2026,149
CI.FHO.2C,2026,150
CI.FHO.2C,2026,151
CI.FHO.2C,2026,152
CI.FHO.2C,2026,153
CI.FIG.,2026,141
CI.FIG.,2026,146
CI.FIG.,2026,152
CI.FIG.,2026,153
CI.FIG.2C,2026,141
CI.FIG.2C,2026,142
CI.FIG.2C,2026,143
CI.FIG.2C,2026,144
CI.FIG.2C,2026,145
CI.FIG.2C,2026,146
CI.FIG.2C,2026,147
CI.FIG.2C,2026,148
CI.FIG.2C,2026,149
CI.FIG.2C,2026,150
CI.FIG.2C,2026,151
CI.FIG.2C,2026,152
CI.FIG.2C,2026,153
CI.FMO.,2026,141
CI.FMO.,2026,146
CI.FMO.,2026,152
CI.FMO.2C,2026,141
CI.FMO.2C,2026,142
CI.FMO.2C,2026,143
CI.FMO.2C,2026,144
CI.FMO.2C,2026,145
CI.FMO.2C,2026,146
CI.FMO.2C,2026,147
CI.FMO.2C,2026,148
CI.FMO.2C,2026,149
CI.FMO.2C,2026,150
CI.FMO.2C,2026,151
CI.FMO.2C,2026,152
CI.FMO.2C,2026,153
CI.FMP.,2026,141
CI.FMP.,2026,152
CI.FMP.2C,2026,141
CI.FMP.2C,2026,142
CI.FMP.2C,2026,143
CI.FMP.2C,2026,144
CI.FMP.2C,2026,145
CI.FMP.2C,2026,146
CI.FMP.2C,2026,147
CI.FMP.2C,2026,148
CI.FMP.2C,2026,149
CI.FMP.2C,2026,150
CI.FMP.2C,2026,151
CI.FMP.2C,2026,152
CI.FMP.2C,2026,153
CI.FON.,2026,141
CI.FON.,2026,142
CI.FON.,2026,143
CI.FON.,2026,144
CI.FON.,2026,145
CI.FON.,2026,147
CI.FON.,2026,149
CI.FON.,2026,150
CI.FON.,2026,151
CI.FON.,2026,152
CI.FON.2C,2026,141
CI.FON.2C,2026,142
CI.FON.2C,2026,143
CI.FON.2C,2026,144
CI.FON.2C,2026,145
CI.FON.2C,2026,146
CI.FON.2C,2026,147
CI.FON.2C,2026,148
CI.FON.2C,2026,149
CI.FON.2C,2026,150
CI.FON.2C,2026,151
CI.FON.2C,2026,152
CI.FON.2C,2026,153
CI.FOX2.,2026,141
CI.FOX2.,2026,152
CI.FOX2.2C,2026,141
CI.FOX2.2C,2026,142
CI.FOX2.2C,2026,143
CI.FOX2.2C,2026,144
CI.FOX2.2C,2026,145
CI.FOX2.2C,2026,146
CI.FOX2.2C,2026,147
CI.FOX2.2C,2026,148
CI.FOX2.2C,2026,149
CI.FOX2.2C,2026,150
CI.FOX2.2C,2026,151
CI.FOX2.2C,2026,152
CI.FOX2.2C,2026,153
CI.FRK.,2026,141
CI.FRK.,2026,152
CI.FRK.2C,2026,141
CI.FRK.2C,2026,142
CI.FRK.2C,2026,143
CI.FRK.2C,2026,144
CI.FRK.2C,2026,145
CI.FRK.2C,2026,146
CI.FRK.2C,2026,147
CI.FRK.2C,2026,148
CI.FRK.2C,2026,149
CI.FRK.2C,2026,150
CI.FRK.2C,2026,151
CI.FRK.2C,2026,152
CI.FRK.2C,2026,153
CI.FRM.,2026,150
CI.FRM.,2026,152
CI.FRM.2C,2026,141
CI.FRM.2C,2026,142
CI.FRM.2C,2026,143
CI.FRM.2C,2026,144
CI.FRM.2C,2026,145
CI.FRM.2C,2026,146
CI.FRM.2C,2026,147
CI.FRM.2C,2026,148
CI.FRM.2C,2026,149
CI.FRM.2C,2026,150
CI.FRM.2C,2026,151
CI.FRM.2C,2026,152
CI.FRM.2C,2026,153
CI.FSR.,2026,141
CI.FSR.,2026,152
CI.FUL.,2026,148
CI.FUL.,2026,152
CI.FUL.2C,2026,141
CI.FUL.2C,2026,142
CI.FUL.2C,2026,143
CI.FUL.2C,2026,144
CI.FUL.2C,2026,145
CI.FUL.2C,2026,146
CI.FUL.2C,2026,147
CI.FUL.2C,2026,148
CI.FUL.2C,2026,149
CI.FUL.2C,2026,150
CI.FUL.2C,2026,151
CI.FUL.2C,2026,152
CI.FUL.2C,2026,153
CI.FUR.,2026,141
CI.FUR.,2026,146
CI.FUR.,2026,152
CI.GATR.,2026,91
CI.GATR.,2026,92
CI.GATR.,2026,93
CI.GATR.,2026,94
CI.GATR.,2026,221
CI.GATR.,2026,222
CI.GATR.,2026,223
CI.GATR.,2026,224
CI.GATR.,2026,225
CI.GATR.,2026,226
CI.GATR.,2026,227
CI.GATR.2C,2026,81
CI.GATR.2C,2026,82
CI.GATR.2C,2026,83
CI.GATR.2C,2026,84
CI.GATR.2C,2026,85
CI.GATR.2C,2026,86
CI.GATR.2C,2026,87
CI.GATR.2C,2026,88
CI.GATR.2C,2026,89
CI.GATR.2C,2026,90
CI.GATR.2C,2026,91
CI.GATR.2C,2026,92
CI.GATR.2C,2026,93
CI.GATR.2C,2026,94
CI.GATR.2C,2026,95
CI.GATR.2C,2026,96
CI.GATR.2C,2026,221
CI.GATR.2C,2026,222
CI.GATR.2C,2026,223
CI.GATR.2C,2026,224
CI.GATR.2C,2026,225
CI.GATR.2C,2026,226
CI.GATR.2C,2026,227
CI.GATR.2C,2026,228
CI.GATR.2C,2026,229
CI.GATR.2C,2026,230
CI.GATR.2C,2026,231
CI.GATR.2C,2026,232
CI.GATR.2C,2026,233
CI.GATR.2C,2026,234
CI.GCC.,2026,91
CI.GCC.,2026,92
CI.GCC.,2026,93
CI.GCC.,2026,94
CI.GCC.,2026,221
CI.GCC.,2026,222
CI.GCC.,2026,223
CI.GCC.,2026,224
CI.GCC.,2026,225
CI.GCC.,2026,226
CI.GCC.,2026,227
CI.GCC.,2026,233
CI.GCC.2C,2026,81
CI.GCC.2C,2026,82
CI.GCC.2C,2026,83
CI.GCC.2C,2026,84
CI.GCC.2C,2026,85
CI.GCC.2C,2026,86
CI.GCC.2C,2026,87
CI.GCC.2C,2026,88
CI.GCC.2C,2026,89
CI.GCC.2C,2026,90
CI.GCC.2C,2026,91
CI.GCC.2C,2026,92
CI.GCC.2C,2026,93
CI.GCC.2C,2026,94
CI.GCC.2C,2026,95
CI.GCC.2C,2026,96
CI.GCC.2C,2026,221
CI.GCC.2C,2026,222
CI.GCC.2C,2026,223
CI.GCC.2C,2026,224
CI.GCC.2C,2026,225
CI.GCC.2C,2026,226
CI.GCC.2C,2026,227
CI.GCC.2C,2026,228
CI.GCC.2C,2026,229
CI.GCC.2C,2026,230
CI.GCC.2C,2026,231
CI.GCC.2C,2026,232
CI.GCC.2C,2026,233
CI.GCC.2C,2026,234
CI.GDF.,2026,91
CI.GDF.,2026,92
CI.GDF.,2026,93
CI.GDF.,2026,94
CI.GDF.,2026,221
CI.GDF.,2026,222
CI.GDF.,2026,223
CI.GDF.,2026,224
CI.GDF.,2026,225
CI.GDF.,2026,226
CI.GDF.,2026,227
CI.GDF.,2026,232
CI.GDF.,2026,233
CI.GFF.,2026,91
CI.GFF.,2026,92
CI.GFF.,2026,93
CI.GFF.,2026,94
CI.GFF.,2026,221
CI.GFF.,2026,222
CI.GFF.,2026,223
CI.GFF.,2026,224
CI.GFF.,2026,225
CI.GFF.,2026,226
CI.GFF.,2026,227
CI.GFF.2C,2026,81
CI.GFF.2C,2026,82
CI.GFF.2C,2026,83
CI.GFF.2C,2026,84
CI.GFF.2C,2026,85
CI.GFF.2C,2026,86
CI.GFF.2C,2026,87
CI.GFF.2C,2026,88
CI.GFF.2C,2026,89
CI.GFF.2C,2026,90
CI.GFF.2C,2026,91
CI.GFF.2C,2026,92
CI.GFF.2C,2026,93
CI.GFF.2C,2026,94
CI.GFF.2C,2026,95
CI.GFF.2C,2026,96
CI.GFF.2C,2026,221
CI.GFF.2C,2026,222
CI.GFF.2C,2026,223
CI.GFF.2C,2026,224
CI.GFF.2C,2026,225
CI.GFF.2C,2026,226
CI.GFF.2C,2026,227
CI.GFF.2C,2026,228
CI.GFF.2C,2026,229
CI.GFF.2C,2026,230
CI.GFF.2C,2026,231
CI.GFF.2C,2026,232
CI.GFF.2C,2026,233
CI.GFF.2C,2026,234
CI.GFS.,2026,91
CI.GFS.,2026,92
CI.GFS.,2026,93
CI.GFS.,2026,94
CI.GFS.,2026,221
CI.GFS.,2026,222
CI.GFS.,2026,223
CI.GFS.,2026,224
CI.GFS.,2026,225
CI.GFS.,2026,226
CI.GFS.,2026,227
CI.GFS.2C,2026,81
CI.GFS.2C,2026,82
CI.GFS.2C,2026,83
CI.GFS.2C,2026,84
CI.GFS.2C,2026,85
CI.GFS.2C,2026,86
CI.GFS.2C,2026,87
CI.GFS.2C,2026,88
CI.GFS.2C,2026,89
CI.GFS.2C,2026,90
CI.GFS.2C,2026,91
CI.GFS.2C,2026,92
CI.GFS.2C,2026,93
CI.GFS.2C,2026,94
CI.GFS.2C,2026,95
CI.GFS.2C,2026,96
CI.GFS.2C,2026,221
CI.GFS.2C,2026,222
CI.GFS.2C,2026,223
CI.GFS.2C,2026,224
CI.GFS.2C,2026,225
CI.GFS.2C,2026,226
CI.GFS.2C,2026,227
CI.GFS.2C,2026,228
CI.GFS.2C,2026,229
CI.GFS.2C,2026,230
CI.GFS.2C,2026,231
CI.GFS.2C,2026,232
CI.GFS.2C,2026,233
CI.GFS.2C,2026,234
CI.GLA.,2026,91
CI.GLA.,2026,92
CI.GLA.,2026,93
CI.GLA.,2026,94
CI.GLA.,2026,221
CI.GLA.,2026,222
CI.GLA.,2026,223
CI.GLA.,2026,224
CI.GLA.,2026,225
CI.GLA.,2026,226
CI.GLA.,2026,227
CI.GLA.2C,2026,81
CI.GLA.2C,2026,82
CI.GLA.2C,2026,83
CI.GLA.2C,2026,84
CI.GLA.2C,2026,85
CI.GLA.2C,2026,86
CI.GLA.2C,2026,87
CI.GLA.2C,2026,88
CI.GLA.2C,2026,89
CI.GLA.2C,2026,90
CI.GLA.2C,2026,91
CI.GLA.2C,2026,92
CI.GLA.2C,2026,93
CI.GLA.2C,2026,94
CI.GLA.2C,2026,95
CI.GLA.2C,2026,96
CI.GLA.2C,2026,221
CI.GLA.2C,2026,222
CI.GLA.2C,2026,223
CI.GLA.2C,2026,224
CI.GLA.2C,2026,225
CI.GLA.2C,2026,226
CI.GLA.2C,2026,227
CI.GLA.2C,2026,228
CI.GLA.2C,2026,229
CI.GLA.2C,2026,230
CI.GLA.2C,2026,231
CI.GLA.2C,2026,232
CI.GLA.2C,2026,233
CI.GLA.2C,2026,234
CI.GMA.,2026,91
CI.GMA.,2026,92
CI.GMA.,2026,93
CI.GMA.,2026,94
CI.GMA.,2026,221
CI.GMA.,2026,222
CI.GMA.,2026,223
CI.GMA.,2026,224
CI.GMA.,2026,225
CI.GMA.,2026,226
CI.GMA.,2026,227
CI.GMR.,2026,87
CI.GMR.,2026,88
CI.GMR.,2026,91
CI.GMR.,2026,92
CI.GMR.,2026,93
CI.GMR.,2026,94
CI.GMR.,2026,221
CI.GMR.,2026,222
CI.GMR.,2026,223
CI.GMR.,2026,224
CI.GMR.,2026,225
CI.GMR.,2026,226
CI.GMR.,2026,227
CI.GMR.2C,2026,81
CI.GMR.2C,2026,82
CI.GMR.2C,2026,83
CI.GMR.2C,2026,84
CI.GMR.2C,2026,85
CI.GMR.2C,2026,86
CI.GMR.2C,2026,87
CI.GMR.2C,2026,88
CI.GMR.2C,2026,89
CI.GMR.2C,2026,90
CI.GMR.2C,2026,91
CI.GMR.2C,2026,92
CI.GMR.2C,2026,93
CI.GMR.2C,2026,94
CI.GMR.2C,2026,95
CI.GMR.2C,2026,96
CI.GMR.2C,2026,221
CI.GMR.2C,2026,222
CI.GMR.2C,2026,223
CI.GMR.2C,2026,224
CI.GMR.2C,2026,225
CI.GMR.2C,2026,226
CI.GMR.2C,2026,227
CI.GMR.2C,2026,228
CI.GMR.2C,2026,229
CI.GMR.2C,2026,230
CI.GMR.2C,2026,231
CI.GMR.2C,2026,232
CI.GMR.2C,2026,233
CI.GMR.2C,2026,234
CI.GOR.,2026,91
CI.GOR.,2026,92
CI.GOR.,2026,93
CI.GOR.,2026,221
CI.GOR.,2026,222
CI.GOR.,2026,223
CI.GOR.,2026,224
CI.GOR.,2026,225
CI.GOR.,2026,226
CI.GOR.,2026,227
CI.GOU.,2026,91
CI.GOU.,2026,92
CI.GOU.,2026,93
CI.GOU.,2026,221
CI.GOU.,2026,222
CI.GOU.,2026,223
CI.GOU.,2026,224
CI.GOU.,2026,225
CI.GOU.,2026,226
CI.GOU.,2026,227
CI.GOU.2C,2026,81
CI.GOU.2C,2026,82
CI.GOU.2C,2026,83
CI.GOU.2C,2026,84
CI.GOU.2C,2026,85
CI.GOU.2C,2026,86
CI.GOU.2C,2026,87
CI.GOU.2C,2026,88
CI.GOU.2C,2026,89
CI.GOU.2C,2026,90
CI.GOU.2C,2026,91
CI.GOU.2C,2026,92
CI.GOU.2C,2026,93
CI.GOU.2C,2026,94
CI.GOU.2C,2026,95
CI.GOU.2C,2026,96
CI.GOU.2C,2026,221
CI.GOU.2C,2026,222
CI.GOU.2C,2026,223
CI.GOU.2C,2026,224
CI.GOU.2C,2026,225
CI.GOU.2C,2026,226
CI.GOU.2C,2026,227
CI.GOU.2C,2026,228
CI.GOU.2C,2026,229
CI.GOU.2C,2026,230
CI.GOU.2C,2026,231
CI.GOU.2C,2026,232
CI.GOU.2C,2026,233
CI.GOU.2C,2026,234
CI.GR2.,2026,91
CI.GR2.,2026,92
CI.GR2.,2026,93
CI.GR2.,2026,221
CI.GR2.,2026,222
CI.GR2.,2026,223
CI.GR2.,2026,224
CI.GR2.,2026,225
CI.GR2.,2026,226
CI.GR2.,2026,227
CI.GR2.01,2026,91
CI.GR2.01,2026,92
CI.GR2.01,2026,93
CI.GR2.01,2026,221
CI.GR2.01,2026,222
CI.GR2.01,2026,223
CI.GR2.01,2026,224
CI.GR2.01,2026,225
CI.GR2.01,2026,226
CI.GR2.01,2026,227
CI.GRA.,2026,91
CI.GRA.,2026,92
CI.GRA.,2026,93
CI.GRA.,2026,221
CI.GRA.,2026,222
CI.GRA.,2026,223
CI.GRA.,2026,224
CI.GRA.,2026,225
CI.GRA.,2026,226
CI.GRA.2C,2026,81
CI.GRA.2C,2026,82
CI.GRA.2C,2026,83
CI.GRA.2C,2026,84
CI.GRA.2C,2026,85
CI.GRA.2C,2026,86
CI.GRA.2C,2026,87
CI.GRA.2C,2026,88
CI.GRA.2C,2026,89
CI.GRA.2C,2026,90
CI.GRA.2C,2026,91
CI.GRA.2C,2026,92
CI.GRA.2C,2026,93
CI.GRA.2C,2026,94
CI.GRA.2C,2026,95
CI.GRA.2C,2026,96
CI.GRA.2C,2026,221
CI.GRA.2C,2026,222
CI.GRA.2C,2026,223
CI.GRA.2C,2026,224
CI.GRA.2C,2026,225
CI.GRA.2C,2026,226
CI.GRA.2C,2026,227
CI.GRA.2C,2026,228
CI.GRA.2C,2026,229
CI.GRA.2C,2026,230
CI.GRA.2C,2026,231
CI.GRA.2C,2026,232
CI.GRA.2C,2026,233
CI.GRA.2C,2026,234
CI.GSA.,2026,82
CI.GSA.,2026,85
CI.GSA.,2026,87
CI.GSA.,2026,90
CI.GSA.,2026,91
CI.GSA.,2026,92
CI.GSA.,2026,93
CI.GSA.,2026,95
CI.GSA.,2026,221
CI.GSA.,2026,222
CI.GSA.,2026,223
CI.GSA.,2026,224
CI.GSA.,2026,225
CI.GSA.,2026,226
CI.GSA.,2026,227
CI.GSA.,2026,229
CI.GSA.,2026,232
CI.GSA.,2026,233
CI.GSA.2C,2026,81
CI.GSA.2C,2026,82
CI.GSA.2C,2026,83
CI.GSA.2C,2026,84
CI.GSA.2C,2026,85
CI.GSA.2C,2026,86
CI.GSA.2C,2026,87
CI.GSA.2C,2026,88
CI.GSA.2C,2026,89
CI.GSA.2C,2026,90
CI.GSA.2C,2026,91
CI.GSA.2C,2026,92
CI.GSA.2C,2026,93
CI.GSA.2C,2026,94
CI.GSA.2C,2026,95
CI.GSA.2C,2026,96
CI.GSA.2C,2026,221
CI.GSA.2C,2026,222
CI.GSA.2C,2026,223
CI.GSA.2C,2026,224
CI.GSA.2C,2026,225
CI.GSA.2C,2026,226
CI.GSA.2C,2026,227
CI.GSA.2C,2026,228
CI.GSA.2C,2026,229
CI.GSA.2C,2026,230
CI.GSA.2C,2026,231
CI.GSA.2C,2026,232
CI.GSA.2C,2026,233
CI.GSA.2C,2026,234
CI.GSC.,2026,91
CI.GSC.,2026,92
CI.GSC.,2026,93
CI.GSC.,2026,221
CI.GSC.,2026,222
CI.GSC.,2026,223
CI.GSC.,2026,224
CI.GSC.,2026,225
CI.GSC.,2026,226
CI.GSC.2C,2026,81
CI.GSC.2C,2026,82
CI.GSC.2C,2026,83
CI.GSC.2C,2026,84
CI.GSC.2C,2026,85
CI.GSC.2C,2026,86
CI.GSC.2C,2026,87
CI.GSC.2C,2026,88
CI.GSC.2C,2026,89
CI.GSC.2C,2026,90
CI.GSC.2C,2026,91
CI.GSC.2C,2026,92
CI.GSC.2C,2026,93
CI.GSC.2C,2026,94
CI.GSC.2C,2026,95
CI.GSC.2C,2026,96
CI.GSC.2C,2026,221
CI.GSC.2C,2026,222
CI.GSC.2C,2026,223
CI.GSC.2C,2026,224
CI.GSC.2C,2026,225
CI.GSC.2C,2026,226
CI.GSC.2C,2026,227
CI.GSC.2C,2026,228
CI.GSC.2C,2026,229
CI.GSC.2C,2026,230
CI.GSC.2C,2026,231
CI.GSC.2C,2026,232
CI.GSC.2C,2026,233
CI.GSC.2C,2026,234
CI.GVR.,2026,91
CI.GVR.,2026,92
CI.GVR.,2026,93
CI.GVR.,2026,221
CI.GVR.,2026,222
CI.GVR.,2026,223
CI.GVR.,2026,224
CI.GVR.,2026,225
CI.GVR.,2026,226
CI.GVR.20,2026,81
CI.GVR.20,2026,82
CI.GVR.20,2026,83
CI.GVR.20,2026,84
CI.GVR.20,2026,85
CI.GVR.20,2026,86
CI.GVR.20,2026,87
CI.GVR.20,2026,88
CI.GVR.20,2026,89
CI.GVR.20,2026,90
CI.GVR.20,2026,91
CI.GVR.20,2026,92
CI.GVR.20,2026,93
CI.GVR.20,2026,94
CI.GVR.20,2026,95
CI.GVR.20,2026,96
CI.GVR.20,2026,221
CI.GVR.20,2026,222
CI.GVR.20,2026,223
CI.GVR.20,2026,224
CI.GVR.20,2026,225
CI.GVR.20,2026,226
CI.GVR.20,2026,227
CI.GVR.20,2026,228
CI.GVR.20,2026,229
CI.GVR.20,2026,230
CI.GVR.20,2026,231
CI.GVR.20,2026,232
CI.GVR.20,2026,233
CI.GVR.20,2026,234
CI.GVR.2C,2026,81
CI.GVR.2C,2026,82
CI.GVR.2C,2026,83
CI.GVR.2C,2026,84
CI.GVR.2C,2026,85
CI.GVR.2C,2026,86
CI.GVR.2C,2026,87
CI.GVR.2C,2026,88
CI.GVR.2C,2026,89
CI.GVR.2C,2026,90
CI.GVR.2C,2026,91
CI.GVR.2C,2026,92
CI.GVR.2C,2026,93
CI.GVR.2C,2026,94
CI.GVR.2C,2026,95
CI.GVR.2C,2026,96
CI.GVR.2C,2026,221
CI.GVR.2C,2026,222
CI.GVR.2C,2026,223
CI.GVR.2C,2026,224
CI.GVR.2C,2026,225
CI.GVR.2C,2026,226
CI.GVR.2C,2026,227
CI.GVR.2C,2026,228
CI.GVR.2C,2026,229
CI.GVR.2C,2026,230
CI.GVR.2C,2026,231
CI.GVR.2C,2026,232
CI.GVR.2C,2026,233
CI.GVR.2C,2026,234
CI.HAR.,2026,91
CI.HAR.,2026,92
CI.HAR.,2026,93
CI.HAR.,2026,221
CI.HAR.,2026,222
CI.HAR.,2026,223
CI.HAR.,2026,224
CI.HAR.,2026,225
CI.HAR.,2026,226
CI.HAR.2C,2026,81
CI.HAR.2C,2026,82
CI.HAR.2C,2026,83
CI.HAR.2C,2026,84
CI.HAR.2C,2026,85
CI.HAR.2C,2026,86
CI.HAR.2C,2026,87
CI.HAR.2C,2026,88
CI.HAR.2C,2026,89
CI.HAR.2C,2026,90
CI.HAR.2C,2026,91
CI.HAR.2C,2026,92
CI.HAR.2C,2026,93
CI.HAR.2C,2026,94
CI.HAR.2C,2026,95
CI.HAR.2C,2026,96
CI.HAR.2C,2026,221
CI.HAR.2C,2026,222
CI.HAR.2C,2026,223
CI.HAR.2C,2026,224
CI.HAR.2C,2026,225
CI.HAR.2C,2026,226
CI.HAR.2C,2026,227
CI.HAR.2C,2026,228
CI.HAR.2C,2026,229
CI.HAR.2C,2026,230
CI.HAR.2C,2026,231
CI.HAR.2C,2026,232
CI.HAR.2C,2026,233
CI.HAR.2C,2026,234
CI.HAY.,2026,91
CI.HAY.,2026,92
CI.HAY.,2026,93
CI.HAY.,2026,221
CI.HAY.,2026,222
CI.HAY.,2026,223
CI.HAY.,2026,224
CI.HAY.,2026,225
CI.HAY.,2026,226
CI.HDB.,2026,81
CI.HDB.,2026,82
CI.HDB.,2026,83
CI.HDB.,2026,84
CI.HDB.,2026,85
CI.HDB.,2026,86
CI.HDB.,2026,87
CI.HDB.,2026,88
CI.HDB.,2026,89
CI.HDB.,2026,90
CI.HDB.,2026,91
CI.HDB.,2026,92
CI.HDB.,2026,93
CI.HDB.,2026,94
CI.HDB.,2026,95
CI.HDB.,2026,96
CI.HDB.,2026,221
CI.HDB.,2026,222
CI.HDB.,2026,223
CI.HDB.,2026,224
CI.HDB.,2026,225
CI.HDB.,2026,226
CI.HDB.,2026,227
CI.HDB.,2026,228
CI.HDB.,2026,229
CI.HDB.,2026,230
CI.HDB.,2026,231
CI.HDB.,2026,232
CI.HDB.,2026,233
CI.HDB.,2026,234
CI.HDH.,2026,213
CI.HDH.,2026,214
CI.HDH.,2026,215
CI.HDH.,2026,216
CI.HDH.2C,2026,201
CI.HDH.2C,2026,202
CI.HDH.2C,2026,203
CI.HDH.2C,2026,204
CI.HDH.2C,2026,205
CI.HDH.2C,2026,206
CI.HDH.2C,2026,207
CI.HDH.2C,2026,208
CI.HDH.2C,2026,209
CI.HDH.2C,2026,210
CI.HDH.2C,2026,211
CI.HDH.2C,2026,212
CI.HDH.2C,2026,213
CI.HDH.2C,2026,214
CI.HDH.2C,2026,215
CI.HDH.2C,2026,216
CI.HEC.,2026,201
CI.HEC.,2026,202
CI.HEC.,2026,203
CI.HEC.,2026,204
CI.HEC.,2026,205
CI.HEC.,2026,206
CI.HEC.,2026,207
CI.HEC.,2026,208
CI.HEC.,2026,209
CI.HEC.,2026,213
CI.HEC.,2026,214
CI.HEC.,2026,215
CI.HEC.,2026,216
CI.HEC.2C,2026,201
CI.HEC.2C,2026,202
CI.HEC.2C,2026,203
CI.HEC.2C,2026,204
CI.HEC.2C,2026,205
CI.HEC.2C,2026,206
CI.HEC.2C,2026,207
CI.HEC.2C,2026,208
CI.HEC.2C,2026,209
CI.HEC.2C,2026,210
CI.HEC.2C,2026,211
CI.HEC.2C,2026,212
CI.HEC.2C,2026,213
CI.HEC.2C,2026,214
CI.HEC.2C,2026,215
CI.HEC.2C,2026,216
CI.HHL.,2026,213
CI.HHL.,2026,214
CI.HHL.,2026,215
CI.HHL.,2026,216
CI.HIW.,2026,213
CI.HIW.,2026,214
CI.HIW.,2026,215
CI.HIW.,2026,216
CI.HIW.2C,2026,201
CI.HIW.2C,2026,202
CI.HIW.2C,2026,203
CI.HIW.2C,2026,204
CI.HIW.2C,2026,205
CI.HIW.2C,2026,206
CI.HIW.2C,2026,207
CI.HIW.2C,2026,208
CI.HIW.2C,2026,209
CI.HIW.2C,2026,210
CI.HIW.2C,2026,211
CI.HIW.2C,2026,212
CI.HIW.2C,2026,213
CI.HIW.2C,2026,214
CI.HIW.2C,2026,215
CI.HIW.2C,2026,216
CI.HLL.,2026,213
CI.HLL.,2026,214
CI.HLL.,2026,215
CI.HLL.,2026,216
CI.HLL.2C,2026,201
CI.HLL.2C,2026,202
CI.HLL.2C,2026,203
CI.HLL.2C,2026,204
CI.HLL.2C,2026,205
CI.HLL.2C,2026,206
CI.HLL.2C,2026,207
CI.HLL.2C,2026,208
CI.HLL.2C,2026,209
CI.HLL.2C,2026,210
CI.HLL.2C,2026,211
CI.HLL.2C,2026,212
CI.HLL.2C,2026,213
CI.HLL.2C,2026,214
CI.HLL.2C,2026,215
CI.HLL.2C,2026,216
CI.HLN.,2026,207
CI.HLN.,2026,213
CI.HLN.,2026,214
CI.HLN.,2026,215
CI.HLN.,2026,216
CI.HLN.2C,2026,201
CI.HLN.2C,2026,202
CI.HLN.2C,2026,203
CI.HLN.2C,2026,204
CI.HLN.2C,2026,205
CI.HLN.2C,2026,206
CI.HLN.2C,2026,207
CI.HLN.2C,2026,208
CI.HLN.2C,2026,209
CI.HLN.2C,2026,210
CI.HLN.2C,2026,211
CI.HLN.2C,2026,212
CI.HLN.2C,2026,213
CI.HLN.2C,2026,214
CI.HLN.2C,2026,215
CI.HLN.2C,2026,216
CI.HMT2.,2026,213
CI.HMT2.,2026,214
CI.HMT2.,2026,215
CI.HMT2.,2026,216
CI.HMT2.2C,2026,201
CI.HMT2.2C,2026,202
CI.HMT2.2C,2026,203
CI.HMT2.2C,2026,204
CI.HMT2.2C,2026,205
CI.HMT2.2C,2026,206
CI.HMT2.2C,2026,207
CI.HMT2.2C,2026,208
CI.HMT2.2C,2026,209
CI.HMT2.2C,2026,210
CI.HMT2.2C,2026,211
CI.HMT2.2C,2026,212
CI.HMT2.2C,2026,213
CI.HMT2.2C,2026,214
CI.HMT2.2C,2026,215
CI.HMT2.2C,2026,216
CI.HOL.,2026,213
CI.HOL.,2026,214
CI.HOL.,2026,215
CI.HOL.,2026,216
CI.HRV.,2026,213
CI.HRV.,2026,214
CI.HRV.,2026,215
CI.HRV.,2026,216
CI.HYS.,2026,213
CI.HYS.,2026,214
CI.HYS.,2026,215
CI.IDO.,2026,213
CI.IDO.,2026,214
CI.IDO.,2026,215
CI.IDO.2C,2026,201
CI.IDO.2C,2026,202
CI.IDO.2C,2026,203
CI.IDO.2C,2026,204
CI.IDO.2C,2026,205
CI.IDO.2C,2026,206
CI.IDO.2C,2026,207
CI.IDO.2C,2026,208
CI.IDO.2C,2026,209
CI.IDO.2C,2026,210
CI.IDO.2C,2026,211
CI.IDO.2C,2026,212
CI.IDO.2C,2026,213
CI.IDO.2C,2026,214
CI.IDO.2C,2026,215
CI.IDO.2C,2026,216
CI.IDQ.,2026,201
CI.IDQ.,2026,202
CI.IDQ.,2026,203
CI.IDQ.,2026,204
CI.IDQ.,2026,205
CI.IDQ.,2026,206
CI.IDQ.,2026,207
CI.IDQ.,2026,208
CI.IDQ.,2026,209
CI.IDQ.,2026,210
CI.IDQ.,2026,211
CI.IDQ.,2026,212
CI.IDQ.,2026,213
CI.IDQ.,2026,214
CI.IDQ.,2026,215
CI.IDQ.2C,2026,201
CI.IDQ.2C,2026,202
CI.IDQ.2C,2026,203
CI.IDQ.2C,2026,204
CI.IDQ.2C,2026,205
CI.IDQ.2C,2026,206
CI.IDQ.2C,2026,207
CI.IDQ.2C,2026,208
CI.IDQ.2C,2026,209
CI.IDQ.2C,2026,210
CI.IDQ.2C,2026,211
CI.IDQ.2C,2026,212
CI.IDQ.2C,2026,213
CI.IDQ.2C,2026,214
CI.IDQ.2C,2026,215
CI.IDQ.2C,2026,216
CI.IDY.,2026,213
CI.IDY.,2026,214
CI.IDY.,2026,215
CI.IDY.2C,2026,201
CI.IDY.2C,2026,202
CI.IDY.2C,2026,203
CI.IDY.2C,2026,204
CI.IDY.2C,2026,205
CI.IDY.2C,2026,206
CI.IDY.2C,2026,207
CI.IDY.2C,2026,208
CI.IDY.2C,2026,209
CI.IDY.2C,2026,210
CI.IDY.2C,2026,211
CI.IDY.2C,2026,212
CI.IDY.2C,2026,213
CI.IDY.2C,2026,214
CI.IDY.2C,2026,215
CI.IDY.2C,2026,216
CI.IKP.,2026,213
CI.IKP.,2026,214
CI.IKP.,2026,215
CI.IKP.2C,2026,201
CI.IKP.2C,2026,202
CI.IKP.2C,2026,203
CI.IKP.2C,2026,204
CI.IKP.2C,2026,205
CI.IKP.2C,2026,206
CI.IKP.2C,2026,207
CI.IKP.2C,2026,208
CI.IKP.2C,2026,209
CI.IKP.2C,2026,210
CI.IKP.2C,2026,211
CI.IKP.2C,2026,212
CI.IKP.2C,2026,213
CI.IKP.2C,2026,214
CI.IKP.2C,2026,215
CI.IKP.2C,2026,216
CI.IMP.,2026,213
CI.IMP.,2026,214
CI.IMP.,2026,215
CI.IMP.2C,2026,201
CI.IMP.2C,2026,202
CI.IMP.2C,2026,203
CI.IMP.2C,2026,204
CI.IMP.2C,2026,205
CI.IMP.2C,2026,206
CI.IMP.2C,2026,207
CI.IMP.2C,2026,208
CI.IMP.2C,2026,209
CI.IMP.2C,2026,210
CI.IMP.2C,2026,211
CI.IMP.2C,2026,212
CI.IMP.2C,2026,213
CI.IMP.2C,2026,214
CI.IMP.2C,2026,215
CI.IMP.2C,2026,216
CI.IR2.,2026,201
CI.IR2.,2026,202
CI.IR2.,2026,203
CI.IR2.,2026,204
CI.IR2.,2026,205
CI.IR2.,2026,206
CI.IR2.,2026,207
CI.IR2.,2026,208
CI.IR2.,2026,209
CI.IR2.,2026,210
CI.IR2.,2026,211
CI.IR2.,2026,212
CI.IR2.,2026,213
CI.IR2.,2026,214
CI.IR2.,2026,215
CI.IR2.,2026,216
CI.IRM.,2026,213
CI.IRM.,2026,214
CI.IRM.,2026,215
CI.IRM.2C,2026,201
CI.IRM.2C,2026,202
CI.IRM.2C,2026,203
CI.IRM.2C,2026,204
CI.IRM.2C,2026,205
CI.IRM.2C,2026,206
CI.IRM.2C,2026,207
CI.IRM.2C,2026,208
CI.IRM.2C,2026,209
CI.IRM.2C,2026,210
CI.IRM.2C,2026,211
CI.IRM.2C,2026,212
CI.IRM.2C,2026,213
CI.IRM.2C,2026,214
CI.IRM.2C,2026,215
CI.IRM.2C,2026,216
CI.ISA.,2026,1
CI.ISA.,2026,2
CI.ISA.,2026,3
CI.ISA.,2026,4
CI.ISA.,2026,5
CI.ISA.,2026,6
CI.ISA.,2026,32
CI.ISA.,2026,41
CI.ISA.,2026,42
CI.ISA.,2026,43
CI.ISA.,2026,44
CI.ISA.,2026,101
CI.ISA.,2026,102
CI.ISA.,2026,103
CI.ISA.,2026,104
CI.ISA.,2026,213
CI.ISA.,2026,214
CI.ISA.,2026,215
CI.ISA.,2026,221
CI.ISA.,2026,222
CI.ISA.,2026,223
CI.ISA.,2026,224
CI.ISA.,2026,225
CI.ISA.,2026,226
CI.ISA.,2026,227
CI.ISA.,2026,228
CI.ISA.,2026,229
CI.ISA.2C,2026,1
CI.ISA.2C,2026,2
CI.ISA.2C,2026,3
CI.ISA.2C,2026,4
CI.ISA.2C,2026,5
CI.ISA.2C,2026,6
CI.ISA.2C,2026,7
CI.ISA.2C,2026,8
CI.ISA.2C,2026,9
CI.ISA.2C,2026,10
CI.ISA.2C,2026,11
CI.ISA.2C,2026,12
CI.ISA.2C,2026,13
CI.ISA.2C,2026,14
CI.ISA.2C,2026,15
CI.ISA.2C,2026,21
CI.ISA.2C,2026,22
CI.ISA.2C,2026,23
CI.ISA.2C,2026,24
CI.ISA.2C,2026,25
CI.ISA.2C,2026,26
CI.ISA.2C,2026,27
CI.ISA.2C,2026,28
CI.ISA.2C,2026,29
CI.ISA.2C,2026,30
CI.ISA.2C,2026,31
CI.ISA.2C,2026,32
CI.ISA.2C,2026,201
CI.ISA.2C,2026,202
CI.ISA.2C,2026,203
CI.ISA.2C,2026,204
CI.ISA.2C,2026,205
CI.ISA.2C,2026,206
CI.ISA.2C,2026,207
CI.ISA.2C,2026,208
CI.ISA.2C,2026,209
CI.ISA.2C,2026,210
CI.ISA.2C,2026,211
CI.ISA.2C,2026,212
CI.ISA.2C,2026,213
CI.ISA.2C,2026,214
CI.ISA.2C,2026,215
CI.ISA.2C,2026,216
CI.ISA.2C,2026,217
CI.ISA.2C,2026,218
CI.ISA.2C,2026,221
CI.ISA.2C,2026,222
CI.ISA.2C,2026,223
CI.ISA.2C,2026,224
CI.ISA.2C,2026,225
CI.ISA.2C,2026,226
CI.ISA.2C,2026,227
CI.ISA.2C,2026,228
CI.ISA.2C,2026,229
CI.ISA.2C,2026,230
CI.ISA.2C,2026,231
CI.ISA.2C,2026,232
CI.IVY.,2026,1
CI.IVY.,2026,2
CI.IVY.,2026,3
CI.IVY.,2026,4
CI.IVY.,2026,5
CI.IVY.,2026,6
CI.IVY.,2026,32
CI.IVY.,2026,41
CI.IVY.,2026,42
CI.IVY.,2026,43
CI.IVY.,2026,101
CI.IVY.,2026,102
CI.IVY.,2026,103
CI.IVY.,2026,213
CI.IVY.,2026,214
CI.IVY.,2026,215
CI.IVY.,2026,221
CI.IVY.,2026,222
CI.IVY.,2026,223
CI.IVY.,2026,224
CI.IVY.,2026,225
CI.IVY.,2026,226
CI.IVY.,2026,227
CI.IVY.,2026,228
CI.IVY.,2026,229
CI.IVY.2C,2026,1
CI.IVY.2C,2026,2
CI.IVY.2C,2026,3
CI.IVY.2C,2026,4
CI.IVY.2C,2026,5
CI.IVY.2C,2026,6
CI.IVY.2C,2026,7
CI.IVY.2C,2026,8
CI.IVY.2C,2026,9
CI.IVY.2C,2026,10
CI.IVY.2C,2026,11
CI.IVY.2C,2026,12
CI.IVY.2C,2026,13
CI.IVY.2C,2026,14
CI.IVY.2C,2026,15
CI.IVY.2C,2026,21
CI.IVY.2C,2026,22
CI.IVY.2C,2026,23
CI.IVY.2C,2026,24
CI.IVY.2C,2026,25
CI.IVY.2C,2026,26
CI.IVY.2C,2026,27
CI.IVY.2C,2026,28
CI.IVY.2C,2026,29
CI.IVY.2C,2026,30
CI.IVY.2C,2026,31
CI.IVY.2C,2026,32
CI.IVY.2C,2026,201
CI.IVY.2C,2026,202
CI.IVY.2C,2026,203
CI.IVY.2C,2026,204
CI.IVY.2C,2026,205
CI.IVY.2C,2026,206
CI.IVY.2C,2026,207
CI.IVY.2C,2026,208
CI.IVY.2C,2026,209
CI.IVY.2C,2026,210
CI.IVY.2C,2026,211
CI.IVY.2C,2026,212
CI.IVY.2C,2026,213
CI.IVY.2C,2026,214
CI.IVY.2C,2026,215
CI.IVY.2C,2026,216
CI.IVY.2C,2026,217
CI.IVY.2C,2026,218
CI.IVY.2C,2026,221
CI.IVY.2C,2026,222
CI.IVY.2C,2026,223
CI.IVY.2C,2026,224
CI.IVY.2C,2026,225
CI.IVY.2C,2026,226
CI.IVY.2C,2026,227
CI.IVY.2C,2026,228
CI.IVY.2C,2026,229
CI.IVY.2C,2026,230
CI.IVY.2C,2026,231
CI.IVY.2C,2026,232
CI.JEM.,2026,1
CI.JEM.,2026,2
CI.JEM.,2026,3
CI.JEM.,2026,4
CI.JEM.,2026,5
CI.JEM.,2026,6
CI.JEM.,2026,32
CI.JEM.,2026,41
CI.JEM.,2026,42
CI.JEM.,2026,43
CI.JEM.,2026,101
CI.JEM.,2026,102
CI.JEM.,2026,103
CI.JEM.,2026,213
CI.JEM.,2026,214
CI.JEM.,2026,215
CI.JEM.,2026,221
CI.JEM.,2026,222
CI.JEM.,2026,223
CI.JEM.,2026,224
CI.JEM.,2026,225
CI.JEM.,2026,226
CI.JEM.,2026,227
CI.JEM.,2026,228
CI.JEM.,2026,229
CI.JEM.2C,2026,1
CI.JEM.2C,2026,2
CI.JEM.2C,2026,3
CI.JEM.2C,2026,4
CI.JEM.2C,2026,5
CI.JEM.2C,2026,6
CI.JEM.2C,2026,7
CI.JEM.2C,2026,8
CI.JEM.2C,2026,9
CI.JEM.2C,2026,10
CI.JEM.2C,2026,11
CI.JEM.2C,2026,12
CI.JEM.2C,2026,13
CI.JEM.2C,2026,14
CI.JEM.2C,2026,15
CI.JEM.2C,2026,21
CI.JEM.2C,2026,22
CI.JEM.2C,2026,23
CI.JEM.2C,2026,24
CI.JEM.2C,2026,25
CI.JEM.2C,2026,26
CI.JEM.2C,2026,27
CI.JEM.2C,2026,28
CI.JEM.2C,2026,29
CI.JEM.2C,2026,30
CI.JEM.2C,2026,31
CI.JEM.2C,2026,32
CI.JEM.2C,2026,201
CI.JEM.2C,2026,202
CI.JEM.2C,2026,203
CI.JEM.2C,2026,204
CI.JEM.2C,2026,205
CI.JEM.2C,2026,206
CI.JEM.2C,2026,207
CI.JEM.2C,2026,208
CI.JEM.2C,2026,209
CI.JEM.2C,2026,210
CI.JEM.2C,2026,211
CI.JEM.2C,2026,212
CI.JEM.2C,2026,213
CI.JEM.2C,2026,214
CI.JEM.2C,2026,215
CI.JEM.2C,2026,216
CI.JEM.2C,2026,217
CI.JEM.2C,2026,218
CI.JEM.2C,2026,221
CI.JEM.2C,2026,222
CI.JEM.2C,2026,223
CI.JEM.2C,2026,224
CI.JEM.2C,2026,225
CI.JEM.2C,2026,226
CI.JEM.2C,2026,227
CI.JEM.2C,2026,228
CI.JEM.2C,2026,229
CI.JEM.2C,2026,230
CI.JEM.2C,2026,231
CI.JEM.2C,2026,232
CI.JNH2.,2026,1
CI.JNH2.,2026,2
CI.JNH2.,2026,3
CI.JNH2.,2026,4
CI.JNH2.,2026,5
CI.JNH2.,2026,6
CI.JNH2.,2026,32
CI.JNH2.,2026,41
CI.JNH2.,2026,42
CI.JNH2.,2026,43
CI.JNH2.,2026,101
CI.JNH2.,2026,102
CI.JNH2.,2026,103
CI.JNH2.,2026,213
CI.JNH2.,2026,214
CI.JNH2.,2026,215
CI.JNH2.,2026,221
CI.JNH2.,2026,222
CI.JNH2.,2026,223
CI.JNH2.,2026,224
CI.JNH2.,2026,225
CI.JNH2.,2026,226
CI.JNH2.,2026,227
CI.JNH2.,2026,228
CI.JNH2.,2026,229
CI.JPLS.,2026,1
CI.JPLS.,2026,2
CI.JPLS.,2026,3
CI.JPLS.,2026,4
CI.JPLS.,2026,5
CI.JPLS.,2026,6
CI.JPLS.,2026,32
CI.JPLS.,2026,101
CI.JPLS.,2026,102
CI.JPLS.,2026,103
CI.JPLS.,2026,213
CI.JPLS.,2026,214
CI.JPLS.,2026,221
CI.JPLS.,2026,222
CI.JPLS.,2026,223
CI.JPLS.,2026,224
CI.JPLS.,2026,225
CI.JPLS.,2026,226
CI.JPLS.,2026,227
CI.JPLS.,2026,228
CI.JPLS.,2026,229
CI.JPLS.2C,2026,1
CI.JPLS.2C,2026,2
CI.JPLS.2C,2026,3
CI.JPLS.2C,2026,4
CI.JPLS.2C,2026,5
CI.JPLS.2C,2026,6
CI.JPLS.2C,2026,7
CI.JPLS.2C,2026,8
CI.JPLS.2C,2026,9
CI.JPLS.2C,2026,10
CI.JPLS.2C,2026,11
CI.JPLS.2C,2026,12
CI.JPLS.2C,2026,13
CI.JPLS.2C,2026,14
CI.JPLS.2C,2026,15
CI.JPLS.2C,2026,21
CI.JPLS.2C,2026,22
CI.JPLS.2C,2026,23
CI.JPLS.2C,2026,24
CI.JPLS.2C,2026,25
CI.JPLS.2C,2026,26
CI.JPLS.2C,2026,27
CI.JPLS.2C,2026,28
CI.JPLS.2C,2026,29
CI.JPLS.2C,2026,30
CI.JPLS.2C,2026,31
CI.JPLS.2C,2026,32
CI.JPLS.2C,2026,201
CI.JPLS.2C,2026,202
CI.JPLS.2C,2026,203
CI.JPLS.2C,2026,204
CI.JPLS.2C,2026,205
CI.JPLS.2C,2026,206
CI.JPLS.2C,2026,207
CI.JPLS.2C,2026,208
CI.JPLS.2C,2026,209
CI.JPLS.2C,2026,210
CI.JPLS.2C,2026,211
CI.JPLS.2C,2026,212
CI.JPLS.2C,2026,213
CI.JPLS.2C,2026,214
CI.JPLS.2C,2026,215
CI.JPLS.2C,2026,216
CI.JPLS.2C,2026,217
CI.JPLS.2C,2026,218
CI.JPLS.2C,2026,221
CI.JPLS.2C,2026,222
CI.JPLS.2C,2026,223
CI.JPLS.2C,2026,224
CI.JPLS.2C,2026,225
CI.JPLS.2C,2026,226
CI.JPLS.2C,2026,227
CI.JPLS.2C,2026,228
CI.JPLS.2C,2026,229
CI.JPLS.2C,2026,230
CI.JPLS.2C,2026,231
CI.JPLS.2C,2026,232
CI.JRC2.,2026,1
CI.JRC2.,2026,2
CI.JRC2.,2026,3
CI.JRC2.,2026,4
CI.JRC2.,2026,5
CI.JRC2.,2026,6
CI.JRC2.,2026,32
CI.JRC2.,2026,41
CI.JRC2.,2026,42
CI.JRC2.,2026,43
CI.JRC2.,2026,101
CI.JRC2.,2026,102
CI.JRC2.,2026,103
CI.JRC2.,2026,213
CI.JRC2.,2026,214
CI.JRC2.,2026,221
CI.JRC2.,2026,222
CI.JRC2.,2026,223
CI.JRC2.,2026,224
CI.JRC2.,2026,225
CI.JRC2.,2026,226
CI.JRC2.,2026,227
CI.JRC2.,2026,228
CI.JRC2.,2026,229
CI.JRC2.2C,2026,1
CI.JRC2.2C,2026,2
CI.JRC2.2C,2026,3
CI.JRC2.2C,2026,4
CI.JRC2.2C,2026,5
CI.JRC2.2C,2026,6
CI.JRC2.2C,2026,7
CI.JRC2.2C,2026,8
CI.JRC2.2C,2026,9
CI.JRC2.2C,2026,10
CI.JRC2.2C,2026,11
CI.JRC2.2C,2026,12
CI.JRC2.2C,2026,13
CI.JRC2.2C,2026,14
CI.JRC2.2C,2026,15
CI.JRC2.2C,2026,21
CI.JRC2.2C,2026,22
CI.JRC2.2C,2026,23
CI.JRC2.2C,2026,24
CI.JRC2.2C,2026,25
CI.JRC2.2C,2026,26
CI.JRC2.2C,2026,27
CI.JRC2.2C,2026,28
CI.JRC2.2C,2026,29
CI.JRC2.2C,2026,30
CI.JRC2.2C,2026,31
CI.JRC2.2C,2026,32
CI.JRC2.2C,2026,201
CI.JRC2.2C,2026,202
CI.JRC2.2C,2026,203
CI.JRC2.2C,2026,204
CI.JRC2.2C,2026,205
CI.JRC2.2C,2026,206
CI.JRC2.2C,2026,207
CI.JRC2.2C,2026,208
CI.JRC2.2C,2026,209
CI.JRC2.2C,2026,210
CI.JRC2.2C,2026,211
CI.JRC2.2C,2026,212
CI.JRC2.2C,2026,213
CI.JRC2.2C,2026,214
CI.JRC2.2C,2026,215
CI.JRC2.2C,2026,216
CI.JRC2.2C,2026,217
CI.JRC2.2C,2026,218
CI.JRC2.2C,2026,221
CI.JRC2.2C,2026,222
CI.JRC2.2C,2026,223
CI.JRC2.2C,2026,224
CI.JRC2.2C,2026,225
CI.JRC2.2C,2026,226
CI.JRC2.2C,2026,227
CI.JRC2.2C,2026,228
CI.JRC2.2C,2026,229
CI.JRC2.2C,2026,230
CI.JRC2.2C,2026,231
CI.JRC2.2C,2026,232
CI.JTH.,2026,1
CI.JTH.,2026,2
CI.JTH.,2026,3
CI.JTH.,2026,4
CI.JTH.,2026,5
CI.JTH.,2026,6
CI.JTH.,2026,41
CI.JTH.,2026,42
CI.JTH.,2026,43
CI.JTH.,2026,101
CI.JTH.,2026,102
CI.JTH.,2026,103
CI.JTH.,2026,213
CI.JTH.,2026,214
CI.JTH.,2026,221
CI.JTH.,2026,222
CI.JTH.,2026,223
CI.JTH.,2026,224
CI.JTH.,2026,225
CI.JTH.,2026,226
CI.JTH.,2026,227
CI.JTH.,2026,228
CI.JTH.,2026,229
CI.JTH.2C,2026,1
CI.JTH.2C,2026,2
CI.JTH.2C,2026,3
CI.JTH.2C,2026,4
CI.JTH.2C,2026,5
CI.JTH.2C,2026,6
CI.JTH.2C,2026,7
CI.JTH.2C,2026,8
CI.JTH.2C,2026,9
CI.JTH.2C,2026,10
CI.JTH.2C,2026,11
CI.JTH.2C,2026,12
CI.JTH.2C,2026,13
CI.JTH.2C,2026,14
CI.JTH.2C,2026,15
CI.JTH.2C,2026,21
CI.JTH.2C,2026,22
CI.JTH.2C,2026,23
CI.JTH.2C,2026,24
CI.JTH.2C,2026,25
CI.JTH.2C,2026,26
CI.JTH.2C,2026,27
CI.JTH.2C,2026,28
CI.JTH.2C,2026,29
CI.JTH.2C,2026,30
CI.JTH.2C,2026,31
CI.JTH.2C,2026,32
CI.JTH.2C,2026,201
CI.JTH.2C,2026,202
CI.JTH.2C,2026,203
CI.JTH.2C,2026,204
CI.JTH.2C,2026,205
CI.JTH.2C,2026,206
CI.JTH.2C,2026,207
CI.JTH.2C,2026,208
CI.JTH.2C,2026,209
CI.JTH.2C,2026,210
CI.JTH.2C,2026,211
CI.JTH.2C,2026,212
CI.JTH.2C,2026,213
CI.JTH.2C,2026,214
CI.JTH.2C,2026,215
CI.JTH.2C,2026,216
CI.JTH.2C,2026,217
CI.JTH.2C,2026,218
CI.JTH.2C,2026,221
CI.JTH.2C,2026,222
CI.JTH.2C,2026,223
CI.JTH.2C,2026,224
CI.JTH.2C,2026,225
CI.JTH.2C,2026,226
CI.JTH.2C,2026,227
CI.JTH.2C,2026,228
CI.JTH.2C,2026,229
CI.JTH.2C,2026,230
CI.JTH.2C,2026,231
CI.JTH.2C,2026,232
CI.JVA.,2026,1
CI.JVA.,2026,2
CI.JVA.,2026,3
CI.JVA.,2026,4
CI.JVA.,2026,5
CI.JVA.,2026,6
CI.JVA.,2026,41
CI.JVA.,2026,42
CI.JVA.,2026,43
CI.JVA.,2026,213
CI.JVA.,2026,214
CI.JVA.,2026,221
CI.JVA.,2026,222
CI.JVA.,2026,223
CI.JVA.,2026,224
CI.JVA.,2026,225
CI.JVA.,2026,226
CI.JVA.,2026,227
CI.JVA.,2026,228
CI.JVA.,2026,229
CI.KIK.,2026,1
CI.KIK.,2026,2
CI.KIK.,2026,3
CI.KIK.,2026,4
CI.KIK.,2026,5
CI.KIK.,2026,6
CI.KIK.,2026,41
CI.KIK.,2026,42
CI.KIK.,2026,43
CI.KIK.,2026,101
CI.KIK.,2026,102
CI.KIK.,2026,103
CI.KIK.,2026,213
CI.KIK.,2026,214
CI.KIK.,2026,221
CI.KIK.,2026,222
CI.KIK.,2026,223
CI.KIK.,2026,224
CI.KIK.,2026,225
CI.KIK.,2026,226
CI.KIK.,2026,227
CI.KIK.,2026,228
CI.KIK.,2026,229
CI.KIK.2C,2026,1
CI.KIK.2C,2026,2
CI.KIK.2C,2026,3
CI.KIK.2C,2026,4
CI.KIK.2C,2026,5
CI.KIK.2C,2026,6
CI.KIK.2C,2026,7
CI.KIK.2C,2026,8
CI.KIK.2C,2026,9
CI.KIK.2C,2026,10
CI.KIK.2C,2026,11
CI.KIK.2C,2026,12
CI.KIK.2C,2026,13
CI.KIK.2C,2026,14
CI.KIK.2C,2026,15
CI.KIK.2C,2026,21
CI.KIK.2C,2026,22
CI.KIK.2C,2026,23
CI.KIK.2C,2026,24
CI.KIK.2C,2026,25
CI.KIK.2C,2026,26
CI.KIK.2C,2026,27
CI.KIK.2C,2026,28
CI.KIK.2C,2026,29
CI.KIK.2C,2026,30
CI.KIK.2C,2026,31
CI.KIK.2C,2026,32
CI.KIK.2C,2026,201
CI.KIK.2C,2026,202
CI.KIK.2C,2026,203
CI.KIK.2C,2026,204
CI.KIK.2C,2026,205
CI.KIK.2C,2026,206
CI.KIK.2C,2026,207
CI.KIK.2C,2026,208
CI.KIK.2C,2026,209
CI.KIK.2C,2026,210
CI.KIK.2C,2026,211
CI.KIK.2C,2026,212
CI.KIK.2C,2026,213
CI.KIK.2C,2026,214
CI.KIK.2C,2026,215
CI.KIK.2C,2026,216
CI.KIK.2C,2026,217
CI.KIK.2C,2026,218
CI.KIK.2C,2026,221
CI.KIK.2C,2026,222
CI.KIK.2C,2026,223
CI.KIK.2C,2026,224
CI.KIK.2C,2026,225
CI.KIK.2C,2026,226
CI.KIK.2C,2026,227
CI.KIK.2C,2026,228
CI.KIK.2C,2026,229
CI.KIK.2C,2026,230
CI.KIK.2C,2026,231
CI.KIK.2C,2026,232
CI.KML.,2026,1
CI.KML.,2026,2
CI.KML.,2026,3
CI.KML.,2026,4
CI.KML.,2026,5
CI.KML.,2026,6
CI.KML.,2026,41
CI.KML.,2026,42
CI.KML.,2026,43
CI.KML.,2026,101
CI.KML.,2026,102
CI.KML.,2026,103
CI.KML.,2026,213
CI.KML.,2026,214
CI.KML.,2026,221
CI.KML.,2026,222
CI.KML.,2026,223
CI.KML.,2026,224
CI.KML.,2026,225
CI.KML.,2026,226
CI.KML.,2026,227
CI.KML.,2026,228
CI.KML.,2026,229
CI.KML.2C,2026,1
CI.KML.2C,2026,2
CI.KML.2C,2026,3
CI.KML.2C,2026,4
CI.KML.2C,2026,5
CI.KML.2C,2026,6
CI.KML.2C,2026,7
CI.KML.2C,2026,8
CI.KML.2C,2026,9
CI.KML.2C,2026,10
CI.KML.2C,2026,11
CI.KML.2C,2026,12
CI.KML.2C,2026,13
CI.KML.2C,2026,14
CI.KML.2C,2026,15
CI.KML.2C,2026,21
CI.KML.2C,2026,22
CI.KML.2C,2026,23
CI.KML.2C,2026,24
CI.KML.2C,2026,25
CI.KML.2C,2026,26
CI.KML.2C,2026,27
CI.KML.2C,2026,28
CI.KML.2C,2026,29
CI.KML.2C,2026,30
CI.KML.2C,2026,31
CI.KML.2C,2026,32
CI.KML.2C,2026,201
CI.KML.2C,2026,202
CI.KML.2C,2026,203
CI.KML.2C,2026,204
CI.KML.2C,2026,205
CI.KML.2C,2026,206
CI.KML.2C,2026,207
CI.KML.2C,2026,208
CI.KML.2C,2026,209
CI.KML.2C,2026,210
CI.KML.2C,2026,211
CI.KML.2C,2026,212
CI.KML.2C,2026,213
CI.KML.2C,2026,214
CI.KML.2C,2026,215
CI.KML.2C,2026,216
CI.KML.2C,2026,217
CI.KML.2C,2026,218
CI.KML.2C,2026,221
CI.KML.2C,2026,222
CI.KML.2C,2026,223
CI.KML.2C,2026,224
CI.KML.2C,2026,225
CI.KML.2C,2026,226
CI.KML.2C,2026,227
CI.KML.2C,2026,228
CI.KML.2C,2026,229
CI.KML.2C,2026,230
CI.KML.2C,2026,231
CI.KML.2C,2026,232
CI.KRV1.,2026,1
CI.KRV1.,2026,2
CI.KRV1.,2026,3
CI.KRV1.,2026,4
CI.KRV1.,2026,5
CI.KRV1.,2026,41
CI.KRV1.,2026,42
CI.KRV1.,2026,43
CI.KRV1.,2026,101
CI.KRV1.,2026,102
CI.KRV1.,2026,103
CI.KRV1.,2026,213
CI.KRV1.,2026,214
CI.KRV1.,2026,221
CI.KRV1.,2026,222
CI.KRV1.,2026,223
CI.KRV1.,2026,224
CI.KRV1.,2026,225
CI.KRV1.,2026,226
CI.KRV1.,2026,227
CI.KRV1.,2026,228
CI.KRV1.,2026,229
CI.KRV3.,2026,1
CI.KRV3.,2026,2
CI.KRV3.,2026,3
CI.KRV3.,2026,4
CI.KRV3.,2026,5
CI.KRV3.,2026,41
CI.KRV3.,2026,42
CI.KRV3.,2026,43
CI.KRV3.,2026,101
CI.KRV3.,2026,102
CI.KRV3.,2026,103
CI.KRV3.,2026,213
CI.KRV3.,2026,214
CI.KRV3.,2026,221
CI.KRV3.,2026,222
CI.KRV3.,2026,223
CI.KRV3.,2026,224
CI.KRV3.,2026,225
CI.KRV3.,2026,226
CI.KRV3.,2026,227
CI.KRV3.,2026,228
CI.KYV.,2026,1
CI.KYV.,2026,2
CI.KYV.,2026,3
CI.KYV.,2026,4
CI.KYV.,2026,5
CI.KYV.,2026,41
CI.KYV.,2026,42
CI.KYV.,2026,43
CI.KYV.,2026,101
CI.KYV.,2026,102
CI.KYV.,2026,103
CI.KYV.,2026,213
CI.KYV.,2026,214
CI.KYV.,2026,221
CI.KYV.,2026,222
CI.KYV.,2026,223
CI.KYV.,2026,224
CI.KYV.,2026,225
CI.KYV.,2026,226
CI.KYV.,2026,227
CI.KYV.,2026,228
CI.LAF.,2026,1
CI.LAF.,2026,2
CI.LAF.,2026,3
CI.LAF.,2026,4
CI.LAF.,2026,5
CI.LAF.,2026,41
CI.LAF.,2026,42
CI.LAF.,2026,43
CI.LAF.,2026,101
CI.LAF.,2026,102
CI.LAF.,2026,103
CI.LAF.,2026,213
CI.LAF.,2026,214
CI.LAF.,2026,221
CI.LAF.,2026,222
CI.LAF.,2026,223
CI.LAF.,2026,224
CI.LAF.,2026,225
CI.LAF.,2026,226
CI.LAF.,2026,227
CI.LAF.,2026,228
CI.LAF.2C,2026,1
CI.LAF.2C,2026,2
CI.LAF.2C,2026,3
CI.LAF.2C,2026,4
CI.LAF.2C,2026,5
CI.LAF.2C,2026,6
CI.LAF.2C,2026,7
CI.LAF.2C,2026,8
CI.LAF.2C,2026,9
CI.LAF.2C,2026,10
CI.LAF.2C,2026,11
CI.LAF.2C,2026,12
CI.LAF.2C,2026,13
CI.LAF.2C,2026,14
CI.LAF.2C,2026,15
CI.LAF.2C,2026,21
CI.LAF.2C,2026,22
CI.LAF.2C,2026,23
CI.LAF.2C,2026,24
CI.LAF.2C,2026,25
CI.LAF.2C,2026,26
CI.LAF.2C,2026,27
CI.LAF.2C,2026,28
CI.LAF.2C,2026,29
CI.LAF.2C,2026,30
CI.LAF.2C,2026,31
CI.LAF.2C,2026,32
CI.LAF.2C,2026,201
CI.LAF.2C,2026,202
CI.LAF.2C,2026,203
CI.LAF.2C,2026,204
CI.LAF.2C,2026,205
CI.LAF.2C,2026,206
CI.LAF.2C,2026,207
CI.LAF.2C,2026,208
CI.LAF.2C,2026,209
CI.LAF.2C,2026,210
CI.LAF.2C,2026,211
CI.LAF.2C,2026,212
CI.LAF.2C,2026,213
CI.LAF.2C,2026,214
CI.LAF.2C,2026,215
CI.LAF.2C,2026,216
CI.LAF.2C,2026,217
CI.LAF.2C,2026,218
CI.LAF.2C,2026,221
CI.LAF.2C,2026,222
CI.LAF.2C,2026,223
CI.LAF.2C,2026,224
CI.LAF.2C,2026,225
CI.LAF.2C,2026,226
CI.LAF.2C,2026,227
CI.LAF.2C,2026,228
CI.LAF.2C,2026,229
CI.LAF.2C,2026,230
CI.LAF.2C,2026,231
CI.LAF.2C,2026,232
CI.LAT.,2026,21
CI.LAT.,2026,22
CI.LAT.,2026,23
CI.LAT.,2026,61
CI.LAT.,2026,62
CI.LAT.,2026,63
CI.LAT.,2026,64
CI.LAT.,2026,65
CI.LAT.,2026,66
CI.LAT.,2026,67
CI.LAT.,2026,68
CI.LAT.,2026,182
CI.LAT.,2026,183
CI.LAT.,2026,184
CI.LAT.,2026,185
CI.LAT.,2026,186
CI.LAT.,2026,187
CI.LAT.,2026,188
CI.LAT.,2026,189
CI.LAT.,2026,190
CI.LAT.2C,2026,21
CI.LAT.2C,2026,22
CI.LAT.2C,2026,23
CI.LAT.2C,2026,24
CI.LAT.2C,2026,25
CI.LAT.2C,2026,26
CI.LAT.2C,2026,27
CI.LAT.2C,2026,28
CI.LAT.2C,2026,29
CI.LAT.2C,2026,30
CI.LAT.2C,2026,31
CI.LAT.2C,2026,61
CI.LAT.2C,2026,62
CI.LAT.2C,2026,63
CI.LAT.2C,2026,64
CI.LAT.2C,2026,65
CI.LAT.2C,2026,66
CI.LAT.2C,2026,67
CI.LAT.2C,2026,68
CI.LAT.2C,2026,69
CI.LAT.2C,2026,70
CI.LAT.2C,2026,71
CI.LAT.2C,2026,72
CI.LAT.2C,2026,73
CI.LAT.2C,2026,181
CI.LAT.2C,2026,182
CI.LAT.2C,2026,183
CI.LAT.2C,2026,184
CI.LAT.2C,2026,185
CI.LAT.2C,2026,186
CI.LAT.2C,2026,187
CI.LAT.2C,2026,188
CI.LAT.2C,2026,189
CI.LAT.2C,2026,190
CI.LAT.2C,2026,191
CI.LBW1.,2026,21
CI.LBW1.,2026,22
CI.LBW1.,2026,23
CI.LBW1.,2026,24
CI.LBW1.,2026,25
CI.LBW1.,2026,26
CI.LBW1.,2026,27
CI.LBW1.,2026,28
CI.LBW1.,2026,29
CI.LBW1.,2026,30
CI.LBW1.,2026,31
CI.LBW1.,2026,61
CI.LBW1.,2026,62
CI.LBW1.,2026,63
CI.LBW1.,2026,64
CI.LBW1.,2026,65
CI.LBW1.,2026,66
CI.LBW1.,2026,67
CI.LBW1.,2026,68
CI.LBW1.,2026,69
CI.LBW1.,2026,70
CI.LBW1.,2026,71
CI.LBW1.,2026,72
CI.LBW1.,2026,73
CI.LBW1.,2026,181
CI.LBW1.,2026,182
CI.LBW1.,2026,183
CI.LBW1.,2026,184
CI.LBW1.,2026,185
CI.LBW1.,2026,186
CI.LBW1.,2026,187
CI.LBW1.,2026,188
CI.LBW1.,2026,189
CI.LBW1.,2026,190
CI.LBW1.,2026,191
CI.LBW1.00,2026,21
CI.LBW1.00,2026,22
CI.LBW1.00,2026,23
CI.LBW1.00,2026,61
CI.LBW1.00,2026,62
CI.LBW1.00,2026,63
CI.LBW1.00,2026,64
CI.LBW1.00,2026,65
CI.LBW1.00,2026,66
CI.LBW1.00,2026,67
CI.LBW1.00,2026,68
CI.LBW1.00,2026,182
CI.LBW1.00,2026,183
CI.LBW1.00,2026,184
CI.LBW1.00,2026,185
CI.LBW1.00,2026,186
CI.LBW1.00,2026,187
CI.LBW1.00,2026,188
CI.LBW1.00,2026,189
CI.LBW1.00,2026,190
CI.LBW1.02,2026,21
CI.LBW1.02,2026,22
CI.LBW1.02,2026,23
CI.LBW1.02,2026,61
CI.LBW1.02,2026,62
CI.LBW1.02,2026,63
CI.LBW1.02,2026,64
CI.LBW1.02,2026,65
CI.LBW1.02,2026,66
CI.LBW1.02,2026,67
CI.LBW1.02,2026,68
CI.LBW1.02,2026,182
CI.LBW1.02,2026,183
CI.LBW1.02,2026,184
CI.LBW1.02,2026,185
CI.LBW1.02,2026,186
CI.LBW1.02,2026,187
CI.LBW1.02,2026,188
CI.LBW1.02,2026,189
CI.LBW1.02,2026,190
CI.LBW2.,2026,21
CI.LBW2.,2026,22
CI.LBW2.,2026,23
CI.LBW2.,2026,61
CI.LBW2.,2026,62
CI.LBW2.,2026,63
CI.LBW2.,2026,64
CI.LBW2.,2026,65
CI.LBW2.,2026,66
CI.LBW2.,2026,67
CI.LBW2.,2026,68
CI.LBW2.,2026,182
CI.LBW2.,2026,183
CI.LBW2.,2026,184
CI.LBW2.,2026,185
CI.LBW2.,2026,186
CI.LBW2.,2026,187
CI.LBW2.,2026,188
CI.LBW2.,2026,189
CI.LBW2.,2026,190
CI.LBW2.01,2026,21
CI.LBW2.01,2026,22
CI.LBW2.01,2026,23
CI.LBW2.01,2026,61
CI.LBW2.01,2026,62
CI.LBW2.01,2026,63
CI.LBW2.01,2026,64
CI.LBW2.01,2026,65
CI.LBW2.01,2026,66
CI.LBW2.01,2026,67
CI.LBW2.01,2026,68
CI.LBW2.01,2026,182
CI.LBW2.01,2026,183
CI.LBW2.01,2026,184
CI.LBW2.01,2026,185
CI.LBW2.01,2026,186
CI.LBW2.01,2026,187
CI.LBW2.01,2026,188
CI.LBW2.01,2026,189
CI.LBW2.01,2026,190
CI.LBW2.2C,2026,21
CI.LBW2.2C,2026,22
CI.LBW2.2C,2026,23
CI.LBW2.2C,2026,24
CI.LBW2.2C,2026,25
CI.LBW2.2C,2026,26
CI.LBW2.2C,2026,27
CI.LBW2.2C,2026,28
CI.LBW2.2C,2026,29
CI.LBW2.2C,2026,30
CI.LBW2.2C,2026,31
CI.LBW2.2C,2026,61
CI.LBW2.2C,2026,62
CI.LBW2.2C,2026,63
CI.LBW2.2C,2026,64
CI.LBW2.2C,2026,65
CI.LBW2.2C,2026,66
CI.LBW2.2C,2026,67
CI.LBW2.2C,2026,68
CI.LBW2.2C,2026,69
CI.LBW2.2C,2026,70
CI.LBW2.2C,2026,71
CI.LBW2.2C,2026,72
CI.LBW2.2C,2026,73
CI.LBW2.2C,2026,181
CI.LBW2.2C,2026,182
CI.LBW2.2C,2026,183
CI.LBW2.2C,2026,184
CI.LBW2.2C,2026,185
CI.LBW2.2C,2026,186
CI.LBW2.2C,2026,187
CI.LBW2.2C,2026,188
CI.LBW2.2C,2026,189
CI.LBW2.2C,2026,190
CI.LBW2.2C,2026,191
CI.LCG.,2026,21
CI.LCG.,2026,22
CI.LCG.,2026,23
CI.LCG.,2026,61
CI.LCG.,2026,62
CI.LCG.,2026,63
CI.LCG.,2026,64
CI.LCG.,2026,65
CI.LCG.,2026,66
CI.LCG.,2026,67
CI.LCG.,2026,68
CI.LCG.,2026,182
CI.LCG.,2026,183
CI.LCG.,2026,184
CI.LCG.,2026,185
CI.LCG.,2026,186
CI.LCG.,2026,187
CI.LCG.,2026,188
CI.LCG.,2026,189
CI.LCG.,2026,190
CI.LCG.2C,2026,21
CI.LCG.2C,2026,22
CI.LCG.2C,2026,23
CI.LCG.2C,2026,24
CI.LCG.2C,2026,25
CI.LCG.2C,2026,26
CI.LCG.2C,2026,27
CI.LCG.2C,2026,28
CI.LCG.2C,2026,29
CI.LCG.2C,2026,30
CI.LCG.2C,2026,31
CI.LCG.2C,2026,61
CI.LCG.2C,2026,62
CI.LCG.2C,2026,63
CI.LCG.2C,2026,64
CI.LCG.2C,2026,65
CI.LCG.2C,2026,66
CI.LCG.2C,2026,67
CI.LCG.2C,2026,68
CI.LCG.2C,2026,69
CI.LCG.2C,2026,70
CI.LCG.2C,2026,71
CI.LCG.2C,2026,72
CI.LCG.2C,2026,73
CI.LCG.2C,2026,181
CI.LCG.2C,2026,182
CI.LCG.2C,2026,183
CI.LCG.2C,2026,184
CI.LCG.2C,2026,185
CI.LCG.2C,2026,186
CI.LCG.2C,2026,187
CI.LCG.2C,2026,188
CI.LCG.2C,2026,189
CI.LCG.2C,2026,190
CI.LCG.2C,2026,191
CI.LCP.,2026,21
CI.LCP.,2026,22
CI.LCP.,2026,23
CI.LCP.,2026,61
CI.LCP.,2026,62
CI.LCP.,2026,63
CI.LCP.,2026,64
CI.LCP.,2026,65
CI.LCP.,2026,66
CI.LCP.,2026,67
CI.LCP.,2026,68
CI.LCP.,2026,182
CI.LCP.,2026,183
CI.LCP.,2026,184
CI.LCP.,2026,185
CI.LCP.,2026,186
CI.LCP.,2026,187
CI.LCP.,2026,188
CI.LCP.,2026,189
CI.LCP.,2026,190
CI.LCP.2C,2026,21
CI.LCP.2C,2026,22
CI.LCP.2C,2026,23
CI.LCP.2C,2026,24
CI.LCP.2C,2026,25
CI.LCP.2C,2026,26
CI.LCP.2C,2026,27
CI.LCP.2C,2026,28
CI.LCP.2C,2026,29
CI.LCP.2C,2026,30
CI.LCP.2C,2026,31
CI.LCP.2C,2026,61
CI.LCP.2C,2026,62
CI.LCP.2C,2026,63
CI.LCP.2C,2026,64
CI.LCP.2C,2026,65
CI.LCP.2C,2026,66
CI.LCP.2C,2026,67
CI.LCP.2C,2026,68
CI.LCP.2C,2026,69
CI.LCP.2C,2026,70
CI.LCP.2C,2026,71
CI.LCP.2C,2026,72
CI.LCP.2C,2026,73
CI.LCP.2C,2026,181
CI.LCP.2C,2026,182
CI.LCP.2C,2026,183
CI.LCP.2C,2026,184
CI.LCP.2C,2026,185
CI.LCP.2C,2026,186
CI.LCP.2C,2026,187
CI.LCP.2C,2026,188
CI.LCP.2C,2026,189
CI.LCP.2C,2026,190
CI.LCP.2C,2026,191
CI.LDF.,2026,21
CI.LDF.,2026,22
CI.LDF.,2026,23
CI.LDF.,2026,61
CI.LDF.,2026,62
CI.LDF.,2026,63
CI.LDF.,2026,64
CI.LDF.,2026,65
CI.LDF.,2026,66
CI.LDF.,2026,67
CI.LDF.,2026,68
CI.LDF.,2026,182
CI.LDF.,2026,183
CI.LDF.,2026,184
CI.LDF.,2026,185
CI.LDF.,2026,186
CI.LDF.,2026,187
CI.LDF.,2026,188
CI.LDF.,2026,189
CI.LDF.,2026,190
CI.LDF.2C,2026,21
CI.LDF.2C,2026,22
CI.LDF.2C,2026,23
CI.LDF.2C,2026,24
CI.LDF.2C,2026,25
CI.LDF.2C,2026,26
CI.LDF.2C,2026,27
CI.LDF.2C,2026,28
CI.LDF.2C,2026,29
CI.LDF.2C,2026,30
CI.LDF.2C,2026,31
CI.LDF.2C,2026,61
CI.LDF.2C,2026,62
CI.LDF.2C,2026,63
CI.LDF.2C,2026,64
CI.LDF.2C,2026,65
CI.LDF.2C,2026,66
CI.LDF.2C,2026,67
CI.LDF.2C,2026,68
CI.LDF.2C,2026,69
CI.LDF.2C,2026,70
CI.LDF.2C,2026,71
CI.LDF.2C,2026,72
CI.LDF.2C,2026,73
CI.LDF.2C,2026,181
CI.LDF.2C,2026,182
CI.LDF.2C,2026,183
CI.LDF.2C,2026,184
CI.LDF.2C,2026,185
CI.LDF.2C,2026,186
CI.LDF.2C,2026,187
CI.LDF.2C,2026,188
CI.LDF.2C,2026,189
CI.LDF.2C,2026,190
CI.LDF.2C,2026,191
CI.LDR.,2026,21
CI.LDR.,2026,22
CI.LDR.,2026,61
CI.LDR.,2026,62
CI.LDR.,2026,63
CI.LDR.,2026,64
CI.LDR.,2026,65
CI.LDR.,2026,66
CI.LDR.,2026,67
CI.LDR.,2026,182
CI.LDR.,2026,183
CI.LDR.,2026,184
CI.LDR.,2026,185
CI.LDR.,2026,186
CI.LDR.,2026,187
CI.LDR.,2026,188
CI.LDR.,2026,189
CI.LDR.,2026,190
CI.LEO.,2026,21
CI.LEO.,2026,22
CI.LEO.,2026,61
CI.LEO.,2026,62
CI.LEO.,2026,63
CI.LEO.,2026,64
CI.LEO.,2026,65
CI.LEO.,2026,66
CI.LEO.,2026,67
CI.LEO.,2026,182
CI.LEO.,2026,183
CI.LEO.,2026,184
CI.LEO.,2026,185
CI.LEO.,2026,186
CI.LEO.,2026,187
CI.LEO.,2026,188
CI.LEO.,2026,189
CI.LEO.,2026,190
CI.LEO.2C,2026,21
CI.LEO.2C,2026,22
CI.LEO.2C,2026,23
CI.LEO.2C,2026,24
CI.LEO.2C,2026,25
CI.LEO.2C,2026,26
CI.LEO.2C,2026,27
CI.LEO.2C,2026,28
CI.LEO.2C,2026,29
CI.LEO.2C,2026,30
CI.LEO.2C,2026,31
CI.LEO.2C,2026,61
CI.LEO.2C,2026,62
CI.LEO.2C,2026,63
CI.LEO.2C,2026,64
CI.LEO.2C,2026,65
CI.LEO.2C,2026,66
CI.LEO.2C,2026,67
CI.LEO.2C,2026,68
CI.LEO.2C,2026,69
CI.LEO.2C,2026,70
CI.LEO.2C,2026,71
CI.LEO.2C,2026,72
CI.LEO.2C,2026,73
CI.LEO.2C,2026,181
CI.LEO.2C,2026,182
CI.LEO.2C,2026,183
CI.LEO.2C,2026,184
CI.LEO.2C,2026,185
CI.LEO.2C,2026,186
CI.LEO.2C,2026,187
CI.LEO.2C,2026,188
CI.LEO.2C,2026,189
CI.LEO.2C,2026,190
CI.LEO.2C,2026,191
CI.LFP.,2026,21
CI.LFP.,2026,22
CI.LFP.,2026,61
CI.LFP.,2026,62
CI.LFP.,2026,63
CI.LFP.,2026,64
CI.LFP.,2026,65
CI.LFP.,2026,66
CI.LFP.,2026,67
CI.LFP.,2026,182
CI.LFP.,2026,183
CI.LFP.,2026,184
CI.LFP.,2026,185
CI.LFP.,2026,186
CI.LFP.,2026,187
CI.LFP.,2026,188
CI.LFP.,2026,189
CI.LFP.,2026,190
CI.LFP.2C,2026,21
CI.LFP.2C,2026,22
CI.LFP.2C,2026,23
CI.LFP.2C,2026,24
CI.LFP.2C,2026,25
CI.LFP.2C,2026,26
CI.LFP.2C,2026,27
CI.LFP.2C,2026,28
CI.LFP.2C,2026,29
CI.LFP.2C,2026,30
CI.LFP.2C,2026,31
CI.LFP.2C,2026,61
CI.LFP.2C,2026,62
CI.LFP.2C,2026,63
CI.LFP.2C,2026,64
CI.LFP.2C,2026,65
CI.LFP.2C,2026,66
CI.LFP.2C,2026,67
CI.LFP.2C,2026,68
CI.LFP.2C,2026,69
CI.LFP.2C,2026,70
CI.LFP.2C,2026,71
CI.LFP.2C,2026,72
CI.LFP.2C,2026,73
CI.LFP.2C,2026,181
CI.LFP.2C,2026,182
CI.LFP.2C,2026,183
CI.LFP.2C,2026,184
CI.LFP.2C,2026,185
CI.LFP.2C,2026,186
CI.LFP.2C,2026,187
CI.LFP.2C,2026,188
CI.LFP.2C,2026,189
CI.LFP.2C,2026,190
CI.LFP.2C,2026,191
CI.LGB.,2026,21
CI.LGB.,2026,22
CI.LGB.,2026,61
CI.LGB.,2026,62
CI.LGB.,2026,63
CI.LGB.,2026,64
CI.LGB.,2026,65
CI.LGB.,2026,66
CI.LGB.,2026,67
CI.LGB.,2026,182
CI.LGB.,2026,183
CI.LGB.,2026,184
CI.LGB.,2026,185
CI.LGB.,2026,186
CI.LGB.,2026,187
CI.LGB.,2026,188
CI.LGB.,2026,189
CI.LGB.,2026,190
CI.LGB.2C,2026,21
CI.LGB.2C,2026,22
CI.LGB.2C,2026,23
CI.LGB.2C,2026,24
CI.LGB.2C,2026,25
CI.LGB.2C,2026,26
CI.LGB.2C,2026,27
CI.LGB.2C,2026,28
CI.LGB.2C,2026,29
CI.LGB.2C,2026,30
CI.LGB.2C,2026,31
CI.LGB.2C,2026,61
CI.LGB.2C,2026,62
CI.LGB.2C,2026,63
CI.LGB.2C,2026,64
CI.LGB.2C,2026,65
CI.LGB.2C,2026,66
CI.LGB.2C,2026,67
CI.LGB.2C,2026,68
CI.LGB.2C,2026,69
CI.LGB.2C,2026,70
CI.LGB.2C,2026,71
CI.LGB.2C,2026,72
CI.LGB.2C,2026,73
CI.LGB.2C,2026,181
CI.LGB.2C,2026,182
CI.LGB.2C,2026,183
CI.LGB.2C,2026,184
CI.LGB.2C,2026,185
CI.LGB.2C,2026,186
CI.LGB.2C,2026,187
CI.LGB.2C,2026,188
CI.LGB.2C,2026,189
CI.LGB.2C,2026,190
CI.LGB.2C,2026,191
CI.LJR.,2026,21
CI.LJR.,2026,22
CI.LJR.,2026,61
CI.LJR.,2026,62
CI.LJR.,2026,63
CI.LJR.,2026,64
CI.LJR.,2026,65
CI.LJR.,2026,66
CI.LJR.,2026,67
CI.LJR.,2026,182
CI.LJR.,2026,183
CI.LJR.,2026,184
CI.LJR.,2026,185
CI.LJR.,2026,186
CI.LJR.,2026,187
CI.LJR.,2026,188
CI.LJR.,2026,189
CI.LJR.,2026,190
CI.LJR.2C,2026,21
CI.LJR.2C,2026,22
CI.LJR.2C,2026,23
CI.LJR.2C,2026,24
CI.LJR.2C,2026,25
CI.LJR.2C,2026,26
CI.LJR.2C,2026,27
CI.LJR.2C,2026,28
CI.LJR.2C,2026,29
CI.LJR.2C,2026,30
CI.LJR.2C,2026,31
CI.LJR.2C,2026,61
CI.LJR.2C,2026,62
CI.LJR.2C,2026,63
CI.LJR.2C,2026,64
CI.LJR.2C,2026,65
CI.LJR.2C,2026,66
CI.LJR.2C,2026,67
CI.LJR.2C,2026,68
CI.LJR.2C,2026,69
CI.LJR.2C,2026,70
CI.LJR.2C,2026,71
CI.LJR.2C,2026,72
CI.LJR.2C,2026,73
CI.LJR.2C,2026,181
CI.LJR.2C,2026,182
CI.LJR.2C,2026,183
CI.LJR.2C,2026,184
CI.LJR.2C,2026,185
CI.LJR.2C,2026,186
CI.LJR.2C,2026,187
CI.LJR.2C,2026,188
CI.LJR.2C,2026,189
CI.LJR.2C,2026,190
CI.LJR.2C,2026,191
CI.LKH.,2026,21
CI.LKH.,2026,22
CI.LKH.,2026,61
CI.LKH.,2026,62
CI.LKH.,2026,63
CI.LKH.,2026,64
CI.LKH.,2026,65
CI.LKH.,2026,66
CI.LKH.,2026,67
CI.LKH.,2026,182
CI.LKH.,2026,183
CI.LKH.,2026,184
CI.LKH.,2026,185
CI.LKH.,2026,186
CI.LKH.,2026,187
CI.LKH.,2026,188
CI.LKH.,2026,189
CI.LKH.,2026,190
CI.LLS.,2026,21
CI.LLS.,2026,22
CI.LLS.,2026,61
CI.LLS.,2026,62
CI.LLS.,2026,63
CI.LLS.,2026,64
CI.LLS.,2026,65
CI.LLS.,2026,66
CI.LLS.,2026,67
CI.LLS.,2026,182
CI.LLS.,2026,183
CI.LLS.,2026,184
CI.LLS.,2026,185
CI.LLS.,2026,186
CI.LLS.,2026,187
CI.LLS.,2026,188
CI.LLS.,2026,189
CI.LLS.,2026,190
CI.LLS.2C,2026,21
CI.LLS.2C,2026,22
CI.LLS.2C,2026,23
CI.LLS.2C,2026,24
CI.LLS.2C,2026,25
CI.LLS.2C,2026,26
CI.LLS.2C,2026,27
CI.LLS.2C,2026,28
CI.LLS.2C,2026,29
CI.LLS.2C,2026,30
CI.LLS.2C,2026,31
CI.LLS.2C,2026,61
CI.LLS.2C,2026,62
CI.LLS.2C,2026,63
CI.LLS.2C,2026,64
CI.LLS.2C,2026,65
CI.LLS.2C,2026,66
CI.LLS.2C,2026,67
CI.LLS.2C,2026,68
CI.LLS.2C,2026,69
CI.LLS.2C,2026,70
CI.LLS.2C,2026,71
CI.LLS.2C,2026,72
CI.LLS.2C,2026,73
CI.LLS.2C,2026,181
CI.LLS.2C,2026,182
CI.LLS.2C,2026,183
CI.LLS.2C,2026,184
CI.LLS.2C,2026,185
CI.LLS.2C,2026,186
CI.LLS.2C,2026,187
CI.LLS.2C,2026,188
CI.LLS.2C,2026,189
CI.LLS.2C,2026,190
CI.LLS.2C,2026,191
CI.LMH.,2026,21
CI.LMH.,2026,22
CI.LMH.,2026,61
CI.LMH.,2026,62
CI.LMH.,2026,63
CI.LMH.,2026,64
CI.LMH.,2026,65
CI.LMH.,2026,66
CI.LMH.,2026,67
CI.LMH.,2026,182
CI.LMH.,2026,183
CI.LMH.,2026,184
CI.LMH.,2026,185
CI.LMH.,2026,186
CI.LMH.,2026,187
CI.LMH.,2026,188
CI.LMH.,2026,189
CI.LMH.,2026,190
CI.LMH.2C,2026,21
CI.LMH.2C,2026,22
CI.LMH.2C,2026,23
CI.LMH.2C,2026,24
CI.LMH.2C,2026,25
CI.LMH.2C,2026,26
CI.LMH.2C,2026,27
CI.LMH.2C,2026,28
CI.LMH.2C,2026,29
CI.LMH.2C,2026,30
CI.LMH.2C,2026,31
CI.LMH.2C,2026,61
CI.LMH.2C,2026,62
CI.LMH.2C,2026,63
CI.LMH.2C,2026,64
CI.LMH.2C,2026,65
CI.LMH.2C,2026,66
CI.LMH.2C,2026,67
CI.LMH.2C,2026,68
CI.LMH.2C,2026,69
CI.LMH.2C,2026,70
CI.LMH.2C,2026,71
CI.LMH.2C,2026,72
CI.LMH.2C,2026,73
CI.LMH.2C,2026,181
CI.LMH.2C,2026,182
CI.LMH.2C,2026,183
CI.LMH.2C,2026,184
CI.LMH.2C,2026,185
CI.LMH.2C,2026,186
CI.LMH.2C,2026,187
CI.LMH.2C,2026,188
CI.LMH.2C,2026,189
CI.LMH.2C,2026,190
CI.LMH.2C,2026,191
CI.LMR2.,2026,21
CI.LMR2.,2026,22
CI.LMR2.,2026,23
CI.LMR2.,2026,91
CI.LMR2.,2026,92
CI.LMR2.,2026,93
CI.LMR2.,2026,121
CI.LMR2.,2026,122
CI.LMR2.,2026,123
CI.LMR2.,2026,124
CI.LMR2.,2026,125
CI.LMR2.,2026,127
CI.LMR2.,2026,128
CI.LMR2.,2026,135
CI.LMS.,2026,21
CI.LMS.,2026,22
CI.LMS.,2026,23
CI.LMS.,2026,91
CI.LMS.,2026,92
CI.LMS.,2026,93
CI.LMS.,2026,121
CI.LMS.,2026,122
CI.LMS.,2026,123
CI.LMS.,2026,124
CI.LMS.,2026,125
CI.LMS.,2026,127
CI.LMS.,2026,128
CI.LMS.,2026,133
CI.LMS.,2026,134
CI.LMS.,2026,135
CI.LMS.2C,2026,21
CI.LMS.2C,2026,22
CI.LMS.2C,2026,23
CI.LMS.2C,2026,24
CI.LMS.2C,2026,25
CI.LMS.2C,2026,26
CI.LMS.2C,2026,27
CI.LMS.2C,2026,28
CI.LMS.2C,2026,29
CI.LMS.2C,2026,30
CI.LMS.2C,2026,81
CI.LMS.2C,2026,82
CI.LMS.2C,2026,83
CI.LMS.2C,2026,84
CI.LMS.2C,2026,85
CI.LMS.2C,2026,86
CI.LMS.2C,2026,87
CI.LMS.2C,2026,88
CI.LMS.2C,2026,89
CI.LMS.2C,2026,90
CI.LMS.2C,2026,91
CI.LMS.2C,2026,92
CI.LMS.2C,2026,93
CI.LMS.2C,2026,121
CI.LMS.2C,2026,122
CI.LMS.2C,2026,123
CI.LMS.2C,2026,124
CI.LMS.2C,2026,125
CI.LMS.2C,2026,126
CI.LMS.2C,2026,127
CI.LMS.2C,2026,128
CI.LMS.2C,2026,129
CI.LMS.2C,2026,130
CI.LMS.2C,2026,131
CI.LMS.2C,2026,132
CI.LMS.2C,2026,133
CI.LMS.2C,2026,134
CI.LMS.2C,2026,135
CI.LMS.2C,2026,136
CI.LMY.,2026,21
CI.LMY.,2026,22
CI.LMY.,2026,23
CI.LMY.,2026,91
CI.LMY.,2026,92
CI.LMY.,2026,93
CI.LMY.,2026,121
CI.LMY.,2026,122
CI.LMY.,2026,123
CI.LMY.,2026,124
CI.LMY.,2026,125
CI.LMY.,2026,127
CI.LMY.,2026,128
CI.LMY.,2026,133
CI.LMY.,2026,134
CI.LMY.,2026,135
CI.LOC.,2026,21
CI.LOC.,2026,22
CI.LOC.,2026,23
CI.LOC.,2026,91
CI.LOC.,2026,92
CI.LOC.,2026,93
CI.LOC.,2026,121
CI.LOC.,2026,122
CI.LOC.,2026,123
CI.LOC.,2026,124
CI.LOC.,2026,125
CI.LOC.,2026,127
CI.LOC.,2026,128
CI.LOC.,2026,133
CI.LOC.,2026,134
CI.LOC.,2026,135
CI.LRL.,2026,21
CI.LRL.,2026,22
CI.LRL.,2026,23
CI.LRL.,2026,91
CI.LRL.,2026,92
CI.LRL.,2026,93
CI.LRL.,2026,121
CI.LRL.,2026,122
CI.LRL.,2026,123
CI.LRL.,2026,124
CI.LRL.,2026,125
CI.LRL.,2026,127
CI.LRL.,2026,128
CI.LRL.,2026,133
CI.LRL.,2026,134
CI.LRL.,2026,135
CI.LRL.2C,2026,21
CI.LRL.2C,2026,22
CI.LRL.2C,2026,23
CI.LRL.2C,2026,24
CI.LRL.2C,2026,25
CI.LRL.2C,2026,26
CI.LRL.2C,2026,27
CI.LRL.2C,2026,28
CI.LRL.2C,2026,29
CI.LRL.2C,2026,30
CI.LRL.2C,2026,81
CI.LRL.2C,2026,82
CI.LRL.2C,2026,83
CI.LRL.2C,2026,84
CI.LRL.2C,2026,85
CI.LRL.2C,2026,86
CI.LRL.2C,2026,87
CI.LRL.2C,2026,88
CI.LRL.2C,2026,89
CI.LRL.2C,2026,90
CI.LRL.2C,2026,91
CI.LRL.2C,2026,92
CI.LRL.2C,2026,93
CI.LRL.2C,2026,121
CI.LRL.2C,2026,122
CI.LRL.2C,2026,123
CI.LRL.2C,2026,124
CI.LRL.2C,2026,125
CI.LRL.2C,2026,126
CI.LRL.2C,2026,127
CI.LRL.2C,2026,128
CI.LRL.2C,2026,129
CI.LRL.2C,2026,130
CI.LRL.2C,2026,131
CI.LRL.2C,2026,132
CI.LRL.2C,2026,133
CI.LRL.2C,2026,134
CI.LRL.2C,2026,135
CI.LRL.2C,2026,136
CI.LRR2.,2026,21
CI.LRR2.,2026,22
CI.LRR2.,2026,23
CI.LRR2.,2026,91
CI.LRR2.,2026,92
CI.LRR2.,2026,93
CI.LRR2.,2026,121
CI.LRR2.,2026,122
CI.LRR2.,2026,123
CI.LRR2.,2026,124
CI.LRR2.,2026,125
CI.LRR2.,2026,127
CI.LRR2.,2026,128
CI.LRR2.,2026,134
CI.LRR2.,2026,135
CI.LTP.,2026,21
CI.LTP.,2026,22
CI.LTP.,2026,91
CI.LTP.,2026,92
CI.LTP.,2026,93
CI.LTP.,2026,121
CI.LTP.,2026,122
CI.LTP.,2026,123
CI.LTP.,2026,124
CI.LTP.,2026,125
CI.LTP.,2026,127
CI.LTP.,2026,128
CI.LTP.,2026,129
CI.LTP.,2026,130
CI.LTP.,2026,131
CI.LTP.,2026,135
CI.LTP.2C,2026,21
CI.LTP.2C,2026,22
CI.LTP.2C,2026,23
CI.LTP.2C,2026,24
CI.LTP.2C,2026,25
CI.LTP.2C,2026,26
CI.LTP.2C,2026,27
CI.LTP.2C,2026,28
CI.LTP.2C,2026,29
CI.LTP.2C,2026,30
CI.LTP.2C,2026,81
CI.LTP.2C,2026,82
CI.LTP.2C,2026,83
CI.LTP.2C,2026,84
CI.LTP.2C,2026,85
CI.LTP.2C,2026,86
CI.LTP.2C,2026,87
CI.LTP.2C,2026,88
CI.LTP.2C,2026,89
CI.LTP.2C,2026,90
CI.LTP.2C,2026,91
CI.LTP.2C,2026,92
CI.LTP.2C,2026,93
CI.LTP.2C,2026,121
CI.LTP.2C,2026,122
CI.LTP.2C,2026,123
CI.LTP.2C,2026,124
CI.LTP.2C,2026,125
CI.LTP.2C,2026,126
CI.LTP.2C,2026,127
CI.LTP.2C,2026,128
CI.LTP.2C,2026,129
CI.LTP.2C,2026,130
CI.LTP.2C,2026,131
CI.LTP.2C,2026,132
CI.LTP.2C,2026,133
CI.LTP.2C,2026,134
CI.LTP.2C,2026,135
CI.LTP.2C,2026,136
CI.LUC2.,2026,21
CI.LUC2.,2026,22
CI.LUC2.,2026,91
CI.LUC2.,2026,92
CI.LUC2.,2026,93
CI.LUC2.,2026,121
CI.LUC2.,2026,122
CI.LUC2.,2026,123
CI.LUC2.,2026,124
CI.LUC2.,2026,125
CI.LUC2.,2026,127
CI.LUC2.,2026,133
CI.LUC2.,2026,134
CI.LUC2.,2026,135
CI.LUC2.2C,2026,21
CI.LUC2.2C,2026,22
CI.LUC2.2C,2026,23
CI.LUC2.2C,2026,24
CI.LUC2.2C,2026,25
CI.LUC2.2C,2026,26
CI.LUC2.2C,2026,27
CI.LUC2.2C,2026,28
CI.LUC2.2C,2026,29
CI.LUC2.2C,2026,30
CI.LUC2.2C,2026,81
CI.LUC2.2C,2026,82
CI.LUC2.2C,2026,83
CI.LUC2.2C,2026,84
CI.LUC2.2C,2026,85
CI.LUC2.2C,2026,86
CI.LUC2.2C,2026,87
CI.LUC2.2C,2026,88
CI.LUC2.2C,2026,89
CI.LUC2.2C,2026,90
CI.LUC2.2C,2026,91
CI.LUC2.2C,2026,92
CI.LUC2.2C,2026,93
CI.LUC2.2C,2026,121
CI.LUC2.2C,2026,122
CI.LUC2.2C,2026,123
CI.LUC2.2C,2026,124
CI.LUC2.2C,2026,125
CI.LUC2.2C,2026,126
CI.LUC2.2C,2026,127
CI.LUC2.2C,2026,128
CI.LUC2.2C,2026,129
CI.LUC2.2C,2026,130
CI.LUC2.2C,2026,131
CI.LUC2.2C,2026,132
CI.LUC2.2C,2026,133
CI.LUC2.2C,2026,134
CI.LUC2.2C,2026,135
CI.LUC2.2C,2026,136
CI.LUG.,2026,21
CI.LUG.,2026,22
CI.LUG.,2026,91
CI.LUG.,2026,92
CI.LUG.,2026,121
CI.LUG.,2026,122
CI.LUG.,2026,123
CI.LUG.,2026,124
CI.LUG.,2026,125
CI.LUG.,2026,127
CI.LUG.,2026,128
CI.LUG.,2026,133
CI.LUG.,2026,134
CI.LUG.,2026,135
CI.LUG.2C,2026,21
CI.LUG.2C,2026,22
CI.LUG.2C,2026,23
CI.LUG.2C,2026,24
CI.LUG.2C,2026,25
CI.LUG.2C,2026,26
CI.LUG.2C,2026,27
CI.LUG.2C,2026,28
CI.LUG.2C,2026,29
CI.LUG.2C,2026,30
CI.LUG.2C,2026,81
CI.LUG.2C,2026,82
CI.LUG.2C,2026,83
CI.LUG.2C,2026,84
CI.LUG.2C,2026,85
CI.LUG.2C,2026,86
CI.LUG.2C,2026,87
CI.LUG.2C,2026,88
CI.LUG.2C,2026,89
CI.LUG.2C,2026,90
CI.LUG.2C,2026,91
CI.LUG.2C,2026,92
CI.LUG.2C,2026,93
CI.LUG.2C,2026,121
CI.LUG.2C,2026,122
CI.LUG.2C,2026,123
CI.LUG.2C,2026,124
CI.LUG.2C,2026,125
CI.LUG.2C,2026,126
CI.LUG.2C,2026,127
CI.LUG.2C,2026,128
CI.LUG.2C,2026,129
CI.LUG.2C,2026,130
CI.LUG.2C,2026,131
CI.LUG.2C,2026,132
CI.LUG.2C,2026,133
CI.LUG.2C,2026,134
CI.LUG.2C,2026,135
CI.LUG.2C,2026,136
CI.LUS.,2026,21
CI.LUS.,2026,22
CI.LUS.,2026,91
CI.LUS.,2026,92
CI.LUS.,2026,121
CI.LUS.,2026,122
CI.LUS.,2026,123
CI.LUS.,2026,124
CI.LUS.,2026,125
CI.LUS.,2026,127
CI.LUS.,2026,128
CI.LUS.,2026,134
CI.LUS.,2026,135
CI.LUS.2C,2026,21
CI.LUS.2C,2026,22
CI.LUS.2C,2026,23
CI.LUS.2C,2026,24
CI.LUS.2C,2026,25
CI.LUS.2C,2026,26
CI.LUS.2C,2026,27
CI.LUS.2C,2026,28
CI.LUS.2C,2026,29
CI.LUS.2C,2026,30
CI.LUS.2C,2026,81
CI.LUS.2C,2026,82
CI.LUS.2C,2026,83
CI.LUS.2C,2026,84
CI.LUS.2C,2026,85
CI.LUS.2C,2026,86
CI.LUS.2C,2026,87
CI.LUS.2C,2026,88
CI.LUS.2C,2026,89
CI.LUS.2C,2026,90
CI.LUS.2C,2026,91
CI.LUS.2C,2026,92
CI.LUS.2C,2026,93
CI.LUS.2C,2026,121
CI.LUS.2C,2026,122
CI.LUS.2C,2026,123
CI.LUS.2C,2026,124
CI.LUS.2C,2026,125
CI.LUS.2C,2026,126
CI.LUS.2C,2026,127
CI.LUS.2C,2026,128
CI.LUS.2C,2026,129
CI.LUS.2C,2026,130
CI.LUS.2C,2026,131
CI.LUS.2C,2026,132
CI.LUS.2C,2026,133
CI.LUS.2C,2026,134
CI.LUS.2C,2026,135
CI.LUS.2C,2026,136
CI.LVO.,2026,21
CI.LVO.,2026,22
CI.LVO.,2026,91
CI.LVO.,2026,92
CI.LVO.,2026,121
CI.LVO.,2026,122
CI.LVO.,2026,123
CI.LVO.,2026,124
CI.LVO.,2026,125
CI.LVO.,2026,127
CI.LVO.,2026,128
CI.LVO.,2026,129
CI.LVO.,2026,130
CI.LVO.,2026,131
CI.LVO.,2026,135
CI.LVO.2C,2026,21
CI.LVO.2C,2026,22
CI.LVO.2C,2026,23
CI.LVO.2C,2026,24
CI.LVO.2C,2026,25
CI.LVO.2C,2026,26
CI.LVO.2C,2026,27
CI.LVO.2C,2026,28
CI.LVO.2C,2026,29
CI.LVO.2C,2026,30
CI.LVO.2C,2026,81
CI.LVO.2C,2026,82
CI.LVO.2C,2026,83
CI.LVO.2C,2026,84
CI.LVO.2C,2026,85
CI.LVO.2C,2026,86
CI.LVO.2C,2026,87
CI.LVO.2C,2026,88
CI.LVO.2C,2026,89
CI.LVO.2C,2026,90
CI.LVO.2C,2026,91
CI.LVO.2C,2026,92
CI.LVO.2C,2026,93
CI.LVO.2C,2026,121
CI.LVO.2C,2026,122
CI.LVO.2C,2026,123
CI.LVO.2C,2026,124
CI.LVO.2C,2026,125
CI.LVO.2C,2026,126
CI.LVO.2C,2026,127
CI.LVO.2C,2026,128
CI.LVO.2C,2026,129
CI.LVO.2C,2026,130
CI.LVO.2C,2026,131
CI.LVO.2C,2026,132
CI.LVO.2C,2026,133
CI.LVO.2C,2026,134
CI.LVO.2C,2026,135
CI.LVO.2C,2026,136
CI.LVY.,2026,21
CI.LVY.,2026,22
CI.LVY.,2026,91
CI.LVY.,2026,92
CI.LVY.,2026,121
CI.LVY.,2026,122
CI.LVY.,2026,123
CI.LVY.,2026,124
CI.LVY.,2026,125
CI.LVY.,2026,127
CI.LVY.,2026,128
CI.LVY.,2026,129
CI.LVY.,2026,130
CI.LVY.,2026,131
CI.LVY.,2026,135
CI.LVY.2C,2026,21
CI.LVY.2C,2026,22
CI.LVY.2C,2026,23
CI.LVY.2C,2026,24
CI.LVY.2C,2026,25
CI.LVY.2C,2026,26
CI.LVY.2C,2026,27
CI.LVY.2C,2026,28
CI.LVY.2C,2026,29
CI.LVY.2C,2026,30
CI.LVY.2C,2026,81
CI.LVY.2C,2026,82
CI.LVY.2C,2026,83
CI.LVY.2C,2026,84
CI.LVY.2C,2026,85
CI.LVY.2C,2026,86
CI.LVY.2C,2026,87
CI.LVY.2C,2026,88
CI.LVY.2C,2026,89
CI.LVY.2C,2026,90
CI.LVY.2C,2026,91
CI.LVY.2C,2026,92
CI.LVY.2C,2026,93
CI.LVY.2C,2026,121
CI.LVY.2C,2026,122
CI.LVY.2C,2026,123
CI.LVY.2C,2026,124
CI.LVY.2C,2026,125
CI.LVY.2C,2026,126
CI.LVY.2C,2026,127
CI.LVY.2C,2026,128
CI.LVY.2C,2026,129
CI.LVY.2C,2026,130
CI.LVY.2C,2026,131
CI.LVY.2C,2026,132
CI.LVY.2C,2026,133
CI.LVY.2C,2026,134
CI.LVY.2C,2026,135
CI.LVY.2C,2026,136
CI.LYP.,2026,21
CI.LYP.,2026,22
CI.LYP.,2026,91
CI.LYP.,2026,92
CI.LYP.,2026,121
CI.LYP.,2026,122
CI.LYP.,2026,123
CI.LYP.,2026,124
CI.LYP.,2026,125
CI.LYP.,2026,127
CI.LYP.,2026,134
CI.LYP.,2026,135
CI.LYP.2C,2026,21
CI.LYP.2C,2026,22
CI.LYP.2C,2026,23
CI.LYP.2C,2026,24
CI.LYP.2C,2026,25
CI.LYP.2C,2026,26
CI.LYP.2C,2026,27
CI.LYP.2C,2026,28
CI.LYP.2C,2026,29
CI.LYP.2C,2026,30
CI.LYP.2C,2026,81
CI.LYP.2C,2026,82
CI.LYP.2C,2026,83
CI.LYP.2C,2026,84
CI.LYP.2C,2026,85
CI.LYP.2C,2026,86
CI.LYP.2C,2026,87
CI.LYP.2C,2026,88
CI.LYP.2C,2026,89
CI.LYP.2C,2026,90
CI.LYP.2C,2026,91
CI.LYP.2C,2026,92
CI.LYP.2C,2026,93
CI.LYP.2C,2026,121
CI.LYP.2C,2026,122
CI.LYP.2C,2026,123
CI.LYP.2C,2026,124
CI.LYP.2C,2026,125
CI.LYP.2C,2026,126
CI.LYP.2C,2026,127
CI.LYP.2C,2026,128
CI.LYP.2C,2026,129
CI.LYP.2C,2026,130
CI.LYP.2C,2026,131
CI.LYP.2C,2026,132
CI.LYP.2C,2026,133
CI.LYP.2C,2026,134
CI.LYP.2C,2026,135
CI.LYP.2C,2026,136
CI.MAG.,2026,21
CI.MAG.,2026,22
CI.MAG.,2026,91
CI.MAG.,2026,92
CI.MAG.,2026,121
CI.MAG.,2026,122
CI.MAG.,2026,123
CI.MAG.,2026,124
CI.MAG.,2026,125
CI.MAG.,2026,127
CI.MAG.,2026,134
CI.MAG.,2026,135
CI.MAG.2C,2026,21
CI.MAG.2C,2026,22
CI.MAG.2C,2026,23
CI.MAG.2C,2026,24
CI.MAG.2C,2026,25
CI.MAG.2C,2026,26
CI.MAG.2C,2026,27
CI.MAG.2C,2026,28
CI.MAG.2C,2026,29
CI.MAG.2C,2026,30
CI.MAG.2C,2026,81
CI.MAG.2C,2026,82
CI.MAG.2C,2026,83
CI.MAG.2C,2026,84
CI.MAG.2C,2026,85
CI.MAG.2C,2026,86
CI.MAG.2C,2026,87
CI.MAG.2C,2026,88
CI.MAG.2C,2026,89
CI.MAG.2C,2026,90
CI.MAG.2C,2026,91
CI.MAG.2C,2026,92
CI.MAG.2C,2026,93
CI.MAG.2C,2026,121
CI.MAG.2C,2026,122
CI.MAG.2C,2026,123
CI.MAG.2C,2026,124
CI.MAG.2C,2026,125
CI.MAG.2C,2026,126
CI.MAG.2C,2026,127
CI.MAG.2C,2026,128
CI.MAG.2C,2026,129
CI.MAG.2C,2026,130
CI.MAG.2C,2026,131
CI.MAG.2C,2026,132
CI.MAG.2C,2026,133
CI.MAG.2C,2026,134
CI.MAG.2C,2026,135
CI.MAG.2C,2026,136
CI.MAN.,2026,21
CI.MAN.,2026,22
CI.MAN.,2026,91
CI.MAN.,2026,92
CI.MAN.,2026,121
CI.MAN.,2026,122
CI.MAN.,2026,123
CI.MAN.,2026,124
CI.MAN.,2026,125
CI.MAN.,2026,127
CI.MAN.,2026,128
CI.MAN.,2026,133
CI.MAN.,2026,134
CI.MAN.,2026,135
CI.MCT.,2026,21
CI.MCT.,2026,22
CI.MCT.,2026,81
CI.MCT.,2026,82
CI.MCT.,2026,83
CI.MCT.,2026,84
CI.MCT.,2026,85
CI.MCT.,2026,86
CI.MCT.,2026,87
CI.MCT.,2026,88
CI.MCT.,2026,89
CI.MCT.,2026,90
CI.MCT.,2026,91
CI.MCT.,2026,92
CI.MCT.,2026,93
CI.MCT.,2026,121
CI.MCT.,2026,122
CI.MCT.,2026,123
CI.MCT.,2026,124
CI.MCT.,2026,125
CI.MCT.,2026,126
CI.MCT.,2026,127
CI.MCT.,2026,128
CI.MCT.,2026,129
CI.MCT.,2026,130
CI.MCT.,2026,131
CI.MCT.,2026,132
CI.MCT.,2026,133
CI.MCT.,2026,134
CI.MCT.,2026,135
CI.MCT.,2026,136
CI.MCT.2C,2026,21
CI.MCT.2C,2026,22
CI.MCT.2C,2026,23
CI.MCT.2C,2026,24
CI.MCT.2C,2026,25
CI.MCT.2C,2026,26
CI.MCT.2C,2026,27
CI.MCT.2C,2026,28
CI.MCT.2C,2026,29
CI.MCT.2C,2026,30
CI.MCT.2C,2026,81
CI.MCT.2C,2026,82
CI.MCT.2C,2026,83
CI.MCT.2C,2026,84
CI.MCT.2C,2026,85
CI.MCT.2C,2026,86
CI.MCT.2C,2026,87
CI.MCT.2C,2026,88
CI.MCT.2C,2026,89
CI.MCT.2C,2026,90
CI.MCT.2C,2026,91
CI.MCT.2C,2026,92
CI.MCT.2C,2026,93
CI.MCT.2C,2026,121
CI.MCT.2C,2026,122
CI.MCT.2C,2026,123
CI.MCT.2C,2026,124
CI.MCT.2C,2026,125
CI.MCT.2C,2026,126
CI.MCT.2C,2026,127
CI.MCT.2C,2026,128
CI.MCT.2C,2026,129
CI.MCT.2C,2026,130
CI.MCT.2C,2026,131
CI.MCT.2C,2026,132
CI.MCT.2C,2026,133
CI.MCT.2C,2026,134
CI.MCT.2C,2026,135
CI.MCT.2C,2026,136
CI.MES.,2026,21
CI.MES.,2026,22
CI.MES.,2026,91
CI.MES.,2026,92
CI.MES.,2026,121
CI.MES.,2026,122
CI.MES.,2026,123
CI.MES.,2026,124
CI.MES.,2026,125
CI.MES.,2026,127
CI.MES.2C,2026,21
CI.MES.2C,2026,22
CI.MES.2C,2026,23
CI.MES.2C,2026,24
CI.MES.2C,2026,25
CI.MES.2C,2026,26
CI.MES.2C,2026,27
CI.MES.2C,2026,28
CI.MES.2C,2026,29
CI.MES.2C,2026,30
CI.MES.2C,2026,81
CI.MES.2C,2026,82
CI.MES.2C,2026,83
CI.MES.2C,2026,84
CI.MES.2C,2026,85
CI.MES.2C,2026,86
CI.MES.2C,2026,87
CI.MES.2C,2026,88
CI.MES.2C,2026,89
CI.MES.2C,2026,90
CI.MES.2C,2026,91
CI.MES.2C,2026,92
CI.MES.2C,2026,93
CI.MES.2C,2026,121
CI.MES.2C,2026,122
CI.MES.2C,2026,123
CI.MES.2C,2026,124
CI.MES.2C,2026,125
CI.MES.2C,2026,126
CI.MES.2C,2026,127
CI.MES.2C,2026,128
CI.MES.2C,2026,129
CI.MES.2C,2026,130
CI.MES.2C,2026,131
CI.MES.2C,2026,132
CI.MES.2C,2026,133
CI.MES.2C,2026,134
CI.MES.2C,2026,135
CI.MES.2C,2026,136
CI.MGE.,2026,141
CI.MGE.,2026,146
CI.MGE.,2026,152
CI.MGE.2C,2026,141
CI.MGE.2C,2026,142
CI.MGE.2C,2026,143
CI.MGE.2C,2026,144
CI.MGE.2C,2026,145
CI.MGE.2C,2026,146
CI.MGE.2C,2026,147
CI.MGE.2C,2026,148
CI.MGE.2C,2026,149
CI.MGE.2C,2026,150
CI.MGE.2C,2026,151
CI.MGE.2C,2026,152
CI.MIK.,2026,141
CI.MIK.,2026,146
CI.MIK.,2026,152
CI.MIK.2C,2026,141
CI.MIK.2C,2026,142
CI.MIK.2C,2026,143
CI.MIK.2C,2026,144
CI.MIK.2C,2026,145
CI.MIK.2C,2026,146
CI.MIK.2C,2026,147
CI.MIK.2C,2026,148
CI.MIK.2C,2026,149
CI.MIK.2C,2026,150
CI.MIK.2C,2026,151
CI.MIK.2C,2026,152
CI.MIKB.,2026,141
CI.MIKB.,2026,146
CI.MIKB.,2026,152
CI.MIKB.2C,2026,141
CI.MIKB.2C,2026,142
CI.MIKB.2C,2026,143
CI.MIKB.2C,2026,144
CI.MIKB.2C,2026,145
CI.MIKB.2C,2026,146
CI.MIKB.2C,2026,147
CI.MIKB.2C,2026,148
CI.MIKB.2C,2026,149
CI.MIKB.2C,2026,150
CI.MIKB.2C,2026,151
CI.MIKB.2C,2026,152
CI.MIS.00,2026,152
CI.MIS.01,2026,152
CI.MIS.21,2026,141
CI.MIS.21,2026,142
CI.MIS.21,2026,143
CI.MIS.21,2026,144
CI.MIS.21,2026,145
CI.MIS.21,2026,146
CI.MIS.21,2026,147
CI.MIS.21,2026,148
CI.MIS.21,2026,149
CI.MIS.21,2026,150
CI.MIS.21,2026,151
CI.MIS.21,2026,152
CI.MIS.2C,2026,141
CI.MIS.2C,2026,142
CI.MIS.2C,2026,143
CI.MIS.2C,2026,144
CI.MIS.2C,2026,145
CI.MIS.2C,2026,146
CI.MIS.2C,2026,147
CI.MIS.2C,2026,148
CI.MIS.2C,2026,149
CI.MIS.2C,2026,150
CI.MIS.2C,2026,151
CI.MIS.2C,2026,152
CI.MLAC.,2026,141
CI.MLAC.,2026,152
CI.MLAC.2C,2026,141
CI.MLAC.2C,2026,142
CI.MLAC.2C,2026,143
CI.MLAC.2C,2026,144
CI.MLAC.2C,2026,145
CI.MLAC.2C,2026,146
CI.MLAC.2C,2026,147
CI.MLAC.2C,2026,148
CI.MLAC.2C,2026,149
CI.MLAC.2C,2026,150
CI.MLAC.2C,2026,151
CI.MLAC.2C,2026,152
CI.MLS.,2026,141
CI.MLS.,2026,146
CI.MLS.,2026,152
CI.MLS.2C,2026,141
CI.MLS.2C,2026,142
CI.MLS.2C,2026,143
CI.MLS.2C,2026,144
CI.MLS.2C,2026,145
CI.MLS.2C,2026,146
CI.MLS.2C,2026,147
CI.MLS.2C,2026,148
CI.MLS.2C,2026,149
CI.MLS.2C,2026,150
CI.MLS.2C,2026,151
CI.MLS.2C,2026,152
CI.MMC.,2026,141
CI.MMC.,2026,142
CI.MMC.,2026,143
CI.MMC.,2026,144
CI.MMC.,2026,145
CI.MMC.,2026,146
CI.MMC.,2026,147
CI.MMC.,2026,148
CI.MMC.,2026,149
CI.MMC.,2026,150
CI.MMC.,2026,151
CI.MMC.,2026,152
CI.MMC.2C,2026,141
CI.MMC.2C,2026,142
CI.MMC.2C,2026,143
CI.MMC.2C,2026,144
CI.MMC.2C,2026,145
CI.MMC.2C,2026,146
CI.MMC.2C,2026,147
CI.MMC.2C,2026,148
CI.MMC.2C,2026,149
CI.MMC.2C,2026,150
CI.MMC.2C,2026,151
CI.MMC.2C,2026,152
CI.MNO.,2026,141
CI.MNO.,2026,152
CI.MNO.2C,2026,141
CI.MNO.2C,2026,142
CI.MNO.2C,2026,143
CI.MNO.2C,2026,144
CI.MNO.2C,2026,145
CI.MNO.2C,2026,146
CI.MNO.2C,2026,147
CI.MNO.2C,2026,148
CI.MNO.2C,2026,149
CI.MNO.2C,2026,150
CI.MNO.2C,2026,151
CI.MNO.2C,2026,152
CI.MOP.,2026,141
CI.MOP.,2026,152
CI.MOP.2C,2026,141
CI.MOP.2C,2026,142
CI.MOP.2C,2026,143
CI.MOP.2C,2026,144
CI.MOP.2C,2026,145
CI.MOP.2C,2026,146
CI.MOP.2C,2026,147
CI.MOP.2C,2026,148
CI.MOP.2C,2026,149
CI.MOP.2C,2026,150
CI.MOP.2C,2026,151
CI.MOP.2C,2026,152
CI.MOR.,2026,141
CI.MOR.,2026,146
CI.MOR.,2026,152
CI.MOR.2C,2026,141
CI.MOR.2C,2026,142
CI.MOR.2C,2026,143
CI.MOR.2C,2026,144
CI.MOR.2C,2026,145
CI.MOR.2C,2026,146
CI.MOR.2C,2026,147
CI.MOR.2C,2026,148
CI.MOR.2C,2026,149
CI.MOR.2C,2026,150
CI.MOR.2C,2026,151
CI.MOR.2C,2026,152
CI.MPI.,2026,141
CI.MPI.,2026,146
CI.MPI.,2026,152
CI.MPI.2C,2026,141
CI.MPI.2C,2026,142
CI.MPI.2C,2026,143
CI.MPI.2C,2026,144
CI.MPI.2C,2026,145
CI.MPI.2C,2026,146
CI.MPI.2C,2026,147
CI.MPI.2C,2026,148
CI.MPI.2C,2026,149
CI.MPI.2C,2026,150
CI.MPI.2C,2026,151
CI.MPI.2C,2026,152
CI.MPM.,2026,141
CI.MPM.,2026,146
CI.MPM.,2026,152
CI.MPP.,2026,141
CI.MPP.,2026,146
CI.MPP.,2026,152
CI.MPP.2C,2026,141
CI.MPP.2C,2026,142
CI.MPP.2C,2026,143
CI.MPP.2C,2026,144
CI.MPP.2C,2026,145
CI.MPP.2C,2026,146
CI.MPP.2C,2026,147
CI.MPP.2C,2026,148
CI.MPP.2C,2026,149
CI.MPP.2C,2026,150
CI.MPP.2C,2026,151
CI.MPP.2C,2026,152
CI.MRS.,2026,141
CI.MRS.,2026,143
CI.MRS.,2026,144
CI.MRS.,2026,145
CI.MRS.2C,2026,141
CI.MRS.2C,2026,142
CI.MRS.2C,2026,143
CI.MRS.2C,2026,144
CI.MRS.2C,2026,145
CI.MRS.2C,2026,146
CI.MRS.2C,2026,147
CI.MRS.2C,2026,148
CI.MRS.2C,2026,149
CI.MRS.2C,2026,150
CI.MRS.2C,2026,151
CI.MRS.2C,2026,152
CI.MSC.,2026,146
CI.MSC.2C,2026,141
CI.MSC.2C,2026,142
CI.MSC.2C,2026,143
CI.MSC.2C,2026,144
CI.MSC.2C,2026,145
CI.MSC.2C,2026,146
CI.MSC.2C,2026,147
CI.MSC.2C,2026,148
CI.MSC.2C,2026,149
CI.MSC.2C,2026,150
CI.MSC.2C,2026,151
CI.MSC.2C,2026,152
CI.MSJ.,2026,141
CI.MSJ.,2026,146
CI.MSJ.2C,2026,141
CI.MSJ.2C,2026,142
CI.MSJ.2C,2026,143
CI.MSJ.2C,2026,144
CI.MSJ.2C,2026,145
CI.MSJ.2C,2026,146
CI.MSJ.2C,2026,147
CI.MSJ.2C,2026,148
CI.MSJ.2C,2026,149
CI.MSJ.2C,2026,150
CI.MSJ.2C,2026,151
CI.MSJ.2C,2026,152
CI.MTA.,2026,141
CI.MTA.2C,2026,141
CI.MTA.2C,2026,142
CI.MTA.2C,2026,143
CI.MTA.2C,2026,144
CI.MTA.2C,2026,145
CI.MTA.2C,2026,146
CI.MTA.2C,2026,147
CI.MTA.2C,2026,148
CI.MTA.2C,2026,149
CI.MTA.2C,2026,150
CI.MTA.2C,2026,151
CI.MTA.2C,2026,152
CI.OGC.2C,2026,141
CI.OGC.2C,2026,142
CI.OGC.2C,2026,143
CI.OGC.2C,2026,144
CI.OGC.2C,2026,145
CI.OGC.2C,2026,146
CI.OGC.2C,2026,147
CI.OGC.2C,2026,148
CI.OGC.2C,2026,149
CI.OGC.2C,2026,181
CI.OGC.2C,2026,182
CI.OGC.2C,2026,183
CI.OLI.,2026,141
CI.OLI.,2026,142
CI.OLI.,2026,143
CI.OLI.,2026,144
CI.OLI.,2026,145
CI.OLI.,2026,146
CI.OLI.,2026,147
CI.OLI.,2026,148
CI.OLI.,2026,149
CI.OLI.,2026,182
CI.OLI.,2026,183
CI.OLI.2C,2026,141
CI.OLI.2C,2026,142
CI.OLI.2C,2026,143
CI.OLI.2C,2026,144
CI.OLI.2C,2026,145
CI.OLI.2C,2026,146
CI.OLI.2C,2026,147
CI.OLI.2C,2026,148
CI.OLI.2C,2026,149
CI.OLI.2C,2026,181
CI.OLI.2C,2026,182
CI.OLI.2C,2026,183
CI.OLP.,2026,141
CI.OLP.,2026,142
CI.OLP.,2026,143
CI.OLP.,2026,146
CI.OLP.,2026,182
CI.OLP.,2026,183
CI.OLP.2C,2026,141
CI.OLP.2C,2026,142
CI.OLP.2C,2026,143
CI.OLP.2C,2026,144
CI.OLP.2C,2026,145
CI.OLP.2C,2026,146
CI.OLP.2C,2026,147
CI.OLP.2C,2026,148
CI.OLP.2C,2026,149
CI.OLP.2C,2026,181
CI.OLP.2C,2026,182
CI.OLP.2C,2026,183
CI.OSI.,2026,141
CI.OSI.,2026,142
CI.OSI.,2026,143
CI.OSI.,2026,182
CI.OSI.,2026,183
CI.PALA.,2026,141
CI.PALA.,2026,142
CI.PALA.,2026,143
CI.PALA.,2026,146
CI.PALA.,2026,182
CI.PALA.,2026,183
CI.PALA.2C,2026,141
CI.PALA.2C,2026,142
CI.PALA.2C,2026,143
CI.PALA.2C,2026,144
CI.PALA.2C,2026,145
CI.PALA.2C,2026,146
CI.PALA.2C,2026,147
CI.PALA.2C,2026,148
CI.PALA.2C,2026,149
CI.PALA.2C,2026,181
CI.PALA.2C,2026,182
CI.PALA.2C,2026,183
CI.PASC.00,2026,141
CI.PASC.00,2026,142
CI.PASC.00,2026,143
CI.PASC.00,2026,182
CI.PASC.00,2026,183
CI.PASC.10,2026,141
CI.PASC.10,2026,142
CI.PASC.10,2026,143
CI.PASC.10,2026,146
CI.PASC.10,2026,182
CI.PASC.10,2026,183
CI.PDE.,2026,141
CI.PDE.,2026,142
CI.PDE.,2026,143
CI.PDE.,2026,182
CI.PDE.,2026,183
CI.PDE.2C,2026,141
CI.PDE.2C,2026,142
CI.PDE.2C,2026,143
CI.PDE.2C,2026,144
CI.PDE.2C,2026,145
CI.PDE.2C,2026,146
CI.PDE.2C,2026,147
CI.PDE.2C,2026,148
CI.PDE.2C,2026,149
CI.PDE.2C,2026,181
CI.PDE.2C,2026,182
CI.PDE.2C,2026,183
CI.PDM.,2026,141
CI.PDM.,2026,142
CI.PDM.,2026,143
CI.PDM.,2026,182
CI.PDM.,2026,183
CI.PDM.2C,2026,141
CI.PDM.2C,2026,142
CI.PDM.2C,2026,143
CI.PDM.2C,2026,144
CI.PDM.2C,2026,145
CI.PDM.2C,2026,146
CI.PDM.2C,2026,147
CI.PDM.2C,2026,148
CI.PDM.2C,2026,149
CI.PDM.2C,2026,181
CI.PDM.2C,2026,182
CI.PDM.2C,2026,183
CI.PDR.,2026,141
CI.PDR.,2026,142
CI.PDR.,2026,143
CI.PDR.,2026,146
CI.PDR.,2026,182
CI.PDR.,2026,183
CI.PDR.2C,2026,141
CI.PDR.2C,2026,142
CI.PDR.2C,2026,143
CI.PDR.2C,2026,144
CI.PDR.2C,2026,145
CI.PDR.2C,2026,146
CI.PDR.2C,2026,147
CI.PDR.2C,2026,148
CI.PDR.2C,2026,149
CI.PDR.2C,2026,181
CI.PDR.2C,2026,182
CI.PDR.2C,2026,183
CI.PDU.,2026,141
CI.PDU.,2026,142
CI.PDU.,2026,143
CI.PDU.,2026,182
CI.PDU.,2026,183
CI.PDU.2C,2026,141
CI.PDU.2C,2026,142
CI.PDU.2C,2026,143
CI.PDU.2C,2026,144
CI.PDU.2C,2026,145
CI.PDU.2C,2026,146
CI.PDU.2C,2026,147
CI.PDU.2C,2026,148
CI.PDU.2C,2026,149
CI.PDU.2C,2026,181
CI.PDU.2C,2026,182
CI.PDU.2C,2026,183
CI.PDW.,2026,141
CI.PDW.,2026,142
CI.PDW.,2026,143
CI.PDW.,2026,182
CI.PDW.2C,2026,141
CI.PDW.2C,2026,142
CI.PDW.2C,2026,143
CI.PDW.2C,2026,144
CI.PDW.2C,2026,145
CI.PDW.2C,2026,146
CI.PDW.2C,2026,147
CI.PDW.2C,2026,148
CI.PDW.2C,2026,149
CI.PDW.2C,2026,181
CI.PDW.2C,2026,182
CI.PDW.2C,2026,183
CI.PEM.,2026,141
CI.PEM.,2026,142
CI.PEM.,2026,143
CI.PEM.,2026,182
CI.PER.,2026,141
CI.PER.,2026,142
CI.PER.,2026,143
CI.PER.,2026,146
CI.PER.,2026,182
CI.PER.2C,2026,141
CI.PER.2C,2026,142
CI.PER.2C,2026,143
CI.PER.2C,2026,144
CI.PER.2C,2026,145
CI.PER.2C,2026,146
CI.PER.2C,2026,147
CI.PER.2C,2026,148
CI.PER.2C,2026,149
CI.PER.2C,2026,181
CI.PER.2C,2026,182
CI.PER.2C,2026,183
CI.PGA.,2026,141
CI.PGA.,2026,142
CI.PGA.,2026,182
CI.PGA.2C,2026,141
CI.PGA.2C,2026,142
CI.PGA.2C,2026,143
CI.PGA.2C,2026,144
CI.PGA.2C,2026,145
CI.PGA.2C,2026,146
CI.PGA.2C,2026,147
CI.PGA.2C,2026,148
CI.PGA.2C,2026,149
CI.PGA.2C,2026,181
CI.PGA.2C,2026,182
CI.PGA.2C,2026,183
CI.PHL.,2026,141
CI.PHL.,2026,142
CI.PHL.,2026,143
CI.PHL.,2026,144
CI.PHL.,2026,145
CI.PHL.,2026,146
CI.PHL.,2026,147
CI.PHL.,2026,148
CI.PHL.,2026,149
CI.PHL.,2026,181
CI.PHL.,2026,182
CI.PHL.,2026,183
CI.PHL.2C,2026,141
CI.PHL.2C,2026,142
CI.PHL.2C,2026,143
CI.PHL.2C,2026,144
CI.PHL.2C,2026,145
CI.PHL.2C,2026,146
CI.PHL.2C,2026,147
CI.PHL.2C,2026,148
CI.PHL.2C,2026,149
CI.PHL.2C,2026,181
CI.PHL.2C,2026,182
CI.PHL.2C,2026,183
CI.PLM.,2026,141
CI.PLM.,2026,142
CI.PLM.,2026,182
CI.QAD.,2026,41
CI.QAD.,2026,42
CI.QAD.,2026,43
CI.QAD.,2026,44
CI.QAD.,2026,45
CI.QAD.,2026,46
CI.QAD.,2026,47
CI.QAD.,2026,48
CI.QAD.,2026,49
CI.QAD.,2026,50
CI.QAD.,2026,51
CI.QAD.,2026,52
CI.QAD.,2026,53
CI.QAD.,2026,54
CI.QLC.,2026,41
CI.QLC.,2026,42
CI.QLC.,2026,43
CI.QLC.,2026,44
CI.QLC.,2026,45
CI.QLC.,2026,46
CI.QLC.,2026,47
CI.QLC.,2026,48
CI.QLC.,2026,49
CI.QLC.,2026,50
CI.QLC.,2026,51
CI.QLC.,2026,52
CI.QLC.,2026,53
CI.QUG.,2026,41
CI.QUG.,2026,42
CI.QUG.,2026,43
CI.QUG.,2026,44
CI.QUG.,2026,45
CI.QUG.,2026,46
CI.QUG.,2026,47
CI.QUG.,2026,48
CI.QUG.,2026,49
CI.QUG.,2026,50
CI.QUG.,2026,51
CI.QUG.,2026,52
CI.QUG.,2026,53
CI.QUG.2C,2026,41
CI.QUG.2C,2026,42
CI.QUG.2C,2026,43
CI.QUG.2C,2026,44
CI.QUG.2C,2026,45
CI.QUG.2C,2026,46
CI.QUG.2C,2026,47
CI.QUG.2C,2026,48
CI.QUG.2C,2026,49
CI.QUG.2C,2026,50
CI.QUG.2C,2026,51
CI.QUG.2C,2026,52
CI.QUG.2C,2026,53
CI.QUG.2C,2026,54
CI.QUG.2C,2026,55
CI.RAG.,2026,41
CI.RAG.,2026,42
CI.RAG.,2026,43
CI.RAG.,2026,44
CI.RAG.,2026,45
CI.RAG.,2026,46
CI.RCR.,2026,41
CI.RCR.,2026,42
CI.RCR.,2026,43
CI.RCR.,2026,44
CI.RCR.,2026,45
CI.RCR.,2026,46
CI.RCR.2C,2026,41
CI.RCR.2C,2026,42
CI.RCR.2C,2026,43
CI.RCR.2C,2026,44
CI.RCR.2C,2026,45
CI.RCR.2C,2026,46
CI.RCR.2C,2026,47
CI.RCR.2C,2026,48
CI.RCR.2C,2026,49
CI.RCR.2C,2026,50
CI.RCR.2C,2026,51
CI.RCR.2C,2026,52
CI.RCR.2C,2026,53
CI.RCR.2C,2026,54
CI.RCR.2C,2026,55
CI.RFR.,2026,41
CI.RFR.,2026,42
CI.RFR.,2026,43
CI.RFR.,2026,44
CI.RFR.,2026,45
CI.RFR.,2026,46
CI.RFR.2C,2026,41
CI.RFR.2C,2026,42
CI.RFR.2C,2026,43
CI.RFR.2C,2026,44
CI.RFR.2C,2026,45
CI.RFR.2C,2026,46
CI.RFR.2C,2026,47
CI.RFR.2C,2026,48
CI.RFR.2C,2026,49
CI.RFR.2C,2026,50
CI.RFR.2C,2026,51
CI.RFR.2C,2026,52
CI.RFR.2C,2026,53
CI.RFR.2C,2026,54
CI.RFR.2C,2026,55
CI.RHC2.,2026,41
CI.RHC2.,2026,42
CI.RHC2.,2026,43
CI.RHC2.,2026,44
CI.RHC2.,2026,45
CI.RHC2.,2026,46
CI.RHC2.2C,2026,41
CI.RHC2.2C,2026,42
CI.RHC2.2C,2026,43
CI.RHC2.2C,2026,44
CI.RHC2.2C,2026,45
CI.RHC2.2C,2026,46
CI.RHC2.2C,2026,47
CI.RHC2.2C,2026,48
CI.RHC2.2C,2026,49
CI.RHC2.2C,2026,50
CI.RHC2.2C,2026,51
CI.RHC2.2C,2026,52
CI.RHC2.2C,2026,53
CI.RHC2.2C,2026,54
CI.RHC2.2C,2026,55
CI.RHR.,2026,41
CI.RHR.,2026,42
CI.RHR.,2026,43
CI.RHR.,2026,44
CI.RHR.,2026,45
CI.RHR.,2026,46
CI.RHR.2C,2026,41
CI.RHR.2C,2026,42
CI.RHR.2C,2026,43
CI.RHR.2C,2026,44
CI.RHR.2C,2026,45
CI.RHR.2C,2026,46
CI.RHR.2C,2026,47
CI.RHR.2C,2026,48
CI.RHR.2C,2026,49
CI.RHR.2C,2026,50
CI.RHR.2C,2026,51
CI.RHR.2C,2026,52
CI.RHR.2C,2026,53
CI.RHR.2C,2026,54
CI.RHR.2C,2026,55
CI.RIN.,2026,41
CI.RIN.,2026,42
CI.RIN.,2026,43
CI.RIN.,2026,44
CI.RIN.,2026,45
CI.RIN.,2026,46
CI.RIN.2C,2026,41
CI.RIN.2C,2026,42
CI.RIN.2C,2026,43
CI.RIN.2C,2026,44
CI.RIN.2C,2026,45
CI.RIN.2C,2026,46
CI.RIN.2C,2026,47
CI.RIN.2C,2026,48
CI.RIN.2C,2026,49
CI.RIN.2C,2026,50
CI.RIN.2C,2026,51
CI.RIN.2C,2026,52
CI.RIN.2C,2026,53
CI.RIN.2C,2026,54
CI.RIN.2C,2026,55
CI.RINB.,2026,41
CI.RINB.,2026,42
CI.RINB.,2026,43
CI.RINB.,2026,44
CI.RINB.,2026,45
CI.RINB.,2026,46
CI.RINB.,2026,47
CI.RINB.,2026,48
CI.RINB.,2026,49
CI.RINB.,2026,50
CI.RINB.,2026,51
CI.RINB.,2026,52
CI.RINB.,2026,53
CI.RINB.,2026,54
CI.RINB.,2026,55
CI.RINB.01,2026,41
CI.RINB.01,2026,42
CI.RINB.01,2026,43
CI.RINB.01,2026,44
CI.RINB.01,2026,45
CI.RINB.01,2026,46
CI.RIO.,2026,41
CI.RIO.,2026,42
CI.RIO.,2026,43
CI.RIO.,2026,44
CI.RIO.,2026,45
CI.RIO.,2026,46
CI.RIO.2C,2026,41
CI.RIO.2C,2026,42
CI.RIO.2C,2026,43
CI.RIO.2C,2026,44
CI.RIO.2C,2026,45
CI.RIO.2C,2026,46
CI.RIO.2C,2026,47
CI.RIO.2C,2026,48
CI.RIO.2C,2026,49
CI.RIO.2C,2026,50
CI.RIO.2C,2026,51
CI.RIO.2C,2026,52
CI.RIO.2C,2026,53
CI.RIO.2C,2026,54
CI.RIO.2C,2026,55
CI.RKMO.,2026,41
CI.RKMO.,2026,42
CI.RKMO.,2026,43
CI.RKMO.,2026,44
CI.RKMO.,2026,45
CI.RKMO.,2026,46
CI.RKMO.2C,2026,41
CI.RKMO.2C,2026,42
CI.RKMO.2C,2026,43
CI.RKMO.2C,2026,44
CI.RKMO.2C,2026,45
CI.RKMO.2C,2026,46
CI.RKMO.2C,2026,47
CI.RKMO.2C,2026,48
CI.RKMO.2C,2026,49
CI.RKMO.2C,2026,50
CI.RKMO.2C,2026,51
CI.RKMO.2C,2026,52
CI.RKMO.2C,2026,53
CI.RKMO.2C,2026,54
CI.RKMO.2C,2026,55
CI.RMM.,2026,41
CI.RMM.,2026,42
CI.RMM.,2026,43
CI.RMM.,2026,44
CI.RMM.,2026,45
CI.RMM.,2026,46
CI.RMM.2C,2026,41
CI.RMM.2C,2026,42
CI.RMM.2C,2026,43
CI.RMM.2C,2026,44
CI.RMM.2C,2026,45
CI.RMM.2C,2026,46
CI.RMM.2C,2026,47
CI.RMM.2C,2026,48
CI.RMM.2C,2026,49
CI.RMM.2C,2026,50
CI.RMM.2C,2026,51
CI.RMM.2C,2026,52
CI.RMM.2C,2026,53
CI.RMM.2C,2026,54
CI.RMM.2C,2026,55
CI.RMR.,2026,41
CI.RMR.,2026,42
CI.RMR.,2026,43
CI.RMR.,2026,44
CI.RMR.,2026,45
CI.RMR.,2026,46
CI.RMR.,2026,47
CI.RMR.,2026,48
CI.RMR.,2026,49
CI.RMR.,2026,50
CI.RMR.,2026,51
CI.RMR.,2026,52
CI.RMR.,2026,53
CI.RMR.,2026,54
CI.RMR.,2026,55
CI.RPK.,2026,41
CI.RPK.,2026,42
CI.RPK.,2026,43
CI.RPK.,2026,44
CI.RPK.,2026,45
CI.RPK.,2026,46
CI.RPV.,2026,41
CI.RPV.,2026,42
CI.RPV.,2026,43
CI.RPV.,2026,44
CI.RPV.,2026,45
CI.RPV.,2026,46
CI.RPV.2C,2026,41
CI.RPV.2C,2026,42
CI.RPV.2C,2026,43
CI.RPV.2C,2026,44
CI.RPV.2C,2026,45
CI.RPV.2C,2026,46
CI.RPV.2C,2026,47
CI.RPV.2C,2026,48
CI.RPV.2C,2026,49
CI.RPV.2C,2026,50
CI.RPV.2C,2026,51
CI.RPV.2C,2026,52
CI.RPV.2C,2026,53
CI.RPV.2C,2026,54
CI.RPV.2C,2026,55
CI.RRC.,2026,41
CI.RRC.,2026,42
CI.RRC.,2026,43
CI.RRC.,2026,44
CI.RRC.,2026,45
CI.RRC.,2026,46
CI.RRX.,2026,41
CI.RRX.,2026,42
CI.RRX.,2026,43
CI.RRX.,2026,44
CI.RRX.,2026,45
CI.RRX.2C,2026,41
CI.RRX.2C,2026,42
CI.RRX.2C,2026,43
CI.RRX.2C,2026,44
CI.RRX.2C,2026,45
CI.RRX.2C,2026,46
CI.RRX.2C,2026,47
CI.RRX.2C,2026,48
CI.RRX.2C,2026,49
CI.RRX.2C,2026,50
CI.RRX.2C,2026,51
CI.RRX.2C,2026,52
CI.RRX.2C,2026,53
CI.RRX.2C,2026,54
CI.RRX.2C,2026,55
CI.RSB.,2026,41
CI.RSB.,2026,42
CI.RSB.,2026,43
CI.RSB.,2026,44
CI.RSB.,2026,45
CI.RSB.,2026,46
CI.RSB.,2026,47
CI.RSB.,2026,48
CI.RSB.,2026,49
CI.RSB.,2026,50
CI.RSB.,2026,51
CI.RSB.,2026,52
CI.RSB.,2026,53
CI.RSB.,2026,54
CI.RSB.,2026,55
CI.SDG.2C,2026,41
CI.SDG.2C,2026,42
CI.SDG.2C,2026,43
CI.SDG.2C,2026,44
CI.SDG.2C,2026,45
CI.SDG.2C,2026,46
CI.SDG.2C,2026,47
CI.SDG.2C,2026,48
CI.SDG.2C,2026,49
CI.SDG.2C,2026,50
CI.SDG.2C,2026,51
CI.SDG.2C,2026,52
CI.SDG.2C,2026,53
CI.SDR.,2026,41
CI.SDR.,2026,42
CI.SDR.,2026,43
CI.SDR.,2026,44
CI.SDR.,2026,45
CI.SDR.,2026,46
CI.SDR.,2026,47
CI.SDR.,2026,48
CI.SDR.,2026,49
CI.SDR.,2026,50
CI.SDR.2C,2026,41
CI.SDR.2C,2026,42
CI.SDR.2C,2026,43
CI.SDR.2C,2026,44
CI.SDR.2C,2026,45
CI.SDR.2C,2026,46
CI.SDR.2C,2026,47
CI.SDR.2C,2026,48
CI.SDR.2C,2026,49
CI.SDR.2C,2026,50
CI.SDR.2C,2026,51
CI.SDR.2C,2026,52
CI.SDR.2C,2026,53
CI.SES.,2026,41
CI.SES.,2026,42
CI.SES.,2026,43
CI.SES.,2026,44
CI.SES.,2026,45
CI.SES.,2026,46
CI.SES.,2026,47
CI.SES.,2026,48
CI.SES.,2026,49
CI.SES.,2026,50
CI.SES.2C,2026,41
CI.SES.2C,2026,42
CI.SES.2C,2026,43
CI.SES.2C,2026,44
CI.SES.2C,2026,45
CI.SES.2C,2026,46
CI.SES.2C,2026,47
CI.SES.2C,2026,48
CI.SES.2C,2026,49
CI.SES.2C,2026,50
CI.SES.2C,2026,51
CI.SES.2C,2026,52
CI.SES.2C,2026,53
CI.SEV.,2026,41
CI.SEV.,2026,42
CI.SEV.,2026,43
CI.SEV.,2026,44
CI.SEV.,2026,45
CI.SEV.,2026,46
CI.SEV.,2026,47
CI.SEV.,2026,48
CI.SEV.,2026,49
CI.SEV.,2026,50
CI.SGL.,2026,41
CI.SGL.,2026,42
CI.SGL.,2026,43
CI.SGL.,2026,44
CI.SGL.,2026,45
CI.SGL.,2026,46
CI.SGL.,2026,47
CI.SGL.,2026,48
CI.SGL.,2026,49
CI.SHE.,2026,41
CI.SHE.,2026,42
CI.SHE.,2026,43
CI.SHE.,2026,44
CI.SHE.,2026,45
CI.SHE.,2026,46
CI.SHE.,2026,47
CI.SHE.,2026,48
CI.SHE.,2026,49
CI.SHE.,2026,50
CI.SHE.,2026,51
CI.SHE.,2026,52
CI.SHE.,2026,53
CI.SHO.,2026,41
CI.SHO.,2026,42
CI.SHO.,2026,43
CI.SHO.,2026,44
CI.SHO.,2026,45
CI.SHO.,2026,46
CI.SHO.,2026,47
CI.SHO.,2026,48
CI.SHO.,2026,49
CI.SHO.2C,2026,41
CI.SHO.2C,2026,42
CI.SHO.2C,2026,43
CI.SHO.2C,2026,44
CI.SHO.2C,2026,45
CI.SHO.2C,2026,46
CI.SHO.2C,2026,47
CI.SHO.2C,2026,48
CI.SHO.2C,2026,49
CI.SHO.2C,2026,50
CI.SHO.2C,2026,51
CI.SHO.2C,2026,52
CI.SHO.2C,2026,53
CI.SHR.,2026,41
CI.SHR.,2026,42
CI.SHR.,2026,43
CI.SHR.,2026,44
CI.SHR.,2026,45
CI.SHR.,2026,46
CI.SHR.,2026,47
CI.SHR.,2026,48
CI.SHR.,2026,49
CI.SHU.,2026,41
CI.SHU.,2026,42
CI.SHU.,2026,43
CI.SHU.,2026,44
CI.SHU.,2026,45
CI.SHU.,2026,46
CI.SHU.,2026,47
CI.SHU.,2026,48
CI.SHU.,2026,49
CI.SHU.2C,2026,41
CI.SHU.2C,2026,42
CI.SHU.2C,2026,43
CI.SHU.2C,2026,44
CI.SHU.2C,2026,45
CI.SHU.2C,2026,46
CI.SHU.2C,2026,47
CI.SHU.2C,2026,48
CI.SHU.2C,2026,49
CI.SHU.2C,2026,50
CI.SHU.2C,2026,51
CI.SHU.2C,2026,52
CI.SHU.2C,2026,53
CI.SIL.,2026,41
CI.SIL.,2026,42
CI.SIL.,2026,43
CI.SIL.,2026,44
CI.SIL.,2026,45
CI.SIL.,2026,46
CI.SIL.,2026,47
CI.SIL.,2026,48
CI.SIL.,2026,49
CI.SIL.2C,2026,41
CI.SIL.2C,2026,42
CI.SIL.2C,2026,43
CI.SIL.2C,2026,44
CI.SIL.2C,2026,45
CI.SIL.2C,2026,46
CI.SIL.2C,2026,47
CI.SIL.2C,2026,48
CI.SIL.2C,2026,49
CI.SIL.2C,2026,50
CI.SIL.2C,2026,51
CI.SIL.2C,2026,52
CI.SIL.2C,2026,53
CI.SKY.,2026,41
CI.SKY.,2026,42
CI.SKY.,2026,43
CI.SKY.,2026,44
CI.SKY.,2026,45
CI.SKY.,2026,46
CI.SKY.,2026,47
CI.SKY.,2026,48
CI.SKY.,2026,49
CI.SKY.,2026,50
CI.SKY.,2026,51
CI.SKY.,2026,52
CI.SKY.,2026,53
CI.SLA.,2026,41
CI.SLA.,2026,42
CI.SLA.,2026,43
CI.SLA.,2026,44
CI.SLA.,2026,45
CI.SLA.,2026,46
CI.SLA.,2026,47
CI.SLA.,2026,48
CI.SLA.,2026,49
CI.SLB.,2026,41
CI.SLB.,2026,42
CI.SLB.,2026,43
CI.SLB.,2026,44
CI.SLB.,2026,45
CI.SLB.,2026,46
CI.SLB.,2026,47
CI.SLB.,2026,48
CI.SLB.,2026,49
CI.SLB.2C,2026,41
CI.SLB.2C,2026,42
CI.SLB.2C,2026,43
CI.SLB.2C,2026,44
CI.SLB.2C,2026,45
CI.SLB.2C,2026,46
CI.SLB.2C,2026,47
CI.SLB.2C,2026,48
CI.SLB.2C,2026,49
CI.SLB.2C,2026,50
CI.SLB.2C,2026,51
CI.SLB.2C,2026,52
CI.SLB.2C,2026,53
CI.SLH.,2026,41
CI.SLH.,2026,42
CI.SLH.,2026,43
CI.SLH.,2026,44
CI.SLH.,2026,45
CI.SLH.,2026,46
CI.SLH.,2026,47
CI.SLH.,2026,48
CI.SLH.,2026,49
CI.SLH.2C,2026,41
CI.SLH.2C,2026,42
CI.SLH.2C,2026,43
CI.SLH.2C,2026,44
CI.SLH.2C,2026,45
CI.SLH.2C,2026,46
CI.SLH.2C,2026,47
CI.SLH.2C,2026,48
CI.SLH.2C,2026,49
CI.SLH.2C,2026,50
CI.SLH.2C,2026,51
CI.SLH.2C,2026,52
CI.SLH.2C,2026,53
CI.SLM.,2026,41
CI.SLM.,2026,42
CI.SLM.,2026,43
CI.SLM.,2026,44
CI.SLM.,2026,45
CI.SLM.,2026,46
CI.SLM.,2026,47
CI.SLM.,2026,48
CI.SLM.,2026,49
CI.SLM.2C,2026,41
CI.SLM.2C,2026,42
CI.SLM.2C,2026,43
CI.SLM.2C,2026,44
CI.SLM.2C,2026,45
CI.SLM.2C,2026,46
CI.SLM.2C,2026,47
CI.SLM.2C,2026,48
CI.SLM.2C,2026,49
CI.SLM.2C,2026,50
CI.SLM.2C,2026,51
CI.SLM.2C,2026,52
CI.SLM.2C,2026,53
CI.SLR.,2026,41
CI.SLR.,2026,42
CI.SLR.,2026,43
CI.SLR.,2026,44
CI.SLR.,2026,45
CI.SLR.,2026,46
CI.SLR.,2026,47
CI.SLR.,2026,48
CI.SLR.,2026,49
CI.SLR.2C,2026,41
CI.SLR.2C,2026,42
CI.SLR.2C,2026,43
CI.SLR.2C,2026,44
CI.SLR.2C,2026,45
CI.SLR.2C,2026,46
CI.SLR.2C,2026,47
CI.SLR.2C,2026,48
CI.SLR.2C,2026,49
CI.SLR.2C,2026,50
CI.SLR.2C,2026,51
CI.SLR.2C,2026,52
CI.SLR.2C,2026,53
CI.SLV.,2026,41
CI.SLV.,2026,42
CI.SLV.,2026,43
CI.SLV.,2026,44
CI.SLV.,2026,45
CI.SLV.,2026,46
CI.SLV.,2026,47
CI.SLV.,2026,48
CI.SLV.,2026,49
CI.SLV.,2026,50
CI.SLV.,2026,51
CI.SLV.,2026,52
CI.SLV.,2026,53
CI.SLV.2C,2026,41
CI.SLV.2C,2026,42
CI.SLV.2C,2026,43
CI.SLV.2C,2026,44
CI.SLV.2C,2026,45
CI.SLV.2C,2026,46
CI.SLV.2C,2026,47
CI.SLV.2C,2026,48
CI.SLV.2C,2026,49
CI.SLV.2C,2026,50
CI.SLV.2C,2026,51
CI.SLV.2C,2026,52
CI.SLV.2C,2026,53
CI.SME.,2026,81
CI.SME.,2026,82
CI.SME.,2026,83
CI.SME.,2026,84
CI.SME.,2026,85
CI.SME.,2026,86
CI.SME.,2026,87
CI.SME.,2026,88
CI.SME.,2026,89
CI.SME.,2026,90
CI.SME.,2026,91
CI.SME.,2026,92
CI.SME.,2026,93
CI.SME.,2026,94
CI.SME.,2026,95
CI.SME.,2026,96
CI.SME.,2026,97
CI.SME.,2026,141
CI.SME.,2026,142
CI.SME.,2026,143
CI.SME.,2026,144
CI.SME.,2026,145
CI.SME.,2026,146
CI.SME.,2026,147
CI.SME.,2026,148
CI.SME.,2026,149
CI.SME.,2026,150
CI.SME.,2026,151
CI.SME.,2026,152
CI.SME.,2026,153
CI.SME.,2026,154
CI.SME.,2026,155
CI.SME.,2026,156
CI.SME.,2026,157
CI.SMF2.,2026,91
CI.SMF2.,2026,92
CI.SMF2.,2026,93
CI.SMF2.,2026,94
CI.SMF2.,2026,141
CI.SMF2.,2026,146
CI.SMF2.,2026,152
CI.SMF2.,2026,153
CI.SMF2.,2026,154
CI.SMF2.,2026,155
CI.SMF2.,2026,156
CI.SMF2.2C,2026,81
CI.SMF2.2C,2026,82
CI.SMF2.2C,2026,83
CI.SMF2.2C,2026,84
CI.SMF2.2C,2026,85
CI.SMF2.2C,2026,86
CI.SMF2.2C,2026,87
CI.SMF2.2C,2026,88
CI.SMF2.2C,2026,89
CI.SMF2.2C,2026,90
CI.SMF2.2C,2026,91
CI.SMF2.2C,2026,92
CI.SMF2.2C,2026,93
CI.SMF2.2C,2026,94
CI.SMF2.2C,2026,95
CI.SMF2.2C,2026,96
CI.SMF2.2C,2026,97
CI.SMF2.2C,2026,141
CI.SMF2.2C,2026,142
CI.SMF2.2C,2026,143
CI.SMF2.2C,2026,144
CI.SMF2.2C,2026,145
CI.SMF2.2C,2026,146
CI.SMF2.2C,2026,147
CI.SMF2.2C,2026,148
CI.SMF2.2C,2026,149
CI.SMF2.2C,2026,150
CI.SMF2.2C,2026,151
CI.SMF2.2C,2026,152
CI.SMF2.2C,2026,153
CI.SMF2.2C,2026,154
CI.SMF2.2C,2026,155
CI.SMF2.2C,2026,156
CI.SMF2.2C,2026,157
CI.SMI.,2026,91
CI.SMI.,2026,92
CI.SMI.,2026,93
CI.SMI.,2026,94
CI.SMI.,2026,141
CI.SMI.,2026,146
CI.SMI.,2026,152
CI.SMI.,2026,153
CI.SMI.,2026,154
CI.SMI.,2026,155
CI.SMI.,2026,156
CI.SMI.2C,2026,81
CI.SMI.2C,2026,82
CI.SMI.2C,2026,83
CI.SMI.2C,2026,84
CI.SMI.2C,2026,85
CI.SMI.2C,2026,86
CI.SMI.2C,2026,87
CI.SMI.2C,2026,88
CI.SMI.2C,2026,89
CI.SMI.2C,2026,90
CI.SMI.2C,2026,91
CI.SMI.2C,2026,92
CI.SMI.2C,2026,93
CI.SMI.2C,2026,94
CI.SMI.2C,2026,95
CI.SMI.2C,2026,96
CI.SMI.2C,2026,97
CI.SMI.2C,2026,141
CI.SMI.2C,2026,142
CI.SMI.2C,2026,143
CI.SMI.2C,2026,144
CI.SMI.2C,2026,145
CI.SMI.2C,2026,146
CI.SMI.2C,2026,147
CI.SMI.2C,2026,148
CI.SMI.2C,2026,149
CI.SMI.2C,2026,150
CI.SMI.2C,2026,151
CI.SMI.2C,2026,152
CI.SMI.2C,2026,153
CI.SMI.2C,2026,154
CI.SMI.2C,2026,155
CI.SMI.2C,2026,156
CI.SMI.2C,2026,157
CI.SMM.,2026,91
CI.SMM.,2026,92
CI.SMM.,2026,93
CI.SMM.,2026,94
CI.SMM.,2026,141
CI.SMM.,2026,146
CI.SMM.,2026,152
CI.SMM.,2026,153
CI.SMM.,2026,154
CI.SMM.,2026,155
CI.SMM.,2026,156
CI.SMM.2C,2026,81
CI.SMM.2C,2026,82
CI.SMM.2C,2026,83
CI.SMM.2C,2026,84
CI.SMM.2C,2026,85
CI.SMM.2C,2026,86
CI.SMM.2C,2026,87
CI.SMM.2C,2026,88
CI.SMM.2C,2026,89
CI.SMM.2C,2026,90
CI.SMM.2C,2026,91
CI.SMM.2C,2026,92
CI.SMM.2C,2026,93
CI.SMM.2C,2026,94
CI.SMM.2C,2026,95
CI.SMM.2C,2026,96
CI.SMM.2C,2026,97
CI.SMM.2C,2026,141
CI.SMM.2C,2026,142
CI.SMM.2C,2026,143
CI.SMM.2C,2026,144
CI.SMM.2C,2026,145
CI.SMM.2C,2026,146
CI.SMM.2C,2026,147
CI.SMM.2C,2026,148
CI.SMM.2C,2026,149
CI.SMM.2C,2026,150
CI.SMM.2C,2026,151
CI.SMM.2C,2026,152
CI.SMM.2C,2026,153
CI.SMM.2C,2026,154
CI.SMM.2C,2026,155
CI.SMM.2C,2026,156
CI.SMM.2C,2026,157
CI.SMR.,2026,91
CI.SMR.,2026,92
CI.SMR.,2026,93
CI.SMR.,2026,94
CI.SMR.,2026,141
CI.SMR.,2026,152
CI.SMR.,2026,153
CI.SMR.,2026,154
CI.SMR.,2026,155
CI.SMR.,2026,156
CI.SMR.2C,2026,81
CI.SMR.2C,2026,82
CI.SMR.2C,2026,83
CI.SMR.2C,2026,84
CI.SMR.2C,2026,85
CI.SMR.2C,2026,86
CI.SMR.2C,2026,87
CI.SMR.2C,2026,88
CI.SMR.2C,2026,89
CI.SMR.2C,2026,90
CI.SMR.2C,2026,91
CI.SMR.2C,2026,92
CI.SMR.2C,2026,93
CI.SMR.2C,2026,94
CI.SMR.2C,2026,95
CI.SMR.2C,2026,96
CI.SMR.2C,2026,97
CI.SMR.2C,2026,141
CI.SMR.2C,2026,142
CI.SMR.2C,2026,143
CI.SMR.2C,2026,144
CI.SMR.2C,2026,145
CI.SMR.2C,2026,146
CI.SMR.2C,2026,147
CI.SMR.2C,2026,148
CI.SMR.2C,2026,149
CI.SMR.2C,2026,150
CI.SMR.2C,2026,151
CI.SMR.2C,2026,152
CI.SMR.2C,2026,153
CI.SMR.2C,2026,154
CI.SMR.2C,2026,155
CI.SMR.2C,2026,156
CI.SMR.2C,2026,157
CI.SMT.,2026,91
CI.SMT.,2026,92
CI.SMT.,2026,93
CI.SMT.,2026,94
CI.SMT.,2026,141
CI.SMT.,2026,152
CI.SMT.,2026,153
CI.SMT.,2026,154
CI.SMT.,2026,155
CI.SMT.,2026,156
CI.SMT.2C,2026,81
CI.SMT.2C,2026,82
CI.SMT.2C,2026,83
CI.SMT.2C,2026,84
CI.SMT.2C,2026,85
CI.SMT.2C,2026,86
CI.SMT.2C,2026,87
CI.SMT.2C,2026,88
CI.SMT.2C,2026,89
CI.SMT.2C,2026,90
CI.SMT.2C,2026,91
CI.SMT.2C,2026,92
CI.SMT.2C,2026,93
CI.SMT.2C,2026,94
CI.SMT.2C,2026,95
CI.SMT.2C,2026,96
CI.SMT.2C,2026,97
CI.SMT.2C,2026,141
CI.SMT.2C,2026,142
CI.SMT.2C,2026,143
CI.SMT.2C,2026,144
CI.SMT.2C,2026,145
CI.SMT.2C,2026,146
CI.SMT.2C,2026,147
CI.SMT.2C,2026,148
CI.SMT.2C,2026,149
CI.SMT.2C,2026,150
CI.SMT.2C,2026,151
CI.SMT.2C,2026,152
CI.SMT.2C,2026,153
CI.SMT.2C,2026,154
CI.SMT.2C,2026,155
CI.SMT.2C,2026,156
CI.SMT.2C,2026,157
CI.SMV.,2026,81
CI.SMV.,2026,91
CI.SMV.,2026,92
CI.SMV.,2026,93
CI.SMV.,2026,94
CI.SMV.,2026,152
CI.SMV.,2026,153
CI.SMV.,2026,154
CI.SMV.,2026,155
CI.SMV.,2026,156
CI.SMV.2C,2026,81
CI.SMV.2C,2026,82
CI.SMV.2C,2026,83
CI.SMV.2C,2026,84
CI.SMV.2C,2026,85
CI.SMV.2C,2026,86
CI.SMV.2C,2026,87
CI.SMV.2C,2026,88
CI.SMV.2C,2026,89
CI.SMV.2C,2026,90
CI.SMV.2C,2026,91
CI.SMV.2C,2026,92
CI.SMV.2C,2026,93
CI.SMV.2C,2026,94
CI.SMV.2C,2026,95
CI.SMV.2C,2026,96
CI.SMV.2C,2026,97
CI.SMV.2C,2026,141
CI.SMV.2C,2026,142
CI.SMV.2C,2026,143
CI.SMV.2C,2026,144
CI.SMV.2C,2026,145
CI.SMV.2C,2026,146
CI.SMV.2C,2026,147
CI.SMV.2C,2026,148
CI.SMV.2C,2026,149
CI.SMV.2C,2026,150
CI.SMV.2C,2026,151
CI.SMV.2C,2026,152
CI.SMV.2C,2026,153
CI.SMV.2C,2026,154
CI.SMV.2C,2026,155
CI.SMV.2C,2026,156
CI.SMV.2C,2026,157
CI.SMW.,2026,91
CI.SMW.,2026,92
CI.SMW.,2026,93
CI.SMW.,2026,94
CI.SMW.,2026,141
CI.SMW.,2026,152
CI.SMW.,2026,153
CI.SMW.,2026,154
CI.SMW.,2026,155
CI.SMW.,2026,156
CI.SMW.2C,2026,81
CI.SMW.2C,2026,82
CI.SMW.2C,2026,83
CI.SMW.2C,2026,84
CI.SMW.2C,2026,85
CI.SMW.2C,2026,86
CI.SMW.2C,2026,87
CI.SMW.2C,2026,88
CI.SMW.2C,2026,89
CI.SMW.2C,2026,90
CI.SMW.2C,2026,91
CI.SMW.2C,2026,92
CI.SMW.2C,2026,93
CI.SMW.2C,2026,94
CI.SMW.2C,2026,95
CI.SMW.2C,2026,96
CI.SMW.2C,2026,97
CI.SMW.2C,2026,141
CI.SMW.2C,2026,142
CI.SMW.2C,2026,143
CI.SMW.2C,2026,144
CI.SMW.2C,2026,145
CI.SMW.2C,2026,146
CI.SMW.2C,2026,147
CI.SMW.2C,2026,148
CI.SMW.2C,2026,149
CI.SMW.2C,2026,150
CI.SMW.2C,2026,151
CI.SMW.2C,2026,152
CI.SMW.2C,2026,153
CI.SMW.2C,2026,154
CI.SMW.2C,2026,155
CI.SMW.2C,2026,156
CI.SMW.2C,2026,157
CI.SNCC.,2026,87
CI.SNCC.,2026,88
CI.SNCC.,2026,91
CI.SNCC.,2026,92
CI.SNCC.,2026,93
CI.SNCC.,2026,94
CI.SNCC.,2026,152
CI.SNCC.,2026,153
CI.SNCC.,2026,154
CI.SNCC.,2026,155
CI.SNCC.,2026,156
CI.SNCC.2C,2026,81
CI.SNCC.2C,2026,82
CI.SNCC.2C,2026,83
CI.SNCC.2C,2026,84
CI.SNCC.2C,2026,85
CI.SNCC.2C,2026,86
CI.SNCC.2C,2026,87
CI.SNCC.2C,2026,88
CI.SNCC.2C,2026,89
CI.SNCC.2C,2026,90
CI.SNCC.2C,2026,91
CI.SNCC.2C,2026,92
CI.SNCC.2C,2026,93
CI.SNCC.2C,2026,94
CI.SNCC.2C,2026,95
CI.SNCC.2C,2026,96
CI.SNCC.2C,2026,97
CI.SNCC.2C,2026,141
CI.SNCC.2C,2026,142
CI.SNCC.2C,2026,143
CI.SNCC.2C,2026,144
CI.SNCC.2C,2026,145
CI.SNCC.2C,2026,146
CI.SNCC.2C,2026,147
CI.SNCC.2C,2026,148
CI.SNCC.2C,2026,149
CI.SNCC.2C,2026,150
CI.SNCC.2C,2026,151
CI.SNCC.2C,2026,152
CI.SNCC.2C,2026,153
CI.SNCC.2C,2026,154
CI.SNCC.2C,2026,155
CI.SNCC.2C,2026,156
CI.SNCC.2C,2026,157
CI.SNO.,2026,91
CI.SNO.,2026,92
CI.SNO.,2026,93
CI.SNO.,2026,94
CI.SNO.,2026,141
CI.SNO.,2026,152
CI.SNO.,2026,153
CI.SNO.,2026,154
CI.SNO.,2026,155
CI.SNO.,2026,156
CI.SNR.,2026,91
CI.SNR.,2026,92
CI.SNR.,2026,93
CI.SNR.,2026,94
CI.SNR.,2026,152
CI.SNR.,2026,153
CI.SNR.,2026,154
CI.SNR.,2026,155
CI.SNR.,2026,156
CI.SOC.,2026,91
CI.SOC.,2026,92
CI.SOC.,2026,93
CI.SOC.,2026,94
CI.SOC.,2026,141
CI.SOC.,2026,152
CI.SOC.,2026,153
CI.SOC.,2026,154
CI.SOC.,2026,155
CI.SOC.,2026,156
CI.SOC.2C,2026,81
CI.SOC.2C,2026,82
CI.SOC.2C,2026,83
CI.SOC.2C,2026,84
CI.SOC.2C,2026,85
CI.SOC.2C,2026,86
CI.SOC.2C,2026,87
CI.SOC.2C,2026,88
CI.SOC.2C,2026,89
CI.SOC.2C,2026,90
CI.SOC.2C,2026,91
CI.SOC.2C,2026,92
CI.SOC.2C,2026,93
CI.SOC.2C,2026,94
CI.SOC.2C,2026,95
CI.SOC.2C,2026,96
CI.SOC.2C,2026,97
CI.SOC.2C,2026,141
CI.SOC.2C,2026,142
CI.SOC.2C,2026,143
CI.SOC.2C,2026,144
CI.SOC.2C,2026,145
CI.SOC.2C,2026,146
CI.SOC.2C,2026,147
CI.SOC.2C,2026,148
CI.SOC.2C,2026,149
CI.SOC.2C,2026,150
CI.SOC.2C,2026,151
CI.SOC.2C,2026,152
CI.SOC.2C,2026,153
CI.SOC.2C,2026,154
CI.SOC.2C,2026,155
CI.SOC.2C,2026,156
CI.SOC.2C,2026,157
CI.SOL2.,2026,91
CI.SOL2.,2026,92
CI.SOL2.,2026,93
CI.SOL2.,2026,152
CI.SOL2.,2026,153
CI.SOL2.,2026,154
CI.SOL2.,2026,155
CI.SOL2.,2026,156
CI.SPF.,2026,90
CI.SPF.,2026,91
CI.SPF.,2026,92
CI.SPF.,2026,93
CI.SPF.,2026,94
CI.SPF.,2026,95
CI.SPF.,2026,141
CI.SPF.,2026,152
CI.SPF.,2026,153
CI.SPF.,2026,154
CI.SPF.,2026,155
CI.SPF.,2026,156
CI.SPF.2C,2026,81
CI.SPF.2C,2026,82
CI.SPF.2C,2026,83
CI.SPF.2C,2026,84
CI.SPF.2C,2026,85
CI.SPF.2C,2026,86
CI.SPF.2C,2026,87
CI.SPF.2C,2026,88
CI.SPF.2C,2026,89
CI.SPF.2C,2026,90
CI.SPF.2C,2026,91
CI.SPF.2C,2026,92
CI.SPF.2C,2026,93
CI.SPF.2C,2026,94
CI.SPF.2C,2026,95
CI.SPF.2C,2026,96
CI.SPF.2C,2026,97
CI.SPF.2C,2026,141
CI.SPF.2C,2026,142
CI.SPF.2C,2026,143
CI.SPF.2C,2026,144
CI.SPF.2C,2026,145
CI.SPF.2C,2026,146
CI.SPF.2C,2026,147
CI.SPF.2C,2026,148
CI.SPF.2C,2026,149
CI.SPF.2C,2026,150
CI.SPF.2C,2026,151
CI.SPF.2C,2026,152
CI.SPF.2C,2026,153
CI.SPF.2C,2026,154
CI.SPF.2C,2026,155
CI.SPF.2C,2026,156
CI.SPF.2C,2026,157
CI.SPG2.,2026,91
CI.SPG2.,2026,92
CI.SPG2.,2026,93
CI.SPG2.,2026,141
CI.SPG2.,2026,146
CI.SPG2.,2026,152
CI.SPG2.,2026,153
CI.SPG2.,2026,154
CI.SPG2.,2026,155
CI.SPG2.,2026,156
CI.SPG2.2C,2026,81
CI.SPG2.2C,2026,82
CI.SPG2.2C,2026,83
CI.SPG2.2C,2026,84
CI.SPG2.2C,2026,85
CI.SPG2.2C,2026,86
CI.SPG2.2C,2026,87
CI.SPG2.2C,2026,88
CI.SPG2.2C,2026,89
CI.SPG2.2C,2026,90
CI.SPG2.2C,2026,91
CI.SPG2.2C,2026,92
CI.SPG2.2C,2026,93
CI.SPG2.2C,2026,94
CI.SPG2.2C,2026,95
CI.SPG2.2C,2026,96
CI.SPG2.2C,2026,97
CI.SPG2.2C,2026,141
CI.SPG2.2C,2026,142
CI.SPG2.2C,2026,143
CI.SPG2.2C,2026,144
CI.SPG2.2C,2026,145
CI.SPG2.2C,2026,146
CI.SPG2.2C,2026,147
CI.SPG2.2C,2026,148
CI.SPG2.2C,2026,149
CI.SPG2.2C,2026,150
CI.SPG2.2C,2026,151
CI.SPG2.2C,2026,152
CI.SPG2.2C,2026,153
CI.SPG2.2C,2026,154
CI.SPG2.2C,2026,155
CI.SPG2.2C,2026,156
CI.SPG2.2C,2026,157
CI.SQC.,2026,91
CI.SQC.,2026,92
CI.SQC.,2026,93
CI.SQC.,2026,141
CI.SQC.,2026,152
CI.SQC.,2026,153
CI.SQC.,2026,154
CI.SQC.,2026,155
CI.SQC.,2026,156
CI.SQC.2C,2026,81
CI.SQC.2C,2026,82
CI.SQC.2C,2026,83
CI.SQC.2C,2026,84
CI.SQC.2C,2026,85
CI.SQC.2C,2026,86
CI.SQC.2C,2026,87
CI.SQC.2C,2026,88
CI.SQC.2C,2026,89
CI.SQC.2C,2026,90
CI.SQC.2C,2026,91
CI.SQC.2C,2026,92
CI.SQC.2C,2026,93
CI.SQC.2C,2026,94
CI.SQC.2C,2026,95
CI.SQC.2C,2026,96
CI.SQC.2C,2026,97
CI.SQC.2C,2026,141
CI.SQC.2C,2026,142
CI.SQC.2C,2026,143
CI.SQC.2C,2026,144
CI.SQC.2C,2026,145
CI.SQC.2C,2026,146
CI.SQC.2C,2026,147
CI.SQC.2C,2026,148
CI.SQC.2C,2026,149
CI.SQC.2C,2026,150
CI.SQC.2C,2026,151
CI.SQC.2C,2026,152
CI.SQC.2C,2026,153
CI.SQC.2C,2026,154
CI.SQC.2C,2026,155
CI.SQC.2C,2026,156
CI.SQC.2C,2026,157
CI.SRA.2C,2026,21
CI.SRI.2C,2026,21
CI.SRN.2C,2026,21
CI.SSS.,2026,21
CI.SSS.2C,2026,21
CI.STS.2C,2026,21
CI.SVD.2C,2026,21
CI.SWP.2C,2026,21
CI.SWS.2C,2026,21
CI.SYN.2C,2026,21
CI.SYP.2C,2026,21
CI.TA2.,2026,141
CI.TA2.,2026,142
CI.TA2.,2026,143
CI.TA2.,2026,144
CI.TA2.,2026,146
CI.TA2.,2026,244
CI.TEH.,2026,141
CI.TEH.,2026,142
CI.TEH.,2026,143
CI.TEH.,2026,146
CI.TEH.2C,2026,141
CI.TEH.2C,2026,142
CI.TEH.2C,2026,143
CI.TEH.2C,2026,144
CI.TEH.2C,2026,145
CI.TEH.2C,2026,146
CI.TEH.2C,2026,147
CI.TEH.2C,2026,148
CI.TEH.2C,2026,149
CI.TEH.2C,2026,150
CI.TEH.2C,2026,241
CI.TEH.2C,2026,242
CI.TEH.2C,2026,243
CI.TEH.2C,2026,244
CI.TEJ.,2026,141
CI.TEJ.,2026,142
CI.TEJ.,2026,143
CI.TEJ.2C,2026,141
CI.TEJ.2C,2026,142
CI.TEJ.2C,2026,143
CI.TEJ.2C,2026,144
CI.TEJ.2C,2026,145
CI.TEJ.2C,2026,146
CI.TEJ.2C,2026,147
CI.TEJ.2C,2026,148
CI.TEJ.2C,2026,149
CI.TEJ.2C,2026,150
CI.TEJ.2C,2026,241
CI.TEJ.2C,2026,242
CI.TEJ.2C,2026,243
CI.TEJ.2C,2026,244
CI.TER.,2026,141
CI.TER.,2026,142
CI.TER.,2026,143
CI.TER.,2026,144
CI.TER.,2026,145
CI.TER.,2026,146
CI.TER.,2026,147
CI.TER.,2026,148
CI.TER.,2026,149
CI.TER.,2026,150
CI.TER.,2026,241
CI.TER.,2026,242
CI.TER.,2026,243
CI.TER.,2026,244
CI.TER2.,2026,141
CI.TER2.,2026,142
CI.TER2.,2026,143
CI.TER2.2C,2026,141
CI.TER2.2C,2026,142
CI.TER2.2C,2026,143
CI.TER2.2C,2026,144
CI.TER2.2C,2026,145
CI.TER2.2C,2026,146
CI.TER2.2C,2026,147
CI.TER2.2C,2026,148
CI.TER2.2C,2026,149
CI.TER2.2C,2026,150
CI.TER2.2C,2026,241
CI.TER2.2C,2026,242
CI.TER2.2C,2026,243
CI.TER2.2C,2026,244
CI.TFT.,2026,141
CI.TFT.,2026,142
CI.TFT.,2026,143
CI.TFT.2C,2026,141
CI.TFT.2C,2026,142
CI.TFT.2C,2026,143
CI.TFT.2C,2026,144
CI.TFT.2C,2026,145
CI.TFT.2C,2026,146
CI.TFT.2C,2026,147
CI.TFT.2C,2026,148
CI.TFT.2C,2026,149
CI.TFT.2C,2026,150
CI.TFT.2C,2026,241
CI.TFT.2C,2026,242
CI.TFT.2C,2026,243
CI.TFT.2C,2026,244
CI.THC.,2026,141
CI.THC.,2026,142
CI.THC.,2026,143
CI.THC.2C,2026,141
CI.THC.2C,2026,142
CI.THC.2C,2026,143
CI.THC.2C,2026,144
CI.THC.2C,2026,145
CI.THC.2C,2026,146
CI.THC.2C,2026,147
CI.THC.2C,2026,148
CI.THC.2C,2026,149
CI.THC.2C,2026,150
CI.THC.2C,2026,241
CI.THC.2C,2026,242
CI.THC.2C,2026,243
CI.THC.2C,2026,244
CI.THM.,2026,141
CI.THM.,2026,142
CI.THM.,2026,143
CI.THM.2C,2026,141
CI.THM.2C,2026,142
CI.THM.2C,2026,143
CI.THM.2C,2026,144
CI.THM.2C,2026,145
CI.THM.2C,2026,146
CI.THM.2C,2026,147
CI.THM.2C,2026,148
CI.THM.2C,2026,149
CI.THM.2C,2026,150
CI.THM.2C,2026,241
CI.THM.2C,2026,242
CI.THM.2C,2026,243
CI.THM.2C,2026,244
CI.THM.LA,2026,141
CI.THM.LA,2026,142
CI.THM.LA,2026,143
CI.THM.LA,2026,144
CI.THM.LA,2026,145
CI.THM.LA,2026,146
CI.THM.LA,2026,147
CI.THM.LA,2026,148
CI.THM.LA,2026,149
CI.THM.LA,2026,150
CI.THM.LA,2026,241
CI.THM.LA,2026,242
CI.THM.LA,2026,243
CI.THM.LA,2026,244
CI.TIN.,2026,141
CI.TIN.,2026,142
CI.TIN.,2026,143
CI.TIN.2C,2026,141
CI.TIN.2C,2026,142
CI.TIN.2C,2026,143
CI.TIN.2C,2026,144
CI.TIN.2C,2026,145
CI.TIN.2C,2026,146
CI.TIN.2C,2026,147
CI.TIN.2C,2026,148
CI.TIN.2C,2026,149
CI.TIN.2C,2026,150
CI.TIN.2C,2026,241
CI.TIN.2C,2026,242
CI.TIN.2C,2026,243
CI.TIN.2C,2026,244
CI.TJR.,2026,141
CI.TJR.,2026,142
CI.TJR.,2026,143
CI.TJR.2C,2026,141
CI.TJR.2C,2026,142
CI.TJR.2C,2026,143
CI.TJR.2C,2026,144
CI.TJR.2C,2026,145
CI.TJR.2C,2026,146
CI.TJR.2C,2026,147
CI.TJR.2C,2026,148
CI.TJR.2C,2026,149
CI.TJR.2C,2026,150
CI.TJR.2C,2026,241
CI.TJR.2C,2026,242
CI.TJR.2C,2026,243
CI.TJR.2C,2026,244
CI.TOR.,2026,141
CI.TOR.,2026,142
CI.TOR.,2026,143
CI.TOR.2C,2026,141
CI.TOR.2C,2026,142
CI.TOR.2C,2026,143
CI.TOR.2C,2026,144
CI.TOR.2C,2026,145
CI.TOR.2C,2026,146
CI.TOR.2C,2026,147
CI.TOR.2C,2026,148
CI.TOR.2C,2026,149
CI.TOR.2C,2026,150
CI.TOR.2C,2026,241
CI.TOR.2C,2026,242
CI.TOR.2C,2026,243
CI.TOR.2C,2026,244
CI.TOW2.,2026,141
CI.TOW2.,2026,142
CI.TOW2.,2026,143
CI.TOW2.,2026,146
CI.TPM.,2026,141
CI.TPM.,2026,142
CI.TPM.,2026,143
CI.TPM.,2026,144
CI.TPM.,2026,145
CI.TPM.,2026,146
CI.TPM.,2026,147
CI.TPM.,2026,148
CI.TPM.,2026,149
CI.TPM.,2026,150
CI.TPM.,2026,241
CI.TPM.,2026,242
CI.TPM.,2026,243
CI.TPM.,2026,244
CI.TPO.,2026,141
CI.TPO.,2026,142
CI.TPO.,2026,143
CI.TPO.,2026,146
CI.TPO.2C,2026,141
CI.TPO.2C,2026,142
CI.TPO.2C,2026,143
CI.TPO.2C,2026,144
CI.TPO.2C,2026,145
CI.TPO.2C,2026,146
CI.TPO.2C,2026,147
CI.TPO.2C,2026,148
CI.TPO.2C,2026,149
CI.TPO.2C,2026,150
CI.TPO.2C,2026,241
CI.TPO.2C,2026,242
CI.TPO.2C,2026,243
CI.TPO.2C,2026,244
CI.TUQ.,2026,141
CI.TUQ.,2026,142
CI.TUQ.,2026,143
CI.TUQ.,2026,146
CI.TUQ.,2026,242
CI.TUQ.2C,2026,41
CI.TUQ.2C,2026,42
CI.TUQ.2C,2026,43
CI.TUQ.2C,2026,101
CI.TUQ.2C,2026,102
CI.TUQ.2C,2026,103
CI.TUQ.2C,2026,104
CI.TUQ.2C,2026,105
CI.TUQ.2C,2026,106
CI.TUQ.2C,2026,107
CI.TUQ.2C,2026,108
CI.TUQ.2C,2026,109
CI.TUQ.2C,2026,110
CI.TUQ.2C,2026,111
CI.TUQ.2C,2026,112
CI.TUQ.2C,2026,113
CI.TUQ.2C,2026,114
CI.TUQ.2C,2026,115
CI.TUQ.2C,2026,116
CI.TUQ.2C,2026,117
CI.TUQ.2C,2026,118
CI.TUQ.2C,2026,181
CI.TUQ.2C,2026,182
CI.TUQ.2C,2026,183
CI.TUQ.2C,2026,184
CI.USB.00,2026,41
CI.USB.00,2026,42
CI.USB.00,2026,43
CI.USB.00,2026,101
CI.USB.00,2026,102
CI.USB.00,2026,103
CI.USB.00,2026,104
CI.USB.00,2026,109
CI.USB.00,2026,182
CI.USB.00,2026,183
CI.USB.00,2026,184
CI.USB.01,2026,41
CI.USB.01,2026,42
CI.USB.01,2026,43
CI.USB.01,2026,101
CI.USB.01,2026,102
CI.USB.01,2026,103
CI.USB.01,2026,109
CI.USB.01,2026,182
CI.USB.01,2026,183
CI.USB.21,2026,41
CI.USB.21,2026,42
CI.USB.21,2026,43
CI.USB.21,2026,101
CI.USB.21,2026,102
CI.USB.21,2026,103
CI.USB.21,2026,104
CI.USB.21,2026,105
CI.USB.21,2026,106
CI.USB.21,2026,107
CI.USB.21,2026,108
CI.USB.21,2026,109
CI.USB.21,2026,110
CI.USB.21,2026,111
CI.USB.21,2026,112
CI.USB.21,2026,113
CI.USB.21,2026,114
CI.USB.21,2026,115
CI.USB.21,2026,116
CI.USB.21,2026,117
CI.USB.21,2026,118
CI.USB.21,2026,181
CI.USB.21,2026,182
CI.USB.21,2026,183
CI.USB.21,2026,184
CI.USB.2C,2026,41
CI.USB.2C,2026,42
CI.USB.2C,2026,43
CI.USB.2C,2026,101
CI.USB.2C,2026,102
CI.USB.2C,2026,103
CI.USB.2C,2026,104
CI.USB.2C,2026,105
CI.USB.2C,2026,106
CI.USB.2C,2026,107
CI.USB.2C,2026,108
CI.USB.2C,2026,109
CI.USB.2C,2026,110
CI.USB.2C,2026,111
CI.USB.2C,2026,112
CI.USB.2C,2026,113
CI.USB.2C,2026,114
CI.USB.2C,2026,115
CI.USB.2C,2026,116
CI.USB.2C,2026,117
CI.USB.2C,2026,118
CI.USB.2C,2026,181
CI.USB.2C,2026,182
CI.USB.2C,2026,183
CI.USB.2C,2026,184
CI.USC.,2026,41
CI.USC.,2026,42
CI.USC.,2026,43
CI.USC.,2026,101
CI.USC.,2026,102
CI.USC.,2026,103
CI.USC.,2026,182
CI.USC.,2026,183
CI.VCP.,2026,41
CI.VCP.,2026,42
CI.VCP.,2026,43
CI.VCP.,2026,101
CI.VCP.,2026,102
CI.VCP.,2026,103
CI.VCP.,2026,114
CI.VCP.,2026,115
CI.VCP.,2026,116
CI.VCP.,2026,181
CI.VCP.,2026,182
CI.VCP.,2026,183
CI.VCP.,2026,184
CI.VCP.2C,2026,41
CI.VCP.2C,2026,42
CI.VCP.2C,2026,43
CI.VCP.2C,2026,101
CI.VCP.2C,2026,102
CI.VCP.2C,2026,103
CI.VCP.2C,2026,104
CI.VCP.2C,2026,105
CI.VCP.2C,2026,106
CI.VCP.2C,2026,107
CI.VCP.2C,2026,108
CI.VCP.2C,2026,109
CI.VCP.2C,2026,110
CI.VCP.2C,2026,111
CI.VCP.2C,2026,112
CI.VCP.2C,2026,113
CI.VCP.2C,2026,114
CI.VCP.2C,2026,115
CI.VCP.2C,2026,116
CI.VCP.2C,2026,117
CI.VCP.2C,2026,118
CI.VCP.2C,2026,181
CI.VCP.2C,2026,182
CI.VCP.2C,2026,183
CI.VCP.2C,2026,184
CI.VCS.,2026,41
CI.VCS.,2026,42
CI.VCS.,2026,43
CI.VCS.,2026,101
CI.VCS.,2026,102
CI.VCS.,2026,103
CI.VCS.,2026,182
CI.VCS.,2026,183
CI.VCS.2C,2026,41
CI.VCS.2C,2026,42
CI.VCS.2C,2026,43
CI.VCS.2C,2026,101
CI.VCS.2C,2026,102
CI.VCS.2C,2026,103
CI.VCS.2C,2026,104
CI.VCS.2C,2026,105
CI.VCS.2C,2026,106
CI.VCS.2C,2026,107
CI.VCS.2C,2026,108
CI.VCS.2C,2026,109
CI.VCS.2C,2026,110
CI.VCS.2C,2026,111
CI.VCS.2C,2026,112
CI.VCS.2C,2026,113
CI.VCS.2C,2026,114
CI.VCS.2C,2026,115
CI.VCS.2C,2026,116
CI.VCS.2C,2026,117
CI.VCS.2C,2026,118
CI.VCS.2C,2026,181
CI.VCS.2C,2026,182
CI.VCS.2C,2026,183
CI.VCS.2C,2026,184
CI.VDJ.,2026,41
CI.VDJ.,2026,42
CI.VDJ.,2026,43
CI.VDJ.,2026,101
CI.VDJ.,2026,102
CI.VDJ.,2026,103
CI.VDJ.,2026,182
CI.VDJ.,2026,183
CI.VDJ.2C,2026,41
CI.VDJ.2C,2026,42
CI.VDJ.2C,2026,43
CI.VDJ.2C,2026,101
CI.VDJ.2C,2026,102
CI.VDJ.2C,2026,103
CI.VDJ.2C,2026,104
CI.VDJ.2C,2026,105
CI.VDJ.2C,2026,106
CI.VDJ.2C,2026,107
CI.VDJ.2C,2026,108
CI.VDJ.2C,2026,109
CI.VDJ.2C,2026,110
CI.VDJ.2C,2026,111
CI.VDJ.2C,2026,112
CI.VDJ.2C,2026,113
CI.VDJ.2C,2026,114
CI.VDJ.2C,2026,115
CI.VDJ.2C,2026,116
CI.VDJ.2C,2026,117
CI.VDJ.2C,2026,118
CI.VDJ.2C,2026,181
CI.VDJ.2C,2026,182
CI.VDJ.2C,2026,183
CI.VDJ.2C,2026,184
CI.VES.,2026,41
CI.VES.,2026,42
CI.VES.,2026,43
CI.VES.,2026,101
CI.VES.,2026,102
CI.VES.,2026,103
CI.VES.,2026,182
CI.VES.,2026,183
CI.VES.2C,2026,41
CI.VES.2C,2026,42
CI.VES.2C,2026,43
CI.VES.2C,2026,101
CI.VES.2C,2026,102
CI.VES.2C,2026,103
CI.VES.2C,2026,104
CI.VES.2C,2026,105
CI.VES.2C,2026,106
CI.VES.2C,2026,107
CI.VES.2C,2026,108
CI.VES.2C,2026,109
CI.VES.2C,2026,110
CI.VES.2C,2026,111
CI.VES.2C,2026,112
CI.VES.2C,2026,113
CI.VES.2C,2026,114
CI.VES.2C,2026,115
CI.VES.2C,2026,116
CI.VES.2C,2026,117
CI.VES.2C,2026,118
CI.VES.2C,2026,181
CI.VES.2C,2026,182
CI.VES.2C,2026,183
CI.VES.2C,2026,184
CI.VLO.,2026,41
CI.VLO.,2026,42
CI.VLO.,2026,43
CI.VLO.,2026,101
CI.VLO.,2026,102
CI.VLO.,2026,103
CI.VLO.,2026,182
CI.VLO.,2026,183
CI.VLO.2C,2026,41
CI.VLO.2C,2026,42
CI.VLO.2C,2026,43
CI.VLO.2C,2026,101
CI.VLO.2C,2026,102
CI.VLO.2C,2026,103
CI.VLO.2C,2026,104
CI.VLO.2C,2026,105
CI.VLO.2C,2026,106
CI.VLO.2C,2026,107
CI.VLO.2C,2026,108
CI.VLO.2C,2026,109
CI.VLO.2C,2026,110
CI.VLO.2C,2026,111
CI.VLO.2C,2026,112
CI.VLO.2C,2026,113
CI.VLO.2C,2026,114
CI.VLO.2C,2026,115
CI.VLO.2C,2026,116
CI.VLO.2C,2026,117
CI.VLO.2C,2026,118
CI.VLO.2C,2026,181
CI.VLO.2C,2026,182
CI.VLO.2C,2026,183
CI.VLO.2C,2026,184
CI.VLY.,2026,41
CI.VLY.,2026,42
CI.VLY.,2026,43
CI.VLY.,2026,101
CI.VLY.,2026,102
CI.VLY.,2026,103
CI.VLY.,2026,182
CI.VLY.,2026,183
CI.VLY.2C,2026,41
CI.VLY.2C,2026,42
CI.VLY.2C,2026,43
CI.VLY.2C,2026,101
CI.VLY.2C,2026,102
CI.VLY.2C,2026,103
CI.VLY.2C,2026,104
CI.VLY.2C,2026,105
CI.VLY.2C,2026,106
CI.VLY.2C,2026,107
CI.VLY.2C,2026,108
CI.VLY.2C,2026,109
CI.VLY.2C,2026,110
CI.VLY.2C,2026,111
CI.VLY.2C,2026,112
CI.VLY.2C,2026,113
CI.VLY.2C,2026,114
CI.VLY.2C,2026,115
CI.VLY.2C,2026,116
CI.VLY.2C,2026,117
CI.VLY.2C,2026,118
CI.VLY.2C,2026,181
CI.VLY.2C,2026,182
CI.VLY.2C,2026,183
CI.VLY.2C,2026,184
CI.VOG.,2026,41
CI.VOG.,2026,42
CI.VOG.,2026,43
CI.VOG.,2026,101
CI.VOG.,2026,102
CI.VOG.,2026,103
CI.VOG.,2026,182
CI.VOG.,2026,183
CI.VOG.2C,2026,41
CI.VOG.2C,2026,42
CI.VOG.2C,2026,43
CI.VOG.2C,2026,101
CI.VOG.2C,2026,102
CI.VOG.2C,2026,103
CI.VOG.2C,2026,104
CI.VOG.2C,2026,105
CI.VOG.2C,2026,106
CI.VOG.2C,2026,107
CI.VOG.2C,2026,108
CI.VOG.2C,2026,109
CI.VOG.2C,2026,110
CI.VOG.2C,2026,111
CI.VOG.2C,2026,112
CI.VOG.2C,2026,113
CI.VOG.2C,2026,114
CI.VOG.2C,2026,115
CI.VOG.2C,2026,116
CI.VOG.2C,2026,117
CI.VOG.2C,2026,118
CI.VOG.2C,2026,181
CI.VOG.2C,2026,182
CI.VOG.2C,2026,183
CI.VOG.2C,2026,184
CI.VTV.,2026,41
CI.VTV.,2026,42
CI.VTV.,2026,43
CI.VTV.,2026,101
CI.VTV.,2026,102
CI.VTV.,2026,103
CI.VTV.,2026,182
CI.VTV.,2026,183
CI.VTV.2C,2026,41
CI.VTV.2C,2026,42
CI.VTV.2C,2026,43
CI.VTV.2C,2026,101
CI.VTV.2C,2026,102
CI.VTV.2C,2026,103
CI.VTV.2C,2026,104
CI.VTV.2C,2026,105
CI.VTV.2C,2026,106
CI.VTV.2C,2026,107
CI.VTV.2C,2026,108
CI.VTV.2C,2026,109
CI.VTV.2C,2026,110
CI.VTV.2C,2026,111
CI.VTV.2C,2026,112
CI.VTV.2C,2026,113
CI.VTV.2C,2026,114
CI.VTV.2C,2026,115
CI.VTV.2C,2026,116
CI.VTV.2C,2026,117
CI.VTV.2C,2026,118
CI.VTV.2C,2026,181
CI.VTV.2C,2026,182
CI.VTV.2C,2026,183
CI.VTV.2C,2026,184
CI.VVD.,2026,41
CI.VVD.,2026,42
CI.VVD.,2026,43
CI.VVD.,2026,101
CI.VVD.,2026,102
CI.VVD.,2026,103
CI.VVD.,2026,104
CI.VVD.,2026,105
CI.VVD.,2026,106
CI.VVD.,2026,107
CI.VVD.,2026,108
CI.VVD.,2026,109
CI.VVD.,2026,110
CI.VVD.,2026,111
CI.VVD.,2026,112
CI.VVD.,2026,113
CI.VVD.,2026,114
CI.VVD.,2026,115
CI.VVD.,2026,116
CI.VVD.,2026,117
CI.VVD.,2026,118
CI.VVD.,2026,181
CI.VVD.,2026,182
CI.VVD.,2026,183
CI.VVD.,2026,184
CI.WAS2.,2026,41
CI.WAS2.,2026,42
CI.WAS2.,2026,43
CI.WAS2.,2026,101
CI.WAS2.,2026,102
CI.WAS2.,2026,103
CI.WAS2.,2026,182
CI.WAS2.,2026,183
CI.WBM.,2026,41
CI.WBM.,2026,42
CI.WBM.,2026,43
CI.WBM.,2026,101
CI.WBM.,2026,102
CI.WBM.,2026,103
CI.WBM.,2026,104
CI.WBM.,2026,105
CI.WBM.,2026,106
CI.WBM.,2026,107
CI.WBM.,2026,108
CI.WBM.,2026,109
CI.WBM.,2026,110
CI.WBM.,2026,111
CI.WBM.,2026,112
CI.WBM.,2026,113
CI.WBM.,2026,114
CI.WBM.,2026,115
CI.WBM.,2026,116
CI.WBM.,2026,117
CI.WBM.,2026,118
CI.WBM.,2026,181
CI.WBM.,2026,182
CI.WBM.,2026,183
CI.WBM.,2026,184
CI.WBM.2C,2026,41
CI.WBM.2C,2026,42
CI.WBM.2C,2026,43
CI.WBM.2C,2026,101
CI.WBM.2C,2026,102
CI.WBM.2C,2026,103
CI.WBM.2C,2026,104
CI.WBM.2C,2026,105
CI.WBM.2C,2026,106
CI.WBM.2C,2026,107
CI.WBM.2C,2026,108
CI.WBM.2C,2026,109
CI.WBM.2C,2026,110
CI.WBM.2C,2026,111
CI.WBM.2C,2026,112
CI.WBM.2C,2026,113
CI.WBM.2C,2026,114
CI.WBM.2C,2026,115
CI.WBM.2C,2026,116
CI.WBM.2C,2026,117
CI.WBM.2C,2026,118
CI.WBM.2C,2026,181
CI.WBM.2C,2026,182
CI.WBM.2C,2026,183
CI.WBM.2C,2026,184
CI.WBP.,2026,41
CI.WBP.,2026,42
CI.WBP.,2026,101
CI.WBP.,2026,102
CI.WBP.,2026,182
CI.WBP.,2026,183
CI.WBP.2C,2026,41
CI.WBP.2C,2026,42
CI.WBP.2C,2026,43
CI.WBP.2C,2026,101
CI.WBP.2C,2026,102
CI.WBP.2C,2026,103
CI.WBP.2C,2026,104
CI.WBP.2C,2026,105
CI.WBP.2C,2026,106
CI.WBP.2C,2026,107
CI.WBP.2C,2026,108
CI.WBP.2C,2026,109
CI.WBP.2C,2026,110
CI.WBP.2C,2026,111
CI.WBP.2C,2026,112
CI.WBP.2C,2026,113
CI.WBP.2C,2026,114
CI.WBP.2C,2026,115
CI.WBP.2C,2026,116
CI.WBP.2C,2026,117
CI.WBP.2C,2026,118
CI.WBP.2C,2026,181
CI.WBP.2C,2026,182
CI.WBP.2C,2026,183
CI.WBP.2C,2026,184
CI.WBS.,2026,41
CI.WBS.,2026,42
CI.WBS.,2026,101
CI.WBS.,2026,102
CI.WBS.,2026,182
CI.WBS.,2026,183
CI.WBS.2C,2026,41
CI.WBS.2C,2026,42
CI.WBS.2C,2026,43
CI.WBS.2C,2026,101
CI.WBS.2C,2026,102
CI.WBS.2C,2026,103
CI.WBS.2C,2026,104
CI.WBS.2C,2026,105
CI.WBS.2C,2026,106
CI.WBS.2C,2026,107
CI.WBS.2C,2026,108
CI.WBS.2C,2026,109
CI.WBS.2C,2026,110
CI.WBS.2C,2026,111
CI.WBS.2C,2026,112
CI.WBS.2C,2026,113
CI.WBS.2C,2026,114
CI.WBS.2C,2026,115
CI.WBS.2C,2026,116
CI.WBS.2C,2026,117
CI.WBS.2C,2026,118
CI.WBS.2C,2026,181
CI.WBS.2C,2026,182
CI.WBS.2C,2026,183
CI.WBS.2C,2026,184
CI.WLH2.2C,2026,41
CI.WLS2.2C,2026,41
CI.WLT.2C,2026,41
CI.WMF.2C,2026,41
CI.WNM.,2026,41
CI.WNM.2C,2026,41
CI.WNS.,2026,41
CI.WOF.,2026,41
CI.WOR.,2026,1
CI.WOR.,2026,2
CI.WOR.,2026,3
CI.WOR.,2026,4
CI.WOR.,2026,5
CI.WOR.,2026,6
CI.WOR.,2026,7
CI.WOR.,2026,8
CI.WOR.,2026,221
CI.WOR.,2026,222
CI.WOR.,2026,223
CI.WOR.,2026,224
CI.WRC2.,2026,1
CI.WRC2.,2026,2
CI.WRC2.,2026,3
CI.WRC2.,2026,4
CI.WRC2.,2026,5
CI.WRC2.,2026,6
CI.WRC2.,2026,7
CI.WRC2.,2026,8
CI.WRC2.,2026,221
CI.WRC2.,2026,222
CI.WRC2.,2026,223
CI.WRC2.,2026,224
CI.WRV2.,2026,1
CI.WRV2.,2026,2
CI.WRV2.,2026,3
CI.WRV2.,2026,4
CI.WRV2.,2026,5
CI.WRV2.,2026,6
CI.WRV2.,2026,7
CI.WRV2.,2026,8
CI.WRV2.,2026,221
CI.WRV2.,2026,222
CI.WRV2.,2026,223
CI.WRV2.,2026,224
CI.WRV2.2C,2026,1
CI.WRV2.2C,2026,2
CI.WRV2.2C,2026,3
CI.WRV2.2C,2026,4
CI.WRV2.2C,2026,5
CI.WRV2.2C,2026,6
CI.WRV2.2C,2026,7
CI.WRV2.2C,2026,8
CI.WRV2.2C,2026,9
CI.WRV2.2C,2026,10
CI.WRV2.2C,2026,11
CI.WRV2.2C,2026,12
CI.WRV2.2C,2026,13
CI.WRV2.2C,2026,14
CI.WRV2.2C,2026,15
CI.WRV2.2C,2026,221
CI.WRV2.2C,2026,222
CI.WRV2.2C,2026,223
CI.WRV2.2C,2026,224
CI.WRV2.2C,2026,225
CI.WRV2.2C,2026,226
CI.WRV2.2C,2026,227
CI.WRV2.2C,2026,228
CI.WRV2.2C,2026,229
CI.WRV2.2C,2026,230
CI.WRV2.2C,2026,231
CI.WRV2.2C,2026,232
CI.WRV2.2C,2026,233
CI.WRV2.2C,2026,234
CI.WRV2.2C,2026,235
CI.WRV2.2C,2026,236
CI.WRV2.2C,2026,237
CI.WSS.,2026,1
CI.WSS.,2026,2
CI.WSS.,2026,3
CI.WSS.,2026,4
CI.WSS.,2026,5
CI.WSS.,2026,6
CI.WSS.,2026,7
CI.WSS.,2026,221
CI.WSS.,2026,222
CI.WSS.,2026,223
CI.WSS.,2026,224
CI.WSS.,2026,232
CI.WSS.,2026,233
CI.WSS.2C,2026,1
CI.WSS.2C,2026,2
CI.WSS.2C,2026,3
CI.WSS.2C,2026,4
CI.WSS.2C,2026,5
CI.WSS.2C,2026,6
CI.WSS.2C,2026,7
CI.WSS.2C,2026,8
CI.WSS.2C,2026,9
CI.WSS.2C,2026,10
CI.WSS.2C,2026,11
CI.WSS.2C,2026,12
CI.WSS.2C,2026,13
CI.WSS.2C,2026,14
CI.WSS.2C,2026,15
CI.WSS.2C,2026,221
CI.WSS.2C,2026,222
CI.WSS.2C,2026,223
CI.WSS.2C,2026,224
CI.WSS.2C,2026,225
CI.WSS.2C,2026,226
CI.WSS.2C,2026,227
CI.WSS.2C,2026,228
CI.WSS.2C,2026,229
CI.WSS.2C,2026,230
CI.WSS.2C,2026,231
CI.WSS.2C,2026,232
CI.WSS.2C,2026,233
CI.WSS.2C,2026,234
CI.WSS.2C,2026,235
CI.WSS.2C,2026,236
CI.WSS.2C,2026,237
CI.WTT2.,2026,1
CI.WTT2.,2026,2
CI.WTT2.,2026,3
CI.WTT2.,2026,4
CI.WTT2.,2026,5
CI.WTT2.,2026,6
CI.WTT2.,2026,7
CI.WTT2.,2026,221
CI.WTT2.,2026,222
CI.WTT2.,2026,223
CI.WTT2.2C,2026,1
CI.WTT2.2C,2026,2
CI.WTT2.2C,2026,3
CI.WTT2.2C,2026,4
CI.WTT2.2C,2026,5
CI.WTT2.2C,2026,6
CI.WTT2.2C,2026,7
CI.WTT2.2C,2026,8
CI.WTT2.2C,2026,9
CI.WTT2.2C,2026,10
CI.WTT2.2C,2026,11
CI.WTT2.2C,2026,12
CI.WTT2.2C,2026,13
CI.WTT2.2C,2026,14
CI.WTT2.2C,2026,15
CI.WTT2.2C,2026,221
CI.WTT2.2C,2026,222
CI.WTT2.2C,2026,223
CI.WTT2.2C,2026,224
CI.WTT2.2C,2026,225
CI.WTT2.2C,2026,226
CI.WTT2.2C,2026,227
CI.WTT2.2C,2026,228
CI.WTT2.2C,2026,229
CI.WTT2.2C,2026,230
CI.WTT2.2C,2026,231
CI.WTT2.2C,2026,232
CI.WTT2.2C,2026,233
CI.WTT2.2C,2026,234
CI.WTT2.2C,2026,235
CI.WTT2.2C,2026,236
CI.WTT2.2C,2026,237
CI.WVP2.,2026,1
CI.WVP2.,2026,2
CI.WVP2.,2026,3
CI.WVP2.,2026,4
CI.WVP2.,2026,5
CI.WVP2.,2026,6
CI.WVP2.,2026,7
CI.WVP2.,2026,221
CI.WVP2.,2026,222
CI.WVP2.,2026,223
CI.WVP2.,2026,232
CI.WVP2.,2026,233
CI.WVP2.2C,2026,1
CI.WVP2.2C,2026,2
CI.WVP2.2C,2026,3
CI.WVP2.2C,2026,4
CI.WVP2.2C,2026,5
CI.WVP2.2C,2026,6
CI.WVP2.2C,2026,7
CI.WVP2.2C,2026,8
CI.WVP2.2C,2026,9
CI.WVP2.2C,2026,10
CI.WVP2.2C,2026,11
CI.WVP2.2C,2026,12
CI.WVP2.2C,2026,13
CI.WVP2.2C,2026,14
CI.WVP2.2C,2026,15
CI.WVP2.2C,2026,221
CI.WVP2.2C,2026,222
CI.WVP2.2C,2026,223
CI.WVP2.2C,2026,224
CI.WVP2.2C,2026,225
CI.WVP2.2C,2026,226
CI.WVP2.2C,2026,227
CI.WVP2.2C,2026,228
CI.WVP2.2C,2026,229
CI.WVP2.2C,2026,230
CI.WVP2.2C,2026,231
CI.WVP2.2C,2026,232
CI.WVP2.2C,2026,233
CI.WVP2.2C,2026,234
CI.WVP2.2C,2026,235
CI.WVP2.2C,2026,236
CI.WVP2.2C,2026,237
CI.WWC.,2026,1
CI.WWC.,2026,2
CI.WWC.,2026,3
CI.WWC.,2026,4
CI.WWC.,2026,5
CI.WWC.,2026,6
CI.WWC.,2026,7
CI.WWC.,2026,8
CI.WWC.,2026,9
CI.WWC.,2026,10
CI.WWC.,2026,11
CI.WWC.,2026,12
CI.WWC.,2026,13
CI.WWC.,2026,14
CI.WWC.,2026,15
CI.WWC.,2026,221
CI.WWC.,2026,222
CI.WWC.,2026,223
CI.WWC.2C,2026,1
CI.WWC.2C,2026,2
CI.WWC.2C,2026,3
CI.WWC.2C,2026,4
CI.WWC.2C,2026,5
CI.WWC.2C,2026,6
CI.WWC.2C,2026,7
CI.WWC.2C,2026,8
CI.WWC.2C,2026,9
CI.WWC.2C,2026,10
CI.WWC.2C,2026,11
CI.WWC.2C,2026,12
CI.WWC.2C,2026,13
CI.WWC.2C,2026,14
CI.WWC.2C,2026,15
CI.WWC.2C,2026,221
CI.WWC.2C,2026,222
CI.WWC.2C,2026,223
CI.WWC.2C,2026,224
CI.WWC.2C,2026,225
CI.WWC.2C,2026,226
CI.WWC.2C,2026,227
CI.WWC.2C,2026,228
CI.WWC.2C,2026,229
CI.WWC.2C,2026,230
CI.WWC.2C,2026,231
CI.WWC.2C,2026,232
CI.WWC.2C,2026,233
CI.WWC.2C,2026,234
CI.WWC.2C,2026,235
CI.WWC.2C,2026,236
CI.WWC.2C,2026,237
CI.WWF.,2026,1
CI.WWF.,2026,2
CI.WWF.,2026,3
CI.WWF.,2026,4
CI.WWF.,2026,5
CI.WWF.,2026,6
CI.WWF.,2026,7
CI.WWF.,2026,221
CI.WWF.,2026,222
CI.WWF.,2026,223
CI.WWF.2C,2026,1
CI.WWF.2C,2026,2
CI.WWF.2C,2026,3
CI.WWF.2C,2026,4
CI.WWF.2C,2026,5
CI.WWF.2C,2026,6
CI.WWF.2C,2026,7
CI.WWF.2C,2026,8
CI.WWF.2C,2026,9
CI.WWF.2C,2026,10
CI.WWF.2C,2026,11
CI.WWF.2C,2026,12
CI.WWF.2C,2026,13
CI.WWF.2C,2026,14
CI.WWF.2C,2026,15
CI.WWF.2C,2026,221
CI.WWF.2C,2026,222
CI.WWF.2C,2026,223
CI.WWF.2C,2026,224
CI.WWF.2C,2026,225
CI.WWF.2C,2026,226
CI.WWF.2C,2026,227
CI.WWF.2C,2026,228
CI.WWF.2C,2026,229
CI.WWF.2C,2026,230
CI.WWF.2C,2026,231
CI.WWF.2C,2026,232
CI.WWF.2C,2026,233
CI.WWF.2C,2026,234
CI.WWF.2C,2026,235
CI.WWF.2C,2026,236
CI.WWF.2C,2026,237
CI.XTL2.,2026,1
CI.XTL2.,2026,2
CI.XTL2.,2026,3
CI.XTL2.,2026,4
CI.XTL2.,2026,5
CI.XTL2.,2026,6
CI.XTL2.,2026,7
CI.XTL2.,2026,221
CI.XTL2.,2026,222
CI.XTL2.,2026,223
CI.YEG2.,2026,1
CI.YEG2.,2026,2
CI.YEG2.,2026,3
CI.YEG2.,2026,4
CI.YEG2.,2026,5
CI.YEG2.,2026,6
CI.YEG2.,2026,7
CI.YEG2.,2026,221
CI.YEG2.,2026,222
CI.YEG2.,2026,223
CI.YEG2.2C,2026,1
CI.YEG2.2C,2026,2
CI.YEG2.2C,2026,3
CI.YEG2.2C,2026,4
CI.YEG2.2C,2026,5
CI.YEG2.2C,2026,6
CI.YEG2.2C,2026,7
CI.YEG2.2C,2026,8
CI.YEG2.2C,2026,9
CI.YEG2.2C,2026,10
CI.YEG2.2C,2026,11
CI.YEG2.2C,2026,12
CI.YEG2.2C,2026,13
CI.YEG2.2C,2026,14
CI.YEG2.2C,2026,15
CI.YEG2.2C,2026,221
CI.YEG2.2C,2026,222
CI.YEG2.2C,2026,223
CI.YEG2.2C,2026,224
CI.YEG2.2C,2026,225
CI.YEG2.2C,2026,226
CI.YEG2.2C,2026,227
CI.YEG2.2C,2026,228
CI.YEG2.2C,2026,229
CI.YEG2.2C,2026,230
CI.YEG2.2C,2026,231
CI.YEG2.2C,2026,232
CI.YEG2.2C,2026,233
CI.YEG2.2C,2026,234
CI.YEG2.2C,2026,235
CI.YEG2.2C,2026,236
CI.YEG2.2C,2026,237
CI.YUC.,2026,1
CI.YUC.,2026,2
CI.YUC.,2026,3
CI.YUC.,2026,4
CI.YUC.,2026,5
CI.YUC.,2026,6
CI.YUC.,2026,7
CI.YUC.,2026,221
CI.YUC.,2026,222
CI.YUC.,2026,223
CI.YUC.2C,2026,1
CI.YUC.2C,2026,2
CI.YUC.2C,2026,3
CI.YUC.2C,2026,4
CI.YUC.2C,2026,5
CI.YUC.2C,2026,6
CI.YUC.2C,2026,7
CI.YUC.2C,2026,8
CI.YUC.2C,2026,9
CI.YUC.2C,2026,10
CI.YUC.2C,2026,11
CI.YUC.2C,2026,12
CI.YUC.2C,2026,13
CI.YUC.2C,2026,14
CI.YUC.2C,2026,15
CI.YUC.2C,2026,221
CI.YUC.2C,2026,222
CI.YUC.2C,2026,223
CI.YUC.2C,2026,224
CI.YUC.2C,2026,225
CI.YUC.2C,2026,226
CI.YUC.2C,2026,227
CI.YUC.2C,2026,228
CI.YUC.2C,2026,229
CI.YUC.2C,2026,230
CI.YUC.2C,2026,231
CI.YUC.2C,2026,232
CI.YUC.2C,2026,233
CI.YUC.2C,2026,234
CI.YUC.2C,2026,235
CI.YUC.2C,2026,236
CI.YUC.2C,2026,237
CI.YUH2.,2026,1
CI.YUH2.,2026,2
CI.YUH2.,2026,3
CI.YUH2.,2026,4
CI.YUH2.,2026,5
CI.YUH2.,2026,6
CI.YUH2.,2026,7
CI.YUH2.,2026,221
CI.YUH2.,2026,222
CI.YUH2.,2026,223
CI.YUH2.2C,2026,1
CI.YUH2.2C,2026,2
CI.YUH2.2C,2026,3
CI.YUH2.2C,2026,4
CI.YUH2.2C,2026,5
CI.YUH2.2C,2026,6
CI.YUH2.2C,2026,7
CI.YUH2.2C,2026,8
CI.YUH2.2C,2026,9
CI.YUH2.2C,2026,10
CI.YUH2.2C,2026,11
CI.YUH2.2C,2026,12
CI.YUH2.2C,2026,13
CI.YUH2.2C,2026,14
CI.YUH2.2C,2026,15
CI.YUH2.2C,2026,221
CI.YUH2.2C,2026,222
CI.YUH2.2C,2026,223
CI.YUH2.2C,2026,224
CI.YUH2.2C,2026,225
CI.YUH2.2C,2026,226
CI.YUH2.2C,2026,227
CI.YUH2.2C,2026,228
CI.YUH2.2C,2026,229
CI.YUH2.2C,2026,230
CI.YUH2.2C,2026,231
CI.YUH2.2C,2026,232
CI.YUH2.2C,2026,233
CI.YUH2.2C,2026,234
CI.YUH2.2C,2026,235
CI.YUH2.2C,2026,236
CI.YUH2.2C,2026,237
IE.ARNI.,2026,241
IE.ARNI.,2026,242
IE.ARNI.,2026,243
IE.ARNI.,2026,244
IE.ARNI.,2026,245
IE.BCYI.,2026,244
IE.CBTI.,2026,241
IE.CBTI.,2026,242
IE.CBTI.,2026,243
IE.CBTI.,2026,244
IE.CBTI.,2026,245
IE.CNCI.,2026,244
IE.COMI.,2026,244
IE.CRBI.,2026,241
IE.CRBI.,2026,242
IE.CRBI.,2026,243
IE.CRBI.,2026,244
IE.CRBI.,2026,245
IE.DVCI.,2026,244
IE.ECRI.,2026,244
IE.EMI.,2026,241
IE.EMI.,2026,242
IE.EMI.,2026,243
IE.EMI.,2026,244
IE.EMI.,2026,245
IE.GRRI.,2026,244
IE.GTRI.,2026,241
IE.GTRI.,2026,242
IE.GTRI.,2026,243
IE.GTRI.,2026,244
IE.GTRI.,2026,245
IE.HHAI.,2026,241
IE.HHAI.,2026,242
IE.HHAI.,2026,243
IE.HHAI.,2026,244
IE.HHAI.,2026,245
IE.ICI.,2026,244
IE.IRCI.,2026,241
IE.IRCI.,2026,242
IE.IRCI.,2026,243
IE.IRCI.,2026,244
IE.IRCI.,2026,245
IE.LJI.,2026,244
IE.LLRI.,2026,244
IE.NPRI.,2026,244
IE.PZCI.,2026,241
IE.PZCI.,2026,242
IE.PZCI.,2026,243
IE.PZCI.,2026,244
IE.PZCI.,2026,245
IM.NV01.,2026,32
IM.NV01.,2026,33
IM.NV01.,2026,34
IM.NV01.,2026,35
IM.NV01.,2026,61
IM.NV01.,2026,62
IM.NV01.,2026,63
IM.NV01.,2026,81
IM.NV01.,2026,82
IM.NV01.,2026,161
IM.NV01.,2026,162
IM.NV01.,2026,163
IM.NV01.,2026,164
IM.NV01.,2026,165
IM.NV01.,2026,166
IM.NV01.,2026,182
IM.NV01.,2026,213
IM.NV01.,2026,214
IM.NV01.,2026,241
IM.NV01.,2026,242
IM.NV02.,2026,32
IM.NV02.,2026,33
IM.NV02.,2026,34
IM.NV02.,2026,35
IM.NV02.,2026,61
IM.NV02.,2026,62
IM.NV02.,2026,63
IM.NV02.,2026,81
IM.NV02.,2026,82
IM.NV02.,2026,161
IM.NV02.,2026,162
IM.NV02.,2026,163
IM.NV02.,2026,164
IM.NV02.,2026,165
IM.NV02.,2026,166
IM.NV02.,2026,182
IM.NV02.,2026,213
IM.NV02.,2026,214
IM.NV02.,2026,241
IM.NV02.,2026,242
IM.NV03.,2026,32
IM.NV03.,2026,33
IM.NV03.,2026,34
IM.NV03.,2026,35
IM.NV03.,2026,61
IM.NV03.,2026,62
IM.NV03.,2026,63
IM.NV03.,2026,81
IM.NV03.,2026,82
IM.NV03.,2026,161
IM.NV03.,2026,162
IM.NV03.,2026,163
IM.NV03.,2026,164
IM.NV03.,2026,165
IM.NV03.,2026,166
IM.NV03.,2026,182
IM.NV03.,2026,213
IM.NV03.,2026,214
IM.NV03.,2026,241
IM.NV03.,2026,242
IM.NV04.,2026,32
IM.NV04.,2026,33
IM.NV04.,2026,34
IM.NV04.,2026,35
IM.NV04.,2026,61
IM.NV04.,2026,62
IM.NV04.,2026,63
IM.NV04.,2026,81
IM.NV04.,2026,82
IM.NV04.,2026,161
IM.NV04.,2026,162
IM.NV04.,2026,163
IM.NV04.,2026,164
IM.NV04.,2026,165
IM.NV04.,2026,166
IM.NV04.,2026,182
IM.NV04.,2026,213
IM.NV04.,2026,214
IM.NV04.,2026,241
IM.NV04.,2026,242
IM.NV05.,2026,32
IM.NV05.,2026,33
IM.NV05.,2026,34
IM.NV05.,2026,35
IM.NV05.,2026,61
IM.NV05.,2026,62
IM.NV05.,2026,63
IM.NV05.,2026,81
IM.NV05.,2026,82
IM.NV05.,2026,161
IM.NV05.,2026,162
IM.NV05.,2026,163
IM.NV05.,2026,164
IM.NV05.,2026,165
IM.NV05.,2026,166
IM.NV05.,2026,182
IM.NV05.,2026,213
IM.NV05.,2026,214
IM.NV05.,2026,241
IM.NV05.,2026,242
IM.NV06.,2026,32
IM.NV06.,2026,33
IM.NV06.,2026,34
IM.NV06.,2026,35
IM.NV06.,2026,61
IM.NV06.,2026,62
IM.NV06.,2026,63
IM.NV06.,2026,81
IM.NV06.,2026,82
IM.NV06.,2026,161
IM.NV06.,2026,162
IM.NV06.,2026,163
IM.NV06.,2026,164
IM.NV06.,2026,165
IM.NV06.,2026,166
IM.NV06.,2026,182
IM.NV06.,2026,213
IM.NV06.,2026,214
IM.NV06.,2026,241
IM.NV06.,2026,242
IM.NV07.,2026,32
IM.NV07.,2026,33
IM.NV07.,2026,34
IM.NV07.,2026,35
IM.NV07.,2026,61
IM.NV07.,2026,62
IM.NV07.,2026,63
IM.NV07.,2026,81
IM.NV07.,2026,82
IM.NV07.,2026,161
IM.NV07.,2026,162
IM.NV07.,2026,163
IM.NV07.,2026,164
IM.NV07.,2026,165
IM.NV07.,2026,166
IM.NV07.,2026,182
IM.NV07.,2026,213
IM.NV07.,2026,214
IM.NV07.,2026,241
IM.NV07.,2026,242
IM.NV08.,2026,32
IM.NV08.,2026,33
IM.NV08.,2026,34
IM.NV08.,2026,35
IM.NV08.,2026,61
IM.NV08.,2026,62
IM.NV08.,2026,63
IM.NV08.,2026,81
IM.NV08.,2026,82
IM.NV08.,2026,161
IM.NV08.,2026,162
IM.NV08.,2026,163
IM.NV08.,2026,164
IM.NV08.,2026,165
IM.NV08.,2026,166
IM.NV08.,2026,182
IM.NV08.,2026,213
IM.NV08.,2026,214
IM.NV08.,2026,241
IM.NV08.,2026,242
IM.NV09.,2026,32
IM.NV09.,2026,33
IM.NV09.,2026,34
IM.NV09.,2026,35
IM.NV09.,2026,61
IM.NV09.,2026,62
IM.NV09.,2026,63
IM.NV09.,2026,81
IM.NV09.,2026,82
IM.NV09.,2026,161
IM.NV09.,2026,162
IM.NV09.,2026,163
IM.NV09.,2026,164
IM.NV09.,2026,165
IM.NV09.,2026,166
IM.NV09.,2026,182
IM.NV09.,2026,213
IM.NV09.,2026,214
IM.NV09.,2026,241
IM.NV09.,2026,242
IM.NV10.,2026,32
IM.NV10.,2026,33
IM.NV10.,2026,34
IM.NV10.,2026,35
IM.NV10.,2026,61
IM.NV10.,2026,62
IM.NV10.,2026,63
IM.NV10.,2026,81
IM.NV10.,2026,82
IM.NV10.,2026,161
IM.NV10.,2026,162
IM.NV10.,2026,163
IM.NV10.,2026,164
IM.NV10.,2026,165
IM.NV10.,2026,166
IM.NV10.,2026,182
IM.NV10.,2026,213
IM.NV10.,2026,241
IM.NV10.,2026,242
IM.NV11.,2026,32
IM.NV11.,2026,33
IM.NV11.,2026,34
IM.NV11.,2026,35
IM.NV11.,2026,61
IM.NV11.,2026,62
IM.NV11.,2026,63
IM.NV11.,2026,81
IM.NV11.,2026,82
IM.NV11.,2026,161
IM.NV11.,2026,162
IM.NV11.,2026,163
IM.NV11.,2026,164
IM.NV11.,2026,165
IM.NV11.,2026,166
IM.NV11.,2026,182
IM.NV11.,2026,213
IM.NV11.,2026,241
IM.NV11.,2026,242
IM.NV31.,2026,32
IM.NV31.,2026,33
IM.NV31.,2026,34
IM.NV31.,2026,35
IM.NV31.,2026,61
IM.NV31.,2026,62
IM.NV31.,2026,63
IM.NV31.,2026,81
IM.NV31.,2026,82
IM.NV31.,2026,161
IM.NV31.,2026,162
IM.NV31.,2026,163
IM.NV31.,2026,164
IM.NV31.,2026,165
IM.NV31.,2026,166
IM.NV31.,2026,182
IM.NV31.,2026,213
IM.NV31.,2026,241
IM.NV31.,2026,242
IM.NVAR.FB,2026,21
IM.NVAR.FB,2026,22
IM.NVAR.FB,2026,23
IM.NVAR.FB,2026,24
IM.NVAR.FB,2026,25
IM.NVAR.FB,2026,26
IM.NVAR.FB,2026,27
IM.NVAR.FB,2026,28
IM.NVAR.FB,2026,29
IM.NVAR.FB,2026,30
IM.NVAR.FB,2026,31
IM.NVAR.FB,2026,32
IM.NVAR.FB,2026,33
IM.NVAR.FB,2026,34
IM.NVAR.FB,2026,35
IM.NVAR.FB,2026,61
IM.NVAR.FB,2026,62
IM.NVAR.FB,2026,63
IM.NVAR.FB,2026,64
IM.NVAR.FB,2026,65
IM.NVAR.FB,2026,66
IM.NVAR.FB,2026,67
IM.NVAR.FB,2026,68
IM.NVAR.FB,2026,69
IM.NVAR.FB,2026,70
IM.NVAR.FB,2026,71
IM.NVAR.FB,2026,72
IM.NVAR.FB,2026,73
IM.NVAR.FB,2026,74
IM.NVAR.FB,2026,75
IM.NVAR.FB,2026,76
IM.NVAR.FB,2026,77
IM.NVAR.FB,2026,78
IM.NVAR.FB,2026,81
IM.NVAR.FB,2026,82
IM.NVAR.FB,2026,83
IM.NVAR.FB,2026,84
IM.NVAR.FB,2026,85
IM.NVAR.FB,2026,86
IM.NVAR.FB,2026,87
IM.NVAR.FB,2026,88
IM.NVAR.FB,2026,89
IM.NVAR.FB,2026,101
IM.NVAR.FB,2026,161
IM.NVAR.FB,2026,162
IM.NVAR.FB,2026,163
IM.NVAR.FB,2026,164
IM.NVAR.FB,2026,165
IM.NVAR.FB,2026,166
IM.NVAR.FB,2026,167
IM.NVAR.FB,2026,168
IM.NVAR.FB,2026,169
IM.NVAR.FB,2026,170
IM.NVAR.FB,2026,171
IM.NVAR.FB,2026,172
IM.NVAR.FB,2026,173
IM.NVAR.FB,2026,174
IM.NVAR.FB,2026,175
IM.NVAR.FB,2026,241
IM.NVAR.FB,2026,242
IM.NVAR.FB,2026,243
IM.PD01.,2026,32
IM.PD01.,2026,33
IM.PD01.,2026,34
IM.PD01.,2026,35
IM.PD01.,2026,61
IM.PD01.,2026,62
IM.PD01.,2026,63
IM.PD01.,2026,81
IM.PD01.,2026,82
IM.PD01.,2026,161
IM.PD01.,2026,162
IM.PD01.,2026,163
IM.PD01.,2026,164
IM.PD01.,2026,165
IM.PD01.,2026,166
IM.PD01.,2026,182
IM.PD01.,2026,213
IM.PD01.,2026,241
IM.PD01.,2026,242
IM.PD02.,2026,32
IM.PD02.,2026,33
IM.PD02.,2026,34
IM.PD02.,2026,35
IM.PD02.,2026,61
IM.PD02.,2026,62
IM.PD02.,2026,63
IM.PD02.,2026,81
IM.PD02.,2026,161
IM.PD02.,2026,162
IM.PD02.,2026,163
IM.PD02.,2026,164
IM.PD02.,2026,165
IM.PD02.,2026,166
IM.PD02.,2026,213
IM.PD02.,2026,241
IM.PD03.,2026,32
IM.PD03.,2026,33
IM.PD03.,2026,34
IM.PD03.,2026,35
IM.PD03.,2026,61
IM.PD03.,2026,62
IM.PD03.,2026,63
IM.PD03.,2026,81
IM.PD03.,2026,161
IM.PD03.,2026,162
IM.PD03.,2026,163
IM.PD03.,2026,164
IM.PD03.,2026,165
IM.PD03.,2026,166
IM.PD03.,2026,213
IM.PD03.,2026,241
IM.PD04.,2026,32
IM.PD04.,2026,33
IM.PD04.,2026,34
IM.PD04.,2026,35
IM.PD04.,2026,61
IM.PD04.,2026,62
IM.PD04.,2026,63
IM.PD04.,2026,81
IM.PD04.,2026,161
IM.PD04.,2026,162
IM.PD04.,2026,163
IM.PD04.,2026,164
IM.PD04.,2026,165
IM.PD04.,2026,166
IM.PD04.,2026,213
IM.PD04.,2026,241
IM.PD05.,2026,32
IM.PD05.,2026,33
IM.PD05.,2026,34
IM.PD05.,2026,35
IM.PD05.,2026,61
IM.PD05.,2026,62
IM.PD05.,2026,63
IM.PD05.,2026,81
IM.PD05.,2026,161
IM.PD05.,2026,162
IM.PD05.,2026,163
IM.PD05.,2026,164
IM.PD05.,2026,165
IM.PD05.,2026,166
IM.PD05.,2026,213
IM.PD05.,2026,241
IM.PD06.,2026,32
IM.PD06.,2026,33
IM.PD06.,2026,34
IM.PD06.,2026,35
IM.PD06.,2026,61
IM.PD06.,2026,62
IM.PD06.,2026,63
IM.PD06.,2026,81
IM.PD06.,2026,161
IM.PD06.,2026,162
IM.PD06.,2026,163
IM.PD06.,2026,164
IM.PD06.,2026,165
IM.PD06.,2026,166
IM.PD06.,2026,213
IM.PD06.,2026,241
IM.PD07.,2026,32
IM.PD07.,2026,33
IM.PD07.,2026,34
IM.PD07.,2026,35
IM.PD07.,2026,61
IM.PD07.,2026,62
IM.PD07.,2026,63
IM.PD07.,2026,81
IM.PD07.,2026,161
IM.PD07.,2026,162
IM.PD07.,2026,163
IM.PD07.,2026,164
IM.PD07.,2026,165
IM.PD07.,2026,166
IM.PD07.,2026,213
IM.PD07.,2026,241
IM.PD08.,2026,32
IM.PD08.,2026,33
IM.PD08.,2026,34
IM.PD08.,2026,35
IM.PD08.,2026,61
IM.PD08.,2026,62
IM.PD08.,2026,63
IM.PD08.,2026,81
IM.PD08.,2026,161
IM.PD08.,2026,162
IM.PD08.,2026,163
IM.PD08.,2026,164
IM.PD08.,2026,165
IM.PD08.,2026,166
IM.PD08.,2026,213
IM.PD08.,2026,241
IM.PD09.,2026,32
IM.PD09.,2026,33
IM.PD09.,2026,34
IM.PD09.,2026,35
IM.PD09.,2026,61
IM.PD09.,2026,62
IM.PD09.,2026,63
IM.PD09.,2026,72
IM.PD09.,2026,81
IM.PD09.,2026,161
IM.PD09.,2026,162
IM.PD09.,2026,163
IM.PD09.,2026,164
IM.PD09.,2026,165
IM.PD09.,2026,166
IM.PD09.,2026,213
IM.PD09.,2026,241
IM.PD10.,2026,32
IM.PD10.,2026,33
IM.PD10.,2026,34
IM.PD10.,2026,35
IM.PD10.,2026,61
IM.PD10.,2026,62
IM.PD10.,2026,63
IM.PD10.,2026,81
IM.PD10.,2026,161
IM.PD10.,2026,162
IM.PD10.,2026,163
IM.PD10.,2026,164
IM.PD10.,2026,165
IM.PD10.,2026,166
IM.PD10.,2026,213
IM.PD10.,2026,241
IM.PD11.,2026,32
IM.PD11.,2026,33
IM.PD11.,2026,34
IM.PD11.,2026,35
IM.PD11.,2026,61
IM.PD11.,2026,62
IM.PD11.,2026,63
IM.PD11.,2026,81
IM.PD11.,2026,161
IM.PD11.,2026,162
IM.PD11.,2026,163
IM.PD11.,2026,164
IM.PD11.,2026,165
IM.PD11.,2026,166
IM.PD11.,2026,213
IM.PD11.,2026,241
IM.PD12.,2026,32
IM.PD12.,2026,33
IM.PD12.,2026,34
IM.PD12.,2026,35
IM.PD12.,2026,61
IM.PD12.,2026,62
IM.PD12.,2026,63
IM.PD12.,2026,81
IM.PD12.,2026,161
IM.PD12.,2026,162
IM.PD12.,2026,163
IM.PD12.,2026,164
IM.PD12.,2026,165
IM.PD12.,2026,166
IM.PD12.,2026,213
IM.PD12.,2026,241
IM.PD13.,2026,32
IM.PD13.,2026,33
IM.PD13.,2026,34
IM.PD13.,2026,35
IM.PD13.,2026,61
IM.PD13.,2026,62
IM.PD13.,2026,63
IM.PD13.,2026,81
IM.PD13.,2026,161
IM.PD13.,2026,162
IM.PD13.,2026,163
IM.PD13.,2026,164
IM.PD13.,2026,165
IM.PD13.,2026,166
IM.PD13.,2026,213
IM.PD13.,2026,241
IM.PD31.,2026,32
IM.PD31.,2026,33
IM.PD31.,2026,34
IM.PD31.,2026,35
IM.PD31.,2026,61
IM.PD31.,2026,62
IM.PD31.,2026,63
IM.PD31.,2026,81
IM.PD31.,2026,161
IM.PD31.,2026,162
IM.PD31.,2026,163
IM.PD31.,2026,164
IM.PD31.,2026,165
IM.PD31.,2026,213
IM.PD31.,2026,241
IM.PD32.,2026,32
IM.PD32.,2026,33
IM.PD32.,2026,34
IM.PD32.,2026,61
IM.PD32.,2026,62
IM.PD32.,2026,81
IM.PD32.,2026,161
IM.PD32.,2026,162
IM.PD32.,2026,163
IM.PD32.,2026,164
IM.PD32.,2026,165
IM.PD32.,2026,213
IM.PD32.,2026,241
IM.PDAR.F0,2026,21
IM.PDAR.F0,2026,22
IM.PDAR.F0,2026,23
IM.PDAR.F0,2026,24
IM.PDAR.F0,2026,25
IM.PDAR.F0,2026,26
IM.PDAR.F0,2026,27
IM.PDAR.F0,2026,28
IM.PDAR.F0,2026,29
IM.PDAR.F0,2026,30
IM.PDAR.F0,2026,31
IM.PDAR.F0,2026,32
IM.PDAR.F0,2026,33
IM.PDAR.F0,2026,34
IM.PDAR.F0,2026,35
IM.PDAR.F0,2026,61
IM.PDAR.F0,2026,62
IM.PDAR.F0,2026,63
IM.PDAR.F0,2026,64
IM.PDAR.F0,2026,65
IM.PDAR.F0,2026,66
IM.PDAR.F0,2026,67
IM.PDAR.F0,2026,68
IM.PDAR.F0,2026,69
IM.PDAR.F0,2026,70
IM.PDAR.F0,2026,71
IM.PDAR.F0,2026,72
IM.PDAR.F0,2026,73
IM.PDAR.F0,2026,74
IM.PDAR.F0,2026,75
IM.PDAR.F0,2026,76
IM.PDAR.F0,2026,77
IM.PDAR.F0,2026,78
IM.PDAR.F0,2026,81
IM.PDAR.F0,2026,82
IM.PDAR.F0,2026,83
IM.PDAR.F0,2026,84
IM.PDAR.F0,2026,85
IM.PDAR.F0,2026,86
IM.PDAR.F0,2026,87
IM.PDAR.F0,2026,88
IM.PDAR.F0,2026,89
IM.PDAR.F0,2026,101
IM.PDAR.F0,2026,161
IM.PDAR.F0,2026,162
IM.PDAR.F0,2026,163
IM.PDAR.F0,2026,164
IM.PDAR.F0,2026,165
IM.PDAR.F0,2026,166
IM.PDAR.F0,2026,167
IM.PDAR.F0,2026,168
IM.PDAR.F0,2026,169
IM.PDAR.F0,2026,170
IM.PDAR.F0,2026,171
IM.PDAR.F0,2026,172
IM.PDAR.F0,2026,173
IM.PDAR.F0,2026,174
IM.PDAR.F0,2026,175
IM.PDAR.F0,2026,241
IM.PDAR.F0,2026,242
IM.PDAR.F0,2026,243
IM.PDAR.FB,2026,21
IM.PDAR.FB,2026,22
IM.PDAR.FB,2026,23
IM.PDAR.FB,2026,24
IM.PDAR.FB,2026,25
IM.PDAR.FB,2026,26
IM.PDAR.FB,2026,27
IM.PDAR.FB,2026,28
IM.PDAR.FB,2026,29
IM.PDAR.FB,2026,30
IM.PDAR.FB,2026,31
IM.PDAR.FB,2026,32
IM.PDAR.FB,2026,33
IM.PDAR.FB,2026,34
IM.PDAR.FB,2026,35
IM.PDAR.FB,2026,61
IM.PDAR.FB,2026,62
IM.PDAR.FB,2026,63
IM.PDAR.FB,2026,64
IM.PDAR.FB,2026,65
IM.PDAR.FB,2026,66
IM.PDAR.FB,2026,67
IM.PDAR.FB,2026,68
IM.PDAR.FB,2026,69
IM.PDAR.FB,2026,70
IM.PDAR.FB,2026,71
IM.PDAR.FB,2026,72
IM.PDAR.FB,2026,73
IM.PDAR.FB,2026,74
IM.PDAR.FB,2026,75
IM.PDAR.FB,2026,76
IM.PDAR.FB,2026,77
IM.PDAR.FB,2026,78
IM.PDAR.FB,2026,81
IM.PDAR.FB,2026,82
IM.PDAR.FB,2026,83
IM.PDAR.FB,2026,84
IM.PDAR.FB,2026,85
IM.PDAR.FB,2026,86
IM.PDAR.FB,2026,87
IM.PDAR.FB,2026,88
IM.PDAR.FB,2026,89
IM.PDAR.FB,2026,101
IM.PDAR.FB,2026,161
IM.PDAR.FB,2026,162
IM.PDAR.FB,2026,163
IM.PDAR.FB,2026,164
IM.PDAR.FB,2026,165
IM.PDAR.FB,2026,166
IM.PDAR.FB,2026,167
IM.PDAR.FB,2026,168
IM.PDAR.FB,2026,169
IM.PDAR.FB,2026,170
IM.PDAR.FB,2026,171
IM.PDAR.FB,2026,172
IM.PDAR.FB,2026,173
IM.PDAR.FB,2026,174
IM.PDAR.FB,2026,175
IM.PDAR.FB,2026,241
IM.PDAR.FB,2026,242
IM.PDAR.FB,2026,243
IW.FLWY.00,2026,1
IW.FLWY.00,2026,2
IW.FLWY.00,2026,3
IW.FLWY.00,2026,4
IW.FLWY.20,2026,1
IW.FLWY.20,2026,2
IW.FLWY.20,2026,3
IW.IMW.00,2026,1
IW.IMW.00,2026,2
IW.IMW.00,2026,3
IW.IMW.20,2026,1
IW.IMW.20,2026,2
IW.IMW.20,2026,3
IW.LOHW.00,2026,1
IW.LOHW.00,2026,2
IW.LOHW.00,2026,3
IW.LOHW.20,2026,1
IW.LOHW.20,2026,2
IW.LOHW.20,2026,3
IW.MFID.00,2026,1
IW.MFID.00,2026,2
IW.MFID.00,2026,3
IW.MOOW.00,2026,1
IW.MOOW.00,2026,2
IW.MOOW.00,2026,3
IW.MOOW.20,2026,1
IW.MOOW.20,2026,2
IW.MOOW.20,2026,3
IW.PLID.00,2026,1
IW.PLID.00,2026,2
IW.PLID.00,2026,3
IW.SNOW.00,2026,1
IW.SNOW.00,2026,2
IW.SNOW.00,2026,3
IW.SNOW.20,2026,1
IW.SNOW.20,2026,2
IW.SNOW.20,2026,3
IW.TPAW.00,2026,1
IW.TPAW.00,2026,2
IW.TPAW.00,2026,3
NC.BCGB.01,2026,1
NC.BCGB.01,2026,2
NC.BCGB.01,2026,3
NC.BCGB.01,2026,4
NC.BCGB.01,2026,213
NC.BCGB.01,2026,214
NC.BCGB.20,2026,1
NC.BCGB.20,2026,2
NC.BCGB.20,2026,3
NC.BCGB.20,2026,4
NC.BCGB.20,2026,5
NC.BCGB.20,2026,6
NC.BCGB.20,2026,7
NC.BCGB.20,2026,8
NC.BCGB.20,2026,9
NC.BCGB.20,2026,10
NC.BCGB.20,2026,11
NC.BCGB.20,2026,12
NC.BCGB.20,2026,13
NC.BCGB.20,2026,14
NC.BCGB.20,2026,15
NC.BCGB.20,2026,16
NC.BCGB.20,2026,17
NC.BCGB.20,2026,201
NC.BCGB.20,2026,202
NC.BCGB.20,2026,203
NC.BCGB.20,2026,204
NC.BCGB.20,2026,205
NC.BCGB.20,2026,206
NC.BCGB.20,2026,207
NC.BCGB.20,2026,208
NC.BCGB.20,2026,209
NC.BCGB.20,2026,210
NC.BCGB.20,2026,211
NC.BCGB.20,2026,212
NC.BCGB.20,2026,213
NC.BCGB.20,2026,214
NC.BCGB.20,2026,215
NC.BCGB.20,2026,216
NC.BCGB.20,2026,217
NC.BCWB.01,2026,1
NC.BCWB.01,2026,2
NC.BCWB.01,2026,3
NC.BCWB.01,2026,4
NC.BCWB.01,2026,213
NC.BCWB.01,2026,214
NC.BCWB.20,2026,1
NC.BCWB.20,2026,2
NC.BCWB.20,2026,3
NC.BCWB.20,2026,4
NC.BCWB.20,2026,5
NC.BCWB.20,2026,6
NC.BCWB.20,2026,7
NC.BCWB.20,2026,8
NC.BCWB.20,2026,9
NC.BCWB.20,2026,10
NC.BCWB.20,2026,11
NC.BCWB.20,2026,12
NC.BCWB.20,2026,13
NC.BCWB.20,2026,14
NC.BCWB.20,2026,15
NC.BCWB.20,2026,16
NC.BCWB.20,2026,17
NC.BCWB.20,2026,201
NC.BCWB.20,2026,202
NC.BCWB.20,2026,203
NC.BCWB.20,2026,204
NC.BCWB.20,2026,205
NC.BCWB.20,2026,206
NC.BCWB.20,2026,207
NC.BCWB.20,2026,208
NC.BCWB.20,2026,209
NC.BCWB.20,2026,210
NC.BCWB.20,2026,211
NC.BCWB.20,2026,212
NC.BCWB.20,2026,213
NC.BCWB.20,2026,214
NC.BCWB.20,2026,215
NC.BCWB.20,2026,216
NC.BCWB.20,2026,217
NC.BHW.01,2026,1
NC.BHW.01,2026,2
NC.BHW.01,2026,3
NC.BHW.01,2026,4
NC.BHW.01,2026,213
NC.BHW.01,2026,214
NC.BHW.20,2026,1
NC.BHW.20,2026,2
NC.BHW.20,2026,3
NC.BHW.20,2026,4
NC.BHW.20,2026,5
NC.BHW.20,2026,6
NC.BHW.20,2026,7
NC.BHW.20,2026,8
NC.BHW.20,2026,9
NC.BHW.20,2026,10
NC.BHW.20,2026,11
NC.BHW.20,2026,12
NC.BHW.20,2026,13
NC.BHW.20,2026,14
NC.BHW.20,2026,15
NC.BHW.20,2026,16
NC.BHW.20,2026,17
NC.BHW.20,2026,201
NC.BHW.20,2026,202
NC.BHW.20,2026,203
NC.BHW.20,2026,204
NC.BHW.20,2026,205
NC.BHW.20,2026,206
NC.BHW.20,2026,207
NC.BHW.20,2026,208
NC.BHW.20,2026,209
NC.BHW.20,2026,210
NC.BHW.20,2026,211
NC.BHW.20,2026,212
NC.BHW.20,2026,213
NC.BHW.20,2026,214
NC.BHW.20,2026,215
NC.BHW.20,2026,216
NC.BHW.20,2026,217
NC.BJC.,2026,1
NC.BJC.,2026,2
NC.BJC.,2026,3
NC.BJC.,2026,4
NC.BJC.,2026,5
NC.BJC.,2026,6
NC.BJC.,2026,7
NC.BJC.,2026,8
NC.BJC.,2026,9
NC.BJC.,2026,10
NC.BJC.,2026,11
NC.BJC.,2026,12
NC.BJC.,2026,13
NC.BJC.,2026,14
NC.BJC.,2026,15
NC.BJC.,2026,16
NC.BJC.,2026,17
NC.BJC.,2026,201
NC.BJC.,2026,202
NC.BJC.,2026,203
NC.BJC.,2026,204
NC.BJC.,2026,205
NC.BJC.,2026,206
NC.BJC.,2026,207
NC.BJC.,2026,208
NC.BJC.,2026,209
NC.BJC.,2026,210
NC.BJC.,2026,211
NC.BJC.,2026,212
NC.BJC.,2026,213
NC.BJC.,2026,214
NC.BJC.,2026,215
NC.BJC.,2026,216
NC.BJC.,2026,217
NC.BJC.01,2026,1
NC.BJC.01,2026,2
NC.BJC.01,2026,3
NC.BJC.01,2026,4
NC.BJC.01,2026,5
NC.BJC.01,2026,6
NC.BJC.01,2026,7
NC.BJC.01,2026,8
NC.BJC.01,2026,9
NC.BJC.01,2026,10
NC.BJC.01,2026,11
NC.BJC.01,2026,12
NC.BJC.01,2026,13
NC.BJC.01,2026,14
NC.BJC.01,2026,15
NC.BJC.01,2026,16
NC.BJC.01,2026,17
NC.BJC.01,2026,201
NC.BJC.01,2026,202
NC.BJC.01,2026,203
NC.BJC.01,2026,204
NC.BJC.01,2026,205
NC.BJC.01,2026,206
NC.BJC.01,2026,207
NC.BJC.01,2026,208
NC.BJC.01,2026,209
NC.BJC.01,2026,210
NC.BJC.01,2026,211
NC.BJC.01,2026,212
NC.BJC.01,2026,213
NC.BJC.01,2026,214
NC.BJC.01,2026,215
NC.BJC.01,2026,216
NC.BJC.01,2026,217
NC.BJC.02,2026,1
NC.BJC.02,2026,2
NC.BJC.02,2026,3
NC.BJC.02,2026,4
NC.BJC.02,2026,6
NC.BJC.02,2026,7
NC.BJC.02,2026,11
NC.BJC.02,2026,12
NC.BJC.02,2026,13
NC.BJC.02,2026,14
NC.BJC.02,2026,15
NC.BJC.02,2026,16
NC.BJC.02,2026,17
NC.BJC.02,2026,203
NC.BJC.02,2026,204
NC.BJC.02,2026,206
NC.BJC.02,2026,207
NC.BJC.02,2026,208
NC.BJC.02,2026,209
NC.BJC.02,2026,210
NC.BJC.02,2026,211
NC.BJC.02,2026,212
NC.BJC.02,2026,213
NC.BJC.02,2026,214
NC.BJC.02,2026,215
NC.BJC.02,2026,216
NC.BJC.02,2026,217
NC.BJF.01,2026,1
NC.BJF.01,2026,2
NC.BJF.01,2026,3
NC.BJF.01,2026,213
NC.BJF.20,2026,1
NC.BJF.20,2026,2
NC.BJF.20,2026,3
NC.BJF.20,2026,4
NC.BJF.20,2026,5
NC.BJF.20,2026,6
NC.BJF.20,2026,7
NC.BJF.20,2026,8
NC.BJF.20,2026,9
NC.BJF.20,2026,10
NC.BJF.20,2026,11
NC.BJF.20,2026,12
NC.BJF.20,2026,13
NC.BJF.20,2026,14
NC.BJF.20,2026,15
NC.BJF.20,2026,16
NC.BJF.20,2026,17
NC.BJF.20,2026,201
NC.BJF.20,2026,202
NC.BJF.20,2026,203
NC.BJF.20,2026,204
NC.BJF.20,2026,205
NC.BJF.20,2026,206
NC.BJF.20,2026,207
NC.BJF.20,2026,208
NC.BJF.20,2026,209
NC.BJF.20,2026,210
NC.BJF.20,2026,211
NC.BJF.20,2026,212
NC.BJF.20,2026,213
NC.BJF.20,2026,214
NC.BJF.20,2026,215
NC.BJF.20,2026,216
NC.BJF.20,2026,217
NC.BJOB.,2026,1
NC.BJOB.,2026,2
NC.BJOB.,2026,3
NC.BJOB.,2026,213
NC.BKC.01,2026,1
NC.BKC.01,2026,2
NC.BKC.01,2026,3
NC.BKC.01,2026,4
NC.BKC.01,2026,5
NC.BKC.01,2026,6
NC.BKC.01,2026,7
NC.BKC.01,2026,8
NC.BKC.01,2026,9
NC.BKC.01,2026,10
NC.BKC.01,2026,11
NC.BKC.01,2026,12
NC.BKC.01,2026,13
NC.BKC.01,2026,14
NC.BKC.01,2026,15
NC.BKC.01,2026,213
NC.BKC.20,2026,1
NC.BKC.20,2026,2
NC.BKC.20,2026,3
NC.BKC.20,2026,4
NC.BKC.20,2026,5
NC.BKC.20,2026,6
NC.BKC.20,2026,7
NC.BKC.20,2026,8
NC.BKC.20,2026,9
NC.BKC.20,2026,10
NC.BKC.20,2026,11
NC.BKC.20,2026,12
NC.BKC.20,2026,13
NC.BKC.20,2026,14
NC.BKC.20,2026,15
NC.BKC.20,2026,16
NC.BKC.20,2026,17
NC.BKC.20,2026,201
NC.BKC.20,2026,202
NC.BKC.20,2026,203
NC.BKC.20,2026,204
NC.BKC.20,2026,205
NC.BKC.20,2026,206
NC.BKC.20,2026,207
NC.BKC.20,2026,208
NC.BKC.20,2026,209
NC.BKC.20,2026,210
NC.BKC.20,2026,211
NC.BKC.20,2026,212
NC.BKC.20,2026,213
NC.BKC.20,2026,214
NC.BKC.20,2026,215
NC.BKC.20,2026,216
NC.BKC.20,2026,217
NC.BMS.,2026,1
NC.BMS.,2026,2
NC.BMS.,2026,3
NC.BMS.,2026,4
NC.BMS.,2026,5
NC.BMS.,2026,6
NC.BMS.,2026,7
NC.BMS.,2026,8
NC.BMS.,2026,9
NC.BMS.,2026,10
NC.BMS.,2026,11
NC.BMS.,2026,12
NC.BMS.,2026,13
NC.BMS.,2026,14
NC.BMS.,2026,15
NC.BMS.,2026,16
NC.BMS.,2026,17
NC.BMS.,2026,201
NC.BMS.,2026,202
NC.BMS.,2026,203
NC.BMS.,2026,204
NC.BMS.,2026,205
NC.BMS.,2026,206
NC.BMS.,2026,207
NC.BMS.,2026,208
NC.BMS.,2026,209
NC.BMS.,2026,210
NC.BMS.,2026,211
NC.BMS.,2026,212
NC.BMS.,2026,213
NC.BMS.,2026,214
NC.BMS.,2026,215
NC.BMS.,2026,216
NC.BMS.,2026,217
NC.BMS.01,2026,1
NC.BMS.01,2026,2
NC.BMS.01,2026,3
NC.BMS.01,2026,9
NC.BMS.01,2026,10
NC.BMS.01,2026,213
NC.BMS.20,2026,1
NC.BMS.20,2026,2
NC.BMS.20,2026,3
NC.BMS.20,2026,4
NC.BMS.20,2026,5
NC.BMS.20,2026,6
NC.BMS.20,2026,7
NC.BMS.20,2026,8
NC.BMS.20,2026,9
NC.BMS.20,2026,10
NC.BMS.20,2026,11
NC.BMS.20,2026,12
NC.BMS.20,2026,13
NC.BMS.20,2026,14
NC.BMS.20,2026,15
NC.BMS.20,2026,16
NC.BMS.20,2026,17
NC.BMS.20,2026,201
NC.BMS.20,2026,202
NC.BMS.20,2026,203
NC.BMS.20,2026,204
NC.BMS.20,2026,205
NC.BMS.20,2026,206
NC.BMS.20,2026,207
NC.BMS.20,2026,208
NC.BMS.20,2026,209
NC.BMS.20,2026,210
NC.BMS.20,2026,211
NC.BMS.20,2026,212
NC.BMS.20,2026,213
NC.BMS.20,2026,214
NC.BMS.20,2026,215
NC.BMS.20,2026,216
NC.BMS.20,2026,217
NC.BPA.01,2026,1
NC.BPA.01,2026,2
NC.BPA.01,2026,3
NC.BPA.01,2026,213
NC.BPA.20,2026,1
NC.BPA.20,2026,2
NC.BPA.20,2026,3
NC.BPA.20,2026,4
NC.BPA.20,2026,5
NC.BPA.20,2026,6
NC.BPA.20,2026,7
NC.BPA.20,2026,8
NC.BPA.20,2026,9
NC.BPA.20,2026,10
NC.BPA.20,2026,11
NC.BPA.20,2026,12
NC.BPA.20,2026,13
NC.BPA.20,2026,14
NC.BPA.20,2026,15
NC.BPA.20,2026,16
NC.BPA.20,2026,17
NC.BPA.20,2026,201
NC.BPA.20,2026,202
NC.BPA.20,2026,203
NC.BPA.20,2026,204
NC.BPA.20,2026,205
NC.BPA.20,2026,206
NC.BPA.20,2026,207
NC.BPA.20,2026,208
NC.BPA.20,2026,209
NC.BPA.20,2026,210
NC.BPA.20,2026,211
NC.BPA.20,2026,212
NC.BPA.20,2026,213
NC.BPA.20,2026,214
NC.BPA.20,2026,215
NC.BPA.20,2026,216
NC.BPA.20,2026,217
NC.BPE.01,2026,1
NC.BPE.01,2026,2
NC.BPE.01,2026,3
NC.BPE.01,2026,201
NC.BPE.01,2026,206
NC.BPE.01,2026,207
NC.BPE.01,2026,209
NC.BPE.01,2026,210
NC.BPE.01,2026,211
NC.BPE.01,2026,213
NC.BPE.01,2026,215
NC.BPE.20,2026,1
NC.BPE.20,2026,2
NC.BPE.20,2026,3
NC.BPE.20,2026,4
NC.BPE.20,2026,5
NC.BPE.20,2026,6
NC.BPE.20,2026,7
NC.BPE.20,2026,8
NC.BPE.20,2026,9
NC.BPE.20,2026,10
NC.BPE.20,2026,11
NC.BPE.20,2026,12
NC.BPE.20,2026,13
NC.BPE.20,2026,14
NC.BPE.20,2026,15
NC.BPE.20,2026,16
NC.BPE.20,2026,17
NC.BPE.20,2026,201
NC.BPE.20,2026,202
NC.BPE.20,2026,203
NC.BPE.20,2026,204
NC.BPE.20,2026,205
NC.BPE.20,2026,206
NC.BPE.20,2026,207
NC.BPE.20,2026,208
NC.BPE.20,2026,209
NC.BPE.20,2026,210
NC.BPE.20,2026,211
NC.BPE.20,2026,212
NC.BPE.20,2026,213
NC.BPE.20,2026,214
NC.BPE.20,2026,215
NC.BPE.20,2026,216
NC.BPE.20,2026,217
NC.BPL.01,2026,1
NC.BPL.01,2026,2
NC.BPL.01,2026,3
NC.BPL.01,2026,213
NC.BPL.20,2026,1
NC.BPL.20,2026,2
NC.BPL.20,2026,3
NC.BPL.20,2026,4
NC.BPL.20,2026,5
NC.BPL.20,2026,6
NC.BPL.20,2026,7
NC.BPL.20,2026,8
NC.BPL.20,2026,9
NC.BPL.20,2026,10
NC.BPL.20,2026,11
NC.BPL.20,2026,12
NC.BPL.20,2026,13
NC.BPL.20,2026,14
NC.BPL.20,2026,15
NC.BPL.20,2026,16
NC.BPL.20,2026,17
NC.BPL.20,2026,201
NC.BPL.20,2026,202
NC.BPL.20,2026,203
NC.BPL.20,2026,204
NC.BPL.20,2026,205
NC.BPL.20,2026,206
NC.BPL.20,2026,207
NC.BPL.20,2026,208
NC.BPL.20,2026,209
NC.BPL.20,2026,210
NC.BPL.20,2026,211
NC.BPL.20,2026,212
NC.BPL.20,2026,213
NC.BPL.20,2026,214
NC.BPL.20,2026,215
NC.BPL.20,2026,216
NC.BPL.20,2026,217
NC.BPOB.01,2026,1
NC.BPOB.01,2026,2
NC.BPOB.01,2026,3
NC.BPOB.01,2026,213
NC.CBP.,2026,1
NC.CBP.,2026,2
NC.CBP.,2026,3
NC.CBP.,2026,4
NC.CBP.,2026,5
NC.CBP.,2026,6
NC.CBP.,2026,7
NC.CBP.,2026,8
NC.CBP.,2026,9
NC.CBP.,2026,61
NC.CBP.,2026,62
NC.CBP.,2026,63
NC.CBP.,2026,64
NC.CBP.,2026,65
NC.CBP.,2026,66
NC.CBP.,2026,67
NC.CBP.,2026,68
NC.CBP.,2026,69
NC.CBP.,2026,91
NC.CBP.,2026,92
NC.CBP.,2026,93
NC.CBP.,2026,94
NC.CBP.,2026,152
NC.CBP.,2026,153
NC.CBP.,2026,154
NC.CBP.20,2026,1
NC.CBP.20,2026,2
NC.CBP.20,2026,3
NC.CBP.20,2026,4
NC.CBP.20,2026,5
NC.CBP.20,2026,6
NC.CBP.20,2026,7
NC.CBP.20,2026,8
NC.CBP.20,2026,9
NC.CBP.20,2026,10
NC.CBP.20,2026,11
NC.CBP.20,2026,12
NC.CBP.20,2026,13
NC.CBP.20,2026,14
NC.CBP.20,2026,61
NC.CBP.20,2026,62
NC.CBP.20,2026,63
NC.CBP.20,2026,64
NC.CBP.20,2026,65
NC.CBP.20,2026,66
NC.CBP.20,2026,67
NC.CBP.20,2026,68
NC.CBP.20,2026,69
NC.CBP.20,2026,70
NC.CBP.20,2026,71
NC.CBP.20,2026,72
NC.CBP.20,2026,73
NC.CBP.20,2026,74
NC.CBP.20,2026,81
NC.CBP.20,2026,82
NC.CBP.20,2026,83
NC.CBP.20,2026,84
NC.CBP.20,2026,85
NC.CBP.20,2026,86
NC.CBP.20,2026,87
NC.CBP.20,2026,88
NC.CBP.20,2026,89
NC.CBP.20,2026,90
NC.CBP.20,2026,91
NC.CBP.20,2026,92
NC.CBP.20,2026,93
NC.CBP.20,2026,94
NC.CBP.20,2026,141
NC.CBP.20,2026,142
NC.CBP.20,2026,143
NC.CBP.20,2026,144
NC.CBP.20,2026,145
NC.CBP.20,2026,146
NC.CBP.20,2026,147
NC.CBP.20,2026,148
NC.CBP.20,2026,149
NC.CBP.20,2026,150
NC.CBP.20,2026,151
NC.CBP.20,2026,152
NC.CBP.20,2026,153
NC.CBP.20,2026,154
NC.CBR.,2026,1
NC.CBR.,2026,2
NC.CBR.,2026,3
NC.CBR.,2026,4
NC.CBR.,2026,5
NC.CBR.,2026,6
NC.CBR.,2026,7
NC.CBR.,2026,8
NC.CBR.,2026,9
NC.CBR.,2026,61
NC.CBR.,2026,62
NC.CBR.,2026,63
NC.CBR.,2026,64
NC.CBR.,2026,65
NC.CBR.,2026,66
NC.CBR.,2026,67
NC.CBR.,2026,68
NC.CBR.,2026,69
NC.CBR.,2026,91
NC.CBR.,2026,92
NC.CBR.,2026,93
NC.CBR.,2026,94
NC.CBR.,2026,152
NC.CBR.,2026,153
NC.CBR.,2026,154
NC.CBR.10,2026,1
NC.CBR.10,2026,2
NC.CBR.10,2026,3
NC.CBR.10,2026,4
NC.CBR.10,2026,5
NC.CBR.10,2026,6
NC.CBR.10,2026,7
NC.CBR.10,2026,8
NC.CBR.10,2026,9
NC.CBR.10,2026,10
NC.CBR.10,2026,11
NC.CBR.10,2026,12
NC.CBR.10,2026,13
NC.CBR.10,2026,14
NC.CBR.10,2026,61
NC.CBR.10,2026,62
NC.CBR.10,2026,63
NC.CBR.10,2026,64
NC.CBR.10,2026,65
NC.CBR.10,2026,66
NC.CBR.10,2026,67
NC.CBR.10,2026,68
NC.CBR.10,2026,69
NC.CBR.10,2026,70
NC.CBR.10,2026,71
NC.CBR.10,2026,72
NC.CBR.10,2026,73
NC.CBR.10,2026,74
NC.CBR.10,2026,81
NC.CBR.10,2026,82
NC.CBR.10,2026,83
NC.CBR.10,2026,84
NC.CBR.10,2026,85
NC.CBR.10,2026,86
NC.CBR.10,2026,87
NC.CBR.10,2026,88
NC.CBR.10,2026,89
NC.CBR.10,2026,90
NC.CBR.10,2026,91
NC.CBR.10,2026,92
NC.CBR.10,2026,93
NC.CBR.10,2026,94
NC.CBR.10,2026,141
NC.CBR.10,2026,142
NC.CBR.10,2026,143
NC.CBR.10,2026,144
NC.CBR.10,2026,145
NC.CBR.10,2026,146
NC.CBR.10,2026,147
NC.CBR.10,2026,148
NC.CBR.10,2026,149
NC.CBR.10,2026,150
NC.CBR.10,2026,151
NC.CBR.10,2026,152
NC.CBR.10,2026,153
NC.CBR.10,2026,154
NC.CBR.20,2026,1
NC.CBR.20,2026,2
NC.CBR.20,2026,3
NC.CBR.20,2026,4
NC.CBR.20,2026,5
NC.CBR.20,2026,6
NC.CBR.20,2026,7
NC.CBR.20,2026,8
NC.CBR.20,2026,9
NC.CBR.20,2026,10
NC.CBR.20,2026,11
NC.CBR.20,2026,12
NC.CBR.20,2026,13
NC.CBR.20,2026,14
NC.CBR.20,2026,61
NC.CBR.20,2026,62
NC.CBR.20,2026,63
NC.CBR.20,2026,64
NC.CBR.20,2026,65
NC.CBR.20,2026,66
NC.CBR.20,2026,67
NC.CBR.20,2026,68
NC.CBR.20,2026,69
NC.CBR.20,2026,70
NC.CBR.20,2026,71
NC.CBR.20,2026,72
NC.CBR.20,2026,73
NC.CBR.20,2026,74
NC.CBR.20,2026,81
NC.CBR.20,2026,82
NC.CBR.20,2026,83
NC.CBR.20,2026,84
NC.CBR.20,2026,85
NC.CBR.20,2026,86
NC.CBR.20,2026,87
NC.CBR.20,2026,88
NC.CBR.20,2026,89
NC.CBR.20,2026,90
NC.CBR.20,2026,91
NC.CBR.20,2026,92
NC.CBR.20,2026,93
NC.CBR.20,2026,94
NC.CBR.20,2026,141
NC.CBR.20,2026,142
NC.CBR.20,2026,143
NC.CBR.20,2026,144
NC.CBR.20,2026,145
NC.CBR.20,2026,146
NC.CBR.20,2026,147
NC.CBR.20,2026,148
NC.CBR.20,2026,149
NC.CBR.20,2026,150
NC.CBR.20,2026,151
NC.CBR.20,2026,152
NC.CBR.20,2026,153
NC.CBR.20,2026,154
NC.CBSB.01,2026,1
NC.CBSB.01,2026,2
NC.CBSB.01,2026,3
NC.CBSB.01,2026,4
NC.CBSB.01,2026,5
NC.CBSB.01,2026,6
NC.CBSB.01,2026,7
NC.CBSB.01,2026,8
NC.CBSB.01,2026,9
NC.CBSB.01,2026,61
NC.CBSB.01,2026,62
NC.CBSB.01,2026,63
NC.CBSB.01,2026,64
NC.CBSB.01,2026,65
NC.CBSB.01,2026,66
NC.CBSB.01,2026,67
NC.CBSB.01,2026,68
NC.CBSB.01,2026,69
NC.CBSB.01,2026,91
NC.CBSB.01,2026,92
NC.CBSB.01,2026,93
NC.CBSB.01,2026,94
NC.CBSB.01,2026,145
NC.CBSB.01,2026,152
NC.CBSB.01,2026,153
NC.CBSB.01,2026,154
NC.CBZ.,2026,1
NC.CBZ.,2026,2
NC.CBZ.,2026,3
NC.CBZ.,2026,4
NC.CBZ.,2026,5
NC.CBZ.,2026,6
NC.CBZ.,2026,7
NC.CBZ.,2026,8
NC.CBZ.,2026,9
NC.CBZ.,2026,10
NC.CBZ.,2026,11
NC.CBZ.,2026,12
NC.CBZ.,2026,13
NC.CBZ.,2026,61
NC.CBZ.,2026,62
NC.CBZ.,2026,63
NC.CBZ.,2026,64
NC.CBZ.,2026,65
NC.CBZ.,2026,66
NC.CBZ.,2026,67
NC.CBZ.,2026,68
NC.CBZ.,2026,69
NC.CBZ.,2026,70
NC.CBZ.,2026,71
NC.CBZ.,2026,72
NC.CBZ.,2026,73
NC.CBZ.,2026,81
NC.CBZ.,2026,82
NC.CBZ.,2026,83
NC.CBZ.,2026,84
NC.CBZ.,2026,85
NC.CBZ.,2026,86
NC.CBZ.,2026,87
NC.CBZ.,2026,88
NC.CBZ.,2026,89
NC.CBZ.,2026,91
NC.CBZ.,2026,92
NC.CBZ.,2026,93
NC.CBZ.,2026,141
NC.CBZ.,2026,142
NC.CBZ.,2026,144
NC.CBZ.,2026,145
NC.CBZ.,2026,146
NC.CBZ.,2026,147
NC.CBZ.,2026,150
NC.CBZ.,2026,151
NC.CBZ.,2026,152
NC.CBZ.,2026,153
NC.CCOB.,2026,1
NC.CCOB.,2026,2
NC.CCOB.,2026,3
NC.CCOB.,2026,4
NC.CCOB.,2026,5
NC.CCOB.,2026,6
NC.CCOB.,2026,7
NC.CCOB.,2026,8
NC.CCOB.,2026,9
NC.CCOB.,2026,61
NC.CCOB.,2026,62
NC.CCOB.,2026,63
NC.CCOB.,2026,64
NC.CCOB.,2026,65
NC.CCOB.,2026,66
NC.CCOB.,2026,67
NC.CCOB.,2026,68
NC.CCOB.,2026,69
NC.CCOB.,2026,91
NC.CCOB.,2026,92
NC.CCOB.,2026,93
NC.CCOB.,2026,152
NC.CCOB.,2026,153
NC.CDG.01,2026,1
NC.CDG.01,2026,2
NC.CDG.01,2026,3
NC.CDG.01,2026,4
NC.CDG.01,2026,5
NC.CDG.01,2026,6
NC.CDG.01,2026,7
NC.CDG.01,2026,8
NC.CDG.01,2026,9
NC.CDG.01,2026,61
NC.CDG.01,2026,62
NC.CDG.01,2026,63
NC.CDG.01,2026,64
NC.CDG.01,2026,65
NC.CDG.01,2026,66
NC.CDG.01,2026,67
NC.CDG.01,2026,68
NC.CDG.01,2026,69
NC.CDG.01,2026,91
NC.CDG.01,2026,92
NC.CDG.01,2026,93
NC.CDG.01,2026,152
NC.CDG.01,2026,153
NC.CDOB.,2026,1
NC.CDOB.,2026,2
NC.CDOB.,2026,3
NC.CDOB.,2026,4
NC.CDOB.,2026,5
NC.CDOB.,2026,6
NC.CDOB.,2026,7
NC.CDOB.,2026,8
NC.CDOB.,2026,9
NC.CDOB.,2026,10
NC.CDOB.,2026,11
NC.CDOB.,2026,12
NC.CDOB.,2026,13
NC.CDOB.,2026,14
NC.CDOB.,2026,61
NC.CDOB.,2026,62
NC.CDOB.,2026,63
NC.CDOB.,2026,64
NC.CDOB.,2026,65
NC.CDOB.,2026,66
NC.CDOB.,2026,67
NC.CDOB.,2026,68
NC.CDOB.,2026,69
NC.CDOB.,2026,70
NC.CDOB.,2026,71
NC.CDOB.,2026,72
NC.CDOB.,2026,73
NC.CDOB.,2026,74
NC.CDOB.,2026,81
NC.CDOB.,2026,82
NC.CDOB.,2026,83
NC.CDOB.,2026,84
NC.CDOB.,2026,85
NC.CDOB.,2026,86
NC.CDOB.,2026,87
NC.CDOB.,2026,88
NC.CDOB.,2026,89
NC.CDOB.,2026,90
NC.CDOB.,2026,91
NC.CDOB.,2026,92
NC.CDOB.,2026,93
NC.CDOB.,2026,94
NC.CDOB.,2026,141
NC.CDOB.,2026,142
NC.CDOB.,2026,143
NC.CDOB.,2026,144
NC.CDOB.,2026,145
NC.CDOB.,2026,146
NC.CDOB.,2026,147
NC.CDOB.,2026,148
NC.CDOB.,2026,149
NC.CDOB.,2026,150
NC.CDOB.,2026,151
NC.CDOB.,2026,152
NC.CDOB.,2026,153
NC.CDOB.,2026,154
NC.CGP.,2026,1
NC.CGP.,2026,2
NC.CGP.,2026,3
NC.CGP.,2026,4
NC.CGP.,2026,5
NC.CGP.,2026,6
NC.CGP.,2026,7
NC.CGP.,2026,8
NC.CGP.,2026,9
NC.CGP.,2026,10
NC.CGP.,2026,11
NC.CGP.,2026,12
NC.CGP.,2026,13
NC.CGP.,2026,14
NC.CGP.,2026,61
NC.CGP.,2026,62
NC.CGP.,2026,63
NC.CGP.,2026,64
NC.CGP.,2026,65
NC.CGP.,2026,66
NC.CGP.,2026,67
NC.CGP.,2026,68
NC.CGP.,2026,69
NC.CGP.,2026,70
NC.CGP.,2026,71
NC.CGP.,2026,72
NC.CGP.,2026,73
NC.CGP.,2026,74
NC.CGP.,2026,81
NC.CGP.,2026,82
NC.CGP.,2026,83
NC.CGP.,2026,84
NC.CGP.,2026,85
NC.CGP.,2026,86
NC.CGP.,2026,87
NC.CGP.,2026,88
NC.CGP.,2026,89
NC.CGP.,2026,90
NC.CGP.,2026,91
NC.CGP.,2026,92
NC.CGP.,2026,93
NC.CGP.,2026,94
NC.CGP.,2026,141
NC.CGP.,2026,142
NC.CGP.,2026,143
NC.CGP.,2026,144
NC.CGP.,2026,145
NC.CGP.,2026,146
NC.CGP.,2026,147
NC.CGP.,2026,148
NC.CGP.,2026,149
NC.CGP.,2026,150
NC.CGP.,2026,151
NC.CGP.,2026,152
NC.CGP.,2026,153
NC.CGP.,2026,154
NC.CGP1.,2026,1
NC.CGP1.,2026,2
NC.CGP1.,2026,3
NC.CGP1.,2026,4
NC.CGP1.,2026,5
NC.CGP1.,2026,6
NC.CGP1.,2026,7
NC.CGP1.,2026,8
NC.CGP1.,2026,9
NC.CGP1.,2026,61
NC.CGP1.,2026,62
NC.CGP1.,2026,63
NC.CGP1.,2026,64
NC.CGP1.,2026,65
NC.CGP1.,2026,66
NC.CGP1.,2026,67
NC.CGP1.,2026,68
NC.CGP1.,2026,69
NC.CGP1.,2026,91
NC.CGP1.,2026,92
NC.CGP1.,2026,93
NC.CGP1.,2026,149
NC.CGP1.,2026,152
NC.CGP1.,2026,153
NC.CLCB.,2026,1
NC.CLCB.,2026,2
NC.CLCB.,2026,3
NC.CLCB.,2026,4
NC.CLCB.,2026,5
NC.CLCB.,2026,6
NC.CLCB.,2026,7
NC.CLCB.,2026,8
NC.CLCB.,2026,9
NC.CLCB.,2026,61
NC.CLCB.,2026,62
NC.CLCB.,2026,63
NC.CLCB.,2026,64
NC.CLCB.,2026,65
NC.CLCB.,2026,66
NC.CLCB.,2026,67
NC.CLCB.,2026,68
NC.CLCB.,2026,69
NC.CLCB.,2026,91
NC.CLCB.,2026,92
NC.CLCB.,2026,93
NC.CLCB.,2026,152
NC.CLCB.,2026,153
NC.CLCB.20,2026,1
NC.CLCB.20,2026,2
NC.CLCB.20,2026,3
NC.CLCB.20,2026,4
NC.CLCB.20,2026,5
NC.CLCB.20,2026,6
NC.CLCB.20,2026,7
NC.CLCB.20,2026,8
NC.CLCB.20,2026,9
NC.CLCB.20,2026,10
NC.CLCB.20,2026,11
NC.CLCB.20,2026,12
NC.CLCB.20,2026,13
NC.CLCB.20,2026,14
NC.CLCB.20,2026,61
NC.CLCB.20,2026,62
NC.CLCB.20,2026,63
NC.CLCB.20,2026,64
NC.CLCB.20,2026,65
NC.CLCB.20,2026,66
NC.CLCB.20,2026,67
NC.CLCB.20,2026,68
NC.CLCB.20,2026,69
NC.CLCB.20,2026,70
NC.CLCB.20,2026,71
NC.CLCB.20,2026,72
NC.CLCB.20,2026,73
NC.CLCB.20,2026,74
NC.CLCB.20,2026,81
NC.CLCB.20,2026,82
NC.CLCB.20,2026,83
NC.CLCB.20,2026,84
NC.CLCB.20,2026,85
NC.CLCB.20,2026,86
NC.CLCB.20,2026,87
NC.CLCB.20,2026,88
NC.CLCB.20,2026,89
NC.CLCB.20,2026,90
NC.CLCB.20,2026,91
NC.CLCB.20,2026,92
NC.CLCB.20,2026,93
NC.CLCB.20,2026,94
NC.CLCB.20,2026,141
NC.CLCB.20,2026,142
NC.CLCB.20,2026,143
NC.CLCB.20,2026,144
NC.CLCB.20,2026,145
NC.CLCB.20,2026,146
NC.CLCB.20,2026,147
NC.CLCB.20,2026,148
NC.CLCB.20,2026,149
NC.CLCB.20,2026,150
NC.CLCB.20,2026,151
NC.CLCB.20,2026,152
NC.CLCB.20,2026,153
NC.CLCB.20,2026,154
NC.CMC.,2026,1
NC.CMC.,2026,2
NC.CMC.,2026,3
NC.CMC.,2026,4
NC.CMC.,2026,5
NC.CMC.,2026,6
NC.CMC.,2026,7
NC.CMC.,2026,8
NC.CMC.,2026,9
NC.CMC.,2026,10
NC.CMC.,2026,11
NC.CMC.,2026,12
NC.CMC.,2026,13
NC.CMC.,2026,14
NC.CMC.,2026,61
NC.CMC.,2026,62
NC.CMC.,2026,63
NC.CMC.,2026,64
NC.CMC.,2026,65
NC.CMC.,2026,66
NC.CMC.,2026,67
NC.CMC.,2026,68
NC.CMC.,2026,69
NC.CMC.,2026,70
NC.CMC.,2026,71
NC.CMC.,2026,72
NC.CMC.,2026,73
NC.CMC.,2026,74
NC.CMC.,2026,81
NC.CMC.,2026,82
NC.CMC.,2026,83
NC.CMC.,2026,84
NC.CMC.,2026,85
NC.CMC.,2026,86
NC.CMC.,2026,87
NC.CMC.,2026,88
NC.CMC.,2026,89
NC.CMC.,2026,90
NC.CMC.,2026,91
NC.CMC.,2026,92
NC.CMC.,2026,93
NC.CMC.,2026,94
NC.CMC.,2026,141
NC.CMC.,2026,142
NC.CMC.,2026,143
NC.CMC.,2026,144
NC.CMC.,2026,145
NC.CMC.,2026,146
NC.CMC.,2026,147
NC.CMC.,2026,148
NC.CMC.,2026,149
NC.CMC.,2026,150
NC.CMC.,2026,151
NC.CMC.,2026,152
NC.CMC.,2026,153
NC.CMC.,2026,154
NC.CMC.02,2026,1
NC.CMC.02,2026,2
NC.CMC.02,2026,3
NC.CMC.02,2026,4
NC.CMC.02,2026,5
NC.CMC.02,2026,6
NC.CMC.02,2026,7
NC.CMC.02,2026,8
NC.CMC.02,2026,61
NC.CMC.02,2026,62
NC.CMC.02,2026,63
NC.CMC.02,2026,64
NC.CMC.02,2026,65
NC.CMC.02,2026,66
NC.CMC.02,2026,67
NC.CMC.02,2026,68
NC.CMC.02,2026,91
NC.CMC.02,2026,92
NC.CMC.02,2026,93
NC.CMC.02,2026,152
NC.CMC.02,2026,153
NC.CMC.20,2026,1
NC.CMC.20,2026,2
NC.CMC.20,2026,3
NC.CMC.20,2026,4
NC.CMC.20,2026,5
NC.CMC.20,2026,6
NC.CMC.20,2026,7
NC.CMC.20,2026,8
NC.CMC.20,2026,9
NC.CMC.20,2026,10
NC.CMC.20,2026,11
NC.CMC.20,2026,12
NC.CMC.20,2026,13
NC.CMC.20,2026,14
NC.CMC.20,2026,61
NC.CMC.20,2026,62
NC.CMC.20,2026,63
NC.CMC.20,2026,64
NC.CMC.20,2026,65
NC.CMC.20,2026,66
NC.CMC.20,2026,67
NC.CMC.20,2026,68
NC.CMC.20,2026,69
NC.CMC.20,2026,70
NC.CMC.20,2026,71
NC.CMC.20,2026,72
NC.CMC.20,2026,73
NC.CMC.20,2026,74
NC.CMC.20,2026,81
NC.CMC.20,2026,82
NC.CMC.20,2026,83
NC.CMC.20,2026,84
NC.CMC.20,2026,85
NC.CMC.20,2026,86
NC.CMC.20,2026,87
NC.CMC.20,2026,88
NC.CMC.20,2026,89
NC.CMC.20,2026,90
NC.CMC.20,2026,91
NC.CMC.20,2026,92
NC.CMC.20,2026,93
NC.CMC.20,2026,94
NC.CMC.20,2026,141
NC.CMC.20,2026,142
NC.CMC.20,2026,143
NC.CMC.20,2026,144
NC.CMC.20,2026,145
NC.CMC.20,2026,146
NC.CMC.20,2026,147
NC.CMC.20,2026,148
NC.CMC.20,2026,149
NC.CMC.20,2026,150
NC.CMC.20,2026,151
NC.CMC.20,2026,152
NC.CMC.20,2026,153
NC.CMC.20,2026,154
NC.CML.,2026,141
NC.CML.,2026,142
NC.CML.,2026,143
NC.CML.,2026,144
NC.CML.,2026,145
NC.CML.,2026,146
NC.CML.,2026,147
NC.CML.,2026,148
NC.CML.,2026,149
NC.CML.,2026,201
NC.CML.,2026,202
NC.CML.,2026,203
NC.CML.,2026,204
NC.CML.,2026,205
NC.CML.,2026,206
NC.CML.,2026,207
NC.CML.,2026,208
NC.CML.,2026,209
NC.CML.01,2026,141
NC.CML.01,2026,142
NC.CML.01,2026,143
NC.CML.01,2026,144
NC.CML.01,2026,145
NC.CML.01,2026,201
NC.CML.01,2026,202
NC.CML.01,2026,203
NC.CML.01,2026,204
NC.CML.20,2026,141
NC.CML.20,2026,142
NC.CML.20,2026,143
NC.CML.20,2026,144
NC.CML.20,2026,145
NC.CML.20,2026,146
NC.CML.20,2026,147
NC.CML.20,2026,148
NC.CML.20,2026,149
NC.CML.20,2026,201
NC.CML.20,2026,202
NC.CML.20,2026,203
NC.CML.20,2026,204
NC.CML.20,2026,205
NC.CML.20,2026,206
NC.CML.20,2026,207
NC.CML.20,2026,208
NC.CML.20,2026,209
NC.CMLP.,2026,141
NC.CMLP.,2026,142
NC.CMLP.,2026,143
NC.CMLP.,2026,144
NC.CMLP.,2026,145
NC.CMLP.,2026,201
NC.CMLP.,2026,202
NC.CMLP.,2026,203
NC.CMLP.,2026,204
NC.CMM.,2026,141
NC.CMM.,2026,142
NC.CMM.,2026,143
NC.CMM.,2026,144
NC.CMM.,2026,145
NC.CMM.,2026,201
NC.CMM.,2026,202
NC.CMM.,2026,203
NC.CMM.,2026,204
NC.CMM.20,2026,141
NC.CMM.20,2026,142
NC.CMM.20,2026,143
NC.CMM.20,2026,144
NC.CMM.20,2026,145
NC.CMM.20,2026,146
NC.CMM.20,2026,147
NC.CMM.20,2026,148
NC.CMM.20,2026,149
NC.CMM.20,2026,201
NC.CMM.20,2026,202
NC.CMM.20,2026,203
NC.CMM.20,2026,204
NC.CMM.20,2026,205
NC.CMM.20,2026,206
NC.CMM.20,2026,207
NC.CMM.20,2026,208
NC.CMM.20,2026,209
NC.CMOB.,2026,141
NC.CMOB.,2026,142
NC.CMOB.,2026,143
NC.CMOB.,2026,144
NC.CMOB.,2026,145
NC.CMOB.,2026,201
NC.CMOB.,2026,202
NC.CMOB.,2026,203
NC.CMOB.,2026,204
NC.CMOB.20,2026,141
NC.CMOB.20,2026,142
NC.CMOB.20,2026,143
NC.CMOB.20,2026,144
NC.CMOB.20,2026,145
NC.CMOB.20,2026,146
NC.CMOB.20,2026,147
NC.CMOB.20,2026,148
NC.CMOB.20,2026,149
NC.CMOB.20,2026,201
NC.CMOB.20,2026,202
NC.CMOB.20,2026,203
NC.CMOB.20,2026,204
NC.CMOB.20,2026,205
NC.CMOB.20,2026,206
NC.CMOB.20,2026,207
NC.CMOB.20,2026,208
NC.CMOB.20,2026,209
NC.CMW.,2026,141
NC.CMW.,2026,142
NC.CMW.,2026,143
NC.CMW.,2026,144
NC.CMW.,2026,145
NC.CMW.,2026,146
NC.CMW.,2026,147
NC.CMW.,2026,148
NC.CMW.,2026,149
NC.CMW.,2026,201
NC.CMW.,2026,202
NC.CMW.,2026,203
NC.CMW.,2026,204
NC.CMW.,2026,205
NC.CMW.,2026,206
NC.CMW.,2026,207
NC.CMW.,2026,208
NC.CMW.,2026,209
NC.CMW1.,2026,141
NC.CMW1.,2026,142
NC.CMW1.,2026,143
NC.CMW1.,2026,144
NC.CMW1.,2026,145
NC.CMW1.,2026,146
NC.CMW1.,2026,147
NC.CMW1.,2026,148
NC.CMW1.,2026,149
NC.CMW1.,2026,201
NC.CMW1.,2026,202
NC.CMW1.,2026,203
NC.CMW1.,2026,204
NC.CMW1.,2026,205
NC.CMW1.,2026,206
NC.CMW1.,2026,207
NC.CMW1.,2026,208
NC.CMW1.,2026,209
NC.CNI.,2026,141
NC.CNI.,2026,142
NC.CNI.,2026,143
NC.CNI.,2026,144
NC.CNI.,2026,201
NC.CNI.,2026,202
NC.CNI.,2026,203
NC.CNI.,2026,204
NC.CPI.,2026,141
NC.CPI.,2026,142
NC.CPI.,2026,143
NC.CPI.,2026,144
NC.CPI.,2026,201
NC.CPI.,2026,202
NC.CPI.,2026,203
NC.CPI.,2026,204
NC.CPM.,2026,141
NC.CPM.,2026,142
NC.CPM.,2026,143
NC.CPM.,2026,144
NC.CPM.,2026,145
NC.CPM.,2026,201
NC.CPM.,2026,202
NC.CPM.,2026,203
NC.CPM.,2026,204
NC.CPP.01,2026,141
NC.CPP.01,2026,142
NC.CPP.01,2026,143
NC.CPP.01,2026,144
NC.CPP.01,2026,145
NC.CPP.01,2026,146
NC.CPP.01,2026,147
NC.CPP.01,2026,148
NC.CPP.01,2026,149
NC.CPP.01,2026,201
NC.CPP.01,2026,202
NC.CPP.01,2026,203
NC.CPP.01,2026,204
NC.CPP.01,2026,205
NC.CPP.01,2026,206
NC.CPP.01,2026,207
NC.CPP.01,2026,208
NC.CPP.01,2026,209
NC.CPP.02,2026,141
NC.CPP.02,2026,142
NC.CPP.02,2026,143
NC.CPP.02,2026,144
NC.CPP.02,2026,145
NC.CPP.02,2026,146
NC.CPP.02,2026,147
NC.CPP.02,2026,148
NC.CPP.02,2026,149
NC.CPP.02,2026,201
NC.CPP.02,2026,202
NC.CPP.02,2026,203
NC.CPP.02,2026,204
NC.CPP.02,2026,205
NC.CPP.02,2026,206
NC.CPP.02,2026,207
NC.CPP.02,2026,208
NC.CPP.02,2026,209
NC.CPP.03,2026,141
NC.CPP.03,2026,142
NC.CPP.03,2026,143
NC.CPP.03,2026,144
NC.CPP.03,2026,145
NC.CPP.03,2026,146
NC.CPP.03,2026,147
NC.CPP.03,2026,148
NC.CPP.03,2026,149
NC.CPP.03,2026,201
NC.CPP.03,2026,202
NC.CPP.03,2026,203
NC.CPP.03,2026,204
NC.CPP.03,2026,205
NC.CPP.03,2026,206
NC.CPP.03,2026,207
NC.CPP.03,2026,208
NC.CPP.03,2026,209
NC.CRH.,2026,141
NC.CRH.,2026,142
NC.CRH.,2026,143
NC.CRH.,2026,144
NC.CRH.,2026,201
NC.CRH.,2026,202
NC.CRH.,2026,203
NC.CRH.,2026,204
NC.CRPB.,2026,141
NC.CRPB.,2026,142
NC.CRPB.,2026,143
NC.CRPB.,2026,144
NC.CRPB.,2026,201
NC.CRPB.,2026,202
NC.CRPB.,2026,203
NC.CRPB.,2026,204
NC.CRPB.20,2026,141
NC.CRPB.20,2026,142
NC.CRPB.20,2026,143
NC.CRPB.20,2026,144
NC.CRPB.20,2026,145
NC.CRPB.20,2026,146
NC.CRPB.20,2026,147
NC.CRPB.20,2026,148
NC.CRPB.20,2026,149
NC.CRPB.20,2026,201
NC.CRPB.20,2026,202
NC.CRPB.20,2026,203
NC.CRPB.20,2026,204
NC.CRPB.20,2026,205
NC.CRPB.20,2026,206
NC.CRPB.20,2026,207
NC.CRPB.20,2026,208
NC.CRPB.20,2026,209
NC.CSA.,2026,141
NC.CSA.,2026,142
NC.CSA.,2026,143
NC.CSA.,2026,144
NC.CSA.,2026,145
NC.CSA.,2026,146
NC.CSA.,2026,147
NC.CSA.,2026,148
NC.CSA.,2026,149
NC.CSA.,2026,201
NC.CSA.,2026,202
NC.CSA.,2026,203
NC.CSA.,2026,204
NC.CSA.,2026,205
NC.CSA.,2026,208
NC.GAXB.,2026,101
NC.GAXB.,2026,102
NC.GAXB.,2026,103
NC.GAXB.,2026,104
NC.GAXB.,2026,105
NC.GBB.,2026,101
NC.GBB.,2026,102
NC.GBB.,2026,103
NC.GBB.,2026,104
NC.GBB.,2026,105
NC.GBB.,2026,106
NC.GBB.,2026,107
NC.GBB.,2026,108
NC.GBB.,2026,109
NC.GBB.,2026,110
NC.GBB.,2026,111
NC.GBB.,2026,112
NC.GBB.,2026,113
NC.GBB.,2026,114
NC.GBB.,2026,115
NC.GBB.,2026,116
NC.GBB.01,2026,101
NC.GBB.01,2026,102
NC.GBB.01,2026,103
NC.GBB.01,2026,104
NC.GBB.01,2026,105
NC.GBB.20,2026,101
NC.GBB.20,2026,102
NC.GBB.20,2026,103
NC.GBB.20,2026,104
NC.GBB.20,2026,105
NC.GBB.20,2026,106
NC.GBB.20,2026,107
NC.GBB.20,2026,108
NC.GBB.20,2026,109
NC.GBB.20,2026,110
NC.GBB.20,2026,111
NC.GBB.20,2026,112
NC.GBB.20,2026,113
NC.GBB.20,2026,114
NC.GBB.20,2026,115
NC.GBB.20,2026,116
NC.GBG.,2026,101
NC.GBG.,2026,102
NC.GBG.,2026,103
NC.GBG.,2026,104
NC.GBG.,2026,105
NC.GBG.,2026,106
NC.GBG.,2026,107
NC.GBG.,2026,108
NC.GBG.,2026,109
NC.GBG.,2026,110
NC.GBG.,2026,111
NC.GBG.,2026,112
NC.GBG.,2026,113
NC.GBG.,2026,114
NC.GBG.,2026,115
NC.GBG.,2026,116
NC.GBG.01,2026,101
NC.GBG.01,2026,102
NC.GBG.01,2026,103
NC.GBG.01,2026,104
NC.GBG.01,2026,105
NC.GBL.01,2026,101
NC.GBL.01,2026,102
NC.GBL.01,2026,103
NC.GBL.01,2026,104
NC.GBL.01,2026,105
NC.GCVB.,2026,101
NC.GCVB.,2026,102
NC.GCVB.,2026,103
NC.GCVB.,2026,104
NC.GCVB.,2026,105
NC.GCVB.20,2026,101
NC.GCVB.20,2026,102
NC.GCVB.20,2026,103
NC.GCVB.20,2026,104
NC.GCVB.20,2026,105
NC.GCVB.20,2026,106
NC.GCVB.20,2026,107
NC.GCVB.20,2026,108
NC.GCVB.20,2026,109
NC.GCVB.20,2026,110
NC.GCVB.20,2026,111
NC.GCVB.20,2026,112
NC.GCVB.20,2026,113
NC.GCVB.20,2026,114
NC.GCVB.20,2026,115
NC.GCVB.20,2026,116
NC.GCWB.01,2026,101
NC.GCWB.01,2026,102
NC.GCWB.01,2026,103
NC.GCWB.01,2026,104
NC.GCWB.01,2026,105
NC.GCWB.20,2026,101
NC.GCWB.20,2026,102
NC.GCWB.20,2026,103
NC.GCWB.20,2026,104
NC.GCWB.20,2026,105
NC.GCWB.20,2026,106
NC.GCWB.20,2026,107
NC.GCWB.20,2026,108
NC.GCWB.20,2026,109
NC.GCWB.20,2026,110
NC.GCWB.20,2026,111
NC.GCWB.20,2026,112
NC.GCWB.20,2026,113
NC.GCWB.20,2026,114
NC.GCWB.20,2026,115
NC.GCWB.20,2026,116
NC.GDCB.01,2026,101
NC.GDCB.01,2026,102
NC.GDCB.01,2026,103
NC.GDCB.01,2026,104
NC.GDCB.01,2026,105
NC.GDCB.01,2026,106
NC.GDCB.01,2026,107
NC.GDCB.01,2026,108
NC.GDCB.01,2026,109
NC.GDCB.01,2026,110
NC.GDCB.01,2026,111
NC.GDCB.01,2026,112
NC.GDCB.01,2026,113
NC.GDCB.01,2026,114
NC.GDCB.01,2026,115
NC.GDCB.01,2026,116
NC.GDCB.20,2026,101
NC.GDCB.20,2026,102
NC.GDCB.20,2026,103
NC.GDCB.20,2026,104
NC.GDCB.20,2026,105
NC.GDCB.20,2026,106
NC.GDCB.20,2026,107
NC.GDCB.20,2026,108
NC.GDCB.20,2026,109
NC.GDCB.20,2026,110
NC.GDCB.20,2026,111
NC.GDCB.20,2026,112
NC.GDCB.20,2026,113
NC.GDCB.20,2026,114
NC.GDCB.20,2026,115
NC.GDCB.20,2026,116
NC.GDXB.,2026,101
NC.GDXB.,2026,102
NC.GDXB.,2026,103
NC.GDXB.,2026,104
NC.GDXB.,2026,105
NC.GFC.,2026,101
NC.GFC.,2026,102
NC.GFC.,2026,103
NC.GFC.,2026,104
NC.GFC.,2026,105
NC.GFC.,2026,106
NC.GFC.,2026,107
NC.GFC.,2026,108
NC.GFC.,2026,109
NC.GFC.,2026,110
NC.GFC.,2026,111
NC.GFC.,2026,112
NC.GFC.,2026,113
NC.GFC.,2026,114
NC.GFC.,2026,115
NC.GFC.,2026,116
NC.GFC.01,2026,101
NC.GFC.01,2026,102
NC.GFC.01,2026,103
NC.GFC.01,2026,104
NC.GFC.01,2026,105
NC.GGPC.01,2026,182
NC.GGPC.01,2026,183
NC.GGPC.01,2026,184
NC.GHGB.01,2026,182
NC.GHGB.01,2026,183
NC.GHGB.01,2026,184
NC.GHGB.20,2026,181
NC.GHGB.20,2026,182
NC.GHGB.20,2026,183
NC.GHGB.20,2026,184
NC.GHGB.20,2026,185
NC.GHGB.20,2026,186
NC.GHGB.20,2026,187
NC.GHGB.20,2026,188
NC.GHGB.20,2026,189
NC.GHGB.20,2026,190
NC.GHGB.20,2026,191
NC.GHGB.20,2026,192
NC.GHGB.20,2026,193
NC.GHGB.20,2026,194
NC.GHGB.20,2026,195
NC.GHGB.20,2026,196
NC.GHGB.20,2026,197
NC.GHO.,2026,181
NC.GHO.,2026,182
NC.GHO.,2026,183
NC.GHO.,2026,184
NC.GHO.,2026,185
NC.GHO.,2026,186
NC.GHO.,2026,187
NC.GHO.,2026,188
NC.GHO.,2026,189
NC.GHO.,2026,190
NC.GHO.,2026,191
NC.GHO.,2026,192
NC.GHO.,2026,193
NC.GHO.,2026,194
NC.GHO.,2026,195
NC.GHO.,2026,196
NC.GHO.,2026,197
NC.GHO.01,2026,182
NC.GHO.01,2026,183
NC.GHO.01,2026,184
NC.GHO.20,2026,181
NC.GHO.20,2026,182
NC.GHO.20,2026,183
NC.GHO.20,2026,184
NC.GHO.20,2026,185
NC.GHO.20,2026,186
NC.GHO.20,2026,187
NC.GHO.20,2026,188
NC.GHO.20,2026,189
NC.GHO.20,2026,190
NC.GHO.20,2026,191
NC.GHO.20,2026,192
NC.GHO.20,2026,193
NC.GHO.20,2026,194
NC.GHO.20,2026,195
NC.GHO.20,2026,196
NC.GHO.20,2026,197
NC.GMR.01,2026,182
NC.GMR.01,2026,183
NC.GMR.01,2026,184
NC.GNR.01,2026,182
NC.GNR.01,2026,183
NC.GNR.01,2026,184
NC.GPM.01,2026,181
NC.GPM.01,2026,182
NC.GPM.01,2026,183
NC.GPM.01,2026,184
NC.GPM.01,2026,185
NC.GPM.01,2026,186
NC.GPM.01,2026,187
NC.GPM.01,2026,188
NC.GPM.01,2026,189
NC.GPM.01,2026,190
NC.GPM.01,2026,191
NC.GPM.01,2026,192
NC.GPM.01,2026,193
NC.GPM.01,2026,194
NC.GPM.01,2026,195
NC.GPM.01,2026,196
NC.GPM.01,2026,197
NC.GPM.02,2026,181
NC.GPM.02,2026,182
NC.GPM.02,2026,183
NC.GPM.02,2026,184
NC.GPM.02,2026,185
NC.GPM.02,2026,186
NC.GPM.02,2026,187
NC.GPM.02,2026,188
NC.GPM.02,2026,189
NC.GPM.02,2026,190
NC.GPM.02,2026,191
NC.GPM.02,2026,192
NC.GPM.02,2026,193
NC.GPM.02,2026,194
NC.GPM.02,2026,195
NC.GPM.02,2026,196
NC.GPM.02,2026,197
NC.GPM.03,2026,182
NC.GPM.03,2026,183
NC.GPM.03,2026,184
NC.GROB.01,2026,182
NC.GROB.01,2026,183
NC.GROB.01,2026,184
NC.GROB.20,2026,181
NC.GROB.20,2026,182
NC.GROB.20,2026,183
NC.GROB.20,2026,184
NC.GROB.20,2026,185
NC.GROB.20,2026,186
NC.GROB.20,2026,187
NC.GROB.20,2026,188
NC.GROB.20,2026,189
NC.GROB.20,2026,190
NC.GROB.20,2026,191
NC.GROB.20,2026,192
NC.GROB.20,2026,193
NC.GROB.20,2026,194
NC.GROB.20,2026,195
NC.GROB.20,2026,196
NC.GROB.20,2026,197
NC.GRT.,2026,181
NC.GRT.,2026,182
NC.GRT.,2026,183
NC.GRT.,2026,184
NC.GRT.,2026,185
NC.GRT.,2026,186
NC.GRT.,2026,187
NC.GRT.,2026,188
NC.GRT.,2026,189
NC.GRT.,2026,190
NC.GRT.,2026,191
NC.GRT.,2026,192
NC.GRT.,2026,193
NC.GRT.,2026,194
NC.GRT.,2026,195
NC.GRT.,2026,196
NC.GRT.,2026,197
NC.GRT.01,2026,182
NC.GRT.01,2026,183
NC.GRT.01,2026,184
NC.GRT.20,2026,181
NC.GRT.20,2026,182
NC.GRT.20,2026,183
NC.GRT.20,2026,184
NC.GRT.20,2026,185
NC.GRT.20,2026,186
NC.GRT.20,2026,187
NC.GRT.20,2026,188
NC.GRT.20,2026,189
NC.GRT.20,2026,190
NC.GRT.20,2026,191
NC.GRT.20,2026,192
NC.GRT.20,2026,193
NC.GRT.20,2026,194
NC.GRT.20,2026,195
NC.GRT.20,2026,196
NC.GRT.20,2026,197
NC.GSN.,2026,181
NC.GSN.,2026,182
NC.GSN.,2026,183
NC.GSN.,2026,184
NC.GSN.,2026,185
NC.GSN.,2026,186
NC.GSN.,2026,187
NC.GSN.,2026,188
NC.GSN.,2026,189
NC.GSN.,2026,190
NC.GSN.,2026,191
NC.GSN.,2026,192
NC.GSN.,2026,193
NC.GSN.,2026,194
NC.GSN.,2026,195
NC.GSN.,2026,196
NC.GSN.,2026,197
NC.GSN.01,2026,182
NC.GSN.01,2026,183
NC.GSN.01,2026,184
NC.GSR.01,2026,182
NC.GSR.01,2026,183
NC.GSR.01,2026,184
NC.GSR.20,2026,181
NC.GSR.20,2026,182
NC.GSR.20,2026,183
NC.GSR.20,2026,184
NC.GSR.20,2026,185
NC.GSR.20,2026,186
NC.GSR.20,2026,187
NC.GSR.20,2026,188
NC.GSR.20,2026,189
NC.GSR.20,2026,190
NC.GSR.20,2026,191
NC.GSR.20,2026,192
NC.GSR.20,2026,193
NC.GSR.20,2026,194
NC.GSR.20,2026,195
NC.GSR.20,2026,196
NC.GSR.20,2026,197
NC.GSX.01,2026,32
NC.GSX.01,2026,33
NC.GSX.01,2026,41
NC.GSX.01,2026,42
NC.GSX.01,2026,43
NC.GSX.01,2026,44
NC.GSX.01,2026,45
NC.GSX.01,2026,46
NC.GSX.01,2026,47
NC.GSX.01,2026,101
NC.GSX.01,2026,102
NC.GSX.01,2026,103
NC.GSX.01,2026,104
NC.GSX.01,2026,105
NC.GSX.01,2026,106
NC.GSX.01,2026,107
NC.GSX.01,2026,108
NC.GSX.01,2026,109
NC.GSX.01,2026,110
NC.GSX.20,2026,21
NC.GSX.20,2026,22
NC.GSX.20,2026,23
NC.GSX.20,2026,24
NC.GSX.20,2026,25
NC.GSX.20,2026,26
NC.GSX.20,2026,27
NC.GSX.20,2026,28
NC.GSX.20,2026,29
NC.GSX.20,2026,30
NC.GSX.20,2026,31
NC.GSX.20,2026,32
NC.GSX.20,2026,33
NC.GSX.20,2026,41
NC.GSX.20,2026,42
NC.GSX.20,2026,43
NC.GSX.20,2026,44
NC.GSX.20,2026,45
NC.GSX.20,2026,46
NC.GSX.20,2026,47
NC.GSX.20,2026,48
NC.GSX.20,2026,49
NC.GSX.20,2026,50
NC.GSX.20,2026,51
NC.GSX.20,2026,52
NC.GSX.20,2026,53
NC.GSX.20,2026,101
NC.GSX.20,2026,102
NC.GSX.20,2026,103
NC.GSX.20,2026,104
NC.GSX.20,2026,105
NC.GSX.20,2026,106
NC.GSX.20,2026,107
NC.GSX.20,2026,108
NC.GSX.20,2026,109
NC.GSX.20,2026,110
NC.GSX.20,2026,111
NC.GSX.20,2026,112
NC.GSX.20,2026,113
NC.GVA.01,2026,32
NC.GVA.01,2026,33
NC.GVA.01,2026,41
NC.GVA.01,2026,42
NC.GVA.01,2026,43
NC.GVA.01,2026,44
NC.GVA.01,2026,45
NC.GVA.01,2026,46
NC.GVA.01,2026,47
NC.GVA.01,2026,101
NC.GVA.01,2026,102
NC.GVA.01,2026,103
NC.GVA.01,2026,104
NC.GVA.01,2026,105
NC.GVA.01,2026,106
NC.GVA.01,2026,107
NC.GVA.01,2026,108
NC.GVA.01,2026,109
NC.GVA.01,2026,110
NC.GVA.20,2026,21
NC.GVA.20,2026,22
NC.GVA.20,2026,23
NC.GVA.20,2026,24
NC.GVA.20,2026,25
NC.GVA.20,2026,26
NC.GVA.20,2026,27
NC.GVA.20,2026,28
NC.GVA.20,2026,29
NC.GVA.20,2026,30
NC.GVA.20,2026,31
NC.GVA.20,2026,32
NC.GVA.20,2026,33
NC.GVA.20,2026,41
NC.GVA.20,2026,42
NC.GVA.20,2026,43
NC.GVA.20,2026,44
NC.GVA.20,2026,45
NC.GVA.20,2026,46
NC.GVA.20,2026,47
NC.GVA.20,2026,48
NC.GVA.20,2026,49
NC.GVA.20,2026,50
NC.GVA.20,2026,51
NC.GVA.20,2026,52
NC.GVA.20,2026,53
NC.GVA.20,2026,101
NC.GVA.20,2026,102
NC.GVA.20,2026,103
NC.GVA.20,2026,104
NC.GVA.20,2026,105
NC.GVA.20,2026,106
NC.GVA.20,2026,107
NC.GVA.20,2026,108
NC.GVA.20,2026,109
NC.GVA.20,2026,110
NC.GVA.20,2026,111
NC.GVA.20,2026,112
NC.GVA.20,2026,113
NC.GWKB.01,2026,32
NC.GWKB.01,2026,33
NC.GWKB.01,2026,41
NC.GWKB.01,2026,42
NC.GWKB.01,2026,43
NC.GWKB.01,2026,44
NC.GWKB.01,2026,45
NC.GWKB.01,2026,46
NC.GWKB.01,2026,49
NC.GWKB.01,2026,50
NC.GWKB.01,2026,51
NC.GWKB.01,2026,52
NC.GWKB.01,2026,53
NC.GWKB.01,2026,101
NC.GWKB.01,2026,102
NC.GWKB.01,2026,103
NC.GWKB.01,2026,104
NC.GWKB.01,2026,105
NC.GWKB.01,2026,106
NC.GWKB.01,2026,107
NC.GWKB.01,2026,108
NC.GWKB.01,2026,109
NC.GWKB.01,2026,110
NC.GWKB.20,2026,21
NC.GWKB.20,2026,22
NC.GWKB.20,2026,23
NC.GWKB.20,2026,24
NC.GWKB.20,2026,25
NC.GWKB.20,2026,26
NC.GWKB.20,2026,27
NC.GWKB.20,2026,28
NC.GWKB.20,2026,29
NC.GWKB.20,2026,30
NC.GWKB.20,2026,31
NC.GWKB.20,2026,32
NC.GWKB.20,2026,33
NC.GWKB.20,2026,41
NC.GWKB.20,2026,42
NC.GWKB.20,2026,43
NC.GWKB.20,2026,44
NC.GWKB.20,2026,45
NC.GWKB.20,2026,46
NC.GWKB.20,2026,47
NC.GWKB.20,2026,48
NC.GWKB.20,2026,49
NC.GWKB.20,2026,50
NC.GWKB.20,2026,51
NC.GWKB.20,2026,52
NC.GWKB.20,2026,53
NC.GWKB.20,2026,101
NC.GWKB.20,2026,102
NC.GWKB.20,2026,103
NC.GWKB.20,2026,104
NC.GWKB.20,2026,105
NC.GWKB.20,2026,106
NC.GWKB.20,2026,107
NC.GWKB.20,2026,108
NC.GWKB.20,2026,109
NC.GWKB.20,2026,110
NC.GWKB.20,2026,111
NC.GWKB.20,2026,112
NC.GWKB.20,2026,113
NC.GWR.,2026,21
NC.GWR.,2026,22
NC.GWR.,2026,23
NC.GWR.,2026,24
NC.GWR.,2026,25
NC.GWR.,2026,26
NC.GWR.,2026,27
NC.GWR.,2026,28
NC.GWR.,2026,29
NC.GWR.,2026,30
NC.GWR.,2026,31
NC.GWR.,2026,32
NC.GWR.,2026,33
NC.GWR.,2026,41
NC.GWR.,2026,42
NC.GWR.,2026,43
NC.GWR.,2026,44
NC.GWR.,2026,45
NC.GWR.,2026,46
NC.GWR.,2026,47
NC.GWR.,2026,48
NC.GWR.,2026,49
NC.GWR.,2026,50
NC.GWR.,2026,51
NC.GWR.,2026,52
NC.GWR.,2026,53
NC.GWR.,2026,101
NC.GWR.,2026,102
NC.GWR.,2026,103
NC.GWR.,2026,104
NC.GWR.,2026,105
NC.GWR.,2026,106
NC.GWR.,2026,107
NC.GWR.,2026,108
NC.GWR.,2026,109
NC.GWR.,2026,110
NC.GWR.,2026,111
NC.GWR.,2026,112
NC.GWR.,2026,113
NC.GWR.01,2026,32
NC.GWR.01,2026,33
NC.GWR.01,2026,41
NC.GWR.01,2026,42
NC.GWR.01,2026,43
NC.GWR.01,2026,44
NC.GWR.01,2026,45
NC.GWR.01,2026,46
NC.GWR.01,2026,101
NC.GWR.01,2026,102
NC.GWR.01,2026,103
NC.GWR.01,2026,104
NC.GWR.01,2026,105
NC.GWR.01,2026,106
NC.GWR.01,2026,107
NC.GWR.01,2026,108
NC.GWR.01,2026,109
NC.GWW.01,2026,21
NC.GWW.01,2026,22
NC.GWW.01,2026,24
NC.GWW.01,2026,25
NC.GWW.01,2026,31
NC.GWW.01,2026,32
NC.GWW.01,2026,41
NC.GWW.01,2026,42
NC.GWW.01,2026,43
NC.GWW.01,2026,44
NC.GWW.01,2026,45
NC.GWW.01,2026,46
NC.GWW.01,2026,47
NC.GWW.01,2026,48
NC.GWW.01,2026,49
NC.GWW.01,2026,50
NC.GWW.01,2026,51
NC.GWW.01,2026,52
NC.GWW.01,2026,53
NC.GWW.01,2026,101
NC.GWW.01,2026,102
NC.GWW.01,2026,103
NC.GWW.01,2026,104
NC.GWW.01,2026,105
NC.GWW.01,2026,106
NC.GWW.01,2026,107
NC.GWW.01,2026,108
NC.GWW.01,2026,109
NC.GWW.01,2026,110
NC.H001.01,2026,21
NC.H001.01,2026,22
NC.H001.01,2026,23
NC.H001.01,2026,24
NC.H001.01,2026,25
NC.H001.01,2026,26
NC.H001.01,2026,27
NC.H001.01,2026,28
NC.H001.01,2026,29
NC.H001.01,2026,30
NC.H001.01,2026,31
NC.H001.01,2026,32
NC.H001.01,2026,33
NC.H001.01,2026,41
NC.H001.01,2026,42
NC.H001.01,2026,43
NC.H001.01,2026,44
NC.H001.01,2026,45
NC.H001.01,2026,46
NC.H001.01,2026,47
NC.H001.01,2026,48
NC.H001.01,2026,49
NC.H001.01,2026,50
NC.H001.01,2026,51
NC.H001.01,2026,52
NC.H001.01,2026,53
NC.H001.01,2026,101
NC.H001.01,2026,102
NC.H001.01,2026,103
NC.H001.01,2026,104
NC.H001.01,2026,105
NC.H001.01,2026,106
NC.H001.01,2026,107
NC.H001.01,2026,108
NC.H001.01,2026,109
NC.H001.01,2026,110
NC.H001.01,2026,111
NC.H001.01,2026,112
NC.H001.01,2026,113
NC.H002.01,2026,21
NC.H002.01,2026,22
NC.H002.01,2026,23
NC.H002.01,2026,24
NC.H002.01,2026,25
NC.H002.01,2026,26
NC.H002.01,2026,27
NC.H002.01,2026,28
NC.H002.01,2026,29
NC.H002.01,2026,30
NC.H002.01,2026,31
NC.H002.01,2026,32
NC.H002.01,2026,33
NC.H002.01,2026,41
NC.H002.01,2026,42
NC.H002.01,2026,43
NC.H002.01,2026,44
NC.H002.01,2026,45
NC.H002.01,2026,46
NC.H002.01,2026,47
NC.H002.01,2026,48
NC.H002.01,2026,49
NC.H002.01,2026,50
NC.H002.01,2026,51
NC.H002.01,2026,52
NC.H002.01,2026,53
NC.H002.01,2026,101
NC.H002.01,2026,102
NC.H002.01,2026,103
NC.H002.01,2026,104
NC.H002.01,2026,105
NC.H002.01,2026,106
NC.H002.01,2026,107
NC.H002.01,2026,108
NC.H002.01,2026,109
NC.H002.01,2026,110
NC.H002.01,2026,111
NC.H002.01,2026,112
NC.H002.01,2026,113
NC.HAZ.,2026,21
NC.HAZ.,2026,22
NC.HAZ.,2026,23
NC.HAZ.,2026,24
NC.HAZ.,2026,25
NC.HAZ.,2026,26
NC.HAZ.,2026,27
NC.HAZ.,2026,28
NC.HAZ.,2026,29
NC.HAZ.,2026,30
NC.HAZ.,2026,31
NC.HAZ.,2026,32
NC.HAZ.,2026,33
NC.HAZ.,2026,41
NC.HAZ.,2026,42
NC.HAZ.,2026,43
NC.HAZ.,2026,44
NC.HAZ.,2026,45
NC.HAZ.,2026,46
NC.HAZ.,2026,47
NC.HAZ.,2026,48
NC.HAZ.,2026,49
NC.HAZ.,2026,50
NC.HAZ.,2026,51
NC.HAZ.,2026,52
NC.HAZ.,2026,53
NC.HAZ.,2026,101
NC.HAZ.,2026,102
NC.HAZ.,2026,103
NC.HAZ.,2026,104
NC.HAZ.,2026,105
NC.HAZ.,2026,106
NC.HAZ.,2026,107
NC.HAZ.,2026,108
NC.HAZ.,2026,109
NC.HAZ.,2026,110
NC.HAZ.,2026,111
NC.HAZ.,2026,112
NC.HAZ.,2026,113
NC.HAZ.01,2026,23
NC.HAZ.01,2026,32
NC.HAZ.01,2026,41
NC.HAZ.01,2026,42
NC.HAZ.01,2026,43
NC.HAZ.01,2026,44
NC.HAZ.01,2026,45
NC.HAZ.01,2026,46
NC.HAZ.01,2026,49
NC.HAZ.01,2026,50
NC.HAZ.01,2026,101
NC.HAZ.01,2026,102
NC.HAZ.01,2026,103
NC.HAZ.01,2026,104
NC.HAZ.01,2026,105
NC.HAZ.01,2026,106
NC.HAZ.01,2026,107
NC.HAZ.01,2026,108
NC.HAZ.01,2026,109
NC.HAZ.20,2026,21
NC.HAZ.20,2026,22
NC.HAZ.20,2026,23
NC.HAZ.20,2026,24
NC.HAZ.20,2026,25
NC.HAZ.20,2026,26
NC.HAZ.20,2026,27
NC.HAZ.20,2026,28
NC.HAZ.20,2026,29
NC.HAZ.20,2026,30
NC.HAZ.20,2026,31
NC.HAZ.20,2026,32
NC.HAZ.20,2026,33
NC.HAZ.20,2026,41
NC.HAZ.20,2026,42
NC.HAZ.20,2026,43
NC.HAZ.20,2026,44
NC.HAZ.20,2026,45
NC.HAZ.20,2026,46
NC.HAZ.20,2026,47
NC.HAZ.20,2026,48
NC.HAZ.20,2026,49
NC.HAZ.20,2026,50
NC.HAZ.20,2026,51
NC.HAZ.20,2026,52
NC.HAZ.20,2026,53
NC.HAZ.20,2026,101
NC.HAZ.20,2026,102
NC.HAZ.20,2026,103
NC.HAZ.20,2026,104
NC.HAZ.20,2026,105
NC.HAZ.20,2026,106
NC.HAZ.20,2026,107
NC.HAZ.20,2026,108
NC.HAZ.20,2026,109
NC.HAZ.20,2026,110
NC.HAZ.20,2026,111
NC.HAZ.20,2026,112
NC.HAZ.20,2026,113
NC.HBC.01,2026,21
NC.HBC.01,2026,22
NC.HBC.01,2026,23
NC.HBC.01,2026,24
NC.HBC.01,2026,25
NC.HBC.01,2026,26
NC.HBC.01,2026,27
NC.HBC.01,2026,28
NC.HBC.01,2026,29
NC.HBC.01,2026,31
NC.HBC.01,2026,32
NC.HBC.01,2026,41
NC.HBC.01,2026,42
NC.HBC.01,2026,43
NC.HBC.01,2026,44
NC.HBC.01,2026,45
NC.HBC.01,2026,46
NC.HBC.01,2026,50
NC.HBC.01,2026,51
NC.HBC.01,2026,52
NC.HBC.01,2026,53
NC.HBC.01,2026,101
NC.HBC.01,2026,102
NC.HBC.01,2026,103
NC.HBC.01,2026,104
NC.HBC.01,2026,105
NC.HBC.01,2026,106
NC.HBC.01,2026,107
NC.HBC.01,2026,108
NC.HBC.01,2026,109
NC.HBH.01,2026,32
NC.HBH.01,2026,41
NC.HBH.01,2026,42
NC.HBH.01,2026,43
NC.HBH.01,2026,44
NC.HBH.01,2026,45
NC.HBH.01,2026,46
NC.HBH.01,2026,101
NC.HBH.01,2026,102
NC.HBH.01,2026,103
NC.HBH.01,2026,104
NC.HBH.01,2026,105
NC.HBH.01,2026,106
NC.HBH.01,2026,107
NC.HBH.01,2026,108
NC.HBH.01,2026,109
NC.HCA.,2026,32
NC.HCA.,2026,41
NC.HCA.,2026,42
NC.HCA.,2026,43
NC.HCA.,2026,44
NC.HCA.,2026,45
NC.HCA.,2026,46
NC.HCA.,2026,101
NC.HCA.,2026,102
NC.HCA.,2026,103
NC.HCA.,2026,104
NC.HCA.,2026,105
NC.HCA.,2026,106
NC.HCA.,2026,107
NC.HCA.,2026,108
NC.HCA.,2026,109
NC.HCBB.01,2026,32
NC.HCBB.01,2026,41
NC.HCBB.01,2026,42
NC.HCBB.01,2026,43
NC.HCBB.01,2026,44
NC.HCBB.01,2026,45
NC.HCBB.01,2026,46
NC.HCBB.01,2026,101
NC.HCBB.01,2026,102
NC.HCBB.01,2026,103
NC.HCBB.01,2026,104
NC.HCBB.01,2026,105
NC.HCBB.01,2026,106
NC.HCBB.01,2026,107
NC.HCBB.01,2026,108
NC.HCBB.01,2026,109
NC.HCRB.01,2026,32
NC.HCRB.01,2026,41
NC.HCRB.01,2026,42
NC.HCRB.01,2026,43
NC.HCRB.01,2026,44
NC.HCRB.01,2026,45
NC.HCRB.01,2026,46
NC.HCRB.01,2026,101
NC.HCRB.01,2026,102
NC.HCRB.01,2026,103
NC.HCRB.01,2026,104
NC.HCRB.01,2026,105
NC.HCRB.01,2026,106
NC.HCRB.01,2026,107
NC.HCRB.01,2026,108
NC.HCRB.01,2026,109
NC.HER.,2026,21
NC.HER.,2026,22
NC.HER.,2026,23
NC.HER.,2026,26
NC.HER.,2026,27
NC.HER.,2026,30
NC.HER.,2026,31
NC.HER.,2026,32
NC.HER.,2026,41
NC.HER.,2026,42
NC.HER.,2026,43
NC.HER.,2026,44
NC.HER.,2026,45
NC.HER.,2026,46
NC.HER.,2026,47
NC.HER.,2026,48
NC.HER.,2026,101
NC.HER.,2026,102
NC.HER.,2026,103
NC.HER.,2026,104
NC.HER.,2026,105
NC.HER.,2026,106
NC.HER.,2026,107
NC.HER.,2026,108
NC.HER.,2026,109
NC.HER.,2026,110
NC.HES.01,2026,32
NC.HES.01,2026,41
NC.HES.01,2026,42
NC.HES.01,2026,43
NC.HES.01,2026,44
NC.HES.01,2026,45
NC.HES.01,2026,46
NC.HES.01,2026,101
NC.HES.01,2026,102
NC.HES.01,2026,103
NC.HES.01,2026,104
NC.HES.01,2026,105
NC.HES.01,2026,106
NC.HES.01,2026,107
NC.HES.01,2026,108
NC.HES.01,2026,109
NC.HFE.,2026,21
NC.HFE.,2026,22
NC.HFE.,2026,23
NC.HFE.,2026,24
NC.HFE.,2026,25
NC.HFE.,2026,26
NC.HFE.,2026,27
NC.HFE.,2026,28
NC.HFE.,2026,29
NC.HFE.,2026,30
NC.HFE.,2026,31
NC.HFE.,2026,32
NC.HFE.,2026,33
NC.HFE.,2026,41
NC.HFE.,2026,42
NC.HFE.,2026,43
NC.HFE.,2026,44
NC.HFE.,2026,45
NC.HFE.,2026,46
NC.HFE.,2026,47
NC.HFE.,2026,48
NC.HFE.,2026,49
NC.HFE.,2026,50
NC.HFE.,2026,51
NC.HFE.,2026,52
NC.HFE.,2026,53
NC.HFE.,2026,101
NC.HFE.,2026,102
NC.HFE.,2026,103
NC.HFE.,2026,104
NC.HFE.,2026,105
NC.HFE.,2026,106
NC.HFE.,2026,107
NC.HFE.,2026,108
NC.HFE.,2026,109
NC.HFE.,2026,110
NC.HFE.,2026,111
NC.HFE.,2026,112
NC.HFE.,2026,113
NC.MBEB.01,2026,182
NC.MBEB.01,2026,183
NC.MBEB.01,2026,184
NC.MBEB.01,2026,185
NC.MBEB.01,2026,186
NC.MBEB.01,2026,187
NC.MBEB.01,2026,188
NC.MBEB.01,2026,189
NC.MBEB.20,2026,181
NC.MBEB.20,2026,182
NC.MBEB.20,2026,183
NC.MBEB.20,2026,184
NC.MBEB.20,2026,185
NC.MBEB.20,2026,186
NC.MBEB.20,2026,187
NC.MBEB.20,2026,188
NC.MBEB.20,2026,189
NC.MBEB.20,2026,190
NC.MBEB.20,2026,191
NC.MBEB.20,2026,192
NC.MBM.01,2026,182
NC.MBM.01,2026,183
NC.MBM.01,2026,184
NC.MBM.01,2026,185
NC.MBM.01,2026,186
NC.MBM.01,2026,187
NC.MBM.01,2026,188
NC.MBM.01,2026,189
NC.MBM.20,2026,181
NC.MBM.20,2026,182
NC.MBM.20,2026,183
NC.MBM.20,2026,184
NC.MBM.20,2026,185
NC.MBM.20,2026,186
NC.MBM.20,2026,187
NC.MBM.20,2026,188
NC.MBM.20,2026,189
NC.MBM.20,2026,190
NC.MBM.20,2026,191
NC.MBM.20,2026,192
NC.MBS1.,2026,182
NC.MBS1.,2026,183
NC.MBS1.,2026,184
NC.MBS1.,2026,185
NC.MBS1.,2026,186
NC.MBS1.,2026,187
NC.MBS1.,2026,188
NC.MBS1.,2026,189
NC.MBS1.,2026,192
NC.MBUB.01,2026,182
NC.MBUB.01,2026,183
NC.MBUB.01,2026,184
NC.MBUB.01,2026,185
NC.MBUB.01,2026,186
NC.MBUB.01,2026,187
NC.MBUB.01,2026,188
NC.MBUB.01,2026,189
NC.MBUB.20,2026,181
NC.MBUB.20,2026,182
NC.MBUB.20,2026,183
NC.MBUB.20,2026,184
NC.MBUB.20,2026,185
NC.MBUB.20,2026,186
NC.MBUB.20,2026,187
NC.MBUB.20,2026,188
NC.MBUB.20,2026,189
NC.MBUB.20,2026,190
NC.MBUB.20,2026,191
NC.MBUB.20,2026,192
NC.MCB.,2026,182
NC.MCB.,2026,183
NC.MCB.,2026,184
NC.MCB.,2026,185
NC.MCB.,2026,186
NC.MCB.,2026,187
NC.MCB.,2026,188
NC.MCB.,2026,189
NC.MCC.01,2026,182
NC.MCC.01,2026,183
NC.MCC.01,2026,184
NC.MCC.01,2026,185
NC.MCC.01,2026,186
NC.MCC.01,2026,187
NC.MCC.01,2026,188
NC.MCC.01,2026,189
NC.MCC.20,2026,181
NC.MCC.20,2026,182
NC.MCC.20,2026,183
NC.MCC.20,2026,184
NC.MCC.20,2026,185
NC.MCC.20,2026,186
NC.MCC.20,2026,187
NC.MCC.20,2026,188
NC.MCC.20,2026,189
NC.MCC.20,2026,190
NC.MCC.20,2026,191
NC.MCC.20,2026,192
NC.MCD.,2026,182
NC.MCD.,2026,183
NC.MCD.,2026,184
NC.MCD.,2026,185
NC.MCD.,2026,186
NC.MCD.,2026,187
NC.MCD.,2026,188
NC.MCD.,2026,189
NC.MCO.,2026,182
NC.MCO.,2026,183
NC.MCO.,2026,184
NC.MCO.,2026,185
NC.MCO.,2026,186
NC.MCO.,2026,187
NC.MCO.,2026,188
NC.MCO.,2026,189
NC.MCS.,2026,182
NC.MCS.,2026,183
NC.MCS.,2026,184
NC.MCS.,2026,185
NC.MCS.,2026,186
NC.MCS.,2026,187
NC.MCS.,2026,188
NC.MCUC.01,2026,182
NC.MCUC.01,2026,183
NC.MCUC.01,2026,184
NC.MCUC.01,2026,185
NC.MCUC.01,2026,186
NC.MCUC.01,2026,187
NC.MCUC.01,2026,188
NC.MCUC.20,2026,181
NC.MCUC.20,2026,182
NC.MCUC.20,2026,183
NC.MCUC.20,2026,184
NC.MCUC.20,2026,185
NC.MCUC.20,2026,186
NC.MCUC.20,2026,187
NC.MCUC.20,2026,188
NC.MCUC.20,2026,189
NC.MCUC.20,2026,190
NC.MCUC.20,2026,191
NC.MCUC.20,2026,192
NC.MCV.,2026,182
NC.MCV.,2026,183
NC.MCV.,2026,184
NC.MCV.,2026,185
NC.MCV.,2026,186
NC.MCV.,2026,187
NC.MCV.,2026,188
NC.MCY.,2026,182
NC.MCY.,2026,183
NC.MCY.,2026,184
NC.MCY.,2026,185
NC.MCY.,2026,186
NC.MCY.,2026,187
NC.MCY.,2026,188
NC.MCY.20,2026,181
NC.MCY.20,2026,182
NC.MCY.20,2026,183
NC.MCY.20,2026,184
NC.MCY.20,2026,185
NC.MCY.20,2026,186
NC.MCY.20,2026,187
NC.MCY.20,2026,188
NC.MCY.20,2026,189
NC.MCY.20,2026,190
NC.MCY.20,2026,191
NC.MCY.20,2026,192
NC.MDC.01,2026,181
NC.MDC.01,2026,182
NC.MDC.01,2026,183
NC.MDC.01,2026,184
NC.MDC.01,2026,185
NC.MDC.01,2026,186
NC.MDC.01,2026,187
NC.MDC.01,2026,188
NC.MDC.01,2026,189
NC.MDC.01,2026,190
NC.MDC.01,2026,191
NC.MDC.01,2026,192
NC.MDC.02,2026,182
NC.MDC.02,2026,183
NC.MDC.02,2026,184
NC.MDC.02,2026,185
NC.MDC.02,2026,186
NC.MDC.02,2026,187
NC.MDC.02,2026,188
NC.MDH.,2026,182
NC.MDH.,2026,183
NC.MDH.,2026,184
NC.MDH.,2026,185
NC.MDH.,2026,186
NC.MDH.,2026,187
NC.MDH.,2026,188
NC.MDH1.,2026,161
NC.MDH1.,2026,162
NC.MDH1.,2026,163
NC.MDH1.,2026,164
NC.MDH1.,2026,165
NC.MDH1.,2026,166
NC.MDH1.,2026,167
NC.MDH1.,2026,168
NC.MDH1.01,2026,161
NC.MDH1.01,2026,162
NC.MDH1.01,2026,163
NC.MDH1.01,2026,164
NC.MDH1.01,2026,165
NC.MDH1.01,2026,166
NC.MDH1.01,2026,167
NC.MDH1.01,2026,168
NC.MDPB.,2026,161
NC.MDPB.,2026,162
NC.MDPB.,2026,163
NC.MDPB.,2026,164
NC.MDPB.,2026,165
NC.MDPB.,2026,166
NC.MDPB.,2026,167
NC.MDPB.,2026,168
NC.MDPB.,2026,169
NC.MDPB.,2026,171
NC.MDPB.,2026,172
NC.MDPB.,2026,173
NC.MDPB.,2026,174
NC.MDR.,2026,161
NC.MDR.,2026,162
NC.MDR.,2026,163
NC.MDR.,2026,164
NC.MDR.,2026,165
NC.MDR.,2026,166
NC.MDR.,2026,167
NC.MDR.,2026,168
NC.MDR.,2026,169
NC.MDR.,2026,170
NC.MDR.,2026,171
NC.MDR.,2026,172
NC.MDR.,2026,173
NC.MDR.,2026,174
NC.MDR.01,2026,161
NC.MDR.01,2026,162
NC.MDR.01,2026,163
NC.MDR.01,2026,164
NC.MDR.01,2026,165
NC.MDR.01,2026,166
NC.MDR.01,2026,167
NC.MDR.01,2026,168
NC.MDR.01,2026,169
NC.MDR.01,2026,170
NC.MDR.01,2026,171
NC.MDR.01,2026,172
NC.MDR.01,2026,173
NC.MDR.01,2026,174
NC.MDR.02,2026,161
NC.MDR.02,2026,162
NC.MDR.02,2026,163
NC.MDR.02,2026,164
NC.MDR.02,2026,165
NC.MDR.02,2026,166
NC.MDR.02,2026,167
NC.MDR.02,2026,168
NC.MDR.02,2026,169
NC.MDR.02,2026,170
NC.MDR.02,2026,171
NC.MDR.02,2026,172
NC.MDR.02,2026,173
NC.MDR.02,2026,174
NC.MDY.,2026,161
NC.MDY.,2026,162
NC.MDY.,2026,163
NC.MDY.,2026,164
NC.MDY.,2026,165
NC.MDY.,2026,166
NC.MDY.,2026,167
NC.MDY.,2026,168
NC.MED.01,2026,161
NC.MED.01,2026,162
NC.MED.01,2026,163
NC.MED.01,2026,164
NC.MED.01,2026,165
NC.MED.01,2026,166
NC.MED.01,2026,167
NC.MED.01,2026,168
NC.MED.20,2026,161
NC.MED.20,2026,162
NC.MED.20,2026,163
NC.MED.20,2026,164
NC.MED.20,2026,165
NC.MED.20,2026,166
NC.MED.20,2026,167
NC.MED.20,2026,168
NC.MED.20,2026,169
NC.MED.20,2026,170
NC.MED.20,2026,171
NC.MED.20,2026,172
NC.MED.20,2026,173
NC.MED.20,2026,174
NC.MEM.,2026,161
NC.MEM.,2026,162
NC.MEM.,2026,163
NC.MEM.,2026,164
NC.MEM.,2026,165
NC.MEM.,2026,166
NC.MEM.,2026,167
NC.MEM.,2026,168
NC.MEM.,2026,169
NC.MEM.,2026,170
NC.MEM.,2026,171
NC.MEM.,2026,172
NC.MEM.,2026,173
NC.MEM.,2026,174
NC.MFA.01,2026,161
NC.MFA.01,2026,162
NC.MFA.01,2026,163
NC.MFA.01,2026,164
NC.MFA.01,2026,165
NC.MFA.01,2026,166
NC.MFA.01,2026,167
NC.MFA.01,2026,168
NC.MFA.20,2026,161
NC.MFA.20,2026,162
NC.MFA.20,2026,163
NC.MFA.20,2026,164
NC.MFA.20,2026,165
NC.MFA.20,2026,166
NC.MFA.20,2026,167
NC.MFA.20,2026,168
NC.MFA.20,2026,169
NC.MFA.20,2026,170
NC.MFA.20,2026,171
NC.MFA.20,2026,172
NC.MFA.20,2026,173
NC.MFA.20,2026,174
NC.MFBB.01,2026,161
NC.MFBB.01,2026,162
NC.MFBB.01,2026,163
NC.MFBB.01,2026,164
NC.MFBB.01,2026,165
NC.MFBB.01,2026,166
NC.MFBB.01,2026,167
NC.MFBB.01,2026,168
NC.MFBB.20,2026,161
NC.MFBB.20,2026,162
NC.MFBB.20,2026,163
NC.MFBB.20,2026,164
NC.MFBB.20,2026,165
NC.MFBB.20,2026,166
NC.MFBB.20,2026,167
NC.MFBB.20,2026,168
NC.MFBB.20,2026,169
NC.MFBB.20,2026,170
NC.MFBB.20,2026,171
NC.MFBB.20,2026,172
NC.MFBB.20,2026,173
NC.MFBB.20,2026,174
NC.MGPB.,2026,161
NC.MGPB.,2026,162
NC.MGPB.,2026,163
NC.MGPB.,2026,164
NC.MGPB.,2026,165
NC.MGPB.,2026,166
NC.MGPB.,2026,167
NC.MGPB.,2026,168
NC.MGS.01,2026,161
NC.MGS.01,2026,162
NC.MGS.01,2026,163
NC.MGS.01,2026,164
NC.MGS.01,2026,165
NC.MGS.01,2026,166
NC.MGS.01,2026,167
NC.MGS.01,2026,168
NC.MGS.20,2026,161
NC.MGS.20,2026,162
NC.MGS.20,2026,163
NC.MGS.20,2026,164
NC.MGS.20,2026,165
NC.MGS.20,2026,166
NC.MGS.20,2026,167
NC.MGS.20,2026,168
NC.MGS.20,2026,169
NC.MGS.20,2026,170
NC.MGS.20,2026,171
NC.MGS.20,2026,172
NC.MGS.20,2026,173
NC.MGS.20,2026,174
NC.MHD.,2026,161
NC.MHD.,2026,162
NC.MHD.,2026,163
NC.MHD.,2026,164
NC.MHD.,2026,165
NC.MHD.,2026,166
NC.MHD.,2026,167
NC.MHD.,2026,168
NC.MHD.,2026,169
NC.MHD.,2026,170
NC.MHD.,2026,171
NC.MHD.,2026,172
NC.MHD.,2026,173
NC.MHD.,2026,174
NC.MHD.01,2026,161
NC.MHD.01,2026,162
NC.MHD.01,2026,163
NC.MHD.01,2026,164
NC.MHD.01,2026,165
NC.MHD.01,2026,166
NC.MHD.01,2026,167
NC.MHD.01,2026,168
NC.MHD.20,2026,161
NC.MHD.20,2026,162
NC.MHD.20,2026,163
NC.MHD.20,2026,164
NC.MHD.20,2026,165
NC.MHD.20,2026,166
NC.MHD.20,2026,167
NC.MHD.20,2026,168
NC.MHD.20,2026,169
NC.MHD.20,2026,170
NC.MHD.20,2026,171
NC.MHD.20,2026,172
NC.MHD.20,2026,173
NC.MHD.20,2026,174
NC.MINS.,2026,161
NC.MINS.,2026,162
NC.MINS.,2026,163
NC.MINS.,2026,164
NC.MINS.,2026,165
NC.MINS.,2026,166
NC.MINS.,2026,167
NC.MINS.,2026,168
NC.MLC.,2026,161
NC.MLC.,2026,162
NC.MLC.,2026,163
NC.MLC.,2026,164
NC.MLC.,2026,165
NC.MLC.,2026,166
NC.MLC.,2026,167
NC.MLC.,2026,168
NC.MLH.,2026,161
NC.MLH.,2026,162
NC.MLH.,2026,163
NC.MLH.,2026,164
NC.MLH.,2026,165
NC.MLH.,2026,166
NC.MLH.,2026,167
NC.MLH.,2026,168
NC.MLI.,2026,161
NC.MLI.,2026,162
NC.MLI.,2026,163
NC.MLI.,2026,164
NC.MLI.,2026,165
NC.MLI.,2026,166
NC.MLI.,2026,167
NC.MLI.,2026,168
NC.MLM.,2026,161
NC.MLM.,2026,162
NC.MLM.,2026,163
NC.MLM.,2026,164
NC.MLM.,2026,165
NC.MLM.,2026,166
NC.MLM.,2026,167
NC.MLM.,2026,168
NC.MLM.,2026,169
NC.MLM.,2026,170
NC.MLM.,2026,171
NC.MLM.,2026,172
NC.MLM.,2026,173
NC.MLM.,2026,174
NC.MMLB.,2026,161
NC.MMLB.,2026,162
NC.MMLB.,2026,163
NC.MMLB.,2026,164
NC.MMLB.,2026,165
NC.MMLB.,2026,166
NC.MMLB.,2026,167
NC.MMLB.,2026,168
NC.NAD.01,2026,21
NC.NAD.01,2026,22
NC.NAD.01,2026,23
NC.NAD.01,2026,213
NC.NAD.01,2026,214
NC.NAD.20,2026,21
NC.NAD.20,2026,22
NC.NAD.20,2026,23
NC.NAD.20,2026,24
NC.NAD.20,2026,25
NC.NAD.20,2026,26
NC.NAD.20,2026,27
NC.NAD.20,2026,28
NC.NAD.20,2026,29
NC.NAD.20,2026,30
NC.NAD.20,2026,31
NC.NAD.20,2026,201
NC.NAD.20,2026,202
NC.NAD.20,2026,203
NC.NAD.20,2026,204
NC.NAD.20,2026,205
NC.NAD.20,2026,206
NC.NAD.20,2026,207
NC.NAD.20,2026,208
NC.NAD.20,2026,209
NC.NAD.20,2026,210
NC.NAD.20,2026,211
NC.NAD.20,2026,212
NC.NAD.20,2026,213
NC.NAD.20,2026,214
NC.NAPC.,2026,21
NC.NAPC.,2026,22
NC.NAPC.,2026,23
NC.NAPC.,2026,213
NC.NAPC.,2026,214
NC.NAPC.20,2026,21
NC.NAPC.20,2026,22
NC.NAPC.20,2026,23
NC.NAPC.20,2026,24
NC.NAPC.20,2026,25
NC.NAPC.20,2026,26
NC.NAPC.20,2026,27
NC.NAPC.20,2026,28
NC.NAPC.20,2026,29
NC.NAPC.20,2026,30
NC.NAPC.20,2026,31
NC.NAPC.20,2026,201
NC.NAPC.20,2026,202
NC.NAPC.20,2026,203
NC.NAPC.20,2026,204
NC.NAPC.20,2026,205
NC.NAPC.20,2026,206
NC.NAPC.20,2026,207
NC.NAPC.20,2026,208
NC.NAPC.20,2026,209
NC.NAPC.20,2026,210
NC.NAPC.20,2026,211
NC.NAPC.20,2026,212
NC.NAPC.20,2026,213
NC.NAPC.20,2026,214
NC.NBC.01,2026,21
NC.NBC.01,2026,22
NC.NBC.01,2026,23
NC.NBC.01,2026,213
NC.NBC.01,2026,214
NC.NBC.20,2026,21
NC.NBC.20,2026,22
NC.NBC.20,2026,23
NC.NBC.20,2026,24
NC.NBC.20,2026,25
NC.NBC.20,2026,26
NC.NBC.20,2026,27
NC.NBC.20,2026,28
NC.NBC.20,2026,29
NC.NBC.20,2026,30
NC.NBC.20,2026,31
NC.NBC.20,2026,201
NC.NBC.20,2026,202
NC.NBC.20,2026,203
NC.NBC.20,2026,204
NC.NBC.20,2026,205
NC.NBC.20,2026,206
NC.NBC.20,2026,207
NC.NBC.20,2026,208
NC.NBC.20,2026,209
NC.NBC.20,2026,210
NC.NBC.20,2026,211
NC.NBC.20,2026,212
NC.NBC.20,2026,213
NC.NBC.20,2026,214
NC.NBM.01,2026,21
NC.NBM.01,2026,22
NC.NBM.01,2026,23
NC.NBM.01,2026,213
NC.NBM.01,2026,214
NC.NBM.20,2026,21
NC.NBM.20,2026,22
NC.NBM.20,2026,23
NC.NBM.20,2026,24
NC.NBM.20,2026,25
NC.NBM.20,2026,26
NC.NBM.20,2026,27
NC.NBM.20,2026,28
NC.NBM.20,2026,29
NC.NBM.20,2026,30
NC.NBM.20,2026,31
NC.NBM.20,2026,201
NC.NBM.20,2026,202
NC.NBM.20,2026,203
NC.NBM.20,2026,204
NC.NBM.20,2026,205
NC.NBM.20,2026,206
NC.NBM.20,2026,207
NC.NBM.20,2026,208
NC.NBM.20,2026,209
NC.NBM.20,2026,210
NC.NBM.20,2026,211
NC.NBM.20,2026,212
NC.NBM.20,2026,213
NC.NBM.20,2026,214
NC.NBO.,2026,21
NC.NBO.,2026,22
NC.NBO.,2026,23
NC.NBO.,2026,213
NC.NBO.,2026,214
NC.NBPB.01,2026,21
NC.NBPB.01,2026,22
NC.NBPB.01,2026,23
NC.NBPB.01,2026,213
NC.NBPB.20,2026,21
NC.NBPB.20,2026,22
NC.NBPB.20,2026,23
NC.NBPB.20,2026,24
NC.NBPB.20,2026,25
NC.NBPB.20,2026,26
NC.NBPB.20,2026,27
NC.NBPB.20,2026,28
NC.NBPB.20,2026,29
NC.NBPB.20,2026,30
NC.NBPB.20,2026,31
NC.NBPB.20,2026,201
NC.NBPB.20,2026,202
NC.NBPB.20,2026,203
NC.NBPB.20,2026,204
NC.NBPB.20,2026,205
NC.NBPB.20,2026,206
NC.NBPB.20,2026,207
NC.NBPB.20,2026,208
NC.NBPB.20,2026,209
NC.NBPB.20,2026,210
NC.NBPB.20,2026,211
NC.NBPB.20,2026,212
NC.NBPB.20,2026,213
NC.NBPB.20,2026,214
NC.NBRB.,2026,21
NC.NBRB.,2026,22
NC.NBRB.,2026,23
NC.NBRB.,2026,213
NC.NBRB.20,2026,21
NC.NBRB.20,2026,22
NC.NBRB.20,2026,23
NC.NBRB.20,2026,24
NC.NBRB.20,2026,25
NC.NBRB.20,2026,26
NC.NBRB.20,2026,27
NC.NBRB.20,2026,28
NC.NBRB.20,2026,29
NC.NBRB.20,2026,30
NC.NBRB.20,2026,31
NC.NBRB.20,2026,201
NC.NBRB.20,2026,202
NC.NBRB.20,2026,203
NC.NBRB.20,2026,204
NC.NBRB.20,2026,205
NC.NBRB.20,2026,206
NC.NBRB.20,2026,207
NC.NBRB.20,2026,208
NC.NBRB.20,2026,209
NC.NBRB.20,2026,210
NC.NBRB.20,2026,211
NC.NBRB.20,2026,212
NC.NBRB.20,2026,213
NC.NBRB.20,2026,214
NC.NBW.01,2026,21
NC.NBW.01,2026,22
NC.NBW.01,2026,23
NC.NBW.01,2026,213
NC.NBW.20,2026,21
NC.NBW.20,2026,22
NC.NBW.20,2026,23
NC.NBW.20,2026,24
NC.NBW.20,2026,25
NC.NBW.20,2026,26
NC.NBW.20,2026,27
NC.NBW.20,2026,28
NC.NBW.20,2026,29
NC.NBW.20,2026,30
NC.NBW.20,2026,31
NC.NBW.20,2026,201
NC.NBW.20,2026,202
NC.NBW.20,2026,203
NC.NBW.20,2026,204
NC.NBW.20,2026,205
NC.NBW.20,2026,206
NC.NBW.20,2026,207
NC.NBW.20,2026,208
NC.NBW.20,2026,209
NC.NBW.20,2026,210
NC.NBW.20,2026,211
NC.NBW.20,2026,212
NC.NBW.20,2026,213
NC.NBW.20,2026,214
NC.NCC.,2026,21
NC.NCC.,2026,22
NC.NCC.,2026,23
NC.NCC.,2026,201
NC.NCC.,2026,202
NC.NCC.,2026,203
NC.NCC.,2026,212
NC.NCC.,2026,213
NC.NCO.01,2026,21
NC.NCO.01,2026,22
NC.NCO.01,2026,23
NC.NCO.01,2026,213
NC.NCO.20,2026,21
NC.NCO.20,2026,22
NC.NCO.20,2026,23
NC.NCO.20,2026,24
NC.NCO.20,2026,25
NC.NCO.20,2026,26
NC.NCO.20,2026,27
NC.NCO.20,2026,28
NC.NCO.20,2026,29
NC.NCO.20,2026,30
NC.NCO.20,2026,31
NC.NCO.20,2026,201
NC.NCO.20,2026,202
NC.NCO.20,2026,203
NC.NCO.20,2026,204
NC.NCO.20,2026,205
NC.NCO.20,2026,206
NC.NCO.20,2026,207
NC.NCO.20,2026,208
NC.NCO.20,2026,209
NC.NCO.20,2026,210
NC.NCO.20,2026,211
NC.NCO.20,2026,212
NC.NCO.20,2026,213
NC.NCO.20,2026,214
NC.NCT.,2026,21
NC.NCT.,2026,22
NC.NCT.,2026,213
NC.NEA.,2026,21
NC.NEA.,2026,22
NC.NEA.,2026,213
NC.NEA.20,2026,21
NC.NEA.20,2026,22
NC.NEA.20,2026,23
NC.NEA.20,2026,24
NC.NEA.20,2026,25
NC.NEA.20,2026,26
NC.NEA.20,2026,27
NC.NEA.20,2026,28
NC.NEA.20,2026,29
NC.NEA.20,2026,30
NC.NEA.20,2026,31
NC.NEA.20,2026,201
NC.NEA.20,2026,202
NC.NEA.20,2026,203
NC.NEA.20,2026,204
NC.NEA.20,2026,205
NC.NEA.20,2026,206
NC.NEA.20,2026,207
NC.NEA.20,2026,208
NC.NEA.20,2026,209
NC.NEA.20,2026,210
NC.NEA.20,2026,211
NC.NEA.20,2026,212
NC.NEA.20,2026,213
NC.NEA.20,2026,214
NC.NFRB.01,2026,21
NC.NFRB.01,2026,22
NC.NFRB.01,2026,213
NC.NFVB.01,2026,21
NC.NFVB.01,2026,22
NC.NFVB.01,2026,213
NC.NFVB.20,2026,21
NC.NFVB.20,2026,22
NC.NFVB.20,2026,23
NC.NFVB.20,2026,24
NC.NFVB.20,2026,25
NC.NFVB.20,2026,26
NC.NFVB.20,2026,27
NC.NFVB.20,2026,28
NC.NFVB.20,2026,29
NC.NFVB.20,2026,30
NC.NFVB.20,2026,31
NC.NFVB.20,2026,201
NC.NFVB.20,2026,202
NC.NFVB.20,2026,203
NC.NFVB.20,2026,204
NC.NFVB.20,2026,205
NC.NFVB.20,2026,206
NC.NFVB.20,2026,207
NC.NFVB.20,2026,208
NC.NFVB.20,2026,209
NC.NFVB.20,2026,210
NC.NFVB.20,2026,211
NC.NFVB.20,2026,212
NC.NFVB.20,2026,213
NC.NFVB.20,2026,214
NC.NGI.01,2026,21
NC.NGI.01,2026,22
NC.NGI.01,2026,213
NC.NGI.20,2026,21
NC.NGI.20,2026,22
NC.NGI.20,2026,23
NC.NGI.20,2026,24
NC.NGI.20,2026,25
NC.NGI.20,2026,26
NC.NGI.20,2026,27
NC.NGI.20,2026,28
NC.NGI.20,2026,29
NC.NGI.20,2026,30
NC.NGI.20,2026,31
NC.NGI.20,2026,201
NC.NGI.20,2026,202
NC.NGI.20,2026,203
NC.NGI.20,2026,204
NC.NGI.20,2026,205
NC.NGI.20,2026,206
NC.NGI.20,2026,207
NC.NGI.20,2026,208
NC.NGI.20,2026,209
NC.NGI.20,2026,210
NC.NGI.20,2026,211
NC.NGI.20,2026,212
NC.NGI.20,2026,213
NC.NGI.20,2026,214
NC.NGVB.,2026,101
NC.NGVB.,2026,102
NC.NGVB.,2026,103
NC.NGVB.,2026,104
NC.NGVB.,2026,105
NC.NGVB.,2026,106
NC.NGVB.,2026,107
NC.NGVB.,2026,108
NC.NGVB.20,2026,101
NC.NGVB.20,2026,102
NC.NGVB.20,2026,103
NC.NGVB.20,2026,104
NC.NGVB.20,2026,105
NC.NGVB.20,2026,106
NC.NGVB.20,2026,107
NC.NGVB.20,2026,108
NC.NGVB.20,2026,109
NC.NGVB.20,2026,110
NC.NGVB.20,2026,111
NC.NGVB.20,2026,112
NC.NGVB.20,2026,113
NC.NGVB.20,2026,114
NC.NHC.,2026,101
NC.NHC.,2026,102
NC.NHC.,2026,103
NC.NHC.,2026,104
NC.NHC.,2026,105
NC.NHC.,2026,106
NC.NHC.,2026,107
NC.NHC.,2026,108
NC.NHC.20,2026,101
NC.NHC.20,2026,102
NC.NHC.20,2026,103
NC.NHC.20,2026,104
NC.NHC.20,2026,105
NC.NHC.20,2026,106
NC.NHC.20,2026,107
NC.NHC.20,2026,108
NC.NHC.20,2026,109
NC.NHC.20,2026,110
NC.NHC.20,2026,111
NC.NHC.20,2026,112
NC.NHC.20,2026,113
NC.NHC.20,2026,114
NC.NHF.,2026,101
NC.NHF.,2026,102
NC.NHF.,2026,103
NC.NHF.,2026,104
NC.NHF.,2026,105
NC.NHF.,2026,106
NC.NHF.,2026,107
NC.NHF.,2026,108
NC.NHF.10,2026,101
NC.NHF.10,2026,102
NC.NHF.10,2026,103
NC.NHF.10,2026,104
NC.NHF.10,2026,105
NC.NHF.10,2026,106
NC.NHF.10,2026,107
NC.NHF.10,2026,108
NC.NHF.10,2026,109
NC.NHF.10,2026,110
NC.NHF.10,2026,111
NC.NHF.10,2026,112
NC.NHF.10,2026,113
NC.NHF.10,2026,114
NC.NHM.,2026,101
NC.NHM.,2026,102
NC.NHM.,2026,103
NC.NHM.,2026,104
NC.NHM.,2026,105
NC.NHM.,2026,106
NC.NHM.,2026,107
NC.NHM.,2026,108
NC.NHM.01,2026,101
NC.NHM.01,2026,102
NC.NHM.01,2026,103
NC.NHM.01,2026,104
NC.NHM.01,2026,105
NC.NHM.01,2026,106
NC.NHM.01,2026,107
NC.NHM.01,2026,108
NC.NHM.01,2026,109
NC.NHM.01,2026,110
NC.NHM.01,2026,111
NC.NHM.01,2026,112
NC.NHM.01,2026,113
NC.NHM.01,2026,114
NC.NHM.02,2026,101
NC.NHM.02,2026,102
NC.NHM.02,2026,103
NC.NHM.02,2026,104
NC.NHM.02,2026,105
NC.NHM.02,2026,106
NC.NHM.02,2026,107
NC.NHM.02,2026,108
NC.NHM.02,2026,109
NC.NHM.02,2026,110
NC.NHM.02,2026,111
NC.NHM.02,2026,112
NC.NHM.02,2026,113
NC.NHM.02,2026,114
NC.NHM.20,2026,101
NC.NHM.20,2026,102
NC.NHM.20,2026,103
NC.NHM.20,2026,104
NC.NHM.20,2026,105
NC.NHM.20,2026,106
NC.NHM.20,2026,107
NC.NHM.20,2026,108
NC.NHM.20,2026,109
NC.NHM.20,2026,110
NC.NHM.20,2026,111
NC.NHM.20,2026,112
NC.NHM.20,2026,113
NC.NHM.20,2026,114
NC.NHS.,2026,101
NC.NHS.,2026,102
NC.NHS.,2026,103
NC.NHS.,2026,104
NC.NHS.,2026,105
NC.NHS.,2026,106
NC.NHS.,2026,107
NC.NHS.,2026,108
NC.NHV.,2026,101
NC.NHV.,2026,102
NC.NHV.,2026,103
NC.NHV.,2026,104
NC.NHV.,2026,105
NC.NHV.,2026,106
NC.NHV.,2026,107
NC.NHV.,2026,108
NC.NKPH.01,2026,101
NC.NKPH.01,2026,102
NC.NKPH.01,2026,103
NC.NKPH.01,2026,104
NC.NKPH.01,2026,105
NC.NKPH.01,2026,106
NC.NKPH.01,2026,107
NC.NKPH.01,2026,108
NC.NKPH.20,2026,101
NC.NKPH.20,2026,102
NC.NKPH.20,2026,103
NC.NKPH.20,2026,104
NC.NKPH.20,2026,105
NC.NKPH.20,2026,106
NC.NKPH.20,2026,107
NC.NKPH.20,2026,108
NC.NKPH.20,2026,109
NC.NKPH.20,2026,110
NC.NKPH.20,2026,111
NC.NKPH.20,2026,112
NC.NKPH.20,2026,113
NC.NKPH.20,2026,114
NC.NLB.01,2026,101
NC.NLB.01,2026,102
NC.NLB.01,2026,103
NC.NLB.01,2026,104
NC.NLB.01,2026,105
NC.NLB.01,2026,106
NC.NLB.01,2026,107
NC.NLB.01,2026,108
NC.NLB.20,2026,101
NC.NLB.20,2026,102
NC.NLB.20,2026,103
NC.NLB.20,2026,104
NC.NLB.20,2026,105
NC.NLB.20,2026,106
NC.NLB.20,2026,107
NC.NLB.20,2026,108
NC.NLB.20,2026,109
NC.NLB.20,2026,110
NC.NLB.20,2026,111
NC.NLB.20,2026,112
NC.NLB.20,2026,113
NC.NLB.20,2026,114
NC.NLH.,2026,101
NC.NLH.,2026,102
NC.NLH.,2026,103
NC.NLH.,2026,104
NC.NLH.,2026,105
NC.NLH.,2026,106
NC.NLH.,2026,107
NC.NLH.,2026,108
NC.NLH.20,2026,101
NC.NLH.20,2026,102
NC.NLH.20,2026,103
NC.NLH.20,2026,104
NC.NLH.20,2026,105
NC.NLH.20,2026,106
NC.NLH.20,2026,107
NC.NLH.20,2026,108
NC.NLH.20,2026,109
NC.NLH.20,2026,110
NC.NLH.20,2026,111
NC.NLH.20,2026,112
NC.NLH.20,2026,113
NC.NLH.20,2026,114
NC.NLL.01,2026,101
NC.NLL.01,2026,102
NC.NLL.01,2026,103
NC.NLL.01,2026,104
NC.NLL.01,2026,105
NC.NLL.01,2026,106
NC.NLL.01,2026,107
NC.NLL.01,2026,108
NC.NLL.01,2026,109
NC.NLL.01,2026,110
NC.NLL.01,2026,111
NC.NLL.01,2026,113
NC.NMB.01,2026,101
NC.NMB.01,2026,102
NC.NMB.01,2026,103
NC.NMB.01,2026,104
NC.NMB.01,2026,105
NC.NMB.01,2026,106
NC.NMB.01,2026,107
NC.NMB.01,2026,108
NC.NMI.,2026,101
NC.NMI.,2026,102
NC.NMI.,2026,103
NC.NMI.,2026,104
NC.NMI.,2026,105
NC.NMI.,2026,106
NC.NMI.,2026,107
NC.NMI.,2026,108
NC.NMI.10,2026,101
NC.NMI.10,2026,102
NC.NMI.10,2026,103
NC.NMI.10,2026,104
NC.NMI.10,2026,105
NC.NMI.10,2026,106
NC.NMI.10,2026,107
NC.NMI.10,2026,108
NC.NMI.10,2026,109
NC.NMI.10,2026,110
NC.NMI.10,2026,111
NC.NMI.10,2026,112
NC.NMI.10,2026,113
NC.NMI.10,2026,114
NC.NMK.01,2026,101
NC.NMK.01,2026,102
NC.NMK.01,2026,103
NC.NMK.01,2026,104
NC.NMK.01,2026,105
NC.NMK.01,2026,106
NC.NMK.01,2026,107
NC.NMK.01,2026,108
NC.NMTB.01,2026,101
NC.NMTB.01,2026,102
NC.NMTB.01,2026,103
NC.NMTB.01,2026,104
NC.NMTB.01,2026,105
NC.NMTB.01,2026,106
NC.NMTB.01,2026,107
NC.NMTB.01,2026,108
NC.NMTB.20,2026,101
NC.NMTB.20,2026,102
NC.NMTB.20,2026,103
NC.NMTB.20,2026,104
NC.NMTB.20,2026,105
NC.NMTB.20,2026,106
NC.NMTB.20,2026,107
NC.NMTB.20,2026,108
NC.NMTB.20,2026,109
NC.NMTB.20,2026,110
NC.NMTB.20,2026,111
NC.NMTB.20,2026,112
NC.NMTB.20,2026,113
NC.NMTB.20,2026,114
NC.NNI.01,2026,101
NC.NNI.01,2026,102
NC.NNI.01,2026,103
NC.NNI.01,2026,104
NC.NNI.01,2026,105
NC.NNI.01,2026,106
NC.NNI.01,2026,107
NC.NNI.01,2026,108
NC.NNI.20,2026,101
NC.NNI.20,2026,102
NC.NNI.20,2026,103
NC.NNI.20,2026,104
NC.NNI.20,2026,105
NC.NNI.20,2026,106
NC.NNI.20,2026,107
NC.NNI.20,2026,108
NC.NNI.20,2026,109
NC.NNI.20,2026,110
NC.NNI.20,2026,111
NC.NNI.20,2026,112
NC.NNI.20,2026,113
NC.NNI.20,2026,114
NC.PCHD.01,2026,91
NC.PCHD.01,2026,101
NC.PCHD.01,2026,102
NC.PCHD.01,2026,103
NC.PCHD.01,2026,104
NC.PCHD.01,2026,121
NC.PCHD.01,2026,122
NC.PCHD.01,2026,123
NC.PCHD.01,2026,124
NC.PCHD.01,2026,125
NC.PCHD.01,2026,126
NC.PCHD.01,2026,127
NC.PCHD.01,2026,128
NC.PCHD.20,2026,121
NC.PCHD.20,2026,122
NC.PCHD.20,2026,123
NC.PCHD.20,2026,124
NC.PCHD.20,2026,125
NC.PCHD.20,2026,126
NC.PCHD.20,2026,127
NC.PCHD.20,2026,128
NC.PCHD.20,2026,129
NC.PCHD.20,2026,130
NC.PCHD.20,2026,131
NC.PCHD.20,2026,132
NC.PCHD.20,2026,133
NC.PCHD.20,2026,134
NC.PCHD.20,2026,135
NC.PCM.,2026,85
NC.PCM.,2026,87
NC.PCM.,2026,90
NC.PCM.,2026,91
NC.PCM.,2026,93
NC.PCM.,2026,95
NC.PCM.,2026,97
NC.PCM.,2026,98
NC.PCM.,2026,101
NC.PCM.,2026,102
NC.PCM.,2026,103
NC.PCM.,2026,104
NC.PCM.,2026,114
NC.PCM.,2026,121
NC.PCM.,2026,122
NC.PCM.,2026,123
NC.PCM.,2026,124
NC.PCM.,2026,125
NC.PCM.,2026,126
NC.PCM.,2026,127
NC.PCM.,2026,128
NC.PCM.,2026,129
NC.PCM.,2026,134
NC.PDRB.01,2026,91
NC.PDRB.01,2026,101
NC.PDRB.01,2026,102
NC.PDRB.01,2026,103
NC.PDRB.01,2026,104
NC.PDRB.01,2026,121
NC.PDRB.01,2026,122
NC.PDRB.01,2026,123
NC.PDRB.01,2026,124
NC.PDRB.01,2026,125
NC.PDRB.01,2026,126
NC.PDRB.01,2026,127
NC.PDRB.01,2026,128
NC.PDRB.20,2026,121
NC.PDRB.20,2026,122
NC.PDRB.20,2026,123
NC.PDRB.20,2026,124
NC.PDRB.20,2026,125
NC.PDRB.20,2026,126
NC.PDRB.20,2026,127
NC.PDRB.20,2026,128
NC.PDRB.20,2026,129
NC.PDRB.20,2026,130
NC.PDRB.20,2026,131
NC.PDRB.20,2026,132
NC.PDRB.20,2026,133
NC.PDRB.20,2026,134
NC.PDRB.20,2026,135
NC.PGH.,2026,121
NC.PGH.,2026,122
NC.PGH.,2026,123
NC.PGH.,2026,124
NC.PGH.,2026,125
NC.PGH.,2026,126
NC.PGH.,2026,127
NC.PGH.,2026,128
NC.PGH.,2026,129
NC.PGH.,2026,130
NC.PGH.,2026,131
NC.PGH.,2026,132
NC.PGH.,2026,133
NC.PGH.,2026,134
NC.PGH.,2026,135
NC.PGH.01,2026,91
NC.PGH.01,2026,101
NC.PGH.01,2026,102
NC.PGH.01,2026,103
NC.PGH.01,2026,104
NC.PGH.01,2026,121
NC.PGH.01,2026,122
NC.PGH.01,2026,123
NC.PGH.01,2026,124
NC.PGH.01,2026,125
NC.PGH.01,2026,126
NC.PGH.01,2026,127
NC.PGH.20,2026,121
NC.PGH.20,2026,122
NC.PGH.20,2026,123
NC.PGH.20,2026,124
NC.PGH.20,2026,125
NC.PGH.20,2026,126
NC.PGH.20,2026,127
NC.PGH.20,2026,128
NC.PGH.20,2026,129
NC.PGH.20,2026,130
NC.PGH.20,2026,131
NC.PGH.20,2026,132
NC.PGH.20,2026,133
NC.PGH.20,2026,134
NC.PGH.20,2026,135
NC.PHA.,2026,81
NC.PHA.,2026,82
NC.PHA.,2026,83
NC.PHA.,2026,84
NC.PHA.,2026,85
NC.PHA.,2026,86
NC.PHA.,2026,87
NC.PHA.,2026,88
NC.PHA.,2026,89
NC.PHA.,2026,90
NC.PHA.,2026,91
NC.PHA.,2026,92
NC.PHA.,2026,93
NC.PHA.,2026,94
NC.PHA.,2026,95
NC.PHA.,2026,96
NC.PHA.,2026,97
NC.PHA.,2026,98
NC.PHA.,2026,101
NC.PHA.,2026,102
NC.PHA.,2026,103
NC.PHA.,2026,104
NC.PHA.,2026,105
NC.PHA.,2026,106
NC.PHA.,2026,107
NC.PHA.,2026,108
NC.PHA.,2026,109
NC.PHA.,2026,110
NC.PHA.,2026,111
NC.PHA.,2026,112
NC.PHA.,2026,113
NC.PHA.,2026,114
NC.PHA.,2026,115
NC.PHA.,2026,116
NC.PHA.,2026,117
NC.PHA.,2026,118
NC.PHA.,2026,121
NC.PHA.,2026,122
NC.PHA.,2026,123
NC.PHA.,2026,124
NC.PHA.,2026,125
NC.PHA.,2026,126
NC.PHA.,2026,127
NC.PHA.,2026,128
NC.PHA.,2026,129
NC.PHA.,2026,130
NC.PHA.,2026,131
NC.PHA.,2026,132
NC.PHA.,2026,133
NC.PHA.,2026,134
NC.PHA.,2026,135
NC.PHC.,2026,121
NC.PHC.,2026,122
NC.PHC.,2026,123
NC.PHC.,2026,124
NC.PHC.,2026,125
NC.PHC.,2026,126
NC.PHC.,2026,127
NC.PHC.,2026,128
NC.PHC.,2026,129
NC.PHC.,2026,130
NC.PHC.,2026,131
NC.PHC.,2026,132
NC.PHC.,2026,133
NC.PHC.,2026,134
NC.PHC.,2026,135
NC.PHC.01,2026,91
NC.PHC.01,2026,101
NC.PHC.01,2026,102
NC.PHC.01,2026,103
NC.PHC.01,2026,104
NC.PHC.01,2026,121
NC.PHC.01,2026,122
NC.PHC.01,2026,123
NC.PHC.01,2026,124
NC.PHC.01,2026,125
NC.PHC.01,2026,126
NC.PHC.01,2026,127
NC.PHC.20,2026,121
NC.PHC.20,2026,122
NC.PHC.20,2026,123
NC.PHC.20,2026,124
NC.PHC.20,2026,125
NC.PHC.20,2026,126
NC.PHC.20,2026,127
NC.PHC.20,2026,128
NC.PHC.20,2026,129
NC.PHC.20,2026,130
NC.PHC.20,2026,131
NC.PHC.20,2026,132
NC.PHC.20,2026,133
NC.PHC.20,2026,134
NC.PHC.20,2026,135
NC.PHF.,2026,91
NC.PHF.,2026,101
NC.PHF.,2026,102
NC.PHF.,2026,103
NC.PHF.,2026,104
NC.PHF.,2026,121
NC.PHF.,2026,122
NC.PHF.,2026,123
NC.PHF.,2026,124
NC.PHF.,2026,125
NC.PHF.,2026,126
NC.PHF.,2026,127
NC.PHOC.01,2026,91
NC.PHOC.01,2026,101
NC.PHOC.01,2026,102
NC.PHOC.01,2026,103
NC.PHOC.01,2026,121
NC.PHOC.01,2026,122
NC.PHOC.01,2026,123
NC.PHOC.01,2026,124
NC.PHOC.01,2026,125
NC.PHOC.01,2026,126
NC.PHOC.01,2026,127
NC.PHOC.20,2026,121
NC.PHOC.20,2026,122
NC.PHOC.20,2026,123
NC.PHOC.20,2026,124
NC.PHOC.20,2026,125
NC.PHOC.20,2026,126
NC.PHOC.20,2026,127
NC.PHOC.20,2026,128
NC.PHOC.20,2026,129
NC.PHOC.20,2026,130
NC.PHOC.20,2026,131
NC.PHOC.20,2026,132
NC.PHOC.20,2026,133
NC.PHOC.20,2026,134
NC.PHOC.20,2026,135
NC.PHP.,2026,91
NC.PHP.,2026,101
NC.PHP.,2026,102
NC.PHP.,2026,103
NC.PHP.,2026,121
NC.PHP.,2026,122
NC.PHP.,2026,123
NC.PHP.,2026,124
NC.PHP.,2026,125
NC.PHP.,2026,126
NC.PHP.,2026,127
NC.PHP.,2026,132
NC.PHR.,2026,121
NC.PHR.,2026,122
NC.PHR.,2026,123
NC.PHR.,2026,124
NC.PHR.,2026,125
NC.PHR.,2026,126
NC.PHR.,2026,127
NC.PHR.,2026,128
NC.PHR.,2026,129
NC.PHR.,2026,130
NC.PHR.,2026,131
NC.PHR.,2026,132
NC.PHR.,2026,133
NC.PHR.,2026,134
NC.PHR.,2026,135
NC.PHR.01,2026,91
NC.PHR.01,2026,101
NC.PHR.01,2026,102
NC.PHR.01,2026,103
NC.PHR.01,2026,121
NC.PHR.01,2026,122
NC.PHR.01,2026,123
NC.PHR.01,2026,124
NC.PHR.01,2026,125
NC.PHR.01,2026,126
NC.PHR.01,2026,127
NC.PHR.20,2026,121
NC.PHR.20,2026,122
NC.PHR.20,2026,123
NC.PHR.20,2026,124
NC.PHR.20,2026,125
NC.PHR.20,2026,126
NC.PHR.20,2026,127
NC.PHR.20,2026,128
NC.PHR.20,2026,129
NC.PHR.20,2026,130
NC.PHR.20,2026,131
NC.PHR.20,2026,132
NC.PHR.20,2026,133
NC.PHR.20,2026,134
NC.PHR.20,2026,135
NC.PHSB.,2026,101
NC.PHSB.,2026,102
NC.PHSB.,2026,103
NC.PHSB.,2026,121
NC.PHSB.,2026,122
NC.PHSB.,2026,123
NC.PHSB.,2026,124
NC.PHSB.,2026,125
NC.PHSB.,2026,126
NC.PHSB.,2026,127
NC.PIR.,2026,101
NC.PIR.,2026,102
NC.PIR.,2026,103
NC.PIR.,2026,104
NC.PIR.,2026,105
NC.PIR.,2026,106
NC.PIR.,2026,107
NC.PIR.,2026,108
NC.PIR.,2026,109
NC.PIR.,2026,110
NC.PIR.,2026,111
NC.PIR.,2026,112
NC.PIR.,2026,113
NC.PIR.,2026,114
NC.PIR.,2026,201
NC.PIR.,2026,202
NC.PIR.,2026,203
NC.PIR.,2026,204
NC.PIR.,2026,205
NC.PIR.,2026,206
NC.PIR.,2026,207
NC.PIR.,2026,208
NC.PIR.,2026,209
NC.PIR.,2026,210
NC.PIR.,2026,241
NC.PIR.,2026,242
NC.PIR.,2026,243
NC.PIR.,2026,244
NC.PIR.,2026,245
NC.PJC.,2026,101
NC.PJC.,2026,102
NC.PJC.,2026,103
NC.PJC.,2026,104
NC.PJC.,2026,105
NC.PJC.,2026,106
NC.PJC.,2026,107
NC.PJC.,2026,108
NC.PJC.,2026,109
NC.PJC.,2026,110
NC.PJC.,2026,111
NC.PJC.,2026,112
NC.PJC.,2026,113
NC.PJC.,2026,114
NC.PJC.,2026,201
NC.PJC.,2026,202
NC.PJC.,2026,203
NC.PJC.,2026,204
NC.PJC.,2026,205
NC.PJC.,2026,206
NC.PJC.,2026,207
NC.PJC.,2026,208
NC.PJC.,2026,209
NC.PJC.,2026,210
NC.PJC.,2026,211
NC.PJC.01,2026,101
NC.PJC.01,2026,102
NC.PJC.01,2026,103
NC.PJC.01,2026,104
NC.PJC.01,2026,105
NC.PJC.01,2026,106
NC.PJC.01,2026,107
NC.PJC.01,2026,108
NC.PJC.01,2026,109
NC.PJC.01,2026,201
NC.PJC.01,2026,202
NC.PJC.01,2026,203
NC.PJC.01,2026,204
NC.PJC.01,2026,205
NC.PJC.01,2026,244
NC.PJC.01,2026,245
NC.PKL.,2026,101
NC.PKL.,2026,102
NC.PKL.,2026,103
NC.PKL.,2026,104
NC.PKL.,2026,105
NC.PKL.,2026,106
NC.PKL.,2026,107
NC.PKL.,2026,108
NC.PKL.,2026,109
NC.PKL.,2026,110
NC.PKL.,2026,201
NC.PKL.,2026,202
NC.PKL.,2026,203
NC.PKL.,2026,204
NC.PKL.,2026,205
NC.PKL.,2026,244
NC.PKL.,2026,245
NC.PKYB.01,2026,101
NC.PKYB.01,2026,102
NC.PKYB.01,2026,103
NC.PKYB.01,2026,104
NC.PKYB.01,2026,105
NC.PKYB.01,2026,106
NC.PKYB.01,2026,107
NC.PKYB.01,2026,108
NC.PKYB.01,2026,109
NC.PKYB.01,2026,201
NC.PKYB.01,2026,202
NC.PKYB.01,2026,203
NC.PKYB.01,2026,204
NC.PKYB.01,2026,205
NC.PKYB.01,2026,244
NC.PKYB.01,2026,245
NC.PKYB.20,2026,101
NC.PKYB.20,2026,102
NC.PKYB.20,2026,103
NC.PKYB.20,2026,104
NC.PKYB.20,2026,105
NC.PKYB.20,2026,106
NC.PKYB.20,2026,107
NC.PKYB.20,2026,108
NC.PKYB.20,2026,109
NC.PKYB.20,2026,110
NC.PKYB.20,2026,111
NC.PKYB.20,2026,112
NC.PKYB.20,2026,113
NC.PKYB.20,2026,114
NC.PKYB.20,2026,201
NC.PKYB.20,2026,202
NC.PKYB.20,2026,203
NC.PKYB.20,2026,204
NC.PKYB.20,2026,205
NC.PKYB.20,2026,206
NC.PKYB.20,2026,207
NC.PKYB.20,2026,208
NC.PKYB.20,2026,209
NC.PKYB.20,2026,210
NC.PKYB.20,2026,211
NC.PL11C.01,2026,101
NC.PL11C.01,2026,102
NC.PL11C.01,2026,103
NC.PL11C.01,2026,104
NC.PL11C.01,2026,105
NC.PL11C.01,2026,106
NC.PL11C.01,2026,107
NC.PL11C.01,2026,108
NC.PL11C.01,2026,109
NC.PL11C.01,2026,201
NC.PL11C.01,2026,202
NC.PL11C.01,2026,203
NC.PL11C.01,2026,204
NC.PL11C.01,2026,205
NC.PL11C.01,2026,206
NC.PL11C.01,2026,207
NC.PL11C.01,2026,208
NC.PL11C.01,2026,209
NC.PL11C.01,2026,210
NC.PL11C.01,2026,211
NC.PL11C.20,2026,101
NC.PL11C.20,2026,102
NC.PL11C.20,2026,103
NC.PL11C.20,2026,104
NC.PL11C.20,2026,105
NC.PL11C.20,2026,106
NC.PL11C.20,2026,107
NC.PL11C.20,2026,108
NC.PL11C.20,2026,109
NC.PL11C.20,2026,110
NC.PL11C.20,2026,111
NC.PL11C.20,2026,112
NC.PL11C.20,2026,113
NC.PL11C.20,2026,114
NC.PL11C.20,2026,201
NC.PL11C.20,2026,202
NC.PL11C.20,2026,203
NC.PL11C.20,2026,204
NC.PL11C.20,2026,205
NC.PL11C.20,2026,206
NC.PL11C.20,2026,207
NC.PL11C.20,2026,208
NC.PL11C.20,2026,209
NC.PL11C.20,2026,210
NC.PL11C.20,2026,211
NC.PLOB.01,2026,101
NC.PLOB.01,2026,102
NC.PLOB.01,2026,103
NC.PLOB.01,2026,104
NC.PLOB.01,2026,105
NC.PLOB.01,2026,106
NC.PLOB.01,2026,107
NC.PLOB.01,2026,108
NC.PLOB.01,2026,109
NC.PLOB.01,2026,201
NC.PLOB.01,2026,202
NC.PLOB.01,2026,203
NC.PLOB.01,2026,204
NC.PLOB.01,2026,205
NC.PLOB.01,2026,244
NC.PLOB.01,2026,245
NC.PLOB.20,2026,101
NC.PLOB.20,2026,102
NC.PLOB.20,2026,103
NC.PLOB.20,2026,104
NC.PLOB.20,2026,105
NC.PLOB.20,2026,106
NC.PLOB.20,2026,107
NC.PLOB.20,2026,108
NC.PLOB.20,2026,109
NC.PLOB.20,2026,110
NC.PLOB.20,2026,111
NC.PLOB.20,2026,112
NC.PLOB.20,2026,113
NC.PLOB.20,2026,114
NC.PLOB.20,2026,201
NC.PLOB.20,2026,202
NC.PLOB.20,2026,203
NC.PLOB.20,2026,204
NC.PLOB.20,2026,205
NC.PLOB.20,2026,206
NC.PLOB.20,2026,207
NC.PLOB.20,2026,208
NC.PLOB.20,2026,209
NC.PLOB.20,2026,210
NC.PLOB.20,2026,211
NC.PMPB.,2026,101
NC.PMPB.,2026,102
NC.PMPB.,2026,103
NC.PMPB.,2026,104
NC.PMPB.,2026,105
NC.PMPB.,2026,106
NC.PMPB.,2026,107
NC.PMPB.,2026,108
NC.PMPB.,2026,109
NC.PMPB.,2026,201
NC.PMPB.,2026,202
NC.PMPB.,2026,203
NC.PMPB.,2026,204
NC.PMPB.,2026,205
NC.PMPB.,2026,244
NC.PMPB.,2026,245
NC.PMPB.20,2026,101
NC.PMPB.20,2026,102
NC.PMPB.20,2026,103
NC.PMPB.20,2026,104
NC.PMPB.20,2026,105
NC.PMPB.20,2026,106
NC.PMPB.20,2026,107
NC.PMPB.20,2026,108
NC.PMPB.20,2026,109
NC.PMPB.20,2026,110
NC.PMPB.20,2026,111
NC.PMPB.20,2026,112
NC.PMPB.20,2026,113
NC.PMPB.20,2026,114
NC.PMPB.20,2026,201
NC.PMPB.20,2026,202
NC.PMPB.20,2026,203
NC.PMPB.20,2026,204
NC.PMPB.20,2026,205
NC.PMPB.20,2026,206
NC.PMPB.20,2026,207
NC.PMPB.20,2026,208
NC.PMPB.20,2026,209
NC.PMPB.20,2026,210
NC.PMPB.20,2026,211
NC.PMR.,2026,101
NC.PMR.,2026,102
NC.PMR.,2026,103
NC.PMR.,2026,104
NC.PMR.,2026,105
NC.PMR.,2026,106
NC.PMR.,2026,107
NC.PMR.,2026,108
NC.PMR.,2026,109
NC.PMR.,2026,110
NC.PMR.,2026,113
NC.PMR.,2026,201
NC.PMR.,2026,202
NC.PMR.,2026,203
NC.PMR.,2026,204
NC.PMR.,2026,205
NC.PMR.,2026,206
NC.PMR.,2026,244
NC.PMR.,2026,245
NC.PPBB.01,2026,101
NC.PPBB.01,2026,102
NC.PPBB.01,2026,103
NC.PPBB.01,2026,104
NC.PPBB.01,2026,105
NC.PPBB.01,2026,106
NC.PPBB.01,2026,107
NC.PPBB.01,2026,108
NC.PPBB.01,2026,201
NC.PPBB.01,2026,202
NC.PPBB.01,2026,203
NC.PPBB.01,2026,204
NC.PPBB.01,2026,205
NC.PPBB.01,2026,241
NC.PPBB.01,2026,244
NC.PPBB.01,2026,245
NC.PPBB.20,2026,101
NC.PPBB.20,2026,102
NC.PPBB.20,2026,103
NC.PPBB.20,2026,104
NC.PPBB.20,2026,105
NC.PPBB.20,2026,106
NC.PPBB.20,2026,107
NC.PPBB.20,2026,108
NC.PPBB.20,2026,109
NC.PPBB.20,2026,110
NC.PPBB.20,2026,111
NC.PPBB.20,2026,112
NC.PPBB.20,2026,113
NC.PPBB.20,2026,114
NC.PPBB.20,2026,201
NC.PPBB.20,2026,202
NC.PPBB.20,2026,203
NC.PPBB.20,2026,204
NC.PPBB.20,2026,205
NC.PPBB.20,2026,206
NC.PPBB.20,2026,207
NC.PPBB.20,2026,208
NC.PPBB.20,2026,209
NC.PPBB.20,2026,210
NC.PPBB.20,2026,211
NN.AGLV.,2026,121
NN.AGLV.,2026,122
NN.AGLV.,2026,123
NN.AGLV.,2026,125
NN.BALD.,2026,121
NN.BALD.,2026,122
NN.BALD.,2026,123
NN.BALD.,2026,125
NN.BEK.,2026,121
NN.BEK.,2026,122
NN.BEK.,2026,123
NN.BEK.,2026,125
NN.BFC.,2026,121
NN.BFC.,2026,122
NN.BFC.,2026,123
NN.BFC.,2026,125
NN.BIGH.,2026,121
NN.BIGH.,2026,122
NN.BIGH.,2026,125
NN.BMHS.,2026,121
NN.BMHS.,2026,122
NN.BMHS.,2026,125
NN.BRH5.,2026,121
NN.BRH5.,2026,122
NN.BRH5.,2026,125
NN.BRS2.,2026,121
NN.BRS2.,2026,122
NN.BRS2.,2026,125
NN.BUNK.,2026,121
NN.BUNK.,2026,122
NN.BUNK.,2026,125
NN.CC12.,2026,121
NN.CC12.,2026,122
NN.CC12.,2026,125
NN.CCAD.,2026,121
NN.CCAD.,2026,122
NN.CCAD.,2026,125
NN.CF01.,2026,121
NN.CF01.,2026,122
NN.CF01.,2026,125
NN.CF03.,2026,121
NN.CF03.,2026,122
NN.CF03.,2026,125
NN.CMK6.,2026,121
NN.CMK6.,2026,122
NN.CMK6.,2026,125
NN.CTC.,2026,121
NN.CTC.,2026,122
NN.CTC.,2026,125
NN.DIX.,2026,121
NN.DIX.,2026,122
NN.DIX.,2026,125
NN.EBPB.,2026,121
NN.EBPB.,2026,122
NN.EBPB.,2026,125
NN.EGLV.,2026,121
NN.EGLV.,2026,122
NN.EGLV.,2026,125
PB.B001.,2026,101
PB.B001.,2026,102
PB.B001.,2026,103
PB.B001.,2026,104
PB.B001.,2026,105
PB.B001.,2026,106
PB.B001.,2026,107
PB.B001.,2026,108
PB.B001.,2026,109
PB.B001.,2026,141
PB.B001.,2026,142
PB.B003.,2026,101
PB.B003.,2026,102
PB.B003.,2026,103
PB.B003.,2026,104
PB.B003.,2026,105
PB.B003.,2026,106
PB.B003.,2026,107
PB.B003.,2026,108
PB.B003.,2026,109
PB.B003.,2026,141
PB.B003.,2026,142
PB.B004.,2026,101
PB.B004.,2026,102
PB.B004.,2026,103
PB.B004.,2026,104
PB.B004.,2026,105
PB.B004.,2026,106
PB.B004.,2026,107
PB.B004.,2026,108
PB.B004.,2026,109
PB.B004.,2026,141
PB.B004.,2026,142
PB.B005.,2026,101
PB.B005.,2026,102
PB.B005.,2026,103
PB.B005.,2026,104
PB.B005.,2026,105
PB.B005.,2026,106
PB.B005.,2026,107
PB.B005.,2026,108
PB.B005.,2026,109
PB.B005.,2026,141
PB.B005.,2026,142
PB.B006.,2026,101
PB.B006.,2026,102
PB.B006.,2026,103
PB.B006.,2026,104
PB.B006.,2026,105
PB.B006.,2026,106
PB.B006.,2026,107
PB.B006.,2026,108
PB.B006.,2026,109
PB.B006.,2026,141
PB.B007.,2026,101
PB.B007.,2026,102
PB.B007.,2026,103
PB.B007.,2026,104
PB.B007.,2026,105
PB.B007.,2026,106
PB.B007.,2026,107
PB.B007.,2026,108
PB.B007.,2026,109
PB.B007.,2026,141
PB.B013.,2026,101
PB.B013.,2026,102
PB.B013.,2026,103
PB.B013.,2026,104
PB.B013.,2026,105
PB.B013.,2026,106
PB.B013.,2026,107
PB.B013.,2026,108
PB.B013.,2026,109
PB.B013.,2026,141
PB.B014.,2026,101
PB.B014.,2026,102
PB.B014.,2026,103
PB.B014.,2026,104
PB.B014.,2026,105
PB.B014.,2026,106
PB.B014.,2026,107
PB.B014.,2026,108
PB.B014.,2026,109
PB.B014.,2026,141
PB.B017.,2026,101
PB.B017.,2026,102
PB.B017.,2026,103
PB.B017.,2026,104
PB.B017.,2026,105
PB.B017.,2026,106
PB.B017.,2026,107
PB.B017.,2026,108
PB.B017.,2026,109
PB.B017.,2026,141
PB.B018.,2026,101
PB.B018.,2026,102
PB.B018.,2026,103
PB.B018.,2026,104
PB.B018.,2026,105
PB.B018.,2026,106
PB.B018.,2026,107
PB.B018.,2026,108
PB.B018.,2026,109
PB.B018.,2026,141
PB.B019.,2026,101
PB.B019.,2026,102
PB.B019.,2026,103
PB.B019.,2026,104
PB.B019.,2026,105
PB.B019.,2026,106
PB.B019.,2026,107
PB.B019.,2026,108
PB.B019.,2026,109
PB.B019.,2026,141
PB.B020.,2026,101
PB.B020.,2026,102
PB.B020.,2026,103
PB.B020.,2026,104
PB.B020.,2026,105
PB.B020.,2026,106
PB.B020.,2026,107
PB.B020.,2026,108
PB.B020.,2026,109
PB.B020.,2026,141
PB.B022.,2026,101
PB.B022.,2026,102
PB.B022.,2026,103
PB.B022.,2026,104
PB.B022.,2026,105
PB.B022.,2026,106
PB.B022.,2026,107
PB.B022.,2026,108
PB.B022.,2026,109
PB.B022.,2026,141
PB.B023.,2026,101
PB.B023.,2026,102
PB.B023.,2026,103
PB.B023.,2026,104
PB.B023.,2026,105
PB.B023.,2026,106
PB.B023.,2026,107
PB.B023.,2026,108
PB.B023.,2026,109
PB.B023.,2026,141
PB.B024.,2026,101
PB.B024.,2026,102
PB.B024.,2026,103
PB.B024.,2026,104
PB.B024.,2026,105
PB.B024.,2026,106
PB.B024.,2026,107
PB.B024.,2026,108
PB.B024.,2026,109
PB.B024.,2026,141
PB.B026.,2026,101
PB.B026.,2026,102
PB.B026.,2026,103
PB.B026.,2026,104
PB.B026.,2026,105
PB.B026.,2026,106
PB.B026.,2026,107
PB.B026.,2026,108
PB.B026.,2026,109
PB.B026.,2026,141
PB.B027.,2026,101
PB.B027.,2026,102
PB.B027.,2026,103
PB.B027.,2026,104
PB.B027.,2026,105
PB.B027.,2026,106
PB.B027.,2026,107
PB.B027.,2026,108
PB.B027.,2026,109
PB.B027.,2026,141
PB.B028.,2026,101
PB.B028.,2026,102
PB.B028.,2026,103
PB.B028.,2026,104
PB.B028.,2026,105
PB.B028.,2026,106
PB.B028.,2026,107
PB.B028.,2026,108
PB.B028.,2026,109
PB.B028.,2026,141
PB.B030.,2026,101
PB.B030.,2026,102
PB.B030.,2026,103
PB.B030.,2026,104
PB.B030.,2026,105
PB.B030.,2026,106
PB.B030.,2026,107
PB.B030.,2026,108
PB.B030.,2026,109
PB.B030.,2026,141
PB.B031.,2026,101
PB.B031.,2026,102
PB.B031.,2026,103
PB.B031.,2026,104
PB.B031.,2026,105
PB.B031.,2026,106
PB.B031.,2026,107
PB.B031.,2026,108
PB.B031.,2026,141
PB.B032.,2026,101
PB.B032.,2026,102
PB.B032.,2026,103
PB.B032.,2026,104
PB.B032.,2026,105
PB.B032.,2026,106
PB.B032.,2026,107
PB.B032.,2026,108
PB.B032.,2026,141
PB.B033.,2026,101
PB.B033.,2026,102
PB.B033.,2026,103
PB.B033.,2026,104
PB.B033.,2026,105
PB.B033.,2026,106
PB.B033.,2026,107
PB.B033.,2026,108
PB.B033.,2026,141
PB.B035.,2026,101
PB.B035.,2026,102
PB.B035.,2026,103
PB.B035.,2026,104
PB.B035.,2026,105
PB.B035.,2026,106
PB.B035.,2026,107
PB.B035.,2026,108
PB.B035.,2026,141
PB.B035.,2026,142
PB.B035.,2026,143
PB.B035.,2026,144
PB.B035.,2026,145
PB.B035.,2026,146
PB.B036.,2026,101
PB.B036.,2026,102
PB.B036.,2026,103
PB.B036.,2026,104
PB.B036.,2026,105
PB.B036.,2026,106
PB.B036.,2026,107
PB.B036.,2026,108
PB.B036.,2026,141
PB.B036.,2026,142
PB.B036.,2026,143
PB.B036.,2026,144
PB.B036.,2026,145
PB.B036.,2026,146
PB.B036.,2026,147
PB.B039.,2026,101
PB.B039.,2026,102
PB.B039.,2026,103
PB.B039.,2026,104
PB.B039.,2026,105
PB.B039.,2026,106
PB.B039.,2026,107
PB.B039.,2026,108
PB.B039.,2026,141
PB.B040.,2026,101
PB.B040.,2026,102
PB.B040.,2026,103
PB.B040.,2026,104
PB.B040.,2026,105
PB.B040.,2026,106
PB.B040.,2026,107
PB.B040.,2026,108
PB.B040.,2026,141
PB.B045.,2026,101
PB.B045.,2026,102
PB.B045.,2026,103
PB.B045.,2026,104
PB.B045.,2026,105
PB.B045.,2026,106
PB.B045.,2026,107
PB.B045.,2026,108
PB.B045.,2026,141
PB.B046.,2026,101
PB.B046.,2026,102
PB.B046.,2026,103
PB.B046.,2026,104
PB.B046.,2026,105
PB.B046.,2026,106
PB.B046.,2026,107
PB.B046.,2026,108
PB.B046.,2026,141
PB.B047.,2026,21
PB.B047.,2026,101
PB.B047.,2026,102
PB.B047.,2026,103
PB.B047.,2026,104
PB.B047.,2026,105
PB.B047.,2026,106
PB.B047.,2026,107
PB.B047.,2026,108
PB.B047.,2026,109
PB.B047.,2026,110
PB.B047.,2026,111
PB.B047.,2026,112
PB.B047.,2026,141
PB.B047.,2026,142
PB.B047.,2026,143
PB.B047.,2026,144
PB.B047.,2026,145
PB.B047.,2026,146
PB.B047.,2026,147
PB.B047.,2026,148
PB.B047.,2026,149
PB.B047.,2026,150
PB.B047.,2026,151
PB.B049.,2026,101
PB.B049.,2026,102
PB.B049.,2026,103
PB.B049.,2026,104
PB.B049.,2026,105
PB.B049.,2026,106
PB.B049.,2026,107
PB.B049.,2026,108
PB.B049.,2026,141
PB.B054.,2026,101
PB.B054.,2026,102
PB.B054.,2026,103
PB.B054.,2026,104
PB.B054.,2026,105
PB.B054.,2026,106
PB.B054.,2026,107
PB.B054.,2026,108
PB.B054.,2026,141
PB.B057.,2026,101
PB.B057.,2026,102
PB.B057.,2026,103
PB.B057.,2026,104
PB.B057.,2026,105
PB.B057.,2026,106
PB.B057.,2026,107
PB.B057.,2026,108
PB.B057.,2026,141
PB.B058.,2026,101
PB.B058.,2026,102
PB.B058.,2026,103
PB.B058.,2026,104
PB.B058.,2026,105
PB.B058.,2026,106
PB.B058.,2026,107
PB.B058.,2026,108
PB.B058.,2026,141
PB.B065.,2026,101
PB.B065.,2026,102
PB.B065.,2026,103
PB.B065.,2026,104
PB.B065.,2026,105
PB.B065.,2026,106
PB.B065.,2026,107
PB.B065.,2026,108
PB.B065.,2026,141
PB.B066.,2026,101
PB.B066.,2026,102
PB.B066.,2026,103
PB.B066.,2026,104
PB.B066.,2026,105
PB.B066.,2026,106
PB.B066.,2026,107
PB.B066.,2026,108
PB.B066.,2026,109
PB.B066.,2026,111
PB.B066.,2026,141
PB.B066.,2026,143
PB.B066.,2026,147
PB.B066.,2026,148
PB.B066.,2026,149
PB.B067.,2026,101
PB.B067.,2026,102
PB.B067.,2026,103
PB.B067.,2026,104
PB.B067.,2026,105
PB.B067.,2026,106
PB.B067.,2026,107
PB.B067.,2026,108
PB.B067.,2026,141
PB.B072.,2026,21
PB.B072.,2026,101
PB.B072.,2026,102
PB.B072.,2026,103
PB.B072.,2026,104
PB.B072.,2026,105
PB.B072.,2026,106
PB.B072.,2026,107
PB.B072.,2026,108
PB.B072.,2026,109
PB.B072.,2026,110
PB.B072.,2026,111
PB.B072.,2026,112
PB.B072.,2026,141
PB.B072.,2026,142
PB.B072.,2026,143
PB.B072.,2026,144
PB.B072.,2026,145
PB.B072.,2026,146
PB.B072.,2026,147
PB.B072.,2026,148
PB.B072.,2026,149
PB.B072.,2026,150
PB.B072.,2026,151
PB.B073.,2026,101
PB.B073.,2026,102
PB.B073.,2026,103
PB.B073.,2026,104
PB.B073.,2026,105
PB.B073.,2026,106
PB.B073.,2026,107
PB.B073.,2026,108
PB.B073.,2026,141
PB.B075.,2026,101
PB.B075.,2026,102
PB.B075.,2026,103
PB.B075.,2026,104
PB.B075.,2026,105
PB.B075.,2026,106
PB.B075.,2026,107
PB.B075.,2026,108
PB.B075.,2026,141
PB.B076.,2026,101
PB.B076.,2026,102
PB.B076.,2026,103
PB.B076.,2026,104
PB.B076.,2026,105
PB.B076.,2026,106
PB.B076.,2026,107
PB.B076.,2026,108
PB.B076.,2026,141
PB.B078.,2026,21
PB.B078.,2026,22
PB.B078.,2026,23
PB.B078.,2026,24
PB.B078.,2026,25
PB.B078.,2026,26
PB.B078.,2026,27
PB.B078.,2026,28
PB.B078.,2026,29
PB.B078.,2026,141
PB.B078.,2026,142
PB.B078.,2026,143
PB.B079.,2026,21
PB.B079.,2026,22
PB.B079.,2026,141
PB.B079.,2026,142
PB.B079.,2026,143
PB.B081.,2026,21
PB.B081.,2026,22
PB.B081.,2026,23
PB.B081.,2026,24
PB.B081.,2026,25
PB.B081.,2026,26
PB.B081.,2026,27
PB.B081.,2026,28
PB.B081.,2026,29
PB.B081.,2026,30
PB.B081.,2026,31
PB.B081.,2026,141
PB.B081.,2026,142
PB.B081.,2026,143
PB.B081.,2026,144
PB.B081.,2026,145
PB.B081.,2026,146
PB.B081.,2026,147
PB.B082.,2026,21
PB.B082.,2026,22
PB.B082.,2026,141
PB.B082.,2026,142
PB.B082A.,2026,21
PB.B082A.,2026,22
PB.B082A.,2026,23
PB.B082A.,2026,24
PB.B082A.,2026,25
PB.B082A.,2026,26
PB.B082A.,2026,27
PB.B082A.,2026,28
PB.B082A.,2026,29
PB.B082A.,2026,30
PB.B082A.,2026,31
PB.B082A.,2026,141
PB.B082A.,2026,142
PB.B082A.,2026,143
PB.B082A.,2026,144
PB.B082A.,2026,145
PB.B082A.,2026,146
PB.B082A.,2026,147
PB.B084.,2026,21
PB.B084.,2026,22
PB.B084.,2026,23
PB.B084.,2026,24
PB.B084.,2026,25
PB.B084.,2026,26
PB.B084.,2026,27
PB.B084.,2026,28
PB.B084.,2026,29
PB.B084.,2026,30
PB.B084.,2026,31
PB.B084.,2026,141
PB.B084.,2026,142
PB.B084.,2026,143
PB.B084.,2026,144
PB.B084.,2026,145
PB.B084.,2026,146
PB.B084.,2026,147
PB.B086.,2026,21
PB.B086.,2026,22
PB.B086.,2026,23
PB.B086.,2026,24
PB.B086.,2026,25
PB.B086.,2026,26
PB.B086.,2026,27
PB.B086.,2026,28
PB.B086.,2026,29
PB.B086.,2026,30
PB.B086.,2026,31
PB.B086.,2026,141
PB.B086.,2026,142
PB.B086.,2026,143
PB.B086.,2026,144
PB.B086.,2026,145
PB.B086.,2026,146
PB.B086.,2026,147
PB.B086A.,2026,21
PB.B086A.,2026,22
PB.B086A.,2026,23
PB.B086A.,2026,24
PB.B086A.,2026,25
PB.B086A.,2026,26
PB.B086A.,2026,27
PB.B086A.,2026,28
PB.B086A.,2026,29
PB.B086A.,2026,30
PB.B086A.,2026,31
PB.B086A.,2026,141
PB.B086A.,2026,142
PB.B086A.,2026,143
PB.B086A.,2026,144
PB.B086A.,2026,145
PB.B086A.,2026,146
PB.B086A.,2026,147
PB.B087.,2026,21
PB.B087.,2026,22
PB.B087.,2026,23
PB.B087.,2026,24
PB.B087.,2026,25
PB.B087.,2026,26
PB.B087.,2026,27
PB.B087.,2026,28
PB.B087.,2026,29
PB.B087.,2026,30
PB.B087.,2026,31
PB.B087.,2026,141
PB.B087.,2026,142
PB.B087.,2026,143
PB.B087.,2026,144
PB.B087.,2026,145
PB.B087.,2026,146
PB.B087.,2026,147
PB.B088.,2026,21
PB.B088.,2026,22
PB.B088.,2026,23
PB.B088.,2026,24
PB.B088.,2026,25
PB.B088.,2026,26
PB.B088.,2026,27
PB.B088.,2026,28
PB.B088.,2026,29
PB.B088.,2026,30
PB.B088.,2026,31
PB.B088.,2026,141
PB.B088.,2026,142
PB.B093.,2026,21
PB.B093.,2026,22
PB.B093.,2026,23
PB.B093.,2026,24
PB.B093.,2026,25
PB.B093.,2026,26
PB.B093.,2026,27
PB.B093.,2026,28
PB.B093.,2026,29
PB.B093.,2026,30
PB.B093.,2026,31
PB.B093.,2026,141
PB.B093.,2026,142
PB.B093.,2026,143
PB.B093.,2026,144
PB.B093.,2026,145
PB.B093.,2026,146
PB.B093.,2026,147
PB.B201.,2026,21
PB.B201.,2026,22
PB.B201.,2026,141
PB.B201.,2026,142
PB.B201.,2026,143
PB.B201.,2026,144
PB.B201.,2026,145
PB.B201.,2026,146
PB.B201.,2026,147
PB.B202.,2026,21
PB.B202.,2026,22
PB.B202.,2026,30
PB.B202.,2026,141
PB.B202.,2026,142
PB.B202.,2026,143
PB.B202.,2026,144
PB.B202.,2026,145
PB.B202.,2026,146
PB.B202.,2026,147
PB.B203.,2026,21
PB.B203.,2026,22
PB.B203.,2026,23
PB.B203.,2026,24
PB.B203.,2026,25
PB.B203.,2026,26
PB.B203.,2026,27
PB.B203.,2026,28
PB.B203.,2026,29
PB.B203.,2026,30
PB.B203.,2026,31
PB.B203.,2026,141
PB.B203.,2026,142
PB.B203.,2026,143
PB.B203.,2026,144
PB.B203.,2026,145
PB.B203.,2026,146
PB.B203.,2026,147
PB.B204.,2026,21
PB.B204.,2026,22
PB.B204.,2026,141
PB.B204.,2026,142
PB.B206.,2026,21
PB.B206.,2026,22
PB.B206.,2026,141
PB.B206.,2026,142
PB.B207.,2026,21
PB.B207.,2026,22
PB.B207.,2026,141
PB.B207.,2026,142
PB.B208.,2026,21
PB.B208.,2026,22
PB.B208.,2026,27
PB.B208.,2026,28
PB.B208.,2026,29
PB.B208.,2026,141
PB.B208.,2026,142
PB.B900.,2026,21
PB.B900.,2026,22
PB.B900.,2026,23
PB.B900.,2026,24
PB.B900.,2026,25
PB.B900.,2026,26
PB.B900.,2026,27
PB.B900.,2026,28
PB.B900.,2026,29
PB.B900.,2026,30
PB.B900.,2026,31
PB.B900.,2026,141
PB.B900.,2026,142
PB.B900.,2026,143
PB.B900.,2026,144
PB.B900.,2026,145
PB.B900.,2026,146
PB.B900.,2026,147
PB.B901.,2026,21
PB.B901.,2026,22
PB.B901.,2026,23
PB.B901.,2026,24
PB.B901.,2026,25
PB.B901.,2026,26
PB.B901.,2026,27
PB.B901.,2026,28
PB.B901.,2026,29
PB.B901.,2026,30
PB.B901.,2026,31
PB.B901.,2026,141
PB.B901.,2026,142
PB.B901.,2026,143
PB.B901.,2026,144
PB.B901.,2026,145
PB.B901.,2026,146
PB.B901.,2026,147
PB.B916.,2026,21
PB.B916.,2026,22
PB.B916.,2026,23
PB.B916.,2026,24
PB.B916.,2026,25
PB.B916.,2026,26
PB.B916.,2026,27
PB.B916.,2026,28
PB.B916.,2026,29
PB.B916.,2026,30
PB.B916.,2026,31
PB.B916.,2026,141
PB.B916.,2026,142
PB.B916.,2026,143
PB.B916.,2026,144
PB.B916.,2026,145
PB.B916.,2026,146
PB.B916.,2026,147
PB.B917.,2026,21
PB.B917.,2026,22
PB.B917.,2026,141
PB.B917.,2026,142
PB.B917.,2026,143
PB.B917.,2026,144
PB.B917.,2026,145
PB.B917.,2026,146
PB.B917.,2026,147
PB.B918.,2026,21
PB.B918.,2026,22
PB.B918.,2026,141
PB.B918.,2026,142
PB.B921.,2026,21
PB.B921.,2026,22
PB.B921.,2026,141
PB.B921.,2026,142
PB.B932.,2026,21
PB.B932.,2026,22
PB.B932.,2026,141
PB.B932.,2026,142
PB.B933.,2026,21
PB.B933.,2026,22
PB.B933.,2026,141
PB.B933.,2026,142
PB.B934.,2026,21
PB.B934.,2026,22
PB.B934.,2026,141
PB.B934.,2026,142
PB.B935.,2026,21
PB.B935.,2026,22
PB.B935.,2026,141
PB.B935.,2026,142
PB.B941.,2026,21
PB.B941.,2026,22
PB.B941.,2026,141
PB.B941.,2026,142
PB.B943.,2026,21
PB.B943.,2026,22
PB.B943.,2026,25
PB.B943.,2026,26
PB.B943.,2026,27
PB.B943.,2026,28
PB.B943.,2026,29
PB.B943.,2026,141
PB.B943.,2026,142
PB.B944.,2026,21
PB.B944.,2026,22
PB.B944.,2026,141
PB.B944.,2026,142
PB.B945.,2026,21
PB.B945.,2026,22
PB.B945.,2026,141
PB.B945.,2026,142
PB.B946.,2026,21
PB.B946.,2026,22
PB.B946.,2026,23
PB.B946.,2026,24
PB.B946.,2026,25
PB.B946.,2026,26
PB.B946.,2026,27
PB.B946.,2026,28
PB.B946.,2026,29
PB.B946.,2026,30
PB.B946.,2026,31
PB.B946.,2026,141
PB.B946.,2026,142
PB.B946.,2026,143
PB.B946.,2026,144
PB.B946.,2026,145
PB.B946.,2026,146
PB.B946.,2026,147
PB.B950.,2026,21
PB.B950.,2026,22
PB.B950.,2026,141
PB.B950.,2026,142
PB.DESC.,2026,21
PB.DESC.,2026,22
PB.DESC.,2026,23
PB.DESC.,2026,24
PB.DESC.,2026,25
PB.DESC.,2026,26
PB.DESC.,2026,27
PB.DESC.,2026,28
PB.DESC.,2026,29
PB.DESC.,2026,30
PB.DESC.,2026,31
PB.DESC.,2026,141
PB.DESC.,2026,142
PB.DESC.,2026,143
PB.DESC.,2026,144
PB.DESC.,2026,145
PB.DESC.,2026,146
PB.DESC.,2026,147
PB.GLRS.,2026,21
PB.GLRS.,2026,22
PB.GLRS.,2026,23
PB.GLRS.,2026,24
PB.GLRS.,2026,25
PB.GLRS.,2026,26
PB.GLRS.,2026,27
PB.GLRS.,2026,28
PB.GLRS.,2026,29
PB.GLRS.,2026,30
PB.GLRS.,2026,31
PB.GLRS.,2026,141
PB.GLRS.,2026,142
PB.GLRS.,2026,143
PB.GLRS.,2026,144
PB.GLRS.,2026,145
PB.GLRS.,2026,146
PB.GLRS.,2026,147
PB.P176.,2026,21
PB.P176.,2026,22
PB.P176.,2026,23
PB.P176.,2026,24
PB.P176.,2026,25
PB.P176.,2026,26
PB.P176.,2026,27
PB.P176.,2026,28
PB.P176.,2026,29
PB.P176.,2026,30
PB.P176.,2026,31
PB.P176.,2026,141
PB.P176.,2026,142
PB.P176.,2026,143
PB.P176.,2026,144
PB.P176.,2026,145
PB.P176.,2026,146
PB.P176.,2026,147
PB.P181.,2026,21
PB.P181.,2026,22
PB.P181.,2026,23
PB.P181.,2026,24
PB.P181.,2026,25
PB.P181.,2026,26
PB.P181.,2026,27
PB.P181.,2026,28
PB.P181.,2026,29
PB.P181.,2026,30
PB.P181.,2026,31
PB.P181.,2026,141
PB.P181.,2026,142
PB.P181.,2026,143
PB.P181.,2026,144
PB.P181.,2026,145
PB.P181.,2026,146
PB.P181.,2026,147
UO.FALZ.,2026,141
UO.FALZ.,2026,142
UO.FALZ.,2026,143
UO.FHAC.,2026,141
UO.FHAC.,2026,142
UO.FHAC.,2026,143
UO.FIDL.,2026,141
UO.FIDL.,2026,142
UO.FIDL.,2026,143
UO.FIDL.,2026,147
UO.GRESH.,2026,141
UO.GRESH.,2026,142
UO.GRESH.,2026,143
UO.GROND.,2026,141
UO.GROND.,2026,142
UO.GROND.,2026,143
UO.GROV.,2026,141
UO.GROV.,2026,142
UO.GROV.,2026,143
UO.GRSDL.,2026,141
UO.GRSDL.,2026,142
UO.GRSDL.,2026,143
UO.HAGG.,2026,141
UO.HAGG.,2026,142
UO.HAGG.,2026,143
UO.HAMAK.,2026,141
UO.HAMAK.,2026,142
UO.HAPY.,2026,141
UO.HAPY.,2026,142
UO.HBUG.,2026,141
UO.HBUG.,2026,142
UO.HERM.,2026,141
UO.HERM.,2026,142
UO.HSO2.,2026,141
UO.HSO2.,2026,142
UO.IRYS.,2026,141
UO.IRYS.,2026,142
UO.JAZZ.,2026,141
UO.JAZZ.,2026,142
UO.JEFF.,2026,141
UO.JEFF.,2026,142
UO.JESE.,2026,141
UO.JESE.,2026,142
UO.JOBT.,2026,141
UO.JOBT.,2026,142
UO.JODA.,2026,141
UO.JODA.,2026,142
UO.KBO.,2026,141
UO.KBO.,2026,142
UO.KEB.,2026,141
UO.KEB.,2026,142
UO.KING.,2026,141
UO.KING.,2026,142
UO.KNAP.,2026,141
UO.KNAP.,2026,142
UO.KUHN.,2026,141
UO.KUHN.,2026,142
UO.KUHN.,2026,143
UO.KUHN.,2026,144
UO.KUHN.,2026,145
UO.KUHN.,2026,146
UO.KUHN.,2026,147
UO.KUHN.,2026,148
UO.KUHN.,2026,149
UO.KVCS.,2026,141
UO.KVCS.,2026,142
UO.LADD.,2026,141
UO.LADD.,2026,142
UO.LAIR.,2026,141
UO.LAIR.,2026,142
UO.LAKE.,2026,141
UO.LAKE.,2026,142
UO.LEAB.,2026,141
UO.LEAB.,2026,142
UO.LEWL.,2026,141
UO.LEWL.,2026,142
UO.LINC.,2026,141
UO.LINC.,2026,142
UO.LOCK.,2026,141
UO.LOCK.,2026,142
UO.LOGZ.,2026,141
UO.LOGZ.,2026,142
UO.LOKI.,2026,141
UO.LOKI.,2026,142
UO.LONE.,2026,141
UO.LONE.,2026,142
UO.LONE.,2026,147
UO.LOST.,2026,141
UO.LOST.,2026,142
UO.LOWP.,2026,141
UO.LOWP.,2026,142
UO.MAPT.,2026,152
UO.MAPT.,2026,153
UO.MAPT.,2026,154
UO.MAPT.,2026,182
UO.MAPT.,2026,183
UO.MARQ.,2026,152
UO.MARQ.,2026,153
UO.MARQ.,2026,154
UO.MARQ.,2026,182
UO.MARQ.,2026,183
UO.MERL.,2026,152
UO.MERL.,2026,153
UO.MERL.,2026,154
UO.MERL.,2026,182
UO.MERL.,2026,183
UO.MINN.,2026,152
UO.MINN.,2026,153
UO.MINN.,2026,154
UO.MINN.,2026,182
UO.MINN.,2026,183
UO.MONKS.,2026,152
UO.MONKS.,2026,153
UO.MONKS.,2026,154
UO.MONKS.,2026,182
UO.MONKS.,2026,183
UO.MPLT.,2026,152
UO.MPLT.,2026,153
UO.MPLT.,2026,154
UO.MPLT.,2026,182
UO.MPLT.,2026,183
UO.NATH.,2026,152
UO.NATH.,2026,153
UO.NATH.,2026,154
UO.NATH.,2026,182
UO.NBFR.,2026,152
UO.NBFR.,2026,153
UO.NBFR.,2026,154
UO.NBFR.,2026,182
UO.NECAN.,2026,152
UO.NECAN.,2026,153
UO.NECAN.,2026,154
UO.NECAN.,2026,182
UO.NOMA.,2026,152
UO.NOMA.,2026,153
UO.NOMA.,2026,154
UO.NOMA.,2026,182
UO.OLBLU.,2026,152
UO.OLBLU.,2026,153
UO.OLBLU.,2026,154
UO.OLBLU.,2026,182
UO.OTLW.,2026,152
UO.OTLW.,2026,153
UO.OTLW.,2026,154
UO.OTLW.,2026,181
UO.OTLW.,2026,182
UO.OTLW.,2026,183
UO.OTLW.,2026,184
UO.OTLW.,2026,185
UO.OTLW.,2026,186
UO.OTLW.,2026,187
UO.OTLW.,2026,188
UO.OTLW.,2026,189
UO.OTLW.,2026,190
UO.OTLW.,2026,191
UO.OTLW.,2026,192
UO.OTLW.,2026,193
UO.OTLW.,2026,194
UO.OTLW.,2026,195
UO.OTLW.,2026,196
UO.OTLW.,2026,197
UO.OTLW.,2026,198
UO.OTLW.,2026,199
UO.OTTR.,2026,152
UO.OTTR.,2026,153
UO.OTTR.,2026,154
UO.OTTR.,2026,182
UO.PERY.,2026,152
UO.PERY.,2026,153
UO.PERY.,2026,182
UO.PETE.,2026,152
UO.PETE.,2026,153
UO.PETE.,2026,182
UO.PETUA.,2026,152
UO.PETUA.,2026,153
UO.PETUA.,2026,182
UO.PF09.,2026,152
UO.PF09.,2026,153
UO.PF09.,2026,182
UO.PF10.,2026,152
UO.PF10.,2026,153
UO.PF10.,2026,182
UO.PF16.,2026,152
UO.PF16.,2026,153
UO.PF16.,2026,182
UO.PF22.,2026,152
UO.PF22.,2026,153
UO.PF22.,2026,182
UO.PF25.,2026,152
UO.PF25.,2026,153
UO.PF25.,2026,182
UO.PF27.,2026,152
UO.PF27.,2026,153
UO.PF27.,2026,182
UO.PF29.,2026,152
UO.PF29.,2026,153
UO.PF29.,2026,182
UO.PF31.,2026,152
UO.PF31.,2026,153
UO.PF31.,2026,182
UO.PHARM.,2026,152
UO.PHARM.,2026,153
UO.PHARM.,2026,182
UO.PINE.,2026,152
UO.PINE.,2026,153
UO.PINE.,2026,154
UO.PINE.,2026,181
UO.PINE.,2026,182
UO.PINE.,2026,183
UO.PINE.,2026,184
UO.PINE.,2026,185
UO.PINE.,2026,186
UO.PINE.,2026,187
UO.PINE.,2026,188
UO.PINE.,2026,189
UO.PINE.,2026,190
UO.PINE.,2026,191
UO.PINE.,2026,192
UO.PINE.,2026,193
UO.PINE.,2026,194
UO.PINE.,2026,195
UO.PINE.,2026,196
UO.PINE.,2026,197
UO.PINE.,2026,198
UO.PINE.,2026,199
UO.PISTL.,2026,152
UO.PISTL.,2026,153
UO.PISTL.,2026,182
UO.PRARI.,2026,152
UO.PRARI.,2026,153
UO.PRARI.,2026,182
UO.PRONG.,2026,152
UO.PRONG.,2026,153
UO.PRONG.,2026,182
UO.RAID.,2026,152
UO.RAID.,2026,153
UO.RAID.,2026,182
UO.RAIN.,2026,152
UO.RAIN.,2026,153
UO.RAIN.,2026,182
UO.RANT.,2026,152
UO.RANT.,2026,153
UO.RANT.,2026,182
UO.RDEO.,2026,152
UO.RDEO.,2026,153
UO.RDEO.,2026,182
UO.REDMO.,2026,152
UO.REDMO.,2026,153
UO.REDMO.,2026,182
UO.REDMO.,2026,185
UO.ROCKA.,2026,152
UO.ROCKA.,2026,153
UO.ROCKA.,2026,182
UO.ROGE.,2026,152
UO.ROGE.,2026,153
UO.ROGE.,2026,182
UO.ROXY.,2026,147
UO.ROXY.,2026,149
UO.ROXY.,2026,151
UO.ROXY.,2026,152
UO.ROXY.,2026,153
UO.ROXY.,2026,182
UO.RSBO.,2026,152
UO.RSBO.,2026,153
UO.RSBO.,2026,182
UO.RUCH.,2026,152
UO.RUCH.,2026,153
UO.RUCH.,2026,182
UO.SADL.,2026,1
UO.SADL.,2026,2
UO.SADL.,2026,3
UO.SADL.,2026,4
UO.SADL.,2026,5
UO.SADL.,2026,6
UO.SADL.,2026,7
UO.SADL.,2026,32
UO.SADL.,2026,33
UO.SADL.,2026,34
UO.SADL.,2026,244
UO.SADL.,2026,245
UO.SADL.,2026,246
UO.SADL.,2026,247
UO.SALT.,2026,1
UO.SALT.,2026,2
UO.SALT.,2026,3
UO.SALT.,2026,4
UO.SALT.,2026,5
UO.SALT.,2026,6
UO.SALT.,2026,7
UO.SALT.,2026,9
UO.SALT.,2026,32
UO.SALT.,2026,33
UO.SALT.,2026,34
UO.SALT.,2026,244
UO.SALT.,2026,245
UO.SALT.,2026,246
UO.SALT.,2026,247
UO.SAUVY.,2026,1
UO.SAUVY.,2026,2
UO.SAUVY.,2026,3
UO.SAUVY.,2026,4
UO.SAUVY.,2026,5
UO.SAUVY.,2026,6
UO.SAUVY.,2026,7
UO.SAUVY.,2026,32
UO.SAUVY.,2026,33
UO.SAUVY.,2026,34
UO.SAUVY.,2026,244
UO.SAUVY.,2026,245
UO.SAUVY.,2026,246
UO.SEED.,2026,1
UO.SEED.,2026,2
UO.SEED.,2026,3
UO.SEED.,2026,4
UO.SEED.,2026,5
UO.SEED.,2026,6
UO.SEED.,2026,7
UO.SEED.,2026,32
UO.SEED.,2026,33
UO.SEED.,2026,34
UO.SEED.,2026,244
UO.SEED.,2026,245
UO.SEED.,2026,246
UO.SISI.,2026,1
UO.SISI.,2026,2
UO.SISI.,2026,3
UO.SISI.,2026,4
UO.SISI.,2026,5
UO.SISI.,2026,6
UO.SISI.,2026,7
UO.SISI.,2026,32
UO.SISI.,2026,33
UO.SISI.,2026,34
UO.SISI.,2026,241
UO.SISI.,2026,242
UO.SISI.,2026,243
UO.SISI.,2026,244
UO.SISI.,2026,245
UO.SISI.,2026,246
UO.SISI.,2026,247
UO.SISQ.,2026,1
UO.SISQ.,2026,2
UO.SISQ.,2026,3
UO.SISQ.,2026,4
UO.SISQ.,2026,5
UO.SISQ.,2026,6
UO.SISQ.,2026,7
UO.SISQ.,2026,32
UO.SISQ.,2026,33
UO.SISQ.,2026,34
UO.SISQ.,2026,241
UO.SISQ.,2026,242
UO.SISQ.,2026,243
UO.SISQ.,2026,244
UO.SISQ.,2026,245
UO.SISQ.,2026,246
UO.SISQ.,2026,247
UO.SKAN.,2026,1
UO.SKAN.,2026,2
UO.SKAN.,2026,3
UO.SKAN.,2026,4
UO.SKAN.,2026,5
UO.SKAN.,2026,6
UO.SKAN.,2026,7
UO.SKAN.,2026,32
UO.SKAN.,2026,33
UO.SKAN.,2026,34
UO.SKAN.,2026,244
UO.SKAN.,2026,245
UO.SKAN.,2026,246
UO.SLPT.,2026,1
UO.SLPT.,2026,2
UO.SLPT.,2026,3
UO.SLPT.,2026,4
UO.SLPT.,2026,5
UO.SLPT.,2026,6
UO.SLPT.,2026,7
UO.SLPT.,2026,21
UO.SLPT.,2026,30
UO.SLPT.,2026,32
UO.SLPT.,2026,33
UO.SLPT.,2026,34
UO.SLPT.,2026,244
UO.SLPT.,2026,245
UO.SLPT.,2026,246
UO.SLTZ.,2026,1
UO.SLTZ.,2026,2
UO.SLTZ.,2026,3
UO.SLTZ.,2026,4
UO.SLTZ.,2026,5
UO.SLTZ.,2026,6
UO.SLTZ.,2026,7
UO.SLTZ.,2026,8
UO.SLTZ.,2026,9
UO.SLTZ.,2026,10
UO.SLTZ.,2026,11
UO.SLTZ.,2026,12
UO.SLTZ.,2026,13
UO.SLTZ.,2026,14
UO.SLTZ.,2026,21
UO.SLTZ.,2026,22
UO.SLTZ.,2026,23
UO.SLTZ.,2026,24
UO.SLTZ.,2026,25
UO.SLTZ.,2026,26
UO.SLTZ.,2026,27
UO.SLTZ.,2026,28
UO.SLTZ.,2026,29
UO.SLTZ.,2026,30
UO.SLTZ.,2026,31
UO.SLTZ.,2026,32
UO.SLTZ.,2026,33
UO.SLTZ.,2026,34
UO.SLTZ.,2026,41
UO.SLTZ.,2026,81
UO.SLTZ.,2026,244
UO.SLTZ.,2026,245
UO.SLTZ.,2026,246
UO.SNAKE.,2026,1
UO.SNAKE.,2026,2
UO.SNAKE.,2026,3
UO.SNAKE.,2026,4
UO.SNAKE.,2026,5
UO.SNAKE.,2026,6
UO.SNAKE.,2026,7
UO.SNAKE.,2026,32
UO.SNAKE.,2026,33
UO.SNAKE.,2026,34
UO.SNAKE.,2026,244
UO.SNAKE.,2026,245
UO.SNAKE.,2026,246
UO.STONY.,2026,1
UO.STONY.,2026,2
UO.STONY.,2026,3
UO.STONY.,2026,4
UO.STONY.,2026,5
UO.STONY.,2026,6
UO.STONY.,2026,7
UO.STONY.,2026,32
UO.STONY.,2026,33
UO.STONY.,2026,34
UO.STONY.,2026,244
UO.STONY.,2026,245
UO.STONY.,2026,246
UO.SUGAR.,2026,1
UO.SUGAR.,2026,2
UO.SUGAR.,2026,3
UO.SUGAR.,2026,4
UO.SUGAR.,2026,5
UO.SUGAR.,2026,6
UO.SUGAR.,2026,7
UO.SUGAR.,2026,30
UO.SUGAR.,2026,32
UO.SUGAR.,2026,33
UO.SUGAR.,2026,34
UO.SUGAR.,2026,244
UO.SUGAR.,2026,245
UO.SUGAR.,2026,246
UO.TAFT.,2026,1
UO.TAFT.,2026,2
UO.TAFT.,2026,3
UO.TAFT.,2026,4
UO.TAFT.,2026,5
UO.TAFT.,2026,6
UO.TAFT.,2026,7
UO.TAFT.,2026,32
UO.TAFT.,2026,33
UO.TAFT.,2026,34
UO.TAFT.,2026,244
UO.TAFT.,2026,245
UO.TAFT.,2026,246
UO.TBLE.,2026,1
UO.TBLE.,2026,2
UO.TBLE.,2026,3
UO.TBLE.,2026,4
UO.TBLE.,2026,5
UO.TBLE.,2026,6
UO.TBLE.,2026,7
UO.TBLE.,2026,9
UO.TBLE.,2026,11
UO.TBLE.,2026,32
UO.TBLE.,2026,33
UO.TBLE.,2026,34
UO.TBLE.,2026,41
UO.TBLE.,2026,81
UO.TBLE.,2026,244
UO.TBLE.,2026,245
UO.TBLE.,2026,246
UO.TDWTR.,2026,1
UO.TDWTR.,2026,2
UO.TDWTR.,2026,3
UO.TDWTR.,2026,4
UO.TDWTR.,2026,5
UO.TDWTR.,2026,6
UO.TDWTR.,2026,7
UO.TDWTR.,2026,32
UO.TDWTR.,2026,33
UO.TDWTR.,2026,34
UO.TDWTR.,2026,244
UO.TDWTR.,2026,245
UO.TDWTR.,2026,246
UO.TMLC.,2026,1
UO.TMLC.,2026,2
UO.TMLC.,2026,3
UO.TMLC.,2026,4
UO.TMLC.,2026,5
UO.TMLC.,2026,6
UO.TMLC.,2026,7
UO.TMLC.,2026,32
UO.TMLC.,2026,33
UO.TMLC.,2026,34
UO.TMLC.,2026,244
UO.TMLC.,2026,245
UO.TMLC.,2026,246
UO.TOMA.,2026,1
UO.TOMA.,2026,2
UO.TOMA.,2026,3
UO.TOMA.,2026,4
UO.TOMA.,2026,5
UO.TOMA.,2026,6
UO.TOMA.,2026,7
UO.TOMA.,2026,8
UO.TOMA.,2026,10
UO.TOMA.,2026,11
UO.TOMA.,2026,21
UO.TOMA.,2026,25
UO.TOMA.,2026,26
UO.TOMA.,2026,32
UO.TOMA.,2026,33
UO.TOMA.,2026,34
UO.TOMA.,2026,244
UO.TOMA.,2026,245
UO.TOMA.,2026,246
UO.TOOM.,2026,1
UO.TOOM.,2026,2
UO.TOOM.,2026,3
UO.TOOM.,2026,4
UO.TOOM.,2026,5
UO.TOOM.,2026,6
UO.TOOM.,2026,7
UO.TOOM.,2026,30
UO.TOOM.,2026,32
UO.TOOM.,2026,33
UO.TOOM.,2026,34
UO.TOOM.,2026,244
UO.TOOM.,2026,245
UO.TOOM.,2026,246
UO.TRASK.,2026,1
UO.TRASK.,2026,2
UO.TRASK.,2026,3
UO.TRASK.,2026,4
UO.TRASK.,2026,5
UO.TRASK.,2026,6
UO.TRASK.,2026,11
UO.TRASK.,2026,32
UO.TRASK.,2026,33
UO.TRASK.,2026,34
UO.TRASK.,2026,244
UO.TRASK.,2026,245
UO.TRASK.,2026,246
UO.TRIG.,2026,1
UO.TRIG.,2026,2
UO.TRIG.,2026,3
UO.TRIG.,2026,4
UO.TRIG.,2026,5
UO.TRIG.,2026,6
UO.TRIG.,2026,32
UO.TRIG.,2026,33
UO.TRIG.,2026,34
UO.TRIG.,2026,244
UO.TRIG.,2026,245
UO.TRIG.,2026,246
UO.TRIPT.,2026,1
UO.TRIPT.,2026,2
UO.TRIPT.,2026,3
UO.TRIPT.,2026,4
UO.TRIPT.,2026,5
UO.TRIPT.,2026,6
UO.TRIPT.,2026,32
UO.TRIPT.,2026,33
UO.TRIPT.,2026,34
UO.TRIPT.,2026,241
UO.TRIPT.,2026,242
UO.TRIPT.,2026,243
UO.TRIPT.,2026,244
UO.TRIPT.,2026,245
UO.TRIPT.,2026,246
UO.TRIPT.,2026,247
UO.UCHR.,2026,1
UO.UCHR.,2026,2
UO.UCHR.,2026,3
UO.UCHR.,2026,4
UO.UCHR.,2026,5
UO.UCHR.,2026,6
UO.UCHR.,2026,8
UO.UCHR.,2026,9
UO.UCHR.,2026,10
UO.UCHR.,2026,11
UO.UCHR.,2026,12
UO.UCHR.,2026,13
UO.UCHR.,2026,14
UO.UCHR.,2026,21
UO.UCHR.,2026,22
UO.UCHR.,2026,23
UO.UCHR.,2026,24
UO.UCHR.,2026,25
UO.UCHR.,2026,26
UO.UCHR.,2026,27
UO.UCHR.,2026,28
UO.UCHR.,2026,29
UO.UCHR.,2026,30
UO.UCHR.,2026,31
UO.UCHR.,2026,32
UO.UCHR.,2026,33
UO.UCHR.,2026,34
UO.UCHR.,2026,41
UO.UCHR.,2026,81
UO.UCHR.,2026,241
UO.UCHR.,2026,242
UO.UCHR.,2026,243
UO.UCHR.,2026,244
UO.UCHR.,2026,245
UO.UCHR.,2026,246
UO.UCHR.,2026,247
UO.VAUN.,2026,1
UO.VAUN.,2026,2
UO.VAUN.,2026,3
UO.VAUN.,2026,4
UO.VAUN.,2026,5
UO.VAUN.,2026,6
UO.VAUN.,2026,32
UO.VAUN.,2026,33
UO.VAUN.,2026,34
UO.VAUN.,2026,244
UO.VAUN.,2026,245
UO.VAUN.,2026,246
UO.VERN.,2026,1
UO.VERN.,2026,2
UO.VERN.,2026,3
UO.VERN.,2026,4
UO.VERN.,2026,5
UO.VERN.,2026,6
UO.VERN.,2026,32
UO.VERN.,2026,33
UO.VERN.,2026,34
UO.VERN.,2026,244
UO.VERN.,2026,245
UO.VERN.,2026,246
UO.VINO.,2026,1
UO.VINO.,2026,2
UO.VINO.,2026,3
UO.VINO.,2026,4
UO.VINO.,2026,5
UO.VINO.,2026,6
UO.VINO.,2026,9
UO.VINO.,2026,24
UO.VINO.,2026,32
UO.VINO.,2026,33
UO.VINO.,2026,34
UO.VINO.,2026,244
UO.VINO.,2026,245
UO.VINO.,2026,246
UO.VIP2.,2026,1
UO.VIP2.,2026,2
UO.VIP2.,2026,3
UO.VIP2.,2026,4
UO.VIP2.,2026,5
UO.VIP2.,2026,6
UO.VIP2.,2026,32
UO.VIP2.,2026,33
UO.VIP2.,2026,34
UO.VIP2.,2026,244
UO.VIP2.,2026,245
UO.VIP2.,2026,246
UO.VITI.,2026,1
UO.VITI.,2026,2
UO.VITI.,2026,3
UO.VITI.,2026,4
UO.VITI.,2026,5
UO.VITI.,2026,6
UO.VITI.,2026,32
UO.VITI.,2026,33
UO.VITI.,2026,34
UO.VITI.,2026,244
UO.VITI.,2026,245
UO.VITI.,2026,246
UO.WAGON.,2026,1
UO.WAGON.,2026,2
UO.WAGON.,2026,3
UO.WAGON.,2026,4
UO.WAGON.,2026,5
UO.WAGON.,2026,6
UO.WAGON.,2026,32
UO.WAGON.,2026,33
UO.WAGON.,2026,244
UO.WAGON.,2026,245
UO.WAGON.,2026,246
UO.WALD.,2026,1
UO.WALD.,2026,2
UO.WALD.,2026,3
UO.WALD.,2026,4
UO.WALD.,2026,5
UO.WALD.,2026,6
UO.WALD.,2026,32
UO.WALD.,2026,33
UO.WALD.,2026,244
UO.WALD.,2026,245
UO.WALD.,2026,246
UO.WALKR.,2026,1
UO.WALKR.,2026,2
UO.WALKR.,2026,3
UO.WALKR.,2026,4
UO.WALKR.,2026,5
UO.WALKR.,2026,6
UO.WALKR.,2026,32
UO.WALKR.,2026,33
UO.WALKR.,2026,244
UO.WALKR.,2026,245
UO.WALKR.,2026,246
UO.WALLO.,2026,1
UO.WALLO.,2026,2
UO.WALLO.,2026,3
UO.WALLO.,2026,4
UO.WALLO.,2026,5
UO.WALLO.,2026,6
UO.WALLO.,2026,32
UO.WALLO.,2026,33
UO.WALLO.,2026,244
UO.WALLO.,2026,245
UO.WALLO.,2026,246
UO.WIKI.,2026,1
UO.WIKI.,2026,2
UO.WIKI.,2026,3
UO.WIKI.,2026,4
UO.WIKI.,2026,5
UO.WIKI.,2026,6
UO.WIKI.,2026,10
UO.WIKI.,2026,24
UO.WIKI.,2026,27
UO.WIKI.,2026,29
UO.WIKI.,2026,30
UO.WIKI.,2026,32
UO.WIKI.,2026,33
UO.WIKI.,2026,244
UO.WIKI.,2026,245
UO.WIKI.,2026,246
UO.WILL.,2026,1
UO.WILL.,2026,2
UO.WILL.,2026,3
UO.WILL.,2026,4
UO.WILL.,2026,5
UO.WILL.,2026,6
UO.WILL.,2026,32
UO.WILL.,2026,33
UO.WILL.,2026,244
UO.WILL.,2026,245
UO.WILL.,2026,246
UO.WLOO.,2026,1
UO.WLOO.,2026,2
UO.WLOO.,2026,3
UO.WLOO.,2026,4
UO.WLOO.,2026,5
UO.WLOO.,2026,6
UO.WLOO.,2026,32
UO.WLOO.,2026,33
UO.WLOO.,2026,244
UO.WLOO.,2026,245
UO.WLOO.,2026,246
UO.WOOD.,2026,1
UO.WOOD.,2026,2
UO.WOOD.,2026,3
UO.WOOD.,2026,4
UO.WOOD.,2026,5
UO.WOOD.,2026,6
UO.WOOD.,2026,9
UO.WOOD.,2026,32
UO.WOOD.,2026,33
UO.WOOD.,2026,244
UO.WOOD.,2026,245
UO.WOOD.,2026,246
UO.WYLD.,2026,1
UO.WYLD.,2026,2
UO.WYLD.,2026,3
UO.WYLD.,2026,4
UO.WYLD.,2026,5
UO.WYLD.,2026,6
UO.WYLD.,2026,32
UO.WYLD.,2026,33
UO.WYLD.,2026,244
UO.WYLD.,2026,245
UO.WYLD.,2026,246
UO.YANK.,2026,1
UO.YANK.,2026,2
UO.YANK.,2026,3
UO.YANK.,2026,4
UO.YANK.,2026,5
UO.YANK.,2026,6
UO.YANK.,2026,32
UO.YANK.,2026,33
UO.YANK.,2026,244
UO.YANK.,2026,245
UO.YANK.,2026,246
US.AHID.,2026,121
US.AHID.,2026,122
US.AHID.,2026,123
US.AHID.,2026,124
US.AHID.,2026,125
US.AHID.,2026,126
US.AHID.,2026,127
US.AHID.,2026,128
US.AHID.,2026,129
US.AHID.,2026,130
US.AHID.,2026,131
US.AHID.,2026,132
US.AHID.,2026,133
US.AHID.,2026,141
US.AHID.,2026,142
US.AHID.,2026,143
US.AHID.,2026,144
US.AHID.,2026,145
US.AHID.,2026,146
US.AHID.,2026,147
US.AHID.,2026,161
US.AHID.,2026,162
US.AHID.,2026,163
US.AHID.,2026,164
US.AHID.,2026,165
US.AHID.,2026,166
US.AHID.,2026,167
US.AHID.,2026,168
US.AHID.,2026,169
US.AHID.,2026,170
US.AHID.,2026,171
US.AHID.,2026,172
US.AHID.,2026,173
US.AHID.,2026,241
US.AHID.,2026,242
US.AHID.,2026,243
US.AHID.,2026,244
US.AHID.00,2026,121
US.AHID.00,2026,122
US.AHID.00,2026,123
US.AHID.00,2026,124
US.AHID.00,2026,125
US.AHID.00,2026,126
US.AHID.00,2026,127
US.AHID.00,2026,128
US.AHID.00,2026,129
US.AHID.00,2026,130
US.AHID.00,2026,141
US.AHID.00,2026,142
US.AHID.00,2026,143
US.AHID.00,2026,144
US.AHID.00,2026,145
US.AHID.00,2026,146
US.AHID.00,2026,147
US.AHID.00,2026,161
US.AHID.00,2026,162
US.AHID.00,2026,163
US.AHID.00,2026,164
US.AHID.00,2026,165
US.AHID.00,2026,166
US.AHID.00,2026,167
US.AHID.00,2026,168
US.AHID.00,2026,169
US.AHID.00,2026,170
US.AHID.00,2026,244
US.AHID.20,2026,121
US.AHID.20,2026,122
US.AHID.20,2026,123
US.AHID.20,2026,124
US.AHID.20,2026,125
US.AHID.20,2026,126
US.AHID.20,2026,127
US.AHID.20,2026,128
US.AHID.20,2026,129
US.AHID.20,2026,130
US.AHID.20,2026,132
US.AHID.20,2026,141
US.AHID.20,2026,142
US.AHID.20,2026,143
US.AHID.20,2026,144
US.AHID.20,2026,145
US.AHID.20,2026,146
US.AHID.20,2026,147
US.AHID.20,2026,161
US.AHID.20,2026,162
US.AHID.20,2026,163
US.AHID.20,2026,164
US.AHID.20,2026,165
US.AHID.20,2026,166
US.AHID.20,2026,167
US.AHID.20,2026,168
US.AHID.20,2026,169
US.AHID.20,2026,170
US.AHID.20,2026,244
US.BMO.,2026,121
US.BMO.,2026,122
US.BMO.,2026,123
US.BMO.,2026,124
US.BMO.,2026,125
US.BMO.,2026,126
US.BMO.,2026,127
US.BMO.,2026,128
US.BMO.,2026,129
US.BMO.,2026,130
US.BMO.,2026,131
US.BMO.,2026,132
US.BMO.,2026,133
US.BMO.,2026,141
US.BMO.,2026,142
US.BMO.,2026,143
US.BMO.,2026,144
US.BMO.,2026,145
US.BMO.,2026,146
US.BMO.,2026,147
US.BMO.,2026,161
US.BMO.,2026,162
US.BMO.,2026,163
US.BMO.,2026,164
US.BMO.,2026,165
US.BMO.,2026,166
US.BMO.,2026,167
US.BMO.,2026,168
US.BMO.,2026,169
US.BMO.,2026,170
US.BMO.,2026,171
US.BMO.,2026,172
US.BMO.,2026,173
US.BMO.,2026,241
US.BMO.,2026,242
US.BMO.,2026,243
US.BMO.,2026,244
US.BMO.00,2026,121
US.BMO.00,2026,122
US.BMO.00,2026,123
US.BMO.00,2026,124
US.BMO.00,2026,125
US.BMO.00,2026,126
US.BMO.00,2026,127
US.BMO.00,2026,128
US.BMO.00,2026,129
US.BMO.00,2026,130
US.BMO.00,2026,141
US.BMO.00,2026,142
US.BMO.00,2026,143
US.BMO.00,2026,144
US.BMO.00,2026,145
US.BMO.00,2026,146
US.BMO.00,2026,161
US.BMO.00,2026,162
US.BMO.00,2026,163
US.BMO.00,2026,164
US.BMO.00,2026,165
US.BMO.00,2026,166
US.BMO.00,2026,167
US.BMO.00,2026,168
US.BMO.00,2026,169
US.BMO.00,2026,170
US.BMO.00,2026,244
US.BMO.20,2026,121
US.BMO.20,2026,122
US.BMO.20,2026,123
US.BMO.20,2026,124
US.BMO.20,2026,125
US.BMO.20,2026,126
US.BMO.20,2026,127
US.BMO.20,2026,128
US.BMO.20,2026,129
US.BMO.20,2026,130
US.BMO.20,2026,131
US.BMO.20,2026,132
US.BMO.20,2026,133
US.BMO.20,2026,141
US.BMO.20,2026,142
US.BMO.20,2026,143
US.BMO.20,2026,144
US.BMO.20,2026,145
US.BMO.20,2026,146
US.BMO.20,2026,161
US.BMO.20,2026,162
US.BMO.20,2026,163
US.BMO.20,2026,164
US.BMO.20,2026,165
US.BMO.20,2026,166
US.BMO.20,2026,167
US.BMO.20,2026,168
US.BMO.20,2026,169
US.BMO.20,2026,241
US.BMO.20,2026,242
US.BMO.20,2026,244
US.BW06.,2026,121
US.BW06.,2026,122
US.BW06.,2026,123
US.BW06.,2026,124
US.BW06.,2026,125
US.BW06.,2026,126
US.BW06.,2026,127
US.BW06.,2026,128
US.BW06.,2026,129
US.BW06.,2026,130
US.BW06.,2026,131
US.BW06.,2026,132
US.BW06.,2026,133
US.BW06.,2026,141
US.BW06.,2026,142
US.BW06.,2026,143
US.BW06.,2026,144
US.BW06.,2026,145
US.BW06.,2026,146
US.BW06.,2026,147
US.BW06.,2026,161
US.BW06.,2026,162
US.BW06.,2026,163
US.BW06.,2026,164
US.BW06.,2026,165
US.BW06.,2026,166
US.BW06.,2026,167
US.BW06.,2026,168
US.BW06.,2026,169
US.BW06.,2026,170
US.BW06.,2026,171
US.BW06.,2026,172
US.BW06.,2026,173
US.BW06.,2026,241
US.BW06.,2026,242
US.BW06.,2026,243
US.BW06.,2026,244
US.BW06.00,2026,121
US.BW06.00,2026,122
US.BW06.00,2026,123
US.BW06.00,2026,124
US.BW06.00,2026,125
US.BW06.00,2026,126
US.BW06.00,2026,127
US.BW06.00,2026,128
US.BW06.00,2026,129
US.BW06.00,2026,130
US.BW06.00,2026,141
US.BW06.00,2026,142
US.BW06.00,2026,143
US.BW06.00,2026,144
US.BW06.00,2026,145
US.BW06.00,2026,146
US.BW06.00,2026,161
US.BW06.00,2026,162
US.BW06.00,2026,163
US.BW06.00,2026,164
US.BW06.00,2026,165
US.BW06.00,2026,166
US.BW06.00,2026,167
US.BW06.00,2026,168
US.BW06.00,2026,169
US.BW06.20,2026,121
US.BW06.20,2026,122
US.BW06.20,2026,123
US.BW06.20,2026,124
US.BW06.20,2026,125
US.BW06.20,2026,126
US.BW06.20,2026,127
US.BW06.20,2026,128
US.BW06.20,2026,129
US.BW06.20,2026,130
US.BW06.20,2026,131
US.BW06.20,2026,132
US.BW06.20,2026,133
US.BW06.20,2026,141
US.BW06.20,2026,142
US.BW06.20,2026,143
US.BW06.20,2026,144
US.BW06.20,2026,145
US.BW06.20,2026,146
US.BW06.20,2026,147
US.BW06.20,2026,161
US.BW06.20,2026,162
US.BW06.20,2026,163
US.BW06.20,2026,164
US.BW06.20,2026,165
US.BW06.20,2026,166
US.BW06.20,2026,167
US.BW06.20,2026,168
US.BW06.20,2026,169
US.BW06.20,2026,170
US.BW06.20,2026,171
US.BW06.20,2026,172
US.BW06.20,2026,173
US.BW06.20,2026,241
US.BW06.20,2026,242
US.BW06.20,2026,243
US.BW06.20,2026,244
US.ELK.,2026,121
US.ELK.,2026,122
US.ELK.,2026,123
US.ELK.,2026,124
US.ELK.,2026,125
US.ELK.,2026,126
US.ELK.,2026,127
US.ELK.,2026,128
US.ELK.,2026,129
US.ELK.,2026,130
US.ELK.,2026,131
US.ELK.,2026,132
US.ELK.,2026,133
US.ELK.,2026,141
US.ELK.,2026,142
US.ELK.,2026,143
US.ELK.,2026,144
US.ELK.,2026,145
US.ELK.,2026,146
US.ELK.,2026,147
US.ELK.,2026,161
US.ELK.,2026,162
US.ELK.,2026,163
US.ELK.,2026,164
US.ELK.,2026,165
US.ELK.,2026,166
US.ELK.,2026,167
US.ELK.,2026,168
US.ELK.,2026,169
US.ELK.,2026,170
US.ELK.,2026,171
US.ELK.,2026,172
US.ELK.,2026,173
US.ELK.,2026,241
US.ELK.,2026,242
US.ELK.,2026,243
US.ELK.,2026,244
US.ELK.00,2026,121
US.ELK.00,2026,122
US.ELK.00,2026,123
US.ELK.00,2026,124
US.ELK.00,2026,125
US.ELK.00,2026,126
US.ELK.00,2026,127
US.ELK.00,2026,128
US.ELK.00,2026,129
US.ELK.00,2026,130
US.ELK.00,2026,141
US.ELK.00,2026,142
US.ELK.00,2026,143
US.ELK.00,2026,144
US.ELK.00,2026,145
US.ELK.00,2026,146
US.ELK.00,2026,161
US.ELK.00,2026,162
US.ELK.00,2026,163
US.ELK.00,2026,164
US.ELK.00,2026,165
US.ELK.00,2026,166
US.ELK.00,2026,167
US.ELK.00,2026,168
US.ELK.00,2026,169
US.ELK.00,2026,241
US.ELK.00,2026,242
US.ELK.00,2026,243
US.ELK.00,2026,244
US.ELK.20,2026,121
US.ELK.20,2026,122
US.ELK.20,2026,123
US.ELK.20,2026,124
US.ELK.20,2026,125
US.ELK.20,2026,126
US.ELK.20,2026,127
US.ELK.20,2026,128
US.ELK.20,2026,129
US.ELK.20,2026,130
US.ELK.20,2026,131
US.ELK.20,2026,132
US.ELK.20,2026,133
US.ELK.20,2026,141
US.ELK.20,2026,142
US.ELK.20,2026,143
US.ELK.20,2026,144
US.ELK.20,2026,145
US.ELK.20,2026,146
US.ELK.20,2026,147
US.ELK.20,2026,161
US.ELK.20,2026,162
US.ELK.20,2026,163
US.ELK.20,2026,164
US.ELK.20,2026,165
US.ELK.20,2026,166
US.ELK.20,2026,167
US.ELK.20,2026,168
US.ELK.20,2026,169
US.ELK.20,2026,170
US.ELK.20,2026,171
US.ELK.20,2026,172
US.ELK.20,2026,173
US.ELK.20,2026,241
US.ELK.20,2026,242
US.ELK.20,2026,243
US.ELK.20,2026,244
US.HLID.,2026,121
US.HLID.,2026,122
US.HLID.,2026,123
US.HLID.,2026,124
US.HLID.,2026,125
US.HLID.,2026,126
US.HLID.,2026,127
US.HLID.,2026,128
US.HLID.,2026,129
US.HLID.,2026,130
US.HLID.,2026,131
US.HLID.,2026,132
US.HLID.,2026,133
US.HLID.,2026,141
US.HLID.,2026,142
US.HLID.,2026,143
US.HLID.,2026,144
US.HLID.,2026,145
US.HLID.,2026,146
US.HLID.,2026,147
US.HLID.,2026,161
US.HLID.,2026,162
US.HLID.,2026,163
US.HLID.,2026,164
US.HLID.,2026,165
US.HLID.,2026,166
US.HLID.,2026,167
US.HLID.,2026,168
US.HLID.,2026,169
US.HLID.,2026,170
US.HLID.,2026,171
US.HLID.,2026,172
US.HLID.,2026,173
US.HLID.,2026,241
US.HLID.,2026,242
US.HLID.,2026,243
US.HLID.,2026,244
US.HLID.00,2026,121
US.HLID.00,2026,122
US.HLID.00,2026,123
US.HLID.00,2026,124
US.HLID.00,2026,125
US.HLID.00,2026,126
US.HLID.00,2026,127
US.HLID.00,2026,128
US.HLID.00,2026,129
US.HLID.00,2026,141
US.HLID.00,2026,142
US.HLID.00,2026,143
US.HLID.00,2026,144
US.HLID.00,2026,145
US.HLID.00,2026,146
US.HLID.00,2026,161
US.HLID.00,2026,162
US.HLID.00,2026,163
US.HLID.00,2026,164
US.HLID.00,2026,165
US.HLID.00,2026,166
US.HLID.00,2026,167
US.HLID.00,2026,168
US.HLID.00,2026,169
US.HLID.20,2026,121
US.HLID.20,2026,122
US.HLID.20,2026,123
US.HLID.20,2026,124
US.HLID.20,2026,125
US.HLID.20,2026,126
US.HLID.20,2026,127
US.HLID.20,2026,128
US.HLID.20,2026,129
US.HLID.20,2026,130
US.HLID.20,2026,131
US.HLID.20,2026,132
US.HLID.20,2026,133
US.HLID.20,2026,141
US.HLID.20,2026,142
US.HLID.20,2026,143
US.HLID.20,2026,144
US.HLID.20,2026,145
US.HLID.20,2026,146
US.HLID.20,2026,147
US.HLID.20,2026,161
US.HLID.20,2026,162
US.HLID.20,2026,163
US.HLID.20,2026,164
US.HLID.20,2026,165
US.HLID.20,2026,166
US.HLID.20,2026,167
US.HLID.20,2026,168
US.HLID.20,2026,169
US.HLID.20,2026,170
US.HLID.20,2026,171
US.HLID.20,2026,172
US.HLID.20,2026,173
US.HLID.20,2026,241
US.HLID.20,2026,242
US.HLID.20,2026,243
US.HLID.20,2026,244
US.LKWY.,2026,121
US.LKWY.,2026,122
US.LKWY.,2026,123
US.LKWY.,2026,124
US.LKWY.,2026,125
US.LKWY.,2026,126
US.LKWY.,2026,127
US.LKWY.,2026,128
US.LKWY.,2026,129
US.LKWY.,2026,130
US.LKWY.,2026,131
US.LKWY.,2026,132
US.LKWY.,2026,133
US.LKWY.,2026,141
US.LKWY.,2026,142
US.LKWY.,2026,143
US.LKWY.,2026,144
US.LKWY.,2026,145
US.LKWY.,2026,146
US.LKWY.,2026,147
US.LKWY.,2026,161
US.LKWY.,2026,162
US.LKWY.,2026,163
US.LKWY.,2026,164
US.LKWY.,2026,165
US.LKWY.,2026,166
US.LKWY.,2026,167
US.LKWY.,2026,168
US.LKWY.,2026,169
US.LKWY.,2026,170
US.LKWY.,2026,171
US.LKWY.,2026,172
US.LKWY.,2026,173
US.LKWY.,2026,241
US.LKWY.,2026,242
US.LKWY.,2026,243
US.LKWY.,2026,244
US.LKWY.00,2026,121
US.LKWY.00,2026,122
US.LKWY.00,2026,123
US.LKWY.00,2026,124
US.LKWY.00,2026,125
US.LKWY.00,2026,126
US.LKWY.00,2026,127
US.LKWY.00,2026,128
US.LKWY.00,2026,129
US.LKWY.00,2026,141
US.LKWY.00,2026,142
US.LKWY.00,2026,143
US.LKWY.00,2026,144
US.LKWY.00,2026,145
US.LKWY.00,2026,146
US.LKWY.00,2026,161
US.LKWY.00,2026,162
US.LKWY.00,2026,163
US.LKWY.00,2026,164
US.LKWY.00,2026,165
US.LKWY.00,2026,166
US.LKWY.00,2026,167
US.LKWY.00,2026,168
US.LKWY.00,2026,169
US.LKWY.20,2026,121
US.LKWY.20,2026,122
US.LKWY.20,2026,123
US.LKWY.20,2026,124
US.LKWY.20,2026,125
US.LKWY.20,2026,126
US.LKWY.20,2026,127
US.LKWY.20,2026,128
US.LKWY.20,2026,129
US.LKWY.20,2026,141
US.LKWY.20,2026,142
US.LKWY.20,2026,143
US.LKWY.20,2026,144
US.LKWY.20,2026,145
US.LKWY.20,2026,146
US.LKWY.20,2026,161
US.LKWY.20,2026,162
US.LKWY.20,2026,163
US.LKWY.20,2026,164
US.LKWY.20,2026,165
US.LKWY.20,2026,166
US.LKWY.20,2026,167
US.LKWY.20,2026,168
US.LKWY.20,2026,169
US.LKWY.20,2026,170
US.NEW.,2026,121
US.NEW.,2026,122
US.NEW.,2026,123
US.NEW.,2026,124
US.NEW.,2026,125
US.NEW.,2026,126
US.NEW.,2026,127
US.NEW.,2026,128
US.NEW.,2026,129
US.NEW.,2026,130
US.NEW.,2026,131
US.NEW.,2026,132
US.NEW.,2026,133
US.NEW.,2026,141
US.NEW.,2026,142
US.NEW.,2026,143
US.NEW.,2026,144
US.NEW.,2026,145
US.NEW.,2026,146
US.NEW.,2026,147
US.NEW.,2026,161
US.NEW.,2026,162
US.NEW.,2026,163
US.NEW.,2026,164
US.NEW.,2026,165
US.NEW.,2026,166
US.NEW.,2026,167
US.NEW.,2026,168
US.NEW.,2026,169
US.NEW.,2026,170
US.NEW.,2026,171
US.NEW.,2026,172
US.NEW.,2026,173
US.NEW.,2026,241
US.NEW.,2026,242
US.NEW.,2026,243
US.NEW.,2026,244
US.NEW.00,2026,121
US.NEW.00,2026,122
US.NEW.00,2026,123
US.NEW.00,2026,124
US.NEW.00,2026,125
US.NEW.00,2026,126
US.NEW.00,2026,127
US.NEW.00,2026,128
US.NEW.00,2026,129
US.NEW.00,2026,141
US.NEW.00,2026,142
US.NEW.00,2026,143
US.NEW.00,2026,144
US.NEW.00,2026,145
US.NEW.00,2026,146
US.NEW.00,2026,161
US.NEW.00,2026,162
US.NEW.00,2026,163
US.NEW.00,2026,164
US.NEW.00,2026,165
US.NEW.00,2026,166
US.NEW.00,2026,167
US.NEW.00,2026,168
US.NEW.00,2026,169
US.NEW.10,2026,121
US.NEW.10,2026,122
US.NEW.10,2026,123
US.NEW.10,2026,124
US.NEW.10,2026,125
US.NEW.10,2026,126
US.NEW.10,2026,127
US.NEW.10,2026,128
US.NEW.10,2026,129
US.NEW.10,2026,141
US.NEW.10,2026,142
US.NEW.10,2026,143
US.NEW.10,2026,144
US.NEW.10,2026,145
US.NEW.10,2026,146
US.NEW.10,2026,161
US.NEW.10,2026,162
US.NEW.10,2026,163
US.NEW.10,2026,164
US.NEW.10,2026,165
US.NEW.10,2026,166
US.NEW.10,2026,167
US.NEW.10,2026,168
US.NEW.10,2026,169
US.NEW.20,2026,121
US.NEW.20,2026,122
US.NEW.20,2026,123
US.NEW.20,2026,124
US.NEW.20,2026,125
US.NEW.20,2026,126
US.NEW.20,2026,127
US.NEW.20,2026,128
US.NEW.20,2026,129
US.NEW.20,2026,130
US.NEW.20,2026,131
US.NEW.20,2026,132
US.NEW.20,2026,133
US.NEW.20,2026,141
US.NEW.20,2026,142
US.NEW.20,2026,143
US.NEW.20,2026,144
US.NEW.20,2026,145
US.NEW.20,2026,146
US.NEW.20,2026,147
US.NEW.20,2026,161
US.NEW.20,2026,162
US.NEW.20,2026,163
US.NEW.20,2026,164
US.NEW.20,2026,165
US.NEW.20,2026,166
US.NEW.20,2026,167
US.NEW.20,2026,168
US.NEW.20,2026,169
US.NEW.20,2026,170
US.NEW.20,2026,171
US.NEW.20,2026,172
US.NEW.20,2026,173
US.NEW.20,2026,241
US.NEW.20,2026,242
US.NEW.20,2026,243
US.NEW.20,2026,244
US.NEW.HR,2026,121
US.NEW.HR,2026,122
US.NEW.HR,2026,123
US.NEW.HR,2026,124
US.NEW.HR,2026,125
US.NEW.HR,2026,126
US.NEW.HR,2026,127
US.NEW.HR,2026,128
US.NEW.HR,2026,129
US.NEW.HR,2026,130
US.NEW.HR,2026,131
US.NEW.HR,2026,132
US.NEW.HR,2026,133
US.NEW.HR,2026,141
US.NEW.HR,2026,142
US.NEW.HR,2026,143
US.NEW.HR,2026,144
US.NEW.HR,2026,145
US.NEW.HR,2026,146
US.NEW.HR,2026,147
US.NEW.HR,2026,161
US.NEW.HR,2026,162
US.NEW.HR,2026,163
US.NEW.HR,2026,164
US.NEW.HR,2026,165
US.NEW.HR,2026,166
US.NEW.HR,2026,167
US.NEW.HR,2026,168
US.NEW.HR,2026,169
US.NEW.HR,2026,170
US.NEW.HR,2026,171
US.NEW.HR,2026,172
US.NEW.HR,2026,173
US.NEW.HR,2026,241
US.NEW.HR,2026,242
US.NEW.HR,2026,243
US.NEW.HR,2026,244
US.NLWA.,2026,121
US.NLWA.,2026,122
US.NLWA.,2026,123
US.NLWA.,2026,124
US.NLWA.,2026,125
US.NLWA.,2026,126
US.NLWA.,2026,127
US.NLWA.,2026,128
US.NLWA.,2026,129
US.NLWA.,2026,130
US.NLWA.,2026,131
US.NLWA.,2026,132
US.NLWA.,2026,133
US.NLWA.,2026,141
US.NLWA.,2026,142
US.NLWA.,2026,143
US.NLWA.,2026,144
US.NLWA.,2026,145
US.NLWA.,2026,146
US.NLWA.,2026,147
US.NLWA.,2026,161
US.NLWA.,2026,162
US.NLWA.,2026,163
US.NLWA.,2026,164
US.NLWA.,2026,165
US.NLWA.,2026,166
US.NLWA.,2026,167
US.NLWA.,2026,168
US.NLWA.,2026,169
US.NLWA.,2026,170
US.NLWA.,2026,171
US.NLWA.,2026,172
US.NLWA.,2026,173
US.NLWA.,2026,241
US.NLWA.,2026,242
US.NLWA.,2026,243
US.NLWA.,2026,244
US.NLWA.00,2026,121
US.NLWA.00,2026,122
US.NLWA.00,2026,123
US.NLWA.00,2026,124
US.NLWA.00,2026,125
US.NLWA.00,2026,126
US.NLWA.00,2026,127
US.NLWA.00,2026,128
US.NLWA.00,2026,129
US.NLWA.00,2026,141
US.NLWA.00,2026,142
US.NLWA.00,2026,143
US.NLWA.00,2026,144
US.NLWA.00,2026,145
US.NLWA.00,2026,146
US.NLWA.00,2026,161
US.NLWA.00,2026,162
US.NLWA.00,2026,163
US.NLWA.00,2026,164
US.NLWA.00,2026,165
US.NLWA.00,2026,166
US.NLWA.00,2026,167
US.NLWA.00,2026,168
US.NLWA.00,2026,169
US.NLWA.20,2026,121
US.NLWA.20,2026,122
US.NLWA.20,2026,123
US.NLWA.20,2026,124
US.NLWA.20,2026,125
US.NLWA.20,2026,126
US.NLWA.20,2026,127
US.NLWA.20,2026,128
US.NLWA.20,2026,129
US.NLWA.20,2026,130
US.NLWA.20,2026,131
US.NLWA.20,2026,132
US.NLWA.20,2026,133
US.NLWA.20,2026,141
US.NLWA.20,2026,142
US.NLWA.20,2026,143
US.NLWA.20,2026,144
US.NLWA.20,2026,145
US.NLWA.20,2026,146
US.NLWA.20,2026,147
US.NLWA.20,2026,161
US.NLWA.20,2026,162
US.NLWA.20,2026,163
US.NLWA.20,2026,164
US.NLWA.20,2026,165
US.NLWA.20,2026,166
US.NLWA.20,2026,167
US.NLWA.20,2026,168
US.NLWA.20,2026,169
US.NLWA.20,2026,170
US.NLWA.20,2026,171
US.NLWA.20,2026,172
US.NLWA.20,2026,173
US.NLWA.20,2026,241
US.NLWA.20,2026,242
US.NLWA.20,2026,243
US.NLWA.20,2026,244
US.TPNV.,2026,121
US.TPNV.,2026,122
US.TPNV.,2026,123
US.TPNV.,2026,124
US.TPNV.,2026,125
US.TPNV.,2026,126
US.TPNV.,2026,127
US.TPNV.,2026,128
US.TPNV.,2026,129
US.TPNV.,2026,130
US.TPNV.,2026,131
US.TPNV.,2026,132
US.TPNV.,2026,133
US.TPNV.,2026,141
US.TPNV.,2026,142
US.TPNV.,2026,143
US.TPNV.,2026,144
US.TPNV.,2026,145
US.TPNV.,2026,146
US.TPNV.,2026,147
US.TPNV.,2026,161
US.TPNV.,2026,162
US.TPNV.,2026,163
US.TPNV.,2026,164
US.TPNV.,2026,165
US.TPNV.,2026,166
US.TPNV.,2026,167
US.TPNV.,2026,168
US.TPNV.,2026,169
US.TPNV.,2026,170
US.TPNV.,2026,171
US.TPNV.,2026,172
US.TPNV.,2026,173
US.TPNV.,2026,241
US.TPNV.,2026,242
US.TPNV.,2026,243
US.TPNV.,2026,244
US.TPNV.00,2026,121
US.TPNV.00,2026,122
US.TPNV.00,2026,123
US.TPNV.00,2026,124
US.TPNV.00,2026,125
US.TPNV.00,2026,126
US.TPNV.00,2026,127
US.TPNV.00,2026,128
US.TPNV.00,2026,129
US.TPNV.00,2026,141
US.TPNV.00,2026,142
US.TPNV.00,2026,143
US.TPNV.00,2026,144
US.TPNV.00,2026,145
US.TPNV.00,2026,146
US.TPNV.00,2026,161
US.TPNV.00,2026,162
US.TPNV.00,2026,163
US.TPNV.00,2026,164
US.TPNV.00,2026,165
US.TPNV.00,2026,166
US.TPNV.00,2026,167
US.TPNV.00,2026,168
US.TPNV.00,2026,169
US.TPNV.20,2026,121
US.TPNV.20,2026,122
US.TPNV.20,2026,123
US.TPNV.20,2026,124
US.TPNV.20,2026,125
US.TPNV.20,2026,126
US.TPNV.20,2026,127
US.TPNV.20,2026,128
US.TPNV.20,2026,129
US.TPNV.20,2026,130
US.TPNV.20,2026,131
US.TPNV.20,2026,132
US.TPNV.20,2026,133
US.TPNV.20,2026,141
US.TPNV.20,2026,142
US.TPNV.20,2026,143
US.TPNV.20,2026,144
US.TPNV.20,2026,145
US.TPNV.20,2026,146
US.TPNV.20,2026,147
US.TPNV.20,2026,161
US.TPNV.20,2026,162
US.TPNV.20,2026,163
US.TPNV.20,2026,164
US.TPNV.20,2026,165
US.TPNV.20,2026,166
US.TPNV.20,2026,167
US.TPNV.20,2026,168
US.TPNV.20,2026,169
US.TPNV.20,2026,170
US.TPNV.20,2026,171
US.TPNV.20,2026,172
US.TPNV.20,2026,173
US.TPNV.20,2026,241
US.TPNV.20,2026,242
US.TPNV.20,2026,243
US.TPNV.20,2026,244
US.WVOR.,2026,121
US.WVOR.,2026,122
US.WVOR.,2026,123
US.WVOR.,2026,124
US.WVOR.,2026,125
US.WVOR.,2026,126
US.WVOR.,2026,127
US.WVOR.,2026,128
US.WVOR.,2026,129
US.WVOR.,2026,130
US.WVOR.,2026,131
US.WVOR.,2026,132
US.WVOR.,2026,133
US.WVOR.,2026,141
US.WVOR.,2026,142
US.WVOR.,2026,143
US.WVOR.,2026,144
US.WVOR.,2026,145
US.WVOR.,2026,146
US.WVOR.,2026,147
US.WVOR.,2026,161
US.WVOR.,2026,162
US.WVOR.,2026,163
US.WVOR.,2026,164
US.WVOR.,2026,165
US.WVOR.,2026,166
US.WVOR.,2026,167
US.WVOR.,2026,168
US.WVOR.,2026,169
US.WVOR.,2026,170
US.WVOR.,2026,171
US.WVOR.,2026,172
US.WVOR.,2026,173
US.WVOR.,2026,241
US.WVOR.,2026,242
US.WVOR.,2026,243
US.WVOR.,2026,244
UW.ABER.,2026,101
UW.ABER.,2026,102
UW.ABER.,2026,103
UW.ABER.,2026,104
UW.AGNW.,2026,101
UW.AGNW.,2026,102
UW.AGNW.,2026,103
UW.AGNW.,2026,104
UW.ALCT.,2026,101
UW.ALCT.,2026,102
UW.ALCT.,2026,103
UW.ALCT.,2026,104
UW.ALLI.,2026,101
UW.ALLI.,2026,102
UW.ALLI.,2026,103
UW.ALLI.,2026,104
UW.ANGUS.,2026,101
UW.ANGUS.,2026,102
UW.ANGUS.,2026,103
UW.ANGUS.,2026,104
UW.ARTIC.,2026,101
UW.ARTIC.,2026,102
UW.ARTIC.,2026,103
UW.ARTIC.,2026,104
UW.ASR2.,2026,101
UW.ASR2.,2026,102
UW.ASR2.,2026,103
UW.ASR2.,2026,104
UW.AUG.,2026,101
UW.AUG.,2026,102
UW.AUG.,2026,103
UW.AUG.,2026,104
UW.BABR.,2026,101
UW.BABR.,2026,102
UW.BABR.,2026,103
UW.BABR.,2026,104
UW.BABR.,2026,105
UW.BAND.,2026,101
UW.BAND.,2026,102
UW.BAND.,2026,103
UW.BAND.,2026,104
UW.BBO.,2026,101
UW.BBO.,2026,102
UW.BBO.,2026,103
UW.BDGR.,2026,101
UW.BDGR.,2026,102
UW.BDGR.,2026,103
UW.BEAV.,2026,101
UW.BEAV.,2026,102
UW.BEAV.,2026,103
UW.BECK.,2026,101
UW.BECK.,2026,102
UW.BECK.,2026,103
UW.BECK.,2026,114
UW.BELF.,2026,101
UW.BELF.,2026,102
UW.BELF.,2026,103
UW.BEND.,2026,101
UW.BEND.,2026,102
UW.BEND.,2026,103
UW.BEND.,2026,104
UW.BEND.,2026,105
UW.BEND.,2026,106
UW.BEND.,2026,107
UW.BEND.,2026,108
UW.BEND.,2026,109
UW.BEND.,2026,110
UW.BEND.,2026,111
UW.BEND.,2026,112
UW.BEND.,2026,113
UW.BEND.,2026,114
UW.BEND.,2026,115
UW.BEND.,2026,116
UW.BEND.,2026,117
UW.BEVT.,2026,101
UW.BEVT.,2026,102
UW.BEVT.,2026,103
UW.BHAM.,2026,101
UW.BHAM.,2026,102
UW.BHAM.,2026,103
UW.BHCR.,2026,101
UW.BHCR.,2026,102
UW.BHCR.,2026,103
UW.BHW.,2026,101
UW.BHW.,2026,102
UW.BHW.,2026,103
UW.BICK.,2026,101
UW.BICK.,2026,102
UW.BICK.,2026,103
UW.BILS.,2026,101
UW.BILS.,2026,102
UW.BILS.,2026,103
UW.BLDG.,2026,101
UW.BLDG.,2026,102
UW.BLDG.,2026,103
UW.BLOB.,2026,101
UW.BLOB.,2026,102
UW.BLOB.,2026,103
UW.BLOW.,2026,1
UW.BLOW.,2026,2
UW.BLOW.,2026,3
UW.BLOW.,2026,4
UW.BLOW.,2026,5
UW.BLOW.,2026,6
UW.BLOW.,2026,7
UW.BLOW.,2026,8
UW.BNG.,2026,1
UW.BNG.,2026,2
UW.BNG.,2026,3
UW.BNG.,2026,4
UW.BNG.,2026,5
UW.BNG.,2026,6
UW.BNG.,2026,7
UW.BNG.,2026,8
UW.BOGA.,2026,1
UW.BOGA.,2026,2
UW.BOGA.,2026,3
UW.BOGA.,2026,4
UW.BOGA.,2026,5
UW.BOGA.,2026,6
UW.BOGA.,2026,7
UW.BOGA.,2026,8
UW.BOIS.,2026,1
UW.BOIS.,2026,2
UW.BOIS.,2026,3
UW.BOIS.,2026,4
UW.BOIS.,2026,5
UW.BOIS.,2026,6
UW.BOIS.,2026,7
UW.BOIS.,2026,8
UW.BOW2.,2026,1
UW.BOW2.,2026,2
UW.BOW2.,2026,3
UW.BOW2.,2026,4
UW.BOW2.,2026,5
UW.BOW2.,2026,6
UW.BOW2.,2026,7
UW.BOW2.,2026,8
UW.BRAN.,2026,1
UW.BRAN.,2026,2
UW.BRAN.,2026,3
UW.BRAN.,2026,4
UW.BRAN.,2026,5
UW.BRAN.,2026,6
UW.BRAN.,2026,7
UW.BRAN.,2026,8
UW.BRAV.,2026,1
UW.BRAV.,2026,2
UW.BRAV.,2026,3
UW.BRAV.,2026,4
UW.BRAV.,2026,5
UW.BRAV.,2026,6
UW.BRAV.,2026,7
UW.BRAV.,2026,8
UW.BRGL.,2026,1
UW.BRGL.,2026,2
UW.BRGL.,2026,3
UW.BRGL.,2026,4
UW.BRGL.,2026,5
UW.BRGL.,2026,6
UW.BRGL.,2026,7
UW.BRGL.,2026,8
UW.BRKS.,2026,1
UW.BRKS.,2026,2
UW.BRKS.,2026,3
UW.BRKS.,2026,4
UW.BRKS.,2026,5
UW.BRKS.,2026,6
UW.BRKS.,2026,7
UW.BRKS.,2026,8
UW.BRKS.,2026,9
UW.BRKS.,2026,10
UW.BRKS.,2026,11
UW.BRKS.,2026,12
UW.BRKS.,2026,13
UW.BRO.,2026,1
UW.BRO.,2026,2
UW.BRO.,2026,3
UW.BRO.,2026,4
UW.BRO.,2026,5
UW.BRO.,2026,6
UW.BRO.,2026,7
UW.BRO.,2026,8
UW.BROK.,2026,1
UW.BROK.,2026,2
UW.BROK.,2026,3
UW.BROK.,2026,4
UW.BROK.,2026,5
UW.BROK.,2026,6
UW.BROK.,2026,7
UW.BROK.,2026,8
UW.BROK.,2026,9
UW.BROK.,2026,10
UW.BROK.,2026,11
UW.BROK.,2026,12
UW.BROK.,2026,13
UW.BRUIN.,2026,1
UW.BRUIN.,2026,2
UW.BRUIN.,2026,3
UW.BRUIN.,2026,4
UW.BRUIN.,2026,5
UW.BRUIN.,2026,6
UW.BRUIN.,2026,7
UW.BRUIN.,2026,8
UW.BRV.,2026,1
UW.BRV.,2026,2
UW.BRV.,2026,3
UW.BRV.,2026,4
UW.BRV.,2026,5
UW.BRV.,2026,6
UW.BRV.,2026,7
UW.BRV.,2026,8
UW.BRV.,2026,9
UW.BRV.,2026,10
UW.BRV.,2026,11
UW.BRV.,2026,12
UW.BRV.,2026,13
UW.BST09.,2026,1
UW.BST09.,2026,2
UW.BST09.,2026,3
UW.BST09.,2026,4
UW.BST09.,2026,5
UW.BST09.,2026,6
UW.BST09.,2026,7
UW.BST09.,2026,8
UW.BST09.,2026,9
UW.BST09.,2026,10
UW.BST09.,2026,11
UW.BST09.,2026,12
UW.BST09.,2026,13
UW.BTHL.,2026,1
UW.BTHL.,2026,2
UW.BTHL.,2026,91
UW.BTHL.,2026,121
UW.BTHL.,2026,122
UW.BTHL.,2026,123
UW.BTHL.,2026,124
UW.BTHL.,2026,125
UW.BTHL.,2026,126
UW.BTHL.,2026,127
UW.BTHL.,2026,128
UW.BTHL.,2026,129
UW.BTHL.,2026,130
UW.BTHL.,2026,244
UW.BTHL.,2026,245
UW.BTHL.,2026,246
UW.BUCKS.,2026,1
UW.BUCKS.,2026,2
UW.BUCKS.,2026,91
UW.BUCKS.,2026,121
UW.BUCKS.,2026,122
UW.BUCKS.,2026,123
UW.BUCKS.,2026,124
UW.BUCKS.,2026,125
UW.BUCKS.,2026,126
UW.BUCKS.,2026,127
UW.BUCKS.,2026,128
UW.BUCKS.,2026,129
UW.BUCKS.,2026,130
UW.BUCKS.,2026,244
UW.BUCKS.,2026,245
UW.BUCKS.,2026,246
UW.BULL.,2026,1
UW.BULL.,2026,2
UW.BULL.,2026,91
UW.BULL.,2026,121
UW.BULL.,2026,122
UW.BULL.,2026,123
UW.BULL.,2026,124
UW.BULL.,2026,125
UW.BULL.,2026,126
UW.BULL.,2026,127
UW.BULL.,2026,128
UW.BULL.,2026,129
UW.BULL.,2026,244
UW.BULL.,2026,245
UW.BULL.,2026,246
UW.BURLY.00,2026,81
UW.BURLY.00,2026,82
UW.BURLY.00,2026,83
UW.BURLY.00,2026,84
UW.BURLY.00,2026,85
UW.BURLY.00,2026,86
UW.BURLY.00,2026,87
UW.BURLY.00,2026,88
UW.BURLY.00,2026,89
UW.BURLY.00,2026,90
UW.BURLY.00,2026,91
UW.BURLY.00,2026,121
UW.BURLY.00,2026,122
UW.BURLY.00,2026,123
UW.BURLY.00,2026,124
UW.BURLY.00,2026,125
UW.BURLY.00,2026,126
UW.BURLY.00,2026,127
UW.BURLY.00,2026,128
UW.BURLY.00,2026,129
UW.BURLY.00,2026,130
UW.BURLY.00,2026,131
UW.BURLY.00,2026,241
UW.BURLY.00,2026,242
UW.BURLY.00,2026,243
UW.BURLY.00,2026,244
UW.BURLY.00,2026,245
UW.BURLY.00,2026,246
UW.BURN.,2026,1
UW.BURN.,2026,2
UW.BURN.,2026,4
UW.BURN.,2026,8
UW.BURN.,2026,81
UW.BURN.,2026,91
UW.BURN.,2026,121
UW.BURN.,2026,122
UW.BURN.,2026,123
UW.BURN.,2026,124
UW.BURN.,2026,125
UW.BURN.,2026,126
UW.BURN.,2026,127
UW.BURN.,2026,128
UW.BURN.,2026,129
UW.BURN.,2026,244
UW.BURN.,2026,245
UW.BURN.,2026,246
UW.BVW.,2026,1
UW.BVW.,2026,2
UW.BVW.,2026,3
UW.BVW.,2026,4
UW.BVW.,2026,5
UW.BVW.,2026,6
UW.BVW.,2026,7
UW.BVW.,2026,9
UW.BVW.,2026,10
UW.BVW.,2026,12
UW.BVW.,2026,13
UW.BVW.,2026,15
UW.BVW.,2026,17
UW.BVW.,2026,19
UW.BVW.,2026,82
UW.BVW.,2026,84
UW.BVW.,2026,85
UW.BVW.,2026,86
UW.BVW.,2026,87
UW.BVW.,2026,90
UW.BVW.,2026,91
UW.BVW.,2026,121
UW.BVW.,2026,122
UW.BVW.,2026,123
UW.BVW.,2026,124
UW.BVW.,2026,125
UW.BVW.,2026,126
UW.BVW.,2026,127
UW.BVW.,2026,128
UW.BVW.,2026,129
UW.BVW.,2026,242
UW.BVW.,2026,243
UW.BVW.,2026,244
UW.BVW.,2026,245
UW.BVW.,2026,246
UW.CBS.,2026,1
UW.CBS.,2026,2
UW.CBS.,2026,91
UW.CBS.,2026,121
UW.CBS.,2026,122
UW.CBS.,2026,123
UW.CBS.,2026,124
UW.CBS.,2026,125
UW.CBS.,2026,126
UW.CBS.,2026,127
UW.CBS.,2026,128
UW.CBS.,2026,129
UW.CBS.,2026,244
UW.CBS.,2026,245
UW.CCFR.,2026,1
UW.CCFR.,2026,2
UW.CCFR.,2026,91
UW.CCFR.,2026,121
UW.CCFR.,2026,122
UW.CCFR.,2026,123
UW.CCFR.,2026,124
UW.CCFR.,2026,125
UW.CCFR.,2026,126
UW.CCFR.,2026,127
UW.CCFR.,2026,128
UW.CCFR.,2026,129
UW.CCFR.,2026,244
UW.CCFR.,2026,245
UW.CCRK.,2026,1
UW.CCRK.,2026,2
UW.CCRK.,2026,87
UW.CCRK.,2026,91
UW.CCRK.,2026,121
UW.CCRK.,2026,122
UW.CCRK.,2026,123
UW.CCRK.,2026,124
UW.CCRK.,2026,125
UW.CCRK.,2026,126
UW.CCRK.,2026,127
UW.CCRK.,2026,128
UW.CCRK.,2026,129
UW.CCRK.,2026,244
UW.CCRK.,2026,245
UW.CDF.,2026,1
UW.CDF.,2026,2
UW.CDF.,2026,91
UW.CDF.,2026,121
UW.CDF.,2026,122
UW.CDF.,2026,123
UW.CDF.,2026,124
UW.CDF.,2026,125
UW.CDF.,2026,126
UW.CDF.,2026,127
UW.CDF.,2026,128
UW.CDF.,2026,129
UW.CDF.,2026,244
UW.CDF.,2026,245
UW.CDF.01,2026,81
UW.CDF.01,2026,82
UW.CDF.01,2026,83
UW.CDF.01,2026,84
UW.CDF.01,2026,85
UW.CDF.01,2026,86
UW.CDF.01,2026,87
UW.CDF.01,2026,88
UW.CDF.01,2026,89
UW.CDF.01,2026,90
UW.CDF.01,2026,91
UW.CDF.01,2026,121
UW.CDF.01,2026,122
UW.CDF.01,2026,123
UW.CDF.01,2026,124
UW.CDF.01,2026,125
UW.CDF.01,2026,126
UW.CDF.01,2026,127
UW.CDF.01,2026,128
UW.CDF.01,2026,129
UW.CDF.01,2026,130
UW.CDF.01,2026,131
UW.CDF.01,2026,241
UW.CDF.01,2026,242
UW.CDF.01,2026,243
UW.CDF.01,2026,244
UW.CDF.01,2026,245
UW.CDF.01,2026,246
UW.CDMR.,2026,1
UW.CDMR.,2026,2
UW.CDMR.,2026,91
UW.CDMR.,2026,121
UW.CDMR.,2026,122
UW.CDMR.,2026,123
UW.CDMR.,2026,124
UW.CDMR.,2026,125
UW.CDMR.,2026,126
UW.CDMR.,2026,127
UW.CDMR.,2026,128
UW.CDMR.,2026,129
UW.CDMR.,2026,130
UW.CDMR.,2026,131
UW.CDMR.,2026,244
UW.CDMR.,2026,245
UW.CHELN.,2026,1
UW.CHELN.,2026,2
UW.CHELN.,2026,10
UW.CHELN.,2026,17
UW.CHELN.,2026,88
UW.CHELN.,2026,121
UW.CHELN.,2026,122
UW.CHELN.,2026,123
UW.CHELN.,2026,124
UW.CHELN.,2026,125
UW.CHELN.,2026,126
UW.CHELN.,2026,127
UW.CHELN.,2026,128
UW.CHELN.,2026,129
UW.CHELN.,2026,244
UW.CHELN.,2026,245
UW.CHIMA.,2026,1
UW.CHIMA.,2026,2
UW.CHIMA.,2026,121
UW.CHIMA.,2026,122
UW.CHIMA.,2026,123
UW.CHIMA.,2026,124
UW.CHIMA.,2026,125
UW.CHIMA.,2026,126
UW.CHIMA.,2026,127
UW.CHIMA.,2026,128
UW.CHIMA.,2026,129
UW.CHIMA.,2026,244
UW.CHIMA.,2026,245
UW.CINE.,2026,1
UW.CINE.,2026,2
UW.CINE.,2026,121
UW.CINE.,2026,122
UW.CINE.,2026,123
UW.CINE.,2026,124
UW.CINE.,2026,125
UW.CINE.,2026,126
UW.CINE.,2026,127
UW.CINE.,2026,128
UW.CINE.,2026,129
UW.CINE.,2026,244
UW.CINE.,2026,245
UW.CONW.,2026,1
UW.CONW.,2026,2
UW.CONW.,2026,121
UW.CONW.,2026,122
UW.CONW.,2026,123
UW.CONW.,2026,124
UW.CONW.,2026,125
UW.CONW.,2026,126
UW.CONW.,2026,127
UW.CONW.,2026,128
UW.CONW.,2026,129
UW.CONW.,2026,244
UW.CONW.,2026,245
UW.COOM.,2026,1
UW.COOM.,2026,2
UW.COOM.,2026,121
UW.COOM.,2026,122
UW.COOM.,2026,123
UW.COOM.,2026,124
UW.COOM.,2026,125
UW.COOM.,2026,126
UW.COOM.,2026,127
UW.COOM.,2026,128
UW.COOM.,2026,129
UW.COOM.,2026,244
UW.COOM.,2026,245
UW.COOS.,2026,1
UW.COOS.,2026,2
UW.COOS.,2026,121
UW.COOS.,2026,122
UW.COOS.,2026,123
UW.COOS.,2026,124
UW.COOS.,2026,125
UW.COOS.,2026,126
UW.COOS.,2026,127
UW.COOS.,2026,128
UW.COOS.,2026,129
UW.COOS.,2026,244
UW.COOS.,2026,245
UW.CORE.,2026,1
UW.CORE.,2026,2
UW.CORE.,2026,121
UW.CORE.,2026,122
UW.CORE.,2026,123
UW.CORE.,2026,124
UW.CORE.,2026,125
UW.CORE.,2026,126
UW.CORE.,2026,127
UW.CORE.,2026,128
UW.CORE.,2026,129
UW.CORE.,2026,244
UW.CORE.,2026,245
UW.COUGS.,2026,1
UW.COUGS.,2026,121
UW.COUGS.,2026,122
UW.COUGS.,2026,123
UW.COUGS.,2026,124
UW.COUGS.,2026,125
UW.COUGS.,2026,126
UW.COUGS.,2026,127
UW.COUGS.,2026,128
UW.COUGS.,2026,129
UW.COUGS.,2026,244
UW.COUGS.,2026,245
UW.COWL.,2026,1
UW.COWL.,2026,121
UW.COWL.,2026,122
UW.COWL.,2026,123
UW.COWL.,2026,124
UW.COWL.,2026,125
UW.COWL.,2026,126
UW.COWL.,2026,127
UW.COWL.,2026,128
UW.COWL.,2026,129
UW.COWL.,2026,244
UW.COWL.,2026,245
UW.COWS.,2026,1
UW.COWS.,2026,121
UW.COWS.,2026,122
UW.COWS.,2026,123
UW.COWS.,2026,124
UW.COWS.,2026,125
UW.COWS.,2026,126
UW.COWS.,2026,127
UW.COWS.,2026,128
UW.COWS.,2026,129
UW.COWS.,2026,244
UW.COWS.,2026,245
UW.COYL.,2026,1
UW.COYL.,2026,121
UW.COYL.,2026,122
UW.COYL.,2026,123
UW.COYL.,2026,124
UW.COYL.,2026,125
UW.COYL.,2026,126
UW.COYL.,2026,127
UW.COYL.,2026,128
UW.COYL.,2026,129
UW.COYL.,2026,244
UW.COYL.,2026,245
UW.CPARK.,2026,1
UW.CPARK.,2026,121
UW.CPARK.,2026,122
UW.CPARK.,2026,123
UW.CPARK.,2026,124
UW.CPARK.,2026,125
UW.CPARK.,2026,126
UW.CPARK.,2026,127
UW.CPARK.,2026,128
UW.CPARK.,2026,129
UW.CPARK.,2026,244
UW.CPARK.,2026,245
UW.CPW.,2026,1
UW.CPW.,2026,19
UW.CPW.,2026,121
UW.CPW.,2026,122
UW.CPW.,2026,123
UW.CPW.,2026,124
UW.CPW.,2026,125
UW.CPW.,2026,126
UW.CPW.,2026,127
UW.CPW.,2026,128
UW.CPW.,2026,129
UW.CPW.,2026,244
UW.CPW.,2026,245
UW.ELL.,2026,61
UW.ELL.,2026,62
UW.ELL.,2026,63
UW.ELL.,2026,121
UW.ELL.,2026,122
UW.ELL.,2026,123
UW.ELL.,2026,124
UW.ELL.,2026,125
UW.ELL.,2026,126
UW.ELL.,2026,182
UW.ELL.,2026,183
UW.ELL.,2026,184
UW.ELL.,2026,185
UW.ELL.,2026,186
UW.ELL.,2026,187
UW.ELL.,2026,188
UW.ELL.,2026,189
UW.ELW.,2026,61
UW.ELW.,2026,62
UW.ELW.,2026,63
UW.ELW.,2026,64
UW.ELW.,2026,65
UW.ELW.,2026,66
UW.ELW.,2026,67
UW.ELW.,2026,68
UW.ELW.,2026,69
UW.ELW.,2026,70
UW.ELW.,2026,71
UW.ELW.,2026,72
UW.ELW.,2026,73
UW.ELW.,2026,74
UW.ELW.,2026,75
UW.ELW.,2026,76
UW.ELW.,2026,77
UW.ELW.,2026,78
UW.ELW.,2026,121
UW.ELW.,2026,122
UW.ELW.,2026,123
UW.ELW.,2026,124
UW.ELW.,2026,125
UW.ELW.,2026,126
UW.ELW.,2026,127
UW.ELW.,2026,128
UW.ELW.,2026,129
UW.ELW.,2026,130
UW.ELW.,2026,131
UW.ELW.,2026,132
UW.ELW.,2026,133
UW.ELW.,2026,134
UW.ELW.,2026,135
UW.ELW.,2026,181
UW.ELW.,2026,182
UW.ELW.,2026,183
UW.ELW.,2026,184
UW.ELW.,2026,185
UW.ELW.,2026,186
UW.ELW.,2026,187
UW.ELW.,2026,188
UW.ELW.,2026,189
UW.ELW.,2026,190
UW.ELW.,2026,191
UW.ELW.,2026,192
UW.EPH2.,2026,61
UW.EPH2.,2026,62
UW.EPH2.,2026,63
UW.EPH2.,2026,121
UW.EPH2.,2026,122
UW.EPH2.,2026,123
UW.EPH2.,2026,124
UW.EPH2.,2026,125
UW.EPH2.,2026,126
UW.EPH2.,2026,182
UW.EPH2.,2026,183
UW.EPH2.,2026,184
UW.EPH2.,2026,185
UW.EPH2.,2026,186
UW.EPH2.,2026,187
UW.EPH2.,2026,188
UW.EPH2.,2026,189
UW.EQUIL.,2026,61
UW.EQUIL.,2026,62
UW.EQUIL.,2026,63
UW.EQUIL.,2026,121
UW.EQUIL.,2026,122
UW.EQUIL.,2026,123
UW.EQUIL.,2026,124
UW.EQUIL.,2026,125
UW.EQUIL.,2026,126
UW.EQUIL.,2026,182
UW.EQUIL.,2026,183
UW.EQUIL.,2026,184
UW.EQUIL.,2026,185
UW.EQUIL.,2026,186
UW.EQUIL.,2026,187
UW.EQUIL.,2026,188
UW.EQUIL.,2026,189
UW.ERIE.,2026,61
UW.ERIE.,2026,62
UW.ERIE.,2026,63
UW.ERIE.,2026,121
UW.ERIE.,2026,122
UW.ERIE.,2026,123
UW.ERIE.,2026,124
UW.ERIE.,2026,125
UW.ERIE.,2026,126
UW.ERIE.,2026,182
UW.ERIE.,2026,183
UW.ERIE.,2026,184
UW.ERIE.,2026,185
UW.ERIE.,2026,186
UW.ERIE.,2026,187
UW.ERIE.,2026,188
UW.ERIE.,2026,189
UW.ERW.,2026,61
UW.ERW.,2026,62
UW.ERW.,2026,63
UW.ERW.,2026,64
UW.ERW.,2026,65
UW.ERW.,2026,66
UW.ERW.,2026,67
UW.ERW.,2026,68
UW.ERW.,2026,69
UW.ERW.,2026,70
UW.ERW.,2026,71
UW.ERW.,2026,72
UW.ERW.,2026,73
UW.ERW.,2026,74
UW.ERW.,2026,75
UW.ERW.,2026,76
UW.ERW.,2026,77
UW.ERW.,2026,78
UW.ERW.,2026,121
UW.ERW.,2026,122
UW.ERW.,2026,123
UW.ERW.,2026,124
UW.ERW.,2026,125
UW.ERW.,2026,126
UW.ERW.,2026,127
UW.ERW.,2026,128
UW.ERW.,2026,129
UW.ERW.,2026,130
UW.ERW.,2026,131
UW.ERW.,2026,132
UW.ERW.,2026,133
UW.ERW.,2026,134
UW.ERW.,2026,135
UW.ERW.,2026,181
UW.ERW.,2026,182
UW.ERW.,2026,183
UW.ERW.,2026,184
UW.ERW.,2026,185
UW.ERW.,2026,186
UW.ERW.,2026,187
UW.ERW.,2026,188
UW.ERW.,2026,189
UW.ERW.,2026,190
UW.ERW.,2026,191
UW.ERW.,2026,192
UW.ETW.,2026,61
UW.ETW.,2026,62
UW.ETW.,2026,63
UW.ETW.,2026,121
UW.ETW.,2026,122
UW.ETW.,2026,123
UW.ETW.,2026,124
UW.ETW.,2026,125
UW.ETW.,2026,126
UW.ETW.,2026,182
UW.ETW.,2026,183
UW.ETW.,2026,184
UW.ETW.,2026,185
UW.ETW.,2026,186
UW.ETW.,2026,187
UW.ETW.,2026,188
UW.ETW.,2026,189
UW.EVCC.,2026,61
UW.EVCC.,2026,62
UW.EVCC.,2026,63
UW.EVCC.,2026,121
UW.EVCC.,2026,122
UW.EVCC.,2026,123
UW.EVCC.,2026,124
UW.EVCC.,2026,125
UW.EVCC.,2026,126
UW.EVCC.,2026,182
UW.EVCC.,2026,183
UW.EVCC.,2026,184
UW.EVCC.,2026,185
UW.EVCC.,2026,186
UW.EVCC.,2026,187
UW.EVCC.,2026,188
UW.EVCC.,2026,189
UW.FALCO.,2026,61
UW.FALCO.,2026,62
UW.FALCO.,2026,63
UW.FALCO.,2026,121
UW.FALCO.,2026,122
UW.FALCO.,2026,123
UW.FALCO.,2026,124
UW.FALCO.,2026,125
UW.FALCO.,2026,126
UW.FALCO.,2026,182
UW.FALCO.,2026,183
UW.FALCO.,2026,184
UW.FALCO.,2026,185
UW.FALCO.,2026,186
UW.FALCO.,2026,187
UW.FALCO.,2026,188
UW.FALCO.,2026,189
UW.FHE.,2026,61
UW.FHE.,2026,62
UW.FHE.,2026,63
UW.FHE.,2026,121
UW.FHE.,2026,122
UW.FHE.,2026,123
UW.FHE.,2026,124
UW.FHE.,2026,125
UW.FHE.,2026,126
UW.FHE.,2026,182
UW.FHE.,2026,183
UW.FHE.,2026,184
UW.FHE.,2026,185
UW.FHE.,2026,186
UW.FHE.,2026,187
UW.FHE.,2026,188
UW.FHE.,2026,189
UW.FINN.,2026,61
UW.FINN.,2026,62
UW.FINN.,2026,63
UW.FINN.,2026,121
UW.FINN.,2026,122
UW.FINN.,2026,123
UW.FINN.,2026,124
UW.FINN.,2026,125
UW.FINN.,2026,126
UW.FINN.,2026,182
UW.FINN.,2026,183
UW.FINN.,2026,184
UW.FINN.,2026,185
UW.FINN.,2026,186
UW.FINN.,2026,187
UW.FINN.,2026,188
UW.FISH2.,2026,61
UW.FISH2.,2026,62
UW.FISH2.,2026,63
UW.FISH2.,2026,121
UW.FISH2.,2026,122
UW.FISH2.,2026,123
UW.FISH2.,2026,124
UW.FISH2.,2026,125
UW.FISH2.,2026,126
UW.FISH2.,2026,182
UW.FISH2.,2026,183
UW.FISH2.,2026,184
UW.FISH2.,2026,185
UW.FISH2.,2026,186
UW.FISH2.,2026,187
UW.FISH2.,2026,188
UW.FL2.,2026,61
UW.FL2.,2026,62
UW.FL2.,2026,63
UW.FL2.,2026,64
UW.FL2.,2026,65
UW.FL2.,2026,66
UW.FL2.,2026,67
UW.FL2.,2026,68
UW.FL2.,2026,69
UW.FL2.,2026,70
UW.FL2.,2026,71
UW.FL2.,2026,72
UW.FL2.,2026,73
UW.FL2.,2026,74
UW.FL2.,2026,75
UW.FL2.,2026,76
UW.FL2.,2026,77
UW.FL2.,2026,78
UW.FL2.,2026,121
UW.FL2.,2026,122
UW.FL2.,2026,123
UW.FL2.,2026,124
UW.FL2.,2026,125
UW.FL2.,2026,126
UW.FL2.,2026,127
UW.FL2.,2026,128
UW.FL2.,2026,129
UW.FL2.,2026,130
UW.FL2.,2026,131
UW.FL2.,2026,132
UW.FL2.,2026,133
UW.FL2.,2026,134
UW.FL2.,2026,135
UW.FL2.,2026,181
UW.FL2.,2026,182
UW.FL2.,2026,183
UW.FL2.,2026,184
UW.FL2.,2026,185
UW.FL2.,2026,186
UW.FL2.,2026,187
UW.FL2.,2026,188
UW.FL2.,2026,189
UW.FL2.,2026,190
UW.FL2.,2026,191
UW.FL2.,2026,192
UW.FLRE.,2026,61
UW.FLRE.,2026,62
UW.FLRE.,2026,63
UW.FLRE.,2026,121
UW.FLRE.,2026,122
UW.FLRE.,2026,123
UW.FLRE.,2026,124
UW.FLRE.,2026,125
UW.FLRE.,2026,182
UW.FLRE.,2026,183
UW.FLRE.,2026,184
UW.FLRE.,2026,185
UW.FLRE.,2026,186
UW.FLRE.,2026,187
UW.FLRE.,2026,188
UW.FMW.,2026,61
UW.FMW.,2026,62
UW.FMW.,2026,63
UW.FMW.,2026,64
UW.FMW.,2026,65
UW.FMW.,2026,66
UW.FMW.,2026,67
UW.FMW.,2026,68
UW.FMW.,2026,69
UW.FMW.,2026,70
UW.FMW.,2026,71
UW.FMW.,2026,72
UW.FMW.,2026,73
UW.FMW.,2026,74
UW.FMW.,2026,75
UW.FMW.,2026,76
UW.FMW.,2026,77
UW.FMW.,2026,78
UW.FMW.,2026,121
UW.FMW.,2026,122
UW.FMW.,2026,123
UW.FMW.,2026,124
UW.FMW.,2026,125
UW.FMW.,2026,126
UW.FMW.,2026,127
UW.FMW.,2026,128
UW.FMW.,2026,129
UW.FMW.,2026,130
UW.FMW.,2026,131
UW.FMW.,2026,132
UW.FMW.,2026,133
UW.FMW.,2026,134
UW.FMW.,2026,135
UW.FMW.,2026,181
UW.FMW.,2026,182
UW.FMW.,2026,183
UW.FMW.,2026,184
UW.FMW.,2026,185
UW.FMW.,2026,186
UW.FMW.,2026,187
UW.FMW.,2026,188
UW.FMW.,2026,189
UW.FMW.,2026,190
UW.FMW.,2026,191
UW.FMW.,2026,192
UW.FMW.01,2026,61
UW.FMW.01,2026,62
UW.FMW.01,2026,63
UW.FMW.01,2026,64
UW.FMW.01,2026,65
UW.FMW.01,2026,66
UW.FMW.01,2026,67
UW.FMW.01,2026,68
UW.FMW.01,2026,69
UW.FMW.01,2026,70
UW.FMW.01,2026,71
UW.FMW.01,2026,72
UW.FMW.01,2026,73
UW.FMW.01,2026,74
UW.FMW.01,2026,75
UW.FMW.01,2026,76
UW.FMW.01,2026,77
UW.FMW.01,2026,78
UW.FMW.01,2026,121
UW.FMW.01,2026,122
UW.FMW.01,2026,123
UW.FMW.01,2026,124
UW.FMW.01,2026,125
UW.FMW.01,2026,126
UW.FMW.01,2026,127
UW.FMW.01,2026,128
UW.FMW.01,2026,129
UW.FMW.01,2026,130
UW.FMW.01,2026,131
UW.FMW.01,2026,132
UW.FMW.01,2026,133
UW.FMW.01,2026,134
UW.FMW.01,2026,135
UW.FMW.01,2026,181
UW.FMW.01,2026,182
UW.FMW.01,2026,183
UW.FMW.01,2026,184
UW.FMW.01,2026,185
UW.FMW.01,2026,186
UW.FMW.01,2026,187
UW.FMW.01,2026,188
UW.FMW.01,2026,189
UW.FMW.01,2026,190
UW.FMW.01,2026,191
UW.FMW.01,2026,192
UW.FORK.,2026,61
UW.FORK.,2026,62
UW.FORK.,2026,63
UW.FORK.,2026,121
UW.FORK.,2026,122
UW.FORK.,2026,123
UW.FORK.,2026,124
UW.FORK.,2026,125
UW.FORK.,2026,182
UW.FORK.,2026,183
UW.FORK.,2026,184
UW.FORK.,2026,185
UW.FORK.,2026,186
UW.FORK.,2026,187
UW.FORK.,2026,188
UW.GBB.,2026,61
UW.GBB.,2026,62
UW.GBB.,2026,121
UW.GBB.,2026,122
UW.GBB.,2026,123
UW.GBB.,2026,124
UW.GBB.,2026,125
UW.GBB.,2026,182
UW.GBB.,2026,183
UW.GBB.,2026,184
UW.GBB.,2026,185
UW.GBB.,2026,186
UW.GBB.,2026,187
UW.GBB.,2026,188
UW.GHW.,2026,61
UW.GHW.,2026,62
UW.GHW.,2026,63
UW.GHW.,2026,64
UW.GHW.,2026,65
UW.GHW.,2026,66
UW.GHW.,2026,67
UW.GHW.,2026,68
UW.GHW.,2026,69
UW.GHW.,2026,70
UW.GHW.,2026,71
UW.GHW.,2026,72
UW.GHW.,2026,73
UW.GHW.,2026,74
UW.GHW.,2026,75
UW.GHW.,2026,76
UW.GHW.,2026,77
UW.GHW.,2026,78
UW.GHW.,2026,121
UW.GHW.,2026,122
UW.GHW.,2026,123
UW.GHW.,2026,124
UW.GHW.,2026,125
UW.GHW.,2026,126
UW.GHW.,2026,127
UW.GHW.,2026,128
UW.GHW.,2026,129
UW.GHW.,2026,130
UW.GHW.,2026,131
UW.GHW.,2026,132
UW.GHW.,2026,133
UW.GHW.,2026,134
UW.GHW.,2026,135
UW.GHW.,2026,181
UW.GHW.,2026,182
UW.GHW.,2026,183
UW.GHW.,2026,184
UW.GHW.,2026,185
UW.GHW.,2026,186
UW.GHW.,2026,187
UW.GHW.,2026,188
UW.GHW.,2026,189
UW.GHW.,2026,190
UW.GHW.,2026,191
UW.GHW.,2026,192
UW.GIGA.,2026,61
UW.GIGA.,2026,62
UW.GIGA.,2026,121
UW.GIGA.,2026,122
UW.GIGA.,2026,123
UW.GIGA.,2026,124
UW.GIGA.,2026,125
UW.GIGA.,2026,182
UW.GIGA.,2026,183
UW.GIGA.,2026,184
UW.GIGA.,2026,185
UW.GIGA.,2026,186
UW.GIGA.,2026,187
UW.GIGA.,2026,188
UW.GMO.,2026,161
UW.GMO.,2026,162
UW.GMO.,2026,163
UW.GMO.,2026,164
UW.GMO.,2026,165
UW.GMO.,2026,166
UW.GMO.,2026,167
UW.GMO.,2026,168
UW.GMO.,2026,173
UW.GMO.,2026,174
UW.GMW.,2026,161
UW.GMW.,2026,162
UW.GMW.,2026,163
UW.GMW.,2026,164
UW.GMW.,2026,165
UW.GMW.,2026,166
UW.GMW.,2026,167
UW.GMW.,2026,168
UW.GMW.,2026,169
UW.GMW.,2026,170
UW.GMW.,2026,171
UW.GMW.,2026,172
UW.GMW.,2026,173
UW.GMW.,2026,174
UW.GNW.,2026,161
UW.GNW.,2026,162
UW.GNW.,2026,163
UW.GNW.,2026,164
UW.GNW.,2026,165
UW.GNW.,2026,166
UW.GNW.,2026,167
UW.GNW.,2026,168
UW.GOBBL.,2026,161
UW.GOBBL.,2026,162
UW.GOBBL.,2026,163
UW.GOBBL.,2026,164
UW.GOBBL.,2026,165
UW.GOBBL.,2026,166
UW.GOBBL.,2026,167
UW.GOBBL.,2026,168
UW.GOLDN.,2026,161
UW.GOLDN.,2026,162
UW.GOLDN.,2026,163
UW.GOLDN.,2026,164
UW.GOLDN.,2026,165
UW.GOLDN.,2026,166
UW.GOLDN.,2026,167
UW.GOLDN.,2026,168
UW.GORGE.,2026,161
UW.GORGE.,2026,162
UW.GORGE.,2026,163
UW.GORGE.,2026,164
UW.GORGE.,2026,165
UW.GORGE.,2026,166
UW.GORGE.,2026,167
UW.GORGE.,2026,168
UW.GPW.,2026,161
UW.GPW.,2026,162
UW.GPW.,2026,163
UW.GPW.,2026,164
UW.GPW.,2026,165
UW.GPW.,2026,166
UW.GPW.,2026,167
UW.GPW.,2026,168
UW.GPW.01,2026,161
UW.GPW.01,2026,162
UW.GPW.01,2026,163
UW.GPW.01,2026,164
UW.GPW.01,2026,165
UW.GPW.01,2026,166
UW.GPW.01,2026,167
UW.GPW.01,2026,168
UW.GPW.01,2026,169
UW.GPW.01,2026,170
UW.GPW.01,2026,171
UW.GPW.01,2026,172
UW.GPW.01,2026,173
UW.GPW.01,2026,174
UW.GRE.,2026,161
UW.GRE.,2026,162
UW.GRE.,2026,163
UW.GRE.,2026,164
UW.GRE.,2026,165
UW.GRE.,2026,166
UW.GRE.,2026,167
UW.GRE.,2026,168
UW.GRIF.,2026,161
UW.GRIF.,2026,162
UW.GRIF.,2026,163
UW.GRIF.,2026,164
UW.GRIF.,2026,165
UW.GRIF.,2026,166
UW.GRIF.,2026,167
UW.GRIF.,2026,168
UW.GRIZZ.,2026,161
UW.GRIZZ.,2026,162
UW.GRIZZ.,2026,163
UW.GRIZZ.,2026,164
UW.GRIZZ.,2026,165
UW.GRIZZ.,2026,166
UW.GRIZZ.,2026,167
UW.GRIZZ.,2026,168
UW.GRNT.,2026,161
UW.GRNT.,2026,162
UW.GRNT.,2026,163
UW.GRNT.,2026,164
UW.GRNT.,2026,165
UW.GRNT.,2026,166
UW.GRNT.,2026,167
UW.GRUT.,2026,161
UW.GRUT.,2026,162
UW.GRUT.,2026,163
UW.GRUT.,2026,164
UW.GRUT.,2026,165
UW.GRUT.,2026,166
UW.GRUT.,2026,167
UW.GRUT.,2026,168
UW.GSM.,2026,161
UW.GSM.,2026,162
UW.GSM.,2026,163
UW.GSM.,2026,164
UW.GSM.,2026,165
UW.GSM.,2026,166
UW.GSM.,2026,167
UW.GSM.,2026,168
UW.GSM.,2026,169
UW.GSM.,2026,170
UW.GSM.,2026,171
UW.GSM.,2026,172
UW.GSM.,2026,173
UW.GSM.01,2026,161
UW.GSM.01,2026,162
UW.GSM.01,2026,163
UW.GSM.01,2026,164
UW.GSM.01,2026,165
UW.GSM.01,2026,166
UW.GSM.01,2026,167
UW.GSM.01,2026,168
UW.GSM.01,2026,169
UW.GSM.01,2026,170
UW.GSM.01,2026,171
UW.GSM.01,2026,172
UW.GSM.01,2026,173
UW.GSM.01,2026,174
UW.H1K.,2026,161
UW.H1K.,2026,162
UW.H1K.,2026,163
UW.H1K.,2026,164
UW.H1K.,2026,165
UW.H1K.,2026,166
UW.H1K.,2026,167
UW.H1K.,2026,172
UW.H2E.,2026,161
UW.H2E.,2026,162
UW.H2E.,2026,163
UW.H2E.,2026,164
UW.H2E.,2026,165
UW.H2E.,2026,166
UW.H2E.,2026,167
UW.H2O.,2026,161
UW.H2O.,2026,162
UW.H2O.,2026,163
UW.H2O.,2026,164
UW.H2O.,2026,165
UW.H2O.,2026,166
UW.H2O.,2026,167
UW.H2W.,2026,161
UW.H2W.,2026,162
UW.H2W.,2026,163
UW.H2W.,2026,164
UW.H2W.,2026,165
UW.H2W.,2026,166
UW.H2W.,2026,167
UW.H3A.,2026,161
UW.H3A.,2026,162
UW.H3A.,2026,163
UW.H3A.,2026,164
UW.H3A.,2026,165
UW.H3A.,2026,166
UW.H3A.,2026,167
UW.H4A.,2026,161
UW.H4A.,2026,162
UW.H4A.,2026,163
UW.H4A.,2026,164
UW.H4A.,2026,165
UW.H4A.,2026,166
UW.H4A.,2026,167
UW.HANS.,2026,161
UW.HANS.,2026,162
UW.HANS.,2026,163
UW.HANS.,2026,164
UW.HANS.,2026,165
UW.HANS.,2026,166
UW.HANS.,2026,167
UW.HAWK.,2026,161
UW.HAWK.,2026,162
UW.HAWK.,2026,163
UW.HAWK.,2026,164
UW.HAWK.,2026,165
UW.HAWK.,2026,166
UW.HAWK.,2026,167
UW.HAZEL.,2026,161
UW.HAZEL.,2026,162
UW.HAZEL.,2026,163
UW.HAZEL.,2026,164
UW.HAZEL.,2026,165
UW.HAZEL.,2026,166
UW.HAZEL.,2026,167
UW.HBO.,2026,161
UW.HBO.,2026,162
UW.HBO.,2026,163
UW.HBO.,2026,164
UW.HBO.,2026,165
UW.HBO.,2026,166
UW.HBO.,2026,167
UW.HDW.,2026,161
UW.HDW.,2026,162
UW.HDW.,2026,163
UW.HDW.,2026,164
UW.HDW.,2026,165
UW.HDW.,2026,166
UW.HDW.,2026,167
UW.HEBO.,2026,161
UW.HEBO.,2026,162
UW.HEBO.,2026,163
UW.HEBO.,2026,164
UW.HEBO.,2026,165
UW.HEBO.,2026,166
UW.HEBO.,2026,167
UW.HEBO.,2026,168
UW.HEBO.,2026,169
UW.HEBO.,2026,170
UW.HEBO.,2026,171
UW.HEBO.,2026,172
UW.HEBO.,2026,173
UW.HEBO.,2026,174
UW.HERD.,2026,161
UW.HERD.,2026,162
UW.HERD.,2026,163
UW.HERD.,2026,164
UW.HERD.,2026,165
UW.HERD.,2026,166
UW.HERD.,2026,167
UW.HFMN.,2026,161
UW.HFMN.,2026,162
UW.HFMN.,2026,163
UW.HFMN.,2026,164
UW.HFMN.,2026,165
UW.HFMN.,2026,166
UW.HFMN.,2026,167
UW.HGBL.,2026,161
UW.HGBL.,2026,162
UW.HGBL.,2026,163
UW.HGBL.,2026,164
UW.HGBL.,2026,165
UW.HGBL.,2026,166
UW.HGBL.,2026,167
UW.HICC.,2026,161
UW.HICC.,2026,162
UW.HICC.,2026,163
UW.HICC.,2026,164
UW.HICC.,2026,165
UW.HICC.,2026,166
UW.HICC.,2026,167
UW.HILL.,2026,182
UW.HOG.,2026,182
UW.HOHM.,2026,182
UW.HOMA.,2026,182
UW.HOOD.,2026,182
UW.HOPR.,2026,182
UW.HOQUI.,2026,182
UW.HSR.,2026,182
UW.HTW.,2026,182
UW.HURR.,2026,182
UW.HWIW.,2026,182
UW.INGAL.,2026,182
UW.IRON.,2026,182
UW.IZEE.,2026,182
UW.JCW.,2026,182
UW.JEDS.,2026,182
UW.JUN.,2026,181
UW.JUN.,2026,182
UW.JUN.01,2026,181
UW.JUN.01,2026,182
UW.KEEL.,2026,181
UW.KEEL.,2026,182
UW.KEYP.,2026,181
UW.KEYP.,2026,182
UW.KIMR.,2026,182
UW.KINR.,2026,182
UW.KITP.,2026,182
UW.KITP.,2026,186
UW.KNGST.,2026,182
UW.KREP.,2026,182
UW.KTSAP.,2026,182
UW.LACKA.,2026,182
UW.LARL.,2026,182
UW.LAVA.,2026,182
UW.LAWT.,2026,182
UW.LBRT.,2026,182
UW.LCCR.,2026,182
UW.LKVW.,2026,181
UW.LKVW.,2026,182
UW.LKVW.,2026,183
UW.LKVW.,2026,184
UW.LKVW.,2026,185
UW.LKVW.,2026,186
UW.LKVW.,2026,187
UW.LKVW.,2026,189
UW.LKVW.,2026,191
UW.LKVW.,2026,192
UW.LKVW.,2026,193
UW.LKVW.,2026,194
UW.LKVW.,2026,195
UW.LKVW.,2026,196
UW.LKVW.,2026,197
UW.LKVW.,2026,198
UW.LKVW.,2026,199
UW.LUMI.,2026,161
UW.LUMI.,2026,162
UW.LUMI.,2026,163
UW.LUMI.,2026,164
UW.LUMI.,2026,165
UW.LUMI.,2026,166
UW.LUMI.,2026,167
UW.LUMI.,2026,168
UW.LUMI.,2026,169
UW.LUMI.,2026,201
UW.LUMI.,2026,202
UW.LVP.,2026,161
UW.LVP.,2026,162
UW.LVP.,2026,163
UW.LVP.,2026,164
UW.LVP.,2026,165
UW.LVP.,2026,166
UW.LVP.,2026,167
UW.LVP.,2026,168
UW.LVP.,2026,169
UW.LVP.,2026,170
UW.LVP.,2026,171
UW.LVP.,2026,172
UW.LVP.,2026,173
UW.LVP.,2026,201
UW.LVP.,2026,202
UW.LVP.,2026,203
UW.LVP.,2026,204
UW.LVP.,2026,205
UW.LVP.,2026,206
UW.LVP.,2026,207
UW.LVP.,2026,208
UW.LVP.,2026,209
UW.LVP.,2026,210
UW.LVP.,2026,211
UW.LVP.,2026,212
UW.LVP.01,2026,161
UW.LVP.01,2026,162
UW.LVP.01,2026,163
UW.LVP.01,2026,164
UW.LVP.01,2026,165
UW.LVP.01,2026,166
UW.LVP.01,2026,167
UW.LVP.01,2026,168
UW.LVP.01,2026,169
UW.LVP.01,2026,170
UW.LVP.01,2026,171
UW.LVP.01,2026,172
UW.LVP.01,2026,173
UW.LVP.01,2026,201
UW.LVP.01,2026,202
UW.LVP.01,2026,203
UW.LVP.01,2026,204
UW.LVP.01,2026,205
UW.LVP.01,2026,206
UW.LVP.01,2026,207
UW.LVP.01,2026,208
UW.LVP.01,2026,209
UW.LVP.01,2026,210
UW.LVP.01,2026,211
UW.LVP.01,2026,212
UW.LWCK.,2026,161
UW.LWCK.,2026,162
UW.LWCK.,2026,163
UW.LWCK.,2026,164
UW.LWCK.,2026,165
UW.LWCK.,2026,166
UW.LWCK.,2026,167
UW.LWCK.,2026,168
UW.LWCK.,2026,169
UW.LWCK.,2026,201
UW.LWCK.,2026,202
UW.LYNC.,2026,161
UW.LYNC.,2026,162
UW.LYNC.,2026,163
UW.LYNC.,2026,164
UW.LYNC.,2026,165
UW.LYNC.,2026,166
UW.LYNC.,2026,167
UW.LYNC.,2026,168
UW.LYNC.,2026,169
UW.LYNC.,2026,201
UW.LYNC.,2026,202
UW.LYND.,2026,161
UW.LYND.,2026,162
UW.LYND.,2026,163
UW.LYND.,2026,164
UW.LYND.,2026,165
UW.LYND.,2026,166
UW.LYND.,2026,167
UW.LYND.,2026,168
UW.LYND.,2026,169
UW.LYND.,2026,201
UW.LYND.,2026,202
UW.MAC.,2026,161
UW.MAC.,2026,162
UW.MAC.,2026,163
UW.MAC.,2026,164
UW.MAC.,2026,165
UW.MAC.,2026,166
UW.MAC.,2026,167
UW.MAC.,2026,168
UW.MAC.,2026,169
UW.MAC.,2026,201
UW.MAC.,2026,202
UW.MACH.,2026,161
UW.MACH.,2026,162
UW.MACH.,2026,163
UW.MACH.,2026,164
UW.MACH.,2026,165
UW.MACH.,2026,166
UW.MACH.,2026,167
UW.MACH.,2026,168
UW.MACH.,2026,169
UW.MACH.,2026,201
UW.MACH.,2026,202
UW.MANO.,2026,161
UW.MANO.,2026,162
UW.MANO.,2026,163
UW.MANO.,2026,164
UW.MANO.,2026,165
UW.MANO.,2026,166
UW.MANO.,2026,167
UW.MANO.,2026,168
UW.MANO.,2026,169
UW.MANO.,2026,201
UW.MANO.,2026,202
UW.MARY.,2026,161
UW.MARY.,2026,162
UW.MARY.,2026,163
UW.MARY.,2026,164
UW.MARY.,2026,165
UW.MARY.,2026,166
UW.MARY.,2026,167
UW.MARY.,2026,168
UW.MARY.,2026,169
UW.MARY.,2026,170
UW.MARY.,2026,171
UW.MARY.,2026,172
UW.MARY.,2026,173
UW.MARY.,2026,201
UW.MARY.,2026,202
UW.MARY.,2026,203
UW.MARY.,2026,204
UW.MARY.,2026,205
UW.MARY.,2026,206
UW.MARY.,2026,207
UW.MARY.,2026,208
UW.MARY.,2026,209
UW.MARY.,2026,210
UW.MARY.,2026,211
UW.MARY.,2026,212
UW.MAUP.,2026,161
UW.MAUP.,2026,162
UW.MAUP.,2026,163
UW.MAUP.,2026,164
UW.MAUP.,2026,165
UW.MAUP.,2026,166
UW.MAUP.,2026,167
UW.MAUP.,2026,168
UW.MAUP.,2026,169
UW.MAUP.,2026,201
UW.MAUP.,2026,202
UW.MBW2.,2026,161
UW.MBW2.,2026,162
UW.MBW2.,2026,163
UW.MBW2.,2026,164
UW.MBW2.,2026,165
UW.MBW2.,2026,166
UW.MBW2.,2026,167
UW.MBW2.,2026,168
UW.MBW2.,2026,169
UW.MBW2.,2026,201
UW.MBW2.,2026,202
UW.MCLN.,2026,161
UW.MCLN.,2026,162
UW.MCLN.,2026,163
UW.MCLN.,2026,164
UW.MCLN.,2026,165
UW.MCLN.,2026,166
UW.MCLN.,2026,167
UW.MCLN.,2026,168
UW.MCLN.,2026,169
UW.MCLN.,2026,201
UW.MCLN.,2026,202
UW.MCW.,2026,161
UW.MCW.,2026,162
UW.MCW.,2026,163
UW.MCW.,2026,164
UW.MCW.,2026,165
UW.MCW.,2026,166
UW.MCW.,2026,167
UW.MCW.,2026,168
UW.MCW.,2026,169
UW.MCW.,2026,201
UW.MCW.,2026,202
UW.MCW.01,2026,161
UW.MCW.01,2026,162
UW.MCW.01,2026,163
UW.MCW.01,2026,164
UW.MCW.01,2026,165
UW.MCW.01,2026,166
UW.MCW.01,2026,167
UW.MCW.01,2026,168
UW.MCW.01,2026,169
UW.MCW.01,2026,170
UW.MCW.01,2026,171
UW.MCW.01,2026,172
UW.MCW.01,2026,173
UW.MCW.01,2026,201
UW.MCW.01,2026,202
UW.MCW.01,2026,203
UW.MCW.01,2026,204
UW.MCW.01,2026,205
UW.MCW.01,2026,206
UW.MCW.01,2026,207
UW.MCW.01,2026,208
UW.MCW.01,2026,209
UW.MCW.01,2026,210
UW.MCW.01,2026,211
UW.MCW.01,2026,212
UW.MDW.,2026,161
UW.MDW.,2026,162
UW.MDW.,2026,163
UW.MDW.,2026,164
UW.MDW.,2026,165
UW.MDW.,2026,166
UW.MDW.,2026,167
UW.MDW.,2026,168
UW.MDW.,2026,169
UW.MDW.,2026,201
UW.MDW.,2026,202
UW.MEGW.,2026,161
UW.MEGW.,2026,162
UW.MEGW.,2026,163
UW.MEGW.,2026,164
UW.MEGW.,2026,165
UW.MEGW.,2026,166
UW.MEGW.,2026,167
UW.MEGW.,2026,168
UW.MEGW.,2026,169
UW.MEGW.,2026,170
UW.MEGW.,2026,171
UW.MEGW.,2026,172
UW.MEGW.,2026,173
UW.MEGW.,2026,201
UW.MEGW.,2026,202
UW.MEGW.,2026,203
UW.MEGW.,2026,204
UW.MEGW.,2026,205
UW.MEGW.,2026,206
UW.MEGW.,2026,207
UW.MEGW.,2026,208
UW.MEGW.,2026,209
UW.MEGW.,2026,210
UW.MEGW.,2026,211
UW.MEGW.,2026,212
UW.METAL.,2026,161
UW.METAL.,2026,162
UW.METAL.,2026,163
UW.METAL.,2026,164
UW.METAL.,2026,165
UW.METAL.,2026,166
UW.METAL.,2026,167
UW.METAL.,2026,168
UW.METAL.,2026,169
UW.METAL.,2026,201
UW.METAL.,2026,202
UW.MJ2.,2026,161
UW.MJ2.,2026,162
UW.MJ2.,2026,163
UW.MJ2.,2026,164
UW.MJ2.,2026,165
UW.MJ2.,2026,166
UW.MJ2.,2026,167
UW.MJ2.,2026,168
UW.MJ2.,2026,169
UW.MJ2.,2026,201
UW.MJ2.,2026,202
UW.MJ2.,2026,207
UW.MJ2.,2026,209
UW.MJ2.,2026,211
UW.MKAH.,2026,161
UW.MKAH.,2026,162
UW.MKAH.,2026,163
UW.MKAH.,2026,164
UW.MKAH.,2026,165
UW.MKAH.,2026,166
UW.MKAH.,2026,167
UW.MKAH.,2026,168
UW.MKAH.,2026,169
UW.MKAH.,2026,201
UW.MKAH.,2026,202
UW.MNRL.,2026,161
UW.MNRL.,2026,162
UW.MNRL.,2026,163
UW.MNRL.,2026,164
UW.MNRL.,2026,165
UW.MNRL.,2026,166
UW.MNRL.,2026,167
UW.MNRL.,2026,168
UW.MNRL.,2026,169
UW.MNRL.,2026,201
UW.MNRL.,2026,202
UW.MNRO.,2026,161
UW.MNRO.,2026,162
UW.MNRO.,2026,163
UW.MNRO.,2026,164
UW.MNRO.,2026,165
UW.MNRO.,2026,166
UW.MNRO.,2026,167
UW.MNRO.,2026,168
UW.MNRO.,2026,201
UW.MNSN.,2026,161
UW.MNSN.,2026,162
UW.MNSN.,2026,163
UW.MNSN.,2026,164
UW.MNSN.,2026,165
UW.MNSN.,2026,166
UW.MNSN.,2026,167
UW.MNSN.,2026,168
UW.MNSN.,2026,201
UW.MONO.,2026,161
UW.MONO.,2026,162
UW.MONO.,2026,163
UW.MONO.,2026,164
UW.MONO.,2026,165
UW.MONO.,2026,166
UW.MONO.,2026,167
UW.MONO.,2026,168
UW.MONO.,2026,201
UW.MONTE.,2026,161
UW.MONTE.,2026,162
UW.MONTE.,2026,163
UW.MONTE.,2026,164
UW.MONTE.,2026,165
UW.MONTE.,2026,166
UW.MONTE.,2026,167
UW.MONTE.,2026,168
UW.MONTE.,2026,201
UW.MOODY.,2026,161
UW.MOODY.,2026,162
UW.MOODY.,2026,163
UW.MOODY.,2026,164
UW.MOODY.,2026,165
UW.MOODY.,2026,166
UW.MOODY.,2026,167
UW.MOODY.,2026,168
UW.MOODY.,2026,201
UW.MOON.,2026,161
UW.MOON.,2026,162
UW.MOON.,2026,163
UW.MOON.,2026,164
UW.MOON.,2026,165
UW.MOON.,2026,166
UW.MOON.,2026,167
UW.MOON.,2026,168
UW.MOON.,2026,201
UW.MORO.,2026,161
UW.MORO.,2026,162
UW.MORO.,2026,163
UW.MORO.,2026,164
UW.MORO.,2026,165
UW.MORO.,2026,166
UW.MORO.,2026,167
UW.MORO.,2026,168
UW.MORO.,2026,169
UW.MORO.,2026,170
UW.MORO.,2026,171
UW.MORO.,2026,172
UW.MORO.,2026,201
UW.MORO.,2026,202
UW.MORO.,2026,203
UW.MORO.,2026,204
UW.MORO.,2026,205
UW.MORO.,2026,206
UW.MORO.,2026,207
UW.MORO.,2026,208
UW.MORO.,2026,209
UW.MORO.,2026,210
UW.MORO.,2026,211
UW.MORSE.,2026,161
UW.MORSE.,2026,162
UW.MORSE.,2026,163
UW.MORSE.,2026,164
UW.MORSE.,2026,165
UW.MORSE.,2026,166
UW.MORSE.,2026,167
UW.MORSE.,2026,168
UW.MORSE.,2026,201
UW.MOX.,2026,61
UW.MOX.,2026,62
UW.MOX.,2026,63
UW.MOX.,2026,64
UW.MOX.,2026,65
UW.MOX.,2026,66
UW.MOX.,2026,67
UW.MOX.,2026,213
UW.MOX.,2026,214
UW.MOX.,2026,215
UW.MPO.,2026,61
UW.MPO.,2026,62
UW.MPO.,2026,63
UW.MPO.,2026,64
UW.MPO.,2026,65
UW.MPO.,2026,66
UW.MPO.,2026,67
UW.MPO.,2026,68
UW.MPO.,2026,70
UW.MPO.,2026,71
UW.MPO.,2026,72
UW.MPO.,2026,74
UW.MPO.,2026,201
UW.MPO.,2026,204
UW.MPO.,2026,205
UW.MPO.,2026,206
UW.MPO.,2026,208
UW.MPO.,2026,211
UW.MPO.,2026,213
UW.MPO.,2026,214
UW.MPO.,2026,215
UW.MPO.,2026,216
UW.MRN.,2026,61
UW.MRN.,2026,62
UW.MRN.,2026,63
UW.MRN.,2026,64
UW.MRN.,2026,65
UW.MRN.,2026,66
UW.MRN.,2026,67
UW.MRN.,2026,213
UW.MRN.,2026,214
UW.MS99.,2026,61
UW.MS99.,2026,62
UW.MS99.,2026,63
UW.MS99.,2026,64
UW.MS99.,2026,65
UW.MS99.,2026,66
UW.MS99.,2026,67
UW.MS99.,2026,213
UW.MS99.,2026,214
UW.MTM.,2026,61
UW.MTM.,2026,62
UW.MTM.,2026,63
UW.MTM.,2026,64
UW.MTM.,2026,65
UW.MTM.,2026,66
UW.MTM.,2026,67
UW.MTM.,2026,68
UW.MTM.,2026,69
UW.MTM.,2026,70
UW.MTM.,2026,71
UW.MTM.,2026,72
UW.MTM.,2026,73
UW.MTM.,2026,74
UW.MTM.01,2026,61
UW.MTM.01,2026,62
UW.MTM.01,2026,63
UW.MTM.01,2026,64
UW.MTM.01,2026,65
UW.MTM.01,2026,66
UW.MTM.01,2026,67
UW.MTM.01,2026,68
UW.MTM.01,2026,69
UW.MTM.01,2026,70
UW.MTM.01,2026,71
UW.MTM.01,2026,72
UW.MTM.01,2026,73
UW.MTM.01,2026,74
UW.MULN.,2026,61
UW.MULN.,2026,62
UW.MULN.,2026,63
UW.MULN.,2026,64
UW.MULN.,2026,65
UW.MULN.,2026,66
UW.MULN.,2026,67
UW.MULN.,2026,213
UW.MULN.,2026,214
UW.NAC.,2026,61
UW.NAC.,2026,62
UW.NAC.,2026,63
UW.NAC.,2026,64
UW.NAC.,2026,65
UW.NAC.,2026,66
UW.NAC.,2026,67
UW.NAC.,2026,68
UW.NAC.,2026,69
UW.NAC.,2026,70
UW.NAC.,2026,71
UW.NAC.,2026,72
UW.NAC.,2026,73
UW.NAC.,2026,74
UW.NAHC.,2026,61
UW.NAHC.,2026,62
UW.NAHC.,2026,63
UW.NAHC.,2026,64
UW.NAHC.,2026,65
UW.NAHC.,2026,66
UW.NAHC.,2026,67
UW.NAHC.,2026,213
UW.NAHC.,2026,214
UW.NATEM.,2026,61
UW.NATEM.,2026,62
UW.NATEM.,2026,63
UW.NATEM.,2026,64
UW.NATEM.,2026,65
UW.NATEM.,2026,66
UW.NATEM.,2026,67
UW.NATEM.,2026,213
UW.NATEM.,2026,214
UW.NBND.,2026,61
UW.NBND.,2026,62
UW.NBND.,2026,63
UW.NBND.,2026,64
UW.NBND.,2026,65
UW.NBND.,2026,66
UW.NBND.,2026,67
UW.NBND.,2026,213
UW.NBND.,2026,214
UW.NCO.,2026,61
UW.NCO.,2026,62
UW.NCO.,2026,63
UW.NCO.,2026,64
UW.NCO.,2026,65
UW.NCO.,2026,66
UW.NCO.,2026,67
UW.NCO.,2026,213
UW.NCO.,2026,214
UW.NEERS.,2026,61
UW.NEERS.,2026,62
UW.NEERS.,2026,63
UW.NEERS.,2026,64
UW.NEERS.,2026,65
UW.NEERS.,2026,66
UW.NEERS.,2026,67
UW.NEERS.,2026,213
UW.NEERS.,2026,214
UW.NEL.,2026,61
UW.NEL.,2026,62
UW.NEL.,2026,63
UW.NEL.,2026,64
UW.NEL.,2026,65
UW.NEL.,2026,66
UW.NEL.,2026,67
UW.NEL.,2026,213
UW.NEL.,2026,214
UW.NEMA.,2026,61
UW.NEMA.,2026,62
UW.NEMA.,2026,63
UW.NEMA.,2026,64
UW.NEMA.,2026,65
UW.NEMA.,2026,66
UW.NEMA.,2026,67
UW.NEMA.,2026,213
UW.NEMA.,2026,214
UW.NFES.,2026,61
UW.NFES.,2026,62
UW.NFES.,2026,63
UW.NFES.,2026,64
UW.NFES.,2026,65
UW.NFES.,2026,66
UW.NFES.,2026,213
UW.NFES.,2026,214
UW.NIHS.,2026,61
UW.NIHS.,2026,62
UW.NIHS.,2026,63
UW.NIHS.,2026,64
UW.NIHS.,2026,65
UW.NIHS.,2026,66
UW.NIHS.,2026,213
UW.NIHS.,2026,214
UW.NIKE.,2026,61
UW.NIKE.,2026,62
UW.NIKE.,2026,63
UW.NIKE.,2026,64
UW.NIKE.,2026,65
UW.NIKE.,2026,66
UW.NIKE.,2026,67
UW.NIKE.,2026,68
UW.NIKE.,2026,69
UW.NIKE.,2026,70
UW.NIKE.,2026,71
UW.NIKE.,2026,72
UW.NIKE.,2026,73
UW.NIKE.,2026,74
UW.NINO.,2026,61
UW.NINO.,2026,62
UW.NINO.,2026,63
UW.NINO.,2026,64
UW.NINO.,2026,65
UW.NINO.,2026,66
UW.NINO.,2026,213
UW.NINO.,2026,214
UW.NMDY.,2026,61
UW.NMDY.,2026,62
UW.NMDY.,2026,63
UW.NMDY.,2026,64
UW.NMDY.,2026,65
UW.NMDY.,2026,66
UW.NMDY.,2026,213
UW.NMDY.,2026,214
UW.NMRF.,2026,61
UW.NMRF.,2026,62
UW.NMRF.,2026,63
UW.NMRF.,2026,64
UW.NMRF.,2026,65
UW.NMRF.,2026,66
UW.NMRF.,2026,213
UW.NMRF.,2026,214
UW.NN19.01,2026,61
UW.NN19.01,2026,62
UW.NN19.01,2026,63
UW.NN19.01,2026,64
UW.NN19.01,2026,65
UW.NN19.01,2026,66
UW.NN19.01,2026,67
UW.NN19.01,2026,68
UW.NN19.01,2026,69
UW.NN19.01,2026,70
UW.NN19.01,2026,71
UW.NN19.01,2026,72
UW.NN19.01,2026,73
UW.NN19.01,2026,74
UW.NN21.01,2026,61
UW.NN21.01,2026,62
UW.NN21.01,2026,63
UW.NN21.01,2026,64
UW.NN21.01,2026,65
UW.NN21.01,2026,66
UW.NN21.01,2026,67
UW.NN21.01,2026,68
UW.NN21.01,2026,69
UW.NN21.01,2026,70
UW.NN21.01,2026,71
UW.NN21.01,2026,72
UW.NN21.01,2026,73
UW.NN21.01,2026,74
UW.NOB.,2026,61
UW.NOB.,2026,62
UW.NOB.,2026,63
UW.NOB.,2026,64
UW.NOB.,2026,65
UW.NOB.,2026,66
UW.OSR.,2026,32
UW.OSR.,2026,33
UW.OSR.,2026,34
UW.OSR.,2026,149
UW.OSR.,2026,152
UW.OSR.,2026,182
UW.OSR.,2026,183
UW.OSR.,2026,184
UW.OSR.,2026,185
UW.OSR.,2026,186
UW.OSR.,2026,187
UW.OSR.,2026,188
UW.OT3.,2026,32
UW.OT3.,2026,33
UW.OT3.,2026,34
UW.OT3.,2026,152
UW.OT3.,2026,182
UW.OT3.,2026,183
UW.OT3.,2026,184
UW.OT3.,2026,185
UW.OT3.,2026,186
UW.OT3.,2026,187
UW.OT3.,2026,188
UW.OTR.,2026,27
UW.OTR.,2026,32
UW.OTR.,2026,33
UW.OTR.,2026,34
UW.OTR.,2026,37
UW.OTR.,2026,146
UW.OTR.,2026,148
UW.OTR.,2026,152
UW.OTR.,2026,181
UW.OTR.,2026,182
UW.OTR.,2026,183
UW.OTR.,2026,184
UW.OTR.,2026,185
UW.OTR.,2026,186
UW.OTR.,2026,187
UW.OTR.,2026,188
UW.OWLS.,2026,32
UW.OWLS.,2026,33
UW.OWLS.,2026,34
UW.OWLS.,2026,152
UW.OWLS.,2026,182
UW.OWLS.,2026,183
UW.OWLS.,2026,184
UW.OWLS.,2026,185
UW.OWLS.,2026,186
UW.OWLS.,2026,187
UW.OWLS.,2026,188
UW.OZET.,2026,32
UW.OZET.,2026,33
UW.OZET.,2026,34
UW.OZET.,2026,152
UW.OZET.,2026,182
UW.OZET.,2026,183
UW.OZET.,2026,184
UW.OZET.,2026,185
UW.OZET.,2026,186
UW.OZET.,2026,187
UW.OZET.,2026,188
UW.PABH.,2026,32
UW.PABH.,2026,33
UW.PABH.,2026,34
UW.PABH.,2026,152
UW.PABH.,2026,182
UW.PABH.,2026,183
UW.PABH.,2026,184
UW.PABH.,2026,185
UW.PABH.,2026,186
UW.PABH.,2026,187
UW.PABH.,2026,188
UW.PALIS.,2026,32
UW.PALIS.,2026,33
UW.PALIS.,2026,34
UW.PALIS.,2026,152
UW.PALIS.,2026,182
UW.PALIS.,2026,183
UW.PALIS.,2026,184
UW.PALIS.,2026,185
UW.PALIS.,2026,186
UW.PALIS.,2026,187
UW.PALIS.,2026,188
UW.PAN4H.,2026,32
UW.PAN4H.,2026,33
UW.PAN4H.,2026,34
UW.PAN4H.,2026,152
UW.PAN4H.,2026,182
UW.PAN4H.,2026,183
UW.PAN4H.,2026,184
UW.PAN4H.,2026,185
UW.PAN4H.,2026,186
UW.PAN4H.,2026,187
UW.PAN4H.,2026,188
UW.PAYL.,2026,32
UW.PAYL.,2026,33
UW.PAYL.,2026,34
UW.PAYL.,2026,152
UW.PAYL.,2026,182
UW.PAYL.,2026,183
UW.PAYL.,2026,184
UW.PAYL.,2026,185
UW.PAYL.,2026,186
UW.PAYL.,2026,187
UW.PAYL.,2026,188
UW.PCFR.,2026,32
UW.PCFR.,2026,33
UW.PCFR.,2026,34
UW.PCFR.,2026,182
UW.PCFR.,2026,183
UW.PCFR.,2026,184
UW.PCFR.,2026,185
UW.PCFR.,2026,186
UW.PCFR.,2026,187
UW.PCFR.,2026,188
UW.PCOL.,2026,32
UW.PCOL.,2026,33
UW.PCOL.,2026,34
UW.PCOL.,2026,182
UW.PCOL.,2026,183
UW.PCOL.,2026,184
UW.PCOL.,2026,185
UW.PCOL.,2026,186
UW.PCOL.,2026,187
UW.PCOL.,2026,188
UW.PEAT.,2026,21
UW.PEAT.,2026,22
UW.PEAT.,2026,23
UW.PEAT.,2026,24
UW.PEAT.,2026,25
UW.PEAT.,2026,26
UW.PEAT.,2026,32
UW.PEAT.,2026,33
UW.PEAT.,2026,34
UW.PEAT.,2026,182
UW.PEAT.,2026,183
UW.PEAT.,2026,184
UW.PEAT.,2026,185
UW.PEAT.,2026,186
UW.PEAT.,2026,187
UW.PEAT.,2026,188
UW.PELL.,2026,32
UW.PELL.,2026,33
UW.PELL.,2026,34
UW.PELL.,2026,181
UW.PELL.,2026,182
UW.PELL.,2026,183
UW.PELL.,2026,184
UW.PELL.,2026,185
UW.PELL.,2026,186
UW.PELL.,2026,187
UW.PELL.,2026,188
UW.PELL.,2026,189
UW.PHIN.,2026,32
UW.PHIN.,2026,33
UW.PHIN.,2026,182
UW.PHIN.,2026,183
UW.PHIN.,2026,184
UW.PHIN.,2026,185
UW.PHIN.,2026,186
UW.PHIN.,2026,187
UW.PHIN.,2026,188
UW.PIE.,2026,32
UW.PIE.,2026,33
UW.PIE.,2026,182
UW.PIE.,2026,183
UW.PIE.,2026,184
UW.PIE.,2026,185
UW.PIE.,2026,186
UW.PIE.,2026,187
UW.PIE.,2026,188
UW.PIER.,2026,21
UW.PIER.,2026,22
UW.PIER.,2026,23
UW.PIER.,2026,24
UW.PIER.,2026,25
UW.PIER.,2026,26
UW.PIER.,2026,27
UW.PIER.,2026,28
UW.PIER.,2026,29
UW.PIER.,2026,30
UW.PIER.,2026,31
UW.PIER.,2026,32
UW.PIER.,2026,33
UW.PIER.,2026,34
UW.PIER.,2026,35
UW.PIER.,2026,36
UW.PIER.,2026,37
UW.PIER.,2026,38
UW.PIER.,2026,141
UW.PIER.,2026,142
UW.PIER.,2026,143
UW.PIER.,2026,144
UW.PIER.,2026,145
UW.PIER.,2026,146
UW.PIER.,2026,147
UW.PIER.,2026,148
UW.PIER.,2026,149
UW.PIER.,2026,150
UW.PIER.,2026,151
UW.PIER.,2026,152
UW.PIER.,2026,181
UW.PIER.,2026,182
UW.PIER.,2026,183
UW.PIER.,2026,184
UW.PIER.,2026,185
UW.PIER.,2026,186
UW.PIER.,2026,187
UW.PIER.,2026,188
UW.PIER.,2026,189
UW.PNLK.,2026,21
UW.PNLK.,2026,22
UW.PNLK.,2026,23
UW.PNLK.,2026,24
UW.PNLK.,2026,25
UW.PNLK.,2026,26
UW.PNLK.,2026,27
UW.PNLK.,2026,28
UW.PNLK.,2026,29
UW.PNLK.,2026,30
UW.PNLK.,2026,31
UW.PNLK.,2026,32
UW.PNLK.,2026,33
UW.PNLK.,2026,34
UW.PNLK.,2026,35
UW.PNLK.,2026,36
UW.PNLK.,2026,37
UW.PNLK.,2026,38
UW.PNLK.,2026,141
UW.PNLK.,2026,142
UW.PNLK.,2026,143
UW.PNLK.,2026,144
UW.PNLK.,2026,145
UW.PNLK.,2026,146
UW.PNLK.,2026,147
UW.PNLK.,2026,148
UW.PNLK.,2026,149
UW.PNLK.,2026,150
UW.PNLK.,2026,151
UW.PNLK.,2026,152
UW.PNLK.,2026,181
UW.PNLK.,2026,182
UW.PNLK.,2026,183
UW.PNLK.,2026,184
UW.PNLK.,2026,185
UW.PNLK.,2026,186
UW.PNLK.,2026,187
UW.PNLK.,2026,188
UW.PNLK.,2026,189
UW.PNLK2.,2026,32
UW.PNLK2.,2026,33
UW.PNLK2.,2026,151
UW.PNLK2.,2026,182
UW.PNLK2.,2026,183
UW.PNLK2.,2026,184
UW.PNLK2.,2026,185
UW.PNLK2.,2026,186
UW.PNLK2.,2026,187
UW.PNLK2.,2026,188
UW.PRIN.,2026,32
UW.PRIN.,2026,33
UW.PRIN.,2026,182
UW.PRIN.,2026,183
UW.PRIN.,2026,184
UW.PRIN.,2026,185
UW.PRIN.,2026,186
UW.PRIN.,2026,187
UW.PRIN.,2026,188
UW.PRO.,2026,32
UW.PRO.,2026,33
UW.PRO.,2026,182
UW.PRO.,2026,183
UW.PRO.,2026,184
UW.PRO.,2026,185
UW.PRO.,2026,186
UW.PRO.,2026,187
UW.PRO.,2026,188
UW.PSNS2.,2026,32
UW.PSNS2.,2026,33
UW.PSNS2.,2026,182
UW.PSNS2.,2026,183
UW.PSNS2.,2026,184
UW.PSNS2.,2026,185
UW.PSNS2.,2026,186
UW.PSNS2.,2026,187
UW.PSNS2.,2026,188
UW.PUPY.,2026,21
UW.PUPY.,2026,24
UW.PUPY.,2026,26
UW.PUPY.,2026,27
UW.PUPY.,2026,28
UW.PUPY.,2026,29
UW.PUPY.,2026,30
UW.PUPY.,2026,31
UW.PUPY.,2026,32
UW.PUPY.,2026,33
UW.PUPY.,2026,34
UW.PUPY.,2026,35
UW.PUPY.,2026,141
UW.PUPY.,2026,145
UW.PUPY.,2026,148
UW.PUPY.,2026,151
UW.PUPY.,2026,181
UW.PUPY.,2026,182
UW.PUPY.,2026,183
UW.PUPY.,2026,184
UW.PUPY.,2026,185
UW.PUPY.,2026,186
UW.PUPY.,2026,187
UW.PUPY.,2026,188
UW.PURDY.,2026,32
UW.PURDY.,2026,33
UW.PURDY.,2026,182
UW.PURDY.,2026,183
UW.PURDY.,2026,184
UW.PURDY.,2026,185
UW.PURDY.,2026,186
UW.PURDY.,2026,187
UW.PURDY.,2026,188
UW.QADA.,2026,21
UW.QADA.,2026,22
UW.QADA.,2026,23
UW.QADA.,2026,24
UW.QADA.,2026,25
UW.QADA.,2026,26
UW.QADA.,2026,27
UW.QADA.,2026,28
UW.QADA.,2026,29
UW.QADA.,2026,30
UW.QADA.,2026,31
UW.QADA.,2026,32
UW.QADA.,2026,33
UW.QADA.,2026,34
UW.QADA.,2026,35
UW.QADA.,2026,36
UW.QADA.,2026,37
UW.QADA.,2026,38
UW.QADA.,2026,141
UW.QADA.,2026,142
UW.QADA.,2026,143
UW.QADA.,2026,144
UW.QADA.,2026,145
UW.QADA.,2026,146
UW.QADA.,2026,147
UW.QADA.,2026,148
UW.QADA.,2026,149
UW.QADA.,2026,150
UW.QADA.,2026,151
UW.QADA.,2026,152
UW.QADA.,2026,181
UW.QADA.,2026,182
UW.QADA.,2026,183
UW.QADA.,2026,184
UW.QADA.,2026,185
UW.QADA.,2026,186
UW.QADA.,2026,187
UW.QADA.,2026,188
UW.QADA.,2026,189
UW.QADA.01,2026,21
UW.QADA.01,2026,22
UW.QADA.01,2026,23
UW.QADA.01,2026,24
UW.QADA.01,2026,25
UW.QADA.01,2026,26
UW.QADA.01,2026,27
UW.QADA.01,2026,28
UW.QADA.01,2026,29
UW.QADA.01,2026,30
UW.QADA.01,2026,31
UW.QADA.01,2026,32
UW.QADA.01,2026,33
UW.QADA.01,2026,34
UW.QADA.01,2026,35
UW.QADA.01,2026,36
UW.QADA.01,2026,37
UW.QADA.01,2026,38
UW.QADA.01,2026,141
UW.QADA.01,2026,142
UW.QADA.01,2026,143
UW.QADA.01,2026,144
UW.QADA.01,2026,145
UW.QADA.01,2026,146
UW.QADA.01,2026,147
UW.QADA.01,2026,148
UW.QADA.01,2026,149
UW.QADA.01,2026,150
UW.QADA.01,2026,151
UW.QADA.01,2026,152
UW.QADA.01,2026,181
UW.QADA.01,2026,182
UW.QADA.01,2026,183
UW.QADA.01,2026,184
UW.QADA.01,2026,185
UW.QADA.01,2026,186
UW.QADA.01,2026,187
UW.QADA.01,2026,188
UW.QADA.01,2026,189
UW.QAMI.,2026,21
UW.QAMI.,2026,22
UW.QAMI.,2026,23
UW.QAMI.,2026,24
UW.QAMI.,2026,25
UW.QAMI.,2026,26
UW.QAMI.,2026,27
UW.QAMI.,2026,28
UW.QAMI.,2026,29
UW.QAMI.,2026,30
UW.QAMI.,2026,31
UW.QAMI.,2026,32
UW.QAMI.,2026,33
UW.QAMI.,2026,34
UW.QAMI.,2026,35
UW.QAMI.,2026,36
UW.QAMI.,2026,37
UW.QAMI.,2026,38
UW.QAMI.,2026,141
UW.QAMI.,2026,142
UW.QAMI.,2026,143
UW.QAMI.,2026,144
UW.QAMI.,2026,145
UW.QAMI.,2026,146
UW.QAMI.,2026,147
UW.QAMI.,2026,148
UW.QAMI.,2026,149
UW.QAMI.,2026,150
UW.QAMI.,2026,151
UW.QAMI.,2026,152
UW.QAMI.,2026,181
UW.QAMI.,2026,182
UW.QAMI.,2026,183
UW.QAMI.,2026,184
UW.QAMI.,2026,185
UW.QAMI.,2026,186
UW.QAMI.,2026,187
UW.QAMI.,2026,188
UW.QAMI.,2026,189
UW.RCS.,2026,101
UW.RCS.,2026,102
UW.RCS.,2026,103
UW.RCS.,2026,104
UW.RCS.,2026,105
UW.RCS.,2026,106
UW.RCS.,2026,107
UW.RCS.,2026,108
UW.RCS.,2026,109
UW.RCS.,2026,110
UW.RCS.,2026,111
UW.RCS.,2026,112
UW.RCS.,2026,113
UW.RCS.,2026,114
UW.RCS.,2026,115
UW.RCS.,2026,116
UW.RED2.,2026,101
UW.RED2.,2026,102
UW.RED2.,2026,103
UW.RED2.,2026,104
UW.RED2.,2026,105
UW.RED2.,2026,106
UW.RED2.,2026,107
UW.RED2.,2026,108
UW.RED2.,2026,109
UW.RED2.,2026,110
UW.RED2.,2026,111
UW.RED2.,2026,112
UW.RED2.,2026,113
UW.RED2.,2026,114
UW.RED2.,2026,115
UW.RED2.,2026,116
UW.REDMT.,2026,101
UW.REDMT.,2026,102
UW.REDMT.,2026,103
UW.REDMT.,2026,104
UW.REDMT.,2026,105
UW.REDMT.,2026,106
UW.REED.,2026,101
UW.REED.,2026,102
UW.REED.,2026,103
UW.REED.,2026,104
UW.REED.,2026,105
UW.REED.,2026,106
UW.REED.,2026,114
UW.RER.,2026,101
UW.RER.,2026,102
UW.RER.,2026,103
UW.RER.,2026,104
UW.RER.,2026,105
UW.RER.,2026,106
UW.RNAV.,2026,101
UW.RNAV.,2026,102
UW.RNAV.,2026,103
UW.RNAV.,2026,104
UW.RNAV.,2026,105
UW.RNAV.,2026,106
UW.RNAV.,2026,114
UW.RNO2.,2026,101
UW.RNO2.,2026,102
UW.RNO2.,2026,103
UW.RNO2.,2026,104
UW.RNO2.,2026,105
UW.RNO2.,2026,106
UW.RNO2.,2026,107
UW.RNO2.,2026,108
UW.RNO2.,2026,110
UW.RNO2.,2026,111
UW.RNO2.,2026,114
UW.RNO2.,2026,115
UW.RNWY.,2026,101
UW.RNWY.,2026,102
UW.RNWY.,2026,103
UW.RNWY.,2026,104
UW.RNWY.,2026,105
UW.RNWY.,2026,106
UW.ROBC.,2026,101
UW.ROBC.,2026,102
UW.ROBC.,2026,103
UW.ROBC.,2026,104
UW.ROBC.,2026,105
UW.ROBC.,2026,106
UW.ROBC.,2026,114
UW.ROCKI.,2026,101
UW.ROCKI.,2026,102
UW.ROCKI.,2026,103
UW.ROCKI.,2026,104
UW.ROCKI.,2026,105
UW.ROCKI.,2026,106
UW.ROCKI.,2026,114
UW.ROCKR.,2026,101
UW.ROCKR.,2026,102
UW.ROCKR.,2026,103
UW.ROCKR.,2026,104
UW.ROCKR.,2026,105
UW.ROCKR.,2026,106
UW.ROCKR.,2026,110
UW.ROCKR.,2026,111
UW.ROCKR.,2026,114
UW.ROCKR.,2026,115
UW.RPW2.,2026,101
UW.RPW2.,2026,102
UW.RPW2.,2026,103
UW.RPW2.,2026,104
UW.RPW2.,2026,105
UW.RPW2.,2026,106
UW.RRHS.,2026,101
UW.RRHS.,2026,102
UW.RRHS.,2026,103
UW.RRHS.,2026,104
UW.RRHS.,2026,105
UW.RRHS.,2026,106
UW.RSLG.,2026,101
UW.RSLG.,2026,102
UW.RSLG.,2026,103
UW.RSLG.,2026,104
UW.RSLG.,2026,105
UW.RSLG.,2026,106
UW.RSLG.,2026,114
UW.RSW2.,2026,101
UW.RSW2.,2026,102
UW.RSW2.,2026,103
UW.RSW2.,2026,104
UW.RSW2.,2026,105
UW.RSW2.,2026,106
UW.RSW2.,2026,112
UW.RSW2.,2026,114
UW.RVRV.,2026,101
UW.RVRV.,2026,102
UW.RVRV.,2026,103
UW.RVRV.,2026,104
UW.RVRV.,2026,105
UW.RVRV.,2026,106
UW.RVRV.,2026,114
UW.RVSD.,2026,101
UW.RVSD.,2026,102
UW.RVSD.,2026,103
UW.RVSD.,2026,104
UW.RVSD.,2026,105
UW.RVW2.,2026,101
UW.RVW2.,2026,102
UW.RVW2.,2026,103
UW.RVW2.,2026,104
UW.RVW2.,2026,105
UW.SACA.,2026,101
UW.SACA.,2026,102
UW.SACA.,2026,103
UW.SACA.,2026,104
UW.SACA.,2026,105
UW.SACA.,2026,114
UW.SAIL.,2026,101
UW.SAIL.,2026,102
UW.SAIL.,2026,103
UW.SAIL.,2026,104
UW.SAIL.,2026,105
UW.SAIL.,2026,114
UW.SALO.,2026,101
UW.SALO.,2026,102
UW.SALO.,2026,103
UW.SALO.,2026,104
UW.SALO.,2026,105
UW.SATS.,2026,101
UW.SATS.,2026,102
UW.SATS.,2026,103
UW.SATS.,2026,104
UW.SATS.,2026,105
UW.SATS.,2026,114
UW.SOS.,2026,121
UW.SOS.,2026,122
UW.SOS.,2026,123
UW.SOS.,2026,124
UW.SOS.,2026,125
UW.SOS.,2026,126
UW.SOS.,2026,127
UW.SOS.,2026,128
UW.SOS.01,2026,121
UW.SOS.01,2026,122
UW.SOS.01,2026,123
UW.SOS.01,2026,124
UW.SOS.01,2026,125
UW.SOS.01,2026,126
UW.SOS.01,2026,127
UW.SOS.01,2026,128
UW.SOS.01,2026,129
UW.SOS.01,2026,130
UW.SOS.01,2026,131
UW.SOS.01,2026,132
UW.SOS.01,2026,133
UW.SOS.01,2026,134
UW.SOS.01,2026,135
UW.SOUA.,2026,121
UW.SOUA.,2026,122
UW.SOUA.,2026,123
UW.SOUA.,2026,124
UW.SOUA.,2026,125
UW.SOUA.,2026,126
UW.SOUA.,2026,127
UW.SOUA.,2026,128
UW.SOUA.,2026,129
UW.SOUA.,2026,130
UW.SOUA.,2026,131
UW.SOUA.,2026,132
UW.SOUA.,2026,133
UW.SOUA.,2026,134
UW.SOUA.,2026,135
UW.SP2.,2026,121
UW.SP2.,2026,122
UW.SP2.,2026,123
UW.SP2.,2026,124
UW.SP2.,2026,125
UW.SP2.,2026,126
UW.SP2.,2026,127
UW.SP2.,2026,128
UW.SPFR.,2026,121
UW.SPFR.,2026,122
UW.SPFR.,2026,123
UW.SPFR.,2026,124
UW.SPFR.,2026,125
UW.SPFR.,2026,126
UW.SPFR.,2026,127
UW.SPFR.,2026,128
UW.SPOW.,2026,121
UW.SPOW.,2026,122
UW.SPOW.,2026,123
UW.SPOW.,2026,124
UW.SPOW.,2026,125
UW.SPOW.,2026,126
UW.SPOW.,2026,127
UW.SPOW.,2026,128
UW.SSO2.,2026,121
UW.SSO2.,2026,122
UW.SSO2.,2026,123
UW.SSO2.,2026,124
UW.SSO2.,2026,125
UW.SSO2.,2026,126
UW.SSO2.,2026,127
UW.SSO2.,2026,128
UW.SSO2.,2026,129
UW.SSO2.,2026,130
UW.SSO2.,2026,131
UW.SSO2.,2026,132
UW.SSO2.,2026,134
UW.SSO2.,2026,135
UW.STAR.,2026,121
UW.STAR.,2026,122
UW.STAR.,2026,123
UW.STAR.,2026,124
UW.STAR.,2026,125
UW.STAR.,2026,126
UW.STAR.,2026,127
UW.STAR.,2026,128
UW.STAR.,2026,129
UW.STAR.,2026,130
UW.STAR.,2026,131
UW.STAR.,2026,132
UW.STAR.,2026,133
UW.STAR.,2026,134
UW.STAR.,2026,135
UW.STAR.01,2026,121
UW.STAR.01,2026,122
UW.STAR.01,2026,123
UW.STAR.01,2026,124
UW.STAR.01,2026,125
UW.STAR.01,2026,126
UW.STAR.01,2026,127
UW.STAR.01,2026,131
UW.STAR.01,2026,132
UW.STNW.,2026,121
UW.STNW.,2026,122
UW.STNW.,2026,123
UW.STNW.,2026,124
UW.STNW.,2026,125
UW.STNW.,2026,126
UW.STNW.,2026,127
UW.STOR.,2026,121
UW.STOR.,2026,122
UW.STOR.,2026,123
UW.STOR.,2026,124
UW.STOR.,2026,125
UW.STOR.,2026,126
UW.STOR.,2026,127
UW.STW.,2026,121
UW.STW.,2026,122
UW.STW.,2026,123
UW.STW.,2026,124
UW.STW.,2026,125
UW.STW.,2026,126
UW.STW.,2026,127
UW.STW.,2026,128
UW.STW.,2026,129
UW.STW.,2026,130
UW.STW.,2026,131
UW.STW.,2026,132
UW.STW.,2026,133
UW.STW.,2026,134
UW.SVOH.,2026,121
UW.SVOH.,2026,122
UW.SVOH.,2026,123
UW.SVOH.,2026,124
UW.SVOH.,2026,125
UW.SVOH.,2026,126
UW.SVOH.,2026,127
UW.TAHO.,2026,121
UW.TAHO.,2026,122
UW.TAHO.,2026,123
UW.TAHO.,2026,124
UW.TAHO.,2026,125
UW.TAHO.,2026,126
UW.TAHO.,2026,127
UW.TAKO.,2026,121
UW.TAKO.,2026,122
UW.TAKO.,2026,123
UW.TAKO.,2026,124
UW.TAKO.,2026,125
UW.TAKO.,2026,126
UW.TAKO.,2026,127
UW.TAKO.,2026,128
UW.TAKO.,2026,129
UW.TAKO.,2026,130
UW.TAKO.,2026,131
UW.TAKO.,2026,132
UW.TAKO.,2026,133
UW.TAKO.,2026,134
UW.TAKO.,2026,135
UW.TAPPS.,2026,121
UW.TAPPS.,2026,122
UW.TAPPS.,2026,123
UW.TAPPS.,2026,124
UW.TAPPS.,2026,125
UW.TAPPS.,2026,126
UW.TAPPS.,2026,127
UW.TBLMT.,2026,121
UW.TBLMT.,2026,122
UW.TBLMT.,2026,123
UW.TBLMT.,2026,124
UW.TBLMT.,2026,125
UW.TBLMT.,2026,126
UW.TBLMT.,2026,127
UW.TBM.,2026,121
UW.TBM.,2026,122
UW.TBM.,2026,123
UW.TBM.,2026,124
UW.TBM.,2026,125
UW.TBM.,2026,126
UW.TBM.,2026,127
UW.TBM.,2026,128
UW.TBM.,2026,129
UW.TBM.,2026,130
UW.TBM.,2026,131
UW.TBM.,2026,132
UW.TBM.,2026,133
UW.TBM.,2026,134
UW.TBM.,2026,135
UW.TDH.,2026,121
UW.TDH.,2026,122
UW.TDH.,2026,123
UW.TDH.,2026,124
UW.TDH.,2026,125
UW.TDH.,2026,126
UW.TDH.,2026,127
UW.TDHS.,2026,121
UW.TDHS.,2026,122
UW.TDHS.,2026,123
UW.TDHS.,2026,124
UW.TDHS.,2026,125
UW.TDHS.,2026,126
UW.TDHS.,2026,127
UW.TDL.,2026,121
UW.TDL.,2026,122
UW.TDL.,2026,123
UW.TDL.,2026,124
UW.TDL.,2026,125
UW.TDL.,2026,126
UW.TDL.,2026,127
UW.TEHA.,2026,121
UW.TEHA.,2026,122
UW.TEHA.,2026,123
UW.TEHA.,2026,124
UW.TEHA.,2026,125
UW.TEHA.,2026,126
UW.TEHA.,2026,127
UW.TILL.,2026,161
UW.TILL.,2026,162
UW.TILL.,2026,163
UW.TILL.,2026,164
UW.TILL.,2026,165
UW.TIOG.,2026,161
UW.TIOG.,2026,162
UW.TIOG.,2026,163
UW.TIOG.,2026,164
UW.TIOG.,2026,165
UW.TKCO.,2026,161
UW.TKCO.,2026,162
UW.TKCO.,2026,163
UW.TKCO.,2026,164
UW.TKCO.,2026,165
UW.TKCO.,2026,166
UW.TKCO.,2026,167
UW.TKCO.,2026,168
UW.TKCO.,2026,169
UW.TKCO.,2026,170
UW.TKCO.,2026,171
UW.TKCO.,2026,172
UW.TKCO.,2026,173
UW.TKCO.,2026,174
UW.TKCO.,2026,175
UW.TKCO.,2026,176
UW.TKEY.,2026,161
UW.TKEY.,2026,162
UW.TKEY.,2026,163
UW.TKEY.,2026,164
UW.TKEY.,2026,165
UW.TLW1.,2026,161
UW.TLW1.,2026,162
UW.TLW1.,2026,163
UW.TLW1.,2026,164
UW.TLW1.,2026,165
UW.TNSKT.,2026,161
UW.TNSKT.,2026,162
UW.TNSKT.,2026,163
UW.TNSKT.,2026,164
UW.TNSKT.,2026,165
UW.TOKE.,2026,161
UW.TOKE.,2026,162
UW.TOKE.,2026,163
UW.TOKE.,2026,164
UW.TOKE.,2026,165
UW.TOLE.,2026,161
UW.TOLE.,2026,162
UW.TOLE.,2026,163
UW.TOLE.,2026,164
UW.TOLE.,2026,165
UW.TOLO.,2026,161
UW.TOLO.,2026,162
UW.TOLO.,2026,163
UW.TOLO.,2026,164
UW.TOLO.,2026,165
UW.TOLO.,2026,166
UW.TOLO.,2026,167
UW.TOLO.,2026,168
UW.TOLO.,2026,169
UW.TOLO.,2026,170
UW.TOLO.,2026,171
UW.TOLO.,2026,172
UW.TOLO.,2026,173
UW.TOLO.,2026,174
UW.TOLO.,2026,175
UW.TOLO.,2026,176
UW.TOLT.,2026,161
UW.TOLT.,2026,162
UW.TOLT.,2026,163
UW.TOLT.,2026,164
UW.TOLT.,2026,165
UW.TORK.,2026,161
UW.TORK.,2026,162
UW.TORK.,2026,163
UW.TORK.,2026,164
UW.TORK.,2026,165
UW.TOUCH.,2026,161
UW.TOUCH.,2026,162
UW.TOUCH.,2026,163
UW.TOUCH.,2026,164
UW.TOUCH.,2026,165
UW.TOUT.,2026,161
UW.TOUT.,2026,162
UW.TOUT.,2026,163
UW.TOUT.,2026,164
UW.TOUT.,2026,165
UW.TREE.,2026,161
UW.TREE.,2026,162
UW.TREE.,2026,163
UW.TREE.,2026,164
UW.TREE.,2026,165
UW.TRFA.,2026,161
UW.TRFA.,2026,162
UW.TRFA.,2026,163
UW.TRFA.,2026,164
UW.TRFA.,2026,165
UW.TRW.,2026,161
UW.TRW.,2026,162
UW.TRW.,2026,163
UW.TRW.,2026,164
UW.TRW.,2026,165
UW.TUCA.,2026,161
UW.TUCA.,2026,162
UW.TUCA.,2026,163
UW.TUCA.,2026,164
UW.TUCA.,2026,165
UW.TULA.,2026,161
UW.TULA.,2026,162
UW.TULA.,2026,163
UW.TULA.,2026,164
UW.TULA.,2026,165
UW.TULIP.,2026,161
UW.TULIP.,2026,162
UW.TULIP.,2026,163
UW.TULIP.,2026,164
UW.TULIP.,2026,165
UW.TUMW.,2026,161
UW.TUMW.,2026,162
UW.TUMW.,2026,163
UW.TUMW.,2026,164
UW.TUMW.,2026,165
UW.TURTL.,2026,161
UW.TURTL.,2026,162
UW.TURTL.,2026,163
UW.TURTL.,2026,164
UW.TURTL.,2026,165
UW.TWISP.,2026,161
UW.TWISP.,2026,162
UW.TWISP.,2026,163
UW.TWISP.,2026,164
UW.TWISP.,2026,165
UW.UGSD.,2026,161
UW.UGSD.,2026,162
UW.UGSD.,2026,163
UW.UGSD.,2026,164
UW.UGSD.,2026,165
UW.UIL00.00,2026,161
UW.UIL00.00,2026,162
UW.UIL00.00,2026,163
UW.UIL00.00,2026,164
UW.UIL00.00,2026,165
UW.UIL01.00,2026,161
UW.UIL01.00,2026,162
UW.UIL01.00,2026,163
UW.UIL01.00,2026,164
UW.UIL01.00,2026,165
UW.UIL02.00,2026,161
UW.UIL02.00,2026,162
UW.UIL02.00,2026,163
UW.UIL02.00,2026,164
UW.UIL02.00,2026,165
UW.UIL03.00,2026,152
UW.UIL04.00,2026,152
UW.UIL05.00,2026,152
UW.UIL06.00,2026,151
UW.UIL06.00,2026,152
UW.UIL07.00,2026,152
UW.UIL08.00,2026,152
UW.UIL09.00,2026,152
UW.UMAT.,2026,152
UW.UMPQ.,2026,141
UW.UMPQ.,2026,142
UW.UMPQ.,2026,148
UW.UMPQ.,2026,149
UW.UMPQ.,2026,152
UW.UMPQ.,2026,153
UW.UPL.,2026,152
UW.UPS.,2026,152
UW.UWFH.,2026,142
UW.UWFH.,2026,146
UW.UWFH.,2026,152
UW.VCR.,2026,152
UW.VCR.,2026,157
UW.VVHS.,2026,151
UW.WAT2.,2026,1
UW.WAT2.,2026,2
UW.WAT2.,2026,3
UW.WAT2.,2026,4
UW.WAT2.,2026,5
UW.WAT2.,2026,6
UW.WAT2.,2026,7
UW.WAT2.,2026,8
UW.WAT2.,2026,9
UW.WAT2.,2026,161
UW.WAT2.,2026,162
UW.WAT2.,2026,163
UW.WATCH.,2026,1
UW.WATCH.,2026,2
UW.WATCH.,2026,3
UW.WATCH.,2026,4
UW.WATCH.,2026,5
UW.WATCH.,2026,6
UW.WATCH.,2026,7
UW.WATCH.,2026,8
UW.WATCH.,2026,9
UW.WATCH.,2026,161
UW.WATCH.,2026,162
UW.WATCH.,2026,163
UW.WEDR.,2026,1
UW.WEDR.,2026,2
UW.WEDR.,2026,3
UW.WEDR.,2026,4
UW.WEDR.,2026,5
UW.WEDR.,2026,6
UW.WEDR.,2026,7
UW.WEDR.,2026,8
UW.WEDR.,2026,9
UW.WEDR.,2026,161
UW.WEDR.,2026,162
UW.WEL1.,2026,1
UW.WEL1.,2026,2
UW.WEL1.,2026,3
UW.WEL1.,2026,4
UW.WEL1.,2026,5
UW.WEL1.,2026,6
UW.WEL1.,2026,7
UW.WEL1.,2026,8
UW.WEL1.,2026,9
UW.WEL1.,2026,11
UW.WEL1.,2026,12
UW.WEL1.,2026,13
UW.WEL1.,2026,161
UW.WEL1.,2026,162
UW.WEL1.,2026,165
UW.WEL1.,2026,167
UW.WEL1.,2026,170
UW.WEL1.,2026,177
UW.WEL2.,2026,1
UW.WEL2.,2026,2
UW.WEL2.,2026,3
UW.WEL2.,2026,4
UW.WEL2.,2026,5
UW.WEL2.,2026,6
UW.WEL2.,2026,7
UW.WEL2.,2026,8
UW.WEL2.,2026,9
UW.WEL2.,2026,10
UW.WEL2.,2026,11
UW.WEL2.,2026,12
UW.WEL2.,2026,13
UW.WEL2.,2026,161
UW.WEL2.,2026,162
UW.WEL2.,2026,165
UW.WEL2.,2026,166
UW.WEL2.,2026,167
UW.WEL2.,2026,170
UW.WEL2.,2026,177
UW.WENA.,2026,1
UW.WENA.,2026,2
UW.WENA.,2026,3
UW.WENA.,2026,4
UW.WENA.,2026,5
UW.WENA.,2026,6
UW.WENA.,2026,7
UW.WENA.,2026,8
UW.WENA.,2026,9
UW.WENA.,2026,161
UW.WENA.,2026,162
UW.WFHS.,2026,1
UW.WFHS.,2026,2
UW.WFHS.,2026,3
UW.WFHS.,2026,4
UW.WFHS.,2026,5
UW.WFHS.,2026,6
UW.WFHS.,2026,7
UW.WFHS.,2026,8
UW.WFHS.,2026,9
UW.WFHS.,2026,161
UW.WFHS.,2026,162
UW.WHGC.,2026,1
UW.WHGC.,2026,2
UW.WHGC.,2026,3
UW.WHGC.,2026,4
UW.WHGC.,2026,5
UW.WHGC.,2026,6
UW.WHGC.,2026,7
UW.WHGC.,2026,8
UW.WHGC.,2026,9
UW.WHGC.,2026,10
UW.WHGC.,2026,11
UW.WHGC.,2026,12
UW.WHGC.,2026,13
UW.WHGC.,2026,201
UW.WILA.,2026,1
UW.WILA.,2026,2
UW.WILA.,2026,3
UW.WILA.,2026,4
UW.WILA.,2026,5
UW.WILA.,2026,6
UW.WILA.,2026,7
UW.WILA.,2026,8
UW.WILA.,2026,9
UW.WILA.,2026,161
UW.WILA.,2026,162
UW.WINDI.,2026,1
UW.WINDI.,2026,2
UW.WINDI.,2026,3
UW.WINDI.,2026,4
UW.WINDI.,2026,5
UW.WINDI.,2026,6
UW.WINDI.,2026,7
UW.WINDI.,2026,8
UW.WINDI.,2026,161
UW.WINDI.,2026,162
UW.WISH.,2026,1
UW.WISH.,2026,2
UW.WISH.,2026,3
UW.WISH.,2026,4
UW.WISH.,2026,5
UW.WISH.,2026,6
UW.WISH.,2026,7
UW.WISH.,2026,8
UW.WISH.,2026,9
UW.WISH.,2026,10
UW.WISH.,2026,161
UW.WISH.,2026,162
UW.WOLL.,2026,1
UW.WOLL.,2026,2
UW.WOLL.,2026,3
UW.WOLL.,2026,4
UW.WOLL.,2026,5
UW.WOLL.,2026,6
UW.WOLL.,2026,7
UW.WOLL.,2026,8
UW.WOLL.,2026,161
UW.WOLL.,2026,162
UW.WPEQ.,2026,1
UW.WPEQ.,2026,2
UW.WPEQ.,2026,3
UW.WPEQ.,2026,4
UW.WPEQ.,2026,5
UW.WPEQ.,2026,6
UW.WPEQ.,2026,7
UW.WPEQ.,2026,8
UW.WPEQ.,2026,161
UW.WPEQ.,2026,162
UW.WPO.,2026,1
UW.WPO.,2026,2
UW.WPO.,2026,3
UW.WPO.,2026,4
UW.WPO.,2026,5
UW.WPO.,2026,6
UW.WPO.,2026,7
UW.WPO.,2026,8
UW.WPO.,2026,161
UW.WPO.,2026,162
UW.WRD.,2026,1
UW.WRD.,2026,2
UW.WRD.,2026,3
UW.WRD.,2026,4
UW.WRD.,2026,5
UW.WRD.,2026,6
UW.WRD.,2026,7
UW.WRD.,2026,8
UW.WRD.,2026,10
UW.WRD.,2026,161
UW.WRD.,2026,162
UW.WRD.,2026,166
UW.WRD.,2026,172
UW.WRD.,2026,173
UW.WRMB.,2026,1
UW.WRMB.,2026,2
UW.WRMB.,2026,3
UW.WRMB.,2026,4
UW.WRMB.,2026,5
UW.WRMB.,2026,6
UW.WRMB.,2026,7
UW.WRMB.,2026,8
UW.WRMB.,2026,161
UW.WRMB.,2026,162
UW.WRW.,2026,1
UW.WRW.,2026,2
UW.WRW.,2026,3
UW.WRW.,2026,4
UW.WRW.,2026,5
UW.WRW.,2026,6
UW.WRW.,2026,7
UW.WRW.,2026,8
UW.WRW.,2026,161
UW.WRW.,2026,162
UW.WTRV.,2026,1
UW.WTRV.,2026,2
UW.WTRV.,2026,3
UW.WTRV.,2026,4
UW.WTRV.,2026,5
UW.WTRV.,2026,6
UW.WTRV.,2026,7
UW.WTRV.,2026,8
UW.WTRV.,2026,161
UW.WTRV.,2026,162
UW.WWHS.,2026,1
UW.WWHS.,2026,2
UW.WWHS.,2026,3
UW.WWHS.,2026,4
UW.WWHS.,2026,5
UW.WWHS.,2026,6
UW.WWHS.,2026,7
UW.WWHS.,2026,8
UW.WWHS.,2026,161
UW.WWHS.,2026,162
UW.WYNO.,2026,1
UW.WYNO.,2026,2
UW.WYNO.,2026,3
UW.WYNO.,2026,4
UW.WYNO.,2026,5
UW.WYNO.,2026,6
UW.WYNO.,2026,7
UW.WYNO.,2026,8
UW.WYNO.,2026,161
UW.WYNO.,2026,162
WR.BKW.,2026,181
WR.BKW.,2026,182
WR.BKW.,2026,183
WR.BKW.,2026,184
WR.BKW.,2026,185
WR.BKW.,2026,186
WR.BKW.,2026,187
WR.BKW.10,2026,182
WR.BKW.10,2026,183
WR.BKW.10,2026,184
WR.BKW.10,2026,185
WR.BKW.10,2026,186
WR.BKW.10,2026,187
WR.BKW.N1,2026,181
WR.BKW.N1,2026,182
WR.BKW.N1,2026,183
WR.BKW.N1,2026,184
WR.BKW.N1,2026,185
WR.BKW.N1,2026,186
WR.BKW.N1,2026,187
WR.CK04.10,2026,182
WR.CK04.10,2026,183
WR.CK04.10,2026,184
WR.CK04.10,2026,185
WR.CK04.10,2026,186
WR.CK04.10,2026,187
WR.CK14.10,2026,182
WR.CK14.10,2026,183
WR.CK14.10,2026,184
WR.CK14.10,2026,185
WR.CK14.10,2026,186
WR.CK14.10,2026,187
WR.CK21.10,2026,182
WR.CK21.10,2026,183
WR.CK21.10,2026,184
WR.CK21.10,2026,185
WR.CK21.10,2026,186
WR.CK21.10,2026,187
WR.CK23.10,2026,182
WR.CK23.10,2026,183
WR.CK23.10,2026,184
WR.CK23.10,2026,185
WR.CK23.10,2026,186
WR.CK23.10,2026,187
WR.CKR.,2026,181
WR.CKR.,2026,182
WR.CKR.,2026,183
WR.CKR.,2026,184
WR.CKR.,2026,185
WR.CKR.,2026,186
WR.CKR.,2026,187
WR.CKR.10,2026,182
WR.CKR.10,2026,183
WR.CKR.10,2026,184
WR.CKR.10,2026,185
WR.CKR.10,2026,186
WR.CKR.10,2026,187
WR.CLFS.,2026,181
WR.CLFS.,2026,182
WR.CLFS.,2026,183
WR.CLFS.,2026,184
WR.CLFS.,2026,185
WR.CLFS.,2026,186
WR.CLFS.,2026,187
WR.CSP.,2026,181
WR.CSP.,2026,182
WR.CSP.,2026,183
WR.CSP.,2026,184
WR.CSP.,2026,185
WR.CSP.,2026,186
WR.CSP.,2026,187
WR.CSP.N1,2026,181
WR.CSP.N1,2026,182
WR.CSP.N1,2026,183
WR.CSP.N1,2026,184
WR.CSP.N1,2026,185
WR.CSP.N1,2026,186
WR.CSP.N1,2026,187
WR.FRDLA.,2026,181
WR.FRDLA.,2026,182
WR.FRDLA.,2026,183
WR.FRDLA.,2026,184
WR.FRDLA.,2026,185
WR.FRDLA.,2026,186
WR.FRDLA.,2026,187
WR.FRDLA.10,2026,182
WR.FRDLA.10,2026,183
WR.FRDLA.10,2026,184
WR.FRDLA.10,2026,185
WR.FRDLA.10,2026,186
WR.FRDLA.10,2026,187
WR.GAS.,2026,181
WR.GAS.,2026,182
WR.GAS.,2026,183
WR.GAS.,2026,184
WR.GAS.,2026,185
WR.GAS.,2026,186
WR.GAS.,2026,187
WR.GAS.N1,2026,181
WR.GAS.N1,2026,182
WR.GAS.N1,2026,183
WR.GAS.N1,2026,184
WR.GAS.N1,2026,185
WR.GAS.N1,2026,186
WR.GAS.N1,2026,187
WR.HLT.,2026,182
WR.HLT.,2026,183
WR.HLT.,2026,184
WR.HLT.,2026,185
WR.HLT.,2026,186
WR.HLT.,2026,187
WR.HUF.,2026,181
WR.HUF.,2026,182
WR.HUF.,2026,183
WR.HUF.,2026,184
WR.HUF.,2026,185
WR.HUF.,2026,186
WR.HUF.,2026,187
WR.HUF.10,2026,181
WR.HUF.10,2026,182
WR.HUF.10,2026,183
WR.HUF.10,2026,184
WR.HUF.10,2026,185
WR.HUF.10,2026,186
WR.HUF.10,2026,187
WR.HUF.N1,2026,181
WR.HUF.N1,2026,182
WR.HUF.N1,2026,183
WR.HUF.N1,2026,184
WR.HUF.N1,2026,185
WR.HUF.N1,2026,186
WR.HUF.N1,2026,187
WR.KPK.,2026,181
WR.KPK.,2026,182
WR.KPK.,2026,183
WR.KPK.,2026,184
WR.KPK.,2026,185
WR.KPK.,2026,186
WR.KPK.,2026,187
WR.KPK.10,2026,182
WR.KPK.10,2026,183
WR.KPK.10,2026,184
WR.KPK.10,2026,185
WR.KPK.10,2026,186
WR.KPK.N1,2026,181
WR.KPK.N1,2026,182
WR.KPK.N1,2026,183
WR.KPK.N1,2026,184
WR.KPK.N1,2026,185
WR.KPK.N1,2026,186
WR.KPK.N1,2026,187
WR.LPFF.,2026,181
WR.LPFF.,2026,182
WR.LPFF.,2026,183
WR.LPFF.,2026,184
WR.LPFF.,2026,185
WR.LPFF.,2026,186
WR.LPFF.,2026,187
WR.LPFF.10,2026,182
WR.LPFF.10,2026,183
WR.LPFF.10,2026,184
WR.LPFF.10,2026,185
WR.LPFF.10,2026,186
WR.MOFF.,2026,181
WR.MOFF.,2026,182
WR.MOFF.,2026,183
WR.MOFF.,2026,184
WR.MOFF.,2026,185
WR.MOFF.,2026,186
WR.MOFF.,2026,187
WR.MOFF.10,2026,182
WR.MOFF.10,2026,183
WR.MOFF.10,2026,184
WR.MOFF.10,2026,185
WR.MOFF.10,2026,186
WR.MP130.,2026,181
WR.MP130.,2026,182
WR.MP130.,2026,183
WR.MP130.,2026,184
WR.MP130.,2026,185
WR.MP130.,2026,186
WR.MP130.,2026,187
WR.MP130.10,2026,181
WR.MP130.10,2026,182
WR.MP130.10,2026,183
WR.MP130.10,2026,184
WR.MP130.10,2026,185
WR.MP130.10,2026,186
WR.MP130.10,2026,187
WR.NWFF.,2026,181
WR.NWFF.,2026,182
WR.NWFF.,2026,183
WR.NWFF.,2026,184
WR.NWFF.,2026,185
WR.NWFF.,2026,186
WR.NWFF.,2026,187
WR.ORES.,2026,181
WR.ORES.,2026,182
WR.ORES.,2026,183
WR.ORES.,2026,184
WR.ORES.,2026,185
WR.ORES.,2026,186
WR.ORES.,2026,187
WR.ORES.10,2026,182
WR.ORES.10,2026,183
WR.ORES.10,2026,184
WR.ORES.10,2026,185
WR.ORES.10,2026,186
WR.ORV.,2026,181
WR.ORV.,2026,182
WR.ORV.,2026,183
WR.ORV.,2026,184
WR.ORV.,2026,185
WR.ORV.,2026,186
WR.ORV.,2026,187
WR.ORV.N1,2026,101
WR.ORV.N1,2026,102
WR.ORV.N1,2026,103
WR.ORV.N1,2026,104
WR.ORV.N1,2026,105
WR.ORV.N1,2026,106
WR.ORV.N1,2026,107
WR.ORV.N1,2026,108
WR.ORV.N1,2026,109
WR.ORV.N1,2026,110
WR.ORV.N1,2026,111
WR.ORV.N1,2026,112
WR.ORV.N1,2026,113
WR.ORV.N1,2026,114
WR.ORV.N1,2026,115
WR.ORV.N1,2026,201
WR.ORV.N1,2026,202
WR.ORV.N1,2026,203
WR.ORV.N1,2026,204
WR.ORV.N1,2026,205
WR.ORV.N1,2026,206
WR.ORV.N1,2026,207
WR.ORV.N1,2026,208
WR.ORV.N1,2026,209
WR.ORV.N1,2026,210
WR.ORV.N1,2026,211
WR.ORV.N1,2026,212
WR.ORV.N1,2026,213
WR.ORV.N1,2026,214
WR.ORV.N1,2026,215
WR.ORV.N1,2026,216
WR.PAM.,2026,101
WR.PAM.,2026,102
WR.PAM.,2026,103
WR.PAM.,2026,104
WR.PAM.,2026,105
WR.PAM.,2026,106
WR.PAM.,2026,107
WR.PAM.,2026,108
WR.PAM.,2026,109
WR.PAM.,2026,110
WR.PAM.,2026,111
WR.PAM.,2026,112
WR.PAM.,2026,113
WR.PAM.,2026,114
WR.PAM.,2026,115
WR.PAM.,2026,201
WR.PAM.,2026,202
WR.PAM.,2026,203
WR.PAM.,2026,204
WR.PAM.,2026,205
WR.PAM.,2026,206
WR.PAM.,2026,207
WR.PAM.,2026,208
WR.PAM.,2026,209
WR.PAM.,2026,210
WR.PAM.,2026,211
WR.PAM.,2026,212
WR.PAM.,2026,213
WR.PAM.,2026,214
WR.PAM.,2026,215
WR.PAM.,2026,216
WR.PAM.10,2026,101
WR.PAM.10,2026,102
WR.PAM.10,2026,103
WR.PAM.10,2026,104
WR.PAM.10,2026,105
WR.PAM.10,2026,106
WR.PAM.10,2026,107
WR.PAM.10,2026,108
WR.PAM.10,2026,213
WR.PAM.10,2026,214
WR.PAM.10,2026,215
WR.PAM.10,2026,216
WR.PAM.N1,2026,101
WR.PAM.N1,2026,102
WR.PAM.N1,2026,103
WR.PAM.N1,2026,104
WR.PAM.N1,2026,105
WR.PAM.N1,2026,106
WR.PAM.N1,2026,107
WR.PAM.N1,2026,108
WR.PAM.N1,2026,109
WR.PAM.N1,2026,110
WR.PAM.N1,2026,111
WR.PAM.N1,2026,112
WR.PAM.N1,2026,113
WR.PAM.N1,2026,114
WR.PAM.N1,2026,115
WR.PAM.N1,2026,201
WR.PAM.N1,2026,202
WR.PAM.N1,2026,203
WR.PAM.N1,2026,204
WR.PAM.N1,2026,205
WR.PAM.N1,2026,206
WR.PAM.N1,2026,207
WR.PAM.N1,2026,208
WR.PAM.N1,2026,209
WR.PAM.N1,2026,210
WR.PAM.N1,2026,211
WR.PAM.N1,2026,212
WR.PAM.N1,2026,213
WR.PAM.N1,2026,214
WR.PAM.N1,2026,215
WR.PAM.N1,2026,216
WR.PAST.,2026,101
WR.PAST.,2026,102
WR.PAST.,2026,103
WR.PAST.,2026,104
WR.PAST.,2026,105
WR.PAST.,2026,106
WR.PAST.,2026,107
WR.PAST.,2026,108
WR.PAST.,2026,201
WR.PAST.,2026,202
WR.PAST.,2026,203
WR.PAST.,2026,204
WR.PAST.,2026,206
WR.PAST.,2026,207
WR.PAST.,2026,208
WR.PAST.,2026,209
WR.PAST.,2026,210
WR.PAST.,2026,211
WR.PAST.,2026,212
WR.PAST.,2026,213
WR.PAST.,2026,214
WR.PAST.,2026,215
WR.PAST.,2026,216
WR.PEC.,2026,101
WR.PEC.,2026,102
WR.PEC.,2026,103
WR.PEC.,2026,104
WR.PEC.,2026,105
WR.PEC.,2026,106
WR.PEC.,2026,107
WR.PEC.,2026,108
WR.PEC.,2026,109
WR.PEC.,2026,110
WR.PEC.,2026,111
WR.PEC.,2026,112
WR.PEC.,2026,113
WR.PEC.,2026,114
WR.PEC.,2026,115
WR.PEC.,2026,201
WR.PEC.,2026,202
WR.PEC.,2026,203
WR.PEC.,2026,204
WR.PEC.,2026,205
WR.PEC.,2026,206
WR.PEC.,2026,207
WR.PEC.,2026,208
WR.PEC.,2026,209
WR.PEC.,2026,210
WR.PEC.,2026,211
WR.PEC.,2026,212
WR.PEC.,2026,213
WR.PEC.,2026,214
WR.PEC.,2026,215
WR.PEC.,2026,216
WR.PEC.N1,2026,101
WR.PEC.N1,2026,102
WR.PEC.N1,2026,103
WR.PEC.N1,2026,104
WR.PEC.N1,2026,105
WR.PEC.N1,2026,106
WR.PEC.N1,2026,107
WR.PEC.N1,2026,108
WR.PEC.N1,2026,109
WR.PEC.N1,2026,110
WR.PEC.N1,2026,111
WR.PEC.N1,2026,112
WR.PEC.N1,2026,113
WR.PEC.N1,2026,114
WR.PEC.N1,2026,115
WR.PEC.N1,2026,201
WR.PEC.N1,2026,202
WR.PEC.N1,2026,203
WR.PEC.N1,2026,204
WR.PEC.N1,2026,205
WR.PEC.N1,2026,206
WR.PEC.N1,2026,207
WR.PEC.N1,2026,208
WR.PEC.N1,2026,209
WR.PEC.N1,2026,210
WR.PEC.N1,2026,211
WR.PEC.N1,2026,212
WR.PEC.N1,2026,213
WR.PEC.N1,2026,214
WR.PEC.N1,2026,215
WR.PEC.N1,2026,216
WR.PYR.,2026,101
WR.PYR.,2026,102
WR.PYR.,2026,103
WR.PYR.,2026,104
WR.PYR.,2026,105
WR.PYR.,2026,106
WR.PYR.,2026,107
WR.PYR.,2026,108
WR.PYR.,2026,109
WR.PYR.,2026,110
WR.PYR.,2026,111
WR.PYR.,2026,112
WR.PYR.,2026,113
WR.PYR.,2026,114
WR.PYR.,2026,115
WR.PYR.,2026,201
WR.PYR.,2026,202
WR.PYR.,2026,203
WR.PYR.,2026,204
WR.PYR.,2026,205
WR.PYR.,2026,206
WR.PYR.,2026,207
WR.PYR.,2026,208
WR.PYR.,2026,209
WR.PYR.,2026,210
WR.PYR.,2026,211
WR.PYR.,2026,212
WR.PYR.,2026,213
WR.PYR.,2026,214
WR.PYR.,2026,215
WR.PYR.,2026,216
WR.PYR.10,2026,101
WR.PYR.10,2026,102
WR.PYR.10,2026,103
WR.PYR.10,2026,104
WR.PYR.10,2026,105
WR.PYR.10,2026,106
WR.PYR.10,2026,107
WR.PYR.10,2026,108
WR.PYR.10,2026,213
WR.PYR.10,2026,214
WR.PYR.10,2026,215
WR.PYR.10,2026,216
WR.PYR.N1,2026,101
WR.PYR.N1,2026,102
WR.PYR.N1,2026,103
WR.PYR.N1,2026,104
WR.PYR.N1,2026,105
WR.PYR.N1,2026,106
WR.PYR.N1,2026,107
WR.PYR.N1,2026,108
WR.PYR.N1,2026,109
WR.PYR.N1,2026,110
WR.PYR.N1,2026,111
WR.PYR.N1,2026,112
WR.PYR.N1,2026,113
WR.PYR.N1,2026,114
WR.PYR.N1,2026,115
WR.PYR.N1,2026,201
WR.PYR.N1,2026,202
WR.PYR.N1,2026,203
WR.PYR.N1,2026,204
WR.PYR.N1,2026,205
WR.PYR.N1,2026,206
WR.PYR.N1,2026,207
WR.PYR.N1,2026,208
WR.PYR.N1,2026,209
WR.PYR.N1,2026,210
WR.PYR.N1,2026,211
WR.PYR.N1,2026,212
WR.PYR.N1,2026,213
WR.PYR.N1,2026,214
WR.PYR.N1,2026,215
WR.PYR.N1,2026,216
WR.SAQ.,2026,101
WR.SAQ.,2026,102
WR.SAQ.,2026,103
WR.SAQ.,2026,104
WR.SAQ.,2026,105
WR.SAQ.,2026,106
WR.SAQ.,2026,107
WR.SAQ.,2026,108
WR.SAQ.,2026,109
WR.SAQ.,2026,110
WR.SAQ.,2026,111
WR.SAQ.,2026,112
WR.SAQ.,2026,113
WR.SAQ.,2026,114
WR.SAQ.,2026,115
WR.SAQ.,2026,201
WR.SAQ.,2026,202
WR.SAQ.,2026,203
WR.SAQ.,2026,204
WR.SAQ.,2026,205
WR.SAQ.,2026,206
WR.SAQ.,2026,207
WR.SAQ.,2026,208
WR.SAQ.,2026,209
WR.SAQ.,2026,210
WR.SAQ.,2026,211
WR.SAQ.,2026,212
WR.SAQ.,2026,213
WR.SAQ.,2026,214
WR.SAQ.,2026,215
WR.SAQ.,2026,216
WR.SAQ.10,2026,101
WR.SAQ.10,2026,102
WR.SAQ.10,2026,103
WR.SAQ.10,2026,104
WR.SAQ.10,2026,105
WR.SAQ.10,2026,106
WR.SAQ.10,2026,107
WR.SAQ.10,2026,108
WR.SAQ.10,2026,213
WR.SAQ.10,2026,214
WR.SAQ.10,2026,215
WR.SAQ.10,2026,216
WR.SAQ.N1,2026,101
WR.SAQ.N1,2026,102
WR.SAQ.N1,2026,103
WR.SAQ.N1,2026,104
WR.SAQ.N1,2026,105
WR.SAQ.N1,2026,106
WR.SAQ.N1,2026,107
WR.SAQ.N1,2026,108
WR.SAQ.N1,2026,109
WR.SAQ.N1,2026,110
WR.SAQ.N1,2026,111
WR.SAQ.N1,2026,112
WR.SAQ.N1,2026,113
WR.SAQ.N1,2026,114
WR.SAQ.N1,2026,115
WR.SAQ.N1,2026,201
WR.SAQ.N1,2026,202
WR.SAQ.N1,2026,203
WR.SAQ.N1,2026,204
WR.SAQ.N1,2026,205
WR.SAQ.N1,2026,206
WR.SAQ.N1,2026,207
WR.SAQ.N1,2026,208
WR.SAQ.N1,2026,209
WR.SAQ.N1,2026,210
WR.SAQ.N1,2026,211
WR.SAQ.N1,2026,212
WR.SAQ.N1,2026,213
WR.SAQ.N1,2026,214
WR.SAQ.N1,2026,215
WR.SAQ.N1,2026,216
WR.SCK.,2026,101
WR.SCK.,2026,102
WR.SCK.,2026,103
WR.SCK.,2026,104
WR.SCK.,2026,105
WR.SCK.,2026,106
WR.SCK.,2026,107
WR.SCK.,2026,108
WR.SCK.,2026,109
WR.SCK.,2026,110
WR.SCK.,2026,111
WR.SCK.,2026,112
WR.SCK.,2026,113
WR.SCK.,2026,114
WR.SCK.,2026,115
WR.SCK.,2026,201
WR.SCK.,2026,202
WR.SCK.,2026,203
WR.SCK.,2026,204
WR.SCK.,2026,205
WR.SCK.,2026,206
WR.SCK.,2026,207
WR.SCK.,2026,208
WR.SCK.,2026,209
WR.SCK.,2026,210
WR.SCK.,2026,211
WR.SCK.,2026,212
WR.SCK.,2026,213
WR.SCK.,2026,214
WR.SCK.,2026,215
WR.SCK.,2026,216
WR.SCK.10,2026,101
WR.SCK.10,2026,102
WR.SCK.10,2026,103
WR.SCK.10,2026,104
WR.SCK.10,2026,105
WR.SCK.10,2026,106
WR.SCK.10,2026,107
WR.SCK.10,2026,108
WR.SCK.10,2026,213
WR.SCK.10,2026,214
WR.SCK.10,2026,215
WR.SCK.10,2026,216
WR.SCK.N1,2026,101
WR.SCK.N1,2026,102
WR.SCK.N1,2026,103
WR.SCK.N1,2026,104
WR.SCK.N1,2026,105
WR.SCK.N1,2026,106
WR.SCK.N1,2026,107
WR.SCK.N1,2026,108
WR.SCK.N1,2026,109
WR.SCK.N1,2026,110
WR.SCK.N1,2026,111
WR.SCK.N1,2026,112
WR.SCK.N1,2026,113
WR.SCK.N1,2026,114
WR.SCK.N1,2026,115
WR.SCK.N1,2026,201
WR.SCK.N1,2026,202
WR.SCK.N1,2026,203
WR.SCK.N1,2026,204
WR.SCK.N1,2026,205
WR.SCK.N1,2026,206
WR.SCK.N1,2026,207
WR.SCK.N1,2026,208
WR.SCK.N1,2026,209
WR.SCK.N1,2026,210
WR.SCK.N1,2026,211
WR.SCK.N1,2026,212
WR.SCK.N1,2026,213
WR.SCK.N1,2026,214
WR.SCK.N1,2026,215
WR.SCK.N1,2026,216
WR.SFM.,2026,101
WR.SFM.,2026,102
WR.SFM.,2026,103
WR.SFM.,2026,104
WR.SFM.,2026,105
WR.SFM.,2026,106
WR.SFM.,2026,107
WR.SFM.,2026,108
WR.SFM.,2026,109
WR.SFM.,2026,110
WR.SFM.,2026,111
WR.SFM.,2026,112
WR.SFM.,2026,113
WR.SFM.,2026,114
WR.SFM.,2026,115
WR.SFM.,2026,201
WR.SFM.,2026,202
WR.SFM.,2026,203
WR.SFM.,2026,204
WR.SFM.,2026,205
WR.SFM.,2026,206
WR.SFM.,2026,207
WR.SFM.,2026,208
WR.SFM.,2026,209
WR.SFM.,2026,210
WR.SFM.,2026,211
WR.SFM.,2026,212
WR.SFM.,2026,213
WR.SFM.,2026,214
WR.SFM.,2026,215
WR.SFM.,2026,216
WR.SFM.10,2026,101
WR.SFM.10,2026,102
WR.SFM.10,2026,103
WR.SFM.10,2026,104
WR.SFM.10,2026,105
WR.SFM.10,2026,106
WR.SFM.10,2026,107
WR.SFM.10,2026,108
WR.SFM.10,2026,109
WR.SFM.10,2026,213
WR.SFM.10,2026,214
WR.SFM.10,2026,215
WR.SFM.10,2026,216
WR.SFM.N1,2026,101
WR.SFM.N1,2026,102
WR.SFM.N1,2026,103
WR.SFM.N1,2026,104
WR.SFM.N1,2026,105
WR.SFM.N1,2026,106
WR.SFM.N1,2026,107
WR.SFM.N1,2026,108
WR.SFM.N1,2026,109
WR.SFM.N1,2026,110
WR.SFM.N1,2026,111
WR.SFM.N1,2026,112
WR.SFM.N1,2026,113
WR.SFM.N1,2026,114
WR.SFM.N1,2026,115
WR.SFM.N1,2026,201
WR.SFM.N1,2026,202
WR.SFM.N1,2026,203
WR.SFM.N1,2026,204
WR.SFM.N1,2026,205
WR.SFM.N1,2026,206
WR.SFM.N1,2026,207
WR.SFM.N1,2026,208
WR.SFM.N1,2026,209
WR.SFM.N1,2026,210
WR.SFM.N1,2026,211
WR.SFM.N1,2026,212
WR.SFM.N1,2026,213
WR.SFM.N1,2026,214
WR.SFM.N1,2026,215
WR.SFM.N1,2026,216
WR.SLD.,2026,101
WR.SLD.,2026,102
WR.SLD.,2026,103
WR.SLD.,2026,104
WR.SLD.,2026,105
WR.SLD.,2026,106
WR.SLD.,2026,107
WR.SLD.,2026,108
WR.SLD.,2026,109
WR.SLD.,2026,110
WR.SLD.,2026,111
WR.SLD.,2026,112
WR.SLD.,2026,113
WR.SLD.,2026,114
WR.SLD.,2026,115
WR.SLD.,2026,201
WR.SLD.,2026,202
WR.SLD.,2026,203
WR.SLD.,2026,204
WR.SLD.,2026,205
WR.SLD.,2026,206
WR.SLD.,2026,207
WR.SLD.,2026,208
WR.SLD.,2026,209
WR.SLD.,2026,210
WR.SLD.,2026,211
WR.SLD.,2026,212
WR.SLD.,2026,213
WR.SLD.,2026,214
WR.SLD.,2026,215
WR.SLD.,2026,216
WR.SLD.10,2026,101
WR.SLD.10,2026,102
WR.SLD.10,2026,103
WR.SLD.10,2026,104
WR.SLD.10,2026,105
WR.SLD.10,2026,106
WR.SLD.10,2026,107
WR.SLD.10,2026,213
WR.SLD.10,2026,214
WR.SLD.10,2026,215
WR.SLD.10,2026,216
WR.SPR.,2026,101
WR.SPR.,2026,102
WR.SPR.,2026,103
WR.SPR.,2026,104
WR.SPR.,2026,105
WR.SPR.,2026,106
WR.SPR.,2026,107
WR.SPR.,2026,108
WR.SPR.,2026,109
WR.SPR.,2026,110
WR.SPR.,2026,111
WR.SPR.,2026,112
WR.SPR.,2026,113
WR.SPR.,2026,114
WR.SPR.,2026,115
WR.SPR.,2026,201
WR.SPR.,2026,202
WR.SPR.,2026,203
WR.SPR.,2026,204
WR.SPR.,2026,205
WR.SPR.,2026,206
WR.SPR.,2026,207
WR.SPR.,2026,208
WR.SPR.,2026,209
WR.SPR.,2026,210
WR.SPR.,2026,211
WR.SPR.,2026,212
WR.SPR.,2026,213
WR.SPR.,2026,214
WR.SPR.,2026,215
WR.SPR.,2026,216
WR.SPR.10,2026,101
WR.SPR.10,2026,102
WR.SPR.10,2026,103
WR.SPR.10,2026,104
WR.SPR.10,2026,105
WR.SPR.10,2026,106
WR.SPR.10,2026,107
WR.SPR.10,2026,213
WR.SPR.10,2026,214
WR.SPR.10,2026,215
WR.STNI.00,2026,101
WR.STNI.00,2026,102
WR.STNI.00,2026,103
WR.STNI.00,2026,104
WR.STNI.00,2026,105
WR.STNI.00,2026,106
WR.STNI.00,2026,107
WR.STNI.00,2026,108
WR.STNI.00,2026,109
WR.STNI.00,2026,110
WR.STNI.00,2026,111
WR.STNI.00,2026,112
WR.STNI.00,2026,113
WR.STNI.00,2026,114
WR.STNI.00,2026,115
WR.STNI.00,2026,201
WR.STNI.00,2026,202
WR.STNI.00,2026,203
WR.STNI.00,2026,204
WR.STNI.00,2026,205
WR.STNI.00,2026,206
WR.STNI.00,2026,207
WR.STNI.00,2026,208
WR.STNI.00,2026,209
WR.STNI.00,2026,210
WR.STNI.00,2026,211
WR.STNI.00,2026,212
WR.STNI.00,2026,213
WR.STNI.00,2026,214
WR.STNI.00,2026,215
WR.STNI.00,2026,216
WR.STNI.01,2026,101
WR.STNI.01,2026,102
WR.STNI.01,2026,103
WR.STNI.01,2026,104
WR.STNI.01,2026,105
WR.STNI.01,2026,106
WR.STNI.01,2026,107
WR.STNI.01,2026,108
WR.STNI.01,2026,109
WR.STNI.01,2026,110
WR.STNI.01,2026,111
WR.STNI.01,2026,112
WR.STNI.01,2026,113
WR.STNI.01,2026,114
WR.STNI.01,2026,115
WR.STNI.01,2026,201
WR.STNI.01,2026,202
WR.STNI.01,2026,203
WR.STNI.01,2026,204
WR.STNI.01,2026,205
WR.STNI.01,2026,206
WR.STNI.01,2026,207
WR.STNI.01,2026,208
WR.STNI.01,2026,209
WR.STNI.01,2026,210
WR.STNI.01,2026,211
WR.STNI.01,2026,212
WR.STNI.01,2026,213
WR.STNI.01,2026,214
WR.STNI.01,2026,215
WR.STNI.01,2026,216
WR.STNI.02,2026,101
WR.STNI.02,2026,102
WR.STNI.02,2026,103
WR.STNI.02,2026,104
WR.STNI.02,2026,105
WR.STNI.02,2026,106
WR.STNI.02,2026,107
WR.STNI.02,2026,108
WR.STNI.02,2026,109
WR.STNI.02,2026,110
WR.STNI.02,2026,111
WR.STNI.02,2026,112
WR.STNI.02,2026,113
WR.STNI.02,2026,114
WR.STNI.02,2026,115
WR.STNI.02,2026,201
WR.STNI.02,2026,202
WR.STNI.02,2026,203
WR.STNI.02,2026,204
WR.STNI.02,2026,205
WR.STNI.02,2026,206
WR.STNI.02,2026,207
WR.STNI.02,2026,208
WR.STNI.02,2026,209
WR.STNI.02,2026,210
WR.STNI.02,2026,211
WR.STNI.02,2026,212
WR.STNI.02,2026,213
WR.STNI.02,2026,214
WR.STNI.02,2026,215
WR.STNI.02,2026,216
WR.STNI.03,2026,101
WR.STNI.03,2026,102
WR.STNI.03,2026,103
WR.STNI.03,2026,104
WR.STNI.03,2026,105
WR.STNI.03,2026,106
WR.STNI.03,2026,107
WR.STNI.03,2026,108
WR.STNI.03,2026,109
WR.STNI.03,2026,110
WR.STNI.03,2026,111
WR.STNI.03,2026,112
WR.STNI.03,2026,113
WR.STNI.03,2026,114
WR.STNI.03,2026,115
WR.STNI.03,2026,201
WR.STNI.03,2026,202
WR.STNI.03,2026,203
WR.STNI.03,2026,204
WR.STNI.03,2026,205
WR.STNI.03,2026,206
WR.STNI.03,2026,207
WR.STNI.03,2026,208
WR.STNI.03,2026,209
WR.STNI.03,2026,210
WR.STNI.03,2026,211
WR.STNI.03,2026,212
WR.STNI.03,2026,213
WR.STNI.03,2026,214
WR.STNI.03,2026,215
WR.STNI.03,2026,216
WR.STNI.10,2026,101
WR.STNI.10,2026,102
WR.STNI.10,2026,103
WR.STNI.10,2026,104
WR.STNI.10,2026,105
WR.STNI.10,2026,106
WR.STNI.10,2026,107
WR.STNI.10,2026,213
WR.STNI.10,2026,214
WR.STNI.10,2026,215
WR.THER.00,2026,101
WR.THER.00,2026,102
WR.THER.00,2026,103
WR.THER.00,2026,104
WR.THER.00,2026,105
WR.THER.00,2026,106
WR.THER.00,2026,107
WR.THER.00,2026,213
WR.THER.00,2026,214
WR.THER.00,2026,215
WR.THER.01,2026,101
WR.THER.01,2026,102
WR.THER.01,2026,103
WR.THER.01,2026,104
WR.THER.01,2026,105
WR.THER.01,2026,106
WR.THER.01,2026,107
WR.THER.01,2026,213
WR.THER.01,2026,214
WR.THER.01,2026,215
WR.THER.02,2026,101
WR.THER.02,2026,102
WR.THER.02,2026,103
WR.THER.02,2026,104
WR.THER.02,2026,105
WR.THER.02,2026,106
WR.THER.02,2026,107
WR.THER.02,2026,108
WR.THER.02,2026,109
WR.THER.02,2026,110
WR.THER.02,2026,111
WR.THER.02,2026,112
WR.THER.02,2026,113
WR.THER.02,2026,114
WR.THER.02,2026,115
WR.THER.02,2026,201
WR.THER.02,2026,202
WR.THER.02,2026,203
WR.THER.02,2026,204
WR.THER.02,2026,205
WR.THER.02,2026,206
WR.THER.02,2026,207
WR.THER.02,2026,208
WR.THER.02,2026,209
WR.THER.02,2026,210
WR.THER.02,2026,211
WR.THER.02,2026,212
WR.THER.02,2026,213
WR.THER.02,2026,214
WR.THER.02,2026,215
WR.THER.02,2026,216
WR.THER.03,2026,101
WR.THER.03,2026,102
WR.THER.03,2026,103
WR.THER.03,2026,104
WR.THER.03,2026,105
WR.THER.03,2026,106
WR.THER.03,2026,107
WR.THER.03,2026,108
WR.THER.03,2026,109
WR.THER.03,2026,110
WR.THER.03,2026,111
WR.THER.03,2026,112
WR.THER.03,2026,113
WR.THER.03,2026,114
WR.THER.03,2026,115
WR.THER.03,2026,201
WR.THER.03,2026,202
WR.THER.03,2026,203
WR.THER.03,2026,204
WR.THER.03,2026,205
WR.THER.03,2026,206
WR.THER.03,2026,207
WR.THER.03,2026,208
WR.THER.03,2026,209
WR.THER.03,2026,210
WR.THER.03,2026,211
WR.THER.03,2026,212
WR.THER.03,2026,213
WR.THER.03,2026,214
WR.THER.03,2026,215
WR.THER.03,2026,216
WW.BILL.00,2026,244
WW.BILL.00,2026,245
WW.BILL.00,2026,246
WW.BILL.00,2026,247
WW.CNCL.00,2026,244
WW.CNCL.00,2026,245
WW.CNCL.00,2026,246
WW.CNCL.00,2026,247
WW.CTNW.00,2026,244
WW.CTNW.00,2026,245
WW.CTNW.00,2026,246
WW.CTNW.00,2026,247
WW.IRMR.00,2026,244
WW.IRMR.00,2026,245
WW.IRMR.00,2026,246
WW.IRMR.00,2026,247
WW.KNWR.00,2026,244
WW.KNWR.00,2026,245
WW.KNWR.00,2026,246
WW.TBID.00,2026,244
WW.TBID.00,2026,245
WW.TBID.00,2026,246
WY.MCID.,2026,21
WY.MCID.,2026,22
WY.MCID.,2026,23
WY.MCID.,2026,24
WY.MCID.,2026,25
WY.MCID.,2026,26
WY.MCID.,2026,27
WY.MCID.,2026,28
WY.MCID.,2026,29
WY.MCID.,2026,30
WY.MCID.,2026,31
WY.MCID.,2026,32
WY.MCID.,2026,33
WY.MCID.,2026,34
WY.MCID.,2026,35
WY.MCID.,2026,36
WY.MCID.,2026,37
WY.MCID.,2026,101
WY.MCID.,2026,102
WY.MCID.,2026,103
WY.MCID.,2026,104
WY.MCID.,2026,105
WY.MCID.,2026,106
WY.MCID.,2026,107
WY.MCID.,2026,108
WY.MCID.,2026,109
WY.MCID.,2026,110
WY.MCID.,2026,111
WY.MCID.,2026,112
WY.MCID.,2026,161
WY.MCID.,2026,162
WY.MCID.,2026,163
WY.MCID.,2026,164
WY.MCID.,2026,165
WY.MCID.,2026,166
WY.MCID.,2026,167
WY.MCID.,2026,168
WY.MCID.,2026,169
WY.MCID.,2026,170
WY.MCID.,2026,171
WY.MCID.,2026,172
WY.MCID.,2026,221
WY.MCID.,2026,222
WY.MCID.,2026,223
WY.MCID.,2026,224
WY.MCID.,2026,225
WY.MCID.,2026,226
WY.MCID.,2026,227
WY.MCID.,2026,228
WY.MCID.,2026,229
WY.MCID.,2026,230
WY.MCID.,2026,231
WY.MCID.,2026,232
WY.MCID.,2026,233
WY.MCID.01,2026,32
WY.MCID.01,2026,33
WY.MCID.01,2026,34
WY.MCID.01,2026,35
WY.MCID.01,2026,101
WY.MCID.01,2026,102
WY.MCID.01,2026,103
WY.MCID.01,2026,104
WY.MCID.01,2026,105
WY.MCID.01,2026,106
WY.MCID.01,2026,107
WY.MCID.01,2026,108
WY.MCID.01,2026,109
WY.MCID.01,2026,161
WY.MCID.01,2026,162
WY.MCID.01,2026,163
WY.MCID.01,2026,164
WY.MCID.01,2026,165
WY.MCID.01,2026,166
WY.MCID.01,2026,167
WY.MCID.01,2026,168
WY.MCID.01,2026,169
WY.MCID.01,2026,221
WY.MCID.01,2026,222
WY.MCID.01,2026,223
WY.MCID.01,2026,224
WY.MCID.01,2026,225
WY.MCID.01,2026,226
WY.MCID.01,2026,227
WY.YBB.01,2026,21
WY.YBB.01,2026,32
WY.YBB.01,2026,33
WY.YBB.01,2026,34
WY.YBB.01,2026,35
WY.YBB.01,2026,101
WY.YBB.01,2026,102
WY.YBB.01,2026,103
WY.YBB.01,2026,104
WY.YBB.01,2026,105
WY.YBB.01,2026,106
WY.YBB.01,2026,107
WY.YBB.01,2026,108
WY.YBB.01,2026,109
WY.YBB.01,2026,161
WY.YBB.01,2026,162
WY.YBB.01,2026,163
WY.YBB.01,2026,164
WY.YBB.01,2026,165
WY.YBB.01,2026,166
WY.YBB.01,2026,167
WY.YBB.01,2026,168
WY.YBB.01,2026,169
WY.YBB.01,2026,221
WY.YBB.01,2026,222
WY.YBB.01,2026,223
WY.YBB.01,2026,224
WY.YBB.01,2026,225
WY.YBB.01,2026,226
WY.YBB.01,2026,227
WY.YDD.01,2026,32
WY.YDD.01,2026,33
WY.YDD.01,2026,34
WY.YDD.01,2026,101
WY.YDD.01,2026,102
WY.YDD.01,2026,103
WY.YDD.01,2026,104
WY.YDD.01,2026,105
WY.YDD.01,2026,106
WY.YDD.01,2026,107
WY.YDD.01,2026,108
WY.YDD.01,2026,109
WY.YDD.01,2026,161
WY.YDD.01,2026,162
WY.YDD.01,2026,163
WY.YDD.01,2026,164
WY.YDD.01,2026,165
WY.YDD.01,2026,166
WY.YDD.01,2026,167
WY.YDD.01,2026,168
WY.YDD.01,2026,169
WY.YDD.01,2026,221
WY.YDD.01,2026,222
WY.YDD.01,2026,223
WY.YDD.01,2026,224
WY.YDD.01,2026,225
WY.YDD.01,2026,226
WY.YDD.01,2026,227
WY.YEE.01,2026,21
WY.YEE.01,2026,32
WY.YEE.01,2026,33
WY.YEE.01,2026,34
WY.YEE.01,2026,101
WY.YEE.01,2026,102
WY.YEE.01,2026,103
WY.YEE.01,2026,104
WY.YEE.01,2026,105
WY.YEE.01,2026,106
WY.YEE.01,2026,107
WY.YEE.01,2026,108
WY.YEE.01,2026,109
WY.YEE.01,2026,161
WY.YEE.01,2026,162
WY.YEE.01,2026,163
WY.YEE.01,2026,164
WY.YEE.01,2026,165
WY.YEE.01,2026,166
WY.YEE.01,2026,167
WY.YEE.01,2026,168
WY.YEE.01,2026,169
WY.YEE.01,2026,221
WY.YEE.01,2026,222
WY.YEE.01,2026,223
WY.YEE.01,2026,224
WY.YEE.01,2026,225
WY.YEE.01,2026,226
WY.YEE.01,2026,227
WY.YFT.,2026,21
WY.YFT.,2026,22
WY.YFT.,2026,23
WY.YFT.,2026,24
WY.YFT.,2026,25
WY.YFT.,2026,26
WY.YFT.,2026,27
WY.YFT.,2026,28
WY.YFT.,2026,29
WY.YFT.,2026,30
WY.YFT.,2026,31
WY.YFT.,2026,32
WY.YFT.,2026,33
WY.YFT.,2026,34
WY.YFT.,2026,35
WY.YFT.,2026,36
WY.YFT.,2026,37
WY.YFT.,2026,101
WY.YFT.,2026,102
WY.YFT.,2026,103
WY.YFT.,2026,104
WY.YFT.,2026,105
WY.YFT.,2026,106
WY.YFT.,2026,107
WY.YFT.,2026,108
WY.YFT.,2026,109
WY.YFT.,2026,110
WY.YFT.,2026,111
WY.YFT.,2026,112
WY.YFT.,2026,161
WY.YFT.,2026,162
WY.YFT.,2026,163
WY.YFT.,2026,164
WY.YFT.,2026,165
WY.YFT.,2026,166
WY.YFT.,2026,167
WY.YFT.,2026,168
WY.YFT.,2026,169
WY.YFT.,2026,170
WY.YFT.,2026,171
WY.YFT.,2026,172
WY.YFT.,2026,221
WY.YFT.,2026,222
WY.YFT.,2026,223
WY.YFT.,2026,224
WY.YFT.,2026,225
WY.YFT.,2026,226
WY.YFT.,2026,227
WY.YFT.,2026,228
WY.YFT.,2026,229
WY.YFT.,2026,230
WY.YFT.,2026,231
WY.YFT.,2026,232
WY.YFT.,2026,233
WY.YFT.01,2026,32
WY.YFT.01,2026,33
WY.YFT.01,2026,34
WY.YFT.01,2026,101
WY.YFT.01,2026,102
WY.YFT.01,2026,103
WY.YFT.01,2026,104
WY.YFT.01,2026,105
WY.YFT.01,2026,106
WY.YFT.01,2026,107
WY.YFT.01,2026,108
WY.YFT.01,2026,109
WY.YFT.01,2026,161
WY.YFT.01,2026,162
WY.YFT.01,2026,163
WY.YFT.01,2026,164
WY.YFT.01,2026,165
WY.YFT.01,2026,166
WY.YFT.01,2026,167
WY.YFT.01,2026,168
WY.YFT.01,2026,169
WY.YFT.01,2026,221
WY.YFT.01,2026,222
WY.YFT.01,2026,223
WY.YFT.01,2026,224
WY.YFT.01,2026,225
WY.YFT.01,2026,226
WY.YFT.01,2026,227
WY.YHH.,2026,21
WY.YHH.,2026,22
WY.YHH.,2026,23
WY.YHH.,2026,24
WY.YHH.,2026,25
WY.YHH.,2026,26
WY.YHH.,2026,27
WY.YHH.,2026,28
WY.YHH.,2026,29
WY.YHH.,2026,30
WY.YHH.,2026,31
WY.YHH.,2026,32
WY.YHH.,2026,33
WY.YHH.,2026,34
WY.YHH.,2026,35
WY.YHH.,2026,36
WY.YHH.,2026,37
WY.YHH.,2026,101
WY.YHH.,2026,102
WY.YHH.,2026,103
WY.YHH.,2026,104
WY.YHH.,2026,105
WY.YHH.,2026,106
WY.YHH.,2026,107
WY.YHH.,2026,108
WY.YHH.,2026,109
WY.YHH.,2026,110
WY.YHH.,2026,111
WY.YHH.,2026,112
WY.YHH.,2026,161
WY.YHH.,2026,162
WY.YHH.,2026,163
WY.YHH.,2026,164
WY.YHH.,2026,165
WY.YHH.,2026,166
WY.YHH.,2026,167
WY.YHH.,2026,168
WY.YHH.,2026,169
WY.YHH.,2026,170
WY.YHH.,2026,171
WY.YHH.,2026,172
WY.YHH.,2026,221
WY.YHH.,2026,222
WY.YHH.,2026,223
WY.YHH.,2026,224
WY.YHH.,2026,225
WY.YHH.,2026,226
WY.YHH.,2026,227
WY.YHH.,2026,228
WY.YHH.,2026,229
WY.YHH.,2026,230
WY.YHH.,2026,231
WY.YHH.,2026,232
WY.YHH.,2026,233
WY.YHH.01,2026,32
WY.YHH.01,2026,33
WY.YHH.01,2026,34
WY.YHH.01,2026,101
WY.YHH.01,2026,102
WY.YHH.01,2026,103
WY.YHH.01,2026,104
WY.YHH.01,2026,105
WY.YHH.01,2026,106
WY.YHH.01,2026,107
WY.YHH.01,2026,108
WY.YHH.01,2026,109
WY.YHH.01,2026,161
WY.YHH.01,2026,162
WY.YHH.01,2026,163
WY.YHH.01,2026,164
WY.YHH.01,2026,165
WY.YHH.01,2026,166
WY.YHH.01,2026,167
WY.YHH.01,2026,168
WY.YHH.01,2026,169
WY.YHH.01,2026,221
WY.YHH.01,2026,222
WY.YHH.01,2026,223
WY.YHH.01,2026,224
WY.YHH.01,2026,225
WY.YHH.01,2026,226
WY.YHH.01,2026,227
WY.YHR.01,2026,21
WY.YHR.01,2026,22
WY.YHR.01,2026,23
WY.YHR.01,2026,24
WY.YHR.01,2026,25
WY.YHR.01,2026,26
WY.YHR.01,2026,27
WY.YHR.01,2026,28
WY.YHR.01,2026,29
WY.YHR.01,2026,30
WY.YHR.01,2026,31
WY.YHR.01,2026,32
WY.YHR.01,2026,33
WY.YHR.01,2026,34
WY.YHR.01,2026,35
WY.YHR.01,2026,36
WY.YHR.01,2026,37
WY.YHR.01,2026,101
WY.YHR.01,2026,102
WY.YHR.01,2026,103
WY.YHR.01,2026,104
WY.YHR.01,2026,105
WY.YHR.01,2026,106
WY.YHR.01,2026,107
WY.YHR.01,2026,108
WY.YHR.01,2026,109
WY.YHR.01,2026,161
WY.YHR.01,2026,162
WY.YHR.01,2026,163
WY.YHR.01,2026,164
WY.YHR.01,2026,165
WY.YHR.01,2026,166
WY.YHR.01,2026,167
WY.YHR.01,2026,168
WY.YHR.01,2026,169
WY.YHR.01,2026,221
WY.YHR.01,2026,222
WY.YHR.01,2026,223
WY.YHR.01,2026,224
WY.YHR.01,2026,225
WY.YHR.01,2026,226
WY.YHR.01,2026,227
WY.YHR.01,2026,228
WY.YHR.01,2026,229
WY.YHR.01,2026,230
WY.YHR.01,2026,231
WY.YHR.01,2026,232
WY.YHR.01,2026,233
WY.YJC.,2026,21
WY.YJC.,2026,22
WY.YJC.,2026,23
WY.YJC.,2026,24
WY.YJC.,2026,25
WY.YJC.,2026,26
WY.YJC.,2026,27
WY.YJC.,2026,28
WY.YJC.,2026,29
WY.YJC.,2026,30
WY.YJC.,2026,31
WY.YJC.,2026,32
WY.YJC.,2026,33
WY.YJC.,2026,34
WY.YJC.,2026,35
WY.YJC.,2026,36
WY.YJC.,2026,37
WY.YJC.,2026,101
WY.YJC.,2026,102
WY.YJC.,2026,103
WY.YJC.,2026,104
WY.YJC.,2026,105
WY.YJC.,2026,106
WY.YJC.,2026,107
WY.YJC.,2026,108
WY.YJC.,2026,109
WY.YJC.,2026,110
WY.YJC.,2026,111
WY.YJC.,2026,112
WY.YJC.,2026,161
WY.YJC.,2026,162
WY.YJC.,2026,163
WY.YJC.,2026,164
WY.YJC.,2026,165
WY.YJC.,2026,166
WY.YJC.,2026,167
WY.YJC.,2026,168
WY.YJC.,2026,169
WY.YJC.,2026,170
WY.YJC.,2026,171
WY.YJC.,2026,172
WY.YJC.,2026,221
WY.YJC.,2026,222
WY.YJC.,2026,223
WY.YJC.,2026,224
WY.YJC.,2026,225
WY.YJC.,2026,226
WY.YJC.,2026,227
WY.YJC.,2026,228
WY.YJC.,2026,229
WY.YJC.,2026,230
WY.YJC.,2026,231
WY.YJC.,2026,232
WY.YJC.,2026,233
WY.YJC.01,2026,32
WY.YJC.01,2026,33
WY.YJC.01,2026,34
WY.YJC.01,2026,101
WY.YJC.01,2026,102
WY.YJC.01,2026,103
WY.YJC.01,2026,104
WY.YJC.01,2026,105
WY.YJC.01,2026,106
WY.YJC.01,2026,107
WY.YJC.01,2026,108
WY.YJC.01,2026,109
WY.YJC.01,2026,161
WY.YJC.01,2026,162
WY.YJC.01,2026,163
WY.YJC.01,2026,164
WY.YJC.01,2026,165
WY.YJC.01,2026,166
WY.YJC.01,2026,167
WY.YJC.01,2026,168
WY.YJC.01,2026,169
WY.YJC.01,2026,221
WY.YJC.01,2026,222
WY.YJC.01,2026,223
WY.YJC.01,2026,224
WY.YJC.01,2026,225
WY.YJC.01,2026,226
WY.YJC.01,2026,227
WY.YLA.,2026,21
WY.YLA.,2026,22
WY.YLA.,2026,23
WY.YLA.,2026,24
WY.YLA.,2026,25
WY.YLA.,2026,26
WY.YLA.,2026,27
WY.YLA.,2026,28
WY.YLA.,2026,29
WY.YLA.,2026,30
WY.YLA.,2026,31
WY.YLA.,2026,32
WY.YLA.,2026,33
WY.YLA.,2026,34
WY.YLA.,2026,35
WY.YLA.,2026,36
WY.YLA.,2026,37
WY.YLA.,2026,101
WY.YLA.,2026,102
WY.YLA.,2026,103
WY.YLA.,2026,104
WY.YLA.,2026,105
WY.YLA.,2026,106
WY.YLA.,2026,107
WY.YLA.,2026,108
WY.YLA.,2026,109
WY.YLA.,2026,110
WY.YLA.,2026,111
WY.YLA.,2026,112
WY.YLA.,2026,161
WY.YLA.,2026,162
WY.YLA.,2026,163
WY.YLA.,2026,164
WY.YLA.,2026,165
WY.YLA.,2026,166
WY.YLA.,2026,167
WY.YLA.,2026,168
WY.YLA.,2026,169
WY.YLA.,2026,170
WY.YLA.,2026,171
WY.YLA.,2026,172
WY.YLA.,2026,221
WY.YLA.,2026,222
WY.YLA.,2026,223
WY.YLA.,2026,224
WY.YLA.,2026,225
WY.YLA.,2026,226
WY.YLA.,2026,227
WY.YLA.,2026,228
WY.YLA.,2026,229
WY.YLA.,2026,230
WY.YLA.,2026,231
WY.YLA.,2026,232
WY.YLA.,2026,233
WY.YLA.01,2026,32
WY.YLA.01,2026,33
WY.YLA.01,2026,34
WY.YLA.01,2026,101
WY.YLA.01,2026,102
WY.YLA.01,2026,103
WY.YLA.01,2026,104
WY.YLA.01,2026,105
WY.YLA.01,2026,106
WY.YLA.01,2026,107
WY.YLA.01,2026,108
WY.YLA.01,2026,109
WY.YLA.01,2026,161
WY.YLA.01,2026,162
WY.YLA.01,2026,163
WY.YLA.01,2026,164
WY.YLA.01,2026,165
WY.YLA.01,2026,166
WY.YLA.01,2026,167
WY.YLA.01,2026,168
WY.YLA.01,2026,169
WY.YLA.01,2026,221
WY.YLA.01,2026,222
WY.YLA.01,2026,223
WY.YLA.01,2026,224
WY.YLA.01,2026,225
WY.YLA.01,2026,226
WY.YLA.01,2026,227
WY.YLT.,2026,21
WY.YLT.,2026,22
WY.YLT.,2026,23
WY.YLT.,2026,24
WY.YLT.,2026,25
WY.YLT.,2026,26
WY.YLT.,2026,27
WY.YLT.,2026,28
WY.YLT.,2026,29
WY.YLT.,2026,30
WY.YLT.,2026,31
WY.YLT.,2026,32
WY.YLT.,2026,33
WY.YLT.,2026,34
WY.YLT.,2026,35
WY.YLT.,2026,36
WY.YLT.,2026,37
WY.YLT.,2026,101
WY.YLT.,2026,102
WY.YLT.,2026,103
WY.YLT.,2026,104
WY.YLT.,2026,105
WY.YLT.,2026,106
WY.YLT.,2026,107
WY.YLT.,2026,108
WY.YLT.,2026,109
WY.YLT.,2026,110
WY.YLT.,2026,111
WY.YLT.,2026,112
WY.YLT.,2026,161
WY.YLT.,2026,162
WY.YLT.,2026,163
WY.YLT.,2026,164
WY.YLT.,2026,165
WY.YLT.,2026,166
WY.YLT.,2026,167
WY.YLT.,2026,168
WY.YLT.,2026,169
WY.YLT.,2026,170
WY.YLT.,2026,171
WY.YLT.,2026,172
WY.YLT.,2026,221
WY.YLT.,2026,222
WY.YLT.,2026,223
WY.YLT.,2026,224
WY.YLT.,2026,225
WY.YLT.,2026,226
WY.YLT.,2026,227
WY.YLT.,2026,228
WY.YLT.,2026,229
WY.YLT.,2026,230
WY.YLT.,2026,231
WY.YLT.,2026,232
WY.YLT.,2026,233
WY.YLT.01,2026,21
WY.YLT.01,2026,22
WY.YLT.01,2026,23
WY.YLT.01,2026,24
WY.YLT.01,2026,25
WY.YLT.01,2026,26
WY.YLT.01,2026,27
WY.YLT.01,2026,28
WY.YLT.01,2026,29
WY.YLT.01,2026,30
WY.YLT.01,2026,31
WY.YLT.01,2026,32
WY.YLT.01,2026,33
WY.YLT.01,2026,34
WY.YLT.01,2026,35
WY.YLT.01,2026,36
WY.YLT.01,2026,37
WY.YLT.01,2026,101
WY.YLT.01,2026,102
WY.YLT.01,2026,103
WY.YLT.01,2026,104
WY.YLT.01,2026,105
WY.YLT.01,2026,106
WY.YLT.01,2026,107
WY.YLT.01,2026,108
WY.YLT.01,2026,109
WY.YLT.01,2026,110
WY.YLT.01,2026,111
WY.YLT.01,2026,112
WY.YLT.01,2026,161
WY.YLT.01,2026,162
WY.YLT.01,2026,163
WY.YLT.01,2026,164
WY.YLT.01,2026,165
WY.YLT.01,2026,166
WY.YLT.01,2026,167
WY.YLT.01,2026,168
WY.YLT.01,2026,169
WY.YLT.01,2026,170
WY.YLT.01,2026,171
WY.YLT.01,2026,172
WY.YLT.01,2026,221
WY.YLT.01,2026,222
WY.YLT.01,2026,223
WY.YLT.01,2026,224
WY.YLT.01,2026,225
WY.YLT.01,2026,226
WY.YLT.01,2026,227
WY.YLT.01,2026,228
WY.YLT.01,2026,229
WY.YLT.01,2026,230
WY.YLT.01,2026,231
WY.YLT.01,2026,232
WY.YLT.01,2026,233
WY.YMC.,2026,21
WY.YMC.,2026,22
WY.YMC.,2026,23
WY.YMC.,2026,24
WY.YMC.,2026,25
WY.YMC.,2026,26
WY.YMC.,2026,27
WY.YMC.,2026,28
WY.YMC.,2026,29
WY.YMC.,2026,30
WY.YMC.,2026,31
WY.YMC.,2026,32
WY.YMC.,2026,33
WY.YMC.,2026,34
WY.YMC.,2026,35
WY.YMC.,2026,36
WY.YMC.,2026,37
WY.YMC.,2026,101
WY.YMC.,2026,102
WY.YMC.,2026,103
WY.YMC.,2026,104
WY.YMC.,2026,105
WY.YMC.,2026,106
WY.YMC.,2026,107
WY.YMC.,2026,108
WY.YMC.,2026,109
WY.YMC.,2026,110
WY.YMC.,2026,111
WY.YMC.,2026,112
WY.YMC.,2026,161
WY.YMC.,2026,162
WY.YMC.,2026,163
WY.YMC.,2026,164
WY.YMC.,2026,165
WY.YMC.,2026,166
WY.YMC.,2026,167
WY.YMC.,2026,168
WY.YMC.,2026,169
WY.YMC.,2026,170
WY.YMC.,2026,171
WY.YMC.,2026,172
WY.YMC.,2026,221
WY.YMC.,2026,222
WY.YMC.,2026,223
WY.YMC.,2026,224
WY.YMC.,2026,225
WY.YMC.,2026,226
WY.YMC.,2026,227
WY.YMC.,2026,228
WY.YMC.,2026,229
WY.YMC.,2026,230
WY.YMC.,2026,231
WY.YMC.,2026,232
WY.YMC.,2026,233
WY.YMC.01,2026,32
WY.YMC.01,2026,33
WY.YMC.01,2026,34
WY.YMC.01,2026,101
WY.YMC.01,2026,102
WY.YMC.01,2026,103
WY.YMC.01,2026,104
WY.YMC.01,2026,105
WY.YMC.01,2026,106
WY.YMC.01,2026,107
WY.YMC.01,2026,108
WY.YMC.01,2026,109
WY.YMC.01,2026,161
WY.YMC.01,2026,162
WY.YMC.01,2026,163
WY.YMC.01,2026,164
WY.YMC.01,2026,165
WY.YMC.01,2026,166
WY.YMC.01,2026,167
WY.YMC.01,2026,168
WY.YMC.01,2026,169
WY.YMC.01,2026,221
WY.YMC.01,2026,222
WY.YMC.01,2026,223
WY.YMC.01,2026,224
WY.YMC.01,2026,225
WY.YMC.01,2026,226
WY.YMC.01,2026,227
WY.YMC.01,2026,228
WY.YMC.01,2026,229
WY.YMC.01,2026,230
WY.YMC.01,2026,231
WY.YMC.01,2026,232
WY.YMC.01,2026,233
WY.YML.,2026,21
WY.YML.,2026,22
WY.YML.,2026,23
WY.YML.,2026,24
WY.YML.,2026,25
WY.YML.,2026,26
WY.YML.,2026,27
WY.YML.,2026,28
WY.YML.,2026,29
WY.YML.,2026,30
WY.YML.,2026,31
WY.YML.,2026,32
WY.YML.,2026,33
WY.YML.,2026,34
WY.YML.,2026,35
WY.YML.,2026,36
WY.YML.,2026,37
WY.YML.,2026,101
WY.YML.,2026,102
WY.YML.,2026,103
WY.YML.,2026,104
WY.YML.,2026,105
WY.YML.,2026,106
WY.YML.,2026,107
WY.YML.,2026,108
WY.YML.,2026,109
WY.YML.,2026,110
WY.YML.,2026,111
WY.YML.,2026,112
WY.YML.,2026,161
WY.YML.,2026,162
WY.YML.,2026,163
WY.YML.,2026,164
WY.YML.,2026,165
WY.YML.,2026,166
WY.YML.,2026,167
WY.YML.,2026,168
WY.YML.,2026,169
WY.YML.,2026,170
WY.YML.,2026,171
WY.YML.,2026,172
WY.YML.,2026,221
WY.YML.,2026,222
WY.YML.,2026,223
WY.YML.,2026,224
WY.YML.,2026,225
WY.YML.,2026,226
WY.YML.,2026,227
WY.YML.,2026,228
WY.YML.,2026,229
WY.YML.,2026,230
WY.YML.,2026,231
WY.YML.,2026,232
WY.YML.,2026,233
WY.YML.01,2026,32
WY.YML.01,2026,33
WY.YML.01,2026,34
WY.YML.01,2026,101
WY.YML.01,2026,102
WY.YML.01,2026,103
WY.YML.01,2026,104
WY.YML.01,2026,105
WY.YML.01,2026,106
WY.YML.01,2026,107
WY.YML.01,2026,108
WY.YML.01,2026,109
WY.YML.01,2026,161
WY.YML.01,2026,162
WY.YML.01,2026,163
WY.YML.01,2026,164
WY.YML.01,2026,165
WY.YML.01,2026,166
WY.YML.01,2026,167
WY.YML.01,2026,168
WY.YML.01,2026,169
WY.YML.01,2026,221
WY.YML.01,2026,222
WY.YML.01,2026,223
WY.YML.01,2026,224
WY.YML.01,2026,225
WY.YML.01,2026,226
WY.YML.01,2026,227
WY.YMP.,2026,21
WY.YMP.,2026,22
WY.YMP.,2026,23
WY.YMP.,2026,24
WY.YMP.,2026,25
WY.YMP.,2026,26
WY.YMP.,2026,27
WY.YMP.,2026,28
WY.YMP.,2026,29
WY.YMP.,2026,30
WY.YMP.,2026,31
WY.YMP.,2026,32
WY.YMP.,2026,33
WY.YMP.,2026,34
WY.YMP.,2026,35
WY.YMP.,2026,36
WY.YMP.,2026,37
WY.YMP.,2026,101
WY.YMP.,2026,102
WY.YMP.,2026,103
WY.YMP.,2026,104
WY.YMP.,2026,105
WY.YMP.,2026,106
WY.YMP.,2026,107
WY.YMP.,2026,108
WY.YMP.,2026,109
WY.YMP.,2026,110
WY.YMP.,2026,111
WY.YMP.,2026,112
WY.YMP.,2026,161
WY.YMP.,2026,162
WY.YMP.,2026,163
WY.YMP.,2026,164
WY.YMP.,2026,165
WY.YMP.,2026,166
WY.YMP.,2026,167
WY.YMP.,2026,168
WY.YMP.,2026,169
WY.YMP.,2026,170
WY.YMP.,2026,171
WY.YMP.,2026,172
WY.YMP.,2026,221
WY.YMP.,2026,222
WY.YMP.,2026,223
WY.YMP.,2026,224
WY.YMP.,2026,225
WY.YMP.,2026,226
WY.YMP.,2026,227
WY.YMP.,2026,228
WY.YMP.,2026,229
WY.YMP.,2026,230
WY.YMP.,2026,231
WY.YMP.,2026,232
WY.YMP.,2026,233
WY.YMP.01,2026,21
WY.YMP.01,2026,32
WY.YMP.01,2026,33
WY.YMP.01,2026,34
WY.YMP.01,2026,101
WY.YMP.01,2026,102
WY.YMP.01,2026,103
WY.YMP.01,2026,104
WY.YMP.01,2026,105
WY.YMP.01,2026,106
WY.YMP.01,2026,107
WY.YMP.01,2026,108
WY.YMP.01,2026,109
WY.YMP.01,2026,161
WY.YMP.01,2026,162
WY.YMP.01,2026,163
WY.YMP.01,2026,164
WY.YMP.01,2026,165
WY.YMP.01,2026,166
WY.YMP.01,2026,167
WY.YMP.01,2026,168
WY.YMP.01,2026,169
WY.YMP.01,2026,221
WY.YMP.01,2026,222
WY.YMP.01,2026,223
WY.YMP.01,2026,224
WY.YMP.01,2026,225
WY.YMP.01,2026,226
WY.YMP.01,2026,227
WY.YMR.,2026,21
WY.YMR.,2026,22
WY.YMR.,2026,23
WY.YMR.,2026,24
WY.YMR.,2026,25
WY.YMR.,2026,26
WY.YMR.,2026,27
WY.YMR.,2026,28
WY.YMR.,2026,29
WY.YMR.,2026,30
WY.YMR.,2026,31
WY.YMR.,2026,32
WY.YMR.,2026,33
WY.YMR.,2026,34
WY.YMR.,2026,35
WY.YMR.,2026,36
WY.YMR.,2026,37
WY.YMR.,2026,101
WY.YMR.,2026,102
WY.YMR.,2026,103
WY.YMR.,2026,104
WY.YMR.,2026,105
WY.YMR.,2026,106
WY.YMR.,2026,107
WY.YMR.,2026,108
WY.YMR.,2026,109
WY.YMR.,2026,110
WY.YMR.,2026,111
WY.YMR.,2026,112
WY.YMR.,2026,161
WY.YMR.,2026,162
WY.YMR.,2026,163
WY.YMR.,2026,164
WY.YMR.,2026,165
WY.YMR.,2026,166
WY.YMR.,2026,167
WY.YMR.,2026,168
WY.YMR.,2026,169
WY.YMR.,2026,170
WY.YMR.,2026,171
WY.YMR.,2026,172
WY.YMR.,2026,221
WY.YMR.,2026,222
WY.YMR.,2026,223
WY.YMR.,2026,224
WY.YMR.,2026,225
WY.YMR.,2026,226
WY.YMR.,2026,227
WY.YMR.,2026,228
WY.YMR.,2026,229
WY.YMR.,2026,230
WY.YMR.,2026,231
WY.YMR.,2026,232
WY.YMR.,2026,233
WY.YMR.01,2026,32
WY.YMR.01,2026,33
WY.YMR.01,2026,34
WY.YMR.01,2026,101
WY.YMR.01,2026,102
WY.YMR.01,2026,103
WY.YMR.01,2026,104
WY.YMR.01,2026,105
WY.YMR.01,2026,106
WY.YMR.01,2026,107
WY.YMR.01,2026,108
WY.YMR.01,2026,109
WY.YMR.01,2026,161
WY.YMR.01,2026,162
WY.YMR.01,2026,163
WY.YMR.01,2026,164
WY.YMR.01,2026,165
WY.YMR.01,2026,166
WY.YMR.01,2026,167
WY.YMR.01,2026,168
WY.YMR.01,2026,169
WY.YMR.01,2026,221
WY.YMR.01,2026,222
WY.YMR.01,2026,223
WY.YMR.01,2026,224
WY.YMR.01,2026,225
WY.YMR.01,2026,226
WY.YMR.01,2026,227
WY.YMS.,2026,21
WY.YMS.,2026,22
WY.YMS.,2026,23
WY.YMS.,2026,24
WY.YMS.,2026,25
WY.YMS.,2026,26
WY.YMS.,2026,27
WY.YMS.,2026,28
WY.YMS.,2026,29
WY.YMS.,2026,30
WY.YMS.,2026,31
WY.YMS.,2026,32
WY.YMS.,2026,33
WY.YMS.,2026,34
WY.YMS.,2026,35
WY.YMS.,2026,36
WY.YMS.,2026,37
WY.YMS.,2026,101
WY.YMS.,2026,102
WY.YMS.,2026,103
WY.YMS.,2026,104
WY.YMS.,2026,105
WY.YMS.,2026,106
WY.YMS.,2026,107
WY.YMS.,2026,108
WY.YMS.,2026,109
WY.YMS.,2026,110
WY.YMS.,2026,111
WY.YMS.,2026,112
WY.YMS.,2026,161
WY.YMS.,2026,162
WY.YMS.,2026,163
WY.YMS.,2026,164
WY.YMS.,2026,165
WY.YMS.,2026,166
WY.YMS.,2026,167
WY.YMS.,2026,168
WY.YMS.,2026,169
WY.YMS.,2026,170
WY.YMS.,2026,171
WY.YMS.,2026,172
WY.YMS.,2026,221
WY.YMS.,2026,222
WY.YMS.,2026,223
WY.YMS.,2026,224
WY.YMS.,2026,225
WY.YMS.,2026,226
WY.YMS.,2026,227
WY.YMS.,2026,228
WY.YMS.,2026,229
WY.YMS.,2026,230
WY.YMS.,2026,231
WY.YMS.,2026,232
WY.YMS.,2026,233
WY.YMS.01,2026,32
WY.YMS.01,2026,33
WY.YMS.01,2026,34
WY.YMS.01,2026,101
WY.YMS.01,2026,102
WY.YMS.01,2026,103
WY.YMS.01,2026,104
WY.YMS.01,2026,105
WY.YMS.01,2026,106
WY.YMS.01,2026,107
WY.YMS.01,2026,108
WY.YMS.01,2026,109
WY.YMS.01,2026,161
WY.YMS.01,2026,162
WY.YMS.01,2026,163
WY.YMS.01,2026,164
WY.YMS.01,2026,165
WY.YMS.01,2026,166
WY.YMS.01,2026,167
WY.YMS.01,2026,168
WY.YMS.01,2026,169
WY.YMS.01,2026,221
WY.YMS.01,2026,222
WY.YMS.01,2026,223
WY.YMS.01,2026,224
WY.YMS.01,2026,225
WY.YMS.01,2026,226
WY.YMS.01,2026,227
WY.YMV.,2026,21
WY.YMV.,2026,22
WY.YMV.,2026,23
WY.YMV.,2026,24
WY.YMV.,2026,25
WY.YMV.,2026,26
WY.YMV.,2026,27
WY.YMV.,2026,28
WY.YMV.,2026,29
WY.YMV.,2026,30
WY.YMV.,2026,31
WY.YMV.,2026,32
WY.YMV.,2026,33
WY.YMV.,2026,34
WY.YMV.,2026,35
WY.YMV.,2026,36
WY.YMV.,2026,37
WY.YMV.,2026,101
WY.YMV.,2026,102
WY.YMV.,2026,103
WY.YMV.,2026,104
WY.YMV.,2026,105
WY.YMV.,2026,106
WY.YMV.,2026,107
WY.YMV.,2026,108
WY.YMV.,2026,109
WY.YMV.,2026,110
WY.YMV.,2026,111
WY.YMV.,2026,112
WY.YMV.,2026,161
WY.YMV.,2026,162
WY.YMV.,2026,163
WY.YMV.,2026,164
WY.YMV.,2026,165
WY.YMV.,2026,166
WY.YMV.,2026,167
WY.YMV.,2026,168
WY.YMV.,2026,169
WY.YMV.,2026,170
WY.YMV.,2026,171
WY.YMV.,2026,172
WY.YMV.,2026,221
WY.YMV.,2026,222
WY.YMV.,2026,223
WY.YMV.,2026,224
WY.YMV.,2026,225
WY.YMV.,2026,226
WY.YMV.,2026,227
WY.YMV.,2026,228
WY.YMV.,2026,229
WY.YMV.,2026,230
WY.YMV.,2026,231
WY.YMV.,2026,232
WY.YMV.,2026,233
WY.YMV.01,2026,32
WY.YMV.01,2026,33
WY.YMV.01,2026,34
WY.YMV.01,2026,101
WY.YMV.01,2026,102
WY.YMV.01,2026,103
WY.YMV.01,2026,104
WY.YMV.01,2026,105
WY.YMV.01,2026,106
WY.YMV.01,2026,107
WY.YMV.01,2026,108
WY.YMV.01,2026,109
WY.YMV.01,2026,161
WY.YMV.01,2026,162
WY.YMV.01,2026,163
WY.YMV.01,2026,164
WY.YMV.01,2026,165
WY.YMV.01,2026,166
WY.YMV.01,2026,167
WY.YMV.01,2026,168
WY.YMV.01,2026,169
WY.YMV.01,2026,221
WY.YMV.01,2026,222
WY.YMV.01,2026,223
WY.YMV.01,2026,224
WY.YMV.01,2026,225
WY.YMV.01,2026,226
WY.YMV.01,2026,227
WY.YNB.01,2026,21
WY.YNB.01,2026,32
WY.YNB.01,2026,33
WY.YNB.01,2026,34
WY.YNB.01,2026,101
WY.YNB.01,2026,102
WY.YNB.01,2026,103
WY.YNB.01,2026,104
WY.YNB.01,2026,105
WY.YNB.01,2026,106
WY.YNB.01,2026,107
WY.YNB.01,2026,108
WY.YNB.01,2026,109
WY.YNB.01,2026,161
WY.YNB.01,2026,162
WY.YNB.01,2026,163
WY.YNB.01,2026,164
WY.YNB.01,2026,165
WY.YNB.01,2026,166
WY.YNB.01,2026,167
WY.YNB.01,2026,168
WY.YNB.01,2026,169
WY.YNB.01,2026,221
WY.YNB.01,2026,222
WY.YNB.01,2026,223
WY.YNB.01,2026,224
WY.YNB.01,2026,225
WY.YNB.01,2026,226
WY.YNB.01,2026,227
WY.YNB.01,2026,230
WY.YNB.01,2026,231
WY.YNB.01,2026,232
WY.YNB.01,2026,233
WY.YNM.,2026,21
WY.YNM.,2026,22
WY.YNM.,2026,23
WY.YNM.,2026,24
WY.YNM.,2026,25
WY.YNM.,2026,26
WY.YNM.,2026,27
WY.YNM.,2026,28
WY.YNM.,2026,29
WY.YNM.,2026,30
WY.YNM.,2026,31
WY.YNM.,2026,32
WY.YNM.,2026,33
WY.YNM.,2026,34
WY.YNM.,2026,35
WY.YNM.,2026,36
WY.YNM.,2026,37
WY.YNM.,2026,101
WY.YNM.,2026,102
WY.YNM.,2026,103
WY.YNM.,2026,104
WY.YNM.,2026,105
WY.YNM.,2026,106
WY.YNM.,2026,107
WY.YNM.,2026,108
WY.YNM.,2026,109
WY.YNM.,2026,110
WY.YNM.,2026,111
WY.YNM.,2026,112
WY.YNM.,2026,161
WY.YNM.,2026,162
WY.YNM.,2026,163
WY.YNM.,2026,164
WY.YNM.,2026,165
WY.YNM.,2026,166
WY.YNM.,2026,167
WY.YNM.,2026,168
WY.YNM.,2026,169
WY.YNM.,2026,170
WY.YNM.,2026,171
WY.YNM.,2026,172
WY.YNM.,2026,221
WY.YNM.,2026,222
WY.YNM.,2026,223
WY.YNM.,2026,224
WY.YNM.,2026,225
WY.YNM.,2026,226
WY.YNM.,2026,227
WY.YNM.,2026,228
WY.YNM.,2026,229
WY.YNM.,2026,230
WY.YNM.,2026,231
WY.YNM.,2026,232
WY.YNM.,2026,233
WY.YNM.01,2026,21
WY.YNM.01,2026,32
WY.YNM.01,2026,33
WY.YNM.01,2026,34
WY.YNM.01,2026,36
WY.YNM.01,2026,101
WY.YNM.01,2026,102
WY.YNM.01,2026,103
WY.YNM.01,2026,104
WY.YNM.01,2026,105
WY.YNM.01,2026,106
WY.YNM.01,2026,107
WY.YNM.01,2026,108
WY.YNM.01,2026,109
WY.YNM.01,2026,161
WY.YNM.01,2026,162
WY.YNM.01,2026,163
WY.YNM.01,2026,164
WY.YNM.01,2026,165
WY.YNM.01,2026,166
WY.YNM.01,2026,167
WY.YNM.01,2026,168
WY.YNM.01,2026,221
WY.YNM.01,2026,222
WY.YNM.01,2026,223
WY.YNM.01,2026,224
WY.YNM.01,2026,225
WY.YNM.01,2026,226
WY.YNR.,2026,21
WY.YNR.,2026,22
WY.YNR.,2026,23
WY.YNR.,2026,24
WY.YNR.,2026,25
WY.YNR.,2026,26
WY.YNR.,2026,27
WY.YNR.,2026,28
WY.YNR.,2026,29
WY.YNR.,2026,30
WY.YNR.,2026,31
WY.YNR.,2026,32
WY.YNR.,2026,33
WY.YNR.,2026,34
WY.YNR.,2026,35
WY.YNR.,2026,36
WY.YNR.,2026,37
WY.YNR.,2026,101
WY.YNR.,2026,102
WY.YNR.,2026,103
WY.YNR.,2026,104
WY.YNR.,2026,105
WY.YNR.,2026,106
WY.YNR.,2026,107
WY.YNR.,2026,108
WY.YNR.,2026,109
WY.YNR.,2026,110
WY.YNR.,2026,111
WY.YNR.,2026,112
WY.YNR.,2026,161
WY.YNR.,2026,162
WY.YNR.,2026,163
WY.YNR.,2026,164
WY.YNR.,2026,165
WY.YNR.,2026,166
WY.YNR.,2026,167
WY.YNR.,2026,168
WY.YNR.,2026,169
WY.YNR.,2026,170
WY.YNR.,2026,171
WY.YNR.,2026,172
WY.YNR.,2026,221
WY.YNR.,2026,222
WY.YNR.,2026,223
WY.YNR.,2026,224
WY.YNR.,2026,225
WY.YNR.,2026,226
WY.YNR.,2026,227
WY.YNR.,2026,228
WY.YNR.,2026,229
WY.YNR.,2026,230
WY.YNR.,2026,231
WY.YNR.,2026,232
WY.YNR.,2026,233
WY.YNR.01,2026,32
WY.YNR.01,2026,33
WY.YNR.01,2026,34
WY.YNR.01,2026,101
WY.YNR.01,2026,102
WY.YNR.01,2026,103
WY.YNR.01,2026,104
WY.YNR.01,2026,105
WY.YNR.01,2026,106
WY.YNR.01,2026,107
WY.YNR.01,2026,108
WY.YNR.01,2026,161
WY.YNR.01,2026,162
WY.YNR.01,2026,163
WY.YNR.01,2026,164
WY.YNR.01,2026,165
WY.YNR.01,2026,166
WY.YNR.01,2026,167
WY.YNR.01,2026,168
WY.YNR.01,2026,221
WY.YNR.01,2026,222
WY.YNR.01,2026,223
WY.YNR.01,2026,224
WY.YNR.01,2026,225
WY.YNR.01,2026,226
WY.YPC.,2026,181
WY.YPC.,2026,182
WY.YPC.,2026,183
WY.YPC.,2026,184
WY.YPC.,2026,185
WY.YPC.,2026,186
WY.YPC.01,2026,182
WY.YPC.01,2026,183
WY.YPC.01,2026,184
WY.YPC.01,2026,185
WY.YPC.01,2026,186
WY.YPK.,2026,181
WY.YPK.,2026,182
WY.YPK.,2026,183
WY.YPK.,2026,184
WY.YPK.,2026,185
WY.YPK.,2026,186
WY.YPK.01,2026,182
WY.YPK.01,2026,183
WY.YPK.01,2026,184
WY.YPK.01,2026,185
WY.YPK.01,2026,186
WY.YPM.,2026,181
WY.YPM.,2026,182
WY.YPM.,2026,183
WY.YPM.,2026,184
WY.YPM.,2026,185
WY.YPM.,2026,186
WY.YPM.01,2026,182
WY.YPM.01,2026,183
WY.YPM.01,2026,184
WY.YPM.01,2026,185
WY.YPM.01,2026,186
WY.YPP.,2026,181
WY.YPP.,2026,182
WY.YPP.,2026,183
WY.YPP.,2026,184
WY.YPP.,2026,185
WY.YPP.,2026,186
WY.YPP.01,2026,182
WY.YPP.01,2026,183
WY.YPP.01,2026,184
WY.YPP.01,2026,185
WY.YPP.01,2026,186
WY.YSC.01,2026,182
WY.YSC.01,2026,183
WY.YSC.01,2026,184
WY.YSC.01,2026,185
WY.YSC.01,2026,186
WY.YTP.,2026,181
WY.YTP.,2026,182
WY.YTP.,2026,183
WY.YTP.,2026,184
WY.YTP.,2026,185
WY.YTP.,2026,186
WY.YTP.01,2026,182
WY.YTP.01,2026,183
WY.YTP.01,2026,184
WY.YTP.01,2026,185
WY.YUF.,2026,181
WY.YUF.,2026,182
WY.YUF.,2026,183
WY.YUF.,2026,184
WY.YUF.,2026,185
WY.YUF.,2026,186
WY.YUF.01,2026,182
WY.YUF.01,2026,183
WY.YUF.01,2026,184
WY.YUF.01,2026,185
