tid,yr,doy
2F.TB007.,2019,32
2F.TB007.,2019,60
2F.TB007.,2019,61
2F.TB007.,2019,62
2F.TB007.,2019,63
2F.TB007.,2019,64
2F.TB007.,2019,65
2F.TB007.,2019,66
2F.TB007.,2019,94
2F.TB007.,2019,95
2F.TB007.,2019,96
2F.TB007.,2019,97
2F.TB007.,2019,98
2F.TB007.,2019,99
2F.TB009.,2019,32
2F.TB009.,2019,60
2F.TB009.,2019,61
2F.TB009.,2019,62
2F.TB009.,2019,63
2F.TB009.,2019,64
2F.TB009.,2019,65
2F.TB009.,2019,66
2F.TB009.,2019,94
2F.TB009.,2019,95
2F.TB009.,2019,96
2F.TB009.,2019,97
2F.TB009.,2019,98
2F.TB009.,2019,99
2F.TB010.,2019,32
2F.TB010.,2019,60
2F.TB010.,2019,61
2F.TB010.,2019,62
2F.TB010.,2019,63
2F.TB010.,2019,64
2F.TB010.,2019,65
2F.TB010.,2019,66
2F.TB010.,2019,94
2F.TB010.,2019,95
2F.TB010.,2019,96
2F.TB010.,2019,97
2F.TB010.,2019,98
2F.TB010.,2019,99
2F.TB011.,2019,32
2F.TB011.,2019,60
2F.TB011.,2019,61
2F.TB011.,2019,62
2F.TB011.,2019,63
2F.TB011.,2019,64
2F.TB011.,2019,65
2F.TB011.,2019,66
2F.TB011.,2019,94
2F.TB011.,2019,95
2F.TB011.,2019,96
2F.TB011.,2019,97
2F.TB011.,2019,98
2F.TB011.,2019,99
2F.TB012.,2019,60
2F.TB012.,2019,61
2F.TB012.,2019,62
2F.TB012.,2019,63
2F.TB012.,2019,64
2F.TB012.,2019,65
2F.TB012.,2019,66
2F.TB012.,2019,94
2F.TB012.,2019,95
2F.TB012.,2019,96
2F.TB012.,2019,97
2F.TB012.,2019,98
2F.TB012.,2019,99
2F.TB013.,2019,60
2F.TB013.,2019,61
2F.TB013.,2019,62
2F.TB013.,2019,63
2F.TB013.,2019,64
2F.TB013.,2019,65
2F.TB013.,2019,66
2F.TB013.,2019,94
2F.TB013.,2019,95
2F.TB013.,2019,96
2F.TB013.,2019,97
2F.TB013.,2019,98
2F.TB013.,2019,99
2F.TB015.,2019,60
2F.TB015.,2019,61
2F.TB015.,2019,62
2F.TB015.,2019,63
2F.TB015.,2019,64
2F.TB015.,2019,65
2F.TB015.,2019,66
2F.TB015.,2019,94
2F.TB015.,2019,95
2F.TB015.,2019,96
2F.TB015.,2019,97
2F.TB015.,2019,98
2F.TB015.,2019,99
2F.TB016.,2019,60
2F.TB016.,2019,61
2F.TB016.,2019,62
2F.TB016.,2019,63
2F.TB016.,2019,64
2F.TB016.,2019,65
2F.TB016.,2019,66
2F.TB016.,2019,94
2F.TB016.,2019,95
2F.TB016.,2019,96
2F.TB016.,2019,97
2F.TB016.,2019,98
2F.TB016.,2019,99
2F.TB017.,2019,60
2F.TB017.,2019,61
2F.TB017.,2019,62
2F.TB017.,2019,63
2F.TB017.,2019,64
2F.TB017.,2019,65
2F.TB017.,2019,66
2F.TB017.,2019,94
2F.TB017.,2019,95
2F.TB017.,2019,96
2F.TB017.,2019,97
2F.TB017.,2019,98
2F.TB017.,2019,99
2F.TB018.,2019,60
2F.TB018.,2019,61
2F.TB018.,2019,62
2F.TB018.,2019,63
2F.TB018.,2019,64
2F.TB018.,2019,65
2F.TB018.,2019,66
2F.TB018.,2019,94
2F.TB018.,2019,95
2F.TB018.,2019,96
2F.TB018.,2019,97
2F.TB018.,2019,98
2F.TB018.,2019,99
2F.TB019.,2019,60
2F.TB019.,2019,61
2F.TB019.,2019,62
2F.TB019.,2019,63
2F.TB019.,2019,64
2F.TB019.,2019,65
2F.TB019.,2019,66
2F.TB019.,2019,94
2F.TB019.,2019,95
2F.TB019.,2019,96
2F.TB019.,2019,97
2F.TB019.,2019,98
2F.TB019.,2019,99
2F.TB020.,2019,60
2F.TB020.,2019,61
2F.TB020.,2019,62
2F.TB020.,2019,63
2F.TB020.,2019,64
2F.TB020.,2019,65
2F.TB020.,2019,66
2F.TB020.,2019,94
2F.TB020.,2019,95
2F.TB020.,2019,96
2F.TB020.,2019,97
2F.TB020.,2019,98
2F.TB020.,2019,99
2F.TB022.,2019,60
2F.TB022.,2019,61
2F.TB022.,2019,62
2F.TB022.,2019,63
2F.TB022.,2019,64
2F.TB022.,2019,65
2F.TB022.,2019,66
2F.TB022.,2019,94
2F.TB022.,2019,95
2F.TB022.,2019,96
2F.TB022.,2019,97
2F.TB022.,2019,98
2F.TB022.,2019,99
2F.TB023.,2019,60
2F.TB023.,2019,61
2F.TB023.,2019,62
2F.TB023.,2019,63
2F.TB023.,2019,64
2F.TB023.,2019,65
2F.TB023.,2019,66
2F.TB023.,2019,94
2F.TB023.,2019,95
2F.TB023.,2019,96
2F.TB023.,2019,97
2F.TB023.,2019,98
2F.TB023.,2019,99
2F.TB024.,2019,60
2F.TB024.,2019,61
2F.TB024.,2019,62
2F.TB024.,2019,63
2F.TB024.,2019,64
2F.TB024.,2019,65
2F.TB024.,2019,66
2F.TB024.,2019,94
2F.TB024.,2019,95
2F.TB024.,2019,96
2F.TB024.,2019,97
2F.TB024.,2019,98
2F.TB024.,2019,99
2F.TB024.,2019,100
2F.TB024.,2019,101
2F.TB024.,2019,102
2F.TB024.,2019,103
2F.TB024.,2019,104
2F.TB024.,2019,105
2F.TB024.,2019,106
2F.TB024.,2019,107
2F.TB024.,2019,108
2F.TB024.,2019,109
2F.TB025.,2019,60
2F.TB025.,2019,61
2F.TB025.,2019,62
2F.TB025.,2019,63
2F.TB025.,2019,64
2F.TB025.,2019,65
2F.TB025.,2019,66
2F.TB025.,2019,94
2F.TB025.,2019,95
2F.TB025.,2019,96
2F.TB025.,2019,97
2F.TB025.,2019,98
2F.TB025.,2019,99
2F.TB026.,2019,60
2F.TB026.,2019,61
2F.TB026.,2019,62
2F.TB026.,2019,63
2F.TB026.,2019,64
2F.TB026.,2019,65
2F.TB026.,2019,94
2F.TB026.,2019,95
2F.TB026.,2019,96
2F.TB026.,2019,97
2F.TB026.,2019,98
2F.TB027.,2019,60
2F.TB027.,2019,61
2F.TB027.,2019,62
2F.TB027.,2019,63
2F.TB027.,2019,64
2F.TB027.,2019,65
2F.TB027.,2019,94
2F.TB027.,2019,95
2F.TB027.,2019,96
2F.TB027.,2019,97
2F.TB027.,2019,98
2F.TB028.,2019,60
2F.TB028.,2019,61
2F.TB028.,2019,62
2F.TB028.,2019,63
2F.TB028.,2019,64
2F.TB028.,2019,65
2F.TB028.,2019,94
2F.TB028.,2019,95
2F.TB028.,2019,96
2F.TB028.,2019,97
2F.TB028.,2019,98
2F.TB029.,2019,60
2F.TB029.,2019,61
2F.TB029.,2019,62
2F.TB029.,2019,63
2F.TB029.,2019,64
2F.TB029.,2019,65
2F.TB029.,2019,94
2F.TB029.,2019,95
2F.TB029.,2019,96
2F.TB029.,2019,97
2F.TB029.,2019,98
2F.TB030.,2019,60
2F.TB030.,2019,61
2F.TB030.,2019,62
2F.TB030.,2019,63
2F.TB030.,2019,64
2F.TB030.,2019,65
2F.TB030.,2019,94
2F.TB030.,2019,95
2F.TB030.,2019,96
2F.TB030.,2019,97
2F.TB030.,2019,98
2F.TB032.,2019,60
2F.TB032.,2019,61
2F.TB032.,2019,62
2F.TB032.,2019,63
2F.TB032.,2019,64
2F.TB032.,2019,65
2F.TB032.,2019,94
2F.TB032.,2019,95
2F.TB032.,2019,96
2F.TB032.,2019,97
2F.TB032.,2019,98
3A.L002.,2010,182
3A.L002.,2010,183
3A.L002.,2010,184
3A.L003.,2010,182
3A.L003.,2010,183
3A.L003.,2010,184
3A.L005.,2010,182
3A.L005.,2010,183
3A.L005.,2010,184
3A.L006.,2010,182
3A.L006.,2010,183
3A.L006.,2010,184
3A.L008.,2010,182
3A.L008.,2010,183
3A.L009.,2010,182
3A.L009.,2010,183
3A.L101.,2010,182
3A.L101.,2010,183
3A.L103.,2010,182
3A.L103.,2010,183
3A.L104.,2010,182
3A.L104.,2010,183
3A.L105.,2010,182
3A.L105.,2010,183
3A.L106.,2010,182
3A.L106.,2010,183
3A.L107.,2010,182
3A.L107.,2010,183
7A.ADAO.,2015,215
7A.ADAO.,2015,216
7A.ADAO.,2015,217
7A.ADAO.,2015,218
7A.ADAO.,2015,255
7A.ADAO.,2015,256
7A.ADAO.,2015,257
7A.ADAO.,2015,258
7A.ADAO.,2015,275
7A.ADAO.,2015,276
7A.ADAO.,2015,277
7A.ADAO.,2015,278
7A.ADAO.,2015,279
7A.ADAO.,2015,280
7A.ADAO.,2015,281
7A.ADAO.,2015,282
7A.ALMA.,2015,32
7A.ALMA.,2015,60
7A.ALMA.,2015,215
7A.ALMA.,2015,216
7A.ALMA.,2015,217
7A.ALMA.,2015,218
7A.ALMA.,2015,255
7A.ALMA.,2015,256
7A.ALMA.,2015,257
7A.ALMA.,2015,258
7A.ALMA.,2015,275
7A.ALMA.,2015,276
7A.ALMA.,2015,277
7A.ALMA.,2015,278
7A.ALMA.,2015,279
7A.ALMA.,2015,280
7A.ALMA.,2015,281
7A.ALMA.,2015,282
7A.AZZI.,2015,17
7A.AZZI.,2015,32
7A.AZZI.,2015,60
7A.AZZI.,2015,215
7A.AZZI.,2015,216
7A.AZZI.,2015,217
7A.AZZI.,2015,218
7A.AZZI.,2015,255
7A.AZZI.,2015,256
7A.AZZI.,2015,257
7A.AZZI.,2015,258
7A.AZZI.,2015,275
7A.AZZI.,2015,276
7A.AZZI.,2015,277
7A.AZZI.,2015,278
7A.AZZI.,2015,279
7A.AZZI.,2015,280
7A.AZZI.,2015,281
7A.AZZI.,2015,282
7A.BARB.,2015,32
7A.BARB.,2015,60
7A.BARB.,2015,215
7A.BARB.,2015,216
7A.BARB.,2015,217
7A.BARB.,2015,218
7A.BARB.,2015,255
7A.BARB.,2015,256
7A.BARB.,2015,257
7A.BARB.,2015,258
7A.BARB.,2015,275
7A.BARB.,2015,276
7A.BARB.,2015,277
7A.BARB.,2015,278
7A.BARB.,2015,279
7A.BARB.,2015,280
7A.BARB.,2015,281
7A.BARB.,2015,282
7A.BDEG.,2015,32
7A.BDEG.,2015,60
7A.BDEG.,2015,215
7A.BDEG.,2015,216
7A.BDEG.,2015,217
7A.BDEG.,2015,218
7A.BDEG.,2015,255
7A.BDEG.,2015,256
7A.BDEG.,2015,257
7A.BDEG.,2015,258
7A.BDEG.,2015,275
7A.BDEG.,2015,276
7A.BDEG.,2015,277
7A.BDEG.,2015,278
7A.BDEG.,2015,279
7A.BDEG.,2015,280
7A.BDEG.,2015,281
7A.BDEG.,2015,282
7A.CABN.,2015,60
7A.CABN.,2015,215
7A.CABN.,2015,216
7A.CABN.,2015,217
7A.CABN.,2015,218
7A.CABN.,2015,255
7A.CABN.,2015,256
7A.CABN.,2015,257
7A.CABN.,2015,258
7A.CABN.,2015,275
7A.CABN.,2015,276
7A.CABN.,2015,277
7A.CABN.,2015,278
7A.CABN.,2015,279
7A.CABN.,2015,280
7A.CABN.,2015,281
7A.CABN.,2015,282
7A.CAKE.,2015,215
7A.CAKE.,2015,216
7A.CAKE.,2015,217
7A.CAKE.,2015,218
7A.CAKE.,2015,255
7A.CAKE.,2015,256
7A.CAKE.,2015,257
7A.CAKE.,2015,258
7A.CAKE.,2015,275
7A.CAKE.,2015,276
7A.CAKE.,2015,277
7A.CAKE.,2015,278
7A.CAKE.,2015,279
7A.CAKE.,2015,280
7A.CAKE.,2015,281
7A.CAKE.,2015,282
7A.CDRF.,2015,215
7A.CDRF.,2015,216
7A.CDRF.,2015,217
7A.CDRF.,2015,218
7A.CDRF.,2015,255
7A.CDRF.,2015,256
7A.CDRF.,2015,257
7A.CDRF.,2015,258
7A.CDRF.,2015,275
7A.CDRF.,2015,276
7A.CDRF.,2015,277
7A.CDRF.,2015,278
7A.CDRF.,2015,279
7A.CDRF.,2015,280
7A.CDRF.,2015,281
7A.CDRF.,2015,282
7A.DENI.,2015,215
7A.DENI.,2015,216
7A.DENI.,2015,217
7A.DENI.,2015,218
7A.DENI.,2015,255
7A.DENI.,2015,256
7A.DENI.,2015,257
7A.DENI.,2015,258
7A.DENI.,2015,275
7A.DENI.,2015,276
7A.DENI.,2015,277
7A.DENI.,2015,278
7A.DENI.,2015,279
7A.DENI.,2015,280
7A.DENI.,2015,281
7A.DENI.,2015,282
7A.FOXP.,2015,215
7A.FOXP.,2015,216
7A.FOXP.,2015,217
7A.FOXP.,2015,218
7A.FOXP.,2015,255
7A.FOXP.,2015,256
7A.FOXP.,2015,257
7A.FOXP.,2015,258
7A.FOXP.,2015,275
7A.FOXP.,2015,276
7A.FOXP.,2015,277
7A.FOXP.,2015,278
7A.FOXP.,2015,279
7A.FOXP.,2015,280
7A.FOXP.,2015,281
7A.FOXP.,2015,282
7A.INTX.,2015,1
7A.INTX.,2015,2
7A.INTX.,2015,3
7A.INTX.,2015,4
7A.INTX.,2015,5
7A.INTX.,2015,135
7A.INTX.,2015,136
7A.INTX.,2015,137
7A.INTX.,2015,138
7A.INTX.,2015,139
7A.INTX.,2015,140
7A.INTX.,2015,141
7A.INTX.,2015,142
7A.INTX.,2015,295
7A.INTX.,2015,296
7A.INTX.,2015,297
7A.INTX.,2015,298
7A.INTX.,2015,299
7A.INTX.,2015,355
7A.INTX.,2015,356
7A.INTX.,2015,357
7A.INTX.,2015,358
7A.INTX.,2015,359
7A.JSPR.,2015,1
7A.JSPR.,2015,2
7A.JSPR.,2015,3
7A.JSPR.,2015,4
7A.JSPR.,2015,5
7A.JSPR.,2015,135
7A.JSPR.,2015,136
7A.JSPR.,2015,137
7A.JSPR.,2015,138
7A.JSPR.,2015,139
7A.JSPR.,2015,140
7A.JSPR.,2015,141
7A.JSPR.,2015,142
7A.JSPR.,2015,295
7A.JSPR.,2015,296
7A.JSPR.,2015,297
7A.JSPR.,2015,298
7A.JSPR.,2015,299
7A.JSPR.,2015,355
7A.JSPR.,2015,356
7A.JSPR.,2015,357
7A.JSPR.,2015,358
7A.JSPR.,2015,359
7A.KENT.,2015,295
7A.KENT.,2015,296
7A.KENT.,2015,297
7A.KENT.,2015,298
7A.KENT.,2015,299
7A.KENT.,2015,355
7A.KENT.,2015,356
7A.KENT.,2015,357
7A.KENT.,2015,358
7A.KENT.,2015,359
7A.LADY.,2015,1
7A.LADY.,2015,2
7A.LADY.,2015,3
7A.LADY.,2015,4
7A.LADY.,2015,5
7A.LADY.,2015,135
7A.LADY.,2015,136
7A.LADY.,2015,137
7A.LADY.,2015,138
7A.LADY.,2015,139
7A.LADY.,2015,140
7A.LADY.,2015,141
7A.LADY.,2015,142
7A.LADY.,2015,295
7A.LADY.,2015,296
7A.LADY.,2015,297
7A.LADY.,2015,298
7A.LADY.,2015,299
7A.LADY.,2015,300
7A.LADY.,2015,301
7A.LADY.,2015,302
7A.LADY.,2015,355
7A.LADY.,2015,356
7A.LADY.,2015,357
7A.LADY.,2015,358
7A.LADY.,2015,359
7A.LADY.,2015,360
7A.LBDL.,2014,360
7A.LBDL.,2015,1
7A.LBDL.,2015,2
7A.LBDL.,2015,3
7A.LBDL.,2015,4
7A.LBDL.,2015,5
7A.LBDL.,2015,135
7A.LBDL.,2015,136
7A.LBDL.,2015,137
7A.LBDL.,2015,138
7A.LBDL.,2015,139
7A.LBDL.,2015,140
7A.LBDL.,2015,141
7A.LBDL.,2015,142
7A.LBDL.,2015,295
7A.LBDL.,2015,296
7A.LBDL.,2015,297
7A.LBDL.,2015,298
7A.LBDL.,2015,299
7A.LBDL.,2015,355
7A.LBDL.,2015,356
7A.LBDL.,2015,357
7A.LBDL.,2015,358
7A.LBDL.,2015,359
7A.LBDL.,2015,360
7A.LBDL.,2015,361
7A.LBDL.,2015,362
7A.MOLE.,2015,295
7A.MOLE.,2015,296
7A.MOLE.,2015,297
7A.MOLE.,2015,298
7A.MOLE.,2015,299
7A.MOLE.,2015,355
7A.MOLE.,2015,356
7A.MOLE.,2015,357
7A.MOLE.,2015,358
7A.MOLE.,2015,359
7A.MUSK.,2015,1
7A.MUSK.,2015,2
7A.MUSK.,2015,3
7A.MUSK.,2015,4
7A.MUSK.,2015,5
7A.MUSK.,2015,135
7A.MUSK.,2015,136
7A.MUSK.,2015,137
7A.MUSK.,2015,138
7A.MUSK.,2015,139
7A.MUSK.,2015,140
7A.MUSK.,2015,141
7A.MUSK.,2015,142
7A.MUSK.,2015,145
7A.MUSK.,2015,295
7A.MUSK.,2015,296
7A.MUSK.,2015,297
7A.MUSK.,2015,298
7A.MUSK.,2015,299
7A.MUSK.,2015,300
7A.MUSK.,2015,301
7A.MUSK.,2015,302
7A.MUSK.,2015,355
7A.MUSK.,2015,356
7A.MUSK.,2015,357
7A.MUSK.,2015,358
7A.MUSK.,2015,359
7A.MUSK.,2015,360
7A.MUSK.,2015,361
7A.MUSK.,2015,362
7A.NAZF.,2015,1
7A.NAZF.,2015,2
7A.NAZF.,2015,3
7A.NAZF.,2015,4
7A.NAZF.,2015,5
7A.NAZF.,2015,135
7A.NAZF.,2015,136
7A.NAZF.,2015,137
7A.NAZF.,2015,138
7A.NAZF.,2015,139
7A.NAZF.,2015,140
7A.NAZF.,2015,141
7A.NAZF.,2015,142
7A.NAZF.,2015,143
7A.NAZF.,2015,144
7A.NAZF.,2015,145
7A.NAZF.,2015,295
7A.NAZF.,2015,296
7A.NAZF.,2015,297
7A.NAZF.,2015,298
7A.NAZF.,2015,299
7A.NAZF.,2015,355
7A.NAZF.,2015,356
7A.NAZF.,2015,357
7A.NAZF.,2015,358
7A.NAZF.,2015,359
7A.PAUL.,2015,295
7A.PAUL.,2015,296
7A.PAUL.,2015,297
7A.PAUL.,2015,298
7A.PAUL.,2015,299
7A.PAUL.,2015,355
7A.PAUL.,2015,356
7A.PAUL.,2015,357
7A.PAUL.,2015,358
7A.PAUL.,2015,359
7A.PETO.,2015,1
7A.PETO.,2015,2
7A.PETO.,2015,3
7A.PETO.,2015,4
7A.PETO.,2015,5
7A.PETO.,2015,135
7A.PETO.,2015,136
7A.PETO.,2015,137
7A.PETO.,2015,138
7A.PETO.,2015,139
7A.PETO.,2015,140
7A.PETO.,2015,141
7A.PETO.,2015,142
7A.PETO.,2015,295
7A.PETO.,2015,296
7A.PETO.,2015,297
7A.PETO.,2015,298
7A.PETO.,2015,299
7A.PETO.,2015,355
7A.PETO.,2015,356
7A.PETO.,2015,357
7A.PETO.,2015,358
7A.PETO.,2015,359
7A.PVGR.,2015,1
7A.PVGR.,2015,2
7A.PVGR.,2015,3
7A.PVGR.,2015,4
7A.PVGR.,2015,135
7A.PVGR.,2015,136
7A.PVGR.,2015,137
7A.PVGR.,2015,138
7A.PVGR.,2015,139
7A.PVGR.,2015,140
7A.PVGR.,2015,141
7A.PVGR.,2015,142
7A.PVGR.,2015,295
7A.PVGR.,2015,296
7A.PVGR.,2015,297
7A.PVGR.,2015,298
7A.PVGR.,2015,299
7A.PVGR.,2015,355
7A.PVGR.,2015,356
7A.PVGR.,2015,357
7A.PVGR.,2015,358
7A.PVGR.,2015,359
7A.RTSN.,2014,360
7A.RTSN.,2014,361
7A.RTSN.,2014,362
7A.RTSN.,2014,363
7A.RTSN.,2014,364
7A.RTSN.,2014,365
7A.RTSN.,2015,1
7A.RTSN.,2015,2
7A.RTSN.,2015,3
7A.RTSN.,2015,4
7A.RTSN.,2015,135
7A.RTSN.,2015,136
7A.RTSN.,2015,137
7A.RTSN.,2015,138
7A.RTSN.,2015,139
7A.RTSN.,2015,140
7A.RTSN.,2015,141
7A.RTSN.,2015,142
7A.RTSN.,2015,295
7A.RTSN.,2015,296
7A.RTSN.,2015,297
7A.RTSN.,2015,298
7A.RTSN.,2015,299
7A.RTSN.,2015,355
7A.RTSN.,2015,356
7A.RTSN.,2015,357
7A.RTSN.,2015,358
7A.RTSN.,2015,359
7A.RTSN.,2015,360
7A.RTSN.,2015,361
7A.SUSI.,2015,1
7A.SUSI.,2015,2
7A.SUSI.,2015,3
7A.SUSI.,2015,4
7A.SUSI.,2015,135
7A.SUSI.,2015,136
7A.SUSI.,2015,137
7A.SUSI.,2015,138
7A.SUSI.,2015,139
7A.SUSI.,2015,140
7A.SUSI.,2015,141
7A.SUSI.,2015,142
7A.SUSI.,2015,295
7A.SUSI.,2015,296
7A.SUSI.,2015,297
7A.SUSI.,2015,298
7A.SUSI.,2015,299
7A.SUSI.,2015,355
7A.SUSI.,2015,356
7A.SUSI.,2015,357
7A.SUSI.,2015,358
7A.SUSI.,2015,359
7A.TRTF.,2014,360
7A.TRTF.,2014,361
7A.TRTF.,2014,362
7A.TRTF.,2014,363
7A.TRTF.,2014,364
7A.TRTF.,2014,365
7A.TRTF.,2015,1
7A.TRTF.,2015,2
7A.TRTF.,2015,3
7A.TRTF.,2015,4
7A.TRTF.,2015,5
7A.TRTF.,2015,135
7A.TRTF.,2015,136
7A.TRTF.,2015,137
7A.TRTF.,2015,138
7A.TRTF.,2015,139
7A.TRTF.,2015,140
7A.TRTF.,2015,141
7A.TRTF.,2015,142
7A.TRTF.,2015,143
7A.TRTF.,2015,144
7A.TRTF.,2015,145
7A.WINE.,2015,1
7A.WINE.,2015,2
7A.WINE.,2015,3
7A.WINE.,2015,4
7A.WINE.,2015,135
7A.WINE.,2015,136
7A.WINE.,2015,137
7A.WINE.,2015,138
7A.WINE.,2015,139
7A.WINE.,2015,140
7A.WINE.,2015,141
7A.WINE.,2015,142
7A.WINE.,2015,295
7A.WINE.,2015,296
7A.WINE.,2015,297
7A.WINE.,2015,298
7A.WINE.,2015,299
7A.WINE.,2015,355
7A.WINE.,2015,356
7A.WINE.,2015,357
7A.WINE.,2015,358
7A.WINE.,2015,359
7A.WIRE.,2015,1
7A.WIRE.,2015,2
7A.WIRE.,2015,3
7A.WIRE.,2015,4
7A.WIRE.,2015,135
7A.WIRE.,2015,136
7A.WIRE.,2015,137
7A.WIRE.,2015,138
7A.WIRE.,2015,139
7A.WIRE.,2015,140
7A.WIRE.,2015,141
7A.WIRE.,2015,142
7A.WIRE.,2015,295
7A.WIRE.,2015,296
7A.WIRE.,2015,297
7A.WIRE.,2015,298
7A.WIRE.,2015,299
7A.WIRE.,2015,355
7A.WIRE.,2015,356
7A.WIRE.,2015,357
7A.WIRE.,2015,358
7A.WIRE.,2015,359
7A.WLFT.,2015,1
7A.WLFT.,2015,2
7A.WLFT.,2015,3
7A.WLFT.,2015,4
7A.WLFT.,2015,135
7A.WLFT.,2015,136
7A.WLFT.,2015,137
7A.WLFT.,2015,138
7A.WLFT.,2015,139
7A.WLFT.,2015,140
7A.WLFT.,2015,141
7A.WLFT.,2015,295
7A.WLFT.,2015,296
7A.WLFT.,2015,297
7A.WLFT.,2015,298
7A.WLFT.,2015,299
7A.WLFT.,2015,355
7A.WLFT.,2015,356
7A.WLFT.,2015,357
7A.WLFT.,2015,358
7A.WLFT.,2015,359
7A.WTMN.,2015,1
7A.WTMN.,2015,2
7A.WTMN.,2015,3
7A.WTMN.,2015,4
7A.WTMN.,2015,135
7A.WTMN.,2015,136
7A.WTMN.,2015,137
7A.WTMN.,2015,138
7A.WTMN.,2015,139
7A.WTMN.,2015,140
7A.WTMN.,2015,141
7A.WTMN.,2015,295
7A.WTMN.,2015,296
7A.WTMN.,2015,297
7A.WTMN.,2015,298
7A.WTMN.,2015,355
7A.WTMN.,2015,356
7A.WTMN.,2015,357
7A.WTMN.,2015,358
7A.WTMN.,2015,359
7A.YLDA.,2015,1
7A.YLDA.,2015,2
7A.YLDA.,2015,3
7A.YLDA.,2015,4
7A.YLDA.,2015,135
7A.YLDA.,2015,136
7A.YLDA.,2015,137
7A.YLDA.,2015,138
7A.YLDA.,2015,139
7A.YLDA.,2015,140
7A.YLDA.,2015,141
7A.YLDA.,2015,295
7A.YLDA.,2015,296
7A.YLDA.,2015,297
7A.YLDA.,2015,298
7A.YLDA.,2015,355
7A.YLDA.,2015,356
7A.YLDA.,2015,357
7A.YLDA.,2015,358
7A.YLDA.,2015,359
7D.FC03D.,2015,1
7D.FC03D.,2015,2
7D.FC03D.,2015,3
7D.FC03D.,2015,4
7D.FC03D.,2015,135
7D.FC03D.,2015,136
7D.FC03D.,2015,137
7D.FC03D.,2015,138
7D.FC03D.,2015,139
7D.FC03D.,2015,140
7D.FC03D.,2015,141
7D.FN04C.,2014,1
7D.FN04C.,2014,2
7D.FN04C.,2014,3
7D.FN04C.,2014,4
7D.FN04C.,2014,5
7D.FN05A.,2011,244
7D.FN05A.,2011,245
7D.FN05A.,2011,246
7D.FN05A.,2011,247
7D.FN05A.,2011,248
7D.FN05A.,2011,249
7D.FN05C.,2014,1
7D.FN05C.,2014,2
7D.FN05C.,2014,3
7D.FN05C.,2014,4
7D.FN05C.,2014,5
7D.FN06C.,2014,1
7D.FN06C.,2014,2
7D.FN06C.,2014,3
7D.FN06C.,2014,4
7D.FN06C.,2014,5
7D.FN07A.,2011,244
7D.FN07A.,2011,245
7D.FN07A.,2011,246
7D.FN07A.,2011,247
7D.FN07A.,2011,248
7D.FN07A.,2011,249
7D.FN07C.,2014,1
7D.FN07C.,2014,2
7D.FN07C.,2014,3
7D.FN07C.,2014,4
7D.FN07C.,2014,5
7D.FN08A.,2011,244
7D.FN08A.,2011,245
7D.FN08A.,2011,246
7D.FN08A.,2011,247
7D.FN08A.,2011,248
7D.FN08C.,2014,1
7D.FN08C.,2014,2
7D.FN08C.,2014,3
7D.FN08C.,2014,4
7D.FN08C.,2014,5
7D.FN09C.,2014,1
7D.FN09C.,2014,2
7D.FN09C.,2014,3
7D.FN09C.,2014,4
7D.FN09C.,2014,5
7D.FN10C.,2013,365
7D.FN10C.,2014,1
7D.FN10C.,2014,2
7D.FN10C.,2014,3
7D.FN10C.,2014,4
7D.FN10C.,2014,5
7D.FN11C.,2014,1
7D.FN11C.,2014,2
7D.FN11C.,2014,3
7D.FN11C.,2014,4
7D.FN11C.,2014,5
7D.FN12A.,2011,244
7D.FN12A.,2011,245
7D.FN12A.,2011,246
7D.FN12A.,2011,247
7D.FN12A.,2011,248
7D.FN12C.,2014,1
7D.FN12C.,2014,2
7D.FN12C.,2014,3
7D.FN12C.,2014,4
7D.FN12C.,2014,5
7D.FN13C.,2014,1
7D.FN13C.,2014,2
7D.FN13C.,2014,3
7D.FN13C.,2014,4
7D.FN13C.,2014,5
7D.FN14A.,2011,244
7D.FN14A.,2011,245
7D.FN14A.,2011,246
7D.FN14A.,2011,247
7D.FN14A.,2011,248
7D.FN14C.,2014,1
7D.FN14C.,2014,2
7D.FN14C.,2014,3
7D.FN14C.,2014,4
7D.FN14C.,2014,5
7D.FN16A.,2011,236
7D.FN16A.,2011,237
7D.FN16A.,2011,238
7D.FN16A.,2011,239
7D.FN16A.,2011,240
7D.FN16A.,2011,241
7D.FN16A.,2011,242
7D.FN16A.,2011,243
7D.FN16A.,2011,244
7D.FN16A.,2011,245
7D.FN16A.,2011,246
7D.FN16A.,2011,247
7D.FN16A.,2011,248
7D.FN16A.,2011,249
7D.FN16C.,2014,1
7D.FN16C.,2014,2
7D.FN16C.,2014,3
7D.FN16C.,2014,4
7D.FN17C.,2013,365
7D.FN17C.,2014,1
7D.FN17C.,2014,2
7D.FN17C.,2014,3
7D.FN17C.,2014,4
7D.FN18A.,2011,244
7D.FN18A.,2011,245
7D.FN18A.,2011,246
7D.FN18A.,2011,247
7D.FN18A.,2011,248
7D.FN18C.,2014,1
7D.FN18C.,2014,2
7D.FN18C.,2014,3
7D.FN18C.,2014,4
7D.FN19C.,2014,1
7D.FN19C.,2014,2
7D.FN19C.,2014,3
7D.FN19C.,2014,4
7D.FS11D.,2015,1
7D.FS11D.,2015,2
7D.FS11D.,2015,5
7D.FS11D.,2015,6
7D.FS11D.,2015,7
7D.FS12D.,2015,1
7D.FS12D.,2015,2
7D.FS12D.,2015,91
7D.FS12D.,2015,92
7D.FS13D.,2015,1
7D.FS13D.,2015,2
7D.FS14B.,2012,246
7D.FS14B.,2012,247
7D.FS14D.,2015,1
7D.FS14D.,2015,2
7D.FS14D.,2015,91
7D.FS14D.,2015,92
7D.FS15D.,2014,360
7D.FS15D.,2014,361
7D.FS15D.,2014,362
7D.FS15D.,2014,363
7D.FS15D.,2014,364
7D.FS15D.,2014,365
7D.FS15D.,2015,1
7D.FS15D.,2015,2
7D.FS15D.,2015,3
7D.FS15D.,2015,4
7D.FS15D.,2015,5
7D.FS15D.,2015,6
7D.FS15D.,2015,7
7D.FS15D.,2015,8
7D.FS15D.,2015,9
7D.FS15D.,2015,10
7D.FS15D.,2015,11
7D.FS15D.,2015,12
7D.FS16D.,2015,1
7D.FS16D.,2015,2
7D.FS17D.,2015,1
7D.FS17D.,2015,2
7D.FS17D.,2015,91
7D.FS41D.,2015,1
7D.FS41D.,2015,2
7D.FS42D.,2015,1
7D.FS42D.,2015,2
7D.FS42D.,2015,91
7D.FS43D.,2015,1
7D.FS43D.,2015,2
7D.FS43D.,2015,91
7D.FS44D.,2015,1
7D.FS44D.,2015,2
7D.FS44D.,2015,91
7D.FS45D.,2015,1
7D.FS45D.,2015,2
7D.FS45D.,2015,91
7D.G01D.,2015,1
7D.G01D.,2015,2
7D.G01D.,2015,91
7D.G02B.,2012,247
7D.G02D.,2015,1
7D.G02D.,2015,2
7D.G02D.,2015,91
7D.G03B.,2012,245
7D.G03B.,2012,246
7D.G03B.,2012,247
7D.G03D.,2015,1
7D.G03D.,2015,2
7D.G03D.,2015,91
7D.G04B.,2012,245
7D.G04B.,2012,246
7D.G04B.,2012,247
7D.G04D.,2015,1
7D.G04D.,2015,2
7D.G04D.,2015,91
7D.G05B.,2012,245
7D.G05B.,2012,246
7D.G05D.,2015,1
7D.G05D.,2015,2
7D.G05D.,2015,91
7D.G09D.,2015,1
7D.G09D.,2015,2
7D.G10D.,2015,1
7D.G10D.,2015,2
7D.G10D.,2015,91
7D.G11B.,2012,245
7D.G11B.,2012,246
7D.G11D.,2014,360
7D.G11D.,2014,361
7D.G11D.,2014,362
7D.G11D.,2014,363
7D.G11D.,2014,364
7D.G11D.,2014,365
7D.G11D.,2015,1
7D.G11D.,2015,2
7D.G11D.,2015,3
7D.G11D.,2015,4
7D.G11D.,2015,5
7D.G11D.,2015,6
7D.G11D.,2015,7
7D.G11D.,2015,8
7D.G11D.,2015,9
7D.G11D.,2015,10
7D.G11D.,2015,11
7D.G11D.,2015,12
7D.G11D.,2015,13
7D.G11D.,2015,75
7D.G11D.,2015,76
7D.G11D.,2015,77
7D.G11D.,2015,78
7D.G11D.,2015,79
7D.G11D.,2015,80
7D.G11D.,2015,81
7D.G11D.,2015,82
7D.G11D.,2015,83
7D.G11D.,2015,84
7D.G11D.,2015,85
7D.G11D.,2015,86
7D.G11D.,2015,87
7D.G11D.,2015,88
7D.G11D.,2015,89
7D.G11D.,2015,90
7D.G11D.,2015,91
7D.G11D.,2015,92
7D.G13B.,2012,241
7D.G13B.,2012,245
7D.G13B.,2012,246
7D.G13D.,2015,1
7D.G13D.,2015,2
7D.G13D.,2015,91
7D.G18D.,2014,340
7D.G18D.,2014,341
7D.G18D.,2014,342
7D.G18D.,2014,343
7D.G18D.,2014,344
7D.G18D.,2014,345
7D.G18D.,2014,346
7D.G18D.,2014,347
7D.G19D.,2014,340
7D.G19D.,2014,341
7D.G19D.,2014,342
7D.G19D.,2014,343
7D.G19D.,2014,344
7D.G19D.,2014,345
7D.G19D.,2014,346
7D.G19D.,2014,347
7D.G20D.,2014,340
7D.G20D.,2014,341
7D.G20D.,2014,342
7D.G20D.,2014,343
7D.G20D.,2014,344
7D.G20D.,2014,345
7D.G20D.,2014,346
7D.G20D.,2014,347
7D.G21D.,2014,340
7D.G21D.,2014,341
7D.G21D.,2014,342
7D.G21D.,2014,343
7D.G21D.,2014,344
7D.G21D.,2014,345
7D.G21D.,2014,346
7D.G21D.,2014,347
7D.G22D.,2014,340
7D.G22D.,2014,341
7D.G22D.,2014,342
7D.G22D.,2014,343
7D.G22D.,2014,344
7D.G22D.,2014,345
7D.G22D.,2014,346
7D.G22D.,2014,347
7D.G25D.,2014,340
7D.G25D.,2014,341
7D.G25D.,2014,342
7D.G25D.,2014,343
7D.G25D.,2014,344
7D.G25D.,2014,345
7D.G25D.,2014,346
7D.G25D.,2014,347
7D.G26D.,2014,340
7D.G26D.,2014,341
7D.G26D.,2014,342
7D.G26D.,2014,343
7D.G26D.,2014,344
7D.G26D.,2014,345
7D.G26D.,2014,346
7D.G26D.,2014,347
7D.G27D.,2014,340
7D.G27D.,2014,341
7D.G27D.,2014,342
7D.G27D.,2014,343
7D.G27D.,2014,344
7D.G27D.,2014,345
7D.G27D.,2014,346
7D.G27D.,2014,347
7D.G29D.,2014,340
7D.G29D.,2014,341
7D.G29D.,2014,342
7D.G29D.,2014,343
7D.G29D.,2014,344
7D.G29D.,2014,345
7D.G29D.,2014,346
7D.G29D.,2014,347
7D.G33D.,2014,340
7D.G33D.,2014,341
7D.G33D.,2014,342
7D.G33D.,2014,343
7D.G33D.,2014,344
7D.G33D.,2014,345
7D.G33D.,2014,346
7D.G33D.,2014,347
7D.G34D.,2014,340
7D.G34D.,2014,341
7D.G34D.,2014,342
7D.G34D.,2014,343
7D.G34D.,2014,344
7D.G34D.,2014,345
7D.G34D.,2014,346
7D.G34D.,2014,347
7D.G35D.,2014,340
7D.G35D.,2014,341
7D.G35D.,2014,342
7D.G35D.,2014,343
7D.G35D.,2014,344
7D.G35D.,2014,345
7D.G35D.,2014,346
7D.G35D.,2014,347
7D.G36D.,2014,340
7D.G36D.,2014,341
7D.G36D.,2014,342
7D.G36D.,2014,343
7D.G36D.,2014,344
7D.G36D.,2014,345
7D.G36D.,2014,346
7D.G36D.,2014,347
7D.G37D.,2014,340
7D.G37D.,2014,341
7D.G37D.,2014,342
7D.G37D.,2014,343
7D.G37D.,2014,344
7D.G37D.,2014,345
7D.G37D.,2014,346
7D.G37D.,2014,347
7D.J06D.,2014,340
7D.J06D.,2014,341
7D.J06D.,2014,342
7D.J06D.,2014,343
7D.J06D.,2014,344
7D.J06D.,2014,345
7D.J06D.,2014,346
7D.J06D.,2014,347
7D.J06D.,2014,348
7D.J06D.,2014,349
7D.J06D.,2014,350
7D.J06D.,2014,351
7D.J06D.,2014,352
7D.J06D.,2014,353
7D.J09D.,2014,340
7D.J09D.,2014,341
7D.J09D.,2014,342
7D.J09D.,2014,343
7D.J09D.,2014,344
7D.J09D.,2014,345
7D.J09D.,2014,346
7D.J09D.,2014,347
7D.J10B.,2013,152
7D.J10B.,2013,153
7D.J11B.,2013,152
7D.J11B.,2013,153
7D.J18B.,2013,152
7D.J18B.,2013,153
7D.J19B.,2013,152
7D.J19B.,2013,153
7D.J23B.,2013,152
7D.J23B.,2013,153
7D.J25B.,2013,152
7D.J25B.,2013,153
7D.J27B.,2013,152
7D.J27B.,2013,153
7D.J28B.,2013,152
7D.J28B.,2013,153
7D.J33B.,2013,152
7D.J34A.,2012,111
7D.J34A.,2012,112
7D.J34A.,2012,113
7D.J34A.,2012,114
7D.J34A.,2012,115
7D.J37A.,2012,111
7D.J37A.,2012,112
7D.J37A.,2012,113
7D.J37A.,2012,114
7D.J37A.,2012,115
7D.J38A.,2012,111
7D.J38A.,2012,112
7D.J38A.,2012,113
7D.J38A.,2012,114
7D.J38A.,2012,115
7D.J39A.,2012,111
7D.J39A.,2012,112
7D.J39A.,2012,113
7D.J39A.,2012,114
7D.J39A.,2012,115
7D.J41A.,2012,111
7D.J41A.,2012,112
7D.J41A.,2012,113
7D.J41A.,2012,114
7D.J41A.,2012,115
7D.J42A.,2012,111
7D.J42A.,2012,112
7D.J42A.,2012,113
7D.J42A.,2012,114
7D.J42A.,2012,115
7D.J43A.,2012,111
7D.J43A.,2012,112
7D.J43A.,2012,113
7D.J43A.,2012,114
7D.J43A.,2012,115
7D.J45A.,2012,111
7D.J45A.,2012,112
7D.J45A.,2012,113
7D.J45A.,2012,114
7D.J45A.,2012,115
7D.J46A.,2012,111
7D.J46A.,2012,112
7D.J46A.,2012,113
7D.J46A.,2012,114
7D.J46A.,2012,115
7D.J47A.,2012,111
7D.J47A.,2012,112
7D.J47A.,2012,113
7D.J47A.,2012,114
7D.J47A.,2012,115
7D.J48A.,2012,111
7D.J48A.,2012,112
7D.J48A.,2012,113
7D.J48A.,2012,114
7D.J48A.,2012,115
7D.J49A.,2012,111
7D.J49A.,2012,112
7D.J49A.,2012,113
7D.J49A.,2012,114
7D.J49A.,2012,115
7D.J50A.,2012,111
7D.J50A.,2012,112
7D.J50A.,2012,113
7D.J50A.,2012,114
7D.J50A.,2012,115
7D.J52A.,2012,111
7D.J52A.,2012,112
7D.J52A.,2012,113
7D.J52A.,2012,114
7D.J52A.,2012,115
7D.J53A.,2012,111
7D.J53A.,2012,112
7D.J53A.,2012,113
7D.J53A.,2012,114
7D.J53A.,2012,115
7D.J54A.,2012,111
7D.J54A.,2012,112
7D.J54A.,2012,113
7D.J54A.,2012,114
7D.J54A.,2012,115
7D.J54C.,2014,32
7D.J54C.,2014,33
7D.J55C.,2014,32
7D.J55C.,2014,33
7D.J57C.,2014,26
7D.J57C.,2014,27
7D.J57C.,2014,28
7D.J57C.,2014,29
7D.J57C.,2014,30
7D.J57C.,2014,31
7D.J57C.,2014,32
7D.J57C.,2014,33
7D.J58C.,2014,32
7D.J58C.,2014,33
7D.J59C.,2014,32
7D.J61C.,2014,32
7D.J63C.,2014,32
7D.J65C.,2014,32
7D.J67C.,2014,32
7D.J68C.,2014,32
7D.J69C.,2014,32
7D.M04C.,2014,32
7D.WOLF.,2019,305
7D.WOLF.,2019,306
7S.BARN.,2019,305
7S.BARN.,2019,306
7S.BELL.,2019,305
7S.BELL.,2019,306
7S.BRUN.,2019,305
7S.BRUN.,2019,306
7S.CASC.,2019,305
7S.CASC.,2019,306
7S.DATA.,2019,305
7S.DATA.,2019,306
7S.DELT.,2019,305
7S.DELT.,2019,306
7S.GLOR.,2019,305
7S.GLOR.,2019,306
7S.GORG.,2019,305
7S.GORG.,2019,306
7S.HURA.,2019,294
7S.HURA.,2019,295
7S.HURA.,2019,296
7S.HURA.,2019,297
7S.HURA.,2019,298
7S.HURA.,2019,299
7S.HURA.,2019,300
7S.HURA.,2019,301
7S.HURA.,2019,302
7S.HURA.,2019,303
7S.HURA.,2019,304
7S.HURA.,2019,305
7S.HURA.,2019,306
7S.JACK.,2019,305
7S.JACK.,2019,306
7S.MONK.,2019,305
7S.MONK.,2019,306
7S.MORG.,2019,305
7S.MORG.,2019,306
7S.MOSQ.,2019,305
7S.OLIV.,2019,305
7S.POMM.,2019,305
7S.RICH.,2019,305
7S.SHOT.,2019,305
7S.THOM.,2019,305
7S.TURI.,2019,305
9A.MVP1.00,2015,255
9A.MVP1.00,2015,256
9A.MVP1.00,2015,257
9A.MVP1.00,2015,258
9A.MVP1.00,2015,259
9A.MVP1.00,2015,260
9A.MVP1.00,2015,261
9A.MVP1.00,2015,262
9A.MVP1.00,2015,263
9A.MVP1.00,2015,264
9A.MVP1.00,2015,265
9A.MVP1.00,2015,266
9A.MVP1.00,2015,267
9A.MVP1.00,2015,268
9A.MVP2.00,2015,255
9A.MVP2.00,2015,256
9A.MVP2.00,2015,257
9A.MVP2.00,2015,258
9A.MVP2.00,2015,259
9A.MVP2.00,2015,260
9A.MVP2.00,2015,261
9A.MVP2.00,2015,262
9A.MVP2.00,2015,263
9A.MVP2.00,2015,264
9A.MVP2.00,2015,265
9A.MVP2.00,2015,266
9A.MVP2.00,2015,267
9A.MVP3.00,2015,255
9A.MVP3.00,2015,256
9A.MVP3.00,2015,257
9A.MVP3.00,2015,258
9A.MVP3.00,2015,259
9A.MVP3.00,2015,260
9A.MVP3.00,2015,261
9A.MVP3.00,2015,262
9A.MVP3.00,2015,263
9A.MVP3.00,2015,264
9A.MVP3.00,2015,265
9A.MVP3.00,2015,266
9A.MVP3.00,2015,267
NV.BACME.W1,2017,124
NV.BACME.W1,2017,125
NV.BACME.W1,2017,126
NV.BACME.W1,2017,127
NV.BACME.W1,2017,128
NV.BACME.W1,2017,129
NV.BACME.W1,2017,130
NV.BACME.W1,2017,131
NV.BACME.W1,2017,132
NV.BACME.W1,2017,133
NV.BACME.W1,2017,134
NV.BACME.W1,2017,135
NV.BACME.W1,2017,136
NV.BACME.W1,2017,364
NV.BACME.W1,2017,365
NV.BACME.W1,2018,1
NV.BACME.W1,2018,2
NV.BACME.W1,2018,3
NV.BACME.W1,2018,4
NV.BACME.W1,2018,79
NV.BACME.W1,2018,99
NV.BACME.W1,2018,100
NV.BACME.W1,2018,101
NV.BACME.W1,2018,102
NV.BACME.W1,2018,103
NV.BACME.W1,2018,104
NV.BACME.W1,2018,105
NV.BACME.W1,2018,106
NV.BACME.W1,2018,107
NV.BACME.W1,2018,108
NV.BACME.W1,2018,109
NV.BACME.W1,2018,110
NV.BACME.W1,2018,111
NV.BACME.W1,2018,112
NV.BACME.W1,2018,244
NV.BACME.W1,2018,245
NV.BACME.W1,2018,246
NV.BACME.W1,2018,247
NV.BACME.W1,2018,248
NV.BACME.W1,2019,121
NV.BACME.W1,2019,122
NV.BACME.W1,2019,214
NV.BACME.W1,2019,215
NV.BACME.W1,2019,216
NV.BACME.W1,2019,217
NV.BACME.W1,2019,218
NV.BACME.W1,2019,219
NV.BACME.W1,2019,220
NV.BACME.W1,2019,221
NV.BACME.W1,2019,222
NV.BACME.W1,2019,223
NV.BACME.W1,2019,224
NV.BACME.W1,2019,244
NV.BACME.W1,2019,245
NV.BACME.W1,2019,246
NV.BACME.W1,2019,247
NV.BACME.W1,2019,248
NV.BACME.W1,2019,249
NV.BACME.W1,2019,294
NV.BACME.W1,2019,295
NV.BACME.W1,2019,296
NV.BACME.W1,2019,297
NV.BACME.W1,2020,32
NV.BACME.W1,2020,33
NV.BACME.W1,2020,34
NV.BACME.W1,2020,35
NV.BACME.W1,2020,49
NV.BACME.W1,2020,50
NV.BACME.W1,2020,51
NV.BACME.W1,2020,52
NV.BACME.W1,2020,53
NV.BACME.W1,2020,54
NV.BACME.W1,2020,55
NV.BACME.W1,2020,56
NV.BACME.W1,2020,57
NV.BACME.W1,2020,58
NV.BACME.W1,2020,59
NV.BACME.W1,2020,60
NV.BACME.W1,2020,61
NV.BACME.W1,2020,149
NV.BACME.W1,2020,150
NV.BACME.W1,2020,151
NV.BACME.W1,2020,152
NV.BACME.W1,2020,153
NV.BACME.W1,2020,154
NV.BACME.W1,2020,155
NV.BACME.W1,2020,156
NV.BACME.W1,2020,157
NV.BACME.W1,2020,158
NV.BACME.W1,2020,159
NV.BACME.W1,2021,203
NV.BACME.W1,2021,204
NV.BACME.W1,2021,205
NV.BACME.W1,2021,206
NV.BACME.W1,2021,223
NV.BACME.W1,2021,224
NV.BACME.W1,2021,225
NV.BACME.W1,2021,226
NV.BACME.W1,2021,244
NV.BACME.W1,2021,245
NV.BACME.W1,2021,246
NV.BACME.W1,2022,18
NV.BACME.W1,2022,19
NV.BACME.W1,2022,20
NV.BACME.W1,2022,21
NV.BACME.W1,2022,78
NV.BACME.W1,2022,79
NV.BACME.W1,2022,80
NV.BACME.W1,2022,81
NV.BACME.W1,2022,82
NV.CBC27.,2018,239
NV.CBC27.,2018,240
NV.CBC27.,2018,241
NV.CBC27.,2018,242
NV.CBC27.,2018,243
NV.CBC27.,2018,244
NV.CBC27.,2018,245
NV.CBC27.,2018,246
NV.CBC27.,2018,247
NV.CBC27.,2018,248
NV.CBC27.,2018,249
NV.CBC27.,2018,250
NV.CBC27.,2018,251
NV.CBC27.,2018,252
NV.CBC27.,2018,253
NV.CBC27.,2018,254
NV.CBC27.,2019,214
NV.CBC27.,2019,215
NV.CBC27.,2019,216
NV.CBC27.,2019,217
NV.CBC27.,2019,218
NV.CBC27.,2019,219
NV.CBC27.,2019,220
NV.CBC27.,2019,221
NV.CBC27.,2019,222
NV.CBC27.,2019,223
NV.CBC27.,2019,224
NV.CBC27.,2019,225
NV.CBC27.,2019,226
NV.CBC27.,2019,227
NV.CBC27.,2019,234
NV.CBC27.,2019,235
NV.CBC27.,2019,236
NV.CBC27.,2019,237
NV.CBC27.,2019,238
NV.CBC27.,2019,239
NV.CBC27.,2019,240
NV.CBC27.,2019,241
NV.CBC27.,2019,242
NV.CBC27.,2019,243
NV.CBC27.,2019,244
NV.CBC27.,2019,245
NV.CBC27.,2019,246
NV.CBC27.,2019,247
NV.CBC27.,2019,248
NV.CBC27.,2019,249
NV.CBC27.,2019,294
NV.CBC27.,2019,295
NV.CBC27.,2019,296
NV.CBC27.,2019,297
NV.CBC27.,2019,298
NV.CBC27.,2019,299
NV.CBC27.,2019,300
NV.CBC27.,2019,301
NV.CBC27.,2019,302
NV.CBC27.,2020,29
NV.CBC27.,2020,30
NV.CBC27.,2020,31
NV.CBC27.,2020,32
NV.CBC27.,2020,33
NV.CBC27.,2020,34
NV.CBC27.,2020,35
NV.CBC27.,2020,49
NV.CBC27.,2020,50
NV.CBC27.,2020,51
NV.CBC27.,2020,52
NV.CBC27.,2020,53
NV.CBC27.,2020,54
NV.CBC27.,2020,55
NV.CBC27.,2020,56
NV.CBC27.,2020,57
NV.CBC27.,2020,58
NV.CBC27.,2020,59
NV.CBC27.,2020,60
NV.CBC27.,2020,61
NV.CBC27.,2020,149
NV.CBC27.,2020,150
NV.CBC27.,2020,151
NV.CBC27.,2020,152
NV.CBC27.,2020,153
NV.CBC27.,2020,154
NV.CBC27.,2020,155
NV.CBC27.,2020,156
NV.CBC27.,2020,157
NV.CBC27.,2020,158
NV.CBC27.,2020,159
NV.CBC27.,2021,203
NV.CBC27.,2021,204
NV.CBC27.,2021,205
NV.CBC27.,2021,206
NV.CBC27.,2021,207
NV.CBC27.,2021,208
NV.CBC27.,2021,209
NV.CBC27.,2021,243
NV.CBC27.,2021,244
NV.CBC27.,2021,245
NV.CBC27.,2021,246
NV.CBC27.,2022,18
NV.CBC27.,2022,19
NV.CBC27.,2022,20
NV.CBC27.,2022,21
NV.CBC27.,2022,22
NV.CBC27.,2022,23
NV.CBC27.,2022,24
NV.CBC27.,2022,25
NV.CBC27.,2022,26
NV.CBC27.,2022,27
NV.CBC27.,2022,28
NV.CBC27.,2022,78
NV.CBC27.,2022,79
NV.CBC27.,2022,80
NV.CBC27.,2022,81
NV.CBC27.,2022,82
NV.CBC27.,2022,83
NV.CBC27.,2022,84
NV.CBC27.,2022,85
NV.CBC27.,2022,86
NV.CBC27.,2022,87
NV.CBC27.,2022,88
NV.CBC27.W1,2018,239
NV.CBC27.W1,2018,240
NV.CBC27.W1,2018,241
NV.CBC27.W1,2018,242
NV.CBC27.W1,2018,243
NV.CBC27.W1,2018,244
NV.CBC27.W1,2018,245
NV.CBC27.W1,2018,246
NV.CBC27.W1,2018,247
NV.CBC27.W1,2018,248
NV.CBC27.W1,2018,249
NV.CBC27.W1,2018,250
NV.CBC27.W1,2018,251
NV.CBC27.W1,2018,252
NV.CBC27.W1,2018,253
NV.CBC27.W1,2018,254
NV.CBC27.W1,2019,214
NV.CBC27.W1,2019,215
NV.CBC27.W1,2019,216
NV.CBC27.W1,2019,217
NV.CBC27.W1,2019,218
NV.CBC27.W1,2019,219
NV.CBC27.W1,2019,220
NV.CBC27.W1,2019,221
NV.CBC27.W1,2019,222
NV.CBC27.W1,2019,223
NV.CBC27.W1,2019,224
NV.CBC27.W1,2019,225
NV.CBC27.W1,2019,226
NV.CBC27.W1,2019,227
NV.CBC27.W1,2019,234
NV.CBC27.W1,2019,235
NV.CBC27.W1,2019,236
NV.CBC27.W1,2019,237
NV.CBC27.W1,2019,239
NV.CBC27.W1,2019,240
NV.CBC27.W1,2019,241
NV.CBC27.W1,2019,242
NV.CBC27.W1,2019,243
NV.CBC27.W1,2019,244
NV.CBC27.W1,2019,245
NV.CBC27.W1,2019,246
NV.CBC27.W1,2019,247
NV.CBC27.W1,2019,248
NV.CBC27.W1,2019,249
NV.CBC27.W1,2019,294
NV.CBC27.W1,2019,295
NV.CBC27.W1,2019,296
NV.CBC27.W1,2019,297
NV.CBC27.W1,2019,298
NV.CBC27.W1,2019,299
NV.CBC27.W1,2019,300
NV.CBC27.W1,2019,301
NV.CBC27.W1,2019,302
NV.CBC27.W1,2020,29
NV.CBC27.W1,2020,30
NV.CBC27.W1,2020,31
NV.CBC27.W1,2020,32
NV.CBC27.W1,2020,33
NV.CBC27.W1,2020,34
NV.CBC27.W1,2020,35
NV.CBC27.W1,2020,49
NV.CBC27.W1,2020,50
NV.CBC27.W1,2020,51
NV.CBC27.W1,2020,52
NV.CBC27.W1,2020,53
NV.CBC27.W1,2020,54
NV.CBC27.W1,2020,55
NV.CBC27.W1,2020,56
NV.CBC27.W1,2020,57
NV.CBC27.W1,2020,58
NV.CBC27.W1,2020,59
NV.CBC27.W1,2020,60
NV.CBC27.W1,2020,61
NV.CBC27.W1,2020,149
NV.CBC27.W1,2020,150
NV.CBC27.W1,2020,151
NV.CBC27.W1,2020,152
NV.CBC27.W1,2020,153
NV.CBC27.W1,2020,154
NV.CBC27.W1,2020,155
NV.CBC27.W1,2020,156
NV.CBC27.W1,2020,157
NV.CBC27.W1,2020,158
NV.CBC27.W1,2020,159
NV.CBC27.W1,2021,203
NV.CBC27.W1,2021,204
NV.CBC27.W1,2021,205
NV.CBC27.W1,2021,206
NV.CBC27.W1,2021,207
NV.CBC27.W1,2021,208
NV.CBC27.W1,2021,209
NV.CBC27.W1,2021,243
NV.CBC27.W1,2021,244
NV.CBC27.W1,2021,245
NV.CBC27.W1,2021,246
NV.CBC27.W1,2022,18
NV.CBC27.W1,2022,19
NV.CBC27.W1,2022,20
NV.CBC27.W1,2022,21
NV.CBC27.W1,2022,22
NV.CBC27.W1,2022,23
NV.CBC27.W1,2022,24
NV.CBC27.W1,2022,25
NV.CBC27.W1,2022,26
NV.CBC27.W1,2022,27
NV.CBC27.W1,2022,28
NV.CBC27.W1,2022,78
NV.CBC27.W1,2022,79
NV.CBC27.W1,2022,80
NV.CBC27.W1,2022,81
NV.CBC27.W1,2022,82
NV.CBC27.W1,2022,83
NV.CBC27.W1,2022,84
NV.CBC27.W1,2022,85
NV.CBC27.W1,2022,86
NV.CBC27.W1,2022,87
NV.CBC27.W1,2022,88
NV.CQS64.B1,2017,124
NV.CQS64.B1,2017,125
NV.CQS64.B1,2017,126
NV.CQS64.B1,2017,127
NV.CQS64.B1,2017,128
NV.CQS64.B1,2017,129
NV.CQS64.B1,2017,130
NV.CQS64.B1,2017,131
NV.CQS64.B1,2017,132
NV.CQS64.B1,2017,133
NV.CQS64.B1,2017,134
NV.CQS64.B1,2017,135
NV.CQS64.B1,2017,136
NV.CQS64.B1,2018,1
NV.CQS64.B1,2018,2
NV.CQS64.B1,2018,3
NV.CQS64.B1,2018,4
NV.CQS64.B1,2018,99
NV.CQS64.B1,2018,100
NV.CQS64.B1,2018,101
NV.CQS64.B1,2018,102
NV.CQS64.B1,2018,103
NV.CQS64.B1,2018,104
NV.CQS64.B1,2018,105
NV.CQS64.B1,2018,106
NV.CQS64.B1,2018,107
NV.CQS64.B1,2018,239
NV.CQS64.B1,2018,240
NV.CQS64.B1,2018,241
NV.CQS64.B1,2018,242
NV.CQS64.B1,2018,243
NV.CQS64.B1,2018,244
NV.CQS64.B1,2018,245
NV.CQS64.B1,2018,246
NV.CQS64.B1,2018,247
NV.CQS64.B1,2018,248
NV.CQS64.B1,2018,249
NV.CQS64.B1,2018,250
NV.CQS64.B1,2018,251
NV.CQS64.B1,2018,252
NV.CQS64.B1,2018,253
NV.CQS64.B1,2018,254
NV.CQS64.B1,2019,214
NV.CQS64.B1,2019,215
NV.CQS64.B1,2019,216
NV.CQS64.B1,2019,217
NV.CQS64.B1,2019,218
NV.CQS64.B1,2019,219
NV.CQS64.B1,2019,220
NV.CQS64.B1,2019,221
NV.CQS64.B1,2019,222
NV.CQS64.B1,2019,223
NV.CQS64.B1,2019,224
NV.CQS64.B1,2019,225
NV.CQS64.B1,2019,226
NV.CQS64.B1,2019,227
NV.CQS64.B1,2019,234
NV.CQS64.B1,2019,235
NV.CQS64.B1,2019,236
NV.CQS64.B1,2019,237
NV.CQS64.B1,2019,238
NV.CQS64.B1,2019,239
NV.CQS64.B1,2019,240
NV.CQS64.B1,2019,241
NV.CQS64.B1,2019,242
NV.CQS64.B1,2019,243
NV.CQS64.B1,2019,244
NV.CQS64.B1,2019,245
NV.CQS64.B1,2019,246
NV.CQS64.B1,2019,247
NV.CQS64.B1,2019,248
NV.CQS64.B1,2019,249
NV.CQS64.B1,2019,294
NV.CQS64.B1,2019,295
NV.CQS64.B1,2019,296
NV.CQS64.B1,2019,297
NV.CQS64.B1,2019,298
NV.CQS64.B1,2019,299
NV.CQS64.B1,2019,300
NV.CQS64.B1,2019,301
NV.CQS64.B1,2019,302
NV.CQS64.B1,2020,29
NV.CQS64.B1,2020,30
NV.CQS64.B1,2020,31
NV.CQS64.B1,2020,32
NV.CQS64.B1,2020,33
NV.CQS64.B1,2020,34
NV.CQS64.B1,2020,35
NV.CQS64.B1,2020,49
NV.CQS64.B1,2020,50
NV.CQS64.B1,2020,51
NV.CQS64.B1,2020,52
NV.CQS64.B1,2020,53
NV.CQS64.B1,2020,54
NV.CQS64.B1,2020,55
NV.CQS64.B1,2020,56
NV.CQS64.B1,2020,57
NV.CQS64.B1,2020,58
NV.CQS64.B1,2020,59
NV.CQS64.B1,2020,60
NV.CQS64.B1,2020,61
NV.CQS64.B1,2020,149
NV.CQS64.B1,2020,150
NV.CQS64.B1,2020,151
NV.CQS64.B1,2020,152
NV.CQS64.B1,2020,153
NV.CQS64.B1,2020,154
NV.CQS64.B1,2020,155
NV.CQS64.B1,2020,156
NV.CQS64.B1,2020,157
NV.CQS64.B1,2020,158
NV.CQS64.B1,2020,159
NV.CQS64.B1,2021,203
NV.CQS64.B1,2021,204
NV.CQS64.B1,2021,205
NV.CQS64.B1,2021,206
NV.CQS64.B1,2021,207
NV.CQS64.B1,2021,208
NV.CQS64.B1,2021,209
NV.CQS64.B1,2021,243
NV.CQS64.B1,2021,244
NV.CQS64.B1,2021,245
NV.CQS64.B1,2021,246
NV.CQS64.B1,2022,18
NV.CQS64.B1,2022,19
NV.CQS64.B1,2022,20
NV.CQS64.B1,2022,21
NV.CQS64.B1,2022,22
NV.CQS64.B1,2022,23
NV.CQS64.B1,2022,24
NV.CQS64.B1,2022,25
NV.CQS64.B1,2022,26
NV.CQS64.B1,2022,27
NV.CQS64.B1,2022,28
NV.CQS64.B1,2022,78
NV.CQS64.B1,2022,79
NV.CQS64.B1,2022,80
NV.CQS64.B1,2022,81
NV.CQS64.B1,2022,82
NV.CQS64.B1,2022,83
NV.CQS64.B1,2022,84
NV.CQS64.B1,2022,85
NV.CQS64.B1,2022,86
NV.CQS64.B1,2022,87
NV.CQS64.B1,2022,88
NV.CQS64.W1,2017,124
NV.CQS64.W1,2017,125
NV.CQS64.W1,2017,126
NV.CQS64.W1,2017,127
NV.CQS64.W1,2017,128
NV.CQS64.W1,2017,129
NV.CQS64.W1,2017,130
NV.CQS64.W1,2017,131
NV.CQS64.W1,2017,132
NV.CQS64.W1,2017,133
NV.CQS64.W1,2017,134
NV.CQS64.W1,2017,135
NV.CQS64.W1,2017,136
NV.CQS64.W1,2017,364
NV.CQS64.W1,2017,365
NV.CQS64.W1,2018,1
NV.CQS64.W1,2018,2
NV.CQS64.W1,2018,3
NV.CQS64.W1,2018,4
NV.CQS64.W1,2018,79
NV.CQS64.W1,2018,99
NV.CQS64.W1,2018,100
NV.CQS64.W1,2018,101
NV.CQS64.W1,2018,102
NV.CQS64.W1,2018,103
NV.CQS64.W1,2018,104
NV.CQS64.W1,2018,105
NV.CQS64.W1,2018,106
NV.CQS64.W1,2018,107
NV.CQS64.W1,2018,244
NV.CQS64.W1,2018,245
NV.CQS64.W1,2018,246
NV.CQS64.W1,2018,247
NV.CQS64.W1,2018,248
NV.CQS64.W1,2019,121
NV.CQS64.W1,2019,122
NV.CQS64.W1,2019,214
NV.CQS64.W1,2019,215
NV.CQS64.W1,2019,216
NV.CQS64.W1,2019,217
NV.CQS64.W1,2019,218
NV.CQS64.W1,2019,219
NV.CQS64.W1,2019,220
NV.CQS64.W1,2019,221
NV.CQS64.W1,2019,222
NV.CQS64.W1,2019,223
NV.CQS64.W1,2019,224
NV.CQS64.W1,2019,244
NV.CQS64.W1,2019,245
NV.CQS64.W1,2019,246
NV.CQS64.W1,2019,247
NV.CQS64.W1,2019,248
NV.CQS64.W1,2019,249
NV.CQS64.W1,2019,294
NV.CQS64.W1,2019,295
NV.CQS64.W1,2019,296
NV.CQS64.W1,2020,32
NV.CQS64.W1,2020,33
NV.CQS64.W1,2020,34
NV.CQS64.W1,2020,35
NV.CQS64.W1,2020,153
NV.CQS64.W1,2020,154
NV.CQS64.W1,2020,155
NV.CQS64.W1,2020,156
NV.CQS64.W1,2020,157
NV.CQS64.W1,2020,158
NV.CQS64.W1,2020,159
NV.CQS64.W1,2021,203
NV.CQS64.W1,2021,204
NV.CQS64.W1,2021,205
NV.CQS64.W1,2021,206
NV.CQS64.W1,2021,223
NV.CQS64.W1,2021,224
NV.CQS64.W1,2021,225
NV.CQS64.W1,2021,226
NV.CQS64.W1,2021,244
NV.CQS64.W1,2021,245
NV.CQS64.W1,2021,246
NV.CQS64.W1,2022,18
NV.CQS64.W1,2022,19
NV.CQS64.W1,2022,20
NV.CQS64.W1,2022,21
NV.CQS64.W1,2022,78
NV.CQS64.W1,2022,79
NV.CQS64.W1,2022,80
NV.CQS64.W1,2022,81
NV.CQS64.W1,2022,82
NV.ENEF.,2020,149
NV.ENEF.,2020,150
NV.ENEF.,2020,151
NV.ENEF.,2020,152
NV.ENEF.,2020,153
NV.ENEF.,2020,154
NV.ENEF.,2020,155
NV.ENEF.,2020,156
NV.ENEF.,2020,157
NV.ENEF.,2020,158
NV.ENEF.,2020,159
NV.ENEF.,2021,203
NV.ENEF.,2021,204
NV.ENEF.,2021,205
NV.ENEF.,2021,223
NV.ENEF.,2021,224
NV.ENEF.,2021,225
NV.ENEF.,2021,226
NV.ENEF.,2021,243
NV.ENEF.,2021,244
NV.ENEF.,2021,245
NV.ENEF.,2021,246
NV.ENEF.,2022,18
NV.ENEF.,2022,19
NV.ENEF.,2022,20
NV.ENEF.,2022,21
NV.ENEF.,2022,22
NV.ENEF.,2022,23
NV.ENEF.,2022,24
NV.ENEF.,2022,25
NV.ENEF.,2022,26
NV.ENEF.,2022,27
NV.ENEF.,2022,28
NV.ENEF.,2022,78
NV.ENEF.,2022,79
NV.ENEF.,2022,80
NV.ENEF.,2022,81
NV.ENEF.,2022,82
NV.ENEF.,2022,83
NV.ENEF.,2022,84
NV.ENEF.,2022,85
NV.ENEF.,2022,86
NV.ENEF.,2022,87
NV.ENEF.,2022,88
NV.ENHR.,2018,244
NV.ENHR.,2018,245
NV.ENHR.,2018,246
NV.ENHR.,2018,247
NV.ENHR.,2018,248
NV.ENHR.,2019,121
NV.ENHR.,2019,122
NV.ENHR.,2019,214
NV.ENHR.,2019,215
NV.ENHR.,2019,216
NV.ENHR.,2019,217
NV.ENHR.,2019,218
NV.ENHR.,2019,219
NV.ENHR.,2019,220
NV.ENHR.,2019,221
NV.ENHR.,2019,222
NV.ENHR.,2019,223
NV.ENHR.,2019,224
NV.ENHR.,2019,244
NV.ENHR.,2019,245
NV.ENHR.,2019,246
NV.ENHR.,2019,247
NV.ENHR.,2019,248
NV.ENHR.,2019,249
NV.ENHR.,2019,294
NV.ENHR.,2019,295
NV.ENHR.,2019,296
NV.ENHR.,2019,297
NV.ENHR.,2019,298
NV.ENHR.,2019,299
NV.ENHR.,2019,300
NV.ENHR.,2019,301
NV.ENHR.,2019,302
NV.ENHR.,2020,29
NV.ENHR.,2020,30
NV.ENHR.,2020,31
NV.ENHR.,2020,32
NV.ENHR.,2020,33
NV.ENHR.,2020,34
NV.ENHR.,2020,35
NV.ENHR.,2020,49
NV.ENHR.,2020,50
NV.ENHR.,2020,51
NV.ENHR.,2020,52
NV.ENHR.,2020,53
NV.ENHR.,2020,54
NV.ENHR.,2020,55
NV.ENHR.,2020,56
NV.ENHR.,2020,57
NV.ENHR.,2020,58
NV.ENHR.,2020,59
NV.ENHR.,2020,60
NV.ENHR.,2020,61
NV.ENHR.,2020,149
NV.ENHR.,2020,150
NV.ENHR.,2020,151
NV.ENHR.,2020,152
NV.ENHR.,2020,153
NV.ENHR.,2020,154
NV.ENHR.,2020,155
NV.ENHR.,2020,156
NV.ENHR.,2020,157
NV.ENHR.,2020,158
NV.ENHR.,2020,159
NV.ENHR.,2021,203
NV.ENHR.,2021,204
NV.ENHR.,2021,205
NV.ENHR.,2021,206
NV.ENHR.,2021,207
NV.ENHR.,2021,208
NV.ENHR.,2021,209
NV.ENHR.,2021,243
NV.ENHR.,2021,244
NV.ENHR.,2021,245
NV.ENHR.,2021,246
NV.ENHR.,2022,18
NV.ENHR.,2022,19
NV.ENHR.,2022,20
NV.ENHR.,2022,21
NV.ENHR.,2022,22
NV.ENHR.,2022,23
NV.ENHR.,2022,24
NV.ENHR.,2022,25
NV.ENHR.,2022,26
NV.ENHR.,2022,27
NV.ENHR.,2022,28
NV.ENHR.,2022,78
NV.ENHR.,2022,79
NV.ENHR.,2022,80
NV.ENHR.,2022,81
NV.ENHR.,2022,82
NV.ENHR.,2022,83
NV.ENHR.,2022,84
NV.ENHR.,2022,85
NV.ENHR.,2022,86
NV.ENHR.,2022,87
NV.ENHR.,2022,88
NV.ENWF.,2017,124
NV.ENWF.,2017,125
NV.ENWF.,2017,126
NV.ENWF.,2017,127
NV.ENWF.,2017,128
NV.ENWF.,2017,129
NV.ENWF.,2017,130
NV.ENWF.,2017,131
NV.ENWF.,2017,132
NV.ENWF.,2017,133
NV.ENWF.,2018,1
NV.ENWF.,2018,2
NV.ENWF.,2018,3
NV.ENWF.,2018,4
NV.ENWF.,2018,99
NV.ENWF.,2018,100
NV.ENWF.,2018,101
NV.ENWF.,2018,102
NV.ENWF.,2018,103
NV.ENWF.,2018,104
NV.ENWF.,2018,105
NV.ENWF.,2018,106
NV.ENWF.,2018,107
NV.ENWF.,2018,244
NV.ENWF.,2018,245
NV.ENWF.,2018,246
NV.ENWF.,2018,247
NV.ENWF.,2018,248
NV.ENWF.,2019,121
NV.ENWF.,2019,122
NV.ENWF.,2019,214
NV.ENWF.,2019,215
NV.ENWF.,2019,216
NV.ENWF.,2019,217
NV.ENWF.,2019,218
NV.ENWF.,2019,219
NV.ENWF.,2019,220
NV.ENWF.,2019,221
NV.ENWF.,2019,222
NV.ENWF.,2019,223
NV.ENWF.,2019,224
NV.ENWF.,2019,244
NV.ENWF.,2019,245
NV.ENWF.,2019,246
NV.ENWF.,2019,247
NV.ENWF.,2019,248
NV.ENWF.,2019,249
NV.ENWF.,2019,294
NV.ENWF.,2019,295
NV.ENWF.,2019,296
NV.ENWF.,2020,32
NV.ENWF.,2020,33
NV.ENWF.,2020,34
NV.ENWF.,2020,153
NV.ENWF.,2020,154
NV.ENWF.,2020,155
NV.ENWF.,2020,156
NV.ENWF.,2020,157
NV.ENWF.,2020,158
NV.ENWF.,2020,159
NV.ENWF.,2021,203
NV.ENWF.,2021,204
NV.ENWF.,2021,205
NV.ENWF.,2021,223
NV.ENWF.,2021,224
NV.ENWF.,2021,225
NV.ENWF.,2021,226
NV.ENWF.,2021,244
NV.ENWF.,2021,245
NV.ENWF.,2022,18
NV.ENWF.,2022,19
NV.ENWF.,2022,20
NV.ENWF.,2022,78
NV.ENWF.,2022,79
NV.ENWF.,2022,80
NV.ENWF.,2022,81
NV.ENWF.,2022,82
NV.ENWF.B1,2017,124
NV.ENWF.B1,2017,125
NV.ENWF.B1,2017,126
NV.ENWF.B1,2017,127
NV.ENWF.B1,2017,128
NV.ENWF.B1,2017,129
NV.ENWF.B1,2017,130
NV.ENWF.B1,2017,131
NV.ENWF.B1,2017,132
NV.ENWF.B1,2017,133
NV.ENWF.B1,2017,134
NV.ENWF.B1,2017,135
NV.ENWF.B1,2017,136
NV.ENWF.B1,2017,364
NV.ENWF.B1,2017,365
NV.ENWF.B1,2018,1
NV.ENWF.B1,2018,2
NV.ENWF.B1,2018,3
NV.ENWF.B1,2018,4
NV.ENWF.B1,2018,79
NV.ENWF.B1,2018,99
NV.ENWF.B1,2018,100
NV.ENWF.B1,2018,101
NV.ENWF.B1,2018,102
NV.ENWF.B1,2018,103
NV.ENWF.B1,2018,104
NV.ENWF.B1,2018,105
NV.ENWF.B1,2018,106
NV.ENWF.B1,2018,107
NV.ENWF.B1,2018,108
NV.ENWF.B1,2018,109
NV.ENWF.B1,2018,110
NV.ENWF.B1,2018,111
NV.ENWF.B1,2018,112
NV.ENWF.B1,2018,239
NV.ENWF.B1,2018,240
NV.ENWF.B1,2018,241
NV.ENWF.B1,2018,242
NV.ENWF.B1,2018,243
NV.ENWF.B1,2018,244
NV.ENWF.B1,2018,245
NV.ENWF.B1,2018,246
NV.ENWF.B1,2018,247
NV.ENWF.B1,2018,248
NV.ENWF.B1,2018,249
NV.ENWF.B1,2018,250
NV.ENWF.B1,2018,251
NV.ENWF.B1,2018,252
NV.ENWF.B1,2018,253
NV.ENWF.B1,2018,254
NV.ENWF.B1,2019,214
NV.ENWF.B1,2019,215
NV.ENWF.B1,2019,216
NV.ENWF.B1,2019,217
NV.ENWF.B1,2019,218
NV.ENWF.B1,2019,219
NV.ENWF.B1,2019,220
NV.ENWF.B1,2019,221
NV.ENWF.B1,2019,222
NV.ENWF.B1,2019,223
NV.ENWF.B1,2019,224
NV.ENWF.B1,2019,225
NV.ENWF.B1,2019,226
NV.ENWF.B1,2019,227
NV.ENWF.B1,2019,234
NV.ENWF.B1,2019,235
NV.ENWF.B1,2019,236
NV.ENWF.B1,2019,237
NV.ENWF.B1,2019,238
NV.ENWF.B1,2019,239
NV.ENWF.B1,2019,240
NV.ENWF.B1,2019,241
NV.ENWF.B1,2019,242
NV.ENWF.B1,2019,243
NV.ENWF.B1,2019,244
NV.ENWF.B1,2019,245
NV.ENWF.B1,2019,246
NV.ENWF.B1,2019,247
NV.ENWF.B1,2019,248
NV.ENWF.B1,2019,249
NV.ENWF.B1,2019,294
NV.ENWF.B1,2019,295
NV.ENWF.B1,2019,296
NV.ENWF.B1,2019,297
NV.ENWF.B1,2019,298
NV.ENWF.B1,2019,299
NV.ENWF.B1,2019,300
NV.ENWF.B1,2019,301
NV.ENWF.B1,2019,302
NV.ENWF.B1,2020,29
NV.ENWF.B1,2020,30
NV.ENWF.B1,2020,31
NV.ENWF.B1,2020,32
NV.ENWF.B1,2020,33
NV.ENWF.B1,2020,34
NV.ENWF.B1,2020,35
NV.ENWF.B1,2020,49
NV.ENWF.B1,2020,50
NV.ENWF.B1,2020,51
NV.ENWF.B1,2020,52
NV.ENWF.B1,2020,53
NV.ENWF.B1,2020,54
NV.ENWF.B1,2020,55
NV.ENWF.B1,2020,56
NV.ENWF.B1,2020,57
NV.ENWF.B1,2020,58
NV.ENWF.B1,2020,59
NV.ENWF.B1,2020,60
NV.ENWF.B1,2020,61
NV.ENWF.B1,2020,149
NV.ENWF.B1,2020,150
NV.ENWF.B1,2020,151
NV.ENWF.B1,2020,152
NV.ENWF.B1,2020,153
NV.ENWF.B1,2020,154
NV.ENWF.B1,2020,155
NV.ENWF.B1,2020,156
NV.ENWF.B1,2020,157
NV.ENWF.B1,2020,158
NV.ENWF.B1,2020,159
NV.ENWF.B1,2021,203
NV.ENWF.B1,2021,204
NV.ENWF.B1,2021,205
NV.ENWF.B1,2021,206
NV.ENWF.B1,2021,207
NV.ENWF.B1,2021,208
NV.ENWF.B1,2021,209
NV.ENWF.B1,2021,243
NV.ENWF.B1,2021,244
NV.ENWF.B1,2021,245
NV.ENWF.B1,2021,246
NV.ENWF.B1,2022,18
NV.ENWF.B1,2022,19
NV.ENWF.B1,2022,20
NV.ENWF.B1,2022,21
NV.ENWF.B1,2022,22
NV.ENWF.B1,2022,23
NV.ENWF.B1,2022,24
NV.ENWF.B1,2022,25
NV.ENWF.B1,2022,26
NV.ENWF.B1,2022,27
NV.ENWF.B1,2022,28
NV.ENWF.B1,2022,78
NV.ENWF.B1,2022,79
NV.ENWF.B1,2022,80
NV.ENWF.B1,2022,81
NV.ENWF.B1,2022,82
NV.ENWF.B1,2022,83
NV.ENWF.B1,2022,84
NV.ENWF.B1,2022,85
NV.ENWF.B1,2022,86
NV.ENWF.B1,2022,87
NV.ENWF.B1,2022,88
NV.KEMF.,2013,185
NV.KEMF.,2013,186
NV.KEMF.,2013,187
NV.KEMF.,2013,188
NV.KEMF.,2013,189
NV.KEMF.,2013,190
NV.KEMF.,2013,191
NV.KEMF.,2013,193
NV.KEMF.,2013,194
NV.KEMF.,2013,195
NV.KEMF.,2014,340
NV.KEMF.,2014,341
NV.KEMF.,2014,342
NV.KEMF.,2014,343
NV.KEMF.,2014,344
NV.KEMF.,2014,345
NV.KEMF.,2015,1
NV.KEMF.,2015,2
NV.KEMF.,2015,3
NV.KEMF.,2015,4
NV.KEMF.,2015,5
NV.KEMF.,2016,70
NV.KEMF.,2016,71
NV.KEMF.,2016,72
NV.KEMF.,2016,73
NV.KEMF.,2016,74
NV.KEMF.,2016,75
NV.KEMF.,2016,76
NV.KEMF.,2016,77
NV.KEMF.,2017,124
NV.KEMF.,2017,125
NV.KEMF.,2017,126
NV.KEMF.,2017,127
NV.KEMF.,2017,128
NV.KEMF.,2017,129
NV.KEMF.,2017,130
NV.KEMF.,2017,131
NV.KEMF.,2017,132
NV.KEMF.,2017,133
NV.KEMF.,2018,1
NV.KEMF.,2018,2
NV.KEMF.,2018,3
NV.KEMF.,2018,4
NV.KEMF.,2018,99
NV.KEMF.,2018,100
NV.KEMF.,2018,101
NV.KEMF.,2018,102
NV.KEMF.,2018,103
NV.KEMF.,2018,104
NV.KEMF.,2018,105
NV.KEMF.,2018,106
NV.KEMF.,2018,107
NV.KEMF.,2018,239
NV.KEMF.,2018,240
NV.KEMF.,2018,241
NV.KEMF.,2018,242
NV.KEMF.,2018,243
NV.KEMF.,2018,244
NV.KEMF.,2018,245
NV.KEMF.,2018,246
NV.KEMF.,2018,247
NV.KEMF.,2018,248
NV.KEMF.,2018,249
NV.KEMF.,2018,250
NV.KEMF.,2018,251
NV.KEMF.,2018,252
NV.KEMF.,2018,253
NV.KEMF.,2018,254
NV.KEMF.,2019,214
NV.KEMF.,2019,215
NV.KEMF.,2019,216
NV.KEMF.,2019,217
NV.KEMF.,2019,218
NV.KEMF.,2019,219
NV.KEMF.,2019,220
NV.KEMF.,2019,221
NV.KEMF.,2019,222
NV.KEMF.,2019,223
NV.KEMF.,2019,224
NV.KEMF.,2019,225
NV.KEMF.,2019,226
NV.KEMF.,2019,227
NV.KEMF.,2019,234
NV.KEMF.,2019,235
NV.KEMF.,2019,236
NV.KEMF.,2019,237
NV.KEMF.,2019,238
NV.KEMF.,2019,239
NV.KEMF.,2019,240
NV.KEMF.,2019,241
NV.KEMF.,2019,242
NV.KEMF.,2019,243
NV.KEMF.,2019,244
NV.KEMF.,2019,245
NV.KEMF.,2019,246
NV.KEMF.,2019,247
NV.KEMF.,2019,248
NV.KEMF.,2019,249
NV.KEMF.,2019,294
NV.KEMF.,2019,295
NV.KEMF.,2019,296
NV.KEMF.,2019,297
NV.KEMF.,2019,298
NV.KEMF.,2019,299
NV.KEMF.,2019,300
NV.KEMF.,2019,301
NV.KEMF.,2019,302
NV.KEMF.,2020,29
NV.KEMF.,2020,30
NV.KEMF.,2020,31
NV.KEMF.,2020,32
NV.KEMF.,2020,33
NV.KEMF.,2020,34
NV.KEMF.,2020,35
NV.KEMF.,2020,49
NV.KEMF.,2020,50
NV.KEMF.,2020,51
NV.KEMF.,2020,52
NV.KEMF.,2020,53
NV.KEMF.,2020,54
NV.KEMF.,2020,55
NV.KEMF.,2020,56
NV.KEMF.,2020,57
NV.KEMF.,2020,58
NV.KEMF.,2020,59
NV.KEMF.,2020,60
NV.KEMF.,2020,61
NV.KEMF.,2020,149
NV.KEMF.,2020,150
NV.KEMF.,2020,151
NV.KEMF.,2020,152
NV.KEMF.,2020,153
NV.KEMF.,2020,154
NV.KEMF.,2020,155
NV.KEMF.,2020,156
NV.KEMF.,2020,157
NV.KEMF.,2020,158
NV.KEMF.,2020,159
NV.KEMF.,2021,203
NV.KEMF.,2021,204
NV.KEMF.,2021,205
NV.KEMF.,2021,206
NV.KEMF.,2021,207
NV.KEMF.,2021,208
NV.KEMF.,2021,209
NV.KEMF.,2021,243
NV.KEMF.,2021,244
NV.KEMF.,2021,245
NV.KEMF.,2021,246
NV.KEMF.,2022,18
NV.KEMF.,2022,19
NV.KEMF.,2022,20
NV.KEMF.,2022,21
NV.KEMF.,2022,22
NV.KEMF.,2022,23
NV.KEMF.,2022,24
NV.KEMF.,2022,25
NV.KEMF.,2022,26
NV.KEMF.,2022,27
NV.KEMF.,2022,28
NV.KEMF.,2022,78
NV.KEMF.,2022,79
NV.KEMF.,2022,80
NV.KEMF.,2022,81
NV.KEMF.,2022,82
NV.KEMF.,2022,83
NV.KEMF.,2022,84
NV.KEMF.,2022,85
NV.KEMF.,2022,86
NV.KEMF.,2022,87
NV.KEMF.,2022,88
NV.KEMF.B1,2014,360
NV.KEMF.B1,2014,361
NV.KEMF.B1,2014,362
NV.KEMF.B1,2014,363
NV.KEMF.B1,2014,364
NV.KEMF.B1,2014,365
NV.KEMF.B1,2015,1
NV.KEMF.B1,2015,2
NV.KEMF.B1,2015,3
NV.KEMF.B1,2015,4
NV.KEMF.B1,2015,5
NV.KEMF.B1,2016,70
NV.KEMF.B1,2016,71
NV.KEMF.B1,2016,72
NV.KEMF.B1,2016,73
NV.KEMF.B1,2016,74
NV.KEMF.B1,2016,75
NV.KEMF.B1,2016,76
NV.KEMF.B1,2016,77
NV.KEMF.B1,2016,78
NV.KEMF.B1,2016,79
NV.KEMF.B1,2016,80
NV.KEMF.B1,2016,81
NV.KEMF.B1,2017,124
NV.KEMF.B1,2017,125
NV.KEMF.B1,2017,126
NV.KEMF.B1,2017,127
NV.KEMF.B1,2017,128
NV.KEMF.B1,2017,129
NV.KEMF.B1,2017,130
NV.KEMF.B1,2017,131
NV.KEMF.B1,2017,132
NV.KEMF.B1,2017,133
NV.KEMF.B1,2017,134
NV.KEMF.B1,2017,135
NV.KEMF.B1,2017,136
NV.KEMF.B1,2017,364
NV.KEMF.B1,2017,365
NV.KEMF.B1,2018,1
NV.KEMF.B1,2018,2
NV.KEMF.B1,2018,3
NV.KEMF.B1,2018,4
NV.KEMF.B1,2018,79
NV.KEMF.B1,2018,99
NV.KEMF.B1,2018,100
NV.KEMF.B1,2018,101
NV.KEMF.B1,2018,102
NV.KEMF.B1,2018,103
NV.KEMF.B1,2018,104
NV.KEMF.B1,2018,105
NV.KEMF.B1,2018,106
NV.KEMF.B1,2018,107
NV.KEMF.B1,2018,108
NV.KEMF.B1,2018,109
NV.KEMF.B1,2018,110
NV.KEMF.B1,2018,111
NV.KEMF.B1,2018,112
NV.KEMF.B1,2018,239
NV.KEMF.B1,2018,240
NV.KEMF.B1,2018,241
NV.KEMF.B1,2018,242
NV.KEMF.B1,2018,243
NV.KEMF.B1,2018,244
NV.KEMF.B1,2018,245
NV.KEMF.B1,2018,246
NV.KEMF.B1,2018,247
NV.KEMF.B1,2018,248
NV.KEMF.B1,2018,249
NV.KEMF.B1,2018,250
NV.KEMF.B1,2018,251
NV.KEMF.B1,2018,252
NV.KEMF.B1,2018,253
NV.KEMF.B1,2018,254
NV.KEMF.B1,2019,214
NV.KEMF.B1,2019,215
NV.KEMF.B1,2019,216
NV.KEMF.B1,2019,217
NV.KEMF.B1,2019,218
NV.KEMF.B1,2019,219
NV.KEMF.B1,2019,220
NV.KEMF.B1,2019,221
NV.KEMF.B1,2019,222
NV.KEMF.B1,2019,223
NV.KEMF.B1,2019,224
NV.KEMF.B1,2019,225
NV.KEMF.B1,2019,226
NV.KEMF.B1,2019,227
NV.KEMF.B1,2019,234
NV.KEMF.B1,2019,235
NV.KEMF.B1,2019,236
NV.KEMF.B1,2019,237
NV.KEMF.B1,2019,238
NV.KEMF.B1,2019,239
NV.KEMF.B1,2019,240
NV.KEMF.B1,2019,241
NV.KEMF.B1,2019,242
NV.KEMF.B1,2019,243
NV.KEMF.B1,2019,244
NV.KEMF.B1,2019,245
NV.KEMF.B1,2019,246
NV.KEMF.B1,2019,247
NV.KEMF.B1,2019,248
NV.KEMF.B1,2019,249
NV.KEMF.B1,2019,294
NV.KEMF.B1,2019,295
NV.KEMF.B1,2019,296
NV.KEMF.B1,2019,297
NV.KEMF.B1,2019,298
NV.KEMF.B1,2019,299
NV.KEMF.B1,2019,300
NV.KEMF.B1,2019,301
NV.KEMF.B1,2019,302
NV.KEMF.B1,2020,29
NV.KEMF.B1,2020,30
NV.KEMF.B1,2020,31
NV.KEMF.B1,2020,32
NV.KEMF.B1,2020,33
NV.KEMF.B1,2020,34
NV.KEMF.B1,2020,35
NV.KEMF.B1,2020,49
NV.KEMF.B1,2020,50
NV.KEMF.B1,2020,51
NV.KEMF.B1,2020,52
NV.KEMF.B1,2020,53
NV.KEMF.B1,2020,54
NV.KEMF.B1,2020,55
NV.KEMF.B1,2020,56
NV.KEMF.B1,2020,57
NV.KEMF.B1,2020,58
NV.KEMF.B1,2020,59
NV.KEMF.B1,2020,60
NV.KEMF.B1,2020,61
NV.KEMF.B1,2020,149
NV.KEMF.B1,2020,150
NV.KEMF.B1,2020,151
NV.KEMF.B1,2020,152
NV.KEMF.B1,2020,153
NV.KEMF.B1,2020,154
NV.KEMF.B1,2020,155
NV.KEMF.B1,2020,156
NV.KEMF.B1,2020,157
NV.KEMF.B1,2020,158
NV.KEMF.B1,2020,159
NV.KEMF.B1,2021,203
NV.KEMF.B1,2021,204
NV.KEMF.B1,2021,205
NV.KEMF.B1,2021,206
NV.KEMF.B1,2021,207
NV.KEMF.B1,2021,208
NV.KEMF.B1,2021,209
NV.KEMF.B1,2021,243
NV.KEMF.B1,2021,244
NV.KEMF.B1,2021,245
NV.KEMF.B1,2021,246
NV.KEMF.B1,2022,18
NV.KEMF.B1,2022,19
NV.KEMF.B1,2022,20
NV.KEMF.B1,2022,21
NV.KEMF.B1,2022,22
NV.KEMF.B1,2022,23
NV.KEMF.B1,2022,24
NV.KEMF.B1,2022,25
NV.KEMF.B1,2022,26
NV.KEMF.B1,2022,27
NV.KEMF.B1,2022,28
NV.KEMF.B1,2022,78
NV.KEMF.B1,2022,79
NV.KEMF.B1,2022,80
NV.KEMF.B1,2022,81
NV.KEMF.B1,2022,82
NV.KEMF.B1,2022,83
NV.KEMF.B1,2022,84
NV.KEMF.B1,2022,85
NV.KEMF.B1,2022,86
NV.KEMF.B1,2022,87
NV.KEMF.B1,2022,88
NV.KEMF.W1,2014,360
NV.KEMF.W1,2014,361
NV.KEMF.W1,2014,362
NV.KEMF.W1,2014,363
NV.KEMF.W1,2014,364
NV.KEMF.W1,2014,365
NV.KEMF.W1,2015,1
NV.KEMF.W1,2015,2
NV.KEMF.W1,2015,3
NV.KEMF.W1,2015,4
NV.KEMF.W1,2015,5
NV.KEMF.W1,2016,70
NV.KEMF.W1,2016,71
NV.KEMF.W1,2016,72
NV.KEMF.W1,2016,73
NV.KEMF.W1,2016,74
NV.KEMF.W1,2016,75
NV.KEMF.W1,2016,76
NV.KEMF.W1,2016,77
NV.KEMF.W1,2016,78
NV.KEMF.W1,2016,79
NV.KEMF.W1,2016,80
NV.KEMF.W1,2016,81
NV.KEMF.W1,2017,124
NV.KEMF.W1,2017,125
NV.KEMF.W1,2017,126
NV.KEMF.W1,2017,127
NV.KEMF.W1,2017,128
NV.KEMF.W1,2017,129
NV.KEMF.W1,2017,130
NV.KEMF.W1,2017,131
NV.KEMF.W1,2017,132
NV.KEMF.W1,2017,133
NV.KEMF.W1,2017,134
NV.KEMF.W1,2017,135
NV.KEMF.W1,2017,136
NV.KEMF.W1,2017,364
NV.KEMF.W1,2017,365
NV.KEMF.W1,2018,1
NV.KEMF.W1,2018,2
NV.KEMF.W1,2018,3
NV.KEMF.W1,2018,4
NV.KEMF.W1,2018,79
NV.KEMF.W1,2018,99
NV.KEMF.W1,2018,100
NV.KEMF.W1,2018,101
NV.KEMF.W1,2018,102
NV.KEMF.W1,2018,103
NV.KEMF.W1,2018,104
NV.KEMF.W1,2018,105
NV.KEMF.W1,2018,106
NV.KEMF.W1,2018,107
NV.KEMF.W1,2018,108
NV.KEMF.W1,2018,109
NV.KEMF.W1,2018,110
NV.KEMF.W1,2018,111
NV.KEMF.W1,2018,112
NV.KEMF.W1,2018,239
NV.KEMF.W1,2018,240
NV.KEMF.W1,2018,241
NV.KEMF.W1,2018,242
NV.KEMF.W1,2018,243
NV.KEMF.W1,2018,244
NV.KEMF.W1,2018,245
NV.KEMF.W1,2018,246
NV.KEMF.W1,2018,247
NV.KEMF.W1,2018,248
NV.KEMF.W1,2018,249
NV.KEMF.W1,2018,250
NV.KEMF.W1,2018,251
NV.KEMF.W1,2018,252
NV.KEMF.W1,2018,253
NV.KEMF.W1,2018,254
NV.KEMF.W1,2019,214
NV.KEMF.W1,2019,215
NV.KEMF.W1,2019,216
NV.KEMF.W1,2019,217
NV.KEMF.W1,2019,218
NV.KEMF.W1,2019,219
NV.KEMF.W1,2019,220
NV.KEMF.W1,2019,221
NV.KEMF.W1,2019,222
NV.KEMF.W1,2019,223
NV.KEMF.W1,2019,224
NV.KEMF.W1,2019,225
NV.KEMF.W1,2019,226
NV.KEMF.W1,2019,227
NV.KEMF.W1,2019,234
NV.KEMF.W1,2019,235
NV.KEMF.W1,2019,236
NV.KEMF.W1,2019,237
NV.KEMF.W1,2019,238
NV.KEMF.W1,2019,239
NV.KEMF.W1,2019,240
NV.KEMF.W1,2019,241
NV.KEMF.W1,2019,242
NV.KEMF.W1,2019,243
NV.KEMF.W1,2019,244
NV.KEMF.W1,2019,245
NV.KEMF.W1,2019,246
NV.KEMF.W1,2019,247
NV.KEMF.W1,2019,248
NV.KEMF.W1,2019,249
NV.KEMF.W1,2019,294
NV.KEMF.W1,2019,295
NV.KEMF.W1,2019,296
NV.KEMF.W1,2019,297
NV.KEMF.W1,2019,298
NV.KEMF.W1,2019,299
NV.KEMF.W1,2019,300
NV.KEMF.W1,2019,301
NV.KEMF.W1,2019,302
NV.KEMF.W1,2020,29
NV.KEMF.W1,2020,30
NV.KEMF.W1,2020,31
NV.KEMF.W1,2020,32
NV.KEMF.W1,2020,33
NV.KEMF.W1,2020,34
NV.KEMF.W1,2020,35
NV.KEMF.W1,2020,49
NV.KEMF.W1,2020,50
NV.KEMF.W1,2020,51
NV.KEMF.W1,2020,52
NV.KEMF.W1,2020,53
NV.KEMF.W1,2020,54
NV.KEMF.W1,2020,55
NV.KEMF.W1,2020,56
NV.KEMF.W1,2020,57
NV.KEMF.W1,2020,58
NV.KEMF.W1,2020,59
NV.KEMF.W1,2020,60
NV.KEMF.W1,2020,61
NV.KEMF.W1,2020,149
NV.KEMF.W1,2020,150
NV.KEMF.W1,2020,151
NV.KEMF.W1,2020,152
NV.KEMF.W1,2020,153
NV.KEMF.W1,2020,154
NV.KEMF.W1,2020,155
NV.KEMF.W1,2020,156
NV.KEMF.W1,2020,157
NV.KEMF.W1,2020,158
NV.KEMF.W1,2020,159
NV.KEMF.W1,2021,203
NV.KEMF.W1,2021,204
NV.KEMF.W1,2021,205
NV.KEMF.W1,2021,206
NV.KEMF.W1,2021,207
NV.KEMF.W1,2021,208
NV.KEMF.W1,2021,209
NV.KEMF.W1,2021,243
NV.KEMF.W1,2021,244
NV.KEMF.W1,2021,245
NV.KEMF.W1,2021,246
NV.KEMF.W1,2022,18
NV.KEMF.W1,2022,19
NV.KEMF.W1,2022,20
NV.KEMF.W1,2022,21
NV.KEMF.W1,2022,22
NV.KEMF.W1,2022,23
NV.KEMF.W1,2022,24
NV.KEMF.W1,2022,25
NV.KEMF.W1,2022,26
NV.KEMF.W1,2022,27
NV.KEMF.W1,2022,28
NV.KEMF.W1,2022,78
NV.KEMF.W1,2022,79
NV.KEMF.W1,2022,80
NV.KEMF.W1,2022,81
NV.KEMF.W1,2022,82
NV.KEMF.W1,2022,83
NV.KEMF.W1,2022,84
NV.KEMF.W1,2022,85
NV.KEMF.W1,2022,86
NV.KEMF.W1,2022,87
NV.KEMF.W1,2022,88
NV.KEMF.W2,2014,360
NV.KEMF.W2,2014,361
NV.KEMF.W2,2014,362
NV.KEMF.W2,2014,363
NV.KEMF.W2,2014,364
NV.KEMF.W2,2014,365
NV.KEMF.W2,2015,1
NV.KEMF.W2,2015,2
NV.KEMF.W2,2015,3
NV.KEMF.W2,2015,4
NV.KEMF.W2,2015,5
NV.KEMF.W2,2016,70
NV.KEMF.W2,2016,71
NV.KEMF.W2,2016,72
NV.KEMF.W2,2016,73
NV.KEMF.W2,2016,74
NV.KEMF.W2,2016,75
NV.KEMF.W2,2016,76
NV.KEMF.W2,2016,77
NV.KEMF.W2,2016,78
NV.KEMF.W2,2016,79
NV.KEMF.W2,2016,80
NV.KEMF.W2,2016,81
NV.KEMF.W2,2017,124
NV.KEMF.W2,2017,125
NV.KEMF.W2,2017,126
NV.KEMF.W2,2017,127
NV.KEMF.W2,2017,128
NV.KEMF.W2,2017,129
NV.KEMF.W2,2017,130
NV.KEMF.W2,2017,131
NV.KEMF.W2,2017,132
NV.KEMF.W2,2017,133
NV.KEMF.W2,2017,134
NV.KEMF.W2,2017,135
NV.KEMF.W2,2017,136
NV.KEMF.W2,2017,364
NV.KEMF.W2,2017,365
NV.KEMF.W2,2018,1
NV.KEMF.W2,2018,2
NV.KEMF.W2,2018,3
NV.KEMF.W2,2018,4
NV.KEMF.W2,2018,79
NV.KEMF.W2,2018,99
NV.KEMF.W2,2018,100
NV.KEMF.W2,2018,101
NV.KEMF.W2,2018,102
NV.KEMF.W2,2018,103
NV.KEMF.W2,2018,104
NV.KEMF.W2,2018,105
NV.KEMF.W2,2018,106
NV.KEMF.W2,2018,107
NV.KEMF.W2,2018,108
NV.KEMF.W2,2018,109
NV.KEMF.W2,2018,110
NV.KEMF.W2,2018,111
NV.KEMF.W2,2018,112
NV.KEMF.W2,2018,239
NV.KEMF.W2,2018,240
NV.KEMF.W2,2018,241
NV.KEMF.W2,2018,242
NV.KEMF.W2,2018,243
NV.KEMF.W2,2018,244
NV.KEMF.W2,2018,245
NV.KEMF.W2,2018,246
NV.KEMF.W2,2018,247
NV.KEMF.W2,2018,248
NV.KEMF.W2,2018,249
NV.KEMF.W2,2018,250
NV.KEMF.W2,2018,251
NV.KEMF.W2,2018,252
NV.KEMF.W2,2018,253
NV.KEMF.W2,2018,254
NV.KEMF.W2,2019,214
NV.KEMF.W2,2019,215
NV.KEMF.W2,2019,216
NV.KEMF.W2,2019,217
NV.KEMF.W2,2019,218
NV.KEMF.W2,2019,219
NV.KEMF.W2,2019,220
NV.KEMF.W2,2019,221
NV.KEMF.W2,2019,222
NV.KEMF.W2,2019,223
NV.KEMF.W2,2019,224
NV.KEMF.W2,2019,225
NV.KEMF.W2,2019,226
NV.KEMF.W2,2019,227
NV.KEMF.W2,2019,234
NV.KEMF.W2,2019,235
NV.KEMF.W2,2019,236
NV.KEMF.W2,2019,237
NV.KEMF.W2,2019,238
NV.KEMF.W2,2019,239
NV.KEMF.W2,2019,240
NV.KEMF.W2,2019,241
NV.KEMF.W2,2019,242
NV.KEMF.W2,2019,243
NV.KEMF.W2,2019,244
NV.KEMF.W2,2019,245
NV.KEMF.W2,2019,246
NV.KEMF.W2,2019,247
NV.KEMF.W2,2019,248
NV.KEMF.W2,2019,249
NV.KEMF.W2,2019,294
NV.KEMF.W2,2019,295
NV.KEMF.W2,2019,296
NV.KEMF.W2,2019,297
NV.KEMF.W2,2019,298
NV.KEMF.W2,2019,299
NV.KEMF.W2,2019,300
NV.KEMF.W2,2019,301
NV.KEMF.W2,2019,302
NV.KEMF.W2,2020,29
NV.KEMF.W2,2020,30
NV.KEMF.W2,2020,31
NV.KEMF.W2,2020,32
NV.KEMF.W2,2020,33
NV.KEMF.W2,2020,34
NV.KEMF.W2,2020,35
NV.KEMF.W2,2020,49
NV.KEMF.W2,2020,50
NV.KEMF.W2,2020,51
NV.KEMF.W2,2020,52
NV.KEMF.W2,2020,53
NV.KEMF.W2,2020,54
NV.KEMF.W2,2020,55
NV.KEMF.W2,2020,56
NV.KEMF.W2,2020,57
NV.KEMF.W2,2020,58
NV.KEMF.W2,2020,59
NV.KEMF.W2,2020,60
NV.KEMF.W2,2020,61
NV.KEMF.W2,2020,149
NV.KEMF.W2,2020,150
NV.KEMF.W2,2020,151
NV.KEMF.W2,2020,152
NV.KEMF.W2,2020,153
NV.KEMF.W2,2020,154
NV.KEMF.W2,2020,155
NV.KEMF.W2,2020,156
NV.KEMF.W2,2020,157
NV.KEMF.W2,2020,158
NV.KEMF.W2,2020,159
NV.KEMF.W2,2021,203
NV.KEMF.W2,2021,204
NV.KEMF.W2,2021,205
NV.KEMF.W2,2021,206
NV.KEMF.W2,2021,207
NV.KEMF.W2,2021,208
NV.KEMF.W2,2021,209
NV.KEMF.W2,2021,243
NV.KEMF.W2,2021,244
NV.KEMF.W2,2021,245
NV.KEMF.W2,2021,246
NV.KEMF.W2,2022,18
NV.KEMF.W2,2022,19
NV.KEMF.W2,2022,20
NV.KEMF.W2,2022,21
NV.KEMF.W2,2022,22
NV.KEMF.W2,2022,23
NV.KEMF.W2,2022,24
NV.KEMF.W2,2022,25
NV.KEMF.W2,2022,26
NV.KEMF.W2,2022,27
NV.KEMF.W2,2022,28
NV.KEMF.W2,2022,78
NV.KEMF.W2,2022,79
NV.KEMF.W2,2022,80
NV.KEMF.W2,2022,81
NV.KEMF.W2,2022,82
NV.KEMF.W2,2022,83
NV.KEMF.W2,2022,84
NV.KEMF.W2,2022,85
NV.KEMF.W2,2022,86
NV.KEMF.W2,2022,87
NV.KEMF.W2,2022,88
NV.KEMF.W3,2014,360
NV.KEMF.W3,2014,361
NV.KEMF.W3,2014,362
NV.KEMF.W3,2014,363
NV.KEMF.W3,2014,364
NV.KEMF.W3,2014,365
NV.KEMF.W3,2015,1
NV.KEMF.W3,2015,2
NV.KEMF.W3,2015,3
NV.KEMF.W3,2015,4
NV.KEMF.W3,2015,5
NV.KEMF.W3,2016,70
NV.KEMF.W3,2016,71
NV.KEMF.W3,2016,72
NV.KEMF.W3,2016,73
NV.KEMF.W3,2016,74
NV.KEMF.W3,2016,75
NV.KEMF.W3,2016,76
NV.KEMF.W3,2016,77
NV.KEMF.W3,2016,78
NV.KEMF.W3,2016,79
NV.KEMF.W3,2016,80
NV.KEMF.W3,2016,81
NV.KEMF.W3,2017,124
NV.KEMF.W3,2017,125
NV.KEMF.W3,2017,126
NV.KEMF.W3,2017,127
NV.KEMF.W3,2017,128
NV.KEMF.W3,2017,129
NV.KEMF.W3,2017,130
NV.KEMF.W3,2017,131
NV.KEMF.W3,2017,132
NV.KEMF.W3,2017,133
NV.KEMF.W3,2017,134
NV.KEMF.W3,2017,135
NV.KEMF.W3,2017,136
NV.KEMF.W3,2017,364
NV.KEMF.W3,2017,365
NV.KEMF.W3,2018,1
NV.KEMF.W3,2018,2
NV.KEMF.W3,2018,3
NV.KEMF.W3,2018,4
NV.KEMF.W3,2018,79
NV.KEMF.W3,2018,99
NV.KEMF.W3,2018,100
NV.KEMF.W3,2018,101
NV.KEMF.W3,2018,102
NV.KEMF.W3,2018,103
NV.KEMF.W3,2018,104
NV.KEMF.W3,2018,105
NV.KEMF.W3,2018,106
NV.KEMF.W3,2018,107
NV.KEMF.W3,2018,108
NV.KEMF.W3,2018,109
NV.KEMF.W3,2018,110
NV.KEMF.W3,2018,111
NV.KEMF.W3,2018,112
NV.KEMF.W3,2018,239
NV.KEMF.W3,2018,240
NV.KEMF.W3,2018,241
NV.KEMF.W3,2018,242
NV.KEMF.W3,2018,243
NV.KEMF.W3,2018,244
NV.KEMF.W3,2018,245
NV.KEMF.W3,2018,246
NV.KEMF.W3,2018,247
NV.KEMF.W3,2018,248
NV.KEMF.W3,2018,249
NV.KEMF.W3,2018,250
NV.KEMF.W3,2018,251
NV.KEMF.W3,2018,252
NV.KEMF.W3,2018,253
NV.KEMF.W3,2018,254
NV.KEMF.W3,2019,214
NV.KEMF.W3,2019,215
NV.KEMF.W3,2019,216
NV.KEMF.W3,2019,217
NV.KEMF.W3,2019,218
NV.KEMF.W3,2019,219
NV.KEMF.W3,2019,220
NV.KEMF.W3,2019,221
NV.KEMF.W3,2019,222
NV.KEMF.W3,2019,223
NV.KEMF.W3,2019,224
NV.KEMF.W3,2019,225
NV.KEMF.W3,2019,226
NV.KEMF.W3,2019,227
NV.KEMF.W3,2019,234
NV.KEMF.W3,2019,235
NV.KEMF.W3,2019,236
NV.KEMF.W3,2019,237
NV.KEMF.W3,2019,238
NV.KEMF.W3,2019,239
NV.KEMF.W3,2019,240
NV.KEMF.W3,2019,241
NV.KEMF.W3,2019,242
NV.KEMF.W3,2019,243
NV.KEMF.W3,2019,244
NV.KEMF.W3,2019,245
NV.KEMF.W3,2019,246
NV.KEMF.W3,2019,247
NV.KEMF.W3,2019,248
NV.KEMF.W3,2019,249
NV.KEMF.W3,2019,294
NV.KEMF.W3,2019,295
NV.KEMF.W3,2019,296
NV.KEMF.W3,2019,297
NV.KEMF.W3,2019,298
NV.KEMF.W3,2019,299
NV.KEMF.W3,2019,300
NV.KEMF.W3,2019,301
NV.KEMF.W3,2019,302
NV.KEMF.W3,2020,29
NV.KEMF.W3,2020,30
NV.KEMF.W3,2020,31
NV.KEMF.W3,2020,32
NV.KEMF.W3,2020,33
NV.KEMF.W3,2020,34
NV.KEMF.W3,2020,35
NV.KEMF.W3,2020,49
NV.KEMF.W3,2020,50
NV.KEMF.W3,2020,51
NV.KEMF.W3,2020,52
NV.KEMF.W3,2020,53
NV.KEMF.W3,2020,54
NV.KEMF.W3,2020,55
NV.KEMF.W3,2020,56
NV.KEMF.W3,2020,57
NV.KEMF.W3,2020,58
NV.KEMF.W3,2020,59
NV.KEMF.W3,2020,60
NV.KEMF.W3,2020,61
NV.KEMF.W3,2020,149
NV.KEMF.W3,2020,150
NV.KEMF.W3,2020,151
NV.KEMF.W3,2020,152
NV.KEMF.W3,2020,153
NV.KEMF.W3,2020,154
NV.KEMF.W3,2020,155
NV.KEMF.W3,2020,156
NV.KEMF.W3,2020,157
NV.KEMF.W3,2020,158
NV.KEMF.W3,2020,159
NV.KEMF.W3,2021,203
NV.KEMF.W3,2021,204
NV.KEMF.W3,2021,205
NV.KEMF.W3,2021,206
NV.KEMF.W3,2021,207
NV.KEMF.W3,2021,208
NV.KEMF.W3,2021,209
NV.KEMF.W3,2021,243
NV.KEMF.W3,2021,244
NV.KEMF.W3,2021,245
NV.KEMF.W3,2021,246
NV.KEMF.W3,2022,18
NV.KEMF.W3,2022,19
NV.KEMF.W3,2022,20
NV.KEMF.W3,2022,21
NV.KEMF.W3,2022,22
NV.KEMF.W3,2022,23
NV.KEMF.W3,2022,24
NV.KEMF.W3,2022,25
NV.KEMF.W3,2022,26
NV.KEMF.W3,2022,27
NV.KEMF.W3,2022,28
NV.KEMF.W3,2022,78
NV.KEMF.W3,2022,79
NV.KEMF.W3,2022,80
NV.KEMF.W3,2022,81
NV.KEMF.W3,2022,82
NV.KEMF.W3,2022,83
NV.KEMF.W3,2022,84
NV.KEMF.W3,2022,85
NV.KEMF.W3,2022,86
NV.KEMF.W3,2022,87
NV.KEMF.W3,2022,88
NV.KEMF.Z1,2014,360
NV.KEMF.Z1,2014,361
NV.KEMF.Z1,2014,362
NV.KEMF.Z1,2014,363
NV.KEMF.Z1,2014,364
NV.KEMF.Z1,2014,365
NV.KEMF.Z1,2015,1
NV.KEMF.Z1,2015,2
NV.KEMF.Z1,2015,3
NV.KEMF.Z1,2015,4
NV.KEMF.Z1,2015,5
NV.KEMF.Z1,2016,70
NV.KEMF.Z1,2016,71
NV.KEMF.Z1,2016,72
NV.KEMF.Z1,2016,73
NV.KEMF.Z1,2016,74
NV.KEMF.Z1,2016,75
NV.KEMF.Z1,2016,76
NV.KEMF.Z1,2016,77
NV.KEMF.Z1,2016,78
NV.KEMF.Z1,2016,79
NV.KEMF.Z1,2016,80
NV.KEMF.Z1,2016,81
NV.KEMF.Z1,2017,124
NV.KEMF.Z1,2017,125
NV.KEMF.Z1,2017,126
NV.KEMF.Z1,2017,127
NV.KEMF.Z1,2017,128
NV.KEMF.Z1,2017,129
NV.KEMF.Z1,2017,130
NV.KEMF.Z1,2017,131
NV.KEMF.Z1,2017,132
NV.KEMF.Z1,2017,133
NV.KEMF.Z1,2017,134
NV.KEMF.Z1,2017,135
NV.KEMF.Z1,2017,136
NV.KEMF.Z1,2017,364
NV.KEMF.Z1,2017,365
NV.KEMF.Z1,2018,1
NV.KEMF.Z1,2018,2
NV.KEMF.Z1,2018,3
NV.KEMF.Z1,2018,4
NV.KEMF.Z1,2018,79
NV.KEMF.Z1,2018,99
NV.KEMF.Z1,2018,100
NV.KEMF.Z1,2018,101
NV.KEMF.Z1,2018,102
NV.KEMF.Z1,2018,103
NV.KEMF.Z1,2018,104
NV.KEMF.Z1,2018,105
NV.KEMF.Z1,2018,106
NV.KEMF.Z1,2018,107
NV.KEMF.Z1,2018,108
NV.KEMF.Z1,2018,109
NV.KEMF.Z1,2018,110
NV.KEMF.Z1,2018,111
NV.KEMF.Z1,2018,112
NV.KEMF.Z1,2018,239
NV.KEMF.Z1,2018,240
NV.KEMF.Z1,2018,241
NV.KEMF.Z1,2018,242
NV.KEMF.Z1,2018,243
NV.KEMF.Z1,2018,244
NV.KEMF.Z1,2018,245
NV.KEMF.Z1,2018,246
NV.KEMF.Z1,2018,247
NV.KEMF.Z1,2018,248
NV.KEMF.Z1,2018,249
NV.KEMF.Z1,2018,250
NV.KEMF.Z1,2018,251
NV.KEMF.Z1,2018,252
NV.KEMF.Z1,2018,253
NV.KEMF.Z1,2018,254
NV.KEMF.Z1,2019,214
NV.KEMF.Z1,2019,215
NV.KEMF.Z1,2019,216
NV.KEMF.Z1,2019,217
NV.KEMF.Z1,2019,218
NV.KEMF.Z1,2019,219
NV.KEMF.Z1,2019,220
NV.KEMF.Z1,2019,221
NV.KEMF.Z1,2019,222
NV.KEMF.Z1,2019,223
NV.KEMF.Z1,2019,224
NV.KEMF.Z1,2019,225
NV.KEMF.Z1,2019,226
NV.KEMF.Z1,2019,227
NV.KEMF.Z1,2019,234
NV.KEMF.Z1,2019,235
NV.KEMF.Z1,2019,236
NV.KEMF.Z1,2019,237
NV.KEMF.Z1,2019,238
NV.KEMF.Z1,2019,239
NV.KEMF.Z1,2019,240
NV.KEMF.Z1,2019,241
NV.KEMF.Z1,2019,242
NV.KEMF.Z1,2019,243
NV.KEMF.Z1,2019,244
NV.KEMF.Z1,2019,245
NV.KEMF.Z1,2019,246
NV.KEMF.Z1,2019,247
NV.KEMF.Z1,2019,248
NV.KEMF.Z1,2019,249
NV.KEMF.Z1,2019,294
NV.KEMF.Z1,2019,295
NV.KEMF.Z1,2019,296
NV.KEMF.Z1,2019,297
NV.KEMF.Z1,2019,298
NV.KEMF.Z1,2019,299
NV.KEMF.Z1,2019,300
NV.KEMF.Z1,2019,301
NV.KEMF.Z1,2019,302
NV.KEMF.Z1,2020,29
NV.KEMF.Z1,2020,30
NV.KEMF.Z1,2020,31
NV.KEMF.Z1,2020,32
NV.KEMF.Z1,2020,33
NV.KEMF.Z1,2020,34
NV.KEMF.Z1,2020,35
NV.KEMF.Z1,2020,49
NV.KEMF.Z1,2020,50
NV.KEMF.Z1,2020,51
NV.KEMF.Z1,2020,52
NV.KEMF.Z1,2020,53
NV.KEMF.Z1,2020,54
NV.KEMF.Z1,2020,55
NV.KEMF.Z1,2020,56
NV.KEMF.Z1,2020,57
NV.KEMF.Z1,2020,58
NV.KEMF.Z1,2020,59
NV.KEMF.Z1,2020,60
NV.KEMF.Z1,2020,61
NV.KEMF.Z1,2020,149
NV.KEMF.Z1,2020,150
NV.KEMF.Z1,2020,151
NV.KEMF.Z1,2020,152
NV.KEMF.Z1,2020,153
NV.KEMF.Z1,2020,154
NV.KEMF.Z1,2020,155
NV.KEMF.Z1,2020,156
NV.KEMF.Z1,2020,157
NV.KEMF.Z1,2020,158
NV.KEMF.Z1,2020,159
NV.KEMF.Z1,2021,203
NV.KEMF.Z1,2021,204
NV.KEMF.Z1,2021,205
NV.KEMF.Z1,2021,206
NV.KEMF.Z1,2021,207
NV.KEMF.Z1,2021,208
NV.KEMF.Z1,2021,209
NV.KEMF.Z1,2021,243
NV.KEMF.Z1,2021,244
NV.KEMF.Z1,2021,245
NV.KEMF.Z1,2021,246
NV.KEMF.Z1,2022,18
NV.KEMF.Z1,2022,19
NV.KEMF.Z1,2022,20
NV.KEMF.Z1,2022,21
NV.KEMF.Z1,2022,22
NV.KEMF.Z1,2022,23
NV.KEMF.Z1,2022,24
NV.KEMF.Z1,2022,25
NV.KEMF.Z1,2022,26
NV.KEMF.Z1,2022,27
NV.KEMF.Z1,2022,28
NV.KEMF.Z1,2022,78
NV.KEMF.Z1,2022,79
NV.KEMF.Z1,2022,80
NV.KEMF.Z1,2022,81
NV.KEMF.Z1,2022,82
NV.KEMF.Z1,2022,83
NV.KEMF.Z1,2022,84
NV.KEMF.Z1,2022,85
NV.KEMF.Z1,2022,86
NV.KEMF.Z1,2022,87
NV.KEMF.Z1,2022,88
NV.KEMF.Z2,2014,360
NV.KEMF.Z2,2014,361
NV.KEMF.Z2,2014,362
NV.KEMF.Z2,2014,363
NV.KEMF.Z2,2014,364
NV.KEMF.Z2,2014,365
NV.KEMF.Z2,2015,1
NV.KEMF.Z2,2015,2
NV.KEMF.Z2,2015,3
NV.KEMF.Z2,2015,4
NV.KEMF.Z2,2015,5
NV.KEMF.Z2,2016,70
NV.KEMF.Z2,2016,71
NV.KEMF.Z2,2016,72
NV.KEMF.Z2,2016,73
NV.KEMF.Z2,2016,74
NV.KEMF.Z2,2016,75
NV.KEMF.Z2,2016,76
NV.KEMF.Z2,2016,77
NV.KEMF.Z2,2016,78
NV.KEMF.Z2,2016,79
NV.KEMF.Z2,2016,80
NV.KEMF.Z2,2016,81
NV.KEMF.Z2,2017,124
NV.KEMF.Z2,2017,125
NV.KEMF.Z2,2017,126
NV.KEMF.Z2,2017,127
NV.KEMF.Z2,2017,128
NV.KEMF.Z2,2017,129
NV.KEMF.Z2,2017,130
NV.KEMF.Z2,2017,131
NV.KEMF.Z2,2017,132
NV.KEMF.Z2,2017,133
NV.KEMF.Z2,2017,134
NV.KEMF.Z2,2017,135
NV.KEMF.Z2,2017,136
NV.KEMF.Z2,2017,364
NV.KEMF.Z2,2017,365
NV.KEMF.Z2,2018,1
NV.KEMF.Z2,2018,2
NV.KEMF.Z2,2018,3
NV.KEMF.Z2,2018,4
NV.KEMF.Z2,2018,79
NV.KEMF.Z2,2018,99
NV.KEMF.Z2,2018,100
NV.KEMF.Z2,2018,101
NV.KEMF.Z2,2018,102
NV.KEMF.Z2,2018,103
NV.KEMF.Z2,2018,104
NV.KEMF.Z2,2018,105
NV.KEMF.Z2,2018,106
NV.KEMF.Z2,2018,107
NV.KEMF.Z2,2018,108
NV.KEMF.Z2,2018,109
NV.KEMF.Z2,2018,110
NV.KEMF.Z2,2018,111
NV.KEMF.Z2,2018,112
NV.KEMF.Z2,2018,239
NV.KEMF.Z2,2018,240
NV.KEMF.Z2,2018,241
NV.KEMF.Z2,2018,242
NV.KEMF.Z2,2018,243
NV.KEMF.Z2,2018,244
NV.KEMF.Z2,2018,245
NV.KEMF.Z2,2018,246
NV.KEMF.Z2,2018,247
NV.KEMF.Z2,2018,248
NV.KEMF.Z2,2018,249
NV.KEMF.Z2,2018,250
NV.KEMF.Z2,2018,251
NV.KEMF.Z2,2018,252
NV.KEMF.Z2,2018,253
NV.KEMF.Z2,2018,254
NV.KEMF.Z2,2019,214
NV.KEMF.Z2,2019,215
NV.KEMF.Z2,2019,216
NV.KEMF.Z2,2019,217
NV.KEMF.Z2,2019,218
NV.KEMF.Z2,2019,219
NV.KEMF.Z2,2019,220
NV.KEMF.Z2,2019,221
NV.KEMF.Z2,2019,222
NV.KEMF.Z2,2019,223
NV.KEMF.Z2,2019,224
NV.KEMF.Z2,2019,225
NV.KEMF.Z2,2019,226
NV.KEMF.Z2,2019,227
NV.KEMF.Z2,2019,234
NV.KEMF.Z2,2019,235
NV.KEMF.Z2,2019,236
NV.KEMF.Z2,2019,237
NV.KEMF.Z2,2019,238
NV.KEMF.Z2,2019,239
NV.KEMF.Z2,2019,240
NV.KEMF.Z2,2019,241
NV.KEMF.Z2,2019,242
NV.KEMF.Z2,2019,243
NV.KEMF.Z2,2019,244
NV.KEMF.Z2,2019,245
NV.KEMF.Z2,2019,246
NV.KEMF.Z2,2019,247
NV.KEMF.Z2,2019,248
NV.KEMF.Z2,2019,249
NV.KEMF.Z2,2019,294
NV.KEMF.Z2,2019,295
NV.KEMF.Z2,2019,296
NV.KEMF.Z2,2019,297
NV.KEMF.Z2,2019,298
NV.KEMF.Z2,2019,299
NV.KEMF.Z2,2019,300
NV.KEMF.Z2,2019,301
NV.KEMF.Z2,2019,302
NV.KEMF.Z2,2020,29
NV.KEMF.Z2,2020,30
NV.KEMF.Z2,2020,31
NV.KEMF.Z2,2020,32
NV.KEMF.Z2,2020,33
NV.KEMF.Z2,2020,34
NV.KEMF.Z2,2020,35
NV.KEMF.Z2,2020,49
NV.KEMF.Z2,2020,50
NV.KEMF.Z2,2020,51
NV.KEMF.Z2,2020,52
NV.KEMF.Z2,2020,53
NV.KEMF.Z2,2020,54
NV.KEMF.Z2,2020,55
NV.KEMF.Z2,2020,56
NV.KEMF.Z2,2020,57
NV.KEMF.Z2,2020,58
NV.KEMF.Z2,2020,59
NV.KEMF.Z2,2020,60
NV.KEMF.Z2,2020,61
NV.KEMF.Z2,2020,149
NV.KEMF.Z2,2020,150
NV.KEMF.Z2,2020,151
NV.KEMF.Z2,2020,152
NV.KEMF.Z2,2020,153
NV.KEMF.Z2,2020,154
NV.KEMF.Z2,2020,155
NV.KEMF.Z2,2020,156
NV.KEMF.Z2,2020,157
NV.KEMF.Z2,2020,158
NV.KEMF.Z2,2020,159
NV.KEMF.Z2,2021,203
NV.KEMF.Z2,2021,204
NV.KEMF.Z2,2021,205
NV.KEMF.Z2,2021,206
NV.KEMF.Z2,2021,207
NV.KEMF.Z2,2021,208
NV.KEMF.Z2,2021,209
NV.KEMF.Z2,2021,243
NV.KEMF.Z2,2021,244
NV.KEMF.Z2,2021,245
NV.KEMF.Z2,2021,246
NV.KEMF.Z2,2022,18
NV.KEMF.Z2,2022,19
NV.KEMF.Z2,2022,20
NV.KEMF.Z2,2022,21
NV.KEMF.Z2,2022,22
NV.KEMF.Z2,2022,23
NV.KEMF.Z2,2022,24
NV.KEMF.Z2,2022,25
NV.KEMF.Z2,2022,26
NV.KEMF.Z2,2022,27
NV.KEMF.Z2,2022,28
NV.KEMF.Z2,2022,78
NV.KEMF.Z2,2022,79
NV.KEMF.Z2,2022,80
NV.KEMF.Z2,2022,81
NV.KEMF.Z2,2022,82
NV.KEMF.Z2,2022,83
NV.KEMF.Z2,2022,84
NV.KEMF.Z2,2022,85
NV.KEMF.Z2,2022,86
NV.KEMF.Z2,2022,87
NV.KEMF.Z2,2022,88
NV.KEMF.Z3,2014,360
NV.KEMF.Z3,2014,361
NV.KEMF.Z3,2014,362
NV.KEMF.Z3,2014,363
NV.KEMF.Z3,2014,364
NV.KEMF.Z3,2014,365
NV.KEMF.Z3,2015,1
NV.KEMF.Z3,2015,2
NV.KEMF.Z3,2015,3
NV.KEMF.Z3,2015,4
NV.KEMF.Z3,2015,5
NV.KEMF.Z3,2016,70
NV.KEMF.Z3,2016,71
NV.KEMF.Z3,2016,72
NV.KEMF.Z3,2016,73
NV.KEMF.Z3,2016,74
NV.KEMF.Z3,2016,75
NV.KEMF.Z3,2016,76
NV.KEMF.Z3,2016,77
NV.KEMF.Z3,2016,78
NV.KEMF.Z3,2016,79
NV.KEMF.Z3,2016,80
NV.KEMF.Z3,2016,81
NV.KEMF.Z3,2017,124
NV.KEMF.Z3,2017,125
NV.KEMF.Z3,2017,126
NV.KEMF.Z3,2017,127
NV.KEMF.Z3,2017,128
NV.KEMF.Z3,2017,129
NV.KEMF.Z3,2017,130
NV.KEMF.Z3,2017,131
NV.KEMF.Z3,2017,132
NV.KEMF.Z3,2017,133
NV.KEMF.Z3,2017,134
NV.KEMF.Z3,2017,135
NV.KEMF.Z3,2017,136
NV.KEMF.Z3,2017,364
NV.KEMF.Z3,2017,365
NV.KEMF.Z3,2018,1
NV.KEMF.Z3,2018,2
NV.KEMF.Z3,2018,3
NV.KEMF.Z3,2018,4
NV.KEMF.Z3,2018,79
NV.KEMF.Z3,2018,99
NV.KEMF.Z3,2018,100
NV.KEMF.Z3,2018,101
NV.KEMF.Z3,2018,102
NV.KEMF.Z3,2018,103
NV.KEMF.Z3,2018,104
NV.KEMF.Z3,2018,105
NV.KEMF.Z3,2018,106
NV.KEMF.Z3,2018,107
NV.KEMF.Z3,2018,108
NV.KEMF.Z3,2018,109
NV.KEMF.Z3,2018,110
NV.KEMF.Z3,2018,111
NV.KEMF.Z3,2018,112
NV.KEMF.Z3,2018,239
NV.KEMF.Z3,2018,240
NV.KEMF.Z3,2018,241
NV.KEMF.Z3,2018,242
NV.KEMF.Z3,2018,243
NV.KEMF.Z3,2018,244
NV.KEMF.Z3,2018,245
NV.KEMF.Z3,2018,246
NV.KEMF.Z3,2018,247
NV.KEMF.Z3,2018,248
NV.KEMF.Z3,2018,249
NV.KEMF.Z3,2018,250
NV.KEMF.Z3,2018,251
NV.KEMF.Z3,2018,252
NV.KEMF.Z3,2018,253
NV.KEMF.Z3,2018,254
NV.KEMF.Z3,2019,214
NV.KEMF.Z3,2019,215
NV.KEMF.Z3,2019,216
NV.KEMF.Z3,2019,217
NV.KEMF.Z3,2019,218
NV.KEMF.Z3,2019,219
NV.KEMF.Z3,2019,220
NV.KEMF.Z3,2019,221
NV.KEMF.Z3,2019,222
NV.KEMF.Z3,2019,223
NV.KEMF.Z3,2019,224
NV.KEMF.Z3,2019,225
NV.KEMF.Z3,2019,226
NV.KEMF.Z3,2019,227
NV.KEMF.Z3,2019,234
NV.KEMF.Z3,2019,235
NV.KEMF.Z3,2019,236
NV.KEMF.Z3,2019,237
NV.KEMF.Z3,2019,238
NV.KEMF.Z3,2019,239
NV.KEMF.Z3,2019,240
NV.KEMF.Z3,2019,241
NV.KEMF.Z3,2019,242
NV.KEMF.Z3,2019,243
NV.KEMF.Z3,2019,244
NV.KEMF.Z3,2019,245
NV.KEMF.Z3,2019,246
NV.KEMF.Z3,2019,247
NV.KEMF.Z3,2019,248
NV.KEMF.Z3,2019,249
NV.KEMF.Z3,2019,294
NV.KEMF.Z3,2019,295
NV.KEMF.Z3,2019,296
NV.KEMF.Z3,2019,297
NV.KEMF.Z3,2019,298
NV.KEMF.Z3,2019,299
NV.KEMF.Z3,2019,300
NV.KEMF.Z3,2019,301
NV.KEMF.Z3,2019,302
NV.KEMF.Z3,2020,29
NV.KEMF.Z3,2020,30
NV.KEMF.Z3,2020,31
NV.KEMF.Z3,2020,32
NV.KEMF.Z3,2020,33
NV.KEMF.Z3,2020,34
NV.KEMF.Z3,2020,35
NV.KEMF.Z3,2020,49
NV.KEMF.Z3,2020,50
NV.KEMF.Z3,2020,51
NV.KEMF.Z3,2020,52
NV.KEMF.Z3,2020,53
NV.KEMF.Z3,2020,54
NV.KEMF.Z3,2020,55
NV.KEMF.Z3,2020,56
NV.KEMF.Z3,2020,57
NV.KEMF.Z3,2020,58
NV.KEMF.Z3,2020,59
NV.KEMF.Z3,2020,60
NV.KEMF.Z3,2020,61
NV.KEMF.Z3,2020,149
NV.KEMF.Z3,2020,150
NV.KEMF.Z3,2020,151
NV.KEMF.Z3,2020,152
NV.KEMF.Z3,2020,153
NV.KEMF.Z3,2020,154
NV.KEMF.Z3,2020,155
NV.KEMF.Z3,2020,156
NV.KEMF.Z3,2020,157
NV.KEMF.Z3,2020,158
NV.KEMF.Z3,2020,159
NV.KEMF.Z3,2021,203
NV.KEMF.Z3,2021,204
NV.KEMF.Z3,2021,205
NV.KEMF.Z3,2021,206
NV.KEMF.Z3,2021,207
NV.KEMF.Z3,2021,208
NV.KEMF.Z3,2021,209
NV.KEMF.Z3,2021,243
NV.KEMF.Z3,2021,244
NV.KEMF.Z3,2021,245
NV.KEMF.Z3,2021,246
NV.KEMF.Z3,2022,18
NV.KEMF.Z3,2022,19
NV.KEMF.Z3,2022,20
NV.KEMF.Z3,2022,21
NV.KEMF.Z3,2022,22
NV.KEMF.Z3,2022,23
NV.KEMF.Z3,2022,24
NV.KEMF.Z3,2022,25
NV.KEMF.Z3,2022,26
NV.KEMF.Z3,2022,27
NV.KEMF.Z3,2022,28
NV.KEMF.Z3,2022,78
NV.KEMF.Z3,2022,79
NV.KEMF.Z3,2022,80
NV.KEMF.Z3,2022,81
NV.KEMF.Z3,2022,82
NV.KEMF.Z3,2022,83
NV.KEMF.Z3,2022,84
NV.KEMF.Z3,2022,85
NV.KEMF.Z3,2022,86
NV.KEMF.Z3,2022,87
NV.KEMF.Z3,2022,88
NV.KEMO.,2016,70
NV.KEMO.,2016,71
NV.KEMO.,2016,72
NV.KEMO.,2016,73
NV.KEMO.,2016,74
NV.KEMO.,2016,75
NV.KEMO.,2016,76
NV.KEMO.,2016,77
NV.KEMO.,2016,78
NV.KEMO.,2016,79
NV.KEMO.,2016,80
NV.KEMO.,2016,81
NV.KEMO.,2017,124
NV.KEMO.,2017,125
NV.KEMO.,2017,126
NV.KEMO.,2017,127
NV.KEMO.,2017,128
NV.KEMO.,2017,129
NV.KEMO.,2017,130
NV.KEMO.,2017,131
NV.KEMO.,2017,132
NV.KEMO.,2017,133
NV.KEMO.,2017,134
NV.KEMO.,2017,135
NV.KEMO.,2017,136
NV.KEMO.,2017,364
NV.KEMO.,2017,365
NV.KEMO.,2018,1
NV.KEMO.,2018,2
NV.KEMO.,2018,3
NV.KEMO.,2018,4
NV.KEMO.,2018,79
NV.KEMO.,2018,99
NV.KEMO.,2018,100
NV.KEMO.,2018,101
NV.KEMO.,2018,102
NV.KEMO.,2018,103
NV.KEMO.,2018,104
NV.KEMO.,2018,105
NV.KEMO.,2018,106
NV.KEMO.,2018,107
NV.KEMO.,2018,108
NV.KEMO.,2018,109
NV.KEMO.,2018,110
NV.KEMO.,2018,111
NV.KEMO.,2018,112
NV.KEMO.,2018,239
NV.KEMO.,2018,240
NV.KEMO.,2018,241
NV.KEMO.,2018,242
NV.KEMO.,2018,243
NV.KEMO.,2018,244
NV.KEMO.,2018,245
NV.KEMO.,2018,246
NV.KEMO.,2018,247
NV.KEMO.,2018,248
NV.KEMO.,2018,249
NV.KEMO.,2018,250
NV.KEMO.,2018,251
NV.KEMO.,2018,252
NV.KEMO.,2018,253
NV.KEMO.,2018,254
NV.KEMO.,2019,214
NV.KEMO.,2019,215
NV.KEMO.,2019,216
NV.KEMO.,2019,217
NV.KEMO.,2019,218
NV.KEMO.,2019,219
NV.KEMO.,2019,220
NV.KEMO.,2019,221
NV.KEMO.,2019,222
NV.KEMO.,2019,223
NV.KEMO.,2019,224
NV.KEMO.,2019,225
NV.KEMO.,2019,226
NV.KEMO.,2019,227
NV.KEMO.,2019,234
NV.KEMO.,2019,235
NV.KEMO.,2019,236
NV.KEMO.,2019,237
NV.KEMO.,2019,238
NV.KEMO.,2019,239
NV.KEMO.,2019,240
NV.KEMO.,2019,241
NV.KEMO.,2019,242
NV.KEMO.,2019,243
NV.KEMO.,2019,244
NV.KEMO.,2019,245
NV.KEMO.,2019,246
NV.KEMO.,2019,247
NV.KEMO.,2019,248
NV.KEMO.,2019,249
NV.KEMO.,2019,294
NV.KEMO.,2019,295
NV.KEMO.,2019,296
NV.KEMO.,2019,297
NV.KEMO.,2019,298
NV.KEMO.,2019,299
NV.KEMO.,2019,300
NV.KEMO.,2019,301
NV.KEMO.,2019,302
NV.KEMO.,2020,29
NV.KEMO.,2020,30
NV.KEMO.,2020,31
NV.KEMO.,2020,32
NV.KEMO.,2020,33
NV.KEMO.,2020,34
NV.KEMO.,2020,35
NV.KEMO.,2020,49
NV.KEMO.,2020,50
NV.KEMO.,2020,51
NV.KEMO.,2020,52
NV.KEMO.,2020,53
NV.KEMO.,2020,54
NV.KEMO.,2020,55
NV.KEMO.,2020,56
NV.KEMO.,2020,57
NV.KEMO.,2020,58
NV.KEMO.,2020,59
NV.KEMO.,2020,60
NV.KEMO.,2020,61
NV.KEMO.,2020,149
NV.KEMO.,2020,150
NV.KEMO.,2020,151
NV.KEMO.,2020,152
NV.KEMO.,2020,153
NV.KEMO.,2020,154
NV.KEMO.,2020,155
NV.KEMO.,2020,156
NV.KEMO.,2020,157
NV.KEMO.,2020,158
NV.KEMO.,2020,159
NV.KEMO.,2021,203
NV.KEMO.,2021,204
NV.KEMO.,2021,205
NV.KEMO.,2021,206
NV.KEMO.,2021,207
NV.KEMO.,2021,208
NV.KEMO.,2021,209
NV.KEMO.,2021,243
NV.KEMO.,2021,244
NV.KEMO.,2021,245
NV.KEMO.,2021,246
NV.KEMO.,2022,18
NV.KEMO.,2022,19
NV.KEMO.,2022,20
NV.KEMO.,2022,21
NV.KEMO.,2022,22
NV.KEMO.,2022,23
NV.KEMO.,2022,24
NV.KEMO.,2022,25
NV.KEMO.,2022,26
NV.KEMO.,2022,27
NV.KEMO.,2022,28
NV.KEMO.,2022,78
NV.KEMO.,2022,79
NV.KEMO.,2022,80
NV.KEMO.,2022,81
NV.KEMO.,2022,82
NV.KEMO.,2022,83
NV.KEMO.,2022,84
NV.KEMO.,2022,85
NV.KEMO.,2022,86
NV.KEMO.,2022,87
NV.KEMO.,2022,88
NV.NC27.,2013,185
NV.NC27.,2013,186
NV.NC27.,2013,187
NV.NC27.,2013,188
NV.NC27.,2013,189
NV.NC27.,2013,190
NV.NC27.,2013,191
NV.NC27.,2013,192
NV.NC27.,2013,193
NV.NC27.,2013,194
NV.NC27.,2014,340
NV.NC27.,2014,341
NV.NC27.,2014,342
NV.NC27.,2014,343
NV.NC27.,2014,344
NV.NC27.,2014,345
NV.NC27.,2015,1
NV.NC27.,2015,2
NV.NC27.,2015,3
NV.NC27.,2015,4
NV.NC27.,2015,5
NV.NC27.,2016,70
NV.NC27.,2016,71
NV.NC27.,2016,72
NV.NC27.,2016,73
NV.NC27.,2016,74
NV.NC27.,2016,75
NV.NC27.,2016,76
NV.NC27.,2016,77
NV.NC27.,2017,124
NV.NC27.,2017,125
NV.NC27.,2017,126
NV.NC27.,2017,127
NV.NC27.,2017,128
NV.NC27.,2017,129
NV.NC27.,2017,130
NV.NC27.,2017,131
NV.NC27.,2017,132
NV.NC27.,2018,1
NV.NC27.,2018,2
NV.NC27.,2018,3
NV.NC27.,2018,4
NV.NC27.,2018,99
NV.NC27.,2018,100
NV.NC27.,2018,101
NV.NC27.,2018,102
NV.NC27.,2018,103
NV.NC27.,2018,104
NV.NC27.,2018,105
NV.NC27.,2018,106
NV.NC27.,2018,107
NV.NC27.,2018,244
NV.NC27.,2018,245
NV.NC27.,2018,246
NV.NC27.,2018,247
NV.NC27.,2018,248
NV.NC27.,2019,121
NV.NC27.,2019,122
NV.NC27.,2019,214
NV.NC27.,2019,215
NV.NC27.,2019,216
NV.NC27.,2019,217
NV.NC27.,2019,218
NV.NC27.,2019,219
NV.NC27.,2019,220
NV.NC27.,2019,221
NV.NC27.,2019,222
NV.NC27.,2019,223
NV.NC27.,2019,224
NV.NC27.,2019,244
NV.NC27.,2019,245
NV.NC27.,2019,246
NV.NC27.,2019,247
NV.NC27.,2019,248
NV.NC27.,2019,249
NV.NC27.,2019,294
NV.NC27.,2019,295
NV.NC27.,2019,296
NV.NC27.,2020,32
NV.NC27.,2020,33
NV.NC27.,2020,34
NV.NC27.,2020,49
NV.NC27.,2020,50
NV.NC27.,2020,51
NV.NC27.,2020,52
NV.NC27.,2020,53
NV.NC27.,2020,54
NV.NC27.,2020,55
NV.NC27.,2020,56
NV.NC27.,2020,57
NV.NC27.,2020,58
NV.NC27.,2020,59
NV.NC27.,2020,60
NV.NC27.,2020,61
NV.NC27.,2020,149
NV.NC27.,2020,150
NV.NC27.,2020,151
NV.NC27.,2020,152
NV.NC27.,2020,153
NV.NC27.,2020,154
NV.NC27.,2020,155
NV.NC27.,2020,156
NV.NC27.,2020,157
NV.NC27.,2020,158
NV.NC27.,2020,159
NV.NC27.,2021,203
NV.NC27.,2021,204
NV.NC27.,2021,205
NV.NC27.,2021,206
NV.NC27.,2021,207
NV.NC27.,2021,208
NV.NC27.,2021,209
NV.NC27.,2021,229
NV.NC27.,2021,244
NV.NC27.,2021,245
NV.NC27.,2022,18
NV.NC27.,2022,19
NV.NC27.,2022,20
NV.NC27.,2022,78
NV.NC27.,2022,79
NV.NC27.,2022,80
NV.NC27.,2022,81
NV.NC89.,2013,185
NV.NC89.,2013,186
NV.NC89.,2013,187
NV.NC89.,2013,188
NV.NC89.,2013,189
NV.NC89.,2013,190
NV.NC89.,2013,191
NV.NC89.,2013,192
NV.NC89.,2013,193
NV.NC89.,2013,194
NV.NC89.,2014,360
NV.NC89.,2014,361
NV.NC89.,2014,362
NV.NC89.,2014,363
NV.NC89.,2014,364
NV.NC89.,2014,365
NV.NC89.,2015,1
NV.NC89.,2015,2
NV.NC89.,2015,3
NV.NC89.,2015,4
NV.NC89.,2015,5
NV.NC89.,2016,70
NV.NC89.,2016,71
NV.NC89.,2016,72
NV.NC89.,2016,73
NV.NC89.,2016,74
NV.NC89.,2016,75
NV.NC89.,2016,76
NV.NC89.,2016,77
NV.NC89.,2017,124
NV.NC89.,2017,125
NV.NC89.,2017,126
NV.NC89.,2017,127
NV.NC89.,2017,128
NV.NC89.,2017,129
NV.NC89.,2017,130
NV.NC89.,2017,131
NV.NC89.,2017,132
NV.NC89.,2018,1
NV.NC89.,2018,2
NV.NC89.,2018,3
NV.NC89.,2018,4
NV.NC89.,2018,99
NV.NC89.,2018,100
NV.NC89.,2018,101
NV.NC89.,2018,102
NV.NC89.,2018,103
NV.NC89.,2018,104
NV.NC89.,2018,105
NV.NC89.,2018,106
NV.NC89.,2018,107
NV.NC89.,2018,239
NV.NC89.,2018,240
NV.NC89.,2018,241
NV.NC89.,2018,242
NV.NC89.,2018,243
NV.NC89.,2018,244
NV.NC89.,2018,245
NV.NC89.,2018,246
NV.NC89.,2018,247
NV.NC89.,2018,248
NV.NC89.,2018,249
NV.NC89.,2018,250
NV.NC89.,2018,251
NV.NC89.,2018,252
NV.NC89.,2018,253
NV.NC89.,2018,254
NV.NC89.,2019,214
NV.NC89.,2019,215
NV.NC89.,2019,216
NV.NC89.,2019,217
NV.NC89.,2019,218
NV.NC89.,2019,219
NV.NC89.,2019,220
NV.NC89.,2019,221
NV.NC89.,2019,222
NV.NC89.,2019,223
NV.NC89.,2019,224
NV.NC89.,2019,225
NV.NC89.,2019,226
NV.NC89.,2019,227
NV.NC89.,2019,234
NV.NC89.,2019,235
NV.NC89.,2019,236
NV.NC89.,2019,237
NV.NC89.,2019,238
NV.NC89.,2019,239
NV.NC89.,2019,240
NV.NC89.,2019,241
NV.NC89.,2019,242
NV.NC89.,2019,243
NV.NC89.,2019,244
NV.NC89.,2019,245
NV.NC89.,2019,246
NV.NC89.,2019,247
NV.NC89.,2019,248
NV.NC89.,2019,249
NV.NC89.,2019,294
NV.NC89.,2019,295
NV.NC89.,2019,296
NV.NC89.,2019,297
NV.NC89.,2019,298
NV.NC89.,2019,299
NV.NC89.,2019,300
NV.NC89.,2019,301
NV.NC89.,2019,302
NV.NC89.,2020,29
NV.NC89.,2020,30
NV.NC89.,2020,31
NV.NC89.,2020,32
NV.NC89.,2020,33
NV.NC89.,2020,34
NV.NC89.,2020,35
NV.NC89.,2020,49
NV.NC89.,2020,50
NV.NC89.,2020,51
NV.NC89.,2020,52
NV.NC89.,2020,53
NV.NC89.,2020,54
NV.NC89.,2020,55
NV.NC89.,2020,56
NV.NC89.,2020,57
NV.NC89.,2020,58
NV.NC89.,2020,59
NV.NC89.,2020,60
NV.NC89.,2020,61
NV.NC89.,2020,149
NV.NC89.,2020,150
NV.NC89.,2020,151
NV.NC89.,2020,152
NV.NC89.,2020,153
NV.NC89.,2020,154
NV.NC89.,2020,155
NV.NC89.,2020,156
NV.NC89.,2020,157
NV.NC89.,2020,158
NV.NC89.,2020,159
NV.NC89.,2021,203
NV.NC89.,2021,204
NV.NC89.,2021,205
NV.NC89.,2021,206
NV.NC89.,2021,207
NV.NC89.,2021,208
NV.NC89.,2021,209
NV.NC89.,2021,243
NV.NC89.,2021,244
NV.NC89.,2021,245
NV.NC89.,2021,246
NV.NC89.,2022,18
NV.NC89.,2022,19
NV.NC89.,2022,20
NV.NC89.,2022,21
NV.NC89.,2022,22
NV.NC89.,2022,23
NV.NC89.,2022,24
NV.NC89.,2022,25
NV.NC89.,2022,26
NV.NC89.,2022,27
NV.NC89.,2022,28
NV.NC89.,2022,78
NV.NC89.,2022,79
NV.NC89.,2022,80
NV.NC89.,2022,81
NV.NC89.,2022,82
NV.NC89.,2022,83
NV.NC89.,2022,84
NV.NC89.,2022,85
NV.NC89.,2022,86
NV.NC89.,2022,87
NV.NC89.,2022,88
NV.NC89.W1,2014,360
NV.NC89.W1,2014,361
NV.NC89.W1,2014,362
NV.NC89.W1,2014,363
NV.NC89.W1,2014,364
NV.NC89.W1,2014,365
NV.NC89.W1,2015,1
NV.NC89.W1,2015,2
NV.NC89.W1,2015,3
NV.NC89.W1,2015,4
NV.NC89.W1,2015,5
NV.NC89.W1,2016,70
NV.NC89.W1,2016,71
NV.NC89.W1,2016,72
NV.NC89.W1,2016,73
NV.NC89.W1,2016,74
NV.NC89.W1,2016,75
NV.NC89.W1,2016,76
NV.NC89.W1,2016,77
NV.NC89.W1,2016,78
NV.NC89.W1,2016,79
NV.NC89.W1,2016,80
NV.NC89.W1,2016,81
NV.NC89.W1,2017,124
NV.NC89.W1,2017,125
NV.NC89.W1,2017,126
NV.NC89.W1,2017,127
NV.NC89.W1,2017,128
NV.NC89.W1,2017,129
NV.NC89.W1,2017,130
NV.NC89.W1,2017,131
NV.NC89.W1,2017,132
NV.NC89.W1,2017,133
NV.NC89.W1,2017,134
NV.NC89.W1,2017,135
NV.NC89.W1,2017,136
NV.NC89.W1,2017,364
NV.NC89.W1,2017,365
NV.NC89.W1,2018,1
NV.NC89.W1,2018,2
NV.NC89.W1,2018,3
NV.NC89.W1,2018,4
NV.NC89.W1,2018,79
NV.NC89.W1,2018,99
NV.NC89.W1,2018,100
NV.NC89.W1,2018,101
NV.NC89.W1,2018,102
NV.NC89.W1,2018,103
NV.NC89.W1,2018,104
NV.NC89.W1,2018,105
NV.NC89.W1,2018,106
NV.NC89.W1,2018,239
NV.NC89.W1,2018,240
NV.NC89.W1,2018,241
NV.NC89.W1,2018,242
NV.NC89.W1,2018,243
NV.NC89.W1,2018,244
NV.NC89.W1,2018,245
NV.NC89.W1,2018,246
NV.NC89.W1,2018,247
NV.NC89.W1,2018,248
NV.NC89.W1,2018,249
NV.NC89.W1,2018,250
NV.NC89.W1,2018,251
NV.NC89.W1,2018,252
NV.NC89.W1,2018,253
NV.NC89.W1,2018,254
NV.NC89.W1,2019,214
NV.NC89.W1,2019,215
NV.NC89.W1,2019,216
NV.NC89.W1,2019,217
NV.NC89.W1,2019,218
NV.NC89.W1,2019,219
NV.NC89.W1,2019,220
NV.NC89.W1,2019,221
NV.NC89.W1,2019,222
NV.NC89.W1,2019,223
NV.NC89.W1,2019,224
NV.NC89.W1,2019,225
NV.NC89.W1,2019,226
NV.NC89.W1,2019,227
NV.NC89.W1,2019,234
NV.NC89.W1,2019,235
NV.NC89.W1,2019,236
NV.NC89.W1,2019,237
NV.NC89.W1,2019,238
NV.NC89.W1,2019,239
NV.NC89.W1,2019,240
NV.NC89.W1,2019,241
NV.NC89.W1,2019,242
NV.NC89.W1,2019,243
NV.NC89.W1,2019,244
NV.NC89.W1,2019,245
NV.NC89.W1,2019,246
NV.NC89.W1,2019,247
NV.NC89.W1,2019,248
NV.NC89.W1,2019,249
NV.NC89.W1,2019,294
NV.NC89.W1,2019,295
NV.NC89.W1,2019,296
NV.NC89.W1,2019,297
NV.NC89.W1,2019,298
NV.NC89.W1,2019,299
NV.NC89.W1,2019,300
NV.NC89.W1,2019,301
NV.NC89.W1,2019,302
NV.NC89.W1,2020,29
NV.NC89.W1,2020,30
NV.NC89.W1,2020,31
NV.NC89.W1,2020,32
NV.NC89.W1,2020,33
NV.NC89.W1,2020,34
NV.NC89.W1,2020,35
NV.NC89.W1,2020,49
NV.NC89.W1,2020,50
NV.NC89.W1,2020,51
NV.NC89.W1,2020,52
NV.NC89.W1,2020,53
NV.NC89.W1,2020,54
NV.NC89.W1,2020,55
NV.NC89.W1,2020,56
NV.NC89.W1,2020,57
NV.NC89.W1,2020,58
NV.NC89.W1,2020,59
NV.NC89.W1,2020,60
NV.NC89.W1,2020,61
NV.NC89.W1,2020,149
NV.NC89.W1,2020,150
NV.NC89.W1,2020,151
NV.NC89.W1,2020,152
NV.NC89.W1,2020,153
NV.NC89.W1,2020,154
NV.NC89.W1,2020,155
NV.NC89.W1,2020,156
NV.NC89.W1,2020,157
NV.NC89.W1,2020,158
NV.NC89.W1,2020,159
NV.NC89.W1,2021,203
NV.NC89.W1,2021,204
NV.NC89.W1,2021,205
NV.NC89.W1,2021,206
NV.NC89.W1,2021,207
NV.NC89.W1,2021,208
NV.NC89.W1,2021,209
NV.NC89.W1,2021,243
NV.NC89.W1,2021,244
NV.NC89.W1,2021,245
NV.NC89.W1,2021,246
NV.NC89.W1,2022,18
NV.NC89.W1,2022,19
NV.NC89.W1,2022,20
NV.NC89.W1,2022,21
NV.NC89.W1,2022,22
NV.NC89.W1,2022,23
NV.NC89.W1,2022,24
NV.NC89.W1,2022,25
NV.NC89.W1,2022,26
NV.NC89.W1,2022,27
NV.NC89.W1,2022,28
NV.NC89.W1,2022,78
NV.NC89.W1,2022,79
NV.NC89.W1,2022,80
NV.NC89.W1,2022,81
NV.NC89.W1,2022,82
NV.NC89.W1,2022,83
NV.NC89.W1,2022,84
NV.NC89.W1,2022,85
NV.NC89.W1,2022,86
NV.NC89.W1,2022,87
NV.NC89.W1,2022,88
NV.NCBC.,2013,185
NV.NCBC.,2013,186
NV.NCBC.,2013,187
NV.NCBC.,2013,188
NV.NCBC.,2013,189
NV.NCBC.,2013,190
NV.NCBC.,2013,191
NV.NCBC.,2013,192
NV.NCBC.,2013,193
NV.NCBC.,2013,194
NV.NCBC.,2014,340
NV.NCBC.,2014,341
NV.NCBC.,2014,342
NV.NCBC.,2014,343
NV.NCBC.,2014,344
NV.NCBC.,2014,345
NV.NCBC.,2015,1
NV.NCBC.,2015,2
NV.NCBC.,2015,3
NV.NCBC.,2015,4
NV.NCBC.,2015,5
NV.NCBC.,2016,70
NV.NCBC.,2016,71
NV.NCBC.,2016,72
NV.NCBC.,2016,73
NV.NCBC.,2016,74
NV.NCBC.,2016,75
NV.NCBC.,2016,76
NV.NCBC.,2016,77
NV.NCBC.,2016,78
NV.NCBC.,2016,79
NV.NCBC.,2016,80
NV.NCBC.,2016,81
NV.NCBC.,2017,124
NV.NCBC.,2017,125
NV.NCBC.,2017,126
NV.NCBC.,2017,127
NV.NCBC.,2017,128
NV.NCBC.,2017,129
NV.NCBC.,2017,130
NV.NCBC.,2017,131
NV.NCBC.,2017,132
NV.NCBC.,2018,1
NV.NCBC.,2018,2
NV.NCBC.,2018,3
NV.NCBC.,2018,4
NV.NCBC.,2018,99
NV.NCBC.,2018,100
NV.NCBC.,2018,101
NV.NCBC.,2018,102
NV.NCBC.,2018,103
NV.NCBC.,2018,104
NV.NCBC.,2018,105
NV.NCBC.,2018,106
NV.NCBC.,2018,239
NV.NCBC.,2018,240
NV.NCBC.,2018,241
NV.NCBC.,2018,242
NV.NCBC.,2018,243
NV.NCBC.,2018,244
NV.NCBC.,2018,245
NV.NCBC.,2018,246
NV.NCBC.,2018,247
NV.NCBC.,2018,248
NV.NCBC.,2018,249
NV.NCBC.,2018,250
NV.NCBC.,2018,251
NV.NCBC.,2018,252
NV.NCBC.,2018,253
NV.NCBC.,2018,254
NV.NCBC.,2019,214
NV.NCBC.,2019,215
NV.NCBC.,2019,216
NV.NCBC.,2019,217
NV.NCBC.,2019,218
NV.NCBC.,2019,219
NV.NCBC.,2019,220
NV.NCBC.,2019,221
NV.NCBC.,2019,222
NV.NCBC.,2019,223
NV.NCBC.,2019,224
NV.NCBC.,2019,225
NV.NCBC.,2019,226
NV.NCBC.,2019,227
NV.NCBC.,2019,234
NV.NCBC.,2019,235
NV.NCBC.,2019,236
NV.NCBC.,2019,237
NV.NCBC.,2019,238
NV.NCBC.,2019,239
NV.NCBC.,2019,240
NV.NCBC.,2019,241
NV.NCBC.,2019,242
NV.NCBC.,2019,243
NV.NCBC.,2019,244
NV.NCBC.,2019,245
NV.NCBC.,2019,246
NV.NCBC.,2019,247
NV.NCBC.,2019,248
NV.NCBC.,2019,249
NV.NCBC.,2019,294
NV.NCBC.,2019,295
NV.NCBC.,2019,296
NV.NCBC.,2020,32
NV.NCBC.,2020,33
NV.NCBC.,2020,34
NV.NCBC.,2020,35
NV.NCBC.,2020,49
NV.NCBC.,2020,50
NV.NCBC.,2020,51
NV.NCBC.,2020,52
NV.NCBC.,2020,53
NV.NCBC.,2020,54
NV.NCBC.,2020,55
NV.NCBC.,2020,56
NV.NCBC.,2020,57
NV.NCBC.,2020,58
NV.NCBC.,2020,59
NV.NCBC.,2020,60
NV.NCBC.,2020,61
NV.NCBC.,2020,149
NV.NCBC.,2020,150
NV.NCBC.,2020,151
NV.NCBC.,2020,152
NV.NCBC.,2020,153
NV.NCBC.,2020,154
NV.NCBC.,2020,155
NV.NCBC.,2020,156
NV.NCBC.,2020,157
NV.NCBC.,2020,158
NV.NCBC.,2020,159
NV.NCBC.,2021,203
NV.NCBC.,2021,204
NV.NCBC.,2021,205
NV.NCBC.,2021,206
NV.NCBC.,2021,207
NV.NCBC.,2021,208
NV.NCBC.,2021,209
NV.NCBC.,2021,243
NV.NCBC.,2021,244
NV.NCBC.,2021,245
NV.NCBC.,2021,246
NV.NCBC.,2022,18
NV.NCBC.,2022,19
NV.NCBC.,2022,20
NV.NCBC.,2022,21
NV.NCBC.,2022,22
NV.NCBC.,2022,23
NV.NCBC.,2022,24
NV.NCBC.,2022,25
NV.NCBC.,2022,26
NV.NCBC.,2022,27
NV.NCBC.,2022,28
NV.NCBC.,2022,78
NV.NCBC.,2022,79
NV.NCBC.,2022,80
NV.NCBC.,2022,81
NV.NCBC.,2022,82
NV.NCBC.,2022,83
NV.NCBC.,2022,84
NV.NCBC.,2022,85
NV.NCBC.,2022,86
NV.NCBC.,2022,87
NV.NCBC.,2022,88
NV.NCBC.W1,2014,360
NV.NCBC.W1,2014,361
NV.NCBC.W1,2014,362
NV.NCBC.W1,2014,363
NV.NCBC.W1,2014,364
NV.NCBC.W1,2014,365
NV.NCBC.W1,2015,1
NV.NCBC.W1,2015,2
NV.NCBC.W1,2015,3
NV.NCBC.W1,2015,4
NV.NCBC.W1,2015,5
NV.NCBC.W1,2016,70
NV.NCBC.W1,2016,71
NV.NCBC.W1,2016,72
NV.NCBC.W1,2016,73
NV.NCBC.W1,2016,74
NV.NCBC.W1,2016,75
NV.NCBC.W1,2016,76
NV.NCBC.W1,2016,77
NV.NCBC.W1,2016,78
NV.NCBC.W1,2016,79
NV.NCBC.W1,2016,80
NV.NCBC.W1,2016,81
NV.NCBC.W1,2017,124
NV.NCBC.W1,2017,125
NV.NCBC.W1,2017,126
NV.NCBC.W1,2017,127
NV.NCBC.W1,2017,128
NV.NCBC.W1,2017,129
NV.NCBC.W1,2017,130
NV.NCBC.W1,2017,131
NV.NCBC.W1,2017,132
NV.NCBC.W1,2017,133
NV.NCBC.W1,2017,134
NV.NCBC.W1,2017,135
NV.NCBC.W1,2017,136
NV.NCBC.W1,2017,364
NV.NCBC.W1,2017,365
NV.NCBC.W1,2018,1
NV.NCBC.W1,2018,2
NV.NCBC.W1,2018,3
NV.NCBC.W1,2018,4
NV.NCBC.W1,2018,79
NV.NCBC.W1,2018,99
NV.NCBC.W1,2018,100
NV.NCBC.W1,2018,101
NV.NCBC.W1,2018,102
NV.NCBC.W1,2018,103
NV.NCBC.W1,2018,104
NV.NCBC.W1,2018,105
NV.NCBC.W1,2018,106
NV.NCBC.W1,2018,107
NV.NCBC.W1,2018,108
NV.NCBC.W1,2018,109
NV.NCBC.W1,2018,110
NV.NCBC.W1,2018,111
NV.NCBC.W1,2018,112
NV.NCBC.W1,2018,239
NV.NCBC.W1,2018,240
NV.NCBC.W1,2018,241
NV.NCBC.W1,2018,242
NV.NCBC.W1,2018,243
NV.NCBC.W1,2018,244
NV.NCBC.W1,2018,245
NV.NCBC.W1,2018,246
NV.NCBC.W1,2018,247
NV.NCBC.W1,2018,248
NV.NCBC.W1,2018,249
NV.NCBC.W1,2018,250
NV.NCBC.W1,2018,251
NV.NCBC.W1,2018,252
NV.NCBC.W1,2018,253
NV.NCBC.W1,2018,254
NV.NCBC.W1,2019,214
NV.NCBC.W1,2019,215
NV.NCBC.W1,2019,216
NV.NCBC.W1,2019,217
NV.NCBC.W1,2019,218
NV.NCBC.W1,2019,219
NV.NCBC.W1,2019,220
NV.NCBC.W1,2019,221
NV.NCBC.W1,2019,222
NV.NCBC.W1,2019,223
NV.NCBC.W1,2019,224
NV.NCBC.W1,2019,225
NV.NCBC.W1,2019,226
NV.NCBC.W1,2019,227
NV.NCBC.W1,2019,234
NV.NCBC.W1,2019,235
NV.NCBC.W1,2019,236
NV.NCBC.W1,2019,237
NV.NCBC.W1,2019,238
NV.NCBC.W1,2019,239
NV.NCBC.W1,2019,240
NV.NCBC.W1,2019,241
NV.NCBC.W1,2019,242
NV.NCBC.W1,2019,243
NV.NCBC.W1,2019,244
NV.NCBC.W1,2019,245
NV.NCBC.W1,2019,246
NV.NCBC.W1,2019,247
NV.NCBC.W1,2019,248
NV.NCBC.W1,2019,249
NV.NCBC.W1,2019,294
NV.NCBC.W1,2019,295
NV.NCBC.W1,2019,296
NV.NCBC.W1,2019,297
NV.NCBC.W1,2019,298
NV.NCBC.W1,2019,299
NV.NCBC.W1,2019,300
NV.NCBC.W1,2019,301
NV.NCBC.W1,2019,302
NV.NCBC.W1,2020,29
NV.NCBC.W1,2020,30
NV.NCBC.W1,2020,31
NV.NCBC.W1,2020,32
NV.NCBC.W1,2020,33
NV.NCBC.W1,2020,34
NV.NCBC.W1,2020,35
NV.NCBC.W1,2020,49
NV.NCBC.W1,2020,50
NV.NCBC.W1,2020,51
NV.NCBC.W1,2020,52
NV.NCBC.W1,2020,53
NV.NCBC.W1,2020,54
NV.NCBC.W1,2020,55
NV.NCBC.W1,2020,56
NV.NCBC.W1,2020,57
NV.NCBC.W1,2020,58
NV.NCBC.W1,2020,59
NV.NCBC.W1,2020,60
NV.NCBC.W1,2020,61
NV.NCBC.W1,2020,149
NV.NCBC.W1,2020,150
NV.NCBC.W1,2020,151
NV.NCBC.W1,2020,152
NV.NCBC.W1,2020,153
NV.NCBC.W1,2020,154
NV.NCBC.W1,2020,155
NV.NCBC.W1,2020,156
NV.NCBC.W1,2020,157
NV.NCBC.W1,2020,158
NV.NCBC.W1,2020,159
NV.NCBC.W1,2021,203
NV.NCBC.W1,2021,204
NV.NCBC.W1,2021,205
NV.NCBC.W1,2021,206
NV.NCBC.W1,2021,207
NV.NCBC.W1,2021,208
NV.NCBC.W1,2021,209
NV.NCBC.W1,2021,243
NV.NCBC.W1,2021,244
NV.NCBC.W1,2021,245
NV.NCBC.W1,2021,246
NV.NCBC.W1,2022,18
NV.NCBC.W1,2022,19
NV.NCBC.W1,2022,20
NV.NCBC.W1,2022,21
NV.NCBC.W1,2022,22
NV.NCBC.W1,2022,23
NV.NCBC.W1,2022,24
NV.NCBC.W1,2022,25
NV.NCBC.W1,2022,26
NV.NCBC.W1,2022,27
NV.NCBC.W1,2022,28
NV.NCBC.W1,2022,78
NV.NCBC.W1,2022,79
NV.NCBC.W1,2022,80
NV.NCBC.W1,2022,81
NV.NCBC.W1,2022,82
NV.NCBC.W1,2022,83
NV.NCBC.W1,2022,84
NV.NCBC.W1,2022,85
NV.NCBC.W1,2022,86
NV.NCBC.W1,2022,87
NV.NCBC.W1,2022,88
NV.NCHR.,2014,360
NV.NCHR.,2014,361
NV.NCHR.,2014,362
NV.NCHR.,2014,363
NV.NCHR.,2014,364
NV.NCHR.,2014,365
NV.NCHR.,2015,1
NV.NCHR.,2015,2
NV.NCHR.,2015,3
NV.NCHR.,2015,4
NV.NCHR.,2015,5
NV.NCHR.,2016,70
NV.NCHR.,2016,71
NV.NCHR.,2016,72
NV.NCHR.,2016,73
NV.NCHR.,2016,74
NV.NCHR.,2016,75
NV.NCHR.,2016,76
NV.NCHR.,2016,77
NV.NCHR.,2016,78
NV.NCHR.,2016,79
NV.NCHR.,2016,80
NV.NCHR.,2016,81
NV.NCHR.,2017,124
NV.NCHR.,2017,125
NV.NCHR.,2017,126
NV.NCHR.,2017,127
NV.NCHR.,2017,128
NV.NCHR.,2017,129
NV.NCHR.,2017,130
NV.NCHR.,2017,131
NV.NCHR.,2017,132
NV.NCHR.,2018,1
NV.NCHR.,2018,2
NV.NCHR.,2018,3
NV.NCHR.,2018,4
NV.NCHR.,2018,99
NV.NCHR.,2018,100
NV.NCHR.,2018,101
NV.NCHR.,2018,102
NV.NCHR.,2018,103
NV.NCHR.,2018,104
NV.NCHR.,2018,105
NV.NCHR.,2018,106
NV.NCHR.,2018,244
NV.NCHR.,2018,245
NV.NCHR.,2018,246
NV.NCHR.,2018,247
NV.NCHR.,2018,248
NV.NCHR.,2019,121
NV.NCHR.,2019,122
NV.NCHR.,2019,214
NV.NCHR.,2019,215
NV.NCHR.,2019,216
NV.NCHR.,2019,217
NV.NCHR.,2019,218
NV.NCHR.,2019,219
NV.NCHR.,2019,220
NV.NCHR.,2019,221
NV.NCHR.,2019,222
NV.NCHR.,2019,223
NV.NCHR.,2019,224
NV.NCHR.,2019,244
NV.NCHR.,2019,245
NV.NCHR.,2019,246
NV.NCHR.,2019,247
NV.NCHR.,2019,248
NV.NCHR.,2019,294
NV.NCHR.,2019,295
NV.NCHR.,2019,296
NV.NCHR.,2020,32
NV.NCHR.,2020,33
NV.NCHR.,2020,34
NV.NCHR.,2020,153
NV.NCHR.,2020,154
NV.NCHR.,2020,155
NV.NCHR.,2020,156
NV.NCHR.,2020,157
NV.NCHR.,2020,158
NV.NCHR.,2020,159
NV.NCHR.,2021,203
NV.NCHR.,2021,204
NV.NCHR.,2021,205
NV.NCHR.,2021,223
NV.NCHR.,2021,224
NV.NCHR.,2021,225
NV.NCHR.,2021,244
NV.NCHR.,2021,245
NV.NCHR.,2022,18
NV.NCHR.,2022,19
NV.NCHR.,2022,20
NV.NCHR.,2022,78
NV.NCHR.,2022,79
NV.NCHR.,2022,80
NV.NCHR.,2022,81
NV.NSMTC.B1,2017,124
NV.NSMTC.B1,2017,125
NV.NSMTC.B1,2017,126
NV.NSMTC.B1,2017,127
NV.NSMTC.B1,2017,128
NV.NSMTC.B1,2017,129
NV.NSMTC.B1,2017,130
NV.NSMTC.B1,2017,131
NV.NSMTC.B1,2017,132
NV.NSMTC.B1,2017,133
NV.NSMTC.B1,2017,134
NV.NSMTC.B1,2017,135
NV.NSMTC.B1,2017,136
NV.NSMTC.B1,2017,364
NV.NSMTC.B1,2017,365
NV.NSMTC.B1,2018,1
NV.NSMTC.B1,2018,2
NV.NSMTC.B1,2018,3
NV.NSMTC.B1,2018,4
NV.NSMTC.B1,2018,79
NV.NSMTC.B1,2018,99
NV.NSMTC.B1,2018,100
NV.NSMTC.B1,2018,101
NV.NSMTC.B1,2018,102
NV.NSMTC.B1,2018,103
NV.NSMTC.B1,2018,104
NV.NSMTC.B1,2018,105
NV.NSMTC.B1,2018,106
NV.NSMTC.B1,2018,107
NV.NSMTC.B1,2018,108
NV.NSMTC.B1,2018,109
NV.NSMTC.B1,2018,110
NV.NSMTC.B1,2018,111
NV.NSMTC.B1,2018,112
NV.NSMTC.B1,2018,239
NV.NSMTC.B1,2018,240
NV.NSMTC.B1,2018,241
NV.NSMTC.B1,2018,242
NV.NSMTC.B1,2018,243
NV.NSMTC.B1,2018,244
NV.NSMTC.B1,2018,245
NV.NSMTC.B1,2018,246
NV.NSMTC.B1,2018,247
NV.NSMTC.B1,2018,248
NV.NSMTC.B1,2018,249
NV.NSMTC.B1,2018,250
NV.NSMTC.B1,2018,251
NV.NSMTC.B1,2018,252
NV.NSMTC.B1,2018,253
NV.NSMTC.B1,2018,254
NV.NSMTC.B1,2019,214
NV.NSMTC.B1,2019,215
NV.NSMTC.B1,2019,216
NV.NSMTC.B1,2019,217
NV.NSMTC.B1,2019,218
NV.NSMTC.B1,2019,219
NV.NSMTC.B1,2019,220
NV.NSMTC.B1,2019,221
NV.NSMTC.B1,2019,222
NV.NSMTC.B1,2019,223
NV.NSMTC.B1,2019,224
NV.NSMTC.B1,2019,225
NV.NSMTC.B1,2019,226
NV.NSMTC.B1,2019,227
NV.NSMTC.B1,2019,234
NV.NSMTC.B1,2019,235
NV.NSMTC.B1,2019,236
NV.NSMTC.B1,2019,237
NV.NSMTC.B1,2019,238
NV.NSMTC.B1,2019,239
NV.NSMTC.B1,2019,240
NV.NSMTC.B1,2019,241
NV.NSMTC.B1,2019,242
NV.NSMTC.B1,2019,243
NV.NSMTC.B1,2019,244
NV.NSMTC.B1,2019,245
NV.NSMTC.B1,2019,246
NV.NSMTC.B1,2019,247
NV.NSMTC.B1,2019,248
NV.NSMTC.B1,2019,249
NV.NSMTC.B1,2019,294
NV.NSMTC.B1,2019,295
NV.NSMTC.B1,2019,296
NV.NSMTC.B1,2019,297
NV.NSMTC.B1,2019,298
NV.NSMTC.B1,2019,300
NV.NSMTC.B1,2019,301
NV.NSMTC.B1,2019,302
NV.NSMTC.B1,2020,29
NV.NSMTC.B1,2020,30
NV.NSMTC.B1,2020,31
NV.NSMTC.B1,2020,32
NV.NSMTC.B1,2020,33
NV.NSMTC.B1,2020,34
NV.NSMTC.B1,2020,35
NV.NSMTC.B1,2020,49
NV.NSMTC.B1,2020,50
NV.NSMTC.B1,2020,51
NV.NSMTC.B1,2020,52
NV.NSMTC.B1,2020,53
NV.NSMTC.B1,2020,54
NV.NSMTC.B1,2020,55
NV.NSMTC.B1,2020,56
NV.NSMTC.B1,2020,57
NV.NSMTC.B1,2020,58
NV.NSMTC.B1,2020,59
NV.NSMTC.B1,2020,60
NV.NSMTC.B1,2020,61
NV.NSMTC.B1,2020,149
NV.NSMTC.B1,2020,150
NV.NSMTC.B1,2020,151
NV.NSMTC.B1,2020,152
NV.NSMTC.B1,2020,153
NV.NSMTC.B1,2020,154
NV.NSMTC.B1,2020,155
NV.NSMTC.B1,2020,156
NV.NSMTC.B1,2020,157
NV.NSMTC.B1,2020,158
NV.NSMTC.B1,2020,159
NV.NSMTC.B1,2021,203
NV.NSMTC.B1,2021,204
NV.NSMTC.B1,2021,205
NV.NSMTC.B1,2021,206
NV.NSMTC.B1,2021,207
NV.NSMTC.B1,2021,208
NV.NSMTC.B1,2021,209
NV.NSMTC.B1,2021,243
NV.NSMTC.B1,2021,244
NV.NSMTC.B1,2021,245
NV.NSMTC.B1,2021,246
NV.NSMTC.B1,2022,18
NV.NSMTC.B1,2022,19
NV.NSMTC.B1,2022,20
NV.NSMTC.B1,2022,21
NV.NSMTC.B1,2022,22
NV.NSMTC.B1,2022,23
NV.NSMTC.B1,2022,24
NV.NSMTC.B1,2022,25
NV.NSMTC.B1,2022,26
NV.NSMTC.B1,2022,27
NV.NSMTC.B1,2022,28
NV.NSMTC.B1,2022,78
NV.NSMTC.B1,2022,79
NV.NSMTC.B1,2022,80
NV.NSMTC.B1,2022,81
NV.NSMTC.B1,2022,82
NV.NSMTC.B1,2022,83
NV.NSMTC.B1,2022,84
NV.NSMTC.B1,2022,85
NV.NSMTC.B1,2022,86
NV.NSMTC.B1,2022,87
NV.NSMTC.B1,2022,88
NV.NSMTC.B2,2017,124
NV.NSMTC.B2,2017,125
NV.NSMTC.B2,2017,126
NV.NSMTC.B2,2017,127
NV.NSMTC.B2,2017,128
NV.NSMTC.B2,2017,129
NV.NSMTC.B2,2017,130
NV.NSMTC.B2,2017,131
NV.NSMTC.B2,2017,132
NV.NSMTC.B2,2017,133
NV.NSMTC.B2,2017,134
NV.NSMTC.B2,2017,135
NV.NSMTC.B2,2017,136
NV.NSMTC.B2,2017,364
NV.NSMTC.B2,2017,365
NV.NSMTC.B2,2018,1
NV.NSMTC.B2,2018,2
NV.NSMTC.B2,2018,3
NV.NSMTC.B2,2018,4
NV.NSMTC.B2,2018,79
NV.NSMTC.B2,2018,99
NV.NSMTC.B2,2018,100
NV.NSMTC.B2,2018,101
NV.NSMTC.B2,2018,102
NV.NSMTC.B2,2018,103
NV.NSMTC.B2,2018,104
NV.NSMTC.B2,2018,105
NV.NSMTC.B2,2018,106
NV.NSMTC.B2,2018,107
NV.NSMTC.B2,2018,108
NV.NSMTC.B2,2018,109
NV.NSMTC.B2,2018,110
NV.NSMTC.B2,2018,111
NV.NSMTC.B2,2018,112
NV.NSMTC.B2,2018,239
NV.NSMTC.B2,2018,240
NV.NSMTC.B2,2018,241
NV.NSMTC.B2,2018,242
NV.NSMTC.B2,2018,243
NV.NSMTC.B2,2018,244
NV.NSMTC.B2,2018,245
NV.NSMTC.B2,2018,246
NV.NSMTC.B2,2018,247
NV.NSMTC.B2,2018,248
NV.NSMTC.B2,2018,249
NV.NSMTC.B2,2018,250
NV.NSMTC.B2,2018,251
NV.NSMTC.B2,2018,252
NV.NSMTC.B2,2018,253
NV.NSMTC.B2,2018,254
NV.NSMTC.B2,2019,214
NV.NSMTC.B2,2019,215
NV.NSMTC.B2,2019,216
NV.NSMTC.B2,2019,217
NV.NSMTC.B2,2019,218
NV.NSMTC.B2,2019,219
NV.NSMTC.B2,2019,220
NV.NSMTC.B2,2019,221
NV.NSMTC.B2,2019,222
NV.NSMTC.B2,2019,223
NV.NSMTC.B2,2019,224
NV.NSMTC.B2,2019,225
NV.NSMTC.B2,2019,226
NV.NSMTC.B2,2019,227
NV.NSMTC.B2,2019,234
NV.NSMTC.B2,2019,235
NV.NSMTC.B2,2019,236
NV.NSMTC.B2,2019,237
NV.NSMTC.B2,2019,238
NV.NSMTC.B2,2019,239
NV.NSMTC.B2,2019,240
NV.NSMTC.B2,2019,241
NV.NSMTC.B2,2019,242
NV.NSMTC.B2,2019,243
NV.NSMTC.B2,2019,244
NV.NSMTC.B2,2019,245
NV.NSMTC.B2,2019,246
NV.NSMTC.B2,2019,247
NV.NSMTC.B2,2019,248
NV.NSMTC.B2,2019,249
NV.NSMTC.B2,2019,294
NV.NSMTC.B2,2019,295
NV.NSMTC.B2,2019,296
NV.NSMTC.B2,2019,297
NV.NSMTC.B2,2019,298
NV.NSMTC.B2,2019,300
NV.NSMTC.B2,2019,301
NV.NSMTC.B2,2019,302
NV.NSMTC.B2,2020,29
NV.NSMTC.B2,2020,30
NV.NSMTC.B2,2020,31
NV.NSMTC.B2,2020,32
NV.NSMTC.B2,2020,33
NV.NSMTC.B2,2020,34
NV.NSMTC.B2,2020,35
NV.NSMTC.B2,2020,49
NV.NSMTC.B2,2020,50
NV.NSMTC.B2,2020,51
NV.NSMTC.B2,2020,52
NV.NSMTC.B2,2020,53
NV.NSMTC.B2,2020,54
NV.NSMTC.B2,2020,55
NV.NSMTC.B2,2020,56
NV.NSMTC.B2,2020,57
NV.NSMTC.B2,2020,58
NV.NSMTC.B2,2020,59
NV.NSMTC.B2,2020,60
NV.NSMTC.B2,2020,61
NV.NSMTC.B2,2020,149
NV.NSMTC.B2,2020,150
NV.NSMTC.B2,2020,151
NV.NSMTC.B2,2020,152
NV.NSMTC.B2,2020,153
NV.NSMTC.B2,2020,154
NV.NSMTC.B2,2020,155
NV.NSMTC.B2,2020,156
NV.NSMTC.B2,2020,157
NV.NSMTC.B2,2020,158
NV.NSMTC.B2,2020,159
NV.NSMTC.B2,2021,203
NV.NSMTC.B2,2021,204
NV.NSMTC.B2,2021,205
NV.NSMTC.B2,2021,206
NV.NSMTC.B2,2021,207
NV.NSMTC.B2,2021,208
NV.NSMTC.B2,2021,209
NV.NSMTC.B2,2021,243
NV.NSMTC.B2,2021,244
NV.NSMTC.B2,2021,245
NV.NSMTC.B2,2021,246
NV.NSMTC.B2,2022,18
NV.NSMTC.B2,2022,19
NV.NSMTC.B2,2022,20
NV.NSMTC.B2,2022,21
NV.NSMTC.B2,2022,22
NV.NSMTC.B2,2022,23
NV.NSMTC.B2,2022,24
NV.NSMTC.B2,2022,25
NV.NSMTC.B2,2022,26
NV.NSMTC.B2,2022,27
NV.NSMTC.B2,2022,28
NV.NSMTC.B2,2022,78
NV.NSMTC.B2,2022,79
NV.NSMTC.B2,2022,80
NV.NSMTC.B2,2022,81
NV.NSMTC.B2,2022,82
NV.NSMTC.B2,2022,83
NV.NSMTC.B2,2022,84
NV.NSMTC.B2,2022,85
NV.NSMTC.B2,2022,86
NV.NSMTC.B2,2022,87
NV.NSMTC.B2,2022,88
NV.NSMTC.B3,2017,124
NV.NSMTC.B3,2017,125
NV.NSMTC.B3,2017,126
NV.NSMTC.B3,2017,127
NV.NSMTC.B3,2017,128
NV.NSMTC.B3,2017,129
NV.NSMTC.B3,2017,130
NV.NSMTC.B3,2017,131
NV.NSMTC.B3,2017,132
NV.NSMTC.B3,2017,133
NV.NSMTC.B3,2017,134
NV.NSMTC.B3,2017,135
NV.NSMTC.B3,2017,136
NV.NSMTC.B3,2017,364
NV.NSMTC.B3,2017,365
NV.NSMTC.B3,2018,1
NV.NSMTC.B3,2018,2
NV.NSMTC.B3,2018,3
NV.NSMTC.B3,2018,4
NV.NSMTC.B3,2018,79
NV.NSMTC.B3,2018,99
NV.NSMTC.B3,2018,100
NV.NSMTC.B3,2018,101
NV.NSMTC.B3,2018,102
NV.NSMTC.B3,2018,103
NV.NSMTC.B3,2018,104
NV.NSMTC.B3,2018,105
NV.NSMTC.B3,2018,106
NV.NSMTC.B3,2018,107
NV.NSMTC.B3,2018,108
NV.NSMTC.B3,2018,109
NV.NSMTC.B3,2018,110
NV.NSMTC.B3,2018,111
NV.NSMTC.B3,2018,112
NV.NSMTC.B3,2018,239
NV.NSMTC.B3,2018,240
NV.NSMTC.B3,2018,241
NV.NSMTC.B3,2018,242
NV.NSMTC.B3,2018,243
NV.NSMTC.B3,2018,244
NV.NSMTC.B3,2018,245
NV.NSMTC.B3,2018,246
NV.NSMTC.B3,2018,247
NV.NSMTC.B3,2018,248
NV.NSMTC.B3,2018,249
NV.NSMTC.B3,2018,250
NV.NSMTC.B3,2018,251
NV.NSMTC.B3,2018,252
NV.NSMTC.B3,2018,253
NV.NSMTC.B3,2018,254
NV.NSMTC.B3,2019,214
NV.NSMTC.B3,2019,215
NV.NSMTC.B3,2019,216
NV.NSMTC.B3,2019,217
NV.NSMTC.B3,2019,218
NV.NSMTC.B3,2019,219
NV.NSMTC.B3,2019,220
NV.NSMTC.B3,2019,221
NV.NSMTC.B3,2019,222
NV.NSMTC.B3,2019,223
NV.NSMTC.B3,2019,224
NV.NSMTC.B3,2019,225
NV.NSMTC.B3,2019,226
NV.NSMTC.B3,2019,227
NV.NSMTC.B3,2019,234
NV.NSMTC.B3,2019,235
NV.NSMTC.B3,2019,236
NV.NSMTC.B3,2019,237
NV.NSMTC.B3,2019,238
NV.NSMTC.B3,2019,239
NV.NSMTC.B3,2019,240
NV.NSMTC.B3,2019,241
NV.NSMTC.B3,2019,242
NV.NSMTC.B3,2019,243
NV.NSMTC.B3,2019,244
NV.NSMTC.B3,2019,245
NV.NSMTC.B3,2019,246
NV.NSMTC.B3,2019,247
NV.NSMTC.B3,2019,248
NV.NSMTC.B3,2019,249
NV.NSMTC.B3,2019,294
NV.NSMTC.B3,2019,295
NV.NSMTC.B3,2019,296
NV.NSMTC.B3,2019,297
NV.NSMTC.B3,2019,298
NV.NSMTC.B3,2019,300
NV.NSMTC.B3,2019,301
NV.NSMTC.B3,2019,302
NV.NSMTC.B3,2020,29
NV.NSMTC.B3,2020,30
NV.NSMTC.B3,2020,31
NV.NSMTC.B3,2020,32
NV.NSMTC.B3,2020,33
NV.NSMTC.B3,2020,34
NV.NSMTC.B3,2020,35
NV.NSMTC.B3,2020,49
NV.NSMTC.B3,2020,50
NV.NSMTC.B3,2020,51
NV.NSMTC.B3,2020,52
NV.NSMTC.B3,2020,53
NV.NSMTC.B3,2020,54
NV.NSMTC.B3,2020,55
NV.NSMTC.B3,2020,56
NV.NSMTC.B3,2020,57
NV.NSMTC.B3,2020,58
NV.NSMTC.B3,2020,59
NV.NSMTC.B3,2020,60
NV.NSMTC.B3,2020,61
NV.NSMTC.B3,2020,149
NV.NSMTC.B3,2020,150
NV.NSMTC.B3,2020,151
NV.NSMTC.B3,2020,152
NV.NSMTC.B3,2020,153
NV.NSMTC.B3,2020,154
NV.NSMTC.B3,2020,155
NV.NSMTC.B3,2020,156
NV.NSMTC.B3,2020,157
NV.NSMTC.B3,2020,158
NV.NSMTC.B3,2020,159
NV.NSMTC.B3,2021,203
NV.NSMTC.B3,2021,204
NV.NSMTC.B3,2021,205
NV.NSMTC.B3,2021,206
NV.NSMTC.B3,2021,207
NV.NSMTC.B3,2021,208
NV.NSMTC.B3,2021,209
NV.NSMTC.B3,2021,243
NV.NSMTC.B3,2021,244
NV.NSMTC.B3,2021,245
NV.NSMTC.B3,2021,246
NV.NSMTC.B3,2022,18
NV.NSMTC.B3,2022,19
NV.NSMTC.B3,2022,20
NV.NSMTC.B3,2022,21
NV.NSMTC.B3,2022,22
NV.NSMTC.B3,2022,23
NV.NSMTC.B3,2022,24
NV.NSMTC.B3,2022,25
NV.NSMTC.B3,2022,26
NV.NSMTC.B3,2022,27
NV.NSMTC.B3,2022,28
NV.NSMTC.B3,2022,78
NV.NSMTC.B3,2022,79
NV.NSMTC.B3,2022,80
NV.NSMTC.B3,2022,81
NV.NSMTC.B3,2022,82
NV.NSMTC.B3,2022,83
NV.NSMTC.B3,2022,84
NV.NSMTC.B3,2022,85
NV.NSMTC.B3,2022,86
NV.NSMTC.B3,2022,87
NV.NSMTC.B3,2022,88
OO.AXAS1.,2014,340
OO.AXAS1.,2014,341
OO.AXAS1.,2014,345
OO.AXAS1.,2015,1
OO.AXAS1.,2015,2
OO.AXAS1.,2015,3
OO.AXAS1.,2015,4
OO.AXAS1.,2015,5
OO.AXAS1.,2016,70
OO.AXAS1.,2016,71
OO.AXAS1.,2016,72
OO.AXAS1.,2016,73
OO.AXAS1.,2016,74
OO.AXAS1.,2016,75
OO.AXAS1.,2016,76
OO.AXAS1.,2016,77
OO.AXAS1.,2016,78
OO.AXAS1.,2016,79
OO.AXAS1.,2016,80
OO.AXAS1.,2016,81
OO.AXAS1.,2017,124
OO.AXAS1.,2017,125
OO.AXAS1.,2017,126
OO.AXAS1.,2017,127
OO.AXAS1.,2017,128
OO.AXAS1.,2017,129
OO.AXAS1.,2017,130
OO.AXAS1.,2017,131
OO.AXAS1.,2017,132
OO.AXAS1.,2018,1
OO.AXAS1.,2018,2
OO.AXAS1.,2018,3
OO.AXAS1.,2018,99
OO.AXAS1.,2018,100
OO.AXAS1.,2018,101
OO.AXAS1.,2018,102
OO.AXAS1.,2018,103
OO.AXAS1.,2018,104
OO.AXAS1.,2018,105
OO.AXAS1.,2018,106
OO.AXAS1.,2018,241
OO.AXAS1.,2018,244
OO.AXAS1.,2018,245
OO.AXAS1.,2018,246
OO.AXAS1.,2018,247
OO.AXAS1.,2018,248
OO.AXAS1.,2019,121
OO.AXAS1.,2019,122
OO.AXAS1.,2019,214
OO.AXAS1.,2019,215
OO.AXAS1.,2019,216
OO.AXAS1.,2019,217
OO.AXAS1.,2019,218
OO.AXAS1.,2019,219
OO.AXAS1.,2019,220
OO.AXAS1.,2019,221
OO.AXAS1.,2019,234
OO.AXAS1.,2019,235
OO.AXAS1.,2019,236
OO.AXAS1.,2019,237
OO.AXAS1.,2019,238
OO.AXAS1.,2019,239
OO.AXAS1.,2019,240
OO.AXAS1.,2019,241
OO.AXAS1.,2019,242
OO.AXAS1.,2019,243
OO.AXAS1.,2019,244
OO.AXAS1.,2019,245
OO.AXAS1.,2019,246
OO.AXAS1.,2019,247
OO.AXAS1.,2019,248
OO.AXAS1.,2019,294
OO.AXAS1.,2019,295
OO.AXAS1.,2019,296
OO.AXAS1.,2020,32
OO.AXAS1.,2020,33
OO.AXAS1.,2020,34
OO.AXAS1.,2020,149
OO.AXAS1.,2020,150
OO.AXAS1.,2020,151
OO.AXAS1.,2020,152
OO.AXAS1.,2020,153
OO.AXAS1.,2020,154
OO.AXAS1.,2020,155
OO.AXAS1.,2020,156
OO.AXAS1.,2020,157
OO.AXAS1.,2020,158
OO.AXAS1.,2020,159
OO.AXAS1.,2021,203
OO.AXAS1.,2021,204
OO.AXAS1.,2021,205
OO.AXAS1.,2021,206
OO.AXAS1.,2021,207
OO.AXAS1.,2021,208
OO.AXAS1.,2021,223
OO.AXAS1.,2021,224
OO.AXAS1.,2021,225
OO.AXAS1.,2021,244
OO.AXAS1.,2021,245
OO.AXAS1.,2022,18
OO.AXAS1.,2022,19
OO.AXAS1.,2022,20
OO.AXAS1.,2022,21
OO.AXAS1.,2022,22
OO.AXAS1.,2022,23
OO.AXAS1.,2022,26
OO.AXAS1.,2022,78
OO.AXAS1.,2022,79
OO.AXAS1.,2022,80
OO.AXAS1.,2022,81
OO.AXAS2.,2014,340
OO.AXAS2.,2014,341
OO.AXAS2.,2014,345
OO.AXAS2.,2015,1
OO.AXAS2.,2015,2
OO.AXAS2.,2015,3
OO.AXAS2.,2015,4
OO.AXAS2.,2015,5
OO.AXAS2.,2016,70
OO.AXAS2.,2016,71
OO.AXAS2.,2016,72
OO.AXAS2.,2016,73
OO.AXAS2.,2016,74
OO.AXAS2.,2016,75
OO.AXAS2.,2016,76
OO.AXAS2.,2016,77
OO.AXAS2.,2016,78
OO.AXAS2.,2016,79
OO.AXAS2.,2016,80
OO.AXAS2.,2016,81
OO.AXAS2.,2017,124
OO.AXAS2.,2017,125
OO.AXAS2.,2017,126
OO.AXAS2.,2017,127
OO.AXAS2.,2017,128
OO.AXAS2.,2017,129
OO.AXAS2.,2017,130
OO.AXAS2.,2017,131
OO.AXAS2.,2017,132
OO.AXAS2.,2018,1
OO.AXAS2.,2018,2
OO.AXAS2.,2018,3
OO.AXAS2.,2018,99
OO.AXAS2.,2018,100
OO.AXAS2.,2018,101
OO.AXAS2.,2018,102
OO.AXAS2.,2018,103
OO.AXAS2.,2018,104
OO.AXAS2.,2018,105
OO.AXAS2.,2018,106
OO.AXAS2.,2018,241
OO.AXAS2.,2018,244
OO.AXAS2.,2018,245
OO.AXAS2.,2018,246
OO.AXAS2.,2018,247
OO.AXAS2.,2019,121
OO.AXAS2.,2019,122
OO.AXAS2.,2019,214
OO.AXAS2.,2019,215
OO.AXAS2.,2019,216
OO.AXAS2.,2019,217
OO.AXAS2.,2019,218
OO.AXAS2.,2019,219
OO.AXAS2.,2019,220
OO.AXAS2.,2019,221
OO.AXAS2.,2019,234
OO.AXAS2.,2019,235
OO.AXAS2.,2019,236
OO.AXAS2.,2019,237
OO.AXAS2.,2019,238
OO.AXAS2.,2019,239
OO.AXAS2.,2019,240
OO.AXAS2.,2019,241
OO.AXAS2.,2019,242
OO.AXAS2.,2019,243
OO.AXAS2.,2019,244
OO.AXAS2.,2019,245
OO.AXAS2.,2019,246
OO.AXAS2.,2019,247
OO.AXAS2.,2019,248
OO.AXAS2.,2019,294
OO.AXAS2.,2019,295
OO.AXAS2.,2019,296
OO.AXAS2.,2020,32
OO.AXAS2.,2020,33
OO.AXAS2.,2020,34
OO.AXAS2.,2020,149
OO.AXAS2.,2020,150
OO.AXAS2.,2020,151
OO.AXAS2.,2020,152
OO.AXAS2.,2020,153
OO.AXAS2.,2020,154
OO.AXAS2.,2020,155
OO.AXAS2.,2020,156
OO.AXAS2.,2020,157
OO.AXAS2.,2020,158
OO.AXAS2.,2020,159
OO.AXAS2.,2021,203
OO.AXAS2.,2021,204
OO.AXAS2.,2021,205
OO.AXAS2.,2021,206
OO.AXAS2.,2021,207
OO.AXAS2.,2021,208
OO.AXAS2.,2021,223
OO.AXAS2.,2021,224
OO.AXAS2.,2021,225
OO.AXAS2.,2021,244
OO.AXAS2.,2021,245
OO.AXAS2.,2022,18
OO.AXAS2.,2022,19
OO.AXAS2.,2022,20
OO.AXAS2.,2022,21
OO.AXAS2.,2022,22
OO.AXAS2.,2022,23
OO.AXAS2.,2022,26
OO.AXAS2.,2022,78
OO.AXAS2.,2022,79
OO.AXAS2.,2022,80
OO.AXAS2.,2022,81
OO.AXBA1.,2014,340
OO.AXBA1.,2014,341
OO.AXBA1.,2014,345
OO.AXBA1.,2015,1
OO.AXBA1.,2015,2
OO.AXBA1.,2015,3
OO.AXBA1.,2015,4
OO.AXBA1.,2015,5
OO.AXBA1.,2016,70
OO.AXBA1.,2016,71
OO.AXBA1.,2016,72
OO.AXBA1.,2016,73
OO.AXBA1.,2016,74
OO.AXBA1.,2016,75
OO.AXBA1.,2016,76
OO.AXBA1.,2016,77
OO.AXBA1.,2016,78
OO.AXBA1.,2016,79
OO.AXBA1.,2016,80
OO.AXBA1.,2016,81
OO.AXBA1.,2017,124
OO.AXBA1.,2017,125
OO.AXBA1.,2017,126
OO.AXBA1.,2017,127
OO.AXBA1.,2017,128
OO.AXBA1.,2017,129
OO.AXBA1.,2017,130
OO.AXBA1.,2017,131
OO.AXBA1.,2017,132
OO.AXBA1.,2018,1
OO.AXBA1.,2018,2
OO.AXBA1.,2018,3
OO.AXBA1.,2018,99
OO.AXBA1.,2018,100
OO.AXBA1.,2018,101
OO.AXBA1.,2018,102
OO.AXBA1.,2018,103
OO.AXBA1.,2018,104
OO.AXBA1.,2018,105
OO.AXBA1.,2018,106
OO.AXBA1.,2018,241
OO.AXBA1.,2018,242
OO.AXBA1.,2018,244
OO.AXBA1.,2018,245
OO.AXBA1.,2018,246
OO.AXBA1.,2018,247
OO.AXBA1.,2019,121
OO.AXBA1.,2019,122
OO.AXBA1.,2019,214
OO.AXBA1.,2019,215
OO.AXBA1.,2019,216
OO.AXBA1.,2019,217
OO.AXBA1.,2019,218
OO.AXBA1.,2019,219
OO.AXBA1.,2019,220
OO.AXBA1.,2019,221
OO.AXBA1.,2019,223
OO.AXBA1.,2019,234
OO.AXBA1.,2019,235
OO.AXBA1.,2019,236
OO.AXBA1.,2019,237
OO.AXBA1.,2019,238
OO.AXBA1.,2019,239
OO.AXBA1.,2019,240
OO.AXBA1.,2019,241
OO.AXBA1.,2019,242
OO.AXBA1.,2019,243
OO.AXBA1.,2019,244
OO.AXBA1.,2019,245
OO.AXBA1.,2019,246
OO.AXBA1.,2019,247
OO.AXBA1.,2019,248
OO.AXBA1.,2019,294
OO.AXBA1.,2019,295
OO.AXBA1.,2019,296
OO.AXBA1.,2020,32
OO.AXBA1.,2020,33
OO.AXBA1.,2020,34
OO.AXBA1.,2020,149
OO.AXBA1.,2020,150
OO.AXBA1.,2020,151
OO.AXBA1.,2020,152
OO.AXBA1.,2020,153
OO.AXBA1.,2020,154
OO.AXBA1.,2020,155
OO.AXBA1.,2020,156
OO.AXBA1.,2020,157
OO.AXBA1.,2020,158
OO.AXBA1.,2021,203
OO.AXBA1.,2021,204
OO.AXBA1.,2021,205
OO.AXBA1.,2021,206
OO.AXBA1.,2021,207
OO.AXBA1.,2021,208
OO.AXBA1.,2021,223
OO.AXBA1.,2021,224
OO.AXBA1.,2021,225
OO.AXBA1.,2021,244
OO.AXBA1.,2021,245
OO.AXBA1.,2022,18
OO.AXBA1.,2022,19
OO.AXBA1.,2022,20
OO.AXBA1.,2022,21
OO.AXBA1.,2022,22
OO.AXBA1.,2022,23
OO.AXBA1.,2022,26
OO.AXBA1.,2022,78
OO.AXBA1.,2022,79
OO.AXBA1.,2022,80
OO.AXBA1.,2022,81
OO.AXCC1.,2014,340
OO.AXCC1.,2014,341
OO.AXCC1.,2014,345
OO.AXCC1.,2015,1
OO.AXCC1.,2015,2
OO.AXCC1.,2015,3
OO.AXCC1.,2015,4
OO.AXCC1.,2015,5
OO.AXCC1.,2016,70
OO.AXCC1.,2016,71
OO.AXCC1.,2016,72
OO.AXCC1.,2016,73
OO.AXCC1.,2016,74
OO.AXCC1.,2016,75
OO.AXCC1.,2016,76
OO.AXCC1.,2016,77
OO.AXCC1.,2016,78
OO.AXCC1.,2016,79
OO.AXCC1.,2016,80
OO.AXCC1.,2016,81
OO.AXCC1.,2017,124
OO.AXCC1.,2017,125
OO.AXCC1.,2017,126
OO.AXCC1.,2017,127
OO.AXCC1.,2017,128
OO.AXCC1.,2017,129
OO.AXCC1.,2017,130
OO.AXCC1.,2017,131
OO.AXCC1.,2017,132
OO.AXCC1.,2018,1
OO.AXCC1.,2018,2
OO.AXCC1.,2018,3
OO.AXCC1.,2018,99
OO.AXCC1.,2018,100
OO.AXCC1.,2018,101
OO.AXCC1.,2018,102
OO.AXCC1.,2018,103
OO.AXCC1.,2018,104
OO.AXCC1.,2018,105
OO.AXCC1.,2018,106
OO.AXCC1.,2018,241
OO.AXCC1.,2018,244
OO.AXCC1.,2018,245
OO.AXCC1.,2018,246
OO.AXCC1.,2018,247
OO.AXCC1.,2019,121
OO.AXCC1.,2019,122
OO.AXCC1.,2019,214
OO.AXCC1.,2019,215
OO.AXCC1.,2019,216
OO.AXCC1.,2019,217
OO.AXCC1.,2019,218
OO.AXCC1.,2019,219
OO.AXCC1.,2019,220
OO.AXCC1.,2019,221
OO.AXCC1.,2019,222
OO.AXCC1.,2019,223
OO.AXCC1.,2019,234
OO.AXCC1.,2019,235
OO.AXCC1.,2019,236
OO.AXCC1.,2019,237
OO.AXCC1.,2019,238
OO.AXCC1.,2019,239
OO.AXCC1.,2019,240
OO.AXCC1.,2019,241
OO.AXCC1.,2019,242
OO.AXCC1.,2019,243
OO.AXCC1.,2019,244
OO.AXCC1.,2019,245
OO.AXCC1.,2019,246
OO.AXCC1.,2019,247
OO.AXCC1.,2019,248
OO.AXCC1.,2019,294
OO.AXCC1.,2019,295
OO.AXCC1.,2019,296
OO.AXCC1.,2020,32
OO.AXCC1.,2020,33
OO.AXCC1.,2020,34
OO.AXCC1.,2020,149
OO.AXCC1.,2020,150
OO.AXCC1.,2020,151
OO.AXCC1.,2020,152
OO.AXCC1.,2020,153
OO.AXCC1.,2020,154
OO.AXCC1.,2020,155
OO.AXCC1.,2020,156
OO.AXCC1.,2020,157
OO.AXCC1.,2020,158
OO.AXCC1.,2021,203
OO.AXCC1.,2021,204
OO.AXCC1.,2021,205
OO.AXCC1.,2021,206
OO.AXCC1.,2021,207
OO.AXCC1.,2021,208
OO.AXCC1.,2021,223
OO.AXCC1.,2021,224
OO.AXCC1.,2021,225
OO.AXCC1.,2021,244
OO.AXCC1.,2021,245
OO.AXCC1.,2022,18
OO.AXCC1.,2022,19
OO.AXCC1.,2022,20
OO.AXCC1.,2022,21
OO.AXCC1.,2022,22
OO.AXCC1.,2022,23
OO.AXCC1.,2022,26
OO.AXCC1.,2022,78
OO.AXCC1.,2022,79
OO.AXCC1.,2022,80
OO.AXCC1.,2022,81
OO.AXEC1.,2014,340
OO.AXEC1.,2014,341
OO.AXEC1.,2014,345
OO.AXEC1.,2015,1
OO.AXEC1.,2015,2
OO.AXEC1.,2015,3
OO.AXEC1.,2015,4
OO.AXEC1.,2015,5
OO.AXEC1.,2016,70
OO.AXEC1.,2016,71
OO.AXEC1.,2016,72
OO.AXEC1.,2016,73
OO.AXEC1.,2016,74
OO.AXEC1.,2016,75
OO.AXEC1.,2016,76
OO.AXEC1.,2016,77
OO.AXEC1.,2016,78
OO.AXEC1.,2016,79
OO.AXEC1.,2016,80
OO.AXEC1.,2016,81
OO.AXEC1.,2017,124
OO.AXEC1.,2017,125
OO.AXEC1.,2017,126
OO.AXEC1.,2017,127
OO.AXEC1.,2017,128
OO.AXEC1.,2017,129
OO.AXEC1.,2017,130
OO.AXEC1.,2017,131
OO.AXEC1.,2017,132
OO.AXEC1.,2018,1
OO.AXEC1.,2018,2
OO.AXEC1.,2018,3
OO.AXEC1.,2018,99
OO.AXEC1.,2018,100
OO.AXEC1.,2018,101
OO.AXEC1.,2018,102
OO.AXEC1.,2018,103
OO.AXEC1.,2018,104
OO.AXEC1.,2018,105
OO.AXEC1.,2018,106
OO.AXEC1.,2018,241
OO.AXEC1.,2018,244
OO.AXEC1.,2018,245
OO.AXEC1.,2018,246
OO.AXEC1.,2018,247
OO.AXEC1.,2019,121
OO.AXEC1.,2019,122
OO.AXEC1.,2019,214
OO.AXEC1.,2019,215
OO.AXEC1.,2019,216
OO.AXEC1.,2019,217
OO.AXEC1.,2019,218
OO.AXEC1.,2019,219
OO.AXEC1.,2019,220
OO.AXEC1.,2019,221
OO.AXEC1.,2019,234
OO.AXEC1.,2019,235
OO.AXEC1.,2019,236
OO.AXEC1.,2019,237
OO.AXEC1.,2019,238
OO.AXEC1.,2019,239
OO.AXEC1.,2019,240
OO.AXEC1.,2019,241
OO.AXEC1.,2019,242
OO.AXEC1.,2019,243
OO.AXEC1.,2019,244
OO.AXEC1.,2019,245
OO.AXEC1.,2019,246
OO.AXEC1.,2019,247
OO.AXEC1.,2019,248
OO.AXEC1.,2019,294
OO.AXEC1.,2019,295
OO.AXEC1.,2019,296
OO.AXEC1.,2020,32
OO.AXEC1.,2020,33
OO.AXEC1.,2020,34
OO.AXEC1.,2020,149
OO.AXEC1.,2020,150
OO.AXEC1.,2020,151
OO.AXEC1.,2020,152
OO.AXEC1.,2020,153
OO.AXEC1.,2020,154
OO.AXEC1.,2020,155
OO.AXEC1.,2020,156
OO.AXEC1.,2020,157
OO.AXEC1.,2020,158
OO.AXEC1.,2021,203
OO.AXEC1.,2021,204
OO.AXEC1.,2021,205
OO.AXEC1.,2021,206
OO.AXEC1.,2021,207
OO.AXEC1.,2021,208
OO.AXEC1.,2021,223
OO.AXEC1.,2021,224
OO.AXEC1.,2021,225
OO.AXEC1.,2021,244
OO.AXEC1.,2021,245
OO.AXEC1.,2022,18
OO.AXEC1.,2022,19
OO.AXEC1.,2022,20
OO.AXEC1.,2022,21
OO.AXEC1.,2022,22
OO.AXEC1.,2022,23
OO.AXEC1.,2022,26
OO.AXEC1.,2022,78
OO.AXEC1.,2022,79
OO.AXEC1.,2022,80
OO.AXEC1.,2022,81
OO.AXEC2.,2014,340
OO.AXEC2.,2014,341
OO.AXEC2.,2014,345
OO.AXEC2.,2015,1
OO.AXEC2.,2015,2
OO.AXEC2.,2015,3
OO.AXEC2.,2015,4
OO.AXEC2.,2015,5
OO.AXEC2.,2016,70
OO.AXEC2.,2016,71
OO.AXEC2.,2016,72
OO.AXEC2.,2016,73
OO.AXEC2.,2016,74
OO.AXEC2.,2016,75
OO.AXEC2.,2016,76
OO.AXEC2.,2016,77
OO.AXEC2.,2016,78
OO.AXEC2.,2016,79
OO.AXEC2.,2016,80
OO.AXEC2.,2016,81
OO.AXEC2.,2017,124
OO.AXEC2.,2017,125
OO.AXEC2.,2017,126
OO.AXEC2.,2017,127
OO.AXEC2.,2017,128
OO.AXEC2.,2017,129
OO.AXEC2.,2017,130
OO.AXEC2.,2017,131
OO.AXEC2.,2017,132
OO.AXEC2.,2017,133
OO.AXEC2.,2017,134
OO.AXEC2.,2017,135
OO.AXEC2.,2017,136
OO.AXEC2.,2017,364
OO.AXEC2.,2018,1
OO.AXEC2.,2018,2
OO.AXEC2.,2018,3
OO.AXEC2.,2018,4
OO.AXEC2.,2018,79
OO.AXEC2.,2018,99
OO.AXEC2.,2018,100
OO.AXEC2.,2018,101
OO.AXEC2.,2018,102
OO.AXEC2.,2018,103
OO.AXEC2.,2018,104
OO.AXEC2.,2018,105
OO.AXEC2.,2018,106
OO.AXEC2.,2018,108
OO.AXEC2.,2018,109
OO.AXEC2.,2018,110
OO.AXEC2.,2018,111
OO.AXEC2.,2018,112
OO.AXEC2.,2018,239
OO.AXEC2.,2018,241
OO.AXEC2.,2018,244
OO.AXEC2.,2018,245
OO.AXEC2.,2018,246
OO.AXEC2.,2018,247
OO.AXEC2.,2019,121
OO.AXEC2.,2019,214
OO.AXEC2.,2019,215
OO.AXEC2.,2019,216
OO.AXEC2.,2019,217
OO.AXEC2.,2019,218
OO.AXEC2.,2019,219
OO.AXEC2.,2019,220
OO.AXEC2.,2019,221
OO.AXEC2.,2019,223
OO.AXEC2.,2019,227
OO.AXEC2.,2019,234
OO.AXEC2.,2019,235
OO.AXEC2.,2019,236
OO.AXEC2.,2019,237
OO.AXEC2.,2019,238
OO.AXEC2.,2019,239
OO.AXEC2.,2019,240
OO.AXEC2.,2019,241
OO.AXEC2.,2019,242
OO.AXEC2.,2019,243
OO.AXEC2.,2019,244
OO.AXEC2.,2019,245
OO.AXEC2.,2019,246
OO.AXEC2.,2019,247
OO.AXEC2.,2019,248
OO.AXEC2.,2019,294
OO.AXEC2.,2019,295
OO.AXEC2.,2019,296
OO.AXEC2.,2019,297
OO.AXEC2.,2019,298
OO.AXEC2.,2019,299
OO.AXEC2.,2020,30
OO.AXEC2.,2020,31
OO.AXEC2.,2020,32
OO.AXEC2.,2020,33
OO.AXEC2.,2020,34
OO.AXEC2.,2020,35
OO.AXEC2.,2020,49
OO.AXEC2.,2020,50
OO.AXEC2.,2020,51
OO.AXEC2.,2020,52
OO.AXEC2.,2020,53
OO.AXEC2.,2020,54
OO.AXEC2.,2020,55
OO.AXEC2.,2020,56
OO.AXEC2.,2020,57
OO.AXEC2.,2020,58
OO.AXEC2.,2020,59
OO.AXEC2.,2020,60
OO.AXEC2.,2020,149
OO.AXEC2.,2020,150
OO.AXEC2.,2020,151
OO.AXEC2.,2020,152
OO.AXEC2.,2020,153
OO.AXEC2.,2020,154
OO.AXEC2.,2020,155
OO.AXEC2.,2020,156
OO.AXEC2.,2020,157
OO.AXEC2.,2020,158
OO.AXEC2.,2020,159
OO.AXEC2.,2021,203
OO.AXEC2.,2021,204
OO.AXEC2.,2021,205
OO.AXEC2.,2021,206
OO.AXEC2.,2021,207
OO.AXEC2.,2021,208
OO.AXEC2.,2021,243
OO.AXEC2.,2021,244
OO.AXEC2.,2021,245
OO.AXEC2.,2021,246
OO.AXEC2.,2022,18
OO.AXEC2.,2022,19
OO.AXEC2.,2022,20
OO.AXEC2.,2022,21
OO.AXEC2.,2022,22
OO.AXEC2.,2022,23
OO.AXEC2.,2022,26
OO.AXEC2.,2022,28
OO.AXEC2.,2022,78
OO.AXEC2.,2022,79
OO.AXEC2.,2022,80
OO.AXEC2.,2022,81
OO.AXEC2.,2022,82
OO.AXEC2.,2022,83
OO.AXEC2.,2022,84
OO.AXEC2.,2022,85
OO.AXEC2.,2022,86
OO.AXEC2.,2022,87
OO.AXEC2.,2022,88
OO.AXEC3.,2014,340
OO.AXEC3.,2014,341
OO.AXEC3.,2015,1
OO.AXEC3.,2015,2
OO.AXEC3.,2015,3
OO.AXEC3.,2015,4
OO.AXEC3.,2015,5
OO.AXEC3.,2016,70
OO.AXEC3.,2016,71
OO.AXEC3.,2016,72
OO.AXEC3.,2016,73
OO.AXEC3.,2016,74
OO.AXEC3.,2016,75
OO.AXEC3.,2016,76
OO.AXEC3.,2016,77
OO.AXEC3.,2016,78
OO.AXEC3.,2016,79
OO.AXEC3.,2016,80
OO.AXEC3.,2017,124
OO.AXEC3.,2017,125
OO.AXEC3.,2017,126
OO.AXEC3.,2017,127
OO.AXEC3.,2017,128
OO.AXEC3.,2017,129
OO.AXEC3.,2017,130
OO.AXEC3.,2017,131
OO.AXEC3.,2017,132
OO.AXEC3.,2018,1
OO.AXEC3.,2018,2
OO.AXEC3.,2018,3
OO.AXEC3.,2018,99
OO.AXEC3.,2018,100
OO.AXEC3.,2018,101
OO.AXEC3.,2018,102
OO.AXEC3.,2018,103
OO.AXEC3.,2018,104
OO.AXEC3.,2018,105
OO.AXEC3.,2018,106
OO.AXEC3.,2018,241
OO.AXEC3.,2018,244
OO.AXEC3.,2018,245
OO.AXEC3.,2018,246
OO.AXEC3.,2018,247
OO.AXEC3.,2019,121
OO.AXEC3.,2019,214
OO.AXEC3.,2019,215
OO.AXEC3.,2019,216
OO.AXEC3.,2019,217
OO.AXEC3.,2019,218
OO.AXEC3.,2019,219
OO.AXEC3.,2019,220
OO.AXEC3.,2019,221
OO.AXEC3.,2019,234
OO.AXEC3.,2019,235
OO.AXEC3.,2019,236
OO.AXEC3.,2019,237
OO.AXEC3.,2019,238
OO.AXEC3.,2019,239
OO.AXEC3.,2019,240
OO.AXEC3.,2019,241
OO.AXEC3.,2019,242
OO.AXEC3.,2019,243
OO.AXEC3.,2019,244
OO.AXEC3.,2019,245
OO.AXEC3.,2019,246
OO.AXEC3.,2019,247
OO.AXEC3.,2019,248
OO.AXEC3.,2019,294
OO.AXEC3.,2019,295
OO.AXEC3.,2019,296
OO.AXEC3.,2020,32
OO.AXEC3.,2020,33
OO.AXEC3.,2020,34
OO.AXEC3.,2020,149
OO.AXEC3.,2020,150
OO.AXEC3.,2020,151
OO.AXEC3.,2020,152
OO.AXEC3.,2020,153
OO.AXEC3.,2020,154
OO.AXEC3.,2020,155
OO.AXEC3.,2020,156
OO.AXEC3.,2020,157
OO.AXEC3.,2020,158
OO.AXEC3.,2021,203
OO.AXEC3.,2021,204
OO.AXEC3.,2021,205
OO.AXEC3.,2021,206
OO.AXEC3.,2021,207
OO.AXEC3.,2021,208
OO.AXEC3.,2021,223
OO.AXEC3.,2021,224
OO.AXEC3.,2021,225
OO.AXEC3.,2021,244
OO.AXEC3.,2021,245
OO.AXEC3.,2022,18
OO.AXEC3.,2022,19
OO.AXEC3.,2022,20
OO.AXEC3.,2022,21
OO.AXEC3.,2022,22
OO.AXEC3.,2022,23
OO.AXEC3.,2022,26
OO.AXEC3.,2022,78
OO.AXEC3.,2022,79
OO.AXEC3.,2022,80
OO.AXEC3.,2022,81
OO.AXID1.,2014,340
OO.AXID1.,2014,341
OO.AXID1.,2015,1
OO.AXID1.,2015,2
OO.AXID1.,2015,3
OO.AXID1.,2015,4
OO.AXID1.,2016,70
OO.AXID1.,2016,71
OO.AXID1.,2016,72
OO.AXID1.,2016,73
OO.AXID1.,2016,74
OO.AXID1.,2016,75
OO.AXID1.,2016,76
OO.AXID1.,2016,77
OO.AXID1.,2016,78
OO.AXID1.,2016,79
OO.AXID1.,2016,80
OO.AXID1.,2017,124
OO.AXID1.,2017,125
OO.AXID1.,2017,126
OO.AXID1.,2017,127
OO.AXID1.,2017,128
OO.AXID1.,2017,129
OO.AXID1.,2017,130
OO.AXID1.,2017,131
OO.AXID1.,2017,132
OO.AXID1.,2018,1
OO.AXID1.,2018,2
OO.AXID1.,2018,3
OO.AXID1.,2018,99
OO.AXID1.,2018,100
OO.AXID1.,2018,101
OO.AXID1.,2018,102
OO.AXID1.,2018,103
OO.AXID1.,2018,104
OO.AXID1.,2018,105
OO.AXID1.,2018,106
OO.AXID1.,2018,241
OO.AXID1.,2018,244
OO.AXID1.,2018,245
OO.AXID1.,2018,246
OO.AXID1.,2018,247
OO.AXID1.,2019,121
OO.AXID1.,2019,214
OO.AXID1.,2019,215
OO.AXID1.,2019,216
OO.AXID1.,2019,217
OO.AXID1.,2019,218
OO.AXID1.,2019,219
OO.AXID1.,2019,220
OO.AXID1.,2019,221
OO.AXID1.,2019,234
OO.AXID1.,2019,235
OO.AXID1.,2019,236
OO.AXID1.,2019,237
OO.AXID1.,2019,238
OO.AXID1.,2019,239
OO.AXID1.,2019,240
OO.AXID1.,2019,241
OO.AXID1.,2019,242
OO.AXID1.,2019,243
OO.AXID1.,2019,244
OO.AXID1.,2019,245
OO.AXID1.,2019,246
OO.AXID1.,2019,247
OO.AXID1.,2019,248
OO.AXID1.,2019,294
OO.AXID1.,2019,295
OO.AXID1.,2019,296
OO.AXID1.,2020,32
OO.AXID1.,2020,33
OO.AXID1.,2020,34
OO.AXID1.,2020,149
OO.AXID1.,2020,150
OO.AXID1.,2020,151
OO.AXID1.,2020,152
OO.AXID1.,2020,153
OO.AXID1.,2020,154
OO.AXID1.,2020,155
OO.AXID1.,2020,156
OO.AXID1.,2020,157
OO.AXID1.,2020,158
OO.AXID1.,2021,203
OO.AXID1.,2021,204
OO.AXID1.,2021,205
OO.AXID1.,2021,206
OO.AXID1.,2021,207
OO.AXID1.,2021,208
OO.AXID1.,2021,223
OO.AXID1.,2021,224
OO.AXID1.,2021,225
OO.AXID1.,2021,244
OO.AXID1.,2021,245
OO.AXID1.,2022,18
OO.AXID1.,2022,19
OO.AXID1.,2022,20
OO.AXID1.,2022,21
OO.AXID1.,2022,22
OO.AXID1.,2022,23
OO.AXID1.,2022,26
OO.AXID1.,2022,78
OO.AXID1.,2022,79
OO.AXID1.,2022,80
OO.AXID1.,2022,81
OO.HYS11.,2015,121
OO.HYS11.,2015,122
OO.HYS11.,2015,123
OO.HYS11.,2015,124
OO.HYS11.,2015,125
OO.HYS11.,2015,126
OO.HYS11.,2016,336
OO.HYS11.,2016,337
OO.HYS11.,2016,338
OO.HYS12.,2015,121
OO.HYS12.,2015,122
OO.HYS12.,2015,123
OO.HYS12.,2015,124
OO.HYS12.,2015,125
OO.HYS12.,2015,126
OO.HYS12.,2016,336
OO.HYS12.,2016,337
OO.HYS12.,2016,338
OO.HYS13.,2015,121
OO.HYS13.,2015,122
OO.HYS13.,2015,123
OO.HYS13.,2015,124
OO.HYS13.,2015,125
OO.HYS13.,2015,126
OO.HYS13.,2016,336
OO.HYS13.,2016,337
OO.HYS13.,2016,338
OO.HYS14.,2015,121
OO.HYS14.,2015,122
OO.HYS14.,2015,123
OO.HYS14.,2015,124
OO.HYS14.,2015,125
OO.HYS14.,2016,336
OO.HYS14.,2016,337
OO.HYSB1.,2015,121
OO.HYSB1.,2015,122
OO.HYSB1.,2015,123
OO.HYSB1.,2015,124
OO.HYSB1.,2015,125
OO.HYSB1.,2016,336
OO.HYSB1.,2016,337
X6.1700.,2015,121
X6.1700.,2015,122
X6.1700.,2015,123
X6.1700.,2015,124
X6.1700.,2015,125
X6.300.,2015,121
X6.300.,2015,122
X6.300.,2015,123
X6.300.,2015,124
X6.300.,2015,125
X9.BB070.,2012,275
X9.BB070.,2012,276
X9.BB070.,2012,277
X9.BB070.,2012,278
X9.BB070.,2012,351
X9.BB070.,2012,352
X9.BB090.,2012,275
X9.BB090.,2012,276
X9.BB090.,2012,277
X9.BB090.,2012,278
X9.BB090.,2012,351
X9.BB090.,2012,352
X9.BB120.,2012,275
X9.BB120.,2012,276
X9.BB120.,2012,277
X9.BB120.,2012,278
X9.BB120.,2012,351
X9.BB120.,2012,352
X9.BB130.,2012,275
X9.BB130.,2012,276
X9.BB130.,2012,277
X9.BB130.,2012,278
X9.BB130.,2012,351
X9.BB130.,2012,352
X9.BB140.,2012,275
X9.BB140.,2012,276
X9.BB140.,2012,277
X9.BB140.,2012,351
X9.BB140.,2012,352
X9.BB150.,2012,275
X9.BB150.,2012,276
X9.BB150.,2012,277
X9.BB150.,2012,351
X9.BB150.,2012,352
X9.BB170.,2012,275
X9.BB170.,2012,276
X9.BB170.,2012,277
X9.BB170.,2012,351
X9.BB170.,2012,352
X9.BB180.,2012,275
X9.BB180.,2012,276
X9.BB180.,2012,277
X9.BB180.,2012,351
X9.BB180.,2012,352
X9.BB200.,2012,275
X9.BB200.,2012,276
X9.BB200.,2012,277
X9.BB200.,2012,351
X9.BB200.,2012,352
X9.BB230.,2012,275
X9.BB230.,2012,276
X9.BB230.,2012,277
X9.BB230.,2012,351
X9.BB230.,2012,352
X9.BB240.,2012,275
X9.BB240.,2012,276
X9.BB240.,2012,277
X9.BB240.,2012,351
X9.BB240.,2012,352
X9.BB260.,2012,275
X9.BB260.,2012,276
X9.BB260.,2012,277
X9.BB260.,2012,351
X9.BB260.,2012,352
X9.BB290.,2012,275
X9.BB290.,2012,276
X9.BB290.,2012,277
X9.BB290.,2012,351
X9.BB300.,2012,275
X9.BB300.,2012,276
X9.BB300.,2012,277
X9.BB300.,2012,351
X9.BB320.,2012,275
X9.BB320.,2012,276
X9.BB320.,2012,277
X9.BB320.,2012,351
X9.BB330.,2012,275
X9.BB330.,2012,276
X9.BB330.,2012,277
X9.BB330.,2012,351
X9.BB350.,2012,275
X9.BB350.,2012,276
X9.BB350.,2012,277
X9.BB350.,2012,351
X9.BB370.,2012,275
X9.BB370.,2012,276
X9.BB370.,2012,277
X9.BB370.,2012,351
X9.BB390.,2012,275
X9.BB390.,2012,276
X9.BB390.,2012,277
X9.BB390.,2012,351
X9.BB410.,2012,275
X9.BB410.,2012,276
X9.BB410.,2012,277
X9.BB410.,2012,351
X9.BB420.,2012,275
X9.BB420.,2012,276
X9.BB420.,2012,277
X9.BB420.,2012,351
X9.BB440.,2012,275
X9.BB440.,2012,276
X9.BB440.,2012,277
X9.BB440.,2012,351
X9.BB450.,2012,275
X9.BB450.,2012,276
X9.BB450.,2012,277
X9.BB450.,2012,351
X9.BB480.,2012,275
X9.BB480.,2012,276
X9.BB480.,2012,277
X9.BB480.,2012,351
X9.BB510.,2012,275
X9.BB510.,2012,276
X9.BB510.,2012,277
X9.BB510.,2012,351
X9.BB530.,2012,275
X9.BB530.,2012,276
X9.BB530.,2012,277
X9.BB530.,2012,351
X9.BB540.,2012,275
X9.BB540.,2012,276
X9.BB540.,2012,277
X9.BB540.,2012,351
X9.BB550.,2012,275
X9.BB550.,2012,276
X9.BB550.,2012,277
X9.BB550.,2012,351
XJ.LL21.,2013,335
XJ.LL21.,2013,336
XJ.LL22.,2013,335
XJ.LL22.,2013,336
XJ.LL23.,2013,335
XJ.LL23.,2013,336
XJ.LL24.,2013,335
XJ.LL24.,2013,336
XJ.LL24.,2014,274
XJ.LL65.,2013,335
XJ.LL65.,2013,336
XJ.LL66.,2013,335
XJ.LL66.,2013,336
XJ.LN14.,2013,335
XJ.LN14.,2014,274
XJ.LN15.,2013,335
XJ.LN15.,2014,274
XJ.LN16.,2013,335
XJ.LN16.,2014,274
XJ.LN25.,2013,335
XJ.LN25.,2014,274
XJ.LN26.,2013,335
XJ.LN34.,2013,335
XJ.LN34.,2014,274
XJ.LN35.,2013,335
XJ.LN35.,2014,274
XJ.LN45.,2013,335
XJ.LN45.,2014,274
XJ.LN46.,2013,185
XJ.LN46.,2013,186
XJ.LN46.,2013,187
XJ.LN46.,2013,188
XJ.LN46.,2013,189
XJ.LN46.,2013,192
XJ.LN46.,2013,194
XJ.LN46.,2013,195
XJ.LN46.,2013,196
XJ.LN46.,2013,197
XJ.LN46.,2013,198
XJ.LN46.,2013,199
XJ.MW36.,2013,185
XJ.MW36.,2013,186
XJ.MW36.,2013,187
XJ.MW36.,2013,188
XJ.MW36.,2013,189
XJ.MW41.,2013,185
XJ.MW41.,2013,186
XJ.MW41.,2013,187
XJ.MW41.,2013,188
XJ.MW41.,2013,189
XJ.MW42.,2013,185
XJ.MW42.,2013,186
XJ.MW42.,2013,187
XJ.MW42.,2013,188
XJ.MW42.,2013,189
XJ.MW43.,2013,185
XJ.MW43.,2013,186
XJ.MW43.,2013,187
XJ.MW43.,2013,188
XJ.MW43.,2013,197
XJ.MW43.,2013,198
XJ.MW43.,2013,199
XJ.MW44.,2013,185
XJ.MW44.,2013,186
XJ.MW44.,2013,187
XJ.MW44.,2013,188
XJ.NG54.,2013,185
XJ.NG54.,2013,186
XJ.NG54.,2013,187
XJ.NG54.,2013,188
XJ.NG55.,2013,185
XJ.NG55.,2013,186
XJ.NG55.,2013,187
XJ.NG55.,2013,188
XJ.NG56.,2013,185
XJ.NG56.,2013,186
XJ.NG56.,2013,187
XJ.NG56.,2013,188
XJ.PR11.,2013,21
XJ.PR11.,2013,22
XJ.PR11.,2013,23
XJ.PR11.,2013,24
XJ.PR11.,2014,200
XJ.PR11.,2014,201
XJ.PR11.,2014,202
XJ.PR11.,2014,203
XJ.PR11.,2014,204
XJ.PR12.,2013,21
XJ.PR12.,2013,22
XJ.PR12.,2013,23
XJ.PR12.,2013,24
XJ.PR13.,2013,22
XJ.PR13.,2013,23
XJ.PR13.,2013,24
XJ.PR31.,2013,23
XJ.PR31.,2013,24
XJ.PR31.,2014,200
XJ.PR31.,2014,201
XJ.PR31.,2014,202
XJ.PR31.,2014,203
XJ.PR31.,2014,204
XJ.PR32.,2013,23
XJ.PR32.,2013,24
XJ.PR32.,2014,200
XJ.PR32.,2014,201
XJ.PR32.,2014,202
XJ.PR32.,2014,203
XJ.PR32.,2014,204
XJ.PR33.,2013,23
XJ.PR33.,2014,200
XJ.PR33.,2014,201
XJ.PR33.,2014,202
XJ.PR33.,2014,203
XJ.PR33.,2014,204
XJ.PR52.,2013,21
XJ.PR52.,2013,22
XJ.PR52.,2013,23
XJ.PR52.,2014,200
XJ.PR52.,2014,201
XJ.PR52.,2014,202
XJ.PR52.,2014,203
XJ.PR52.,2014,204
XJ.PR53.,2013,21
XJ.PR53.,2013,22
XJ.PR53.,2013,23
XJ.PR53.,2014,200
XJ.PR53.,2014,201
XJ.PR53.,2014,202
XJ.PR53.,2014,203
XJ.PR53.,2014,204
XJ.PR61.,2013,20
XJ.PR61.,2013,21
XJ.PR61.,2013,22
XJ.PR61.,2013,23
XJ.PR61.,2014,200
XJ.PR61.,2014,201
XJ.PR61.,2014,202
XJ.PR61.,2014,203
XJ.PR61.,2014,204
XJ.PR62.,2013,20
XJ.PR62.,2013,21
XJ.PR62.,2013,22
XJ.PR62.,2013,23
XJ.PR63.,2013,19
XJ.PR63.,2013,20
XJ.PR63.,2013,21
XJ.PR63.,2013,22
XJ.PR63.,2013,23
XJ.PR63.,2014,200
XJ.PR63.,2014,201
XJ.PR63.,2014,202
XJ.PR63.,2014,203
XJ.PR63.,2014,204
XJ.PR64.,2013,19
XJ.PR64.,2013,20
XJ.PR64.,2013,21
XJ.PR64.,2013,22
XJ.PR64.,2013,23
XO.KF28.,2014,32
XO.KF28.,2014,33
XO.KF30.,2014,32
XO.KF30.,2014,33
XO.KF34.,2014,32
XO.KF34.,2014,33
XO.KG27.,2014,32
XO.KG29.,2014,32
XO.KG31.,2014,32
XO.KG35.,2014,32
XO.KG37.,2014,32
XO.KG41.,2014,32
XO.KH26.,2013,365
XO.KH26.,2014,1
XO.KH26.,2014,2
XO.KH26.,2014,3
XO.KH26.,2014,4
XO.KH26.,2014,11
XO.KH26.,2014,12
XO.KH26.,2014,13
XO.KH26.,2014,14
XO.KH26.,2014,40
XO.KH26.,2014,41
XO.KH26.,2014,42
XO.KH26.,2014,43
XO.KH26.,2014,44
XO.KH26.,2014,45
XO.KH26.,2014,80
XO.KH26.,2014,81
XO.KH26.,2014,82
XO.KH26.,2014,121
XO.KH26.,2014,122
XO.KH26.,2014,244
XO.KH26.,2014,245
XO.KH26.,2014,246
XO.KH26.,2014,247
XO.KH26.,2014,248
XO.KH26.,2014,249
XO.KH26.,2014,250
XO.KH26.,2014,280
XO.KH26.,2014,281
XO.KH28.,2014,1
XO.KH28.,2014,2
XO.KH28.,2014,3
XO.KH28.,2014,40
XO.KH28.,2014,41
XO.KH28.,2014,42
XO.KH28.,2014,43
XO.KH28.,2014,44
XO.KH28.,2014,45
XO.KH28.,2014,80
XO.KH28.,2014,81
XO.KH28.,2014,82
XO.KH28.,2014,121
XO.KH28.,2014,122
XO.KH28.,2014,244
XO.KH28.,2014,245
XO.KH28.,2014,246
XO.KH28.,2014,247
XO.KH28.,2014,248
XO.KH28.,2014,249
XO.KH28.,2014,250
XO.KH28.,2014,280
XO.KH28.,2014,281
XO.KH30.,2014,1
XO.KH30.,2014,2
XO.KH30.,2014,3
XO.KH30.,2014,40
XO.KH30.,2014,41
XO.KH30.,2014,42
XO.KH30.,2014,43
XO.KH30.,2014,44
XO.KH30.,2014,45
XO.KH30.,2014,80
XO.KH30.,2014,81
XO.KH30.,2014,82
XO.KH30.,2014,121
XO.KH30.,2014,122
XO.KH30.,2014,244
XO.KH30.,2014,245
XO.KH30.,2014,246
XO.KH30.,2014,247
XO.KH30.,2014,248
XO.KH30.,2014,249
XO.KH30.,2014,250
XO.KH30.,2014,280
XO.KH32.,2014,1
XO.KH32.,2014,2
XO.KH32.,2014,3
XO.KH32.,2014,40
XO.KH32.,2014,41
XO.KH32.,2014,42
XO.KH32.,2014,43
XO.KH32.,2014,44
XO.KH32.,2014,45
XO.KH32.,2014,80
XO.KH32.,2014,81
XO.KH32.,2014,82
XO.KH32.,2014,121
XO.KH32.,2014,122
XO.KH32.,2014,244
XO.KH32.,2014,245
XO.KH32.,2014,246
XO.KH32.,2014,247
XO.KH32.,2014,248
XO.KH32.,2014,249
XO.KH32.,2014,250
XO.KH32.,2014,280
XO.KH34.,2014,1
XO.KH34.,2014,2
XO.KH34.,2014,3
XO.KH34.,2014,40
XO.KH34.,2014,41
XO.KH34.,2014,42
XO.KH34.,2014,43
XO.KH34.,2014,44
XO.KH34.,2014,45
XO.KH34.,2014,80
XO.KH34.,2014,81
XO.KH34.,2014,82
XO.KH34.,2014,121
XO.KH34.,2014,122
XO.KH34.,2014,244
XO.KH34.,2014,245
XO.KH34.,2014,246
XO.KH34.,2014,247
XO.KH34.,2014,248
XO.KH34.,2014,249
XO.KH34.,2014,250
XO.KH34.,2014,280
XO.KH36.,2014,1
XO.KH36.,2014,2
XO.KH36.,2014,3
XO.KH36.,2014,40
XO.KH36.,2014,41
XO.KH36.,2014,42
XO.KH36.,2014,43
XO.KH36.,2014,44
XO.KH36.,2014,45
XO.KH36.,2014,80
XO.KH36.,2014,81
XO.KH36.,2014,82
XO.KH36.,2014,121
XO.KH36.,2014,122
XO.KH36.,2014,244
XO.KH36.,2014,245
XO.KH36.,2014,246
XO.KH36.,2014,247
XO.KH36.,2014,248
XO.KH36.,2014,249
XO.KH36.,2014,250
XO.KH36.,2014,280
XO.KH38.,2014,1
XO.KH38.,2014,2
XO.KH38.,2014,3
XO.KH38.,2014,40
XO.KH38.,2014,41
XO.KH38.,2014,42
XO.KH38.,2014,43
XO.KH38.,2014,44
XO.KH38.,2014,45
XO.KH38.,2014,80
XO.KH38.,2014,81
XO.KH38.,2014,82
XO.KH38.,2014,121
XO.KH38.,2014,122
XO.KH38.,2014,244
XO.KH38.,2014,245
XO.KH38.,2014,246
XO.KH38.,2014,247
XO.KH38.,2014,248
XO.KH38.,2014,249
XO.KH38.,2014,250
XO.KH38.,2014,280
XO.KH42.,2014,1
XO.KH42.,2014,2
XO.KH42.,2014,3
XO.KH42.,2014,40
XO.KH42.,2014,41
XO.KH42.,2014,42
XO.KH42.,2014,43
XO.KH42.,2014,44
XO.KH42.,2014,45
XO.KH42.,2014,80
XO.KH42.,2014,81
XO.KH42.,2014,82
XO.KH42.,2014,121
XO.KH42.,2014,122
XO.KH42.,2014,244
XO.KH42.,2014,245
XO.KH42.,2014,246
XO.KH42.,2014,247
XO.KH42.,2014,248
XO.KH42.,2014,249
XO.KH42.,2014,250
XO.KH42.,2014,280
XO.KH44.,2014,1
XO.KH44.,2014,2
XO.KH44.,2014,3
XO.KH44.,2014,40
XO.KH44.,2014,41
XO.KH44.,2014,42
XO.KH44.,2014,43
XO.KH44.,2014,44
XO.KH44.,2014,45
XO.KH44.,2014,80
XO.KH44.,2014,81
XO.KH44.,2014,121
XO.KH44.,2014,244
XO.KH44.,2014,245
XO.KH44.,2014,246
XO.KH44.,2014,247
XO.KH44.,2014,248
XO.KH44.,2014,249
XO.KH44.,2014,250
XO.KH44.,2014,280
XO.KH46.,2014,1
XO.KH46.,2014,2
XO.KH46.,2014,3
XO.KH46.,2014,40
XO.KH46.,2014,41
XO.KH46.,2014,42
XO.KH46.,2014,43
XO.KH46.,2014,44
XO.KH46.,2014,45
XO.KH46.,2014,80
XO.KH46.,2014,81
XO.KH46.,2014,121
XO.KH46.,2014,244
XO.KH46.,2014,245
XO.KH46.,2014,246
XO.KH46.,2014,247
XO.KH46.,2014,248
XO.KH46.,2014,249
XO.KH46.,2014,250
XO.KH46.,2014,280
XO.KH48.,2014,1
XO.KH48.,2014,2
XO.KH48.,2014,3
XO.KH48.,2014,40
XO.KH48.,2014,41
XO.KH48.,2014,42
XO.KH48.,2014,43
XO.KH48.,2014,44
XO.KH48.,2014,45
XO.KH48.,2014,80
XO.KH48.,2014,81
XO.KH48.,2014,121
XO.KH48.,2014,244
XO.KH48.,2014,245
XO.KH48.,2014,246
XO.KH48.,2014,247
XO.KH48.,2014,248
XO.KH48.,2014,249
XO.KH48.,2014,250
XO.KH48.,2014,280
XO.KH49.,2014,1
XO.KH49.,2014,2
XO.KH49.,2014,3
XO.KH49.,2014,40
XO.KH49.,2014,41
XO.KH49.,2014,42
XO.KH49.,2014,43
XO.KH49.,2014,44
XO.KH49.,2014,45
XO.KH49.,2014,80
XO.KH49.,2014,81
XO.KH49.,2014,121
XO.KH49.,2014,244
XO.KH49.,2014,245
XO.KH49.,2014,246
XO.KH49.,2014,247
XO.KH49.,2014,248
XO.KH49.,2014,249
XO.KH49.,2014,250
XO.KH49.,2014,280
XO.KH50.,2014,80
XO.KH50.,2014,81
XO.KH50.,2014,121
XO.KH50.,2014,244
XO.KH50.,2014,245
XO.KH50.,2014,246
XO.KH50.,2014,247
XO.KH50.,2014,248
XO.KH50.,2014,249
XO.KH50.,2014,250
XO.KH50.,2014,280
XO.KH54.,2014,80
XO.KH54.,2014,81
XO.KH54.,2014,121
XO.KH54.,2014,244
XO.KH54.,2014,245
XO.KH54.,2014,246
XO.KH54.,2014,247
XO.KH54.,2014,248
XO.KH54.,2014,249
XO.KH54.,2014,250
XO.KH54.,2014,280
XO.KH56.,2014,120
XO.KH56.,2014,121
XO.KH56.,2014,122
XO.KH56.,2014,244
XO.KH56.,2014,245
XO.KH56.,2014,246
XO.KH56.,2014,247
XO.KH56.,2014,248
XO.KH56.,2014,249
XO.KH56.,2014,250
XO.KH56.,2014,280
XO.KI25.,2014,1
XO.KI25.,2014,2
XO.KI25.,2014,3
XO.KI25.,2014,40
XO.KI25.,2014,41
XO.KI25.,2014,42
XO.KI25.,2014,43
XO.KI25.,2014,44
XO.KI25.,2014,80
XO.KI25.,2014,81
XO.KI25.,2014,121
XO.KI25.,2014,244
XO.KI25.,2014,245
XO.KI25.,2014,246
XO.KI25.,2014,247
XO.KI25.,2014,248
XO.KI25.,2014,249
XO.KI25.,2014,250
XO.KI25.,2014,280
XO.KI27.,2014,1
XO.KI27.,2014,2
XO.KI27.,2014,3
XO.KI27.,2014,4
XO.KI27.,2014,9
XO.KI27.,2014,10
XO.KI27.,2014,11
XO.KI27.,2014,12
XO.KI27.,2014,13
XO.KI27.,2014,14
XO.KI27.,2014,40
XO.KI27.,2014,41
XO.KI27.,2014,42
XO.KI27.,2014,43
XO.KI27.,2014,44
XO.KI27.,2014,80
XO.KI27.,2014,81
XO.KI27.,2014,121
XO.KI27.,2014,244
XO.KI27.,2014,245
XO.KI27.,2014,246
XO.KI27.,2014,247
XO.KI27.,2014,248
XO.KI27.,2014,249
XO.KI27.,2014,250
XO.KI27.,2014,280
XO.KI29.,2014,1
XO.KI29.,2014,2
XO.KI29.,2014,3
XO.KI29.,2014,40
XO.KI29.,2014,41
XO.KI29.,2014,42
XO.KI29.,2014,43
XO.KI29.,2014,44
XO.KI29.,2014,80
XO.KI29.,2014,81
XO.KI29.,2014,121
XO.KI29.,2014,244
XO.KI29.,2014,245
XO.KI29.,2014,246
XO.KI29.,2014,247
XO.KI29.,2014,248
XO.KI29.,2014,249
XO.KI29.,2014,250
XO.KI29.,2014,280
XO.KI31.,2014,1
XO.KI31.,2014,2
XO.KI31.,2014,3
XO.KI31.,2014,40
XO.KI31.,2014,41
XO.KI31.,2014,42
XO.KI31.,2014,43
XO.KI31.,2014,44
XO.KI31.,2014,80
XO.KI31.,2014,81
XO.KI31.,2014,121
XO.KI31.,2014,244
XO.KI31.,2014,245
XO.KI31.,2014,246
XO.KI31.,2014,247
XO.KI31.,2014,248
XO.KI31.,2014,249
XO.KI31.,2014,250
XO.KI31.,2014,280
XO.KI33.,2014,1
XO.KI33.,2014,2
XO.KI33.,2014,3
XO.KI33.,2014,40
XO.KI33.,2014,41
XO.KI33.,2014,42
XO.KI33.,2014,43
XO.KI33.,2014,44
XO.KI33.,2014,80
XO.KI33.,2014,81
XO.KI33.,2014,121
XO.KI33.,2014,244
XO.KI33.,2014,245
XO.KI33.,2014,246
XO.KI33.,2014,247
XO.KI33.,2014,248
XO.KI33.,2014,249
XO.KI33.,2014,250
XO.KI33.,2014,280
XO.KI35.,2014,1
XO.KI35.,2014,2
XO.KI35.,2014,3
XO.KI35.,2014,40
XO.KI35.,2014,41
XO.KI35.,2014,42
XO.KI35.,2014,43
XO.KI35.,2014,44
XO.KI35.,2014,80
XO.KI35.,2014,81
XO.KI35.,2014,121
XO.KI35.,2014,244
XO.KI35.,2014,245
XO.KI35.,2014,246
XO.KI35.,2014,247
XO.KI35.,2014,248
XO.KI35.,2014,249
XO.KI35.,2014,280
XO.KI37.,2013,365
XO.KI37.,2014,1
XO.KI37.,2014,2
XO.KI37.,2014,3
XO.KI37.,2014,4
XO.KI37.,2014,5
XO.KI37.,2014,6
XO.KI37.,2014,7
XO.KI37.,2014,8
XO.KI37.,2014,9
XO.KI37.,2014,10
XO.KI37.,2014,11
XO.KI37.,2014,12
XO.KI37.,2014,13
XO.KI37.,2014,14
XO.KI37.,2014,15
XO.KI37.,2014,16
XO.KI37.,2014,40
XO.KI37.,2014,41
XO.KI37.,2014,42
XO.KI37.,2014,43
XO.KI37.,2014,44
XO.KI37.,2014,45
XO.KI37.,2014,46
XO.KI37.,2014,47
XO.KI37.,2014,48
XO.KI37.,2014,49
XO.KI37.,2014,50
XO.KI37.,2014,51
XO.KI37.,2014,52
XO.KI37.,2014,53
XO.KI37.,2014,54
XO.KI37.,2014,80
XO.KI37.,2014,81
XO.KI37.,2014,121
XO.KI37.,2014,244
XO.KI37.,2014,245
XO.KI37.,2014,246
XO.KI37.,2014,247
XO.KI37.,2014,248
XO.KI37.,2014,249
XO.KI37.,2014,280
XO.KI39.,2014,1
XO.KI39.,2014,2
XO.KI39.,2014,3
XO.KI39.,2014,40
XO.KI39.,2014,41
XO.KI39.,2014,42
XO.KI39.,2014,43
XO.KI39.,2014,44
XO.KI39.,2014,80
XO.KI39.,2014,81
XO.KI39.,2014,121
XO.KI39A.,2014,140
XO.KI39A.,2014,244
XO.KI39A.,2014,245
XO.KI39A.,2014,246
XO.KI39A.,2014,247
XO.KI39A.,2014,248
XO.KI39A.,2014,249
XO.KI39A.,2014,280
XO.KI41.,2014,1
XO.KI41.,2014,2
XO.KI41.,2014,3
XO.KI41.,2014,40
XO.KI41.,2014,41
XO.KI41.,2014,42
XO.KI41.,2014,43
XO.KI41.,2014,44
XO.KI41.,2014,80
XO.KI41.,2014,81
XO.KI41.,2014,121
XO.KI41.,2014,244
XO.KI41.,2014,245
XO.KI41.,2014,246
XO.KI41.,2014,247
XO.KI41.,2014,248
XO.KI41.,2014,249
XO.KI41.,2014,280
XO.KI43.,2014,1
XO.KI43.,2014,2
XO.KI43.,2014,3
XO.KI43.,2014,40
XO.KI43.,2014,41
XO.KI43.,2014,42
XO.KI43.,2014,43
XO.KI43.,2014,44
XO.KI43.,2014,80
XO.KI43.,2014,81
XO.KI43.,2014,121
XO.KI43.,2014,244
XO.KI43.,2014,245
XO.KI43.,2014,246
XO.KI43.,2014,247
XO.KI43.,2014,248
XO.KI43.,2014,249
XO.KI43.,2014,280
XO.KI45.,2014,1
XO.KI45.,2014,2
XO.KI45.,2014,3
XO.KI45.,2014,40
XO.KI45.,2014,41
XO.KI45.,2014,42
XO.KI45.,2014,43
XO.KI45.,2014,44
XO.KI45.,2014,80
XO.KI45.,2014,81
XO.KI45.,2014,121
XO.KI45.,2014,244
XO.KI45.,2014,245
XO.KI45.,2014,246
XO.KI45.,2014,247
XO.KI45.,2014,248
XO.KI45.,2014,249
XO.KI45.,2014,280
XO.KI47.,2014,1
XO.KI47.,2014,2
XO.KI47.,2014,3
XO.KI47.,2014,40
XO.KI47.,2014,41
XO.KI47.,2014,42
XO.KI47.,2014,43
XO.KI47.,2014,44
XO.KI47.,2014,80
XO.KI47.,2014,81
XO.KI47.,2014,121
XO.KI47.,2014,244
XO.KI47.,2014,245
XO.KI47.,2014,246
XO.KI47.,2014,247
XO.KI47.,2014,248
XO.KI47.,2014,249
XO.KI47.,2014,280
XO.KI49.,2014,80
XO.KI49.,2014,81
XO.KI49.,2014,121
XO.KI49.,2014,244
XO.KI49.,2014,245
XO.KI49.,2014,246
XO.KI49.,2014,247
XO.KI49.,2014,248
XO.KI49.,2014,249
XO.KI49.,2014,280
XO.KI51.,2014,80
XO.KI51.,2014,81
XO.KI51.,2014,121
XO.KI51.,2014,244
XO.KI51.,2014,245
XO.KI51.,2014,246
XO.KI51.,2014,247
XO.KI51.,2014,248
XO.KI51.,2014,249
XO.KI51.,2014,280
XO.KI53.,2014,80
XO.KI53.,2014,81
XO.KI53.,2014,82
XO.KI53.,2014,120
XO.KI53.,2014,121
XO.KI53.,2014,122
XO.KI53.,2014,244
XO.KI53.,2014,245
XO.KI53.,2014,246
XO.KI53.,2014,247
XO.KI53.,2014,248
XO.KI53.,2014,249
XO.KI53.,2014,280
XO.KJ30.,2014,1
XO.KJ30.,2014,2
XO.KJ30.,2014,3
XO.KJ30.,2014,40
XO.KJ30.,2014,41
XO.KJ30.,2014,42
XO.KJ30.,2014,43
XO.KJ30.,2014,44
XO.KJ30.,2014,80
XO.KJ30.,2014,81
XO.KJ30.,2014,121
XO.KJ30.,2014,244
XO.KJ30.,2014,245
XO.KJ30.,2014,246
XO.KJ30.,2014,247
XO.KJ30.,2014,248
XO.KJ30.,2014,249
XO.KJ30.,2014,280
XO.KJ34.,2014,1
XO.KJ34.,2014,2
XO.KJ34.,2014,3
XO.KJ34.,2014,40
XO.KJ34.,2014,41
XO.KJ34.,2014,42
XO.KJ34.,2014,43
XO.KJ34.,2014,44
XO.KJ34.,2014,80
XO.KJ34.,2014,81
XO.KJ34.,2014,121
XO.KJ34.,2014,244
XO.KJ34.,2014,245
XO.KJ34.,2014,246
XO.KJ34.,2014,247
XO.KJ34.,2014,248
XO.KJ34.,2014,249
XO.KJ34.,2014,280
XO.KJ36.,2014,1
XO.KJ36.,2014,2
XO.KJ36.,2014,3
XO.KJ36.,2014,40
XO.KJ36.,2014,41
XO.KJ36.,2014,42
XO.KJ36.,2014,43
XO.KJ36.,2014,44
XO.KJ36.,2014,80
XO.KJ36.,2014,81
XO.KJ36.,2014,121
XO.KJ36.,2014,244
XO.KJ36.,2014,245
XO.KJ36.,2014,246
XO.KJ36.,2014,247
XO.KJ36.,2014,248
XO.KJ36.,2014,249
XO.KJ36.,2014,280
XO.KJ40.,2014,1
XO.KJ40.,2014,2
XO.KJ40.,2014,3
XO.KJ40.,2014,40
XO.KJ40.,2014,41
XO.KJ40.,2014,42
XO.KJ40.,2014,43
XO.KJ40.,2014,44
XO.KJ40.,2014,80
XO.KJ40.,2014,81
XO.KJ40.,2014,121
XO.KJ40.,2014,244
XO.KJ40.,2014,245
XO.KJ40.,2014,246
XO.KJ40.,2014,247
XO.KJ40.,2014,248
XO.KJ40.,2014,249
XO.KJ40.,2014,280
XO.KJ42.,2014,1
XO.KJ42.,2014,2
XO.KJ42.,2014,3
XO.KJ42.,2014,40
XO.KJ42.,2014,41
XO.KJ42.,2014,42
XO.KJ42.,2014,43
XO.KJ42.,2014,44
XO.KJ42.,2014,80
XO.KJ42.,2014,81
XO.KJ42.,2014,121
XO.KJ42.,2014,244
XO.KJ42.,2014,245
XO.KJ42.,2014,246
XO.KJ42.,2014,247
XO.KJ42.,2014,248
XO.KJ42.,2014,249
XO.KJ42.,2014,280
XO.KJ46.,2014,1
XO.KJ46.,2014,2
XO.KJ46.,2014,3
XO.KJ46.,2014,40
XO.KJ46.,2014,41
XO.KJ46.,2014,42
XO.KJ46.,2014,43
XO.KJ46.,2014,44
XO.KJ46.,2014,80
XO.KJ46.,2014,81
XO.KJ46.,2014,121
XO.KJ46.,2014,244
XO.KJ46.,2014,245
XO.KJ46.,2014,246
XO.KJ46.,2014,247
XO.KJ46.,2014,248
XO.KJ46.,2014,249
XO.KJ46.,2014,280
XO.KJ48.,2014,1
XO.KJ48.,2014,2
XO.KJ48.,2014,3
XO.KJ48.,2014,40
XO.KJ48.,2014,41
XO.KJ48.,2014,42
XO.KJ48.,2014,43
XO.KJ48.,2014,44
XO.KJ48.,2014,80
XO.KJ48.,2014,81
XO.KJ48.,2014,121
XO.KJ48.,2014,244
XO.KJ48.,2014,245
XO.KJ48.,2014,246
XO.KJ48.,2014,247
XO.KJ48.,2014,248
XO.KJ48.,2014,249
XO.KJ48.,2014,280
XO.KJ50.,2014,80
XO.KJ50.,2014,81
XO.KJ50.,2014,121
XO.KJ50.,2014,244
XO.KJ50.,2014,245
XO.KJ50.,2014,246
XO.KJ50.,2014,247
XO.KJ50.,2014,248
XO.KJ50.,2014,249
XO.KJ50.,2014,280
XO.KJ52.,2014,182
XO.KJ52.,2014,183
XO.KK34.,2014,182
XO.KK34.,2014,183
XO.KK36.,2014,182
XO.KK36.,2014,183
XO.KK38.,2014,182
XO.KK38.,2014,183
XO.KK40.,2014,182
XO.KK40.,2014,183
XO.KK42.,2014,182
XO.KK42.,2014,183
XO.KK44.,2014,182
XO.KK44.,2014,183
XO.KK46.,2014,182
XO.KK48.,2014,182
XO.KK50.,2014,182
XO.KK52.,2014,182
XO.KS03.,2018,182
XO.KS03.,2018,183
XO.KS03.,2018,184
XO.KS03.,2018,185
XO.KS03.,2018,186
XO.KS03.,2018,187
XO.KS03.,2018,188
XO.KS03.,2018,244
XO.KS03.,2018,245
XO.KS03.,2018,246
XO.KS03.,2018,247
XO.KS03.,2018,248
XO.KS03.,2018,249
XO.KS03.,2018,250
XO.KS03.,2018,305
XO.KS11.,2018,179
XO.KS11.,2018,180
XO.KS11.,2018,181
XO.KS11.,2018,182
XO.KS11.,2018,183
XO.KS11.,2018,184
XO.KS11.,2018,185
XO.KS11.,2018,186
XO.KS11.,2018,187
XO.KS11.,2018,188
XO.KS11.,2018,189
XO.KS11.,2018,190
XO.KS11.,2018,191
XO.KS11.,2018,192
XO.KS11.,2018,193
XO.KS11.,2018,239
XO.KS11.,2018,240
XO.KS11.,2018,241
XO.KS11.,2018,242
XO.KS11.,2018,243
XO.KS11.,2018,244
XO.KS11.,2018,245
XO.KS11.,2018,246
XO.KS11.,2018,247
XO.KS11.,2018,248
XO.KS11.,2018,249
XO.KS11.,2018,250
XO.KS11.,2018,305
XO.KS13.,2018,182
XO.KS13.,2018,183
XO.KS13.,2018,184
XO.KS13.,2018,185
XO.KS13.,2018,186
XO.KS13.,2018,187
XO.KS13.,2018,188
XO.KS13.,2018,244
XO.KS13.,2018,245
XO.KS13.,2018,246
XO.KS13.,2018,247
XO.KS13.,2018,248
XO.KS13.,2018,249
XO.KS13.,2018,250
XO.KS13.,2018,305
XO.KT06.,2018,182
XO.KT06.,2018,183
XO.KT06.,2018,184
XO.KT06.,2018,185
XO.KT06.,2018,186
XO.KT06.,2018,187
XO.KT06.,2018,188
XO.KT06.,2018,244
XO.KT06.,2018,245
XO.KT06.,2018,246
XO.KT06.,2018,247
XO.KT06.,2018,248
XO.KT06.,2018,249
XO.KT06.,2018,250
XO.KT06.,2018,305
XO.KT07.,2018,179
XO.KT07.,2018,180
XO.KT07.,2018,181
XO.KT07.,2018,182
XO.KT07.,2018,183
XO.KT07.,2018,184
XO.KT07.,2018,185
XO.KT07.,2018,186
XO.KT07.,2018,187
XO.KT07.,2018,188
XO.KT07.,2018,189
XO.KT07.,2018,190
XO.KT07.,2018,191
XO.KT07.,2018,192
XO.KT07.,2018,193
XO.KT07.,2018,239
XO.KT07.,2018,240
XO.KT07.,2018,241
XO.KT07.,2018,242
XO.KT07.,2018,243
XO.KT07.,2018,244
XO.KT07.,2018,245
XO.KT07.,2018,246
XO.KT07.,2018,247
XO.KT07.,2018,248
XO.KT07.,2018,249
XO.KT07.,2018,250
XO.KT07.,2018,305
XO.KT08.,2018,182
XO.KT08.,2018,183
XO.KT08.,2018,184
XO.KT08.,2018,185
XO.KT08.,2018,186
XO.KT08.,2018,187
XO.KT08.,2018,188
XO.KT08.,2018,244
XO.KT08.,2018,245
XO.KT08.,2018,246
XO.KT08.,2018,247
XO.KT08.,2018,248
XO.KT08.,2018,249
XO.KT08.,2018,250
XO.KT08.,2018,305
XO.KT09.,2018,182
XO.KT09.,2018,183
XO.KT09.,2018,184
XO.KT09.,2018,185
XO.KT09.,2018,186
XO.KT09.,2018,187
XO.KT09.,2018,188
XO.KT09.,2018,244
XO.KT09.,2018,245
XO.KT09.,2018,246
XO.KT09.,2018,247
XO.KT09.,2018,248
XO.KT09.,2018,249
XO.KT09.,2018,250
XO.KT09.,2018,305
XO.KT10.,2018,180
XO.KT10.,2018,182
XO.KT10.,2018,183
XO.KT10.,2018,184
XO.KT10.,2018,185
XO.KT10.,2018,186
XO.KT10.,2018,187
XO.KT10.,2018,188
XO.KT10.,2018,239
XO.KT10.,2018,240
XO.KT10.,2018,241
XO.KT10.,2018,242
XO.KT10.,2018,243
XO.KT10.,2018,244
XO.KT10.,2018,245
XO.KT10.,2018,246
XO.KT10.,2018,247
XO.KT10.,2018,248
XO.KT10.,2018,249
XO.KT10.,2018,250
XO.KT10.,2018,299
XO.KT10.,2018,300
XO.KT10.,2018,301
XO.KT10.,2018,302
XO.KT10.,2018,303
XO.KT10.,2018,304
XO.KT10.,2018,305
XO.LA21.,2014,180
XO.LA21.,2014,181
XO.LA21.,2014,182
XO.LA21.,2014,183
XO.LA21.,2018,182
XO.LA21.,2018,183
XO.LA21.,2018,184
XO.LA21.,2018,185
XO.LA21.,2018,186
XO.LA21.,2018,187
XO.LA21.,2018,188
XO.LA21.,2018,244
XO.LA21.,2018,245
XO.LA21.,2018,246
XO.LA21.,2018,247
XO.LA21.,2018,248
XO.LA21.,2018,249
XO.LA21.,2018,250
XO.LA21.,2018,305
XO.LA23.,2018,182
XO.LA23.,2018,183
XO.LA23.,2018,184
XO.LA23.,2018,185
XO.LA23.,2018,186
XO.LA23.,2018,187
XO.LA23.,2018,244
XO.LA23.,2018,245
XO.LA23.,2018,246
XO.LA23.,2018,247
XO.LA23.,2018,248
XO.LA23.,2018,249
XO.LA23.,2018,250
XO.LA23.,2018,305
XO.LA25.,2018,182
XO.LA25.,2018,183
XO.LA25.,2018,184
XO.LA25.,2018,185
XO.LA25.,2018,186
XO.LA25.,2018,187
XO.LA25.,2018,244
XO.LA25.,2018,245
XO.LA25.,2018,246
XO.LA25.,2018,247
XO.LA25.,2018,248
XO.LA25.,2018,249
XO.LA25.,2018,250
XO.LA25.,2018,305
XO.LA26.,2018,182
XO.LA26.,2018,183
XO.LA26.,2018,184
XO.LA26.,2018,185
XO.LA26.,2018,186
XO.LA26.,2018,187
XO.LA26.,2018,244
XO.LA26.,2018,245
XO.LA26.,2018,246
XO.LA26.,2018,247
XO.LA26.,2018,248
XO.LA26.,2018,249
XO.LA26.,2018,250
XO.LA26.,2018,301
XO.LA26.,2018,305
XO.LA28.,2018,182
XO.LA28.,2018,183
XO.LA28.,2018,184
XO.LA28.,2018,185
XO.LA28.,2018,186
XO.LA28.,2018,187
XO.LA28.,2018,244
XO.LA28.,2018,245
XO.LA28.,2018,246
XO.LA28.,2018,247
XO.LA28.,2018,248
XO.LA28.,2018,249
XO.LA28.,2018,250
XO.LA28.,2018,305
XO.LA29.,2018,182
XO.LA29.,2018,183
XO.LA29.,2018,184
XO.LA29.,2018,185
XO.LA29.,2018,186
XO.LA29.,2018,187
XO.LA29.,2018,244
XO.LA29.,2018,245
XO.LA29.,2018,246
XO.LA29.,2018,247
XO.LA29.,2018,248
XO.LA29.,2018,249
XO.LA29.,2018,250
XO.LA30.,2018,182
XO.LA30.,2018,183
XO.LA30.,2018,184
XO.LA30.,2018,185
XO.LA30.,2018,186
XO.LA30.,2018,187
XO.LA30.,2018,244
XO.LA30.,2018,245
XO.LA30.,2018,246
XO.LA30.,2018,247
XO.LA30.,2018,248
XO.LA30.,2018,249
XO.LA30.,2018,250
XO.LA32.,2018,182
XO.LA32.,2018,183
XO.LA32.,2018,184
XO.LA32.,2018,185
XO.LA32.,2018,186
XO.LA32.,2018,187
XO.LA32.,2018,244
XO.LA32.,2018,245
XO.LA32.,2018,246
XO.LA32.,2018,247
XO.LA32.,2018,248
XO.LA32.,2018,249
XO.LA33.,2018,182
XO.LA33.,2018,183
XO.LA33.,2018,184
XO.LA33.,2018,185
XO.LA33.,2018,186
XO.LA33.,2018,187
XO.LA33.,2018,244
XO.LA33.,2018,245
XO.LA33.,2018,246
XO.LA33.,2018,247
XO.LA33.,2018,248
XO.LA33.,2018,249
XO.LA34.,2018,182
XO.LA34.,2018,183
XO.LA34.,2018,184
XO.LA34.,2018,185
XO.LA34.,2018,186
XO.LA34.,2018,187
XO.LA34.,2018,244
XO.LA34.,2018,245
XO.LA34.,2018,246
XO.LA34.,2018,247
XO.LA34.,2018,248
XO.LA34.,2018,249
XO.LA39.,2018,182
XO.LA39.,2018,183
XO.LA39.,2018,184
XO.LA39.,2018,185
XO.LA39.,2018,186
XO.LA39.,2018,187
XO.LA39.,2018,244
XO.LA39.,2018,245
XO.LA39.,2018,246
XO.LA39.,2018,247
XO.LA39.,2018,248
XO.LA39.,2018,249
XO.LB22.,2012,171
XO.LB22.,2012,172
XO.LB22.,2012,173
XO.LB22.,2012,174
XO.LB22.,2012,175
XO.LB22.,2012,176
XO.LB22.,2012,177
XO.LB22.,2012,178
XO.LB22.,2012,179
XO.LB22.,2012,180
XO.LB22.,2012,181
XO.LB22.,2012,182
XO.LB22.,2012,183
XO.LB22.,2012,184
XO.LB22.,2012,185
XO.LB22.,2013,152
XO.LB22.,2013,153
XO.LB22.,2013,154
XO.LB22.,2013,155
XO.LB22.,2013,185
XO.LB22.,2013,186
XO.LB22.,2013,187
XO.LB22.,2013,188
XO.LB22.,2013,189
XO.LB22.,2013,190
XO.LB24.,2013,152
XO.LB24.,2013,153
XO.LB24.,2013,154
XO.LB24.,2013,155
XO.LB24.,2013,185
XO.LB24.,2013,186
XO.LB24.,2013,187
XO.LB24.,2013,188
XO.LB24.,2013,189
XO.LB24.,2013,190
XO.LB24.,2013,191
XO.LB24.,2013,192
XO.LB24.,2013,193
XO.LB24.,2013,194
XO.LB24.,2013,195
XO.LB24.,2013,196
XO.LB24.,2013,197
XO.LB24.,2013,198
XO.LB24.,2013,199
XO.LB26.,2013,152
XO.LB26.,2013,153
XO.LB26.,2013,154
XO.LB26.,2013,155
XO.LB26.,2013,185
XO.LB26.,2013,186
XO.LB26.,2013,187
XO.LB26.,2013,188
XO.LB26.,2013,189
XO.LB26.,2013,190
XO.LC15.,2012,171
XO.LC15.,2012,172
XO.LC15.,2012,173
XO.LC15.,2012,174
XO.LC15.,2012,175
XO.LC15.,2012,176
XO.LC15.,2012,177
XO.LC15.,2012,178
XO.LC15.,2012,179
XO.LC15.,2012,180
XO.LC15.,2012,183
XO.LC15.,2012,184
XO.LC15.,2012,185
XO.LC15.,2013,152
XO.LC15.,2013,153
XO.LC15.,2013,154
XO.LC15.,2013,155
XO.LC15.,2013,185
XO.LC15.,2013,186
XO.LC15.,2013,187
XO.LC15.,2013,188
XO.LC15.,2013,189
XO.LC15.,2013,190
XO.LC21.,2012,171
XO.LC21.,2012,172
XO.LC21.,2012,173
XO.LC21.,2012,174
XO.LC21.,2012,175
XO.LC21.,2012,176
XO.LC21.,2012,177
XO.LC21.,2012,178
XO.LC21.,2012,179
XO.LC21.,2012,180
XO.LC21.,2012,181
XO.LC21.,2012,182
XO.LC21.,2012,183
XO.LC21.,2012,184
XO.LC21.,2012,185
XO.LC21.,2013,152
XO.LC21.,2013,153
XO.LC21.,2013,154
XO.LC21.,2013,155
XO.LC21.,2013,185
XO.LC21.,2013,186
XO.LC21.,2013,187
XO.LC21.,2013,188
XO.LC21.,2013,189
XO.LC21.,2013,190
XO.LC25.,2013,152
XO.LC25.,2013,153
XO.LC25.,2013,154
XO.LC25.,2013,155
XO.LC25.,2013,185
XO.LC25.,2013,186
XO.LC25.,2013,187
XO.LC25.,2013,188
XO.LC25.,2013,189
XO.LC25.,2013,190
XO.LD10.,2012,171
XO.LD10.,2012,172
XO.LD10.,2012,173
XO.LD10.,2012,174
XO.LD10.,2012,175
XO.LD10.,2012,176
XO.LD10.,2012,177
XO.LD10.,2012,178
XO.LD10.,2012,179
XO.LD10.,2012,180
XO.LD10.,2012,181
XO.LD10.,2012,182
XO.LD10.,2012,183
XO.LD10.,2012,184
XO.LD10.,2012,185
XO.LD10.,2013,145
XO.LD10.,2013,146
XO.LD10.,2013,147
XO.LD10.,2013,148
XO.LD10.,2013,149
XO.LD10.,2013,150
XO.LD10.,2013,151
XO.LD10.,2013,152
XO.LD10.,2013,153
XO.LD10.,2013,154
XO.LD10.,2013,155
XO.LD10.,2013,185
XO.LD10.,2013,186
XO.LD10.,2013,187
XO.LD10.,2013,188
XO.LD10.,2013,189
XO.LD10.,2013,190
XO.LD10.,2013,191
XO.LD10.,2013,192
XO.LD10.,2013,193
XO.LD10.,2013,194
XO.LD10.,2013,195
XO.LD10.,2013,196
XO.LD10.,2013,197
XO.LD10.,2013,198
XO.LD10.,2013,199
XO.LD12.,2012,171
XO.LD12.,2012,172
XO.LD12.,2012,173
XO.LD12.,2012,174
XO.LD12.,2012,175
XO.LD12.,2012,176
XO.LD12.,2012,177
XO.LD12.,2012,178
XO.LD12.,2012,179
XO.LD12.,2012,180
XO.LD12.,2012,181
XO.LD12.,2012,182
XO.LD12.,2012,183
XO.LD12.,2012,184
XO.LD12.,2012,185
XO.LD14.,2012,171
XO.LD14.,2012,172
XO.LD14.,2012,173
XO.LD14.,2012,174
XO.LD14.,2012,175
XO.LD14.,2012,176
XO.LD14.,2012,177
XO.LD14.,2012,183
XO.LD14.,2012,184
XO.LD14.,2012,185
XO.LD14.,2013,152
XO.LD14.,2013,153
XO.LD14.,2013,154
XO.LD14.,2013,155
XO.LD14.,2013,185
XO.LD14.,2013,186
XO.LD14.,2013,187
XO.LD14.,2013,188
XO.LD14.,2013,189
XO.LD14.,2013,190
XO.LD16.,2012,183
XO.LD16.,2012,184
XO.LD16.,2012,185
XO.LD16.,2013,152
XO.LD16.,2013,153
XO.LD16.,2013,154
XO.LD16.,2013,155
XO.LD16.,2013,185
XO.LD16.,2013,186
XO.LD16.,2013,187
XO.LD16.,2013,188
XO.LD16.,2013,189
XO.LD16.,2013,190
XO.LD18.,2012,183
XO.LD18.,2012,184
XO.LD18.,2012,185
XO.LD18.,2013,152
XO.LD18.,2013,153
XO.LD18.,2013,154
XO.LD18.,2013,155
XO.LD18.,2013,185
XO.LD18.,2013,186
XO.LD18.,2013,187
XO.LD18.,2013,188
XO.LD18.,2013,189
XO.LD18.,2013,190
XO.LD20.,2012,171
XO.LD20.,2012,172
XO.LD20.,2012,173
XO.LD20.,2012,174
XO.LD20.,2012,175
XO.LD20.,2012,176
XO.LD20.,2012,177
XO.LD20.,2012,178
XO.LD20.,2012,179
XO.LD20.,2012,180
XO.LD20.,2012,181
XO.LD20.,2012,182
XO.LD20.,2012,183
XO.LD20.,2012,184
XO.LD20.,2012,185
XO.LD20.,2013,152
XO.LD20.,2013,153
XO.LD20.,2013,154
XO.LD20.,2013,155
XO.LD20.,2013,185
XO.LD20.,2013,186
XO.LD20.,2013,187
XO.LD20.,2013,188
XO.LD20.,2013,189
XO.LD20.,2013,190
XO.LD22.,2012,171
XO.LD22.,2012,172
XO.LD22.,2012,173
XO.LD22.,2012,174
XO.LD22.,2012,175
XO.LD22.,2012,176
XO.LD22.,2012,177
XO.LD22.,2012,178
XO.LD22.,2012,179
XO.LD22.,2012,180
XO.LD22.,2012,181
XO.LD22.,2012,182
XO.LD22.,2012,183
XO.LD22.,2012,184
XO.LD22.,2012,185
XO.LD22.,2013,152
XO.LD22.,2013,153
XO.LD22.,2013,154
XO.LD22.,2013,185
XO.LD22.,2013,186
XO.LD22.,2013,187
XO.LD22.,2013,188
XO.LD22.,2013,189
XO.LD22.,2013,190
XO.LD24.,2013,152
XO.LD24.,2013,153
XO.LD24.,2013,154
XO.LD24.,2013,185
XO.LD24.,2013,186
XO.LD24.,2013,187
XO.LD24.,2013,188
XO.LD24.,2013,189
XO.LD35.,2018,305
XO.LD35.,2018,306
XO.LD35.,2018,307
XO.LD35.,2018,308
XO.LD36.,2018,305
XO.LD36.,2018,306
XO.LD36.,2018,307
XO.LD36.,2018,308
XO.LD37.,2018,299
XO.LD37.,2018,300
XO.LD37.,2018,301
XO.LD37.,2018,302
XO.LD37.,2018,303
XO.LD37.,2018,304
XO.LD37.,2018,305
XO.LD37.,2018,306
XO.LD37.,2018,307
XO.LD37.,2018,308
XO.LD37.,2018,309
XO.LD37.,2018,310
XO.LD37.,2018,311
XO.LD37.,2018,312
XO.LD37.,2018,313
XO.LD38.,2018,305
XO.LD38.,2018,306
XO.LD38.,2018,307
XO.LD38.,2018,308
XO.LD40.,2018,305
XO.LD40.,2018,306
XO.LD40.,2018,307
XO.LD40.,2018,308
XO.LD41.,2018,305
XO.LD41.,2018,306
XO.LD41.,2018,307
XO.LD41.,2018,308
XO.LD44.,2018,305
XO.LD44.,2018,306
XO.LD44.,2018,307
XO.LD44.,2018,308
XO.LD45.,2018,305
XO.LD45.,2018,306
XO.LD45.,2018,307
XO.LD45.,2018,308
XO.LE11.,2012,171
XO.LE11.,2012,172
XO.LE11.,2012,173
XO.LE11.,2012,174
XO.LE11.,2012,175
XO.LE11.,2012,176
XO.LE11.,2012,177
XO.LE11.,2012,178
XO.LE11.,2012,179
XO.LE11.,2012,180
XO.LE11.,2012,181
XO.LE11.,2012,182
XO.LE11.,2012,183
XO.LE11.,2012,184
XO.LE11.,2012,185
XO.LE11.,2013,145
XO.LE11.,2013,146
XO.LE11.,2013,147
XO.LE11.,2013,148
XO.LE11.,2013,149
XO.LE11.,2013,150
XO.LE11.,2013,151
XO.LE11.,2013,152
XO.LE11.,2013,153
XO.LE11.,2013,154
XO.LE11.,2013,155
XO.LE11.,2013,185
XO.LE11.,2013,186
XO.LE11.,2013,187
XO.LE11.,2013,188
XO.LE11.,2013,189
XO.LE11.,2013,190
XO.LE11.,2013,191
XO.LE11.,2013,192
XO.LE11.,2013,193
XO.LE11.,2013,194
XO.LE11.,2013,195
XO.LE11.,2013,196
XO.LE11.,2013,197
XO.LE11.,2013,198
XO.LE11.,2013,199
XO.LE13.,2012,171
XO.LE13.,2012,172
XO.LE13.,2012,173
XO.LE13.,2012,174
XO.LE13.,2012,175
XO.LE13.,2012,176
XO.LE13.,2012,177
XO.LE13.,2012,178
XO.LE13.,2012,179
XO.LE13.,2012,180
XO.LE13.,2012,181
XO.LE13.,2012,182
XO.LE13.,2012,183
XO.LE13.,2012,184
XO.LE13.,2012,185
XO.LE13.,2013,145
XO.LE13.,2013,146
XO.LE13.,2013,147
XO.LE13.,2013,148
XO.LE13.,2013,149
XO.LE13.,2013,150
XO.LE13.,2013,151
XO.LE13.,2013,152
XO.LE13.,2013,153
XO.LE13.,2013,154
XO.LE13.,2013,155
XO.LE13.,2013,185
XO.LE13.,2013,186
XO.LE13.,2013,187
XO.LE13.,2013,188
XO.LE13.,2013,189
XO.LE13.,2013,190
XO.LE13.,2013,191
XO.LE13.,2013,192
XO.LE13.,2013,193
XO.LE13.,2013,194
XO.LE13.,2013,195
XO.LE13.,2013,196
XO.LE13.,2013,197
XO.LE13.,2013,198
XO.LE13.,2013,199
XO.LE15.,2012,171
XO.LE15.,2012,172
XO.LE15.,2012,173
XO.LE15.,2012,174
XO.LE15.,2012,175
XO.LE15.,2012,176
XO.LE15.,2012,177
XO.LE15.,2012,178
XO.LE15.,2012,179
XO.LE15.,2012,180
XO.LE15.,2012,181
XO.LE15.,2012,182
XO.LE15.,2012,183
XO.LE15.,2012,184
XO.LE15.,2012,185
XO.LE15.,2013,145
XO.LE15.,2013,146
XO.LE15.,2013,147
XO.LE15.,2013,148
XO.LE15.,2013,149
XO.LE15.,2013,150
XO.LE15.,2013,151
XO.LE15.,2013,152
XO.LE15.,2013,153
XO.LE15.,2013,154
XO.LE15.,2013,155
XO.LE15.,2013,185
XO.LE15.,2013,186
XO.LE15.,2013,187
XO.LE15.,2013,188
XO.LE15.,2013,189
XO.LE15.,2013,190
XO.LE15.,2013,191
XO.LE15.,2013,192
XO.LE15.,2013,193
XO.LE15.,2013,194
XO.LE15.,2013,195
XO.LE15.,2013,196
XO.LE15.,2013,197
XO.LE15.,2013,198
XO.LE15.,2013,199
XO.LE17.,2012,171
XO.LE17.,2012,172
XO.LE17.,2012,173
XO.LE17.,2012,174
XO.LE17.,2012,175
XO.LE17.,2012,176
XO.LE17.,2012,177
XO.LE17.,2012,178
XO.LE17.,2012,179
XO.LE17.,2012,180
XO.LE17.,2012,181
XO.LE17.,2012,182
XO.LE17.,2012,183
XO.LE17.,2012,184
XO.LE17.,2012,185
XO.LE17.,2013,152
XO.LE17.,2013,153
XO.LE17.,2013,154
XO.LE17.,2013,185
XO.LE17.,2013,186
XO.LE17.,2013,187
XO.LE17.,2013,188
XO.LE17.,2013,189
XO.LE19.,2012,171
XO.LE19.,2012,172
XO.LE19.,2012,173
XO.LE19.,2012,174
XO.LE19.,2012,175
XO.LE19.,2012,176
XO.LE19.,2012,177
XO.LE19.,2012,178
XO.LE19.,2012,179
XO.LE19.,2012,180
XO.LE19.,2012,181
XO.LE19.,2012,182
XO.LE19.,2012,183
XO.LE19.,2012,184
XO.LE19.,2012,185
XO.LE19.,2013,152
XO.LE19.,2013,153
XO.LE19.,2013,154
XO.LE19.,2013,185
XO.LE19.,2013,186
XO.LE19.,2013,187
XO.LE19.,2013,188
XO.LE19.,2013,189
XO.LE21.,2012,183
XO.LE21.,2012,184
XO.LE21.,2013,152
XO.LE21.,2013,153
XO.LE21.,2013,154
XO.LE21.,2013,185
XO.LE21.,2013,186
XO.LE21.,2013,187
XO.LE21.,2013,188
XO.LE21.,2013,189
XO.LE23.,2013,152
XO.LE23.,2013,153
XO.LE23.,2013,154
XO.LE23.,2013,185
XO.LE23.,2013,186
XO.LE23.,2013,187
XO.LE23.,2013,188
XO.LE23.,2013,189
XO.LE25.,2013,152
XO.LE25.,2013,153
XO.LE25.,2013,154
XO.LE25.,2013,185
XO.LE25.,2013,186
XO.LE25.,2013,187
XO.LE25.,2013,188
XO.LE25.,2013,189
XO.LF16.,2012,171
XO.LF16.,2012,172
XO.LF16.,2012,173
XO.LF16.,2012,174
XO.LF16.,2012,175
XO.LF16.,2012,176
XO.LF16.,2012,177
XO.LF16.,2012,178
XO.LF16.,2012,179
XO.LF16.,2012,180
XO.LF16.,2012,181
XO.LF16.,2012,182
XO.LF16.,2012,183
XO.LF16.,2012,184
XO.LF16.,2012,185
XO.LF16.,2013,145
XO.LF16.,2013,146
XO.LF16.,2013,147
XO.LF16.,2013,148
XO.LF16.,2013,149
XO.LF16.,2013,150
XO.LF16.,2013,151
XO.LF16.,2013,152
XO.LF16.,2013,153
XO.LF16.,2013,154
XO.LF16.,2013,155
XO.LF16.,2013,185
XO.LF16.,2013,186
XO.LF16.,2013,187
XO.LF16.,2013,188
XO.LF16.,2013,189
XO.LF16.,2013,190
XO.LF16.,2013,191
XO.LF16.,2013,192
XO.LF16.,2013,193
XO.LF16.,2013,194
XO.LF16.,2013,195
XO.LF16.,2013,196
XO.LF16.,2013,197
XO.LF16.,2013,198
XO.LF16.,2013,199
XO.LF18.,2012,183
XO.LF18.,2012,184
XO.LF18.,2013,152
XO.LF18.,2013,153
XO.LF18.,2013,154
XO.LF18.,2013,185
XO.LF18.,2013,186
XO.LF18.,2013,187
XO.LF18.,2013,188
XO.LF18.,2013,189
XO.LF20.,2012,183
XO.LF20.,2012,184
XO.LF20.,2013,152
XO.LF20.,2013,153
XO.LF20.,2013,154
XO.LF20.,2013,185
XO.LF20.,2013,186
XO.LF20.,2013,187
XO.LF20.,2013,188
XO.LF20.,2013,189
XO.LF22.,2012,171
XO.LF22.,2012,172
XO.LF22.,2012,173
XO.LF22.,2012,174
XO.LF22.,2012,175
XO.LF22.,2012,176
XO.LF22.,2012,177
XO.LF22.,2012,183
XO.LF22.,2012,184
XO.LF22.,2013,152
XO.LF22.,2013,153
XO.LF22.,2013,154
XO.LF22.,2013,185
XO.LF22.,2013,186
XO.LF22.,2013,187
XO.LF22.,2013,188
XO.LF22.,2013,189
XO.LF24.,2013,152
XO.LF24.,2013,153
XO.LF24.,2013,154
XO.LF24.,2013,185
XO.LF24.,2013,186
XO.LF24.,2013,187
XO.LF24.,2013,188
XO.LF24.,2013,189
XO.LG19.,2012,183
XO.LG19.,2012,184
XO.LG19.,2013,152
XO.LG19.,2013,153
XO.LG19.,2013,154
XO.LG19.,2013,185
XO.LG19.,2013,186
XO.LG19.,2013,187
XO.LG19.,2013,188
XO.LG19.,2013,189
XO.LG21.,2012,183
XO.LG21.,2012,184
XO.LG21.,2013,152
XO.LG21.,2013,153
XO.LG21.,2013,154
XO.LG21.,2013,185
XO.LG21.,2013,186
XO.LG21.,2013,187
XO.LG21.,2013,188
XO.LG21.,2013,189
XO.LG25A.,2012,191
XO.LG25A.,2012,192
XO.LG25A.,2012,193
XO.LG25A.,2012,194
XO.LG25A.,2012,195
XO.LG25A.,2012,196
XO.LG25A.,2012,197
XO.LG25A.,2012,198
XO.LH16.,2012,191
XO.LH16.,2012,192
XO.LH16.,2012,193
XO.LH16.,2012,194
XO.LH16.,2012,195
XO.LH16.,2012,196
XO.LH16.,2012,197
XO.LH16.,2012,198
XO.LH18.,2012,191
XO.LH18.,2012,192
XO.LH18.,2012,193
XO.LH18.,2012,194
XO.LH18.,2012,195
XO.LH18.,2012,196
XO.LH18.,2012,197
XO.LH18.,2012,198
XO.LH20.,2012,191
XO.LH20.,2012,192
XO.LH20.,2012,193
XO.LH20.,2012,194
XO.LH20.,2012,195
XO.LH20.,2012,196
XO.LH20.,2012,197
XO.MD02.,2012,191
XO.MD02.,2012,192
XO.MD02.,2012,193
XO.MD02.,2012,194
XO.MD02.,2012,195
XO.MD02.,2012,196
XO.MD02.,2012,197
XO.MD04.,2012,191
XO.MD04.,2012,192
XO.MD04.,2012,193
XO.MD04.,2012,194
XO.MD04.,2012,195
XO.MD04.,2012,196
XO.MD04.,2012,197
XO.MD06.,2012,191
XO.MD06.,2012,192
XO.MD06.,2012,193
XO.MD06.,2012,194
XO.MD06.,2012,195
XO.MD06.,2012,196
XO.MD06.,2012,197
XO.MD08.,2012,191
XO.MD08.,2012,192
XO.MD08.,2012,193
XO.MD08.,2012,194
XO.MD08.,2012,195
XO.MD08.,2012,196
XO.MD08.,2012,197
XO.MD08.,2012,198
XO.MD08.,2012,199
XO.MD08.,2012,200
XO.MD08.,2012,201
XO.MD08.,2012,202
XO.MD08.,2012,203
XO.MD08.,2012,204
XO.MD08.,2012,205
XO.ME01.,2012,191
XO.ME01.,2012,192
XO.ME01.,2012,193
XO.ME01.,2012,194
XO.ME01.,2012,195
XO.ME01.,2012,196
XO.ME01.,2012,197
XO.ME03.,2012,191
XO.ME03.,2012,192
XO.ME03.,2012,193
XO.ME03.,2012,194
XO.ME03.,2012,195
XO.ME03.,2012,196
XO.ME03.,2012,197
XO.ME05.,2012,191
XO.ME05.,2012,192
XO.ME05.,2012,193
XO.ME05.,2012,194
XO.ME05.,2012,195
XO.ME05.,2012,196
XO.ME05.,2012,197
XO.ME07.,2012,191
XO.ME07.,2012,192
XO.ME07.,2012,193
XO.ME07.,2012,194
XO.ME07.,2012,195
XO.ME07.,2012,196
XO.ME07.,2012,197
XO.ME07.,2012,198
XO.ME07.,2012,199
XO.ME07.,2012,200
XO.ME07.,2012,201
XO.ME07.,2012,202
XO.ME07.,2012,203
XO.ME07.,2012,204
XO.ME07.,2012,205
XO.ME09.,2012,191
XO.ME09.,2012,192
XO.ME09.,2012,193
XO.ME09.,2012,194
XO.ME09.,2012,195
XO.ME09.,2012,196
XO.ME09.,2012,197
XO.ME09.,2012,198
XO.ME09.,2012,199
XO.ME09.,2012,200
XO.ME09.,2012,201
XO.ME09.,2012,202
XO.ME09.,2012,203
XO.ME09.,2012,204
XO.ME09.,2012,205
XO.MF02.,2012,191
XO.MF02.,2012,192
XO.MF02.,2012,193
XO.MF02.,2012,194
XO.MF02.,2012,195
XO.MF02.,2012,196
XO.MF02.,2012,197
XO.MF02.,2012,198
XO.MF02.,2012,199
XO.MF02.,2012,200
XO.MF02.,2012,201
XO.MF02.,2012,202
XO.MF02.,2012,203
XO.MF02.,2012,204
XO.MF02.,2012,205
XO.MF04.,2012,191
XO.MF04.,2012,192
XO.MF04.,2012,193
XO.MF04.,2012,194
XO.MF04.,2012,195
XO.MF04.,2012,196
XO.MF04.,2012,197
XO.MF08.,2012,191
XO.MF08.,2012,192
XO.MF08.,2012,193
XO.MF08.,2012,194
XO.MF08.,2012,195
XO.MF08.,2012,196
XO.MF08.,2012,197
XO.MF08.,2012,198
XO.MF08.,2012,199
XO.MF08.,2012,200
XO.MF08.,2012,201
XO.MF08.,2012,202
XO.MF08.,2012,203
XO.MF08.,2012,204
XO.MF08.,2012,205
XO.MF10.,2012,191
XO.MF10.,2012,192
XO.MF10.,2012,193
XO.MF10.,2012,194
XO.MF10.,2012,195
XO.MF10.,2012,196
XO.MF10.,2012,197
XO.MF10.,2012,198
XO.MF10.,2012,199
XO.MF10.,2012,200
XO.MF10.,2012,201
XO.MF10.,2012,202
XO.MF10.,2012,203
XO.MF10.,2012,204
XO.MF10.,2012,205
XO.MF12.,2013,85
XO.MF12.,2013,86
XO.MF12.,2013,87
XO.MF12.,2013,88
XO.MF12.,2013,89
XO.MF12.,2013,90
XO.MF12.,2013,91
XO.MF12.,2013,92
XO.MF12.,2013,185
XO.MF12.,2013,186
XO.MF12.,2013,187
XO.MF12.,2013,188
XO.MF12.,2013,189
XO.MF12.,2013,190
XO.MF12.,2013,191
XO.MF12.,2013,192
XO.MF12.,2013,193
XO.MF12.,2013,194
XO.MF12.,2013,195
XO.MF12.,2013,196
XO.MF12.,2013,197
XO.MF12.,2013,198
XO.MF12.,2013,199
XO.MF14.,2013,85
XO.MF14.,2013,86
XO.MF14.,2013,87
XO.MF14.,2013,88
XO.MF14.,2013,89
XO.MF14.,2013,90
XO.MF14.,2013,91
XO.MF14.,2013,92
XO.MF14.,2013,185
XO.MF14.,2013,186
XO.MF14.,2013,187
XO.MF14.,2013,188
XO.MF14.,2013,189
XO.MF14.,2013,190
XO.MF14.,2013,191
XO.MF14.,2013,192
XO.MF14.,2013,193
XO.MF14.,2013,194
XO.MF14.,2013,195
XO.MF14.,2013,196
XO.MF14.,2013,197
XO.MF14.,2013,198
XO.MF14.,2013,199
XO.MG03.,2013,91
XO.MG03.,2013,92
XO.MG03.,2013,185
XO.MG03.,2013,186
XO.MG03.,2013,187
XO.MG03.,2013,188
XO.MG03.,2013,189
XO.MG03.,2013,190
XO.MG03.,2013,191
XO.MG03.,2013,192
XO.MG05.,2013,91
XO.MG05.,2013,92
XO.MG05.,2013,185
XO.MG05.,2013,186
XO.MG05.,2013,187
XO.MG05.,2013,188
XO.MG05.,2013,189
XO.MG05.,2013,190
XO.MG05.,2013,191
XO.MG05.,2013,192
XO.MG07.,2013,91
XO.MG07.,2013,92
XO.MG07.,2013,185
XO.MG07.,2013,186
XO.MG07.,2013,187
XO.MG07.,2013,188
XO.MG07.,2013,189
XO.MG07.,2013,190
XO.MG07.,2013,191
XO.MG07.,2013,192
XO.MG09.,2013,91
XO.MG09.,2013,185
XO.MG09.,2013,186
XO.MG09.,2013,187
XO.MG09.,2013,188
XO.MG09.,2013,189
XO.MG09.,2013,190
XO.MG09.,2013,191
XO.MG13.,2013,91
XO.MG13.,2013,185
XO.MG13.,2013,186
XO.MG13.,2013,187
XO.MG13.,2013,188
XO.MG13.,2013,189
XO.MG13.,2013,190
XO.MG13.,2013,191
XO.MG15A.,2013,91
XO.MG15A.,2013,185
XO.MG15A.,2013,186
XO.MG15A.,2013,187
XO.MG15A.,2013,188
XO.MG15A.,2013,189
XO.MG15A.,2013,190
XO.MG15A.,2013,191
XO.MH14.,2013,85
XO.MH14.,2013,86
XO.MH14.,2013,87
XO.MH14.,2013,88
XO.MH14.,2013,89
XO.MH14.,2013,90
XO.MH14.,2013,91
XO.MH14.,2013,92
XO.MH14.,2013,185
XO.MH14.,2013,186
XO.MH14.,2013,187
XO.MH14.,2013,188
XO.MH14.,2013,189
XO.MH14.,2013,190
XO.MH14.,2013,191
XO.MH14.,2013,192
XO.MH14.,2013,193
XO.MH14.,2013,194
XO.MH14.,2013,195
XO.MH14.,2013,196
XO.MH14.,2013,197
XO.MH14.,2013,198
XO.MH14.,2013,199
XO.NB28.,2013,91
XO.NB28.,2013,185
XO.NB28.,2013,186
XO.NB28.,2013,187
XO.NB28.,2013,188
XO.NB28.,2013,189
XO.NB28.,2013,190
XO.NB28.,2013,191
XO.NC27.,2013,91
XO.NC27.,2013,185
XO.NC27.,2013,186
XO.NC27.,2013,187
XO.NC27.,2013,188
XO.NC27.,2013,189
XO.NC27.,2013,190
XO.NC27.,2013,191
XO.NC27.,2013,325
XO.NC27.,2013,326
XO.NC27.,2013,327
XO.NC27.,2013,328
XO.NC29.,2013,91
XO.NC29.,2013,185
XO.NC29.,2013,186
XO.NC29.,2013,187
XO.NC29.,2013,188
XO.NC29.,2013,189
XO.NC29.,2013,190
XO.NC29.,2013,191
XO.NC29.,2013,325
XO.NC29.,2013,326
XO.NC29.,2013,327
XO.NC31.,2013,325
XO.NC31.,2013,326
XO.NC31.,2013,327
XO.NC33.,2013,85
XO.NC33.,2013,86
XO.NC33.,2013,87
XO.NC33.,2013,88
XO.NC33.,2013,89
XO.NC33.,2013,90
XO.NC33.,2013,91
XO.NC33.,2013,92
XO.NC33.,2013,185
XO.NC33.,2013,186
XO.NC33.,2013,187
XO.NC33.,2013,188
XO.NC33.,2013,189
XO.NC33.,2013,190
XO.NC33.,2013,191
XO.NC33.,2013,192
XO.NC33.,2013,193
XO.NC33.,2013,194
XO.NC33.,2013,195
XO.NC33.,2013,196
XO.NC33.,2013,197
XO.NC33.,2013,198
XO.NC33.,2013,199
XO.NC33.,2013,325
XO.NC33.,2013,326
XO.NC33.,2013,327
XO.ND26.,2013,91
XO.ND26.,2013,185
XO.ND26.,2013,186
XO.ND26.,2013,187
XO.ND26.,2013,188
XO.ND26.,2013,189
XO.ND26.,2013,190
XO.ND26.,2013,191
XO.ND28.,2013,91
XO.ND28.,2013,185
XO.ND28.,2013,186
XO.ND28.,2013,187
XO.ND28.,2013,188
XO.ND28.,2013,189
XO.ND28.,2013,190
XO.ND28.,2013,191
XO.ND28.,2013,325
XO.ND28.,2013,326
XO.ND28.,2013,327
XO.ND30.,2013,325
XO.ND30.,2013,326
XO.ND30.,2013,327
XO.ND32.,2013,325
XO.ND32.,2013,326
XO.ND32.,2013,327
XO.NE27.,2013,85
XO.NE27.,2013,86
XO.NE27.,2013,87
XO.NE27.,2013,88
XO.NE27.,2013,89
XO.NE27.,2013,90
XO.NE27.,2013,91
XO.NE27.,2013,92
XO.NE27.,2013,185
XO.NE27.,2013,186
XO.NE27.,2013,187
XO.NE27.,2013,188
XO.NE27.,2013,189
XO.NE27.,2013,190
XO.NE27.,2013,191
XO.NE27.,2013,192
XO.NE27.,2013,193
XO.NE27.,2013,194
XO.NE27.,2013,195
XO.NE27.,2013,196
XO.NE27.,2013,197
XO.NE27.,2013,198
XO.NE27.,2013,199
XO.NE27.,2013,325
XO.NE27.,2013,326
XO.NE27.,2013,327
XO.NE29.,2013,325
XO.NE29.,2013,326
XO.NE29.,2013,327
XO.NE31.,2013,325
XO.NE31.,2013,326
XO.NE31.,2013,327
XO.NE33.,2013,325
XO.NE33.,2013,326
XO.NE33.,2013,327
XO.NF32.,2013,325
XO.NF32.,2013,326
XO.NF32.,2013,327
XO.SOKY.,2013,85
XO.SOKY.,2013,86
XO.SOKY.,2013,87
XO.SOKY.,2013,88
XO.SOKY.,2013,89
XO.SOKY.,2013,90
XO.SOKY.,2013,91
XO.SOKY.,2013,92
XO.SOKY.,2013,185
XO.SOKY.,2013,186
XO.SOKY.,2013,187
XO.SOKY.,2013,188
XO.SOKY.,2013,189
XO.SOKY.,2013,190
XO.SOKY.,2013,191
XO.SOKY.,2013,192
XO.SOKY.,2013,193
XO.SOKY.,2013,194
XO.SOKY.,2013,195
XO.SOKY.,2013,196
XO.SOKY.,2013,197
XO.SOKY.,2013,198
XO.SOKY.,2013,199
XO.SOKY.,2013,325
XO.SOKY.,2013,326
XO.SOKY.,2013,327
XO.WD46.,2018,219
XO.WD46.,2018,220
XO.WD46.,2018,244
XO.WD46.,2018,245
XO.WD46.,2018,246
XO.WD46.,2018,247
XO.WD46.,2018,305
XO.WD47.,2018,219
XO.WD47.,2018,220
XO.WD47.,2018,226
XO.WD47.,2018,229
XO.WD47.,2018,237
XO.WD47.,2018,244
XO.WD47.,2018,245
XO.WD47.,2018,246
XO.WD47.,2018,247
XO.WD47.,2018,305
XO.WD47.,2018,315
XO.WD48.,2018,219
XO.WD48.,2018,220
XO.WD48.,2018,244
XO.WD48.,2018,245
XO.WD48.,2018,246
XO.WD48.,2018,247
XO.WD48.,2018,305
XO.WD49.,2018,219
XO.WD49.,2018,220
XO.WD49.,2018,244
XO.WD49.,2018,245
XO.WD49.,2018,246
XO.WD49.,2018,247
XO.WD49.,2018,305
XO.WD50.,2018,219
XO.WD50.,2018,220
XO.WD50.,2018,244
XO.WD50.,2018,245
XO.WD50.,2018,246
XO.WD50.,2018,247
XO.WD50.,2018,305
XO.WD51.,2018,219
XO.WD51.,2018,220
XO.WD51.,2018,244
XO.WD51.,2018,245
XO.WD51.,2018,246
XO.WD51.,2018,247
XO.WD51.,2018,305
XO.WD52.,2018,219
XO.WD52.,2018,220
XO.WD52.,2018,244
XO.WD52.,2018,245
XO.WD52.,2018,246
XO.WD52.,2018,247
XO.WD52.,2018,305
XO.WD53.,2018,219
XO.WD53.,2018,220
XO.WD53.,2018,244
XO.WD53.,2018,245
XO.WD53.,2018,246
XO.WD53.,2018,247
XO.WD53.,2018,305
XO.WD54.,2018,219
XO.WD54.,2018,220
XO.WD54.,2018,244
XO.WD54.,2018,245
XO.WD54.,2018,246
XO.WD54.,2018,305
XO.WD55.,2018,219
XO.WD55.,2018,220
XO.WD55.,2018,244
XO.WD55.,2018,245
XO.WD55.,2018,246
XO.WD55.,2018,305
XO.WD56.,2018,219
XO.WD56.,2018,220
XO.WD56.,2018,244
XO.WD56.,2018,245
XO.WD56.,2018,246
XO.WD56.,2018,305
XO.WD57.,2018,219
XO.WD57.,2018,244
XO.WD57.,2018,245
XO.WD57.,2018,246
XO.WD57.,2018,305
XO.WD58.,2018,219
XO.WD58.,2018,244
XO.WD58.,2018,245
XO.WD58.,2018,246
XO.WD58.,2018,305
XO.WD59.,2018,219
XO.WD59.,2018,244
XO.WD59.,2018,245
XO.WD59.,2018,246
XO.WD59.,2018,305
XO.WD60.,2018,219
XO.WD60.,2018,244
XO.WD60.,2018,245
XO.WD60.,2018,246
XO.WD60.,2018,305
XO.WD61.,2018,219
XO.WD61.,2018,244
XO.WD61.,2018,245
XO.WD61.,2018,246
XO.WD61.,2018,305
XO.WD62.,2018,219
XO.WD62.,2018,244
XO.WD62.,2018,245
XO.WD62.,2018,246
XO.WD62.,2018,305
XO.WD63.,2018,219
XO.WD63.,2018,244
XO.WD63.,2018,245
XO.WD63.,2018,246
XO.WD63.,2018,305
XO.WD64.,2018,219
XO.WD64.,2018,244
XO.WD64.,2018,245
XO.WD64.,2018,246
XO.WD64.,2018,305
XO.WD65.,2018,219
XO.WD65.,2018,244
XO.WD65.,2018,245
XO.WD65.,2018,246
XO.WD65.,2018,305
XO.WD66.,2018,219
XO.WD66.,2018,244
XO.WD66.,2018,245
XO.WD66.,2018,246
XO.WD66.,2018,305
XO.WD67.,2018,219
XO.WD67.,2018,244
XO.WD67.,2018,245
XO.WD67.,2018,246
XO.WD67.,2018,305
XO.WD68.,2018,219
XO.WD68.,2018,244
XO.WD68.,2018,245
XO.WD68.,2018,246
XO.WD68.,2018,305
XO.WD69.,2018,219
XO.WD69.,2018,244
XO.WD69.,2018,245
XO.WD69.,2018,246
XO.WD69.,2018,305
XO.WD70.,2018,219
XO.WD70.,2018,244
XO.WD70.,2018,245
XO.WD70.,2018,246
XO.WD70.,2018,305
XO.WP24.,2018,219
XO.WP24.,2018,244
XO.WP24.,2018,245
XO.WP24.,2018,246
XO.WP24.,2018,305
XO.WP25.,2018,219
XO.WP25.,2018,244
XO.WP25.,2018,245
XO.WP25.,2018,246
XO.WP30.,2018,219
XO.WP30.,2018,244
XO.WP30.,2018,245
XO.WP30.,2018,246
XO.WS26.,2018,219
XO.WS26.,2018,244
XO.WS26.,2018,245
XO.WS26.,2018,246
XZ.BAGL.,2011,216
XZ.BAGL.,2011,217
XZ.BAGL.,2011,218
XZ.BAGL.,2011,219
XZ.BAGL.,2011,220
XZ.BAGL.,2011,221
XZ.BAGL.,2011,222
XZ.BAGL.,2011,223
XZ.BAGL.,2011,224
XZ.BAGL.,2011,225
XZ.BARK.,2011,216
XZ.BARK.,2011,217
XZ.BARK.,2011,218
XZ.BARK.,2011,219
XZ.BARK.,2011,220
XZ.BARK.,2011,221
XZ.BARK.,2011,222
XZ.BARK.,2011,223
XZ.BARK.,2011,224
XZ.BARK.,2011,225
XZ.BARN.,2011,216
XZ.BARN.,2011,217
XZ.BARN.,2011,218
XZ.BARN.,2011,219
XZ.BARN.,2011,220
XZ.BARN.,2011,221
XZ.BARN.,2011,222
XZ.BARN.,2011,223
XZ.BARN.,2011,224
XZ.BARN.,2011,225
XZ.BERG.,2011,216
XZ.BERG.,2011,217
XZ.BERG.,2011,218
XZ.BERG.,2011,219
XZ.BERG.,2011,220
XZ.BERG.,2011,221
XZ.BERG.,2011,222
XZ.BERG.,2011,223
XZ.BERG.,2011,224
XZ.BERG.,2011,225
XZ.WR011.,2013,105
XZ.WR011.,2013,106
XZ.WR011.,2013,107
XZ.WR011.,2013,108
XZ.WR011.,2013,109
XZ.WR011.,2013,110
XZ.WR011.,2013,111
XZ.WR011.,2013,112
XZ.WR011.,2013,113
XZ.WR011.,2013,114
XZ.WR011.,2013,115
XZ.WR011.,2013,116
XZ.WR011.,2013,117
XZ.WR011.,2013,118
XZ.WR011.,2013,119
XZ.WR011.,2013,120
XZ.WR014.,2013,105
XZ.WR014.,2013,106
XZ.WR014.,2013,107
XZ.WR014.,2013,108
XZ.WR014.,2013,109
XZ.WR014.,2013,110
XZ.WR014.,2013,111
XZ.WR014.,2013,112
XZ.WR014.,2013,113
XZ.WR014.,2013,114
XZ.WR014.,2013,115
XZ.WR014.,2013,116
XZ.WR014.,2013,117
XZ.WR014.,2013,118
XZ.WR014.,2013,119
XZ.WR014.,2013,120
XZ.WR015.,2013,105
XZ.WR015.,2013,106
XZ.WR015.,2013,107
XZ.WR015.,2013,108
XZ.WR015.,2013,109
XZ.WR015.,2013,110
XZ.WR015.,2013,111
XZ.WR015.,2013,112
XZ.WR015.,2013,113
XZ.WR015.,2013,114
XZ.WR015.,2013,115
XZ.WR015.,2013,116
XZ.WR015.,2013,117
XZ.WR015.,2013,118
XZ.WR015.,2013,119
XZ.WR015.,2013,120
XZ.WR016.,2013,105
XZ.WR016.,2013,106
XZ.WR016.,2013,107
XZ.WR016.,2013,108
XZ.WR016.,2013,109
XZ.WR016.,2013,110
XZ.WR016.,2013,111
XZ.WR016.,2013,112
XZ.WR016.,2013,113
XZ.WR016.,2013,114
XZ.WR016.,2013,115
XZ.WR016.,2013,116
XZ.WR016.,2013,117
XZ.WR016.,2013,118
XZ.WR016.,2013,119
XZ.WR016.,2013,120
XZ.WR017.,2013,105
XZ.WR017.,2013,106
XZ.WR017.,2013,107
XZ.WR017.,2013,108
XZ.WR017.,2013,109
XZ.WR017.,2013,110
XZ.WR017.,2013,111
XZ.WR017.,2013,112
XZ.WR017.,2013,113
XZ.WR017.,2013,114
XZ.WR017.,2013,115
XZ.WR017.,2013,116
XZ.WR017.,2013,117
XZ.WR017.,2013,118
XZ.WR017.,2013,119
XZ.WR017.,2013,120
XZ.WR018.,2013,105
XZ.WR018.,2013,106
XZ.WR018.,2013,107
XZ.WR018.,2013,108
XZ.WR018.,2013,109
XZ.WR018.,2013,110
XZ.WR018.,2013,111
XZ.WR018.,2013,112
XZ.WR018.,2013,113
XZ.WR018.,2013,114
XZ.WR018.,2013,115
XZ.WR018.,2013,116
XZ.WR018.,2013,117
XZ.WR018.,2013,118
XZ.WR018.,2013,119
XZ.WR018.,2013,120
XZ.WR019.,2013,105
XZ.WR019.,2013,106
XZ.WR019.,2013,107
XZ.WR019.,2013,108
XZ.WR019.,2013,109
XZ.WR019.,2013,110
XZ.WR019.,2013,111
XZ.WR019.,2013,112
XZ.WR019.,2013,113
XZ.WR019.,2013,114
XZ.WR019.,2013,115
XZ.WR019.,2013,116
XZ.WR019.,2013,117
XZ.WR019.,2013,118
XZ.WR019.,2013,119
XZ.WR019.,2013,120
XZ.WR020.,2013,105
XZ.WR020.,2013,106
XZ.WR020.,2013,107
XZ.WR020.,2013,108
XZ.WR020.,2013,109
XZ.WR020.,2013,110
XZ.WR020.,2013,111
XZ.WR020.,2013,112
XZ.WR020.,2013,113
XZ.WR020.,2013,114
XZ.WR020.,2013,115
XZ.WR020.,2013,116
XZ.WR020.,2013,117
XZ.WR020.,2013,118
XZ.WR020.,2013,119
XZ.WR020.,2013,120
XZ.WR021.,2013,105
XZ.WR021.,2013,106
XZ.WR021.,2013,107
XZ.WR021.,2013,108
XZ.WR021.,2013,109
XZ.WR021.,2013,110
XZ.WR021.,2013,111
XZ.WR021.,2013,112
XZ.WR021.,2013,113
XZ.WR021.,2013,114
XZ.WR021.,2013,115
XZ.WR021.,2013,116
XZ.WR021.,2013,117
XZ.WR021.,2013,118
XZ.WR021.,2013,119
XZ.WR021.,2013,120
XZ.WR022.,2013,105
XZ.WR022.,2013,106
XZ.WR022.,2013,107
XZ.WR022.,2013,108
XZ.WR022.,2013,109
XZ.WR022.,2013,110
XZ.WR022.,2013,111
XZ.WR022.,2013,112
XZ.WR022.,2013,113
XZ.WR022.,2013,114
XZ.WR022.,2013,115
XZ.WR022.,2013,116
XZ.WR022.,2013,117
XZ.WR022.,2013,118
XZ.WR022.,2013,119
XZ.WR022.,2013,120
XZ.WR023.,2013,105
XZ.WR023.,2013,106
XZ.WR023.,2013,107
XZ.WR023.,2013,108
XZ.WR023.,2013,109
XZ.WR023.,2013,110
XZ.WR023.,2013,111
XZ.WR023.,2013,112
XZ.WR023.,2013,113
XZ.WR023.,2013,114
XZ.WR023.,2013,115
XZ.WR023.,2013,116
XZ.WR023.,2013,117
XZ.WR023.,2013,118
XZ.WR023.,2013,119
XZ.WR023.,2013,120
XZ.WR024.,2013,105
XZ.WR024.,2013,106
XZ.WR024.,2013,107
XZ.WR024.,2013,108
XZ.WR024.,2013,109
XZ.WR024.,2013,110
XZ.WR024.,2013,111
XZ.WR024.,2013,112
XZ.WR024.,2013,113
XZ.WR024.,2013,114
XZ.WR024.,2013,115
XZ.WR024.,2013,116
XZ.WR024.,2013,117
XZ.WR024.,2013,118
XZ.WR024.,2013,119
XZ.WR024.,2013,120
XZ.WR025.,2013,105
XZ.WR025.,2013,106
XZ.WR025.,2013,107
XZ.WR025.,2013,108
XZ.WR025.,2013,109
XZ.WR025.,2013,110
XZ.WR025.,2013,111
XZ.WR025.,2013,112
XZ.WR025.,2013,113
XZ.WR025.,2013,114
XZ.WR025.,2013,115
XZ.WR025.,2013,116
XZ.WR025.,2013,117
XZ.WR025.,2013,118
XZ.WR025.,2013,119
XZ.WR025.,2013,120
XZ.WV01.,2015,255
XZ.WV01.,2015,256
XZ.WV01.,2015,257
XZ.WV01.,2015,258
XZ.WV01.,2015,259
XZ.WV01.,2015,260
XZ.WV01.,2015,261
XZ.WV01.,2015,262
XZ.WV01.,2015,263
XZ.WV01.,2015,264
XZ.WV01.,2015,265
XZ.WV01.,2015,266
XZ.WV01.,2015,267
XZ.WV01.,2015,268
XZ.WV01.,2015,269
XZ.WV01.,2015,270
XZ.WV02.,2015,255
XZ.WV02.,2015,256
XZ.WV02.,2015,257
XZ.WV02.,2015,258
XZ.WV02.,2015,259
XZ.WV02.,2015,260
XZ.WV02.,2015,261
XZ.WV02.,2015,262
XZ.WV02.,2015,263
XZ.WV02.,2015,264
XZ.WV02.,2015,265
XZ.WV02.,2015,266
XZ.WV02.,2015,267
XZ.WV02.,2015,268
XZ.WV02.,2015,269
XZ.WV02.,2015,270
XZ.WV03.,2015,255
XZ.WV03.,2015,256
XZ.WV03.,2015,257
XZ.WV03.,2015,258
XZ.WV03.,2015,259
XZ.WV03.,2015,260
XZ.WV03.,2015,261
XZ.WV03.,2015,262
XZ.WV03.,2015,263
XZ.WV03.,2015,264
XZ.WV03.,2015,265
XZ.WV03.,2015,266
XZ.WV03.,2015,267
XZ.WV03.,2015,268
XZ.WV03.,2015,269
XZ.WV03.,2015,270
XZ.WV04.,2015,255
XZ.WV04.,2015,256
XZ.WV04.,2015,257
XZ.WV04.,2015,258
XZ.WV04.,2015,259
XZ.WV04.,2015,260
XZ.WV04.,2015,261
XZ.WV04.,2015,262
XZ.WV04.,2015,263
XZ.WV04.,2015,264
XZ.WV04.,2015,265
XZ.WV04.,2015,266
XZ.WV04.,2015,267
XZ.WV04.,2015,268
XZ.WV04.,2015,269
XZ.WV04.,2015,270
XZ.WV05.,2015,255
XZ.WV05.,2015,256
XZ.WV05.,2015,257
XZ.WV05.,2015,258
XZ.WV05.,2015,259
XZ.WV05.,2015,260
XZ.WV05.,2015,261
XZ.WV05.,2015,262
XZ.WV05.,2015,263
XZ.WV05.,2015,264
XZ.WV05.,2015,265
XZ.WV05.,2015,266
XZ.WV05.,2015,267
XZ.WV05.,2015,268
XZ.WV05.,2015,269
XZ.WV05.,2015,270
XZ.WV06.,2015,255
XZ.WV06.,2015,256
XZ.WV06.,2015,257
XZ.WV06.,2015,258
XZ.WV06.,2015,259
XZ.WV06.,2015,260
XZ.WV06.,2015,261
XZ.WV06.,2015,262
XZ.WV06.,2015,263
XZ.WV06.,2015,264
XZ.WV06.,2015,265
XZ.WV06.,2015,266
XZ.WV06.,2015,267
XZ.WV06.,2015,268
XZ.WV06.,2015,269
XZ.WV06.,2015,270
XZ.WV07.,2015,255
XZ.WV07.,2015,256
XZ.WV07.,2015,257
XZ.WV07.,2015,258
XZ.WV07.,2015,259
XZ.WV07.,2015,260
XZ.WV07.,2015,261
XZ.WV07.,2015,262
XZ.WV07.,2015,263
XZ.WV07.,2015,264
XZ.WV07.,2015,265
XZ.WV07.,2015,266
XZ.WV07.,2015,267
XZ.WV07.,2015,268
XZ.WV07.,2015,269
XZ.WV07.,2015,270
XZ.WV08.,2015,255
XZ.WV08.,2015,256
XZ.WV08.,2015,257
XZ.WV08.,2015,258
XZ.WV08.,2015,259
XZ.WV08.,2015,260
XZ.WV08.,2015,261
XZ.WV08.,2015,262
XZ.WV08.,2015,263
XZ.WV08.,2015,264
XZ.WV08.,2015,265
XZ.WV08.,2015,266
XZ.WV08.,2015,267
XZ.WV08.,2015,268
XZ.WV08.,2015,269
XZ.WV08.,2015,270
YN.ALCY.,2012,336
YN.ALCY.,2012,337
YN.ALCY.,2012,338
YN.ALCY.,2013,105
YN.ALCY.,2013,106
YN.ALCY.,2013,107
YN.ALCY.,2013,305
YN.ALCY.,2013,306
YN.ALCY.,2013,307
YN.ALCY.,2013,308
YN.ALCY.,2013,309
YN.ALCY.,2013,310
YN.ALCY.,2013,311
YN.ALCY.,2013,312
YN.ALCY.,2014,1
YN.ALCY.,2014,2
YN.ALCY.,2014,3
YN.ALCY.,2014,4
YN.ALCY.,2014,220
YN.ALCY.,2014,221
YN.ALCY.,2014,222
YN.ALCY.,2014,223
YN.ALCY.,2014,224
YN.ALCY.,2014,225
YN.ALCY.,2014,226
YN.ALCY.,2014,227
YN.ALCY.,2014,228
YN.ALCY.,2014,260
YN.ALCY.,2014,261
YN.ALCY.,2014,262
YN.ALCY.,2014,263
YN.ALCY.,2014,264
YN.ALCY.,2015,244
YN.ALCY.,2015,255
YN.ALCY.,2015,256
YN.ALCY.,2015,257
YN.ALCY.,2015,258
YN.ALCY.,2015,259
YN.ALCY.,2016,214
YN.ALCY.,2016,215
YN.ALCY.,2016,216
YN.ALCY.,2016,217
YN.ALCY.,2016,218
YN.BALD.,2012,336
YN.BALD.,2012,337
YN.BALD.,2012,338
YN.BALD.,2013,105
YN.BALD.,2013,106
YN.BALD.,2013,107
YN.BALD.,2013,305
YN.BALD.,2013,306
YN.BALD.,2013,307
YN.BALD.,2013,308
YN.BALD.,2013,309
YN.BALD.,2013,310
YN.BALD.,2013,311
YN.BALD.,2013,312
YN.BALD.,2014,1
YN.BALD.,2014,2
YN.BALD.,2014,3
YN.BALD.,2014,4
YN.BALD.,2014,220
YN.BALD.,2014,221
YN.BALD.,2014,222
YN.BALD.,2014,223
YN.BALD.,2014,224
YN.BALD.,2014,225
YN.BALD.,2014,226
YN.BALD.,2014,227
YN.BALD.,2014,228
YN.BALD.,2014,260
YN.BALD.,2014,261
YN.BALD.,2014,262
YN.BALD.,2014,263
YN.BALD.,2014,264
YN.BALD.,2015,235
YN.BALD.,2015,236
YN.BALD.,2015,237
YN.BALD.,2015,238
YN.BALD.,2015,239
YN.BALD.,2015,240
YN.BALD.,2015,241
YN.BALD.,2015,242
YN.BALD.,2015,243
YN.BALD.,2015,244
YN.BALD.,2015,245
YN.BALD.,2015,255
YN.BALD.,2015,256
YN.BALD.,2015,257
YN.BALD.,2015,258
YN.BALD.,2015,259
YN.BALD.,2015,260
YN.BALD.,2015,261
YN.BALD.,2015,262
YN.BALD.,2015,263
YN.BALD.,2015,264
YN.BALD.,2015,265
YN.BALD.,2015,266
YN.BALD.,2015,267
YN.BALD.,2015,268
YN.BALD.,2015,269
YN.BALD.,2015,270
YN.BALD.,2016,214
YN.BALD.,2016,215
YN.BALD.,2016,216
YN.BALD.,2016,217
YN.BALD.,2016,218
YN.BB01.,2012,336
YN.BB01.,2012,337
YN.BB01.,2012,338
YN.BB01.,2013,105
YN.BB01.,2013,106
YN.BB01.,2013,107
YN.BB01.,2013,305
YN.BB01.,2013,306
YN.BB01.,2013,307
YN.BB01.,2013,308
YN.BB01.,2013,309
YN.BB01.,2013,310
YN.BB01.,2013,311
YN.BB01.,2013,312
YN.BB01.,2014,1
YN.BB01.,2014,2
YN.BB01.,2014,3
YN.BB01.,2014,4
YN.BB02.,2012,336
YN.BB02.,2012,337
YN.BB02.,2012,338
YN.BB02.,2013,105
YN.BB02.,2013,106
YN.BB02.,2013,107
YN.BB02.,2013,305
YN.BB02.,2013,306
YN.BB02.,2013,307
YN.BB02.,2013,308
YN.BB02.,2013,309
YN.BB02.,2013,310
YN.BB02.,2013,311
YN.BB02.,2013,312
YN.BB02.,2014,1
YN.BB02.,2014,2
YN.BB02.,2014,3
YN.BB02.,2014,4
YN.BB03.,2012,336
YN.BB03.,2012,337
YN.BB03.,2012,338
YN.BB03.,2013,105
YN.BB03.,2013,106
YN.BB03.,2013,107
YN.BB03.,2013,305
YN.BB03.,2013,306
YN.BB03.,2013,307
YN.BB03.,2013,308
YN.BB03.,2013,309
YN.BB03.,2013,310
YN.BB03.,2013,311
YN.BB03.,2013,312
YN.BB03.,2014,1
YN.BB03.,2014,2
YN.BB03.,2014,3
YN.BB03.,2014,4
YN.BB04.,2012,336
YN.BB04.,2012,337
YN.BB04.,2012,338
YN.BB04.,2013,105
YN.BB04.,2013,106
YN.BB04.,2013,107
YN.BB04.,2013,305
YN.BB04.,2013,306
YN.BB04.,2013,307
YN.BB04.,2013,308
YN.BB04.,2013,309
YN.BB04.,2013,310
YN.BB04.,2013,311
YN.BB04.,2013,312
YN.BB04.,2014,1
YN.BB04.,2014,2
YN.BB04.,2014,3
YN.BB04.,2014,4
YN.BB05.,2012,336
YN.BB05.,2012,337
YN.BB05.,2012,338
YN.BB05.,2013,105
YN.BB05.,2013,106
YN.BB05.,2013,107
YN.BB05.,2013,305
YN.BB05.,2013,306
YN.BB05.,2013,307
YN.BB05.,2013,308
YN.BB05.,2013,309
YN.BB05.,2013,310
YN.BB05.,2013,311
YN.BB05.,2013,312
YN.BB05.,2014,1
YN.BB05.,2014,2
YN.BB05.,2014,3
YN.BB05.,2014,4
YN.BB06.,2012,336
YN.BB06.,2012,337
YN.BB06.,2012,338
YN.BB06.,2013,105
YN.BB06.,2013,106
YN.BB06.,2013,107
YN.BB06.,2013,305
YN.BB06.,2013,306
YN.BB06.,2013,307
YN.BB06.,2013,308
YN.BB06.,2013,309
YN.BB06.,2013,310
YN.BB06.,2013,311
YN.BB06.,2013,312
YN.BB06.,2014,1
YN.BB06.,2014,2
YN.BB06.,2014,3
YN.BB06.,2014,4
YN.BB07.,2012,336
YN.BB07.,2012,337
YN.BB07.,2013,105
YN.BB07.,2013,106
YN.BB07.,2013,305
YN.BB07.,2013,306
YN.BB07.,2013,307
YN.BB07.,2013,308
YN.BB07.,2013,309
YN.BB07.,2013,310
YN.BB07.,2013,311
YN.BB07.,2014,1
YN.BB07.,2014,2
YN.BB07.,2014,3
YN.BB07.,2014,4
YN.BCCC.,2012,336
YN.BCCC.,2012,337
YN.BCCC.,2013,105
YN.BCCC.,2013,106
YN.BCCC.,2013,118
YN.BCCC.,2013,305
YN.BCCC.,2013,306
YN.BCCC.,2013,307
YN.BCCC.,2013,308
YN.BCCC.,2013,309
YN.BCCC.,2013,310
YN.BCCC.,2013,311
YN.BCCC.,2014,1
YN.BCCC.,2014,2
YN.BCCC.,2014,3
YN.BCCC.,2014,4
YN.BCCC.,2014,220
YN.BCCC.,2014,221
YN.BCCC.,2014,222
YN.BCCC.,2014,223
YN.BCCC.,2014,224
YN.BCCC.,2014,225
YN.BCCC.,2014,226
YN.BCCC.,2014,227
YN.BCCC.,2014,228
YN.BCCC.,2014,260
YN.BCCC.,2014,261
YN.BCCC.,2014,262
YN.BCCC.,2014,263
YN.BCCC.,2014,264
YN.BCCC.,2015,244
YN.BCCC.,2015,255
YN.BCCC.,2015,256
YN.BCCC.,2015,257
YN.BCCC.,2015,258
YN.BCCC.,2015,259
YN.BCCC.,2016,212
YN.BCCC.,2016,214
YN.BCCC.,2016,215
YN.BCCC.,2016,216
YN.BCCC.,2016,217
YN.BCCC.,2016,218
YN.DW01.,2012,336
YN.DW01.,2012,337
YN.DW01.,2013,105
YN.DW01.,2013,106
YN.DW01.,2013,305
YN.DW01.,2013,306
YN.DW01.,2013,307
YN.DW01.,2013,308
YN.DW01.,2013,309
YN.DW01.,2013,310
YN.DW01.,2013,311
YN.DW01.,2014,1
YN.DW01.,2014,2
YN.DW01.,2014,3
YN.DW01.,2014,4
YN.DW01.,2014,220
YN.DW01.,2014,221
YN.DW01.,2014,222
YN.DW01.,2014,223
YN.DW01.,2014,224
YN.DW01.,2014,225
YN.DW01.,2014,226
YN.DW01.,2014,227
YN.DW01.,2014,228
YN.DW01.,2014,260
YN.DW01.,2014,261
YN.DW01.,2014,262
YN.DW01.,2014,263
YN.DW01.,2014,264
YN.DW01.,2015,244
YN.DW01.,2015,255
YN.DW01.,2015,256
YN.DW01.,2015,257
YN.DW01.,2015,258
YN.DW01.,2015,259
YN.DW01.,2016,214
YN.DW01.,2016,215
YN.DW01.,2016,216
YN.DW01.,2016,217
YN.DW01.,2016,218
YN.DW02.,2012,336
YN.DW02.,2012,337
YN.DW02.,2013,105
YN.DW02.,2013,106
YN.DW02.,2013,305
YN.DW02.,2013,306
YN.DW02.,2013,307
YN.DW02.,2013,308
YN.DW02.,2013,309
YN.DW02.,2013,310
YN.DW02.,2013,311
YN.DW02.,2014,1
YN.DW02.,2014,2
YN.DW02.,2014,3
YN.DW02.,2014,4
YN.DW02.,2014,220
YN.DW02.,2014,221
YN.DW02.,2014,222
YN.DW02.,2014,223
YN.DW02.,2014,224
YN.DW02.,2014,225
YN.DW02.,2014,226
YN.DW02.,2014,227
YN.DW02.,2014,228
YN.DW02.,2014,260
YN.DW02.,2014,261
YN.DW02.,2014,262
YN.DW02.,2014,263
YN.DW02.,2015,244
YN.DW02.,2015,255
YN.DW02.,2015,256
YN.DW02.,2015,257
YN.DW02.,2015,258
YN.DW02.,2015,259
YN.DW02.,2016,214
YN.DW02.,2016,215
YN.DW02.,2016,216
YN.DW02.,2016,217
YN.DW02.,2016,218
YN.DW03.,2012,336
YN.DW03.,2012,337
YN.DW03.,2013,105
YN.DW03.,2013,106
YN.DW03.,2013,305
YN.DW03.,2013,306
YN.DW03.,2013,307
YN.DW03.,2013,308
YN.DW03.,2013,309
YN.DW03.,2013,310
YN.DW03.,2013,311
YN.DW03.,2014,1
YN.DW03.,2014,2
YN.DW03.,2014,3
YN.DW03.,2014,4
YN.DW03.,2014,7
YN.DW03.,2014,220
YN.DW03.,2014,221
YN.DW03.,2014,222
YN.DW03.,2014,223
YN.DW03.,2014,224
YN.DW03.,2014,225
YN.DW03.,2014,226
YN.DW03.,2014,227
YN.DW03.,2014,228
YN.DW03.,2014,260
YN.DW03.,2014,261
YN.DW03.,2014,262
YN.DW03.,2014,263
YN.DW03.,2015,244
YN.DW03.,2015,255
YN.DW03.,2015,256
YN.DW03.,2015,257
YN.DW03.,2015,258
YN.DW03.,2015,259
YN.DW03.,2016,214
YN.DW03.,2016,215
YN.DW03.,2016,216
YN.DW03.,2016,217
YN.DW03.,2016,218
YN.DW04.,2012,336
YN.DW04.,2012,337
YN.DW04.,2013,105
YN.DW04.,2013,106
YN.DW04.,2013,305
YN.DW04.,2013,306
YN.DW04.,2013,307
YN.DW04.,2013,308
YN.DW04.,2013,309
YN.DW04.,2013,310
YN.DW04.,2013,311
YN.DW04.,2014,1
YN.DW04.,2014,2
YN.DW04.,2014,3
YN.DW04.,2014,4
YN.DW04.,2014,220
YN.DW04.,2014,221
YN.DW04.,2014,222
YN.DW04.,2014,223
YN.DW04.,2014,224
YN.DW04.,2014,225
YN.DW04.,2014,226
YN.DW04.,2014,227
YN.DW04.,2014,228
YN.DW04.,2014,260
YN.DW04.,2014,261
YN.DW04.,2014,262
YN.DW04.,2014,263
YN.DW04.,2015,244
YN.DW04.,2015,255
YN.DW04.,2015,256
YN.DW04.,2015,257
YN.DW04.,2015,258
YN.DW04.,2015,259
YN.DW04.,2016,214
YN.DW04.,2016,215
YN.DW04.,2016,216
YN.DW04.,2016,217
YN.DW04.,2016,218
YN.DW05.,2012,336
YN.DW05.,2012,337
YN.DW05.,2013,105
YN.DW05.,2013,106
YN.DW05.,2013,305
YN.DW05.,2013,306
YN.DW05.,2013,307
YN.DW05.,2013,308
YN.DW05.,2013,309
YN.DW05.,2013,310
YN.DW05.,2013,311
YN.DW05.,2014,1
YN.DW05.,2014,2
YN.DW05.,2014,3
YN.DW05.,2014,4
YN.DW05.,2014,220
YN.DW05.,2014,221
YN.DW05.,2014,222
YN.DW05.,2014,223
YN.DW05.,2014,224
YN.DW05.,2014,225
YN.DW05.,2014,226
YN.DW05.,2014,227
YN.DW05.,2014,228
YN.DW05.,2014,260
YN.DW05.,2014,261
YN.DW05.,2014,262
YN.DW05.,2014,263
YN.DW05.,2015,244
YN.DW05.,2015,255
YN.DW05.,2015,256
YN.DW05.,2015,257
YN.DW05.,2015,258
YN.DW05.,2015,259
YN.DW05.,2016,214
YN.DW05.,2016,215
YN.DW05.,2016,216
YN.DW05.,2016,217
YN.DW05.,2016,218
YN.DW06.,2012,336
YN.DW06.,2012,337
YN.DW06.,2013,105
YN.DW06.,2013,106
YN.DW06.,2013,305
YN.DW06.,2013,306
YN.DW06.,2013,307
YN.DW06.,2013,308
YN.DW06.,2013,309
YN.DW06.,2013,310
YN.DW06.,2013,311
YN.DW06.,2014,1
YN.DW06.,2014,2
YN.DW06.,2014,3
YN.DW06.,2014,4
YN.DW06.,2014,220
YN.DW06.,2014,221
YN.DW06.,2014,222
YN.DW06.,2014,223
YN.DW06.,2014,224
YN.DW06.,2014,225
YN.DW06.,2014,226
YN.DW06.,2014,227
YN.DW06.,2014,260
YN.DW06.,2014,261
YN.DW06.,2014,262
YN.DW06.,2014,263
YN.DW06.,2015,244
YN.DW06.,2015,255
YN.DW06.,2015,256
YN.DW06.,2015,257
YN.DW06.,2015,258
YN.DW06.,2015,259
YN.DW06.,2016,214
YN.DW06.,2016,215
YN.DW06.,2016,216
YN.DW06.,2016,217
YN.DW07.,2012,71
YN.DW07.,2012,72
YN.DW07.,2012,73
YN.DW07.,2012,74
YN.DW07.,2012,75
YN.DW07.,2012,76
YN.DW07.,2012,77
YN.DW07.,2012,78
YN.DW07.,2012,79
YN.DW07.,2012,80
YN.DW07.,2012,81
YN.DW07.,2012,82
YN.DW07.,2012,83
YN.DW07.,2012,84
YN.DW07.,2012,85
YN.DW07.,2012,131
YN.DW07.,2012,132
YN.DW07.,2012,133
YN.DW07.,2012,153
YN.DW07.,2012,154
YN.DW07.,2012,155
YN.DW07.,2012,156
YN.DW07.,2012,157
YN.DW07.,2012,158
YN.DW07.,2012,183
YN.DW07.,2012,184
YN.DW07.,2012,185
YN.DW07.,2012,191
YN.DW07.,2012,192
YN.DW07.,2012,193
YN.DW07.,2012,194
YN.DW07.,2012,195
YN.DW07.,2012,196
YN.DW07.,2012,197
YN.DW07.,2012,198
YN.DW07.,2012,214
YN.DW07.,2012,215
YN.DW07.,2012,216
YN.DW07.,2012,217
YN.DW07.,2012,218
YN.DW07.,2012,245
YN.DW07.,2012,246
YN.DW07.,2012,247
YN.DW07.,2012,251
YN.DW07.,2012,252
YN.DW07.,2012,253
YN.DW07.,2012,311
YN.DW07.,2012,312
YN.DW07.,2012,313
YN.DW07.,2012,314
YN.DW07.,2012,315
YN.DW07.,2012,336
YN.DW07.,2012,337
YN.DW07.,2012,338
YN.DW07.,2012,351
YN.DW07.,2012,352
YN.DW07.,2012,353
YN.DW07.,2013,60
YN.DW07.,2013,91
YN.DW07.,2013,92
YN.DW07.,2013,93
YN.DW07.,2013,94
YN.DW07.,2013,95
YN.DW07.,2013,96
YN.DW07.,2013,121
YN.DW07.,2013,122
YN.DW07.,2013,125
YN.DW07.,2013,126
YN.DW07.,2013,127
YN.DW07.,2013,128
YN.DW07.,2013,129
YN.DW07.,2013,152
YN.DW07.,2013,153
YN.DW07.,2013,154
YN.DW07.,2013,155
YN.DW07.,2013,156
YN.DW07.,2013,165
YN.DW07.,2013,166
YN.DW07.,2013,167
YN.DW07.,2013,168
YN.DW07.,2013,169
YN.DW07.,2013,170
YN.DW07.,2013,171
YN.DW07.,2013,185
YN.DW07.,2013,186
YN.DW07.,2013,187
YN.DW07.,2013,188
YN.DW07.,2013,189
YN.DW07.,2013,213
YN.DW07.,2013,214
YN.DW07.,2013,215
YN.DW07.,2013,216
YN.DW07.,2013,274
YN.DW07.,2015,121
YN.DW07.,2015,122
YN.DW07.,2015,123
YN.DW07.,2015,124
YN.DW07.,2015,315
YN.DW07.,2015,316
YN.DW07.,2015,317
YN.DW07.,2015,318
YN.DW07.,2015,319
YN.DW07.,2016,61
YN.DW07.,2016,62
YN.DW07.,2016,63
YN.DW07.,2016,336
YN.DW07.,2016,337
YN.DW07.,2016,338
YN.DW08.,2012,71
YN.DW08.,2012,72
YN.DW08.,2012,73
YN.DW08.,2012,74
YN.DW08.,2012,75
YN.DW08.,2012,76
YN.DW08.,2012,77
YN.DW08.,2012,78
YN.DW08.,2012,79
YN.DW08.,2012,80
YN.DW08.,2012,81
YN.DW08.,2012,82
YN.DW08.,2012,84
YN.DW08.,2012,85
YN.DW08.,2012,131
YN.DW08.,2012,132
YN.DW08.,2012,133
YN.DW08.,2012,153
YN.DW08.,2012,154
YN.DW08.,2012,155
YN.DW08.,2012,156
YN.DW08.,2012,157
YN.DW08.,2012,158
YN.DW08.,2012,183
YN.DW08.,2012,184
YN.DW08.,2012,185
YN.DW08.,2012,191
YN.DW08.,2012,192
YN.DW08.,2012,193
YN.DW08.,2012,194
YN.DW08.,2012,195
YN.DW08.,2012,196
YN.DW08.,2012,197
YN.DW08.,2012,214
YN.DW08.,2012,215
YN.DW08.,2012,216
YN.DW08.,2012,217
YN.DW08.,2012,245
YN.DW08.,2012,246
YN.DW08.,2012,247
YN.DW08.,2012,251
YN.DW08.,2012,252
YN.DW08.,2012,253
YN.DW08.,2012,311
YN.DW08.,2012,312
YN.DW08.,2012,313
YN.DW08.,2012,314
YN.DW08.,2012,315
YN.DW08.,2012,336
YN.DW08.,2012,337
YN.DW08.,2012,351
YN.DW08.,2012,352
YN.DW08.,2012,353
YN.DW08.,2013,60
YN.DW08.,2013,91
YN.DW08.,2013,92
YN.DW08.,2013,93
YN.DW08.,2013,94
YN.DW08.,2013,95
YN.DW08.,2013,96
YN.DW08.,2013,121
YN.DW08.,2013,122
YN.DW08.,2013,125
YN.DW08.,2013,126
YN.DW08.,2013,127
YN.DW08.,2013,128
YN.DW08.,2013,129
YN.DW08.,2013,152
YN.DW08.,2013,153
YN.DW08.,2013,154
YN.DW08.,2013,155
YN.DW08.,2013,156
YN.DW08.,2013,165
YN.DW08.,2013,166
YN.DW08.,2013,167
YN.DW08.,2013,168
YN.DW08.,2013,169
YN.DW08.,2013,170
YN.DW08.,2013,171
YN.DW08.,2013,185
YN.DW08.,2013,186
YN.DW08.,2013,187
YN.DW08.,2013,188
YN.DW08.,2013,189
YN.DW08.,2013,213
YN.DW08.,2013,214
YN.DW08.,2013,215
YN.DW08.,2013,216
YN.DW08.,2013,274
YN.DW08.,2015,121
YN.DW08.,2015,122
YN.DW08.,2015,123
YN.DW08.,2015,124
YN.DW08.,2015,315
YN.DW08.,2015,316
YN.DW08.,2015,317
YN.DW08.,2015,318
YN.DW08.,2015,319
YN.DW08.,2016,61
YN.DW08.,2016,62
YN.DW08.,2016,63
YN.DW08.,2016,336
YN.DW08.,2016,337
YN.DW08.,2016,338
YN.DW09.,2012,71
YN.DW09.,2012,72
YN.DW09.,2012,73
YN.DW09.,2012,74
YN.DW09.,2012,75
YN.DW09.,2012,76
YN.DW09.,2012,77
YN.DW09.,2012,78
YN.DW09.,2012,79
YN.DW09.,2012,80
YN.DW09.,2012,81
YN.DW09.,2012,82
YN.DW09.,2012,85
YN.DW09.,2012,131
YN.DW09.,2012,132
YN.DW09.,2012,133
YN.DW09.,2012,153
YN.DW09.,2012,154
YN.DW09.,2012,155
YN.DW09.,2012,156
YN.DW09.,2012,157
YN.DW09.,2012,158
YN.DW09.,2012,183
YN.DW09.,2012,184
YN.DW09.,2012,191
YN.DW09.,2012,192
YN.DW09.,2012,193
YN.DW09.,2012,194
YN.DW09.,2012,195
YN.DW09.,2012,196
YN.DW09.,2012,197
YN.DW09.,2012,214
YN.DW09.,2012,215
YN.DW09.,2012,216
YN.DW09.,2012,217
YN.DW09.,2012,245
YN.DW09.,2012,246
YN.DW09.,2012,247
YN.DW09.,2012,251
YN.DW09.,2012,252
YN.DW09.,2012,253
YN.DW09.,2012,311
YN.DW09.,2012,312
YN.DW09.,2012,313
YN.DW09.,2012,314
YN.DW09.,2012,315
YN.DW09.,2012,336
YN.DW09.,2012,337
YN.DW09.,2012,351
YN.DW09.,2012,352
YN.DW09.,2012,353
YN.DW09.,2013,60
YN.DW09.,2013,91
YN.DW09.,2013,92
YN.DW09.,2013,93
YN.DW09.,2013,94
YN.DW09.,2013,95
YN.DW09.,2013,121
YN.DW09.,2013,122
YN.DW09.,2013,125
YN.DW09.,2013,126
YN.DW09.,2013,127
YN.DW09.,2013,128
YN.DW09.,2013,129
YN.DW09.,2013,152
YN.DW09.,2013,153
YN.DW09.,2013,154
YN.DW09.,2013,155
YN.DW09.,2013,165
YN.DW09.,2013,166
YN.DW09.,2013,167
YN.DW09.,2013,168
YN.DW09.,2013,169
YN.DW09.,2013,170
YN.DW09.,2013,171
YN.DW09.,2013,185
YN.DW09.,2013,186
YN.DW09.,2013,187
YN.DW09.,2013,188
YN.DW09.,2013,189
YN.DW09.,2013,213
YN.DW09.,2013,214
YN.DW09.,2013,215
YN.DW09.,2013,274
YN.DW09.,2015,121
YN.DW09.,2015,122
YN.DW09.,2015,123
YN.DW09.,2015,124
YN.DW09.,2015,315
YN.DW09.,2015,316
YN.DW09.,2015,317
YN.DW09.,2015,318
YN.DW09.,2015,319
YN.DW09.,2016,61
YN.DW09.,2016,62
YN.DW09.,2016,63
YN.DW09.,2016,336
YN.DW09.,2016,337
YN.DW09.,2016,338
YN.DW10.,2012,71
YN.DW10.,2012,72
YN.DW10.,2012,73
YN.DW10.,2012,74
YN.DW10.,2012,75
YN.DW10.,2012,76
YN.DW10.,2012,77
YN.DW10.,2012,78
YN.DW10.,2012,79
YN.DW10.,2012,80
YN.DW10.,2012,81
YN.DW10.,2012,82
YN.DW10.,2012,85
YN.DW10.,2012,131
YN.DW10.,2012,132
YN.DW10.,2012,133
YN.DW10.,2012,153
YN.DW10.,2012,154
YN.DW10.,2012,155
YN.DW10.,2012,156
YN.DW10.,2012,157
YN.DW10.,2012,158
YN.DW10.,2012,183
YN.DW10.,2012,184
YN.DW10.,2012,191
YN.DW10.,2012,192
YN.DW10.,2012,193
YN.DW10.,2012,194
YN.DW10.,2012,195
YN.DW10.,2012,196
YN.DW10.,2012,197
YN.DW10.,2012,214
YN.DW10.,2012,215
YN.DW10.,2012,216
YN.DW10.,2012,217
YN.DW10.,2012,245
YN.DW10.,2012,246
YN.DW10.,2012,247
YN.DW10.,2012,251
YN.DW10.,2012,252
YN.DW10.,2012,253
YN.DW10.,2012,311
YN.DW10.,2012,312
YN.DW10.,2012,313
YN.DW10.,2012,314
YN.DW10.,2012,315
YN.DW10.,2012,336
YN.DW10.,2012,337
YN.DW10.,2012,351
YN.DW10.,2012,352
YN.DW10.,2012,353
YN.DW10.,2013,60
YN.DW10.,2013,91
YN.DW10.,2013,92
YN.DW10.,2013,93
YN.DW10.,2013,94
YN.DW10.,2013,95
YN.DW10.,2013,121
YN.DW10.,2013,122
YN.DW10.,2013,125
YN.DW10.,2013,126
YN.DW10.,2013,127
YN.DW10.,2013,128
YN.DW10.,2013,129
YN.DW10.,2013,152
YN.DW10.,2013,153
YN.DW10.,2013,154
YN.DW10.,2013,155
YN.DW10.,2013,165
YN.DW10.,2013,166
YN.DW10.,2013,167
YN.DW10.,2013,168
YN.DW10.,2013,169
YN.DW10.,2013,170
YN.DW10.,2013,171
YN.DW10.,2013,185
YN.DW10.,2013,186
YN.DW10.,2013,187
YN.DW10.,2013,188
YN.DW10.,2013,189
YN.DW10.,2013,213
YN.DW10.,2013,214
YN.DW10.,2013,215
YN.DW10.,2015,121
YN.DW10.,2015,122
YN.DW10.,2015,123
YN.DW10.,2015,124
YN.DW10.,2015,315
YN.DW10.,2015,316
YN.DW10.,2015,317
YN.DW10.,2015,318
YN.DW10.,2015,319
YN.DW10.,2016,61
YN.DW10.,2016,62
YN.DW10.,2016,63
YN.DW10.,2016,336
YN.DW10.,2016,337
YN.DW10.,2016,338
YN.DW11.,2015,121
YN.DW11.,2015,122
YN.DW11.,2015,123
YN.DW11.,2015,124
YN.DW11.,2015,315
YN.DW11.,2015,316
YN.DW11.,2015,317
YN.DW11.,2015,318
YN.DW11.,2015,319
YN.DW11.,2016,61
YN.DW11.,2016,62
YN.DW11.,2016,63
YN.DW11.,2016,336
YN.DW11.,2016,337
YN.DW11.,2016,338
YN.DW12.,2015,121
YN.DW12.,2015,122
YN.DW12.,2015,123
YN.DW12.,2015,124
YN.DW12.,2015,315
YN.DW12.,2015,316
YN.DW12.,2015,317
YN.DW12.,2015,318
YN.DW12.,2015,319
YN.DW12.,2016,61
YN.DW12.,2016,62
YN.DW12.,2016,63
YN.DW12.,2016,336
YN.DW12.,2016,337
YN.DW12.,2016,338
YN.DWRPT.,2012,71
YN.DWRPT.,2012,72
YN.DWRPT.,2012,73
YN.DWRPT.,2012,74
YN.DWRPT.,2012,75
YN.DWRPT.,2012,76
YN.DWRPT.,2012,77
YN.DWRPT.,2012,78
YN.DWRPT.,2012,79
YN.DWRPT.,2012,80
YN.DWRPT.,2012,81
YN.DWRPT.,2012,82
YN.DWRPT.,2012,83
YN.DWRPT.,2012,131
YN.DWRPT.,2012,132
YN.DWRPT.,2012,133
YN.DWRPT.,2012,153
YN.DWRPT.,2012,154
YN.DWRPT.,2012,155
YN.DWRPT.,2012,156
YN.DWRPT.,2012,157
YN.DWRPT.,2012,158
YN.DWRPT.,2012,183
YN.DWRPT.,2012,184
YN.DWRPT.,2012,191
YN.DWRPT.,2012,192
YN.DWRPT.,2012,193
YN.DWRPT.,2012,194
YN.DWRPT.,2012,195
YN.DWRPT.,2012,196
YN.DWRPT.,2012,197
YN.DWRPT.,2012,214
YN.DWRPT.,2012,215
YN.DWRPT.,2012,216
YN.DWRPT.,2012,217
YN.DWRPT.,2012,245
YN.DWRPT.,2012,246
YN.DWRPT.,2012,247
YN.DWRPT.,2012,251
YN.DWRPT.,2012,252
YN.DWRPT.,2012,253
YN.DWRPT.,2012,311
YN.DWRPT.,2012,312
YN.DWRPT.,2012,313
YN.DWRPT.,2012,314
YN.DWRPT.,2012,315
YN.DWRPT.,2012,336
YN.DWRPT.,2012,337
YN.DWRPT.,2012,351
YN.DWRPT.,2012,352
YN.DWRPT.,2013,60
YN.DWRPT.,2013,91
YN.DWRPT.,2013,92
YN.DWRPT.,2013,93
YN.DWRPT.,2013,94
YN.DWRPT.,2013,95
YN.DWRPT.,2013,121
YN.DWRPT.,2013,122
YN.DWRPT.,2013,125
YN.DWRPT.,2013,126
YN.DWRPT.,2013,127
YN.DWRPT.,2013,128
YN.DWRPT.,2013,129
YN.DWRPT.,2013,152
YN.DWRPT.,2013,153
YN.DWRPT.,2013,154
YN.DWRPT.,2013,155
YN.DWRPT.,2013,165
YN.DWRPT.,2013,166
YN.DWRPT.,2013,167
YN.DWRPT.,2013,168
YN.DWRPT.,2013,169
YN.DWRPT.,2013,170
YN.DWRPT.,2013,171
YN.DWRPT.,2013,185
YN.DWRPT.,2013,186
YN.DWRPT.,2013,187
YN.DWRPT.,2013,188
YN.DWRPT.,2013,189
YN.DWRPT.,2013,213
YN.DWRPT.,2013,214
YN.DWRPT.,2013,215
YN.DWRPT.,2015,121
YN.DWRPT.,2015,122
YN.DWRPT.,2015,123
YN.DWRPT.,2015,124
YN.DWRPT.,2015,315
YN.DWRPT.,2015,316
YN.DWRPT.,2015,317
YN.DWRPT.,2015,318
YN.DWRPT.,2015,319
YN.DWRPT.,2016,61
YN.DWRPT.,2016,62
YN.DWRPT.,2016,336
YN.DWRPT.,2016,337
YN.DWRPT.,2016,338
YN.FOST.,2011,356
YN.FOST.,2011,357
YN.FOST.,2011,358
YN.FOST.,2011,359
YN.FOST.,2012,71
YN.FOST.,2012,72
YN.FOST.,2012,73
YN.FOST.,2012,74
YN.FOST.,2012,75
YN.FOST.,2012,76
YN.FOST.,2012,77
YN.FOST.,2012,78
YN.FOST.,2012,131
YN.FOST.,2012,132
YN.FOST.,2012,133
YN.FOST.,2012,153
YN.FOST.,2012,154
YN.FOST.,2012,155
YN.FOST.,2012,156
YN.FOST.,2012,157
YN.FOST.,2012,158
YN.FOST.,2012,183
YN.FOST.,2012,184
YN.FOST.,2012,191
YN.FOST.,2012,192
YN.FOST.,2012,193
YN.FOST.,2012,194
YN.FOST.,2012,195
YN.FOST.,2012,196
YN.FOST.,2012,197
YN.FOST.,2012,214
YN.FOST.,2012,215
YN.FOST.,2012,216
YN.FOST.,2012,217
YN.FOST.,2012,245
YN.FOST.,2012,246
YN.FOST.,2012,247
YN.FOST.,2012,251
YN.FOST.,2012,252
YN.FOST.,2012,253
YN.FOST.,2012,311
YN.FOST.,2012,312
YN.FOST.,2012,313
YN.FOST.,2012,314
YN.FOST.,2012,315
YN.FOST.,2012,336
YN.FOST.,2012,337
YN.FOST.,2012,351
YN.FOST.,2012,352
YN.FOST.,2013,60
YN.FOST.,2013,91
YN.FOST.,2013,92
YN.FOST.,2013,93
YN.FOST.,2013,94
YN.FOST.,2013,95
YN.FOST.,2013,121
YN.FOST.,2013,122
YN.FOST.,2013,125
YN.FOST.,2013,126
YN.FOST.,2013,127
YN.FOST.,2013,128
YN.FOST.,2013,129
YN.FOST.,2013,152
YN.FOST.,2013,153
YN.FOST.,2013,154
YN.FOST.,2013,155
YN.FOST.,2013,165
YN.FOST.,2013,166
YN.FOST.,2013,167
YN.FOST.,2013,168
YN.FOST.,2013,169
YN.FOST.,2013,170
YN.FOST.,2013,171
YN.FOST.,2013,185
YN.FOST.,2013,186
YN.FOST.,2013,187
YN.FOST.,2013,188
YN.FOST.,2013,189
YN.FOST.,2013,213
YN.FOST.,2013,214
YN.FOST.,2013,215
YN.FOST.,2015,115
YN.FOST.,2015,116
YN.FOST.,2015,117
YN.FOST.,2015,118
YN.FOST.,2015,119
YN.FOST.,2015,120
YN.FOST.,2015,121
YN.FOST.,2015,122
YN.FOST.,2015,123
YN.FOST.,2015,124
YN.FOST.,2015,125
YN.FOST.,2015,126
YN.FOST.,2015,127
YN.FOST.,2015,128
YN.FOST.,2015,129
YN.FOST.,2015,130
YN.GVAR1.,2012,151
YN.GVAR1.,2012,152
YN.GVAR1.,2012,153
YN.GVAR1.,2012,154
YN.GVAR1.,2012,155
YN.GVAR1.,2012,156
YN.GVAR1.,2012,157
YN.GVAR1.,2012,158
YN.GVAR1.,2012,159
YN.GVAR1.,2012,160
YN.GVAR1.,2012,161
YN.GVAR1.,2012,162
YN.GVAR1.,2012,163
YN.GVAR1.,2012,164
YN.GVAR1.,2012,165
YN.GVAR1.,2012,166
YN.GVAR1.,2012,183
YN.GVAR1.,2012,184
YN.GVAR1.,2012,191
YN.GVAR1.,2012,192
YN.GVAR1.,2012,193
YN.GVAR1.,2012,194
YN.GVAR1.,2012,195
YN.GVAR1.,2012,196
YN.GVAR1.,2012,197
YN.GVAR1.,2012,214
YN.GVAR1.,2012,215
YN.GVAR1.,2012,216
YN.GVAR1.,2012,217
YN.GVAR1.,2012,245
YN.GVAR1.,2012,246
YN.GVAR1.,2012,247
YN.GVAR1.,2012,251
YN.GVAR1.,2012,252
YN.GVAR1.,2012,311
YN.GVAR1.,2012,312
YN.GVAR1.,2012,313
YN.GVAR1.,2012,314
YN.GVAR1.,2012,315
YN.GVAR1.,2012,336
YN.GVAR1.,2012,337
YN.GVAR1.,2012,351
YN.GVAR1.,2012,352
YN.GVAR1.,2013,60
YN.GVAR1.,2013,91
YN.GVAR1.,2013,92
YN.GVAR1.,2013,93
YN.GVAR1.,2013,94
YN.GVAR1.,2013,95
YN.GVAR1.,2013,121
YN.GVAR1.,2013,122
YN.GVAR1.,2013,125
YN.GVAR1.,2013,126
YN.GVAR1.,2013,127
YN.GVAR1.,2013,128
YN.GVAR1.,2013,129
YN.GVAR1.,2013,152
YN.GVAR1.,2013,153
YN.GVAR1.,2013,154
YN.GVAR1.,2013,155
YN.GVAR1.,2013,165
YN.GVAR1.,2013,166
YN.GVAR1.,2013,167
YN.GVAR1.,2013,168
YN.GVAR1.,2013,169
YN.GVAR1.,2013,170
YN.GVAR1.,2013,171
YN.GVAR1.,2013,185
YN.GVAR1.,2013,186
YN.GVAR1.,2013,187
YN.GVAR1.,2013,188
YN.GVAR1.,2013,189
YN.GVAR1.,2013,213
YN.GVAR1.,2013,214
YN.GVAR1.,2013,215
YN.GVAR1.,2015,121
YN.GVAR1.,2015,122
YN.GVAR1.,2015,123
YN.GVAR1.,2015,124
YN.GVAR1.,2015,315
YN.GVAR1.,2015,316
YN.GVAR1.,2015,317
YN.GVAR1.,2015,318
YN.GVAR1.,2015,319
YN.GVAR1.,2016,61
YN.GVAR1.,2016,62
YN.GVAR1.,2016,336
YN.GVAR1.,2016,337
YN.GVAR1.,2016,338
YN.JF00.,2011,356
YN.JF00.,2011,357
YN.JF00.,2011,358
YN.JF00.,2011,359
YN.JF00.,2012,71
YN.JF00.,2012,72
YN.JF00.,2012,73
YN.JF00.,2012,74
YN.JF00.,2012,75
YN.JF00.,2012,76
YN.JF00.,2012,77
YN.JF00.,2012,78
YN.JF00.,2012,131
YN.JF00.,2012,132
YN.JF00.,2012,133
YN.JF00.,2012,153
YN.JF00.,2012,154
YN.JF00.,2012,155
YN.JF00.,2012,156
YN.JF00.,2012,157
YN.JF00.,2012,158
YN.JF00.,2012,183
YN.JF00.,2012,184
YN.JF00.,2012,191
YN.JF00.,2012,192
YN.JF00.,2012,193
YN.JF00.,2012,194
YN.JF00.,2012,195
YN.JF00.,2012,196
YN.JF00.,2012,197
YN.JF00.,2012,214
YN.JF00.,2012,215
YN.JF00.,2012,216
YN.JF00.,2012,217
YN.JF00.,2012,245
YN.JF00.,2012,246
YN.JF00.,2012,247
YN.JF00.,2012,251
YN.JF00.,2012,252
YN.JF00.,2012,311
YN.JF00.,2012,312
YN.JF00.,2012,313
YN.JF00.,2012,314
YN.JF00.,2012,315
YN.JF00.,2012,336
YN.JF00.,2012,337
YN.JF00.,2012,351
YN.JF00.,2012,352
YN.JF00.,2013,60
YN.JF00.,2013,91
YN.JF00.,2013,92
YN.JF00.,2013,93
YN.JF00.,2013,94
YN.JF00.,2013,95
YN.JF00.,2013,121
YN.JF00.,2013,122
YN.JF00.,2013,125
YN.JF00.,2013,126
YN.JF00.,2013,127
YN.JF00.,2013,128
YN.JF00.,2013,129
YN.JF00.,2013,152
YN.JF00.,2013,153
YN.JF00.,2013,154
YN.JF00.,2013,155
YN.JF00.,2013,165
YN.JF00.,2013,166
YN.JF00.,2013,167
YN.JF00.,2013,168
YN.JF00.,2013,169
YN.JF00.,2013,170
YN.JF00.,2013,171
YN.JF00.,2013,185
YN.JF00.,2013,186
YN.JF00.,2013,187
YN.JF00.,2013,188
YN.JF00.,2013,189
YN.JF00.,2013,213
YN.JF00.,2013,214
YN.JF00.,2013,215
YN.JF00.,2015,121
YN.JF00.,2015,122
YN.JF00.,2015,123
YN.JF00.,2015,124
YN.JF00.,2015,315
YN.JF00.,2015,316
YN.JF00.,2015,317
YN.JF00.,2015,318
YN.JF00.,2015,319
YN.JF00.,2016,61
YN.JF00.,2016,62
YN.JFN1.,2011,356
YN.JFN1.,2011,357
YN.JFN1.,2011,358
YN.JFN1.,2011,359
YN.JFN1.,2012,71
YN.JFN1.,2012,72
YN.JFN1.,2012,73
YN.JFN1.,2012,74
YN.JFN1.,2012,75
YN.JFN1.,2012,76
YN.JFN1.,2012,77
YN.JFN1.,2012,78
YN.JFN1.,2012,131
YN.JFN1.,2012,132
YN.JFN1.,2012,133
YN.JFN1.,2012,153
YN.JFN1.,2012,154
YN.JFN1.,2012,155
YN.JFN1.,2012,156
YN.JFN1.,2012,157
YN.JFN1.,2012,158
YN.JFN1.,2012,183
YN.JFN1.,2012,184
YN.JFN1.,2012,191
YN.JFN1.,2012,192
YN.JFN1.,2012,193
YN.JFN1.,2012,194
YN.JFN1.,2012,195
YN.JFN1.,2012,196
YN.JFN1.,2012,197
YN.JFN1.,2012,214
YN.JFN1.,2012,215
YN.JFN1.,2012,216
YN.JFN1.,2012,217
YN.JFN1.,2012,245
YN.JFN1.,2012,246
YN.JFN1.,2012,251
YN.JFN1.,2012,252
YN.JFN1.,2012,311
YN.JFN1.,2012,312
YN.JFN1.,2012,313
YN.JFN1.,2012,314
YN.JFN1.,2012,315
YN.JFN1.,2012,336
YN.JFN1.,2012,337
YN.JFN1.,2012,351
YN.JFN1.,2012,352
YN.JFN1.,2013,91
YN.JFN1.,2013,92
YN.JFN1.,2013,93
YN.JFN1.,2013,94
YN.JFN1.,2013,95
YN.JFN1.,2013,121
YN.JFN1.,2013,122
YN.JFN1.,2013,125
YN.JFN1.,2013,126
YN.JFN1.,2013,127
YN.JFN1.,2013,128
YN.JFN1.,2013,152
YN.JFN1.,2013,153
YN.JFN1.,2013,154
YN.JFN1.,2013,155
YN.JFN1.,2013,165
YN.JFN1.,2013,166
YN.JFN1.,2013,167
YN.JFN1.,2013,168
YN.JFN1.,2013,169
YN.JFN1.,2013,170
YN.JFN1.,2013,171
YN.JFN1.,2013,185
YN.JFN1.,2013,186
YN.JFN1.,2013,187
YN.JFN1.,2013,188
YN.JFN1.,2013,214
YN.JFN1.,2013,215
YN.JFN1.,2015,121
YN.JFN1.,2015,122
YN.JFN1.,2015,123
YN.JFN1.,2015,124
YN.JFN1.,2015,315
YN.JFN1.,2015,316
YN.JFN1.,2015,317
YN.JFN1.,2015,318
YN.JFN1.,2015,319
YN.JFN1.,2016,61
YN.JFN1.,2016,62
YN.JFN2.,2011,356
YN.JFN2.,2011,357
YN.JFN2.,2011,358
YN.JFN2.,2011,359
YN.JFN2.,2012,71
YN.JFN2.,2012,72
YN.JFN2.,2012,73
YN.JFN2.,2012,74
YN.JFN2.,2012,75
YN.JFN2.,2012,76
YN.JFN2.,2012,77
YN.JFN2.,2012,131
YN.JFN2.,2012,132
YN.JFN2.,2012,153
YN.JFN2.,2012,154
YN.JFN2.,2012,155
YN.JFN2.,2012,156
YN.JFN2.,2012,157
YN.JFN2.,2012,183
YN.JFN2.,2012,184
YN.JFN2.,2012,191
YN.JFN2.,2012,192
YN.JFN2.,2012,193
YN.JFN2.,2012,194
YN.JFN2.,2012,195
YN.JFN2.,2012,196
YN.JFN2.,2012,197
YN.JFN2.,2012,214
YN.JFN2.,2012,215
YN.JFN2.,2012,216
YN.JFN2.,2012,217
YN.JFN2.,2012,245
YN.JFN2.,2012,246
YN.JFN2.,2012,251
YN.JFN2.,2012,252
YN.JFN2.,2012,311
YN.JFN2.,2012,312
YN.JFN2.,2012,313
YN.JFN2.,2012,314
YN.JFN2.,2012,315
YN.JFN2.,2012,336
YN.JFN2.,2012,337
YN.JFN2.,2012,351
YN.JFN2.,2012,352
YN.JFN2.,2013,60
YN.JFN2.,2013,91
YN.JFN2.,2013,92
YN.JFN2.,2013,93
YN.JFN2.,2013,94
YN.JFN2.,2013,95
YN.JFN2.,2013,121
YN.JFN2.,2013,122
YN.JFN2.,2013,125
YN.JFN2.,2013,126
YN.JFN2.,2013,127
YN.JFN2.,2013,128
YN.JFN2.,2013,152
YN.JFN2.,2013,153
YN.JFN2.,2013,154
YN.JFN2.,2013,155
YN.JFN2.,2013,165
YN.JFN2.,2013,166
YN.JFN2.,2013,167
YN.JFN2.,2013,168
YN.JFN2.,2013,169
YN.JFN2.,2013,170
YN.JFN2.,2013,171
YN.JFN2.,2013,185
YN.JFN2.,2013,186
YN.JFN2.,2013,187
YN.JFN2.,2013,188
YN.JFN2.,2013,213
YN.JFN2.,2013,214
YN.JFN2.,2013,215
YN.JFN2.,2015,121
YN.JFN2.,2015,122
YN.JFN2.,2015,123
YN.JFN2.,2015,124
YN.JFN2.,2015,315
YN.JFN2.,2015,316
YN.JFN2.,2015,317
YN.JFN2.,2015,318
YN.JFN2.,2015,319
YN.JFN2.,2015,320
YN.JFN2.,2015,321
YN.JFN2.,2015,322
YN.JFN2.,2015,323
YN.JFN2.,2015,324
YN.JFN2.,2015,325
YN.JFN2.,2015,326
YN.JFN2.,2015,327
YN.JFN2.,2015,328
YN.JFN2.,2015,329
YN.JFN2.,2015,330
YN.JFN2.,2016,61
YN.JFN2.,2016,62
YN.JFN3.,2011,356
YN.JFN3.,2011,357
YN.JFN3.,2011,358
YN.JFN3.,2011,359
YN.JFN3.,2012,71
YN.JFN3.,2012,72
YN.JFN3.,2012,73
YN.JFN3.,2012,74
YN.JFN3.,2012,75
YN.JFN3.,2012,76
YN.JFN3.,2012,77
YN.JFN3.,2012,131
YN.JFN3.,2012,132
YN.JFN3.,2012,153
YN.JFN3.,2012,154
YN.JFN3.,2012,155
YN.JFN3.,2012,156
YN.JFN3.,2012,157
YN.JFN3.,2012,183
YN.JFN3.,2012,184
YN.JFN3.,2012,191
YN.JFN3.,2012,192
YN.JFN3.,2012,193
YN.JFN3.,2012,194
YN.JFN3.,2012,195
YN.JFN3.,2012,196
YN.JFN3.,2012,197
YN.JFN3.,2012,214
YN.JFN3.,2012,215
YN.JFN3.,2012,216
YN.JFN3.,2012,217
YN.JFN3.,2012,245
YN.JFN3.,2012,246
YN.JFN3.,2012,251
YN.JFN3.,2012,252
YN.JFN3.,2012,311
YN.JFN3.,2012,312
YN.JFN3.,2012,313
YN.JFN3.,2012,314
YN.JFN3.,2012,315
YN.JFN3.,2012,336
YN.JFN3.,2012,337
YN.JFN3.,2012,351
YN.JFN3.,2012,352
YN.JFN3.,2013,91
YN.JFN3.,2013,92
YN.JFN3.,2013,93
YN.JFN3.,2013,94
YN.JFN3.,2013,95
YN.JFN3.,2013,121
YN.JFN3.,2013,122
YN.JFN3.,2013,125
YN.JFN3.,2013,126
YN.JFN3.,2013,127
YN.JFN3.,2013,128
YN.JFN3.,2013,152
YN.JFN3.,2013,153
YN.JFN3.,2013,154
YN.JFN3.,2013,155
YN.JFN3.,2013,165
YN.JFN3.,2013,166
YN.JFN3.,2013,167
YN.JFN3.,2013,168
YN.JFN3.,2013,169
YN.JFN3.,2013,170
YN.JFN3.,2013,171
YN.JFN3.,2013,185
YN.JFN3.,2013,186
YN.JFN3.,2013,187
YN.JFN3.,2013,188
YN.JFN3.,2013,213
YN.JFN3.,2013,214
YN.JFN3.,2013,215
YN.JFN3.,2015,115
YN.JFN3.,2015,116
YN.JFN3.,2015,117
YN.JFN3.,2015,118
YN.JFN3.,2015,119
YN.JFN3.,2015,120
YN.JFN3.,2015,121
YN.JFN3.,2015,122
YN.JFN3.,2015,123
YN.JFN3.,2015,124
YN.JFN3.,2015,125
YN.JFN3.,2015,126
YN.JFN3.,2015,127
YN.JFN3.,2015,128
YN.JFN3.,2015,129
YN.JFN3.,2015,130
YN.JFN3.,2015,315
YN.JFN3.,2015,316
YN.JFN3.,2015,317
YN.JFN3.,2015,318
YN.JFN3.,2015,319
YN.JFN3.,2015,320
YN.JFN3.,2015,321
YN.JFN3.,2015,322
YN.JFN3.,2015,323
YN.JFN3.,2015,324
YN.JFN3.,2015,325
YN.JFN3.,2015,326
YN.JFN3.,2015,327
YN.JFN3.,2015,328
YN.JFN3.,2015,329
YN.JFN3.,2015,330
YN.JFN3.,2016,61
YN.JFN3.,2016,62
YN.JFN4.,2011,356
YN.JFN4.,2011,357
YN.JFN4.,2011,358
YN.JFN4.,2011,359
YN.JFN4.,2012,71
YN.JFN4.,2012,72
YN.JFN4.,2012,73
YN.JFN4.,2012,74
YN.JFN4.,2012,75
YN.JFN4.,2012,76
YN.JFN4.,2012,77
YN.JFN4.,2012,131
YN.JFN4.,2012,132
YN.JFN4.,2012,153
YN.JFN4.,2012,154
YN.JFN4.,2012,155
YN.JFN4.,2012,156
YN.JFN4.,2012,157
YN.JFN4.,2012,183
YN.JFN4.,2012,184
YN.JFN4.,2012,191
YN.JFN4.,2012,192
YN.JFN4.,2012,193
YN.JFN4.,2012,194
YN.JFN4.,2012,195
YN.JFN4.,2012,196
YN.JFN4.,2012,197
YN.JFN4.,2012,214
YN.JFN4.,2012,215
YN.JFN4.,2012,216
YN.JFN4.,2012,217
YN.JFN4.,2012,245
YN.JFN4.,2012,246
YN.JFN4.,2012,251
YN.JFN4.,2012,252
YN.JFN4.,2012,311
YN.JFN4.,2012,312
YN.JFN4.,2012,313
YN.JFN4.,2012,314
YN.JFN4.,2012,315
YN.JFN4.,2012,336
YN.JFN4.,2012,337
YN.JFN4.,2012,351
YN.JFN4.,2012,352
YN.JFN4.,2013,91
YN.JFN4.,2013,92
YN.JFN4.,2013,93
YN.JFN4.,2013,94
YN.JFN4.,2013,95
YN.JFN4.,2013,121
YN.JFN4.,2013,122
YN.JFN4.,2013,125
YN.JFN4.,2013,126
YN.JFN4.,2013,127
YN.JFN4.,2013,128
YN.JFN4.,2013,152
YN.JFN4.,2013,153
YN.JFN4.,2013,154
YN.JFN4.,2013,155
YN.JFN4.,2013,165
YN.JFN4.,2013,166
YN.JFN4.,2013,167
YN.JFN4.,2013,168
YN.JFN4.,2013,169
YN.JFN4.,2013,170
YN.JFN4.,2013,171
YN.JFN4.,2013,185
YN.JFN4.,2013,186
YN.JFN4.,2013,187
YN.JFN4.,2013,188
YN.JFN4.,2013,213
YN.JFN4.,2013,214
YN.JFN4.,2013,215
YN.JFN4.,2015,121
YN.JFN4.,2015,122
YN.JFN4.,2015,123
YN.JFN4.,2015,124
YN.JFN4.,2015,315
YN.JFN4.,2015,316
YN.JFN4.,2015,317
YN.JFN4.,2015,318
YN.JFN4.,2015,319
YN.JFN4.,2016,61
YN.JFN4.,2016,62
YN.JFS1.,2011,356
YN.JFS1.,2011,357
YN.JFS1.,2011,358
YN.JFS1.,2011,359
YN.JFS1.,2012,71
YN.JFS1.,2012,72
YN.JFS1.,2012,73
YN.JFS1.,2012,74
YN.JFS1.,2012,75
YN.JFS1.,2012,76
YN.JFS1.,2012,77
YN.JFS1.,2012,131
YN.JFS1.,2012,132
YN.JFS1.,2012,153
YN.JFS1.,2012,154
YN.JFS1.,2012,155
YN.JFS1.,2012,156
YN.JFS1.,2012,157
YN.JFS1.,2012,183
YN.JFS1.,2012,184
YN.JFS1.,2012,191
YN.JFS1.,2012,192
YN.JFS1.,2012,193
YN.JFS1.,2012,194
YN.JFS1.,2012,195
YN.JFS1.,2012,196
YN.JFS1.,2012,197
YN.JFS1.,2012,214
YN.JFS1.,2012,215
YN.JFS1.,2012,216
YN.JFS1.,2012,217
YN.JFS1.,2012,245
YN.JFS1.,2012,246
YN.JFS1.,2012,251
YN.JFS1.,2012,252
YN.JFS1.,2012,311
YN.JFS1.,2012,312
YN.JFS1.,2012,313
YN.JFS1.,2012,314
YN.JFS1.,2012,336
YN.JFS1.,2012,337
YN.JFS1.,2012,351
YN.JFS1.,2012,352
YN.JFS1.,2013,91
YN.JFS1.,2013,92
YN.JFS1.,2013,93
YN.JFS1.,2013,94
YN.JFS1.,2013,95
YN.JFS1.,2013,121
YN.JFS1.,2013,122
YN.JFS1.,2013,125
YN.JFS1.,2013,126
YN.JFS1.,2013,127
YN.JFS1.,2013,128
YN.JFS1.,2013,152
YN.JFS1.,2013,153
YN.JFS1.,2013,154
YN.JFS1.,2013,155
YN.JFS1.,2013,165
YN.JFS1.,2013,166
YN.JFS1.,2013,167
YN.JFS1.,2013,168
YN.JFS1.,2013,169
YN.JFS1.,2013,170
YN.JFS1.,2013,185
YN.JFS1.,2013,186
YN.JFS1.,2013,187
YN.JFS1.,2013,188
YN.JFS1.,2013,213
YN.JFS1.,2013,214
YN.JFS1.,2013,215
YN.JFS1.,2015,121
YN.JFS1.,2015,122
YN.JFS1.,2015,123
YN.JFS1.,2015,124
YN.JFS1.,2015,315
YN.JFS1.,2015,316
YN.JFS1.,2015,317
YN.JFS1.,2015,318
YN.JFS1.,2015,319
YN.JFS1.,2016,61
YN.JFS1.,2016,62
YN.JFS2.,2011,356
YN.JFS2.,2011,357
YN.JFS2.,2011,358
YN.JFS2.,2012,71
YN.JFS2.,2012,72
YN.JFS2.,2012,73
YN.JFS2.,2012,74
YN.JFS2.,2012,75
YN.JFS2.,2012,76
YN.JFS2.,2012,77
YN.JFS2.,2012,131
YN.JFS2.,2012,132
YN.JFS2.,2012,153
YN.JFS2.,2012,154
YN.JFS2.,2012,155
YN.JFS2.,2012,156
YN.JFS2.,2012,157
YN.JFS2.,2012,183
YN.JFS2.,2012,184
YN.JFS2.,2012,191
YN.JFS2.,2012,192
YN.JFS2.,2012,193
YN.JFS2.,2012,194
YN.JFS2.,2012,195
YN.JFS2.,2012,196
YN.JFS2.,2012,197
YN.JFS2.,2012,214
YN.JFS2.,2012,215
YN.JFS2.,2012,216
YN.JFS2.,2012,217
YN.JFS2.,2012,245
YN.JFS2.,2012,246
YN.JFS2.,2012,251
YN.JFS2.,2012,252
YN.JFS2.,2012,311
YN.JFS2.,2012,312
YN.JFS2.,2012,313
YN.JFS2.,2012,314
YN.JFS2.,2012,336
YN.JFS2.,2012,337
YN.JFS2.,2012,351
YN.JFS2.,2012,352
YN.JFS2.,2013,91
YN.JFS2.,2013,92
YN.JFS2.,2013,93
YN.JFS2.,2013,94
YN.JFS2.,2013,95
YN.JFS2.,2013,121
YN.JFS2.,2013,122
YN.JFS2.,2013,125
YN.JFS2.,2013,126
YN.JFS2.,2013,127
YN.JFS2.,2013,128
YN.JFS2.,2013,152
YN.JFS2.,2013,153
YN.JFS2.,2013,154
YN.JFS2.,2013,155
YN.JFS2.,2013,165
YN.JFS2.,2013,166
YN.JFS2.,2013,167
YN.JFS2.,2013,168
YN.JFS2.,2013,169
YN.JFS2.,2013,170
YN.JFS2.,2013,185
YN.JFS2.,2013,186
YN.JFS2.,2013,187
YN.JFS2.,2013,188
YN.JFS2.,2013,213
YN.JFS2.,2013,214
YN.JFS2.,2013,215
YN.JFS2.,2015,121
YN.JFS2.,2015,122
YN.JFS2.,2015,123
YN.JFS2.,2015,124
YN.JFS2.,2015,315
YN.JFS2.,2015,316
YN.JFS2.,2015,317
YN.JFS2.,2015,318
YN.JFS2.,2015,319
YN.JFS2.,2016,61
YN.JFS2.,2016,62
YN.JFS3.,2011,356
YN.JFS3.,2011,357
YN.JFS3.,2011,358
YN.JFS3.,2012,71
YN.JFS3.,2012,72
YN.JFS3.,2012,73
YN.JFS3.,2012,74
YN.JFS3.,2012,75
YN.JFS3.,2012,76
YN.JFS3.,2012,77
YN.JFS3.,2012,131
YN.JFS3.,2012,132
YN.JFS3.,2012,153
YN.JFS3.,2012,154
YN.JFS3.,2012,155
YN.JFS3.,2012,156
YN.JFS3.,2012,157
YN.JFS3.,2012,183
YN.JFS3.,2012,184
YN.JFS3.,2012,191
YN.JFS3.,2012,192
YN.JFS3.,2012,193
YN.JFS3.,2012,194
YN.JFS3.,2012,195
YN.JFS3.,2012,196
YN.JFS3.,2012,197
YN.JFS3.,2012,214
YN.JFS3.,2012,215
YN.JFS3.,2012,216
YN.JFS3.,2012,217
YN.JFS3.,2012,245
YN.JFS3.,2012,246
YN.JFS3.,2012,251
YN.JFS3.,2012,252
YN.JFS3.,2012,311
YN.JFS3.,2012,312
YN.JFS3.,2012,313
YN.JFS3.,2012,314
YN.JFS3.,2012,336
YN.JFS3.,2012,337
YN.JFS3.,2012,351
YN.JFS3.,2012,352
YN.JFS3.,2013,91
YN.JFS3.,2013,92
YN.JFS3.,2013,93
YN.JFS3.,2013,94
YN.JFS3.,2013,95
YN.JFS3.,2013,121
YN.JFS3.,2013,125
YN.JFS3.,2013,126
YN.JFS3.,2013,127
YN.JFS3.,2013,128
YN.JFS3.,2013,152
YN.JFS3.,2013,153
YN.JFS3.,2013,154
YN.JFS3.,2013,155
YN.JFS3.,2013,165
YN.JFS3.,2013,166
YN.JFS3.,2013,167
YN.JFS3.,2013,168
YN.JFS3.,2013,169
YN.JFS3.,2013,170
YN.JFS3.,2013,185
YN.JFS3.,2013,186
YN.JFS3.,2013,187
YN.JFS3.,2013,188
YN.JFS3.,2013,213
YN.JFS3.,2013,214
YN.JFS3.,2013,215
YN.JFS3.,2015,121
YN.JFS3.,2015,122
YN.JFS3.,2015,123
YN.JFS3.,2015,124
YN.JFS3.,2015,315
YN.JFS3.,2015,316
YN.JFS3.,2015,317
YN.JFS3.,2015,318
YN.JFS3.,2015,319
YN.JFS3.,2016,61
YN.JFS3.,2016,62
YN.JFS4.,2011,356
YN.JFS4.,2011,357
YN.JFS4.,2011,358
YN.JFS4.,2012,71
YN.JFS4.,2012,72
YN.JFS4.,2012,73
YN.JFS4.,2012,74
YN.JFS4.,2012,75
YN.JFS4.,2012,76
YN.JFS4.,2012,77
YN.JFS4.,2012,131
YN.JFS4.,2012,132
YN.JFS4.,2012,153
YN.JFS4.,2012,154
YN.JFS4.,2012,155
YN.JFS4.,2012,156
YN.JFS4.,2012,157
YN.JFS4.,2012,183
YN.JFS4.,2012,184
YN.JFS4.,2012,191
YN.JFS4.,2012,192
YN.JFS4.,2012,193
YN.JFS4.,2012,194
YN.JFS4.,2012,195
YN.JFS4.,2012,196
YN.JFS4.,2012,197
YN.JFS4.,2012,214
YN.JFS4.,2012,215
YN.JFS4.,2012,216
YN.JFS4.,2012,217
YN.JFS4.,2012,245
YN.JFS4.,2012,246
YN.JFS4.,2012,251
YN.JFS4.,2012,252
YN.JFS4.,2012,311
YN.JFS4.,2012,312
YN.JFS4.,2012,313
YN.JFS4.,2012,314
YN.JFS4.,2012,336
YN.JFS4.,2012,337
YN.JFS4.,2012,351
YN.JFS4.,2012,352
YN.JFS4.,2013,91
YN.JFS4.,2013,92
YN.JFS4.,2013,93
YN.JFS4.,2013,94
YN.JFS4.,2013,95
YN.JFS4.,2013,121
YN.JFS4.,2013,125
YN.JFS4.,2013,126
YN.JFS4.,2013,127
YN.JFS4.,2013,128
YN.JFS4.,2013,152
YN.JFS4.,2013,153
YN.JFS4.,2013,154
YN.JFS4.,2013,155
YN.JFS4.,2013,165
YN.JFS4.,2013,166
YN.JFS4.,2013,167
YN.JFS4.,2013,168
YN.JFS4.,2013,169
YN.JFS4.,2013,170
YN.JFS4.,2013,185
YN.JFS4.,2013,186
YN.JFS4.,2013,187
YN.JFS4.,2013,188
YN.JFS4.,2013,213
YN.JFS4.,2013,214
YN.JFS4.,2013,215
YN.JFS4.,2015,121
YN.JFS4.,2015,122
YN.JFS4.,2015,123
YN.JFS4.,2015,124
YN.JFS4.,2015,315
YN.JFS4.,2015,316
YN.JFS4.,2015,317
YN.JFS4.,2015,318
YN.JFS4.,2015,319
YN.JFS4.,2016,61
YN.JFS4.,2016,62
YN.JORD.,2011,356
YN.JORD.,2011,357
YN.JORD.,2011,358
YN.JORD.,2012,71
YN.JORD.,2012,72
YN.JORD.,2012,73
YN.JORD.,2012,74
YN.JORD.,2012,75
YN.JORD.,2012,76
YN.JORD.,2012,77
YN.JORD.,2012,131
YN.JORD.,2012,132
YN.JORD.,2012,153
YN.JORD.,2012,154
YN.JORD.,2012,155
YN.JORD.,2012,156
YN.JORD.,2012,157
YN.JORD.,2012,183
YN.JORD.,2012,184
YN.JORD.,2012,191
YN.JORD.,2012,192
YN.JORD.,2012,193
YN.JORD.,2012,194
YN.JORD.,2012,195
YN.JORD.,2012,196
YN.JORD.,2012,197
YN.JORD.,2012,214
YN.JORD.,2012,215
YN.JORD.,2012,216
YN.JORD.,2012,217
YN.JORD.,2012,245
YN.JORD.,2012,246
YN.JORD.,2012,251
YN.JORD.,2012,252
YN.JORD.,2012,311
YN.JORD.,2012,312
YN.JORD.,2012,313
YN.JORD.,2012,314
YN.JORD.,2012,336
YN.JORD.,2012,337
YN.JORD.,2012,351
YN.JORD.,2012,352
YN.JORD.,2013,91
YN.JORD.,2013,92
YN.JORD.,2013,93
YN.JORD.,2013,94
YN.JORD.,2013,95
YN.JORD.,2013,121
YN.JORD.,2013,125
YN.JORD.,2013,126
YN.JORD.,2013,127
YN.JORD.,2013,128
YN.JORD.,2013,152
YN.JORD.,2013,153
YN.JORD.,2013,154
YN.JORD.,2013,155
YN.JORD.,2013,165
YN.JORD.,2013,166
YN.JORD.,2013,167
YN.JORD.,2013,168
YN.JORD.,2013,169
YN.JORD.,2013,170
YN.JORD.,2013,185
YN.JORD.,2013,186
YN.JORD.,2013,187
YN.JORD.,2013,188
YN.JORD.,2013,213
YN.JORD.,2013,214
YN.JORD.,2013,215
YN.JORD.,2015,115
YN.JORD.,2015,116
YN.JORD.,2015,117
YN.JORD.,2015,118
YN.JORD.,2015,119
YN.JORD.,2015,120
YN.JORD.,2015,121
YN.JORD.,2015,122
YN.JORD.,2015,123
YN.JORD.,2015,124
YN.JORD.,2015,125
YN.JORD.,2015,126
YN.JORD.,2015,127
YN.JORD.,2015,128
YN.JORD.,2015,129
YN.JORD.,2015,130
YN.JORD.,2015,315
YN.JORD.,2015,316
YN.JORD.,2015,317
YN.JORD.,2015,318
YN.JORD.,2015,319
YN.JORD.,2016,61
YN.JORD.,2016,62
YN.JORD.,2016,336
YN.JORD.,2016,337
YN.KLCI.,2012,339
YN.KLCI.,2012,340
YN.KLCI.,2012,341
YN.KLCI.,2012,342
YN.KLCI.,2012,351
YN.KLCI.,2012,352
YN.KLCI.,2013,91
YN.KLCI.,2013,92
YN.KLCI.,2013,93
YN.KLCI.,2013,94
YN.KLCI.,2013,95
YN.KLCI.,2013,121
YN.KLCI.,2013,125
YN.KLCI.,2013,126
YN.KLCI.,2013,127
YN.KLCI.,2013,128
YN.KLCI.,2013,152
YN.KLCI.,2013,153
YN.KLCI.,2013,154
YN.KLCI.,2013,155
YN.KLCI.,2013,165
YN.KLCI.,2013,166
YN.KLCI.,2013,167
YN.KLCI.,2013,168
YN.KLCI.,2013,169
YN.KLCI.,2013,170
YN.KLCI.,2013,185
YN.KLCI.,2013,186
YN.KLCI.,2013,187
YN.KLCI.,2013,188
YN.KLCI.,2013,213
YN.KLCI.,2013,214
YN.KLCI.,2013,215
YN.PRAN.,2012,171
YN.PRAN.,2012,172
YN.PRAN.,2012,173
YN.PRAN.,2012,174
YN.PRAN.,2012,175
YN.PRAN.,2012,176
YN.PRAN.,2012,177
YN.PRAN.,2012,178
YN.PRAN.,2012,179
YN.PRAN.,2012,180
YN.PRAN.,2012,181
YN.PRAN.,2012,182
YN.PRAN.,2012,271
YN.PRAN.,2012,272
YN.PRAN.,2012,273
YN.PRAN.,2012,274
YN.PRAN.,2012,275
YN.PRAN.,2012,276
YN.PRAN.,2012,277
YN.PRAN.,2012,278
YN.PRAN.,2012,279
YN.PRAN.,2012,280
YN.PRAN.,2012,336
YN.PRAN.,2012,337
YN.PRAN.,2012,338
YN.PRAN.,2012,339
YN.PRAN.,2013,32
YN.PRAN.,2013,33
YN.PRAN.,2013,85
YN.PRAN.,2013,86
YN.PRAN.,2013,265
YN.PRAN.,2013,266
YN.PRAN.,2014,1
YN.PRAN.,2014,2
YN.PRAN.,2014,3
YN.PRAN.,2014,4
YN.PRAN.,2014,5
YN.PRAN.,2014,20
YN.PRAN.,2014,21
YN.PRAN.,2014,22
YN.PRAN.,2014,23
YN.PRAN.,2014,24
YN.PRAN.,2014,25
YN.PRAN.,2014,26
YN.PRAN.,2014,27
YN.PRAN.,2014,28
YN.PRAN.,2014,29
YN.PRAN.,2014,30
YN.PRAN.,2014,31
YN.PRAN.,2014,32
YN.PRAN.,2014,33
YN.PRAN.,2014,34
YN.PRAN.,2014,120
YN.PRAN.,2014,121
YN.PRAN.,2014,220
YN.PRAN.,2014,221
YN.PRAN.,2014,222
YN.PRAN.,2014,223
YN.PRAN.,2014,224
YN.PRAN.,2014,225
YN.PRAN.,2014,226
YN.PRAN.,2014,227
YN.PRAN.,2014,228
YN.PRAN.,2014,229
YN.PRAN.,2014,230
YN.PRAN.,2014,231
YN.PRAN.,2014,232
YN.PRAN.,2014,240
YN.PRAN.,2014,241
YN.PRAN.,2014,242
YN.PRAN.,2014,243
YN.PRAN.,2014,244
YN.PRAN.,2014,245
YN.PRAN.,2014,246
YN.PRAN.,2014,247
YN.PRAN.,2014,248
YN.PRAN.,2014,249
YN.PRAN.,2015,55
YN.PRAN.,2015,56
YN.PRAN.,2015,57
YN.PRAN.,2015,58
YN.PRAN.,2015,95
YN.PRAN.,2015,96
YN.PRAN.,2015,97
YN.PRAN.,2015,98
YN.PRAN.,2015,99
YN.PRAN.,2015,100
YN.PRAN.,2015,101
YN.PRAN.,2015,102
YN.PRAN.,2015,103
YN.PRAN.,2015,104
YN.PRAN.,2015,105
YN.PRAN.,2015,106
YN.PRAN.,2015,107
YN.PRAN.,2015,335
YN.PRAN.,2015,336
YN.PRAN.,2015,337
YN.PRAN.,2015,338
YN.PRAN.,2015,339
YN.PRAN.,2015,340
YN.PRAN.,2015,341
YN.PRAN.,2015,342
YN.PRAN.,2015,343
YN.PRAN.,2015,344
YN.PRAN.,2015,345
YN.PRAN.,2015,346
YN.PRAN.,2016,150
YN.PRAN.,2016,151
YN.PRAN.,2016,152
YN.PRAN.,2016,153
YN.PRAN.,2016,154
YN.PRAN.,2016,155
YN.PRAN.,2016,156
YN.PRAN.,2016,157
YN.PRAN.,2016,158
YN.PRAN.,2016,159
YN.PRAN.,2016,160
YN.PRAN.,2016,161
YN.PRAN.,2016,162
YN.PRAN.,2016,163
YN.PRAN.,2016,164
YN.PRAN.,2016,165
YN.PRAN.,2016,166
YN.PRAN.,2016,167
YN.PRAN.,2017,4
YN.PRAN.,2017,5
YN.PRAN.,2017,6
YN.PRAN.,2017,7
YN.PRAN.,2017,8
YN.PRAN.,2017,9
YN.PRAN.,2017,10
YN.PRAN.,2017,11
YN.PRAN.,2017,12
YN.PRAN.,2017,13
YN.PRAN.,2017,14
YN.PRAN.,2017,15
YN.PRAN.,2018,259
YN.PRAN.,2018,260
YN.PRAN.,2018,261
YN.PRAN.,2018,262
YN.PRAN.,2018,263
YN.PRAN.,2018,264
YN.PRAN.,2018,265
YN.PRAN.,2018,266
YN.PRAN.,2018,267
YN.PRAN.,2018,268
YN.PRAN.,2018,269
YN.PRAN.,2018,270
YN.PRAN.,2018,271
YN.PRAN.,2018,272
YN.PRAN.,2018,273
YN.PRAN.,2018,274
YN.PRAN.,2018,275
YN.PRAN.,2018,276
YN.PSPR.,2012,171
YN.PSPR.,2012,172
YN.PSPR.,2012,173
YN.PSPR.,2012,174
YN.PSPR.,2012,175
YN.PSPR.,2012,176
YN.PSPR.,2012,177
YN.PSPR.,2012,178
YN.PSPR.,2012,179
YN.PSPR.,2012,180
YN.PSPR.,2012,181
YN.PSPR.,2012,182
YN.PSPR.,2012,275
YN.PSPR.,2012,276
YN.PSPR.,2012,277
YN.PSPR.,2012,278
YN.PSPR.,2012,336
YN.PSPR.,2012,337
YN.PSPR.,2012,338
YN.PSPR.,2012,339
YN.PSPR.,2013,32
YN.PSPR.,2013,33
YN.PSPR.,2013,85
YN.PSPR.,2013,86
YN.PSPR.,2013,265
YN.PSPR.,2013,266
YN.PSPR.,2014,1
YN.PSPR.,2014,2
YN.PSPR.,2014,3
YN.PSPR.,2014,4
YN.PSPR.,2014,5
YN.PSPR.,2014,32
YN.PSPR.,2014,33
YN.PSPR.,2014,34
YN.PSPR.,2014,121
YN.PSPR.,2014,220
YN.PSPR.,2014,221
YN.PSPR.,2014,222
YN.PSPR.,2014,223
YN.PSPR.,2014,224
YN.PSPR.,2014,225
YN.PSPR.,2014,226
YN.PSPR.,2014,227
YN.PSPR.,2014,244
YN.PSPR.,2014,245
YN.PSPR.,2014,246
YN.PSPR.,2014,247
YN.PSPR.,2014,248
YN.PSPR.,2014,249
YN.PSPR.,2015,55
YN.PSPR.,2015,56
YN.PSPR.,2015,95
YN.PSPR.,2015,96
YN.PSPR.,2015,97
YN.PSPR.,2015,98
YN.PSPR.,2015,99
YN.PSPR.,2015,100
YN.PSPR.,2015,101
YN.PSPR.,2015,102
YN.PSPR.,2015,335
YN.PSPR.,2015,336
YN.PSPR.,2015,337
YN.PSPR.,2015,338
YN.PSPR.,2015,339
YN.PSPR.,2015,340
YN.PSPR.,2015,341
YN.PSPR.,2015,342
YN.PSPR.,2015,343
YN.PSPR.,2015,344
YN.PSPR.,2016,153
YN.PSPR.,2016,154
YN.PSPR.,2016,155
YN.PSPR.,2017,4
YN.PSPR.,2017,5
YN.PSPR.,2017,6
YN.PSPR.,2017,7
YN.PSPR.,2017,8
YN.PSPR.,2017,9
YN.PSPR.,2017,10
YN.PSPR.,2017,11
YN.PSPR.,2017,12
YN.PSPR.,2017,13
YN.PSPR.,2017,14
YN.PSPR.,2018,274
YN.PSPR.,2018,275
YN.PSPR.,2018,276
YN.PSPR.,2020,89
YN.PSPR.,2020,90
YN.PSPR.,2020,91
YN.PSPR.,2020,92
YN.PSPR.,2020,93
YN.PSPR.,2020,94
YN.PSPR.,2020,95
YN.RA01.,2012,275
YN.RA01.,2012,276
YN.RA01.,2012,277
YN.RA01.,2012,278
YN.RA01.,2012,336
YN.RA01.,2012,337
YN.RA01.,2012,338
YN.RA01.,2012,339
YN.RA01.,2013,32
YN.RA01.,2013,33
YN.RA01.,2013,85
YN.RA01.,2013,86
YN.RA01.,2013,265
YN.RA01.,2013,266
YN.RA01.,2014,1
YN.RA01.,2014,2
YN.RA01.,2014,3
YN.RA01.,2014,4
YN.RA01.,2014,5
YN.RA01.,2014,32
YN.RA01.,2014,33
YN.RA01.,2014,34
YN.RA01.,2014,121
YN.RA01.,2014,220
YN.RA01.,2014,221
YN.RA01.,2014,222
YN.RA01.,2014,223
YN.RA01.,2014,224
YN.RA01.,2014,225
YN.RA01.,2014,226
YN.RA01.,2014,227
YN.RA01.,2014,244
YN.RA01.,2014,245
YN.RA01.,2014,246
YN.RA01.,2014,247
YN.RA01.,2014,248
YN.RA01.,2014,249
YN.RA01.,2015,55
YN.RA01.,2015,56
YN.RA01.,2015,95
YN.RA01.,2015,96
YN.RA01.,2015,97
YN.RA01.,2015,98
YN.RA01.,2015,99
YN.RA01.,2015,100
YN.RA01.,2015,101
YN.RA01.,2015,102
YN.RA01.,2015,335
YN.RA01.,2015,336
YN.RA01.,2015,337
YN.RA01.,2015,338
YN.RA01.,2015,339
YN.RA01.,2015,340
YN.RA01.,2015,341
YN.RA01.,2015,342
YN.RA01.,2015,343
YN.RA01.,2015,344
YN.RA01.,2016,153
YN.RA01.,2016,154
YN.RA01.,2016,155
YN.RA01.,2017,4
YN.RA01.,2017,5
YN.RA01.,2017,6
YN.RA01.,2017,7
YN.RA01.,2017,8
YN.RA01.,2017,9
YN.RA01.,2017,10
YN.RA01.,2017,11
YN.RA01.,2017,12
YN.RA01.,2017,13
YN.RA01.,2018,274
YN.RA01.,2018,275
YN.RA01.,2020,89
YN.RA01.,2020,90
YN.RA01.,2020,91
YN.RA01.,2020,92
YN.RA01.,2020,93
YN.RA01.,2020,94
YN.RA01.,2020,95
YN.RA01.,2024,32
YN.RA01.,2024,33
YN.RA01.,2024,34
YN.RA01.,2024,35
YN.RA01.,2024,168
YN.RA01.,2024,169
YN.RA01.,2024,170
YN.RA01.,2024,171
YN.RA01.,2024,177
YN.RA01.,2024,178
YN.RA01.,2024,179
YN.RA02.,2012,275
YN.RA02.,2012,276
YN.RA02.,2012,277
YN.RA02.,2012,278
YN.RA02.,2012,336
YN.RA02.,2012,337
YN.RA02.,2012,338
YN.RA02.,2012,339
YN.RA02.,2013,32
YN.RA02.,2013,33
YN.RA02.,2013,85
YN.RA02.,2013,86
YN.RA02.,2013,265
YN.RA02.,2013,266
YN.RA02.,2014,1
YN.RA02.,2014,2
YN.RA02.,2014,3
YN.RA02.,2014,4
YN.RA02.,2014,5
YN.RA02.,2014,32
YN.RA02.,2014,33
YN.RA02.,2014,34
YN.RA02.,2014,121
YN.RA02.,2014,220
YN.RA02.,2014,221
YN.RA02.,2014,222
YN.RA02.,2014,223
YN.RA02.,2014,224
YN.RA02.,2014,225
YN.RA02.,2014,226
YN.RA02.,2014,227
YN.RA02.,2014,244
YN.RA02.,2014,245
YN.RA02.,2014,246
YN.RA02.,2014,247
YN.RA02.,2014,248
YN.RA02.,2015,55
YN.RA02.,2015,56
YN.RA02.,2015,95
YN.RA02.,2015,96
YN.RA02.,2015,97
YN.RA02.,2015,98
YN.RA02.,2015,99
YN.RA02.,2015,100
YN.RA02.,2015,101
YN.RA02.,2015,102
YN.RA02.,2015,335
YN.RA02.,2015,336
YN.RA02.,2015,337
YN.RA02.,2015,338
YN.RA02.,2015,339
YN.RA02.,2015,340
YN.RA02.,2015,341
YN.RA02.,2015,342
YN.RA02.,2015,343
YN.RA02.,2015,344
YN.RA02.,2016,153
YN.RA02.,2016,154
YN.RA02.,2016,155
YN.RA02.,2017,4
YN.RA02.,2017,5
YN.RA02.,2017,6
YN.RA02.,2017,7
YN.RA02.,2017,8
YN.RA02.,2017,9
YN.RA02.,2017,10
YN.RA02.,2017,11
YN.RA02.,2017,12
YN.RA02.,2017,13
YN.RA02.,2018,274
YN.RA02.,2018,275
YN.RA02.,2020,89
YN.RA02.,2020,90
YN.RA02.,2020,91
YN.RA02.,2020,92
YN.RA02.,2020,93
YN.RA02.,2020,94
YN.RA02.,2020,95
YN.RA02.,2024,32
YN.RA02.,2024,33
YN.RA02.,2024,34
YN.RA02.,2024,35
YN.RA02.,2024,168
YN.RA02.,2024,169
YN.RA02.,2024,170
YN.RA02.,2024,171
YN.RA02.,2024,178
YN.RA02.,2024,179
YN.RA03.,2012,275
YN.RA03.,2012,276
YN.RA03.,2012,277
YN.RA03.,2012,278
YN.RA03.,2012,336
YN.RA03.,2012,337
YN.RA03.,2012,338
YN.RA03.,2012,339
YN.RA03.,2013,32
YN.RA03.,2013,33
YN.RA03.,2013,85
YN.RA03.,2013,86
YN.RA03.,2013,265
YN.RA03.,2013,266
YN.RA03.,2014,1
YN.RA03.,2014,2
YN.RA03.,2014,3
YN.RA03.,2014,4
YN.RA03.,2014,5
YN.RA03.,2014,32
YN.RA03.,2014,33
YN.RA03.,2014,34
YN.RA03.,2014,121
YN.RA03.,2014,220
YN.RA03.,2014,221
YN.RA03.,2014,222
YN.RA03.,2014,223
YN.RA03.,2014,224
YN.RA03.,2014,225
YN.RA03.,2014,226
YN.RA03.,2014,227
YN.RA03.,2014,244
YN.RA03.,2014,245
YN.RA03.,2014,246
YN.RA03.,2014,247
YN.RA03.,2014,248
YN.RA03.,2015,55
YN.RA03.,2015,56
YN.RA03.,2015,95
YN.RA03.,2015,96
YN.RA03.,2015,97
YN.RA03.,2015,98
YN.RA03.,2015,99
YN.RA03.,2015,100
YN.RA03.,2015,101
YN.RA03.,2015,102
YN.RA03.,2015,335
YN.RA03.,2015,336
YN.RA03.,2015,337
YN.RA03.,2015,338
YN.RA03.,2015,339
YN.RA03.,2015,340
YN.RA03.,2015,341
YN.RA03.,2015,342
YN.RA03.,2015,343
YN.RA03.,2015,344
YN.RA03.,2016,153
YN.RA03.,2016,154
YN.RA03.,2016,155
YN.RA03.,2017,4
YN.RA03.,2017,5
YN.RA03.,2017,6
YN.RA03.,2017,7
YN.RA03.,2017,8
YN.RA03.,2017,9
YN.RA03.,2017,10
YN.RA03.,2017,11
YN.RA03.,2017,12
YN.RA03.,2017,13
YN.RA03.,2018,274
YN.RA03.,2018,275
YN.RA03.,2020,89
YN.RA03.,2020,90
YN.RA03.,2020,91
YN.RA03.,2020,92
YN.RA03.,2020,93
YN.RA03.,2020,94
YN.RA03.,2020,95
YN.RA03.,2024,28
YN.RA03.,2024,29
YN.RA03.,2024,30
YN.RA03.,2024,31
YN.RA03.,2024,32
YN.RA03.,2024,33
YN.RA03.,2024,34
YN.RA03.,2024,35
YN.RA03.,2024,168
YN.RA03.,2024,169
YN.RA03.,2024,170
YN.RA03.,2024,171
YN.RA03.,2024,172
YN.RA03.,2024,173
YN.RA03.,2024,174
YN.RA03.,2024,175
YN.RA03.,2024,176
YN.RA03.,2024,177
YN.RA03.,2024,178
YN.RA03.,2024,179
YN.RA03.,2024,180
YN.RA04.,2012,275
YN.RA04.,2012,276
YN.RA04.,2012,277
YN.RA04.,2012,278
YN.RA04.,2012,336
YN.RA04.,2012,337
YN.RA04.,2012,338
YN.RA04.,2012,339
YN.RA04.,2013,32
YN.RA04.,2013,33
YN.RA04.,2013,85
YN.RA04.,2013,86
YN.RA04.,2013,265
YN.RA04.,2013,266
YN.RA04.,2014,1
YN.RA04.,2014,2
YN.RA04.,2014,3
YN.RA04.,2014,4
YN.RA04.,2014,32
YN.RA04.,2014,33
YN.RA04.,2014,34
YN.RA04.,2014,121
YN.RA04.,2014,220
YN.RA04.,2014,221
YN.RA04.,2014,222
YN.RA04.,2014,223
YN.RA04.,2014,224
YN.RA04.,2014,225
YN.RA04.,2014,226
YN.RA04.,2014,227
YN.RA04.,2014,244
YN.RA04.,2014,245
YN.RA04.,2014,246
YN.RA04.,2014,247
YN.RA04.,2014,248
YN.RA04.,2015,55
YN.RA04.,2015,56
YN.RA04.,2015,95
YN.RA04.,2015,96
YN.RA04.,2015,97
YN.RA04.,2015,98
YN.RA04.,2015,99
YN.RA04.,2015,100
YN.RA04.,2015,101
YN.RA04.,2015,102
YN.RA04.,2015,335
YN.RA04.,2015,336
YN.RA04.,2015,337
YN.RA04.,2015,338
YN.RA04.,2015,339
YN.RA04.,2015,340
YN.RA04.,2015,341
YN.RA04.,2015,342
YN.RA04.,2015,343
YN.RA04.,2015,344
YN.RA04.,2016,153
YN.RA04.,2016,154
YN.RA04.,2016,155
YN.RA04.,2017,4
YN.RA04.,2017,5
YN.RA04.,2017,6
YN.RA04.,2017,7
YN.RA04.,2017,8
YN.RA04.,2017,9
YN.RA04.,2017,10
YN.RA04.,2017,11
YN.RA04.,2017,12
YN.RA04.,2017,13
YN.RA04.,2018,274
YN.RA04.,2018,275
YN.RA04.,2020,89
YN.RA04.,2020,90
YN.RA04.,2020,91
YN.RA04.,2020,92
YN.RA04.,2020,93
YN.RA04.,2020,94
YN.RA04.,2020,95
YN.RA04.,2024,28
YN.RA04.,2024,29
YN.RA04.,2024,30
YN.RA04.,2024,31
YN.RA04.,2024,32
YN.RA04.,2024,33
YN.RA04.,2024,34
YN.RA04.,2024,35
YN.RA04.,2024,168
YN.RA04.,2024,169
YN.RA04.,2024,170
YN.RA04.,2024,171
YN.RA04.,2024,172
YN.RA04.,2024,173
YN.RA04.,2024,174
YN.RA04.,2024,175
YN.RA04.,2024,176
YN.RA04.,2024,177
YN.RA04.,2024,178
YN.RA04.,2024,179
YN.RA04.,2024,180
YN.RA05.,2012,275
YN.RA05.,2012,276
YN.RA05.,2012,277
YN.RA05.,2012,278
YN.RA05.,2012,336
YN.RA05.,2012,337
YN.RA05.,2012,338
YN.RA05.,2012,339
YN.RA05.,2013,32
YN.RA05.,2013,33
YN.RA05.,2013,85
YN.RA05.,2013,86
YN.RA05.,2013,265
YN.RA05.,2013,266
YN.RA05.,2014,1
YN.RA05.,2014,2
YN.RA05.,2014,3
YN.RA05.,2014,4
YN.RA05.,2014,32
YN.RA05.,2014,33
YN.RA05.,2014,34
YN.RA05.,2014,121
YN.RA05.,2014,220
YN.RA05.,2014,221
YN.RA05.,2014,222
YN.RA05.,2014,223
YN.RA05.,2014,224
YN.RA05.,2014,225
YN.RA05.,2014,226
YN.RA05.,2014,227
YN.RA05.,2014,244
YN.RA05.,2014,245
YN.RA05.,2014,246
YN.RA05.,2014,247
YN.RA05.,2014,248
YN.RA05.,2015,55
YN.RA05.,2015,56
YN.RA05.,2015,95
YN.RA05.,2015,96
YN.RA05.,2015,97
YN.RA05.,2015,98
YN.RA05.,2015,99
YN.RA05.,2015,100
YN.RA05.,2015,101
YN.RA05.,2015,102
YN.RA05.,2015,335
YN.RA05.,2015,336
YN.RA05.,2015,337
YN.RA05.,2015,338
YN.RA05.,2015,339
YN.RA05.,2015,340
YN.RA05.,2015,341
YN.RA05.,2015,342
YN.RA05.,2015,343
YN.RA05.,2015,344
YN.RA05.,2016,153
YN.RA05.,2016,154
YN.RA05.,2016,155
YN.RA05.,2017,4
YN.RA05.,2017,5
YN.RA05.,2017,6
YN.RA05.,2017,7
YN.RA05.,2017,8
YN.RA05.,2017,9
YN.RA05.,2017,10
YN.RA05.,2017,11
YN.RA05.,2017,12
YN.RA05.,2017,13
YN.RA05.,2018,274
YN.RA05.,2018,275
YN.RA05.,2020,89
YN.RA05.,2020,90
YN.RA05.,2020,91
YN.RA05.,2020,92
YN.RA05.,2020,93
YN.RA05.,2020,94
YN.RA05.,2020,95
YN.RA05.,2024,32
YN.RA05.,2024,33
YN.RA05.,2024,34
YN.RA05.,2024,35
YN.RA05.,2024,168
YN.RA05.,2024,169
YN.RA05.,2024,170
YN.RA05.,2024,171
YN.RA05.,2024,177
YN.RA05.,2024,178
YN.RA05.,2024,179
YN.RA06.,2012,273
YN.RA06.,2012,274
YN.RA06.,2012,275
YN.RA06.,2012,276
YN.RA06.,2012,277
YN.RA06.,2012,278
YN.RA06.,2012,336
YN.RA06.,2012,337
YN.RA06.,2012,338
YN.RA06.,2012,339
YN.RA06.,2013,32
YN.RA06.,2013,33
YN.RA06.,2013,85
YN.RA06.,2013,86
YN.RA06.,2013,265
YN.RA06.,2013,266
YN.RA06.,2014,1
YN.RA06.,2014,2
YN.RA06.,2014,3
YN.RA06.,2014,4
YN.RA06.,2014,32
YN.RA06.,2014,33
YN.RA06.,2014,34
YN.RA06.,2014,121
YN.RA06.,2014,220
YN.RA06.,2014,221
YN.RA06.,2014,222
YN.RA06.,2014,223
YN.RA06.,2014,224
YN.RA06.,2014,225
YN.RA06.,2014,226
YN.RA06.,2014,244
YN.RA06.,2014,245
YN.RA06.,2014,246
YN.RA06.,2014,247
YN.RA06.,2014,248
YN.RA06.,2015,55
YN.RA06.,2015,56
YN.RA06.,2015,95
YN.RA06.,2015,96
YN.RA06.,2015,97
YN.RA06.,2015,98
YN.RA06.,2015,99
YN.RA06.,2015,100
YN.RA06.,2015,101
YN.RA06.,2015,102
YN.RA06.,2015,335
YN.RA06.,2015,336
YN.RA06.,2015,337
YN.RA06.,2015,338
YN.RA06.,2015,339
YN.RA06.,2015,340
YN.RA06.,2015,341
YN.RA06.,2015,342
YN.RA06.,2015,343
YN.RA06.,2015,344
YN.RA06.,2016,153
YN.RA06.,2016,154
YN.RA06.,2016,155
YN.RA06.,2017,4
YN.RA06.,2017,5
YN.RA06.,2017,6
YN.RA06.,2017,7
YN.RA06.,2017,8
YN.RA06.,2017,9
YN.RA06.,2017,10
YN.RA06.,2017,11
YN.RA06.,2017,12
YN.RA06.,2017,13
YN.RA06.,2018,274
YN.RA06.,2018,275
YN.RA06.,2020,89
YN.RA06.,2020,90
YN.RA06.,2020,91
YN.RA06.,2020,92
YN.RA06.,2020,93
YN.RA06.,2020,94
YN.RA06.,2020,95
YN.RA06.,2024,32
YN.RA06.,2024,33
YN.RA06.,2024,34
YN.RA06.,2024,168
YN.RA06.,2024,169
YN.RA06.,2024,170
YN.RA06.,2024,171
YN.RA06.,2024,178
YN.RA06.,2024,179
YN.RA07.,2012,274
YN.RA07.,2012,275
YN.RA07.,2012,276
YN.RA07.,2012,277
YN.RA07.,2012,278
YN.RA07.,2012,336
YN.RA07.,2012,337
YN.RA07.,2012,338
YN.RA07.,2012,339
YN.RA07.,2013,32
YN.RA07.,2013,33
YN.RA07.,2013,85
YN.RA07.,2013,86
YN.RA07.,2013,265
YN.RA07.,2013,266
YN.RA07.,2014,1
YN.RA07.,2014,2
YN.RA07.,2014,3
YN.RA07.,2014,4
YN.RA07.,2014,32
YN.RA07.,2014,33
YN.RA07.,2014,34
YN.RA07.,2014,121
YN.RA07.,2014,220
YN.RA07.,2014,221
YN.RA07.,2014,222
YN.RA07.,2014,223
YN.RA07.,2014,224
YN.RA07.,2014,225
YN.RA07.,2014,226
YN.RA07.,2014,244
YN.RA07.,2014,245
YN.RA07.,2014,246
YN.RA07.,2014,247
YN.RA07.,2014,248
YN.RA07.,2015,55
YN.RA07.,2015,56
YN.RA07.,2015,95
YN.RA07.,2015,96
YN.RA07.,2015,97
YN.RA07.,2015,98
YN.RA07.,2015,99
YN.RA07.,2015,100
YN.RA07.,2015,101
YN.RA07.,2015,102
YN.RA07.,2015,335
YN.RA07.,2015,336
YN.RA07.,2015,337
YN.RA07.,2015,338
YN.RA07.,2015,339
YN.RA07.,2015,340
YN.RA07.,2015,341
YN.RA07.,2015,342
YN.RA07.,2015,343
YN.RA07.,2015,344
YN.RA07.,2016,153
YN.RA07.,2016,154
YN.RA07.,2016,155
YN.RA07.,2017,4
YN.RA07.,2017,5
YN.RA07.,2017,6
YN.RA07.,2017,7
YN.RA07.,2017,8
YN.RA07.,2017,9
YN.RA07.,2017,10
YN.RA07.,2017,11
YN.RA07.,2017,12
YN.RA07.,2017,13
YN.RA07.,2018,259
YN.RA07.,2018,260
YN.RA07.,2018,261
YN.RA07.,2018,262
YN.RA07.,2018,263
YN.RA07.,2018,264
YN.RA07.,2018,265
YN.RA07.,2018,266
YN.RA07.,2018,267
YN.RA07.,2018,268
YN.RA07.,2018,269
YN.RA07.,2018,270
YN.RA07.,2018,271
YN.RA07.,2018,272
YN.RA07.,2018,273
YN.RA07.,2018,274
YN.RA07.,2018,275
YN.RA07.,2018,276
YN.RA07.,2020,89
YN.RA07.,2020,90
YN.RA07.,2020,91
YN.RA07.,2020,92
YN.RA07.,2020,93
YN.RA07.,2020,94
YN.RA07.,2020,95
YN.RA07.,2024,28
YN.RA07.,2024,29
YN.RA07.,2024,30
YN.RA07.,2024,31
YN.RA07.,2024,32
YN.RA07.,2024,33
YN.RA07.,2024,34
YN.RA07.,2024,35
YN.RA07.,2024,168
YN.RA07.,2024,169
YN.RA07.,2024,170
YN.RA07.,2024,171
YN.RA07.,2024,172
YN.RA07.,2024,173
YN.RA07.,2024,174
YN.RA07.,2024,175
YN.RA07.,2024,176
YN.RA07.,2024,177
YN.RA07.,2024,178
YN.RA07.,2024,179
YN.RA07.,2024,180
YN.RA08.,2012,273
YN.RA08.,2012,274
YN.RA08.,2012,275
YN.RA08.,2012,276
YN.RA08.,2012,277
YN.RA08.,2012,278
YN.RA08.,2012,336
YN.RA08.,2012,337
YN.RA08.,2012,338
YN.RA08.,2012,339
YN.RA08.,2013,32
YN.RA08.,2013,33
YN.RA08.,2013,85
YN.RA08.,2013,86
YN.RA08.,2013,265
YN.RA08.,2013,266
YN.RA08.,2014,1
YN.RA08.,2014,2
YN.RA08.,2014,3
YN.RA08.,2014,4
YN.RA08.,2014,32
YN.RA08.,2014,33
YN.RA08.,2014,34
YN.RA08.,2014,121
YN.RA08.,2014,220
YN.RA08.,2014,221
YN.RA08.,2014,222
YN.RA08.,2014,223
YN.RA08.,2014,224
YN.RA08.,2014,225
YN.RA08.,2014,226
YN.RA08.,2014,244
YN.RA08.,2014,245
YN.RA08.,2014,246
YN.RA08.,2014,247
YN.RA08.,2014,248
YN.RA08.,2015,55
YN.RA08.,2015,56
YN.RA08.,2015,95
YN.RA08.,2015,96
YN.RA08.,2015,97
YN.RA08.,2015,98
YN.RA08.,2015,99
YN.RA08.,2015,100
YN.RA08.,2015,101
YN.RA08.,2015,102
YN.RA08.,2015,335
YN.RA08.,2015,336
YN.RA08.,2015,337
YN.RA08.,2015,338
YN.RA08.,2015,339
YN.RA08.,2015,340
YN.RA08.,2015,341
YN.RA08.,2015,342
YN.RA08.,2015,343
YN.RA08.,2015,344
YN.RA08.,2016,153
YN.RA08.,2016,154
YN.RA08.,2016,155
YN.RA08.,2017,4
YN.RA08.,2017,5
YN.RA08.,2017,6
YN.RA08.,2017,7
YN.RA08.,2017,8
YN.RA08.,2017,9
YN.RA08.,2017,10
YN.RA08.,2017,11
YN.RA08.,2017,12
YN.RA08.,2017,13
YN.RA08.,2018,274
YN.RA08.,2018,275
YN.RA08.,2020,89
YN.RA08.,2020,90
YN.RA08.,2020,91
YN.RA08.,2020,92
YN.RA08.,2020,93
YN.RA08.,2020,94
YN.RA08.,2020,95
YN.RA08.,2024,28
YN.RA08.,2024,29
YN.RA08.,2024,30
YN.RA08.,2024,31
YN.RA08.,2024,32
YN.RA08.,2024,33
YN.RA08.,2024,34
YN.RA08.,2024,35
YN.RA08.,2024,168
YN.RA08.,2024,169
YN.RA08.,2024,170
YN.RA08.,2024,171
YN.RA08.,2024,172
YN.RA08.,2024,173
YN.RA08.,2024,174
YN.RA08.,2024,175
YN.RA08.,2024,176
YN.RA08.,2024,177
YN.RA08.,2024,178
YN.RA08.,2024,179
YN.RA08.,2024,180
YN.RA09.,2012,273
YN.RA09.,2012,274
YN.RA09.,2012,275
YN.RA09.,2012,276
YN.RA09.,2012,277
YN.RA09.,2012,278
YN.RA09.,2012,336
YN.RA09.,2012,337
YN.RA09.,2012,338
YN.RA09.,2012,339
YN.RA09.,2013,32
YN.RA09.,2013,33
YN.RA09.,2013,85
YN.RA09.,2013,86
YN.RA09.,2013,265
YN.RA09.,2013,266
YN.RA09.,2014,1
YN.RA09.,2014,2
YN.RA09.,2014,3
YN.RA09.,2014,4
YN.RA09.,2014,32
YN.RA09.,2014,33
YN.RA09.,2014,34
YN.RA09.,2014,121
YN.RA09.,2014,220
YN.RA09.,2014,221
YN.RA09.,2014,222
YN.RA09.,2014,223
YN.RA09.,2014,224
YN.RA09.,2014,225
YN.RA09.,2014,226
YN.RA09.,2014,244
YN.RA09.,2014,245
YN.RA09.,2014,246
YN.RA09.,2014,247
YN.RA09.,2014,248
YN.RA09.,2015,55
YN.RA09.,2015,56
YN.RA09.,2015,95
YN.RA09.,2015,96
YN.RA09.,2015,97
YN.RA09.,2015,98
YN.RA09.,2015,99
YN.RA09.,2015,100
YN.RA09.,2015,101
YN.RA09.,2015,102
YN.RA09.,2015,335
YN.RA09.,2015,336
YN.RA09.,2015,337
YN.RA09.,2015,338
YN.RA09.,2015,339
YN.RA09.,2015,340
YN.RA09.,2015,341
YN.RA09.,2015,342
YN.RA09.,2015,343
YN.RA09.,2015,344
YN.RA09.,2016,153
YN.RA09.,2016,154
YN.RA09.,2016,155
YN.RA09.,2017,4
YN.RA09.,2017,5
YN.RA09.,2017,6
YN.RA09.,2017,7
YN.RA09.,2017,8
YN.RA09.,2017,9
YN.RA09.,2017,10
YN.RA09.,2017,11
YN.RA09.,2017,12
YN.RA09.,2017,13
YN.RA09.,2018,259
YN.RA09.,2018,260
YN.RA09.,2018,261
YN.RA09.,2018,262
YN.RA09.,2018,263
YN.RA09.,2018,264
YN.RA09.,2018,265
YN.RA09.,2018,266
YN.RA09.,2018,267
YN.RA09.,2018,268
YN.RA09.,2018,269
YN.RA09.,2018,270
YN.RA09.,2018,271
YN.RA09.,2018,272
YN.RA09.,2018,273
YN.RA09.,2018,274
YN.RA09.,2018,275
YN.RA09.,2018,276
YN.RA09.,2020,89
YN.RA09.,2020,90
YN.RA09.,2020,91
YN.RA09.,2020,92
YN.RA09.,2020,93
YN.RA09.,2020,94
YN.RA09.,2020,95
YN.RA09.,2024,32
YN.RA09.,2024,33
YN.RA09.,2024,34
YN.RA09.,2024,168
YN.RA09.,2024,169
YN.RA09.,2024,170
YN.RA09.,2024,171
YN.RA09.,2024,178
YN.RA09.,2024,179
YN.RA10.,2012,273
YN.RA10.,2012,274
YN.RA10.,2012,275
YN.RA10.,2012,276
YN.RA10.,2012,277
YN.RA10.,2012,278
YN.RA10.,2012,336
YN.RA10.,2012,337
YN.RA10.,2012,338
YN.RA10.,2012,339
YN.RA10.,2013,32
YN.RA10.,2013,33
YN.RA10.,2013,85
YN.RA10.,2013,86
YN.RA10.,2013,265
YN.RA10.,2013,266
YN.RA10.,2014,1
YN.RA10.,2014,2
YN.RA10.,2014,3
YN.RA10.,2014,4
YN.RA10.,2014,32
YN.RA10.,2014,33
YN.RA10.,2014,34
YN.RA10.,2014,121
YN.RA10.,2014,220
YN.RA10.,2014,221
YN.RA10.,2014,222
YN.RA10.,2014,223
YN.RA10.,2014,224
YN.RA10.,2014,225
YN.RA10.,2014,226
YN.RA10.,2014,244
YN.RA10.,2014,245
YN.RA10.,2014,246
YN.RA10.,2014,247
YN.RA10.,2014,248
YN.RA10.,2015,55
YN.RA10.,2015,56
YN.RA10.,2015,95
YN.RA10.,2015,96
YN.RA10.,2015,97
YN.RA10.,2015,98
YN.RA10.,2015,99
YN.RA10.,2015,100
YN.RA10.,2015,101
YN.RA10.,2015,102
YN.RA10.,2015,335
YN.RA10.,2015,336
YN.RA10.,2015,337
YN.RA10.,2015,338
YN.RA10.,2015,339
YN.RA10.,2015,340
YN.RA10.,2015,341
YN.RA10.,2015,342
YN.RA10.,2015,343
YN.RA10.,2015,344
YN.RA10.,2016,153
YN.RA10.,2016,154
YN.RA10.,2016,155
YN.RA10.,2017,4
YN.RA10.,2017,5
YN.RA10.,2017,6
YN.RA10.,2017,7
YN.RA10.,2017,8
YN.RA10.,2017,9
YN.RA10.,2017,10
YN.RA10.,2017,11
YN.RA10.,2017,12
YN.RA10.,2017,13
YN.RA10.,2018,259
YN.RA10.,2018,260
YN.RA10.,2018,261
YN.RA10.,2018,262
YN.RA10.,2018,263
YN.RA10.,2018,264
YN.RA10.,2018,265
YN.RA10.,2018,266
YN.RA10.,2018,267
YN.RA10.,2018,268
YN.RA10.,2018,269
YN.RA10.,2018,270
YN.RA10.,2018,271
YN.RA10.,2018,272
YN.RA10.,2018,273
YN.RA10.,2018,274
YN.RA10.,2018,275
YN.RA10.,2018,276
YN.RA10.,2020,89
YN.RA10.,2020,90
YN.RA10.,2020,91
YN.RA10.,2020,92
YN.RA10.,2020,93
YN.RA10.,2020,94
YN.RA10.,2020,95
YN.RA10.,2024,32
YN.RA10.,2024,33
YN.RA10.,2024,34
YN.RA10.,2024,168
YN.RA10.,2024,169
YN.RA10.,2024,170
YN.RA10.,2024,171
YN.RA10.,2024,178
YN.RA10.,2024,179
YN.RA11.,2012,275
YN.RA11.,2012,276
YN.RA11.,2012,277
YN.RA11.,2012,278
YN.RA11.,2012,336
YN.RA11.,2012,337
YN.RA11.,2012,338
YN.RA11.,2012,339
YN.RA11.,2013,32
YN.RA11.,2013,33
YN.RA11.,2013,85
YN.RA11.,2013,86
YN.RA11.,2013,265
YN.RA11.,2013,266
YN.RA11.,2014,1
YN.RA11.,2014,2
YN.RA11.,2014,3
YN.RA11.,2014,4
YN.RA11.,2014,32
YN.RA11.,2014,33
YN.RA11.,2014,34
YN.RA11.,2014,121
YN.RA11.,2014,220
YN.RA11.,2014,221
YN.RA11.,2014,222
YN.RA11.,2014,223
YN.RA11.,2014,224
YN.RA11.,2014,225
YN.RA11.,2014,226
YN.RA11.,2014,244
YN.RA11.,2014,245
YN.RA11.,2014,246
YN.RA11.,2014,247
YN.RA11.,2014,248
YN.RA11.,2015,55
YN.RA11.,2015,56
YN.RA11.,2015,95
YN.RA11.,2015,96
YN.RA11.,2015,97
YN.RA11.,2015,98
YN.RA11.,2015,99
YN.RA11.,2015,100
YN.RA11.,2015,101
YN.RA11.,2015,102
YN.RA11.,2015,335
YN.RA11.,2015,336
YN.RA11.,2015,337
YN.RA11.,2015,338
YN.RA11.,2015,339
YN.RA11.,2015,340
YN.RA11.,2015,341
YN.RA11.,2015,342
YN.RA11.,2015,343
YN.RA11.,2016,153
YN.RA11.,2016,154
YN.RA11.,2016,155
YN.RA11.,2017,4
YN.RA11.,2017,5
YN.RA11.,2017,6
YN.RA11.,2017,7
YN.RA11.,2017,8
YN.RA11.,2017,9
YN.RA11.,2017,10
YN.RA11.,2017,11
YN.RA11.,2017,12
YN.RA11.,2018,274
YN.RA11.,2018,275
YN.RA11.,2020,89
YN.RA11.,2020,90
YN.RA11.,2020,91
YN.RA11.,2020,92
YN.RA11.,2020,93
YN.RA11.,2020,94
YN.RA11.,2020,95
YN.RA11.,2024,28
YN.RA11.,2024,29
YN.RA11.,2024,30
YN.RA11.,2024,31
YN.RA11.,2024,32
YN.RA11.,2024,33
YN.RA11.,2024,34
YN.RA11.,2024,35
YN.RA11.,2024,168
YN.RA11.,2024,169
YN.RA11.,2024,170
YN.RA11.,2024,171
YN.RA11.,2024,172
YN.RA11.,2024,173
YN.RA11.,2024,174
YN.RA11.,2024,175
YN.RA11.,2024,176
YN.RA11.,2024,177
YN.RA11.,2024,178
YN.RA11.,2024,179
YN.RA11.,2024,180
YN.RA12.,2012,275
YN.RA12.,2012,276
YN.RA12.,2012,277
YN.RA12.,2012,278
YN.RA12.,2012,336
YN.RA12.,2012,337
YN.RA12.,2012,338
YN.RA12.,2012,339
YN.RA12.,2013,32
YN.RA12.,2013,33
YN.RA12.,2013,85
YN.RA12.,2013,86
YN.RA12.,2013,265
YN.RA12.,2013,266
YN.RA12.,2014,1
YN.RA12.,2014,2
YN.RA12.,2014,3
YN.RA12.,2014,4
YN.RA12.,2014,32
YN.RA12.,2014,33
YN.RA12.,2014,121
YN.RA12.,2014,220
YN.RA12.,2014,221
YN.RA12.,2014,222
YN.RA12.,2014,223
YN.RA12.,2014,224
YN.RA12.,2014,225
YN.RA12.,2014,226
YN.RA12.,2014,244
YN.RA12.,2014,245
YN.RA12.,2014,246
YN.RA12.,2014,247
YN.RA12.,2014,248
YN.RA12.,2015,55
YN.RA12.,2015,56
YN.RA12.,2015,95
YN.RA12.,2015,96
YN.RA12.,2015,97
YN.RA12.,2015,98
YN.RA12.,2015,99
YN.RA12.,2015,100
YN.RA12.,2015,101
YN.RA12.,2015,102
YN.RA12.,2015,335
YN.RA12.,2015,336
YN.RA12.,2015,337
YN.RA12.,2015,338
YN.RA12.,2015,339
YN.RA12.,2015,340
YN.RA12.,2015,341
YN.RA12.,2015,342
YN.RA12.,2015,343
YN.RA12.,2016,153
YN.RA12.,2016,154
YN.RA12.,2016,155
YN.RA12.,2017,4
YN.RA12.,2017,5
YN.RA12.,2017,6
YN.RA12.,2017,7
YN.RA12.,2017,8
YN.RA12.,2017,9
YN.RA12.,2017,10
YN.RA12.,2017,11
YN.RA12.,2017,12
YN.RA12.,2018,259
YN.RA12.,2018,260
YN.RA12.,2018,261
YN.RA12.,2018,262
YN.RA12.,2018,263
YN.RA12.,2018,264
YN.RA12.,2018,265
YN.RA12.,2018,266
YN.RA12.,2018,267
YN.RA12.,2018,268
YN.RA12.,2018,269
YN.RA12.,2018,270
YN.RA12.,2018,271
YN.RA12.,2018,272
YN.RA12.,2018,273
YN.RA12.,2018,274
YN.RA12.,2018,275
YN.RA12.,2018,276
YN.RA12.,2020,89
YN.RA12.,2020,90
YN.RA12.,2020,91
YN.RA12.,2020,92
YN.RA12.,2020,93
YN.RA12.,2020,94
YN.RA12.,2020,95
YN.RA12.,2024,28
YN.RA12.,2024,29
YN.RA12.,2024,30
YN.RA12.,2024,31
YN.RA12.,2024,32
YN.RA12.,2024,33
YN.RA12.,2024,34
YN.RA12.,2024,35
YN.RA12.,2024,168
YN.RA12.,2024,169
YN.RA12.,2024,170
YN.RA12.,2024,171
YN.RA12.,2024,172
YN.RA12.,2024,173
YN.RA12.,2024,174
YN.RA12.,2024,175
YN.RA12.,2024,176
YN.RA12.,2024,177
YN.RA12.,2024,178
YN.RA12.,2024,179
YN.RA12.,2024,180
YN.RHIL.,2012,275
YN.RHIL.,2012,276
YN.RHIL.,2012,277
YN.RHIL.,2012,278
YN.RHIL.,2012,336
YN.RHIL.,2012,337
YN.RHIL.,2012,338
YN.RHIL.,2012,339
YN.RHIL.,2012,340
YN.RHIL.,2012,341
YN.RHIL.,2013,32
YN.RHIL.,2013,33
YN.RHIL.,2013,85
YN.RHIL.,2013,86
YN.RHIL.,2013,265
YN.RHIL.,2013,266
YN.RHIL.,2014,1
YN.RHIL.,2014,2
YN.RHIL.,2014,3
YN.RHIL.,2014,4
YN.RHIL.,2014,32
YN.RHIL.,2014,33
YN.RHIL.,2014,121
YN.RHIL.,2014,220
YN.RHIL.,2014,221
YN.RHIL.,2014,222
YN.RHIL.,2014,223
YN.RHIL.,2014,224
YN.RHIL.,2014,225
YN.RHIL.,2014,226
YN.RHIL.,2014,244
YN.RHIL.,2014,245
YN.RHIL.,2014,246
YN.RHIL.,2014,247
YN.RHIL.,2014,248
YN.RHIL.,2015,55
YN.RHIL.,2015,56
YN.RHIL.,2015,95
YN.RHIL.,2015,96
YN.RHIL.,2015,97
YN.RHIL.,2015,98
YN.RHIL.,2015,99
YN.RHIL.,2015,100
YN.RHIL.,2015,101
YN.RHIL.,2015,102
YN.RHIL.,2015,103
YN.RHIL.,2015,104
YN.RHIL.,2015,105
YN.RHIL.,2015,106
YN.RHIL.,2015,107
YN.RHIL.,2015,335
YN.RHIL.,2015,336
YN.RHIL.,2015,337
YN.RHIL.,2015,338
YN.RHIL.,2015,339
YN.RHIL.,2015,340
YN.RHIL.,2015,341
YN.RHIL.,2015,342
YN.RHIL.,2015,343
YN.RHIL.,2016,153
YN.RHIL.,2016,154
YN.RHIL.,2016,155
YN.RHIL.,2017,4
YN.RHIL.,2017,5
YN.RHIL.,2017,6
YN.RHIL.,2017,7
YN.RHIL.,2017,8
YN.RHIL.,2017,9
YN.RHIL.,2017,10
YN.RHIL.,2017,11
YN.RHIL.,2017,12
YN.RHIL.,2018,274
YN.RHIL.,2018,275
YN.RHIL.,2020,89
YN.RHIL.,2020,90
YN.RHIL.,2020,91
YN.RHIL.,2020,92
YN.RHIL.,2020,93
YN.RHIL.,2020,94
YN.RHIL.,2020,95
YN.SFTR.,2012,171
YN.SFTR.,2012,172
YN.SFTR.,2012,173
YN.SFTR.,2012,174
YN.SFTR.,2012,175
YN.SFTR.,2012,176
YN.SFTR.,2012,275
YN.SFTR.,2012,276
YN.SFTR.,2012,277
YN.SFTR.,2012,278
YN.SFTR.,2012,336
YN.SFTR.,2012,337
YN.SFTR.,2012,338
YN.SFTR.,2012,339
YN.SFTR.,2013,32
YN.SFTR.,2013,33
YN.SFTR.,2013,85
YN.SFTR.,2013,86
YN.SFTR.,2013,265
YN.SFTR.,2013,266
YN.SFTR.,2013,365
YN.SFTR.,2014,1
YN.SFTR.,2014,2
YN.SFTR.,2014,3
YN.SFTR.,2014,4
YN.SFTR.,2014,5
YN.SFTR.,2014,20
YN.SFTR.,2014,21
YN.SFTR.,2014,22
YN.SFTR.,2014,23
YN.SFTR.,2014,24
YN.SFTR.,2014,25
YN.SFTR.,2014,26
YN.SFTR.,2014,27
YN.SFTR.,2014,28
YN.SFTR.,2014,29
YN.SFTR.,2014,30
YN.SFTR.,2014,31
YN.SFTR.,2014,32
YN.SFTR.,2014,33
YN.SFTR.,2014,34
YN.SFTR.,2014,120
YN.SFTR.,2014,121
YN.SFTR.,2014,220
YN.SFTR.,2014,221
YN.SFTR.,2014,222
YN.SFTR.,2014,223
YN.SFTR.,2014,224
YN.SFTR.,2014,225
YN.SFTR.,2014,226
YN.SFTR.,2014,227
YN.SFTR.,2014,228
YN.SFTR.,2014,229
YN.SFTR.,2014,230
YN.SFTR.,2014,231
YN.SFTR.,2014,232
YN.SFTR.,2014,240
YN.SFTR.,2014,241
YN.SFTR.,2014,242
YN.SFTR.,2014,243
YN.SFTR.,2014,244
YN.SFTR.,2014,245
YN.SFTR.,2014,246
YN.SFTR.,2014,247
YN.SFTR.,2014,248
YN.SFTR.,2014,249
YN.SFTR.,2015,55
YN.SFTR.,2015,56
YN.SFTR.,2015,57
YN.SFTR.,2015,58
YN.SFTR.,2015,95
YN.SFTR.,2015,96
YN.SFTR.,2015,97
YN.SFTR.,2015,98
YN.SFTR.,2015,99
YN.SFTR.,2015,100
YN.SFTR.,2015,101
YN.SFTR.,2015,102
YN.SFTR.,2015,103
YN.SFTR.,2015,104
YN.SFTR.,2015,105
YN.SFTR.,2015,106
YN.SFTR.,2015,107
YN.SFTR.,2015,335
YN.SFTR.,2015,336
YN.SFTR.,2015,337
YN.SFTR.,2015,338
YN.SFTR.,2015,339
YN.SFTR.,2015,340
YN.SFTR.,2015,341
YN.SFTR.,2015,342
YN.SFTR.,2015,343
YN.SFTR.,2015,344
YN.SFTR.,2015,345
YN.SFTR.,2015,346
YN.SFTR.,2016,150
YN.SFTR.,2016,151
YN.SFTR.,2016,152
YN.SFTR.,2016,153
YN.SFTR.,2016,154
YN.SFTR.,2016,155
YN.SFTR.,2016,156
YN.SFTR.,2016,157
YN.SFTR.,2016,158
YN.SFTR.,2016,159
YN.SFTR.,2016,160
YN.SFTR.,2016,161
YN.SFTR.,2016,162
YN.SFTR.,2016,163
YN.SFTR.,2016,164
YN.SFTR.,2016,165
YN.SFTR.,2016,166
YN.SFTR.,2016,167
YN.SFTR.,2017,4
YN.SFTR.,2017,5
YN.SFTR.,2017,6
YN.SFTR.,2017,7
YN.SFTR.,2017,8
YN.SFTR.,2017,9
YN.SFTR.,2017,10
YN.SFTR.,2017,11
YN.SFTR.,2017,12
YN.SFTR.,2017,13
YN.SFTR.,2017,14
YN.SFTR.,2017,15
YN.SGBF0.,2012,171
YN.SGBF0.,2012,172
YN.SGBF0.,2012,173
YN.SGBF0.,2012,174
YN.SGBF0.,2012,175
YN.SGBF0.,2012,176
YN.SGBF0.,2012,275
YN.SGBF0.,2012,276
YN.SGBF0.,2012,277
YN.SGBF0.,2012,278
YN.SGBF0.,2012,336
YN.SGBF0.,2012,337
YN.SGBF0.,2012,338
YN.SGBF0.,2013,32
YN.SGBF0.,2013,85
YN.SGBF0.,2013,265
YN.SGBF0.,2014,1
YN.SGBF0.,2014,2
YN.SGBF0.,2014,3
YN.SGBF0.,2014,4
YN.SGBF0.,2014,32
YN.SGBF0.,2014,33
YN.SGBF0.,2014,121
YN.SGBF0.,2014,220
YN.SGBF0.,2014,221
YN.SGBF0.,2014,222
YN.SGBF0.,2014,223
YN.SGBF0.,2014,224
YN.SGBF0.,2014,225
YN.SGBF0.,2014,226
YN.SGBF0.,2014,244
YN.SGBF0.,2014,245
YN.SGBF0.,2014,246
YN.SGBF0.,2014,247
YN.SGBF0.,2014,248
YN.SGBF0.,2015,55
YN.SGBF0.,2015,56
YN.SGBF0.,2015,95
YN.SGBF0.,2015,96
YN.SGBF0.,2015,97
YN.SGBF0.,2015,98
YN.SGBF0.,2015,99
YN.SGBF0.,2015,100
YN.SGBF0.,2015,101
YN.SGBF0.,2015,102
YN.SGBF0.,2015,335
YN.SGBF0.,2015,336
YN.SGBF0.,2015,337
YN.SGBF0.,2015,338
YN.SGBF0.,2015,339
YN.SGBF0.,2015,340
YN.SGBF0.,2015,341
YN.SGBF0.,2015,342
YN.SGBF0.,2015,343
YN.SGBF0.,2016,153
YN.SGBF0.,2016,154
YN.SGBF0.,2016,155
YN.SGBF0.,2017,4
YN.SGBF0.,2017,5
YN.SGBF0.,2017,6
YN.SGBF0.,2017,7
YN.SGBF0.,2017,8
YN.SGBF0.,2017,9
YN.SGBF0.,2017,10
YN.SGBF0.,2017,11
YN.SGBF0.,2017,12
YN.SGBF0.,2018,274
YN.SGBF0.,2018,275
YN.SGBF0.,2020,92
YN.SGBF0.,2020,93
YN.SGBF0.,2020,94
YN.SGBF0.,2024,32
YN.SGBF0.,2024,33
YN.SGBF0.,2024,34
YN.SGBF0.,2024,168
YN.SGBF0.,2024,169
YN.SGBF0.,2024,170
YN.SGBF0.,2024,171
YN.SGBF0.,2024,177
YN.SGBF0.,2024,178
YN.SGBF0.,2024,179
YN.SGBFA.,2012,171
YN.SGBFA.,2012,172
YN.SGBFA.,2012,173
YN.SGBFA.,2012,174
YN.SGBFA.,2012,175
YN.SGBFA.,2012,176
YN.SGBFA.,2012,275
YN.SGBFA.,2012,276
YN.SGBFA.,2012,277
YN.SGBFA.,2012,278
YN.SGBFA.,2012,336
YN.SGBFA.,2012,337
YN.SGBFA.,2012,338
YN.SGBFA.,2013,32
YN.SGBFA.,2013,85
YN.SGBFA.,2013,265
YN.SGBFA.,2014,1
YN.SGBFA.,2014,2
YN.SGBFA.,2014,3
YN.SGBFA.,2014,4
YN.SGBFA.,2014,32
YN.SGBFA.,2014,33
YN.SGBFA.,2014,121
YN.SGBFA.,2014,220
YN.SGBFA.,2014,221
YN.SGBFA.,2014,222
YN.SGBFA.,2014,223
YN.SGBFA.,2014,224
YN.SGBFA.,2014,225
YN.SGBFA.,2014,226
YN.SGBFA.,2014,244
YN.SGBFA.,2014,245
YN.SGBFA.,2014,246
YN.SGBFA.,2014,247
YN.SGBFA.,2014,248
YN.SGBFA.,2015,55
YN.SGBFA.,2015,56
YN.SGBFA.,2015,95
YN.SGBFA.,2015,96
YN.SGBFA.,2015,97
YN.SGBFA.,2015,98
YN.SGBFA.,2015,99
YN.SGBFA.,2015,100
YN.SGBFA.,2015,101
YN.SGBFA.,2015,102
YN.SGBFA.,2015,335
YN.SGBFA.,2015,336
YN.SGBFA.,2015,337
YN.SGBFA.,2015,338
YN.SGBFA.,2015,339
YN.SGBFA.,2015,340
YN.SGBFA.,2015,341
YN.SGBFA.,2015,342
YN.SGBFA.,2015,343
YN.SGBFA.,2016,153
YN.SGBFA.,2016,154
YN.SGBFA.,2017,4
YN.SGBFA.,2017,5
YN.SGBFA.,2017,6
YN.SGBFA.,2017,7
YN.SGBFA.,2017,8
YN.SGBFA.,2017,9
YN.SGBFA.,2017,10
YN.SGBFA.,2017,11
YN.SGBFA.,2017,12
YN.SGBFA.,2018,274
YN.SGBFA.,2018,275
YN.SGBFA.,2020,92
YN.SGBFA.,2020,93
YN.SGBFA.,2020,94
YN.SGBFA.,2024,32
YN.SGBFA.,2024,33
YN.SGBFA.,2024,34
YN.SGBFA.,2024,168
YN.SGBFA.,2024,169
YN.SGBFA.,2024,170
YN.SGBFA.,2024,177
YN.SGBFA.,2024,178
YN.SGBFA.,2024,179
YN.SGBN1.,2012,171
YN.SGBN1.,2012,172
YN.SGBN1.,2012,173
YN.SGBN1.,2012,174
YN.SGBN1.,2012,175
YN.SGBN1.,2012,176
YN.SGBN1.,2012,275
YN.SGBN1.,2012,276
YN.SGBN1.,2012,277
YN.SGBN1.,2012,278
YN.SGBN1.,2012,336
YN.SGBN1.,2012,337
YN.SGBN1.,2012,338
YN.SGBN1.,2013,32
YN.SGBN1.,2013,85
YN.SGBN1.,2013,265
YN.SGBN1.,2014,1
YN.SGBN1.,2014,2
YN.SGBN1.,2014,3
YN.SGBN1.,2014,4
YN.SGBN1.,2014,32
YN.SGBN1.,2014,33
YN.SGBN1.,2014,121
YN.SGBN1.,2014,220
YN.SGBN1.,2014,221
YN.SGBN1.,2014,222
YN.SGBN1.,2014,223
YN.SGBN1.,2014,224
YN.SGBN1.,2014,225
YN.SGBN1.,2014,226
YN.SGBN1.,2014,244
YN.SGBN1.,2014,245
YN.SGBN1.,2014,246
YN.SGBN1.,2014,247
YN.SGBN1.,2014,248
YN.SGBN1.,2015,55
YN.SGBN1.,2015,56
YN.SGBN1.,2015,95
YN.SGBN1.,2015,96
YN.SGBN1.,2015,97
YN.SGBN1.,2015,98
YN.SGBN1.,2015,99
YN.SGBN1.,2015,100
YN.SGBN1.,2015,101
YN.SGBN1.,2015,102
YN.SGBN1.,2015,335
YN.SGBN1.,2015,336
YN.SGBN1.,2015,337
YN.SGBN1.,2015,338
YN.SGBN1.,2015,339
YN.SGBN1.,2015,340
YN.SGBN1.,2015,341
YN.SGBN1.,2015,342
YN.SGBN1.,2015,343
YN.SGBN1.,2016,153
YN.SGBN1.,2016,154
YN.SGBN1.,2017,4
YN.SGBN1.,2017,5
YN.SGBN1.,2017,6
YN.SGBN1.,2017,7
YN.SGBN1.,2017,8
YN.SGBN1.,2017,9
YN.SGBN1.,2017,10
YN.SGBN1.,2017,11
YN.SGBN1.,2017,12
YN.SGBN1.,2018,274
YN.SGBN1.,2018,275
YN.SGBN1.,2020,92
YN.SGBN1.,2020,93
YN.SGBN1.,2020,94
YN.SGBN1.,2024,28
YN.SGBN1.,2024,29
YN.SGBN1.,2024,30
YN.SGBN1.,2024,31
YN.SGBN1.,2024,32
YN.SGBN1.,2024,33
YN.SGBN1.,2024,34
YN.SGBN1.,2024,35
YN.SGBN1.,2024,168
YN.SGBN1.,2024,169
YN.SGBN1.,2024,170
YN.SGBN1.,2024,171
YN.SGBN1.,2024,172
YN.SGBN1.,2024,173
YN.SGBN1.,2024,174
YN.SGBN1.,2024,175
YN.SGBN1.,2024,176
YN.SGBN1.,2024,177
YN.SGBN1.,2024,178
YN.SGBN1.,2024,179
YN.SGBN1.,2024,180
YN.SGBN2.,2012,171
YN.SGBN2.,2012,172
YN.SGBN2.,2012,173
YN.SGBN2.,2012,174
YN.SGBN2.,2012,175
YN.SGBN2.,2012,176
YN.SGBN2.,2012,275
YN.SGBN2.,2012,276
YN.SGBN2.,2012,277
YN.SGBN2.,2012,278
YN.SGBN2.,2012,336
YN.SGBN2.,2012,337
YN.SGBN2.,2012,338
YN.SGBN2.,2013,32
YN.SGBN2.,2013,85
YN.SGBN2.,2013,265
YN.SGBN2.,2014,1
YN.SGBN2.,2014,2
YN.SGBN2.,2014,3
YN.SGBN2.,2014,4
YN.SGBN2.,2014,32
YN.SGBN2.,2014,33
YN.SGBN2.,2014,121
YN.SGBN2.,2014,220
YN.SGBN2.,2014,221
YN.SGBN2.,2014,222
YN.SGBN2.,2014,223
YN.SGBN2.,2014,224
YN.SGBN2.,2014,225
YN.SGBN2.,2014,226
YN.SGBN2.,2014,244
YN.SGBN2.,2014,245
YN.SGBN2.,2014,246
YN.SGBN2.,2014,247
YN.SGBN2.,2014,248
YN.SGBN2.,2015,55
YN.SGBN2.,2015,56
YN.SGBN2.,2015,95
YN.SGBN2.,2015,96
YN.SGBN2.,2015,97
YN.SGBN2.,2015,98
YN.SGBN2.,2015,99
YN.SGBN2.,2015,100
YN.SGBN2.,2015,101
YN.SGBN2.,2015,102
YN.SGBN2.,2015,335
YN.SGBN2.,2015,336
YN.SGBN2.,2015,337
YN.SGBN2.,2015,338
YN.SGBN2.,2015,339
YN.SGBN2.,2015,340
YN.SGBN2.,2015,341
YN.SGBN2.,2015,342
YN.SGBN2.,2015,343
YN.SGBN2.,2016,153
YN.SGBN2.,2016,154
YN.SGBN2.,2017,4
YN.SGBN2.,2017,5
YN.SGBN2.,2017,6
YN.SGBN2.,2017,7
YN.SGBN2.,2017,8
YN.SGBN2.,2017,9
YN.SGBN2.,2017,10
YN.SGBN2.,2017,11
YN.SGBN2.,2017,12
YN.SGBN2.,2018,274
YN.SGBN2.,2018,275
YN.SGBN2.,2020,92
YN.SGBN2.,2020,93
YN.SGBN2.,2020,94
YN.SGBN2.,2024,32
YN.SGBN2.,2024,33
YN.SGBN2.,2024,34
YN.SGBN2.,2024,168
YN.SGBN2.,2024,169
YN.SGBN2.,2024,170
YN.SGBN2.,2024,177
YN.SGBN2.,2024,178
YN.SGBN2.,2024,179
YN.SGBS1.,2012,171
YN.SGBS1.,2012,172
YN.SGBS1.,2012,173
YN.SGBS1.,2012,174
YN.SGBS1.,2012,175
YN.SGBS1.,2012,275
YN.SGBS1.,2012,276
YN.SGBS1.,2012,277
YN.SGBS1.,2012,278
YN.SGBS1.,2012,336
YN.SGBS1.,2012,337
YN.SGBS1.,2012,338
YN.SGBS1.,2013,32
YN.SGBS1.,2013,85
YN.SGBS1.,2013,265
YN.SGBS1.,2014,1
YN.SGBS1.,2014,2
YN.SGBS1.,2014,3
YN.SGBS1.,2014,4
YN.SGBS1.,2014,32
YN.SGBS1.,2014,33
YN.SGBS1.,2014,220
YN.SGBS1.,2014,221
YN.SGBS1.,2014,222
YN.SGBS1.,2014,223
YN.SGBS1.,2014,224
YN.SGBS1.,2014,225
YN.SGBS1.,2014,226
YN.SGBS1.,2014,244
YN.SGBS1.,2014,245
YN.SGBS1.,2014,246
YN.SGBS1.,2014,247
YN.SGBS1.,2014,248
YN.SGBS1.,2015,55
YN.SGBS1.,2015,95
YN.SGBS1.,2015,96
YN.SGBS1.,2015,97
YN.SGBS1.,2015,98
YN.SGBS1.,2015,99
YN.SGBS1.,2015,100
YN.SGBS1.,2015,101
YN.SGBS1.,2015,102
YN.SGBS1.,2015,335
YN.SGBS1.,2015,336
YN.SGBS1.,2015,337
YN.SGBS1.,2015,338
YN.SGBS1.,2015,339
YN.SGBS1.,2015,340
YN.SGBS1.,2015,341
YN.SGBS1.,2015,342
YN.SGBS1.,2015,343
YN.SGBS1.,2016,153
YN.SGBS1.,2016,154
YN.SGBS1.,2017,4
YN.SGBS1.,2017,5
YN.SGBS1.,2017,6
YN.SGBS1.,2017,7
YN.SGBS1.,2017,8
YN.SGBS1.,2017,9
YN.SGBS1.,2017,10
YN.SGBS1.,2017,11
YN.SGBS1.,2017,12
YN.SGBS1.,2018,274
YN.SGBS1.,2018,275
YN.SGBS1.,2020,92
YN.SGBS1.,2020,93
YN.SGBS1.,2020,94
YN.SGBS1.,2024,32
YN.SGBS1.,2024,33
YN.SGBS1.,2024,34
YN.SGBS1.,2024,168
YN.SGBS1.,2024,169
YN.SGBS1.,2024,170
YN.SGBS1.,2024,178
YN.SGBS1.,2024,179
YN.SGBS2.,2012,171
YN.SGBS2.,2012,172
YN.SGBS2.,2012,173
YN.SGBS2.,2012,174
YN.SGBS2.,2012,175
YN.SGBS2.,2012,275
YN.SGBS2.,2012,276
YN.SGBS2.,2012,277
YN.SGBS2.,2012,278
YN.SGBS2.,2012,336
YN.SGBS2.,2012,337
YN.SGBS2.,2012,338
YN.SGBS2.,2013,32
YN.SGBS2.,2013,85
YN.SGBS2.,2013,265
YN.SGBS2.,2014,1
YN.SGBS2.,2014,2
YN.SGBS2.,2014,3
YN.SGBS2.,2014,4
YN.SGBS2.,2014,32
YN.SGBS2.,2014,33
YN.SGBS2.,2014,220
YN.SGBS2.,2014,221
YN.SGBS2.,2014,222
YN.SGBS2.,2014,223
YN.SGBS2.,2014,224
YN.SGBS2.,2014,225
YN.SGBS2.,2014,226
YN.SGBS2.,2014,244
YN.SGBS2.,2014,245
YN.SGBS2.,2014,246
YN.SGBS2.,2014,247
YN.SGBS2.,2014,248
YN.SGBS2.,2015,55
YN.SGBS2.,2015,95
YN.SGBS2.,2015,96
YN.SGBS2.,2015,97
YN.SGBS2.,2015,98
YN.SGBS2.,2015,99
YN.SGBS2.,2015,100
YN.SGBS2.,2015,101
YN.SGBS2.,2015,102
YN.SGBS2.,2015,335
YN.SGBS2.,2015,336
YN.SGBS2.,2015,337
YN.SGBS2.,2015,338
YN.SGBS2.,2015,339
YN.SGBS2.,2015,340
YN.SGBS2.,2015,341
YN.SGBS2.,2015,342
YN.SGBS2.,2015,343
YN.SGBS2.,2016,153
YN.SGBS2.,2016,154
YN.SGBS2.,2017,4
YN.SGBS2.,2017,5
YN.SGBS2.,2017,6
YN.SGBS2.,2017,7
YN.SGBS2.,2017,8
YN.SGBS2.,2017,9
YN.SGBS2.,2017,10
YN.SGBS2.,2017,11
YN.SGBS2.,2017,12
YN.SGBS2.,2018,259
YN.SGBS2.,2018,260
YN.SGBS2.,2018,261
YN.SGBS2.,2018,262
YN.SGBS2.,2018,263
YN.SGBS2.,2018,264
YN.SGBS2.,2018,265
YN.SGBS2.,2018,266
YN.SGBS2.,2018,267
YN.SGBS2.,2018,268
YN.SGBS2.,2018,269
YN.SGBS2.,2018,270
YN.SGBS2.,2018,271
YN.SGBS2.,2018,272
YN.SGBS2.,2018,273
YN.SGBS2.,2018,274
YN.SGBS2.,2018,275
YN.SGBS2.,2018,276
YN.SGBS2.,2020,89
YN.SGBS2.,2020,90
YN.SGBS2.,2020,91
YN.SGBS2.,2020,92
YN.SGBS2.,2020,93
YN.SGBS2.,2020,94
YN.SGBS2.,2020,95
YN.SGBS2.,2024,32
YN.SGBS2.,2024,33
YN.SGBS2.,2024,34
YN.SGBS2.,2024,168
YN.SGBS2.,2024,169
YN.SGBS2.,2024,170
YN.SGBS2.,2024,177
YN.SGBS2.,2024,178
YN.SGBS2.,2024,179
YN.SGBS3.,2012,171
YN.SGBS3.,2012,172
YN.SGBS3.,2012,173
YN.SGBS3.,2012,174
YN.SGBS3.,2012,175
YN.SGBS3.,2012,176
YN.SGBS3.,2012,177
YN.SGBS3.,2012,178
YN.SGBS3.,2012,179
YN.SGBS3.,2012,180
YN.SGBS3.,2012,181
YN.SGBS3.,2012,182
YN.SGBS3.,2012,271
YN.SGBS3.,2012,272
YN.SGBS3.,2012,273
YN.SGBS3.,2012,274
YN.SGBS3.,2012,275
YN.SGBS3.,2012,276
YN.SGBS3.,2012,277
YN.SGBS3.,2012,278
YN.SGBS3.,2012,279
YN.SGBS3.,2012,280
YN.SGBS3.,2012,331
YN.SGBS3.,2012,332
YN.SGBS3.,2012,333
YN.SGBS3.,2012,334
YN.SGBS3.,2012,335
YN.SGBS3.,2012,336
YN.SGBS3.,2012,337
YN.SGBS3.,2012,338
YN.SGBS3.,2012,339
YN.SGBS3.,2012,340
YN.SGBS3.,2012,341
YN.SGBS3.,2012,342
YN.SGBS3.,2012,343
YN.SGBS3.,2012,344
YN.SGBS3.,2012,345
YN.SGBS3.,2012,346
YN.SGBS3.,2013,25
YN.SGBS3.,2013,26
YN.SGBS3.,2013,27
YN.SGBS3.,2013,28
YN.SGBS3.,2013,29
YN.SGBS3.,2013,30
YN.SGBS3.,2013,31
YN.SGBS3.,2013,32
YN.SGBS3.,2013,33
YN.SGBS3.,2013,85
YN.SGBS3.,2013,86
YN.SGBS3.,2013,265
YN.SGBS3.,2013,266
YN.SGBS3.,2013,267
YN.SGBS3.,2013,268
YN.SGBS3.,2013,269
YN.SGBS3.,2013,270
YN.SGBS3.,2013,271
YN.SGBS3.,2013,272
YN.SGBS3.,2013,273
YN.SGBS3.,2013,365
YN.SGBS3.,2014,1
YN.SGBS3.,2014,2
YN.SGBS3.,2014,3
YN.SGBS3.,2014,4
YN.SGBS3.,2014,5
YN.SGBS3.,2014,20
YN.SGBS3.,2014,21
YN.SGBS3.,2014,22
YN.SGBS3.,2014,23
YN.SGBS3.,2014,24
YN.SGBS3.,2014,25
YN.SGBS3.,2014,26
YN.SGBS3.,2014,27
YN.SGBS3.,2014,28
YN.SGBS3.,2014,29
YN.SGBS3.,2014,30
YN.SGBS3.,2014,31
YN.SGBS3.,2014,32
YN.SGBS3.,2014,33
YN.SGBS3.,2014,34
YN.SGBS3.,2014,120
YN.SGBS3.,2014,121
YN.SGBS3.,2014,220
YN.SGBS3.,2014,221
YN.SGBS3.,2014,222
YN.SGBS3.,2014,223
YN.SGBS3.,2014,224
YN.SGBS3.,2014,225
YN.SGBS3.,2014,226
YN.SGBS3.,2014,227
YN.SGBS3.,2014,228
YN.SGBS3.,2014,229
YN.SGBS3.,2014,230
YN.SGBS3.,2014,231
YN.SGBS3.,2014,232
YN.SGBS3.,2014,240
YN.SGBS3.,2014,241
YN.SGBS3.,2014,242
YN.SGBS3.,2014,243
YN.SGBS3.,2014,244
YN.SGBS3.,2014,245
YN.SGBS3.,2014,246
YN.SGBS3.,2014,247
YN.SGBS3.,2014,248
YN.SGBS3.,2014,249
YN.SGBS3.,2015,55
YN.SGBS3.,2015,56
YN.SGBS3.,2015,57
YN.SGBS3.,2015,58
YN.SGBS3.,2015,95
YN.SGBS3.,2015,96
YN.SGBS3.,2015,97
YN.SGBS3.,2015,98
YN.SGBS3.,2015,99
YN.SGBS3.,2015,100
YN.SGBS3.,2015,101
YN.SGBS3.,2015,102
YN.SGBS3.,2015,103
YN.SGBS3.,2015,104
YN.SGBS3.,2015,105
YN.SGBS3.,2015,106
YN.SGBS3.,2015,107
YN.SGBS3.,2015,335
YN.SGBS3.,2015,336
YN.SGBS3.,2015,337
YN.SGBS3.,2015,338
YN.SGBS3.,2015,339
YN.SGBS3.,2015,340
YN.SGBS3.,2015,341
YN.SGBS3.,2015,342
YN.SGBS3.,2015,343
YN.SGBS3.,2015,344
YN.SGBS3.,2015,345
YN.SGBS3.,2015,346
YN.SGBS3.,2016,150
YN.SGBS3.,2016,151
YN.SGBS3.,2016,152
YN.SGBS3.,2016,153
YN.SGBS3.,2016,154
YN.SGBS3.,2016,155
YN.SGBS3.,2016,156
YN.SGBS3.,2016,157
YN.SGBS3.,2016,158
YN.SGBS3.,2016,159
YN.SGBS3.,2016,160
YN.SGBS3.,2016,161
YN.SGBS3.,2016,162
YN.SGBS3.,2016,163
YN.SGBS3.,2016,164
YN.SGBS3.,2016,165
YN.SGBS3.,2016,166
YN.SGBS3.,2016,167
YN.SGBS3.,2017,4
YN.SGBS3.,2017,5
YN.SGBS3.,2017,6
YN.SGBS3.,2017,7
YN.SGBS3.,2017,8
YN.SGBS3.,2017,9
YN.SGBS3.,2017,10
YN.SGBS3.,2017,11
YN.SGBS3.,2017,12
YN.SGBS3.,2017,13
YN.SGBS3.,2017,14
YN.SGBS3.,2017,15
YN.SGBS3.,2018,259
YN.SGBS3.,2018,260
YN.SGBS3.,2018,261
YN.SGBS3.,2018,262
YN.SGBS3.,2018,263
YN.SGBS3.,2018,264
YN.SGBS3.,2018,265
YN.SGBS3.,2018,266
YN.SGBS3.,2018,267
YN.SGBS3.,2018,268
YN.SGBS3.,2018,269
YN.SGBS3.,2018,270
YN.SGBS3.,2018,271
YN.SGBS3.,2018,272
YN.SGBS3.,2018,273
YN.SGBS3.,2018,274
YN.SGBS3.,2018,275
YN.SGBS3.,2018,276
YN.SGBS3.,2020,89
YN.SGBS3.,2020,90
YN.SGBS3.,2020,91
YN.SGBS3.,2020,92
YN.SGBS3.,2020,93
YN.SGBS3.,2020,94
YN.SGBS3.,2020,95
YN.SGBS3.,2024,28
YN.SGBS3.,2024,29
YN.SGBS3.,2024,30
YN.SGBS3.,2024,31
YN.SGBS3.,2024,32
YN.SGBS3.,2024,33
YN.SGBS3.,2024,34
YN.SGBS3.,2024,35
YN.SGBS3.,2024,168
YN.SGBS3.,2024,169
YN.SGBS3.,2024,170
YN.SGBS3.,2024,171
YN.SGBS3.,2024,172
YN.SGBS3.,2024,173
YN.SGBS3.,2024,174
YN.SGBS3.,2024,175
YN.SGBS3.,2024,176
YN.SGBS3.,2024,177
YN.SGBS3.,2024,178
YN.SGBS3.,2024,179
YN.SGBS3.,2024,180
YN.SJR.,2012,171
YN.SJR.,2012,172
YN.SJR.,2012,173
YN.SJR.,2012,174
YN.SJR.,2012,175
YN.SJR.,2012,176
YN.SJR.,2012,177
YN.SJR.,2012,178
YN.SJR.,2012,179
YN.SJR.,2012,180
YN.SJR.,2012,181
YN.SJR.,2012,182
YN.SJR.,2012,275
YN.SJR.,2012,276
YN.SJR.,2012,277
YN.SJR.,2012,278
YN.SJR.,2012,336
YN.SJR.,2012,337
YN.SJR.,2012,338
YN.SJR.,2013,32
YN.SJR.,2013,85
YN.SJR.,2013,265
YN.SJR.,2014,1
YN.SJR.,2014,2
YN.SJR.,2014,3
YN.SJR.,2014,4
YN.SJR.,2014,32
YN.SJR.,2014,33
YN.SJR.,2014,220
YN.SJR.,2014,221
YN.SJR.,2014,222
YN.SJR.,2014,223
YN.SJR.,2014,224
YN.SJR.,2014,225
YN.SJR.,2014,226
YN.SJR.,2014,244
YN.SJR.,2014,245
YN.SJR.,2014,246
YN.SJR.,2014,247
YN.SJR.,2014,248
YN.SJR.,2015,55
YN.SROS.,2013,25
YN.SROS.,2013,26
YN.SROS.,2013,27
YN.SROS.,2013,28
YN.SROS.,2013,29
YN.SROS.,2013,30
YN.SROS.,2013,31
YN.SROS.,2013,32
YN.SROS.,2013,33
YN.SROS.,2013,85
YN.SROS.,2013,265
YN.SROS.,2014,1
YN.SROS.,2014,2
YN.SROS.,2014,3
YN.SROS.,2014,4
YN.SROS.,2014,32
YN.SROS.,2014,33
YN.SROS.,2014,220
YN.SROS.,2014,221
YN.SROS.,2014,222
YN.SROS.,2014,223
YN.SROS.,2014,224
YN.SROS.,2014,225
YN.SROS.,2014,226
YN.SROS.,2014,244
YN.SROS.,2014,245
YN.SROS.,2014,246
YN.SROS.,2014,247
YN.SROS.,2014,248
YN.SROS.,2015,55
YN.SROS.,2015,95
YN.SROS.,2015,96
YN.SROS.,2015,97
YN.SROS.,2015,98
YN.SROS.,2015,99
YN.SROS.,2015,100
YN.SROS.,2015,101
YN.SROS.,2015,102
YN.SROS.,2015,335
YN.SROS.,2015,336
YN.SROS.,2015,337
YN.SROS.,2015,338
YN.SROS.,2015,339
YN.SROS.,2015,340
YN.SROS.,2015,341
YN.SROS.,2015,342
YN.SROS.,2015,343
YN.SROS.,2016,153
YN.SROS.,2016,154
YN.SROS.,2017,4
YN.SROS.,2017,5
YN.SROS.,2017,6
YN.SROS.,2017,7
YN.SROS.,2017,8
YN.SROS.,2017,9
YN.SROS.,2017,10
YN.SROS.,2017,11
YN.SROS.,2017,12
YN.SROS.,2018,274
YN.SROS.,2018,275
YN.SROS.,2020,89
YN.SROS.,2020,90
YN.SROS.,2020,91
YN.SROS.,2020,92
YN.SROS.,2020,93
YN.SROS.,2020,94
YN.SROS.,2020,95
YN.TFRD.,2013,105
YN.TFRD.,2013,106
YN.TFRD.,2013,107
YN.TFRD.,2013,108
YN.TFRD.,2013,109
YN.TFRD.,2013,110
YN.TFRD.,2013,111
YN.TFRD.,2014,305
YN.TFRD.,2014,306
YN.TFRD.,2014,307
YN.TFRD.,2016,350
YN.TFRD.,2016,351
YN.TFRD.,2016,352
YN.TFRD.,2016,353
YN.TFRD.,2016,354
YN.TFRD.,2016,355
YN.TFRD.,2016,356
YN.TFRD.,2016,357
YN.TR01.,2013,105
YN.TR01.,2013,106
YN.TR01.,2013,107
YN.TR01.,2013,108
YN.TR01.,2013,109
YN.TR01.,2013,110
YN.TR01.,2013,111
YN.TR01.,2014,305
YN.TR01.,2014,306
YN.TR01.,2014,307
YN.TR01.,2016,350
YN.TR01.,2016,351
YN.TR01.,2016,352
YN.TR01.,2016,353
YN.TR01.,2016,354
YN.TR01.,2016,355
YN.TR01.,2016,356
YN.TR01.,2016,357
YN.TR02.,2013,105
YN.TR02.,2013,106
YN.TR02.,2013,107
YN.TR02.,2013,108
YN.TR02.,2013,109
YN.TR02.,2013,110
YN.TR02.,2013,111
YN.TR02.,2014,305
YN.TR02.,2014,306
YN.TR02.,2014,307
YN.TR02.,2016,350
YN.TR02.,2016,351
YN.TR02.,2016,352
YN.TR02.,2016,353
YN.TR02.,2016,354
YN.TR02.,2016,355
YN.TR02.,2016,356
YN.TR02.,2016,357
YN.TR03.,2013,105
YN.TR03.,2013,106
YN.TR03.,2013,107
YN.TR03.,2013,108
YN.TR03.,2013,109
YN.TR03.,2013,110
YN.TR03.,2013,111
YN.TR03.,2014,305
YN.TR03.,2014,306
YN.TR03.,2014,307
YN.TR03.,2016,350
YN.TR03.,2016,351
YN.TR03.,2016,352
YN.TR03.,2016,353
YN.TR03.,2016,354
YN.TR03.,2016,355
YN.TR03.,2016,356
YN.TR03.,2016,357
YN.TR04.,2013,105
YN.TR04.,2013,106
YN.TR04.,2013,107
YN.TR04.,2013,108
YN.TR04.,2013,109
YN.TR04.,2013,110
YN.TR04.,2014,305
YN.TR04.,2014,306
YN.TR04.,2014,307
YN.TR04.,2016,350
YN.TR04.,2016,351
YN.TR04.,2016,352
YN.TR04.,2016,353
YN.TR04.,2016,354
YN.TR04.,2016,355
YN.TR04.,2016,356
YN.TR04.,2016,357
YN.WRDG.,2013,105
YN.WRDG.,2013,106
YN.WRDG.,2013,107
YN.WRDG.,2013,108
YN.WRDG.,2013,109
YN.WRDG.,2013,110
YN.WRDG.,2014,300
YN.WRDG.,2014,301
YN.WRDG.,2014,302
YN.WRDG.,2014,303
YN.WRDG.,2014,304
YN.WRDG.,2014,305
YN.WRDG.,2014,306
YN.WRDG.,2014,307
YN.WRDG.,2014,308
YO.A04.,2014,213
YO.A04.,2014,305
YO.A04.,2014,306
YO.A04.,2014,307
YO.A04.,2014,308
YO.A04.,2014,309
YO.A04.,2014,360
YO.A04.,2014,361
YO.A04.,2014,362
YO.A04.,2014,363
YO.A05B.,2014,213
YO.A05B.,2014,305
YO.A05B.,2014,306
YO.A05B.,2014,307
YO.A05B.,2014,308
YO.A05B.,2014,309
YO.A05B.,2014,360
YO.A05B.,2014,361
YO.A05B.,2014,362
YO.A05B.,2014,363
YO.A06B.,2014,213
YO.A06B.,2014,305
YO.A06B.,2014,306
YO.A06B.,2014,307
YO.A06B.,2014,308
YO.A06B.,2014,309
YO.A06B.,2014,360
YO.A06B.,2014,361
YO.A06B.,2014,362
YO.A06B.,2014,363
YO.B01.,2014,200
YO.B01.,2014,201
YO.B01.,2014,208
YO.B01.,2014,213
YO.B01.,2014,305
YO.B01.,2014,306
YO.B01.,2014,307
YO.B01.,2014,308
YO.B01.,2014,309
YO.B01.,2014,312
YO.B01.,2014,313
YO.B01.,2014,360
YO.B01.,2014,361
YO.B01.,2014,362
YO.B01.,2014,363
YO.B02B.,2014,305
YO.B02B.,2014,306
YO.B02B.,2014,307
YO.B02B.,2014,308
YO.B02B.,2014,309
YO.B02B.,2014,360
YO.B02B.,2014,361
YO.B02B.,2014,362
YO.B05B.,2014,305
YO.B05B.,2014,306
YO.B05B.,2014,307
YO.B05B.,2014,308
YO.B05B.,2014,309
YO.B05B.,2014,360
YO.B05B.,2014,361
YO.B05B.,2014,362
YO.B06.,2014,305
YO.B06.,2014,306
YO.B06.,2014,307
YO.B06.,2014,308
YO.B06.,2014,309
YO.B06.,2014,360
YO.B06.,2014,361
YO.B06.,2014,362
YO.C01.,2014,305
YO.C01.,2014,306
YO.C01.,2014,307
YO.C01.,2014,308
YO.C01.,2014,309
YO.C01.,2014,360
YO.C01.,2014,361
YO.C01.,2014,362
YO.C03.,2014,305
YO.C03.,2014,306
YO.C03.,2014,307
YO.C03.,2014,308
YO.C03.,2014,309
YO.C03.,2014,360
YO.C03.,2014,361
YO.C03.,2014,362
YO.C04.,2014,305
YO.C04.,2014,306
YO.C04.,2014,307
YO.C04.,2014,308
YO.C04.,2014,309
YO.C04.,2014,360
YO.C04.,2014,361
YO.C04.,2014,362
YO.C06.,2014,305
YO.C06.,2014,306
YO.C06.,2014,307
YO.C06.,2014,308
YO.C06.,2014,309
YO.C06.,2014,360
YO.C06.,2014,361
YO.C06.,2014,362
YO.CHPH.,2014,305
YO.CHPH.,2014,306
YO.CHPH.,2014,307
YO.CHPH.,2014,308
YO.CHPH.,2014,309
YO.CHPH.,2014,360
YO.CHPH.,2014,361
YO.CHPH.,2014,362
YO.D01.,2014,160
YO.D01.,2014,161
YO.D01.,2014,162
YO.D01.,2014,163
YO.D01.,2014,164
YO.D02B.,2014,160
YO.D02B.,2014,161
YO.D02B.,2014,162
YO.D02B.,2014,163
YO.D02B.,2014,164
YO.D03.,2014,160
YO.D03.,2014,161
YO.D03.,2014,162
YO.D03.,2014,163
YO.D03.,2014,164
YO.D04.,2014,160
YO.D04.,2014,161
YO.D04.,2014,162
YO.D04.,2014,163
YO.D04.,2014,164
YO.D05B.,2014,160
YO.D05B.,2014,161
YO.D05B.,2014,162
YO.D05B.,2014,163
YO.D05B.,2014,164
YO.D06.,2014,160
YO.D06.,2014,161
YO.D06.,2014,162
YO.D06.,2014,163
YO.D06.,2014,164
YO.ECHS.,2014,160
YO.ECHS.,2014,161
YO.ECHS.,2014,162
YO.ECHS.,2014,163
YO.ECHS.,2014,164
YO.FFMS.,2014,160
YO.FFMS.,2014,161
YO.FFMS.,2014,162
YO.FFMS.,2014,163
YO.FFMS.,2014,164
YO.X02.,2014,244
YO.X02.,2014,245
YO.X02.,2014,246
YO.X02.,2014,247
YO.X02.,2014,248
YO.X02.,2014,340
YO.X02.,2014,341
YO.X02.,2014,342
YO.X02.,2014,343
YO.X02.,2014,344
YO.X02.,2014,360
YO.X02.,2014,361
YO.X02.,2014,362
YO.X02.,2014,363
YO.X02.,2014,364
YO.X03.,2014,244
YO.X03.,2014,245
YO.X03.,2014,246
YO.X03.,2014,247
YO.X03.,2014,248
YO.X03.,2014,340
YO.X03.,2014,341
YO.X03.,2014,342
YO.X03.,2014,343
YO.X03.,2014,344
YO.X03.,2014,360
YO.X03.,2014,361
YO.X03.,2014,362
YO.X03.,2014,363
YO.X03.,2014,364
YO.X04.,2014,244
YO.X04.,2014,245
YO.X04.,2014,246
YO.X04.,2014,247
YO.X04.,2014,248
YO.X04.,2014,340
YO.X04.,2014,341
YO.X04.,2014,342
YO.X04.,2014,343
YO.X04.,2014,344
YO.X04.,2014,360
YO.X04.,2014,361
YO.X04.,2014,362
YO.X04.,2014,363
YO.X04.,2014,364
YO.X05.,2014,244
YO.X05.,2014,245
YO.X05.,2014,246
YO.X05.,2014,247
YO.X05.,2014,248
YO.X05.,2014,340
YO.X05.,2014,341
YO.X05.,2014,342
YO.X05.,2014,343
YO.X05.,2014,344
YO.X05.,2014,360
YO.X05.,2014,361
YO.X05.,2014,362
YO.X05.,2014,363
YO.X05.,2014,364
YO.X06.,2014,244
YO.X06.,2014,245
YO.X06.,2014,246
YO.X06.,2014,247
YO.X06.,2014,248
YO.X06.,2014,340
YO.X06.,2014,341
YO.X06.,2014,342
YO.X06.,2014,343
YO.X06.,2014,360
YO.X06.,2014,361
YO.X06.,2014,362
YO.X06.,2014,363
YO.X07.,2014,244
YO.X07.,2014,245
YO.X07.,2014,246
YO.X07.,2014,247
YO.X07.,2014,248
YO.X07.,2014,340
YO.X07.,2014,341
YO.X07.,2014,342
YO.X07.,2014,343
YO.X07.,2014,360
YO.X07.,2014,361
YO.X07.,2014,362
YO.X07.,2014,363
YO.X08.,2014,244
YO.X08.,2014,245
YO.X08.,2014,246
YO.X08.,2014,247
YO.X08.,2014,248
YO.X08.,2014,340
YO.X08.,2014,341
YO.X08.,2014,342
YO.X08.,2014,343
YO.X08.,2014,360
YO.X08.,2014,361
YO.X08.,2014,362
YO.X08.,2014,363
YO.X09.,2014,244
YO.X09.,2014,245
YO.X09.,2014,246
YO.X09.,2014,247
YO.X09.,2014,248
YO.X09.,2014,340
YO.X09.,2014,341
YO.X09.,2014,342
YO.X09.,2014,343
YO.X09.,2014,360
YO.X09.,2014,361
YO.X09.,2014,362
YO.X09.,2014,363
YO.X10.,2014,244
YO.X10.,2014,245
YO.X10.,2014,246
YO.X10.,2014,247
YO.X10.,2014,340
YO.X10.,2014,341
YO.X10.,2014,342
YO.X10.,2014,343
YO.X10.,2014,360
YO.X10.,2014,361
YO.X10.,2014,362
YO.X10.,2014,363
YS.ALRB.,2015,355
YS.ALRB.,2015,356
YS.ALRB.,2015,357
YS.BAOP.,2015,355
YS.BAOP.,2015,356
YS.BAOP.,2015,357
YS.BKOR.,2015,355
YS.BKOR.,2015,356
YS.BKOR.,2015,357
YS.BULE.,2015,355
YS.BULE.,2015,356
YS.BULE.,2015,357
YS.BULE.,2015,358
YS.BULE.,2015,359
YS.BULE.,2015,360
YS.BULE.,2015,361
YS.BULE.,2015,362
YS.BULE.,2015,363
YS.ENDE.,2015,355
YS.ENDE.,2015,356
YS.ENDE.,2015,357
YS.GREG.,2015,355
YS.GREG.,2015,356
YS.GREG.,2015,357
YS.HADA.,2015,355
YS.HADA.,2015,356
YS.HADA.,2015,357
YS.IRR1.,2011,1
YS.IRR1.,2011,2
YS.IRR1.,2011,3
YS.IRR1.,2011,4
YS.IRR1.,2011,5
YS.IRR1.,2011,6
YS.IRR1.,2011,7
YS.IRR2.,2011,1
YS.IRR2.,2011,2
YS.IRR2.,2011,3
YS.IRR2.,2011,4
YS.IRR2.,2011,5
YS.IRR2.,2011,6
YS.IRR2.,2011,7
YS.ISLE.,2010,361
YS.ISLE.,2010,362
YS.ISLE.,2010,363
YS.ISLE.,2010,364
YS.ISLE.,2010,365
YS.ISLE.,2011,1
YS.ISLE.,2011,2
YS.ISLE.,2011,3
YS.ISLE.,2011,4
YS.ISLE.,2011,5
YS.ISLE.,2011,6
YS.ISLE.,2011,7
YS.ISLG.,2010,361
YS.ISLG.,2010,362
YS.ISLG.,2010,363
YS.ISLG.,2010,364
YS.ISLG.,2010,365
YS.ISLG.,2011,1
YS.ISLG.,2011,2
YS.ISLG.,2011,3
YS.ISLG.,2011,4
YS.ISLG.,2011,5
YS.ISLG.,2011,6
YS.ISLG.,2011,7
YS.ISLI.,2010,361
YS.ISLI.,2010,362
YS.ISLI.,2010,363
YS.ISLI.,2010,364
YS.ISLI.,2010,365
YS.ISLI.,2011,1
YS.ISLI.,2011,2
YS.ISLI.,2011,3
YS.ISLI.,2011,4
YS.ISLI.,2011,5
YS.ISLI.,2011,6
YS.ISLI.,2011,7
YS.ISLW.,2010,361
YS.ISLW.,2010,362
YS.ISLW.,2010,363
YS.ISLW.,2010,364
YS.ISLW.,2010,365
YS.ISLW.,2011,1
YS.ISLW.,2011,2
YS.ISLW.,2011,3
YS.ISLW.,2011,4
YS.ISLW.,2011,5
YS.ISLW.,2011,6
YS.ISLW.,2011,7
YS.KPAR.,2015,355
YS.KPAR.,2015,356
YS.KPAR.,2015,357
YS.LEGO.,2015,355
YS.LEGO.,2015,356
YS.LEGO.,2015,357
YS.LMBR.,2015,355
YS.LMBR.,2015,356
YS.LMBR.,2015,357
YS.MALK.,2015,355
YS.MALK.,2015,356
YS.MALK.,2015,357
YS.MELO.,2015,355
YS.MELO.,2015,356
YS.MELO.,2015,357
YS.MTNG.,2015,355
YS.MTNG.,2015,356
YS.MTNG.,2015,357
YS.NAPU.,2015,355
YS.NAPU.,2015,356
YS.NOMU.,2015,355
YS.NOMU.,2015,356
YS.OGAZ.,2011,1
YS.OGAZ.,2011,2
YS.OGAZ.,2011,3
YS.OGAZ.,2011,4
YS.OGAZ.,2011,5
YS.OGAZ.,2011,6
YS.OGAZ.,2011,7
YS.OGCM.,2011,1
YS.OGCM.,2011,2
YS.OGCM.,2011,3
YS.OGCM.,2011,4
YS.OGCM.,2011,5
YS.OGCM.,2011,6
YS.OGEE.,2011,1
YS.OGEE.,2011,2
YS.OGEE.,2011,3
YS.OGEE.,2011,4
YS.OGEE.,2011,5
YS.OGEE.,2011,6
YS.OGRE.,2011,1
YS.OGRE.,2011,2
YS.OGRE.,2011,3
YS.OGRE.,2011,4
YS.OGRE.,2011,5
YS.OGRE.,2011,6
YS.OLC1.,2011,1
YS.OLC1.,2011,2
YS.OLC1.,2011,3
YS.OLC1.,2011,4
YS.OLC1.,2011,5
YS.OLC1.,2011,6
YS.OLC3.,2010,152
YS.OLC3.,2010,153
YS.OLC3.,2010,154
YS.OLC4.,2010,152
YS.OLC4.,2010,153
YS.OLCE.,2010,152
YS.OLCE.,2010,153
YS.TL02.,2016,350
YS.TL02.,2016,351
YS.TL02.,2016,352
YS.TL02.,2016,353
YS.TL02.,2016,354
YS.TL03.,2016,350
YS.TL03.,2016,351
YS.TL03.,2016,352
YS.TL03.,2016,353
YS.TL03.,2016,354
YS.TL04.,2016,350
YS.TL04.,2016,351
YS.TL04.,2016,352
YS.TL04.,2016,353
YS.TL04.,2016,354
YS.TL05.,2016,350
YS.TL05.,2016,351
YS.TL05.,2016,352
YS.TL05.,2016,353
YS.TL05.,2016,354
YS.TL06.,2016,350
YS.TL06.,2016,351
YS.TL06.,2016,352
YS.TL06.,2016,353
YS.TL06.,2016,354
YS.TL07.,2016,350
YS.TL07.,2016,351
YS.TL07.,2016,352
YS.TL07.,2016,353
YS.TL07.,2016,354
YS.TL08.,2016,350
YS.TL08.,2016,351
YS.TL08.,2016,352
YS.TL08.,2016,353
YS.TL08.,2016,354
YS.TL1B.,2016,350
YS.TL1B.,2016,351
YS.TL1B.,2016,352
YS.TL1B.,2016,353
YS.TL1B.,2016,354
Z5.HOIM.,2022,358
Z5.HOIM.,2022,359
Z5.HOIM.,2022,360
Z5.HOIM.,2023,353
Z5.HOIM.,2023,354
Z5.HOIM.,2023,355
Z5.KAGD.,2022,358
Z5.KAGD.,2022,359
Z5.KAGD.,2022,360
Z5.KAGD.,2023,353
Z5.KAGD.,2023,354
Z5.KAGD.,2023,355
Z5.KOBK.,2022,358
Z5.KOBK.,2022,359
Z5.KOBK.,2022,360
Z5.KOBK.,2023,353
Z5.KOBK.,2023,354
Z5.KOBK.,2023,355
Z5.KSSE.,2022,358
Z5.KSSE.,2022,359
Z5.KSSE.,2022,360
Z5.KSSE.,2023,353
Z5.KSSE.,2023,354
Z5.KSSE.,2023,355
Z5.LAMW.,2022,358
Z5.LAMW.,2022,359
Z5.LAMW.,2022,360
Z5.LAMW.,2023,353
Z5.LAMW.,2023,354
Z5.LAMW.,2023,355
Z5.MASD.,2022,358
Z5.MASD.,2022,359
Z5.MASD.,2022,360
Z5.MASD.,2023,353
Z5.MASD.,2023,354
Z5.MASD.,2023,355
Z5.MUNI.,2022,358
Z5.MUNI.,2022,359
Z5.MUNI.,2022,360
Z5.MUNI.,2023,353
Z5.MUNI.,2023,354
Z5.MUNI.,2023,355
Z5.NAKA.,2022,358
Z5.NAKA.,2022,359
Z5.NAKA.,2022,360
Z5.NAKA.,2023,353
Z5.NAKA.,2023,354
Z5.NAKA.,2023,355
Z5.NTGM.,2022,358
Z5.NTGM.,2022,359
Z5.NTGM.,2023,353
Z5.NTGM.,2023,354
Z5.NTGM.,2023,355
Z5.NTRK.,2022,358
Z5.NTRK.,2022,359
Z5.NTRK.,2023,353
Z5.NTRK.,2023,354
Z5.PAKW.,2022,358
Z5.PAKW.,2022,359
Z5.PAKW.,2023,353
Z5.PAKW.,2023,354
Z5.PAKW.,2023,359
Z5.PAKW.,2023,360
Z5.PAKW.,2023,361
Z5.PAKW.,2023,362
Z5.PAKW.,2023,363
Z5.PALR.,2022,358
Z5.PALR.,2022,359
Z5.PALR.,2023,353
Z5.PALR.,2023,354
Z5.RBDA.,2022,358
Z5.RBDA.,2022,359
Z5.RBDA.,2023,353
Z5.RBDA.,2023,354
Z5.RUBZ.,2022,358
Z5.RUBZ.,2022,359
Z5.RUBZ.,2023,353
Z5.RUBZ.,2023,354
Z5.RUGR.,2022,358
Z5.RUGR.,2022,359
Z5.RUGR.,2023,353
Z5.RUGR.,2023,354
Z5.ZOMB.,2022,358
Z5.ZOMB.,2022,359
Z5.ZOMB.,2023,353
Z5.ZOMB.,2023,354
Z6.BAGH.,2012,351
Z6.BAGH.,2012,352
Z6.BAGH.,2012,353
Z6.BAGH.,2012,354
Z6.BAGH.,2012,355
Z6.BAGH.,2012,356
Z6.BARK.,2012,351
Z6.BARK.,2012,352
Z6.BARK.,2012,353
Z6.BARK.,2012,354
Z6.BARK.,2012,355
Z6.BARK.,2012,356
Z6.BARK.,2012,357
Z6.BARK.,2012,358
Z6.BARK.,2012,359
Z6.BARK.,2012,360
Z6.BARK.,2012,361
Z6.BARK.,2012,362
Z6.BARK.,2014,305
Z6.BARK.,2014,306
Z6.BARK.,2014,307
Z6.BRDL.,2012,351
Z6.BRDL.,2012,352
Z6.BRDL.,2012,353
Z6.BRDL.,2012,354
Z6.BRDL.,2012,355
Z6.BRDL.,2012,356
Z6.BRDL.,2014,305
Z6.BRDL.,2014,306
Z6.BRDL.,2014,307
Z6.BRDL.,2014,308
Z6.BRDL.,2014,309
Z6.BRDL.,2014,310
Z6.CHAD.,2012,351
Z6.CHAD.,2012,352
Z6.CHAD.,2012,353
Z6.CHAD.,2012,354
Z6.CHAD.,2012,355
Z6.CHAD.,2012,356
Z6.CHAD.,2012,357
Z6.CHAD.,2012,358
Z6.CHAD.,2012,359
Z6.CHAD.,2012,360
Z6.CHAD.,2012,361
Z6.CHAD.,2012,362
Z6.CHNR.,2012,351
Z6.CHNR.,2012,352
Z6.CHNR.,2012,353
Z6.CHNR.,2012,354
Z6.CHNR.,2012,355
Z6.CHNR.,2012,356
Z6.CHNR.,2012,357
Z6.CHNR.,2012,360
Z6.JAFL.,2012,351
Z6.JAFL.,2012,352
Z6.JAFL.,2012,353
Z6.JAFL.,2012,354
Z6.JAFL.,2012,355
Z6.JAFL.,2012,356
Z6.JAML.,2012,351
Z6.JAML.,2012,352
Z6.JAML.,2012,353
Z6.JAML.,2012,354
Z6.JAML.,2012,355
Z6.JAML.,2012,356
Z6.JAML.,2012,357
Z6.JAML.,2012,358
Z6.JAML.,2012,359
Z6.JAML.,2012,360
Z6.JAML.,2012,361
Z6.JAML.,2012,362
Z6.JURI.,2012,351
Z6.JURI.,2012,352
Z6.JURI.,2012,353
Z6.JURI.,2012,354
Z6.JURI.,2012,355
Z6.JURI.,2012,356
Z6.JURI.,2014,305
Z6.JURI.,2014,306
Z6.JURI.,2014,307
Z6.JURI.,2014,308
Z6.JURI.,2014,309
Z6.JURI.,2014,310
Z6.LAMA.,2012,351
Z6.LAMA.,2012,352
Z6.LAMA.,2012,353
Z6.LAMA.,2012,354
Z6.LAMA.,2012,355
Z6.LAMA.,2012,356
Z6.LAMA.,2012,357
Z6.LAMA.,2012,358
Z6.LAMA.,2012,359
Z6.LAMA.,2012,360
Z6.LAMA.,2012,361
Z6.LAMA.,2012,362
Z6.MANK.,2012,351
Z6.MANK.,2012,352
Z6.MANK.,2012,353
Z6.MANK.,2012,354
Z6.MANK.,2012,355
Z6.MANK.,2012,356
Z6.MANK.,2014,305
Z6.MANK.,2014,306
Z6.MANK.,2014,307
Z6.MANK.,2014,308
Z6.MANK.,2014,309
Z6.MPUR.,2012,351
Z6.MPUR.,2012,352
Z6.MPUR.,2012,353
Z6.MPUR.,2012,354
Z6.MPUR.,2012,355
